time_ns,Q_total,Q_electron,Q_hole,Q_no_trapping
0.0,0.0,6.221009705362003e-12,-6.221009705362003e-12,0.0
0.5,1.82055344867022e-5,9.757148993857137e-6,8.448384221069223e-6,1.820553321492636e-5
1.0,3.6419090727664915e-5,1.9519915852099207e-5,1.6899171814299962e-5,3.641908766639917e-5
1.5,5.464103309229421e-5,2.9290242956281608e-5,2.5350789190621713e-5,5.4641032146903325e-5
2.0,7.287247438445192e-5,3.906831470264679e-5,3.380415833124672e-5,7.28724730338935e-5
2.5,9.111313886512802e-5,4.8852655921255176e-5,4.226047781175087e-5,9.111313373300604e-5
3.0,0.00010955137878746424,5.864409639519777e-5,5.090727861070291e-5,0.00010955137500590068
3.5,0.0001291792580908519,6.844383470005049e-5,6.073541393689249e-5,0.00012917924863694298
4.0,0.0001488167601229561,7.825117934990416e-5,7.056557762174897e-5,0.00014881675697165313
4.5,0.0001684639524116977,8.80670984250316e-5,8.039684768406016e-5,0.00016846394610909178
5.0,0.00018812216300618612,9.789071604328123e-5,9.023143687873539e-5,0.00018812215292201661
5.5,0.00020779084042840134,0.00010772240099713792,0.00010006842322456243,0.00020779082422170035
6.0,0.00022747097508784867,0.00011756316746593512,0.00010990780672154127,0.0002274709741874764
6.5,0.00024716200425185466,0.00012741213956752123,0.00011974986396403562,0.0002471620035315568
7.0,0.0002668651209136871,0.0001372704236793509,0.00012959468715016665,0.0002668651108295176
7.5,0.00028657985237790016,0.00014713755881081805,0.0001394422762799344,0.00028657983509075243
8.0,0.0003063048931046915,0.00015701336056568021,0.00014929152497588418,0.00030630488554156437
8.5,0.0003260439571297061,0.00016689911971763452,0.00015914483038916778,0.0003260439501068023
9.0,0.0003457933079079919,0.00017679202422398366,0.000169001270538573,0.00034579329476255665
9.5,0.0003655544085445001,0.00018669253507533373,0.00017886185960343327,0.00036555439467876697
10.0,0.0003853271464926959,0.0001966025423331698,0.00018872456922508168,0.0003853271115582515
10.5,0.00040511219703178754,0.0002065202942331887,0.00019859188875279127,0.00040511218298598
11.0,0.0004249102579502901,0.00021644874111526952,0.00020846151323353145,0.000424910254348801
11.5,0.0004447243454953335,0.00022638866666344269,0.0002183356554222116,0.0004447243220856543
12.0,0.00046455545007642303,0.0002363421453354357,0.00022821330113949822,0.0004645554464749339
12.5,0.00048440195102345907,0.0002463073792678847,0.00023809454258351257,0.0004844019218513973
13.0,0.000504265604062383,0.0002562847372532746,0.00024798085492419423,0.0005042655921774689
13.5,0.000524145103653392,0.00026627431148972664,0.0002578707629916036,0.0005241450744813302
14.0,0.0005440384689774758,0.0002762736126279678,0.000267764819974468,0.0005440384326024358
14.5,0.0005639503369518638,0.0002862853605125741,0.0002776649620333332,0.0005639503225459073
15.0,0.000583875080249821,0.00029630812607266664,0.0002875669480546228,0.0005838750741272895
15.5,0.0006038181011050129,0.000306342785190397,0.0002974752957462769,0.0006038180809366739
16.0,0.0006237789943499148,0.00031639025984697743,0.00030738871433459833,0.0006237789741815758
16.5,0.0006437546987187827,0.0003264492131696502,0.0003173054520552837,0.0006437546652249339
17.0,0.000663748050384291,0.0003365204749415063,0.0003272275372670001,0.0006637480122085064
17.5,0.0006837596796070341,0.00034660422955878824,0.00033715543096035356,0.0006837596605191418
18.0,0.0007037875155307735,0.00035669983163464736,0.0003470876579654046,0.0007037874896000519
18.5,0.000723835384737689,0.00036680894073526577,0.0003570264310370624,0.0007238353717723281
19.0,0.0007439004060364922,0.00037693026608694624,0.0003669700906091451,0.0007439003566960914
19.5,0.000763984875376491,0.00038706551335493156,0.00037691928206850123,0.0007639847954234327
20.0,0.0007840862266966943,0.00039721306907210014,0.00038687317563203976,0.0007840861986050794
20.5,0.0008042088268026484,0.00040737491549805845,0.0003968338918565488,0.0008042088073546073
21.0,0.0008243498845402928,0.00041755022284971534,0.0004067996789777252,0.0008243498557283799
21.5,0.0008445127312870544,0.0004277401436035862,0.00041677247315611454,0.0008445126628587613
22.0,0.000864693045256001,0.0004379429259953677,0.0004267500616368075,0.0008646929876321752
22.5,0.0008848941578245595,0.00044816055228466626,0.0004367335507972588,0.0008848941491809856
23.0,0.0009051163391044132,0.00045839309162007267,0.0004467232172318321,0.000905116331901435
23.5,0.0009253590488721957,0.00046863902273258683,0.0004567199829217395,0.0009253589826047961
24.0,0.0009456212066811737,0.00047889926760342095,0.0004667219117064355,0.0009456211793098565
24.5,0.0009659063239832299,0.0004891748865109691,0.00047673130853895067,0.0009659062411489803
25.0,0.0009862132302944034,0.000499465257117913,0.0004867478968249212,0.0009862131539428343
25.5,0.0010065420156519218,0.0005097712092073437,0.0004967707545831349,0.0010065420098895393
26.0,0.0010268921398324188,0.0005200921665410035,0.0005067998818135919,0.0010268920714041258
26.5,0.0010472657637293605,0.0005304289819515139,0.0005168367536862316,0.0010472657356377455
27.0,0.0010676622570821525,0.0005407810792006169,0.0005268810936066904,0.0010676621728073073
27.5,0.0010880799992206954,0.0005511493802695251,0.0005369305044238165,0.001088079907742872
28.0,0.0011085214211501383,0.0005615332167218594,0.0005469881208737316,0.001108521337595591
28.5,0.0011289857125354318,0.0005719326346566805,0.0005570530209752232,0.0011289856325823735
29.0,0.0011494754844561805,0.000582348740451443,0.0005671266798982312,0.001149475466448735
29.5,0.0011699884859816905,0.000592781603254738,0.0005772068848878461,0.0011699884420435234
30.0,0.001190524447000279,0.0006032306237787774,0.0005872937281421889,0.0011905243749704966
30.5,0.0012110861586660056,0.0006136966548561825,0.0005973895146142906,0.0012110861233714124
31.0,0.0012316729006810491,0.0006241799500317867,0.0006074928613323324,0.0012316728574631797
31.5,0.0012522837726731315,0.0006346805784541809,0.0006176031229094661,0.0012522837474627077
32.0,0.0012729200351634415,0.0006451978371126909,0.0006277221433081161,0.001272919991945572
32.5,0.0012935803375935626,0.0006557326479885288,0.0006378476175752517,0.001293580300138076
33.0,0.0013142670209314168,0.000666284503992028,0.000647982496050752,0.0013142669769932497
33.5,0.0013349802652514594,0.0006768550646893703,0.0006581251191684352,0.0013349802069073358
34.0,0.001355719440293096,0.0006874437307927679,0.0006682755791264223,0.0013557193444934856
34.5,0.001376485536465832,0.0006980496379448343,0.0006784359042833804,0.001376485496129154
35.0,0.001397277293248479,0.0007086740077706758,0.0006886031442994302,0.0013972771866444015
35.5,0.0014180966914600476,0.000719316748072171,0.0006987798807219661,0.0014180966287941372
36.0,0.0014389423805421212,0.0007299782045922746,0.0007089641773904424,0.0014389423474084214
36.5,0.0014602830042651773,0.0007406583485190737,0.000719624585156917,0.0014602828933393127
37.0,0.0014825474999822519,0.0007513566093766932,0.0007311908394644133,0.0014825474488411065
37.5,0.0015048419780961696,0.0007620746870679933,0.000742767235565244,0.0015048418765341767
38.0,0.0015271664386069307,0.0007728111467597122,0.000754355248629349,0.0015271663608147658
38.5,0.0015495196209933462,0.0007835686276230703,0.0007659510063356368,0.0015495196109091768
39.0,0.0015719019754415553,0.0007943447814871673,0.0007775570902315016,0.0015719018112136517
39.5,0.0015943106207602694,0.0008051370167204395,0.0007891735003169435,0.0015943105645770392
40.0,0.0016167396144924568,0.0008159393303608381,0.0008008002365919623,0.001616739601527096
40.5,0.0016374407938239798,0.0008250021751744696,0.0008124384054340129,0.0016374406612891805
41.0,0.0016490894502023195,0.0008250021751744696,0.0008240870848618831,0.0016490893407170506
41.5,0.0016607481907501681,0.0008250021751744696,0.0008357459060830877,0.0016607481619382552
42.0,0.0016724179158398031,0.0008250021751744696,0.0008474156066825968,0.0016724178625377643
42.5,0.00168409880554568,0.0008250021751744696,0.0008590965554528951,0.0016840988113080626
43.0,0.0016957914000911656,0.0008250021751744696,0.0008707891211864676,0.0016957913770416352
43.5,0.0017074949791784373,0.0008250021751744696,0.0008824925662983445,0.001707494822153512
44.0,0.001719208642435218,0.0008250021751744696,0.0008942063375997984,0.001719208593454966
44.5,0.0017309345507549735,0.0008250021751744696,0.0009059322790532538,0.0017309345349084215
45.0,0.0017426718037654265,0.0008250021751744696,0.0009176694686774986,0.0017426717245326662
45.5,0.0017544213018388546,0.0008250021751744696,0.0009294190128499873,0.0017544212687051548
46.0,0.001766179983709514,0.0008250021751744696,0.0009411775924383558,0.0017661798482935234
46.5,0.0017779519910898814,0.0008250021751744696,0.000952949632952423,0.0017779518888075907
47.0,0.0017897355232354018,0.0008250021751744696,0.000964733106033522,0.0017897353618886896
47.5,0.00180149384495715,0.0008250021751744696,0.0009764915012256481,0.0018014937570808157
48.0,0.0018131021646574546,0.0008250021751744696,0.0009880997978764224,0.00181310205373159
48.5,0.0018247200283039013,0.0008250021751744696,0.0009997176831318037,0.0018247199389869713
49.0,0.0018363467155986682,0.0008250021751744696,0.0010113444194068226,0.0018363466752619902
49.5,0.001847983126914033,0.0008250021751744696,0.0010229807442864488,0.0018479830001416164
50.0,0.0018596296223989065,0.0008250021751744696,0.0010346272109594094,0.001859629466814577
50.5,0.0018712853016810114,0.0008250021751744696,0.0010462828974444926,0.0018712851532996602
51.0,0.0018829516053559918,0.0008250021751744696,0.0010579492789116376,0.0018829515347668052
51.5,0.0018946287134983027,0.0008250021751744696,0.0010696263553608444,0.001894628611216012
52.0,0.00190631320469329,0.0008250021751744696,0.0010813108076597495,0.0019063130635149168
52.5,0.0019180104811746188,0.0008250021751744696,0.0010930081676956255,0.0019180104235507931
53.0,0.0019297158610064459,0.0008250021751744696,0.0011047134567699268,0.0019297157126250944
53.5,0.001941431505082237,0.0008250021751744696,0.0011164290720338053,0.0019414313278889729
54.0,0.001953158853997637,0.0008250021751744696,0.0011281564886572002,0.001953158744512368
54.5,0.0019648957468591786,0.0008250021751744696,0.0011398933094889602,0.0019648955653441278
55.0,0.00197664110322013,0.0008250021751744696,0.0011516387969441148,0.0019766410527992826
55.5,0.001988397624197323,0.0008250021751744696,0.0011633953481738166,0.001988397604028984
56.0,0.002000163869195114,0.0008250021751744696,0.0011751614880081255,0.002000163743863293
56.5,0.002011938577692314,0.0008250021751744696,0.0011869362944658295,0.002011938550320997
57.0,0.0020237237305079344,0.0008250021751744696,0.0011987214271131103,0.002023723682968278
57.5,0.002035518967493063,0.0008250021751744696,0.001210516701553726,0.0020355189574088935
58.0,0.0020473228480520564,0.0008250021751744696,0.001222320458221494,0.002047322714076662
58.5,0.002059136452631648,0.0008250021751744696,0.0012341341722863542,0.002059136428141522
59.0,0.002070961942125303,0.0008250021751744696,0.0012459595033144889,0.0020709617591696565
59.5,0.0020827989563841115,0.0008250021751744696,0.0012577966357021398,0.0020827988915573074
60.0,0.0020946476754825282,0.0008250021751744696,0.001269645385053065,0.0020946476409082326
60.5,0.0021065082794950087,0.0008250021751744696,0.0012815059357635069,0.0021065081916186745
61.0,0.0021183807684215534,0.0008250021751744696,0.0012933784722297078,0.0021183807280848754
61.5,0.0021302651422621622,0.0008250021751744696,0.0013052628100554253,0.002130265065910593
62.0,0.0021421619412402013,0.0008250021751744696,0.0013171595024293868,0.0021421617582845546
62.5,0.0021540700849089376,0.0008250021751744696,0.0013290678117666224,0.0021540700676217902
63.0,0.002165990653715105,0.0008250021751744696,0.0013409882912558597,0.002165990547111027
63.5,0.0021779232875097916,0.0008250021751744696,0.0013529209408970984,0.002177923196752266
64.0,0.0021898672659951754,0.0008250021751744696,0.0013648648387091262,0.0021898670945642938
64.5,0.002201822949320168,0.0008250021751744696,0.0013768205378806707,0.0022018227937358383
65.0,0.0022137906976336798,0.0008250021751744696,0.001388788407204217,0.0022137906630593845
65.5,0.002225767989893334,0.0008250021751744696,0.0014007656807361278,0.0022257679365912954
66.0,0.00223775806743933,0.0008250021751744696,0.0014127556776087674,0.002237757933463935
66.5,0.0022497607501972116,0.0008250021751744696,0.001424758397822136,0.0022497606536773036
67.0,0.00226177441749688,0.0008250021751744696,0.001436771997413809,0.002261774253268977
67.5,0.0022737992494127903,0.0008250021751744696,0.0014487968451762712,0.002273799101031439
68.0,0.0022858363263916753,0.0008250021751744696,0.0014608340474869775,0.002285836303342145
68.5,0.0022978842078378915,0.0008250021751744696,0.0014728817603835032,0.0022978840162386706
69.0,0.0023099446944959932,0.0008250021751744696,0.001484942381017,0.002309944636872168
69.5,0.0023220159856214262,0.0008250021751744696,0.001497013696632559,0.0023220159524877265
70.0,0.0023341004221821117,0.0008250021751744696,0.0015090981043813317,0.0023341003602364995
70.5,0.002346196203433495,0.0008250021751744696,0.0015211937603008935,0.0023461960161560613
71.0,0.002358304950045675,0.0008250021751744696,0.0015333025083536693,0.0023583047642088367
71.5,0.002370424861274097,0.0008250021751744696,0.0015454225045772342,0.002370424760432402
72.0,0.0023825579179377714,0.0008250021751744696,0.001557555592934013,0.0023825578487891804
72.5,0.0023947030395899656,0.0008250021751744696,0.0015697006670465506,0.0023947029229017184
73.0,0.002406858605560579,0.0008250021751744696,0.0015818562517449079,0.0024068585076000757
73.5,0.0024190276771153566,0.0008250021751744696,0.0015940252973689639,0.0024190275532241312
74.0,0.002433478111947051,0.0008250021751744696,0.0016084756933045757,0.0024334779491597433
74.5,0.002447946374149841,0.0008250021751744696,0.001622943975675705,0.0024479462315308725
75.0,0.0024624319235003606,0.0008250021751744696,0.001637429591293624,0.0024624318471487914
75.5,0.002476932419030688,0.0008250021751744696,0.001651929958610939,0.0024769322144661066
76.0,0.0024914503817832,0.0008250021751744696,0.0016664480279675287,0.0024914502838226963
76.5,0.002505984731311164,0.0008250021751744696,0.0016809823241934541,0.0025059845800486217
77.0,0.002520534387167847,0.0008250021751744696,0.0016955319253075024,0.00252053418116267
77.5,0.0025350993493532484,0.0008250021751744696,0.0017100970157059162,0.002535099271561084
78.0,0.002549682499058657,0.0008250021751744696,0.00172468017693609,0.0025496824327912574
78.5,0.0025642813152416954,0.0008250021751744696,0.0017392790118468716,0.002564281267702039
79.0,0.0025788943573067193,0.0008250021751744696,0.0017538920452683218,0.0025788943011234894
79.5,0.0025935248665939284,0.0008250021751744696,0.0017685224119365621,0.0025935246677917297
80.0,0.0026081721228055003,0.0008250021751744696,0.0017831697430591073,0.002608171998914275
80.5,0.0026228348654202464,0.0008250021751744696,0.0017978325634660183,0.0026228348193211857
81.0,0.0026375150752571772,0.0008250021751744696,0.0018125127171197191,0.0026375149729748865
81.5,0.002652211311720649,0.0008250021751744696,0.001827208913246513,0.0026522111691016804
82.0,0.002666923934959573,0.0008250021751744696,0.0018419215206388845,0.002666923776494052
82.5,0.002681653125048404,0.0008250021751744696,0.0018566507236930764,0.002681652979548244
83.0,0.002696397981614865,0.0008250021751744696,0.0018713956004278763,0.0026963978562830437
83.5,0.0027111595851056886,0.0008250021751744696,0.0018861572572207387,0.0027111595130759063
84.0,0.002725937575371964,0.0008250021751744696,0.0019009351408829367,0.002725937396738104
84.5,0.002740731772339236,0.0008250021751744696,0.0019157294358107123,0.00274073169166588
85.0,0.0027555439767520595,0.0008250021751744696,0.0019305416171740055,0.002755543873029173
85.5,0.0027703722077914235,0.0008250021751744696,0.0019453698410103913,0.002770372096865559
86.0,0.002785216645531784,0.0008250021751744696,0.0019602142917161127,0.00278521654757128
86.5,0.002800078010270963,0.0008250021751744696,0.001975075706876139,0.0028000779627313068
87.0,0.002814955581711138,0.0008250021751744696,0.0019899531645092582,0.002814955420364426
87.5,0.002829850440299043,0.0008250021751744696,0.0020048481397854103,0.0028298503956405777
88.0,0.002844761505587944,0.0008250021751744696,0.002019759157534655,0.0028447614133898227
88.5,0.002859689497875663,0.0008250021751744696,0.002034687139738205,0.002859689395593372
89.0,0.0028744898173744225,0.0008250021751744696,0.0020494873353457386,0.0028744895912009064
89.5,0.002889111863162222,0.0008250021751744696,0.0020641094041830687,0.0028891116600382365
90.0,0.0029037497555021072,0.0008250021751744696,0.002078747331097249,0.002903749586952417
90.5,0.0029184013335006114,0.0008250021751744696,0.002093398903333371,0.0029184011591885384
91.0,0.0029330656967854573,0.0008250021751744696,0.0021080633833064637,0.0029330656391616315
91.5,0.0029477464468457546,0.0008250021751744696,0.002122744090148892,0.00294774634600406
92.0,0.0029624405224157606,0.0008250021751744696,0.0021374380735207765,0.0029624403293759443
92.5,0.0029771486437932962,0.0008250021751744696,0.0021521462554033293,0.002977148511258497
93.0,0.00299187171135064,0.0008250021751744696,0.0021668693733815207,0.002991871629236688
93.5,0.0030066088247155134,0.0008250021751744696,0.0021816065054741374,0.003006608761329305
94.0,0.003021361244409106,0.0008250021751744696,0.002196358942454878,0.0030213611983100452
94.5,0.0030361280700591394,0.0008250021751744696,0.0022111255779462863,0.003036127833801454
95.0,0.003050908581367792,0.0008250021751744696,0.0022259060431558783,0.003050908299011046
95.5,0.0030657038587817973,0.0008250021751744696,0.002240701444461109,0.0030657037003162762
96.0,0.0030805131820033325,0.0008250021751744696,0.002255510675484523,0.0030805129313396904
96.5,0.0030953372713302197,0.0008250021751744696,0.0022703352113960596,0.0030953372828549847
97.0,0.003110175046315726,0.0008250021751744696,0.0022851728394408105,0.0031101749108997357
97.5,0.003125029028002229,0.0008250021751744696,0.0023000266943548967,0.003125028765813822
98.0,0.00313989633519844,0.0008250021751744696,0.0023148941945909237,0.003139896266049849
98.5,0.003154778048351092,0.0008250021751744696,0.002329775708941377,0.003154777780400302
99.0,0.0031696748877580072,0.0008250021751744696,0.002344672712576196,0.003169674784035121
99.5,0.0031845843323768087,0.0008250021751744696,0.0023595822551555007,0.003184584326614426
100.0,0.003199509983696606,0.0008250021751744696,0.0023745076558116564,0.0031995097272705816
100.5,0.003214449680823934,0.0008250021751744696,0.002389447439374723,0.0032144495108336483
101.0,0.003229404864354436,0.0008250021751744696,0.002404402712222155,0.00322940478368108
101.5,0.0032443740936924682,0.0008250021751744696,0.002419371999184013,0.003244374070642938
102.0,0.003259357368838031,0.0008250021751744696,0.002434355300260297,0.003259357371719222
102.5,0.0032743554100889455,0.0008250021751744696,0.002449353353035977,0.003274355424494902
103.0,0.003289368217445212,0.0008250021751744696,0.0024643661575110523,0.0032893682289699775
103.5,0.003304395070609009,0.0008250021751744696,0.0024793929761005537,0.003304395047559479
104.0,0.0033194366898781583,0.0008250021751744696,0.002494434546389451,0.003319436617848376
104.5,0.003334493795550482,0.0008250021751744696,0.002509491605962714,0.003334493677421639
105.0,0.0033495649470303354,0.0008250021751744696,0.0025245626796504025,0.0033495647511093277
105.5,0.00336465050446663,0.0008250021751744696,0.0025396481362450025,0.0033646502077039277
106.0,0.0033797493874126333,0.0008250021751744696,0.002554747238161543,0.003379749309620468
106.5,0.0033948644770596323,0.0008250021751744696,0.0025698621981549343,0.0033948642696138595
107.0,0.0034099932523652507,0.0008250021751744696,0.002584991172262752,0.0034099932437216766
107.5,0.00342513643362731,0.0008250021751744696,0.0026001341604849947,0.00342513623194392
108.0,0.0034402936606968996,0.0008250021751744696,0.002615291531614149,0.003440293603073074
108.5,0.0034554652937229305,0.0008250021751744696,0.002630462916857729,0.003455464988316654
109.0,0.003470651692854314,0.0008250021751744696,0.0026456494225931895,0.0034706514940521147
109.5,0.003485852497942138,0.0008250021751744696,0.0026608503112355614,0.0034858523826944866
110.0,0.003501068069135314,0.0008250021751744696,0.0026760659515773287,0.003501068023036254
110.5,0.003516298406433843,0.0008250021751744696,0.002691296343618492,0.003516298415077417
111.0,0.003531543869986635,0.0008250021751744696,0.002706541487359051,0.0035315435588179757
111.5,0.003546803379346957,0.0008250021751744696,0.0027218010140065206,0.0035468030854654458
112.0,0.003562076214216987,0.0008250021751744696,0.0027370738171834464,0.0035620758886423715
112.5,0.0035773638151923694,0.0008250021751744696,0.0027523617408522533,0.0035773638123111785
113.0,0.003592666902570926,0.0008250021751744696,0.0027676647850129405,0.0035926668564718657
113.5,0.003607982235012458,0.0008250021751744696,0.0027829799993256293,0.0036079820707845545
114.0,0.003623313053857164,0.0008250021751744696,0.0027983107029226836,0.003623312774381609
114.5,0.003638658638807222,0.0008250021751744696,0.0028136565270116187,0.003638658598470544
115.0,0.00365401826956481,0.0008250021751744696,0.0028290159964224947,0.00365401806788142
115.5,0.0036693908656831955,0.0008250021751744696,0.0028443887423628272,0.0036693908138217524
116.0,0.003684780028651488,0.0008250021751744696,0.002859777715172495,0.0036847797866314197
116.5,0.003700181436682756,0.0008250021751744696,0.0028751792269266488,0.003700181298385574
117.0,0.003715599411563931,0.0008250021751744696,0.0028905973343426234,0.003715599405801548
117.5,0.003731029991656992,0.0008250021751744696,0.002906027611910599,0.003731029683369524
118.0,0.003746474257408672,0.0008250021751744696,0.002921471903593001,0.003746473975051926
118.5,0.003761934009563527,0.0008250021751744696,0.002936931684559768,0.0037619337560186933
119.0,0.003777407807525911,0.0008250021751744696,0.0029524054796409615,0.0037774075510998866
119.5,0.0037928952911469153,0.0008250021751744696,0.002967892920044096,0.003792894991503021
120.0,0.003808396460426538,0.0008250021751744696,0.0029833943745616563,0.0038083964460205815
120.5,0.003823910234918047,0.0008250021751744696,0.0029989079992312185,0.0038239100706901437
121.0,0.003839438055217086,0.0008250021751744696,0.0030144356380152064,0.0038394377094741316
121.5,0.003854977760430189,0.0008250021751744696,0.0030299754469511955,0.0038549775184101207
122.0,0.003870529710706267,0.0008250021751744696,0.0030455274260391867,0.003870529497498112
122.5,0.003886094986492053,0.0008250021751744696,0.003061092681656634,0.0038860947531155587
123.0,0.0039016721471919033,0.0008250021751744696,0.0030766697386335976,0.003901671810092523
123.5,0.00391726191310364,0.0008250021751744696,0.0030922597033475325,0.003917261774806458
124.0,0.003932862483482707,0.0008250021751744696,0.0031078603630435298,0.0039328624345024545
124.5,0.0039484763793714815,0.0008250021751744696,0.0031234742992689826,0.003948476370727908
125.0,0.003964103960918876,0.0008250021751744696,0.003139101880816377,0.003964103952275302
125.5,0.00397974198678469,0.0008250021751744696,0.003154739788553348,0.003979741860012273
126.0,0.00399539261786239,0.0008250021751744696,0.003170390235234806,0.003995392306693731
126.5,0.0040110583751943535,0.0008250021751744696,0.0031860561712006292,0.004011058242659554
127.0,0.00402673925878058,0.0008250021751744696,0.0032017368588658484,0.004026738930324773
127.5,0.00404243526862107,0.0008250021751744696,0.003217433035815433,0.004042435107274358
128.0,0.004057736915403983,0.0008250021751744696,0.0032327346048061805,0.004057736676265106
128.5,0.004072976976723109,0.0008250021751744696,0.003247974585451951,0.004072976656910876
129.0,0.004088227482360656,0.0008250021751744696,0.0032632252610797835,0.004088227332538708
129.5,0.00410349131350791,0.0008250021751744696,0.003278489213237072,0.004103491284695997
130.0,0.004118766669420317,0.0008250021751744696,0.003293764229168907,0.004118766300627832
130.5,0.004134056791438077,0.0008250021751744696,0.003309054365592623,0.004134056437051548
131.0,0.004149356277327523,0.0008250021751744696,0.0033243540906209464,0.004149356162079872
131.5,0.0041646698090244995,0.0008250021751744696,0.003339667460971211,0.004164669532430136
132.0,0.004179994145188807,0.0008250021751744696,0.003354991895096022,0.004179993966554947
132.5,0.0041953325271606445,0.0008250021751744696,0.003370330343335259,0.004195332414794185
133.0,0.004210681353450902,0.0008250021751744696,0.003385679117764073,0.004210681189222998
133.5,0.0042260427849530454,0.0008250021751744696,0.0034010404311373738,0.004226042502596299
134.0,0.004241416101369253,0.0008250021751744696,0.003416413914662676,0.004241415986121601
134.5,0.004260536767204723,0.0008250021751744696,0.003435534329834504,0.004260536401293429
135.0,0.004280134990496218,0.0008250021751744696,0.0034551327000667546,0.00428013477152568
135.5,0.00429975662346693,0.0008250021751744696,0.0034747543042255536,0.004299756375684479
136.0,0.004319396984181015,0.0008250021751744696,0.0034943947168010825,0.004319396788260007
136.5,0.0043390567929362965,0.0008250021751744696,0.0035140546753783105,0.004339056746837235
137.0,0.004358738930924061,0.0008250021751744696,0.0035337367615046324,0.0043587388329635575
137.5,0.004378441237250843,0.0008250021751744696,0.0035534391312176234,0.0043784412026765486
138.0,0.004398164072065555,0.0008250021751744696,0.003573161784517283,0.004398163855976208
138.5,0.0044179059947725505,0.0008250021751744696,0.0035929036150261578,0.004417905686485083
139.0,0.00443766988656312,0.0008250021751744696,0.003612667573084126,0.004437669644543052
139.5,0.004457452506097062,0.0008250021751744696,0.003632450339558824,0.004457452411017749
140.0,0.004477254213523288,0.0008250021751744696,0.0036522519144502517,0.004477253985909177
140.5,0.004497077529884177,0.0008250021751744696,0.003672075248098288,0.004497077319557213
141.0,0.004516919213839528,0.0008250021751744696,0.003691917021370569,0.0045169190928294935
141.5,0.004536781426282808,0.0008250021751744696,0.003711779078229519,0.004536781149688444
142.0,0.004556662726618372,0.0008250021751744696,0.0037316603122976837,0.0045566623837566085
142.5,0.004576563474995132,0.0008250021751744696,0.0037515610923675477,0.004576563163826473
143.0,0.004596485112008731,0.0008250021751744696,0.0037714828936090505,0.004596484965067976
143.5,0.004616426197063527,0.0008250021751744696,0.003791423872059768,0.004616425943518693
144.0,0.004636382408372585,0.0008250021751744696,0.0038113799710023663,0.004636382042461292
144.5,0.004656358788020661,0.0008250021751744696,0.003831356353531634,0.004656358424990559
145.0,0.004676354615709933,0.0008250021751744696,0.0038513522820626004,0.004676354353521526
145.5,0.004696369531291489,0.0008250021751744696,0.0038713673878027818,0.004696369459261707
146.0,0.004716402814467508,0.0008250021751744696,0.003891400564374723,0.004716402635833648
146.5,0.004736455185535811,0.0008250021751744696,0.003911452918155879,0.0047364549896148035
147.0,0.004756525203900755,0.0008250021751744696,0.003931522973976309,0.004756525045435234
147.5,0.004776614310157984,0.0008250021751744696,0.003951611838213469,0.004776613909672395
148.0,0.00479672394490314,0.0008250021751744696,0.003971721723622268,0.004796723795081194
148.5,0.004816850146498204,0.0008250021751744696,0.0039918478359004025,0.004816849907359328
149.0,0.004836995796134465,0.0008250021751744696,0.004011993494180237,0.0048369955656391616
149.5,0.004857158012620632,0.0008250021751744696,0.004032155748121891,0.0048571578195808155
150.0,0.004877338956850173,0.0008250021751744696,0.004052336810480274,0.0048773388819392
150.5,0.0048975393491209095,0.0008250021751744696,0.004072537050047872,0.004897539121506798
151.0,0.00491775882928393,0.0008250021751744696,0.004092756466824685,0.00491775853828361
151.5,0.004937993435701215,0.0008250021751744696,0.004112991004093378,0.004937993075552304
152.0,0.004958248930755338,0.0008250021751744696,0.004133246562533711,0.004958248633992636
152.5,0.004978519552063726,0.0008250021751744696,0.0041535172414659234,0.004978519312924849
153.0,0.004998809981562219,0.0008250021751744696,0.004173807835192321,0.004998809906651246
153.5,0.005019117338059532,0.0008250021751744696,0.004194115024580539,0.005019117096039464
154.0,0.005039443062151307,0.0008250021751744696,0.004214440653593001,0.005039442725051926
154.5,0.005059788234284277,0.0008250021751744696,0.0042347858286071625,0.005059787900066087
155.0,0.0050801517740117095,0.0008250021751744696,0.0042551494432455685,0.005080151514704494
155.5,0.005100533681333605,0.0008250021751744696,0.00427553149750822,0.005100533568967145
156.0,0.005120931075058675,0.0008250021751744696,0.004295928672262752,0.005120930743721676
156.5,0.005141348276973851,0.0008250021751744696,0.0043163461306039526,0.005141348202062877
157.0,0.00516178384648349,0.0008250021751744696,0.004336781659776913,0.005161783731235838
157.5,0.005182235622694125,0.0008250021751744696,0.004357233415819209,0.005182235487278135
158.0,0.005202707567243778,0.0008250021751744696,0.0043777050866556895,0.005202707158114615
158.5,0.00522319679894116,0.0008250021751744696,0.004398194459531445,0.00522319653099037
159.0,0.005243701517041717,0.0008250021751744696,0.004418699321691566,0.005243701393150491
159.5,0.005264224602736735,0.0008250021751744696,0.004439222254683447,0.005264224326142371
160.0,0.005284765335728395,0.0008250021751744696,0.004459762889714602,0.005284764961173527
160.5,0.005305323355867784,0.0008250021751744696,0.004480320857992548,0.005305322929451473
161.0,0.005325899383452724,0.0008250021751744696,0.0045008968971022535,0.005325898968561178
161.5,0.005346492338036482,0.0008250021751744696,0.004521489900666264,0.005346491972125189
162.0,0.005367102579767971,0.0008250021751744696,0.004542100237477064,0.005367102308935989
162.5,0.005387727947753722,0.0008250021751744696,0.004562725694779746,0.005387727766238671
163.0,0.005408374204376313,0.0008250021751744696,0.004583371804461581,0.0054083738759205064
163.5,0.0054290355872531676,0.0008250021751744696,0.004604033403427782,0.005429035474886707
164.0,0.005449714617426662,0.0008250021751744696,0.0046247123356407726,0.005449714407099698
164.5,0.005470412015194619,0.0008250021751744696,0.004645409707478008,0.005470411778936934
165.0,0.005491125979812484,0.0008250021751744696,0.004666123674977064,0.00549112574643599
165.5,0.005511856511280256,0.0008250021751744696,0.004686854238137941,0.005511856309596865
166.0,0.005532604690044668,0.0008250021751744696,0.004707602503338092,0.005532604574797016
166.5,0.005553368355212255,0.0008250021751744696,0.004728365889030123,0.0055533679604890486
167.0,0.00557414894737866,0.0008250021751744696,0.004749146607968945,0.00557414867942787
167.5,0.005594945746246061,0.0008250021751744696,0.004769943553777102,0.0055949456252360275
168.0,0.005615760552559014,0.0008250021751744696,0.004790758201624534,0.0056157602730834595
168.5,0.005636165869560126,0.0008250021751744696,0.004811163489813733,0.005636165561272659
169.0,0.005656397594786123,0.0008250021751744696,0.004831395076742548,0.0056563971482014724
169.5,0.005676645526713115,0.0008250021751744696,0.004851643259333182,0.005676645330792107
170.0,0.005696906784149815,0.0008250021751744696,0.004871904349660788,0.005696906421119713
170.5,0.005717181367096224,0.0008250021751744696,0.004892179085310334,0.00571718115676926
171.0,0.005737471076296896,0.0008250021751744696,0.004912468572659277,0.005737470644118202
171.5,0.00575777195011381,0.0008250021751744696,0.0049327694925752515,0.005757771564034177
172.0,0.005778091191525185,0.0008250021751744696,0.004953088852115471,0.005778090923574395
172.5,0.005798422677999537,0.0008250021751744696,0.0049734203818076915,0.005798422453266616
173.0,0.0058187700110259736,0.0008250021751744696,0.004993767769576762,0.005818769841035687
173.5,0.005839131750008851,0.0008250021751744696,0.005014129540252744,0.005839131611711669
174.0,0.005859506454352526,0.0008250021751744696,0.005034504218665697,0.005859506290124623
174.5,0.005879896645099375,0.0008250021751744696,0.005054894386363016,0.005879896457821941
175.0,0.005900300521504843,0.0008250021751744696,0.005075298199382276,0.005900300270841201
175.5,0.005920718443717841,0.0008250021751744696,0.0050957160265159614,0.005920718097974887
176.0,0.0059411500515894585,0.0008250021751744696,0.005116147867764073,0.005941149939222999
176.5,0.00596159678571534,0.0008250021751744696,0.005136594460711581,0.005961596532170506
177.0,0.0059820568453509285,0.0008250021751744696,0.005157054330188544,0.00598205640164747
177.5,0.006002530230496225,0.0008250021751744696,0.005177527844987449,0.006002529916446375
178.0,0.00602301694115123,0.0008250021751744696,0.005198014636315811,0.0060230167077747355
178.5,0.006043515536720299,0.0008250021751744696,0.005218512860211203,0.006043514931670128
179.0,0.006064028178096898,0.0008250021751744696,0.005239025467013507,0.006064027538472432
179.5,0.006084553064536472,0.0008250021751744696,0.005259550612760297,0.006084552684219222
180.0,0.006105091636634665,0.0008250021751744696,0.005280089403829028,0.006105091475287953
180.5,0.006125643894391478,0.0008250021751744696,0.0053006418402197,0.006125643911678625
181.0,0.006146207676913443,0.0008250021751744696,0.005321205340384919,0.0061462074118438445
181.5,0.0061667858653918495,0.0008250021751744696,0.005341783223457049,0.006166785294915975
182.0,0.006187374858337587,0.0008250021751744696,0.005362372170303726,0.006187374610555136
182.5,0.006207980418133231,0.0008250021751744696,0.005382977344019738,0.006207979784271148
183.0,0.006228596062098385,0.0008250021751744696,0.005403593581510297,0.006228596021761707
183.5,0.006249226832317802,0.0008250021751744696,0.005424223833115282,0.006249226273366692
184.0,0.006269869847600193,0.0008250021751744696,0.005444867361249723,0.006269869801501133
184.5,0.006290526548541204,0.0008250021751744696,0.00546552416591362,0.00629052660616503
185.0,0.0063111947742473685,0.0008250021751744696,0.005486192034352065,0.006311194474603475
185.5,0.006331875965314329,0.0008250021751744696,0.005506873179319965,0.006331875619571375
186.0,0.006352570121742087,0.0008250021751744696,0.005527567600817321,0.006352570041068731
186.5,0.0063732765232328206,0.0008250021751744696,0.005548273823674194,0.006373276263925604
187.0,0.006393995169786528,0.0008250021751744696,0.0055689925854755535,0.0063939950257269635
187.5,0.006414726781701033,0.0008250021751744696,0.0055897238862214,0.00641472632647281
188.0,0.0064354713589763355,0.0008250021751744696,0.0056104684634967015,0.0064354709037481115
188.5,0.006456224579825502,0.0008250021751744696,0.005631221891791641,0.006456224332043051
189.0,0.006476992926928932,0.0008250021751744696,0.0056519900717859764,0.0064769925120373864
189.5,0.006497772798797515,0.0008250021751744696,0.005672770053139829,0.006497772493391239
190.0,0.006518561314239963,0.0008250021751744696,0.005693558885513318,0.006518561325764728
190.5,0.006539365676234496,0.0008250021751744696,0.005714363207171173,0.006539365647422583
191.0,0.00656018084269636,0.0008250021751744696,0.005735177855018605,0.006560180295270015
191.5,0.006581009694816843,0.0008250021751744696,0.005756007254565433,0.006581009694816843
192.0,0.006601850071702479,0.0008250021751744696,0.0057768469803018375,0.0066018494205532475
192.5,0.006622703413948912,0.0008250021751744696,0.005797700720152669,0.006622703160404079
193.0,0.006643566840364854,0.0008250021751744696,0.005818564048608106,0.006643566488859516
193.5,0.006664446113332881,0.0008250021751744696,0.00583944360393288,0.00666444604418429
194.0,0.006685334029874773,0.0008250021751744696,0.005860331272692321,0.006685333712943731
194.5,0.006706234911777462,0.0008250021751744696,0.005881232217981218,0.006706234658232628
195.0,0.006727146598147482,0.0008250021751744696,0.005902143489459693,0.006727145929711103
195.5,0.006748070529580477,0.0008250021751744696,0.005923068037467623,0.006748070477719033
196.0,0.006769007426374268,0.0008250021751744696,0.00594400438683507,0.00676900682708648
196.5,0.006789954407337569,0.0008250021751744696,0.005964951799977064,0.006789954240228474
197.0,0.006810911472470379,0.0008250021751744696,0.005985908801723666,0.006810911241975076
197.5,0.006831881502963985,0.0008250021751744696,0.006006879079999723,0.006831881520251133
198.0,0.0068528616176271005,0.0008250021751744696,0.006027858946880388,0.006852861387131798
198.5,0.006873859019437946,0.0008250021751744696,0.006048856515800327,0.006873858956051737
199.0,0.006898937628708577,0.0008250021751744696,0.006073935142358107,0.006898937582609517
199.5,0.006925554073829305,0.0008250021751744696,0.006100551633577895,0.006925554073829305
200.0,0.0069521950090759834,0.0008250021751744696,0.006127192465101686,0.006952194905353096
200.5,0.006978855392363857,0.0008250021751744696,0.006153852473834692,0.006978854914086102
201.0,0.007005539545479858,0.0008250021751744696,0.006180536822871702,0.007005539263123112
201.5,0.007032240985743589,0.0008250021751744696,0.006207238136363016,0.007032240576614426
202.0,0.00705896691613327,0.0008250021751744696,0.006233963790158333,0.007058966230409743
202.5,0.007085715175755435,0.0008250021751744696,0.006260712309087714,0.007085714749339124
203.0,0.007112485044312261,0.0008250021751744696,0.006287482217981219,0.007112484658232629
203.5,0.0071392714797189945,0.0008250021751744696,0.006314268353744058,0.007139270793995468
204.0,0.007166083125549501,0.0008250021751744696,0.006341080304980841,0.007166082745232251
204.5,0.0071929142194212025,0.0008250021751744696,0.006367911433426837,0.007192913873678247
205.0,0.007219765481631921,0.0008250021751744696,0.006394762476667019,0.007219764916918429
205.5,0.007246636912181658,0.0008250021751744696,0.006421634172286354,0.007246636612537764
206.0,0.007273530671963879,0.0008250021751744696,0.006448527995454784,0.007273530435706194
206.5,0.007300442439191651,0.0008250021751744696,0.0064754395206624875,0.0073004419609138975
207.0,0.007327372934162797,0.0008250021751744696,0.006502370223079406,0.007327372663330816
207.5,0.007354325038068604,0.0008250021751744696,0.006529322315460448,0.007354324755711858
208.0,0.007381300191504718,0.0008250021751744696,0.006556297272975554,0.007381299713226964
208.5,0.007408294072684204,0.0008250021751744696,0.006583291407699874,0.007408293847951284
209.0,0.007435308842500531,0.0008250021751744696,0.006610306194803349,0.007435308635054759
209.5,0.007462346661847164,0.0008250021751744696,0.006637343847040886,0.007462346287292296
210.0,0.007489405369830636,0.0008250021751744696,0.0066644028892425475,0.0074894053294939575
210.5,0.007516481364961837,0.0008250021751744696,0.006691478895898514,0.007516481336149924
211.0,0.007543579689325523,0.0008250021751744696,0.006718577030103575,0.007543579470354985
211.5,0.007570697461730404,0.0008250021751744696,0.00674569434151785,0.00757069678176926
212.0,0.007597834682176481,0.0008250021751744696,0.006772831567726309,0.007597834007977719
212.5,0.007624992791259397,0.0008250021751744696,0.006799990183898892,0.007624992624150302
213.0,0.0076521703483835085,0.0008250021751744696,0.00682716723969572,0.00765216967994713
213.5,0.007679366633250994,0.0008250021751744696,0.006854363472701762,0.007679365912953172
214.0,0.007706583086457498,0.0008250021751744696,0.0068815803580869585,0.0077065827983383685
214.5,0.007733817547109552,0.0008250021751744696,0.00690881494551143,0.00773381738576284
215.0,0.007761070015207158,0.0008250021751744696,0.006936067234975176,0.007761069675226586
215.5,0.007787787302022974,0.0008250021751744696,0.0069627847753358256,0.007787787215587236
216.0,0.007814478658117196,0.0008250021751744696,0.006989475762637563,0.007814478202888973
216.5,0.007841186581061326,0.0008250021751744696,0.0070161837143936055,0.007841186154645016
217.0,0.007867911791153185,0.0008250021751744696,0.007042908630603952,0.007867911070855363
217.5,0.00789464996660584,0.0008250021751744696,0.007069646823343756,0.007894649263595167
218.0,0.007921403988610581,0.0008250021751744696,0.007096401242952895,0.007921403683204304
218.5,0.007948168815082654,0.0008250021751744696,0.007123165988751611,0.00794816842900302
219.0,0.007974953809893744,0.0008250021751744696,0.007149950649344512,0.00797495308959592
219.5,0.008001746727980876,0.0008250021751744696,0.007176744160957049,0.008001746601208459
220.0,0.00802855765351356,0.0008250021751744696,0.007203554637023892,0.008028557077275303
220.5,0.00805538082410922,0.0008250021751744696,0.0072303776520352215,0.00805538009228663
221.0,0.00808221912095914,0.0008250021751744696,0.0072572161563309165,0.008082218596582326
221.5,0.00810907038316986,0.0008250021751744696,0.0072840671995710975,0.008109069639822507
222.0,0.008135934610741377,0.0008250021751744696,0.007310931519340735,0.008135933959592145
222.5,0.008162811083375868,0.0008250021751744696,0.007337808378054859,0.00816281081830627
223.0,0.0081897019619668,0.0008250021751744696,0.007364699250883408,0.008189701691134818
223.5,0.008216607966811996,0.0008250021751744696,0.007391604875411354,0.008216607315662764
224.0,0.008243522615231057,0.0008250021751744696,0.007418520088543907,0.008243522528795318
224.5,0.008270457431989134,0.0008250021751744696,0.007445454478885675,0.008270456919137085
225.0,0.008297406654703653,0.0008250021751744696,0.007472403620926838,0.008297406061178248
225.5,0.008324377486352834,0.0008250021751744696,0.007499374890517095,0.008324377330768504
226.0,0.008351363444256278,0.0008250021751744696,0.0075263609118067475,0.008351363352058157
226.5,0.008378368850200919,0.0008250021751744696,0.007553366110305614,0.008378368550557024
227.0,0.008405392983888932,0.0008250021751744696,0.007580390486013696,0.008405392926265106
227.5,0.008432431523533386,0.0008250021751744696,0.007607428875836203,0.008432431316087613
228.0,0.008459489511219036,0.0008250021751744696,0.007634486442867926,0.008459488883119336
228.5,0.008486566946945882,0.0008250021751744696,0.007661563924693832,0.008486566364945242
229.0,0.00851365878862917,0.0008250021751744696,0.007688656158219133,0.008513658598470544
229.5,0.00854076575656672,0.0008250021751744696,0.007715763143443832,0.008540765583695242
230.0,0.00856789073194982,0.0008250021751744696,0.007742887830707804,0.008567890270959215
230.5,0.008595030833587185,0.0008250021751744696,0.007770028007256143,0.008595030447507554
231.0,0.008622189662967924,0.0008250021751744696,0.0077971866234287255,0.008622189063680136
231.5,0.008649364338900747,0.0008250021751744696,0.007824361466470644,0.008649363906722054
232.0,0.00867655270049219,0.0008250021751744696,0.00785154958604202,0.00867655202629343
232.5,0.008703759069529185,0.0008250021751744696,0.007878756145237639,0.008703758585489049
233.0,0.00873097984452262,0.0008250021751744696,0.007905976718547683,0.008730979158799093
233.5,0.008758217186365963,0.0008250021751744696,0.007933214256312033,0.008758216696563443
234.0,0.00878547037476139,0.0008250021751744696,0.00796046728336075,0.00878546972361216
234.5,0.008812739409708904,0.0008250021751744696,0.007987736537278802,0.008812738977530212
235.0,0.008840023570910682,0.0008250021751744696,0.008015020542896248,0.008840022983147658
235.5,0.008867319977175433,0.0008250021751744696,0.008042317087458182,0.008867319527709592
236.0,0.00889463222999227,0.0008250021751744696,0.00806962912130448,0.00889463156155589
236.5,0.008921958888765548,0.0008250021751744696,0.008096955906850176,0.008921958347101586
237.0,0.008949298512899623,0.0008250021751744696,0.008124295968925327,0.008949298409176737
237.5,0.008976653983585783,0.0008250021751744696,0.008151650782699874,0.008976653222951284
238.0,0.00900402530082403,0.0008250021751744696,0.008179022560928726,0.009004025001180136
238.5,0.00903140526163614,0.0008250021751744696,0.008206402452592245,0.009031404892843655
239.0,0.009058804670489447,0.0008250021751744696,0.00823380152146498,0.00905880396171639
239.5,0.009086210562023151,0.0008250021751744696,0.008261207966187411,0.009086210406438821
240.0,0.00911363518130023,0.0008250021751744696,0.00828863211294912,0.00911363455320053
240.5,0.009141069164448994,0.0008250021751744696,0.008316066585900403,0.009141069026151813
241.0,0.009168519714447668,0.0008250021751744696,0.008343516548136053,0.009168518988387463
241.5,0.009195982509509315,0.0008250021751744696,0.008370979786901158,0.009195982227152568
242.0,0.009223456109038292,0.0008250021751744696,0.008398453351855842,0.009223455792107252
242.5,0.009250940513034602,0.0008250021751744696,0.008425937980585071,0.009250940420836481
243.0,0.009278439322987352,0.0008250021751744696,0.008453436623428725,0.009278439063680135
243.5,0.009305950378003077,0.0008250021751744696,0.008480947805216868,0.009305950245468278
244.0,0.0093334743983796,0.0008250021751744696,0.008508471525949496,0.009333473966200906
244.5,0.009361017866797317,0.0008250021751744696,0.008536015161476309,0.009361017601727719
245.0,0.009392028128632606,0.0008250021751744696,0.008567025446361128,0.009392027886612538
245.5,0.009425960638731988,0.0008250021751744696,0.008600958042896248,0.009425960483147658
246.0,0.009459917638957321,0.0008250021751744696,0.008634914979735373,0.009459917419986783
246.5,0.009493899129308602,0.0008250021751744696,0.0086688962568785,0.00949389869712991
247.0,0.00952790006770108,0.0008250021751744696,0.00870289744881581,0.00952789988906722
247.5,0.009561923335326043,0.0008250021751744696,0.008736920768302216,0.009561923208553626
248.0,0.00959596965248131,0.0008250021751744696,0.008770966952922683,0.009595969393174093
248.5,0.009630037578571239,0.0008250021751744696,0.008805034527507275,0.009630036967758685
249.0,0.009664126393298007,0.0008250021751744696,0.008839123492055992,0.009664125932307402
249.5,0.009698237537257261,0.0008250021751744696,0.0088732345841538,0.00969823702440521
250.0,0.009732373891640285,0.0008250021751744696,0.008907370754140585,0.009732373194391995
250.5,0.009766528973766684,0.0008250021751744696,0.008941526101336581,0.009766528541587991
251.0,0.009800706385125566,0.0008250021751744696,0.008975703576081672,0.009800706016333082
251.5,0.009834907566312577,0.0008250021751744696,0.009009904653545795,0.009834907093797205
252.0,0.009869133237625538,0.0008250021751744696,0.009044130071313923,0.009869132511565333
252.5,0.009903379797575338,0.0008250021751744696,0.009078376879046174,0.009903379319297584
253.0,0.009937642924375044,0.0008250021751744696,0.009112639913647759,0.009937642353899169
253.5,0.0099719305413007,0.0008250021751744696,0.009146927288553349,0.009971929728804759
254.0,0.010006238326565376,0.0008250021751744696,0.009181235315838091,0.010006237756089501
254.5,0.01004056628016907,0.0008250021751744696,0.009215563257917019,0.010040565698168429
255.0,0.010074915842707423,0.0008250021751744696,0.009249912589960071,0.010074915030211481
255.5,0.010109284132989152,0.0008250021751744696,0.009284281099212336,0.010109283539463746
256.0,0.010143671151014253,0.0008250021751744696,0.009318668048088848,0.010143670488340258
256.5,0.010178076896782727,0.0008250021751744696,0.009353074174174572,0.010178076614425982
257.0,0.010212505692081509,0.0008250021751744696,0.009387502427809391,0.010212504868060801
257.5,0.010246952494825842,0.0008250021751744696,0.009421949858653423,0.010246952298904833
258.0,0.010281416584717902,0.0008250021751744696,0.009456413516366792,0.010281415956618202
258.5,0.010315897241459872,0.0008250021751744696,0.009490894138534467,0.010315896578785877
259.0,0.010349957244273759,0.0008250021751744696,0.00952495433726936,0.01034995677752077
259.5,0.010383981952494365,0.0008250021751744696,0.009558979131925705,0.010383981572177115
260.0,0.010418026108756166,0.0008250021751744696,0.009593023103791263,0.010418025544042673
260.5,0.010452088272463519,0.0008250021751744696,0.009627085515281067,0.010452087955532477
261.0,0.01048616700302078,0.0008250021751744696,0.009661164153640206,0.010486166593891616
261.5,0.010520261580130124,0.0008250021751744696,0.009695258281283712,0.010520260721535122
262.0,0.010554375605280665,0.0008250021751744696,0.0097293723237214,0.01055437476397281
262.5,0.010588510519068046,0.0008250021751744696,0.009763507756123212,0.010588510196374622
263.0,0.010622665601194445,0.0008250021751744696,0.00979766236573424,0.01062266480598565
263.5,0.01065683364868164,0.0008250021751744696,0.009831830989459693,0.010656833429711103
264.0,0.010691021144210031,0.0008250021751744696,0.009866018052809391,0.010691020493060801
264.5,0.010725227367481797,0.0008250021751744696,0.009900224293368303,0.010725226733619713
265.0,0.010759452318496935,0.0008250021751744696,0.00993444971113643,0.01075945215138784
265.5,0.010793698158148913,0.0008250021751744696,0.00996869504369874,0.01079369748395015
266.0,0.010827955522566043,0.0008250021751744696,0.010002952915205539,0.010827955355456949
266.5,0.010862235936513481,0.0008250021751744696,0.01003723291426143,0.01086223535451284
267.0,0.010896527154928247,0.0008250021751744696,0.010071523977091868,0.010896526417343278
267.5,0.010930839982277677,0.0008250021751744696,0.010105837167471399,0.010930839607722809
268.0,0.01096516433439226,0.0008250021751744696,0.010140161421625478,0.010965163861876888
268.5,0.010999509575143682,0.0008250021751744696,0.01017450632815871,0.01099950876841012
269.0,0.011033866340660257,0.0008250021751744696,0.01020886303605146,0.01103386547630287
269.5,0.011068241113622384,0.0008250021751744696,0.010243238183568454,0.011068240623819864
270.0,0.011102631012838773,0.0008250021751744696,0.010277628082784844,0.011102630523036254
270.5,0.011137038919500714,0.0008250021751744696,0.010312035684040509,0.011137038124291919
271.0,0.011171459791523453,0.0008250021751744696,0.01034645656182563,0.01117145900207704
271.5,0.011205896510098276,0.0008250021751744696,0.010380893666480085,0.011205896106731495
272.0,0.011240346194033897,0.0008250021751744696,0.010415343310079027,0.011240345750330437
272.5,0.011274811724521602,0.0008250021751744696,0.010449808442962337,0.011274810883213747
273.0,0.011309287339178816,0.0008250021751744696,0.010484284639620192,0.011309287079871602
273.5,0.011343781681579405,0.0008250021751744696,0.01051877853831732,0.01134378097856873
274.0,0.01137829187053208,0.0008250021751744696,0.010553288663883786,0.011378291104135196
274.5,0.011412812863952083,0.0008250021751744696,0.010587809853224798,0.011412812293476208
275.0,0.011447346102435063,0.0008250021751744696,0.010622342843925327,0.011447345284176737
275.5,0.01148189950925706,0.0008250021751744696,0.01065689648700501,0.01148189892725642
276.0,0.01151646444084421,0.0008250021751744696,0.010691461193859239,0.011516463634110649
276.5,0.01155104665957909,0.0008250021751744696,0.010726043602752745,0.011551046043004155
277.0,0.01158564328427041,0.0008250021751744696,0.010760640025760675,0.011585642466012085
277.5,0.011620249272833418,0.0008250021751744696,0.010795246037373212,0.011620248477624622
278.0,0.011654871828246333,0.0008250021751744696,0.010829869013440055,0.011654871453691465
278.5,0.011689506628722222,0.0008250021751744696,0.010864503790866415,0.011689506231117825
279.0,0.011724156555452376,0.0008250021751744696,0.01089915331999217,0.01172415576024358
279.5,0.011758818006947681,0.0008250021751744696,0.010933814650477443,0.011758817090728853
280.0,0.011793495304995074,0.0008250021751744696,0.01096849220783205,0.01179349464808346
280.5,0.011828179085722862,0.0008250021751744696,0.011003176403451385,0.011828178843702795
281.0,0.011862880873896205,0.0008250021751744696,0.011037877563525025,0.011862880003776435
281.5,0.011897592025941232,0.0008250021751744696,0.011072589049788242,0.011897591490039652
282.0,0.011932315423049235,0.0008250021751744696,0.011107312337410977,0.011932314777662387
282.5,0.011967051065220214,0.0008250021751744696,0.011142048163978197,0.011967050604229607
283.0,0.012001798232156344,0.0008250021751744696,0.011176795054319965,0.012001797494571375
283.5,0.012036556203559807,0.0008250021751744696,0.011211553008436279,0.012036555448687689
284.0,0.012071324979430599,0.0008250021751744696,0.01124632202632714,0.01207132446657855
284.5,0.012106107440960011,0.0008250021751744696,0.011281104320747457,0.012106106760998867
285.0,0.012140896385169821,0.0008250021751744696,0.011315893253432503,0.012140895693683913
285.5,0.012175698294740429,0.0008250021751744696,0.011350694725062034,0.012175697165313444
286.0,0.012210510288480546,0.0008250021751744696,0.011385507260466112,0.012210509700717522
286.5,0.012245335247581458,0.0008250021751744696,0.011420331597229707,0.012245334037481117
287.0,0.012280167409660593,0.0008250021751744696,0.01145516478501294,0.01228016722526435
287.5,0.012315015418291813,0.0008250021751744696,0.011490012724495569,0.012315015164746979
288.0,0.012349869189305609,0.0008250021751744696,0.011524866564657956,0.012349869004909366
288.5,0.0123847359256802,0.0008250021751744696,0.01155973220617986,0.01238473464643127
289.0,0.012419612746224303,0.0008250021751744696,0.01159460964906128,0.01241961208931269
289.5,0.012454502532129201,0.0008250021751744696,0.011629498893302215,0.012454501333553625
290.0,0.012489400961607965,0.0008250021751744696,0.011664398463732729,0.012489400903984139
290.5,0.012524308034660593,0.0008250021751744696,0.01169930541001294,0.01252430785026435
291.0,0.012559258325582544,0.0008250021751744696,0.0117342551362214,0.01255925757647281
291.5,0.01260221688769015,0.0008250021751744696,0.011777213560031823,0.012602216000283233
292.0,0.01264749336818914,0.0008250021751744696,0.011822490950987261,0.012647493391238671
292.5,0.012692795779409726,0.0008250021751744696,0.011867793419831671,0.012692795860083081
293.0,0.012738119799564972,0.0008250021751744696,0.011913116541055237,0.012738118981306647
293.5,0.012783466869250526,0.0008250021751744696,0.011958463264997835,0.012783465705249245
294.0,0.012828839869657672,0.0008250021751744696,0.012003836541999345,0.012828838982250755
294.5,0.01287423447899948,0.0008250021751744696,0.01204923194654995,0.01287423438680136
295.0,0.012919655019062884,0.0008250021751744696,0.012094652428989527,0.012919654869240937
295.5,0.012965098608656592,0.0008250021751744696,0.012140095038978197,0.012965097479229607
296.0,0.01301055948539803,0.0008250021751744696,0.012185556826176083,0.013010559266427493
296.5,0.013056044852265419,0.0008250021751744696,0.012231042216093,0.01305604465634441
297.0,0.013101554709258757,0.0008250021751744696,0.012276551208728953,0.013101553648980363
297.5,0.013147083293995469,0.0008250021751744696,0.012322080853744059,0.013147083293995469
298.0,0.013192640690645062,0.0008250021751744696,0.012367637051818077,0.013192639492069487
298.5,0.013238215374442386,0.0008250021751744696,0.012413212427101309,0.013238214867352719
299.0,0.01328380446419615,0.0008250021751744696,0.012458801078913997,0.013283803519165407
299.5,0.01332941948467151,0.0008250021751744696,0.012504416283785598,0.013329418724037008
300.0,0.01337505611408153,0.0008250021751744696,0.012550053616206295,0.013375056056457705
300.5,0.0134207172336175,0.0008250021751744696,0.012595714551346022,0.013420716991597432
301.0,0.0134663956403012,0.0008250021751744696,0.012641393188525024,0.013466395628776434
301.5,0.013512097096515206,0.0008250021751744696,0.012687093953253122,0.013512096393504532
302.0,0.013557821602259518,0.0008250021751744696,0.012732818320700251,0.013557820760951661
302.5,0.013603566276342847,0.0008250021751744696,0.012778563340526536,0.013603565780777946
303.0,0.013649335440552126,0.0008250021751744696,0.012824331963071853,0.013649334403323263
303.5,0.013695123332504779,0.0008250021751744696,0.012870119762826385,0.013695122203077795
304.0,0.013740929952200807,0.0008250021751744696,0.012915926739790131,0.013740929180041541
304.5,0.013786761062022783,0.0008250021751744696,0.01296175731947291,0.01378675975972432
305.0,0.013832605137205555,0.0008250021751744696,0.013007602650855085,0.013832605091106495
305.5,0.01387847370251428,0.0008250021751744696,0.013053470109786355,0.013878472550037765
306.0,0.013924360995566376,0.0008250021751744696,0.013099358221096776,0.013924360661348186
306.5,0.013970262694574916,0.0008250021751744696,0.013145259608936656,0.013970262049188066
307.0,0.014016186002518116,0.0008250021751744696,0.01319118312432563,0.01401618556457704
307.5,0.0140621251570134,0.0008250021751744696,0.013237121391413998,0.014062123831665408
308.0,0.014108083039252059,0.0008250021751744696,0.013283080310881521,0.014108082751132931
308.5,0.01415405532744716,0.0008250021751744696,0.0133290525068785,0.01415405494712991
309.0,0.014200054986959497,0.0008250021751744696,0.01337505125593439,0.0142000536961858
309.5,0.0142460632900457,0.0008250021751744696,0.013421060331179858,0.014246062771431268
310.0,0.014292088880279634,0.0008250021751744696,0.013467085633294662,0.014292088073546072
310.5,0.014338131757661295,0.0008250021751744696,0.01351312863744874,0.01433813107770015
311.0,0.01438419336278633,0.0008250021751744696,0.013559190818812034,0.014384193259063444
311.5,0.014430273695654739,0.0008250021751744696,0.013605270702214602,0.014430273142466012
312.0,0.014476369875075234,0.0008250021751744696,0.013651366812486505,0.014476369252737915
312.5,0.014522479019856526,0.0008250021751744696,0.013697476199287864,0.014522478639539274
313.0,0.014568605451785545,0.0008250021751744696,0.01374360181295856,0.01456860425320997
313.5,0.014614752052053584,0.0008250021751744696,0.013789749554178348,0.014614751994429758
314.0,0.014660921701851928,0.0008250021751744696,0.01383591794777729,0.0146609203880287
314.5,0.014707099995224137,0.0008250021751744696,0.01388209666756581,0.01470709910781722
315.0,0.01475329413514843,0.0008250021751744696,0.013928291614223666,0.014753294054475076
315.5,0.014799511324603032,0.0008250021751744696,0.013974508688430615,0.014799511128682025
316.0,0.01484573859822714,0.0008250021751744696,0.014020736088827139,0.014845738529078549
316.5,0.01489198315899898,0.0008250021751744696,0.014066979716093001,0.014891982156344411
317.0,0.014938245006918547,0.0008250021751744696,0.014113242520568076,0.014938244960819486
317.5,0.014984524141985844,0.0008250021751744696,0.014159521551912487,0.014984523992163898
318.0,0.015030817683009583,0.0008250021751744696,0.014205813859786354,0.015030816300037764
318.5,0.015077128511181051,0.0008250021751744696,0.014252125344869436,0.015077127785120846
319.0,0.015123455185904603,0.0008250021751744696,0.014298451581651913,0.015123454021903323
319.5,0.015169794825988955,0.0008250021751744696,0.014344791094963847,0.015169793535215257
320.0,0.015216147431434101,0.0008250021751744696,0.014391143884805236,0.015216146325056646
320.5,0.015262515883431334,0.0008250021751744696,0.014437512901515962,0.015262515341767372
321.0,0.01530889586019372,0.0008250021751744696,0.014483892244416263,0.015308894684667673
321.5,0.015355288802316902,0.0008250021751744696,0.014530286339015961,0.015355288779267371
322.0,0.015401694709800882,0.0008250021751744696,0.014576692234975177,0.015401694675226587
322.5,0.01544812078562388,0.0008250021751744696,0.014623117308143606,0.015448119748395016
323.0,0.015494175187770694,0.0008250021751744696,0.014669172113657201,0.015494174553908611
323.5,0.015540232471108797,0.0008250021751744696,0.014715229869510675,0.015540232309762085
324.0,0.01558630704159463,0.0008250021751744696,0.014761303852233485,0.015586306292484895
324.5,0.015632387374463038,0.0008250021751744696,0.014807383735636052,0.015632386175887462
325.0,0.015678489316266107,0.0008250021751744696,0.014853485746587713,0.015678488186839125
325.5,0.01572460134223869,0.0008250021751744696,0.014899598083728953,0.01572460052398036
326.0,0.015770732095954643,0.0008250021751744696,0.014945729598079405,0.015770732038330817
326.5,0.01581687869622268,0.0008250021751744696,0.014991875864129254,0.015816878304380666
327.0,0.01586303970244716,0.0008250021751744696,0.0150380368818785,0.01586303932212991
327.5,0.015909216555223725,0.0008250021751744696,0.01508421265132714,0.01590921509157855
328.0,0.015955403492169798,0.0008250021751744696,0.015130400222135297,0.01595540266238671
328.5,0.016001606275667955,0.0008250021751744696,0.015176602544642849,0.01600160498489426
329.0,0.016047823465122558,0.0008250021751744696,0.015222819618849798,0.01604782205910121
329.5,0.016094053619937956,0.0008250021751744696,0.015269049969586203,0.016094052409837613
330.0,0.01614029818070979,0.0008250021751744696,0.015315295072022004,0.016140297512273413
330.5,0.016186560028629362,0.0008250021751744696,0.01536155640132714,0.01618655884157855
331.0,0.016232827638931503,0.0008250021751744696,0.015407825106481974,0.016232827546733383
331.5,0.01627911253638138,0.0008250021751744696,0.015454110038506143,0.016279112478757553
332.0,0.01632541328038334,0.0008250021751744696,0.015500409722229708,0.016325412162481116
332.5,0.016371721227363516,0.0008250021751744696,0.015546718256972911,0.01637172069722432
333.0,0.016418052223874,0.0008250021751744696,0.015593048919265206,0.016418051359516617
333.5,0.01646438754217142,0.0008250021751744696,0.01563938400706732,0.01646438644731873
334.0,0.01651073726642528,0.0008250021751744696,0.015685733846568833,0.016510736286820243
334.5,0.01655710427782687,0.0008250021751744696,0.015732101388109616,0.016557103828361026
335.0,0.01660347561101539,0.0008250021751744696,0.01577847187999028,0.01660347432024169
335.5,0.01664985846896906,0.0008250021751744696,0.0158248556484004,0.01664985808865181
336.0,0.01669625717347482,0.0008250021751744696,0.01587125416850992,0.01669625660876133
336.5,0.01674266596215009,0.0008250021751744696,0.015917663014809014,0.016742665455060424
337.0,0.01678908627559051,0.0008250021751744696,0.015964083662467623,0.016789086102719033
337.5,0.016835519554391727,0.0008250021751744696,0.01601051611148575,0.01683551855173716
338.0,0.01688196723914939,0.0008250021751744696,0.016056963312203274,0.016881965752454684
338.5,0.016928427889267843,0.0008250021751744696,0.01610342526462019,0.0169284277048716
339.0,0.01697489574236452,0.0008250021751744696,0.01614989311771687,0.01697489555796828
339.5,0.017021385204395858,0.0008250021751744696,0.016196381623192698,0.017021384063444108
340.0,0.01706788619119235,0.0008250021751744696,0.016242883405197986,0.017067885845449396
340.5,0.01711439726215835,0.0008250021751744696,0.01628939403822291,0.01711439647847432
341.0,0.017160929942059013,0.0008250021751744696,0.01633592679879693,0.01716092923904834
341.5,0.017207469824937895,0.0008250021751744696,0.016382466935220646,0.017207469375472056
342.0,0.01725402411377322,0.0008250021751744696,0.016429020348173815,0.017254022788425225
342.5,0.01730058848677805,0.0008250021751744696,0.016475585562486506,0.017300588002737916
343.0,0.017347170146930616,0.0008250021751744696,0.016522167003668528,0.017347169443919938
343.5,0.01739376045065704,0.0008250021751744696,0.016568757295870193,0.017393759736121603
344.0,0.017440363719744265,0.0008250021751744696,0.01661536086460131,0.01744036330485272
344.5,0.017486979954192284,0.0008250021751744696,0.016661976234691945,0.017486978674943355
345.0,0.017533603391618528,0.0008250021751744696,0.016708600455802216,0.017533602896053626
345.5,0.017580242675596852,0.0008250021751744696,0.016755239428611884,0.017580241868863294
346.0,0.01762688772195776,0.0008250021751744696,0.01680188430210131,0.01762688674235272
346.5,0.017673552936657677,0.0008250021751744696,0.016848549827969888,0.017673552268221298
347.0,0.017720219591953242,0.0008250021751744696,0.016895216829008408,0.017720219269259818
347.5,0.01776689777201396,0.0008250021751744696,0.016941894156236505,0.017766896596487915
348.0,0.017813586036244188,0.0008250021751744696,0.016988583284824117,0.017813585725075527
348.5,0.017860285825239568,0.0008250021751744696,0.01703528273960131,0.01786028517985272
349.0,0.017907001460787032,0.0008250021751744696,0.017081998421247836,0.017907000861499246
349.5,0.01795372141812143,0.0008250021751744696,0.01712871852840418,0.01795372096865559
350.0,0.018000451459625335,0.0008250021751744696,0.01717544748658016,0.01800044992683157
350.5,0.01804718726351182,0.0008250021751744696,0.017222183820605842,0.018047186260857252
351.0,0.0180939360327591,0.0008250021751744696,0.017268933431160975,0.018093935871412385
351.5,0.0181406920049846,0.0008250021751744696,0.017315688942395872,0.018140691382647282
352.0,0.01818746238316654,0.0008250021751744696,0.01736245920533016,0.01818746164558157
352.5,0.01823424284551799,0.0008250021751744696,0.017409239794454027,0.018234242234705437
353.0,0.018281029070252017,0.0008250021751744696,0.017456026284257655,0.018281028724509065
353.5,0.018327822497964264,0.0008250021751744696,0.017502818674741037,0.018327821114992447
354.0,0.01837462456925038,0.0008250021751744696,0.017549621391413996,0.018374623831665406
354.5,0.018421442487088574,0.0008250021751744696,0.017596438859786356,0.018421441300037766
355.0,0.018468260404926773,0.0008250021751744696,0.01764325780332865,0.01846826024358006
355.5,0.0185150956099127,0.0008250021751744696,0.01769009297374028,0.01851509541399169
356.0,0.018561975473363593,0.0008250021751744696,0.017736972399250102,0.018561974839501512
356.5,0.018617151727128967,0.0008250021751744696,0.0177921481805001,0.01861715062075151
357.0,0.018676142678159962,0.0008250021751744696,0.017851138751213847,0.018676141191465257
357.5,0.01873515235693433,0.0008250021751744696,0.01791014849913681,0.01873515093938822
358.0,0.018794177882260787,0.0008250021751744696,0.017969174473929105,0.018794176914180515
358.5,0.018853227897713192,0.0008250021751744696,0.018028224051440434,0.018853226491691844
359.0,0.01891230240329155,0.0008250021751744696,0.018087298706840733,0.018912301147092143
359.5,0.018971391314826343,0.0008250021751744696,0.018146388113940433,0.018971390554191843
360.0,0.019030510478869667,0.0008250021751744696,0.018205507024438922,0.019030509464690332
360.5,0.019089645489465075,0.0008250021751744696,0.018264642161806746,0.019089644602058156
361.0,0.019148809311973363,0.0008250021751744696,0.018323805327403422,0.019148807767654832
361.5,0.019207994743416317,0.0008250021751744696,0.018382992095719135,0.019207994535970545
362.0,0.019267206105580862,0.0008250021751744696,0.018442202466753876,0.019267204907005286
362.5,0.019326437636084427,0.0008250021751744696,0.018501434965337713,0.019326437405589123
363.0,0.019385695097309585,0.0008250021751744696,0.018560691066640583,0.019385693506891993
363.5,0.01944497272687376,0.0008250021751744696,0.018619969295492547,0.019444971735743957
364.0,0.01950427628715953,0.0008250021751744696,0.018679272602233486,0.019504275042484896
364.5,0.01956360145637996,0.0008250021751744696,0.018738598036523516,0.019563600476774926
365.0,0.019622943912748124,0.0008250021751744696,0.01879794117285282,0.01962294361310423
365.5,0.019682315181029166,0.0008250021751744696,0.018857312337410975,0.019682314777662385
366.0,0.019741705177053585,0.0008250021751744696,0.01891670120400841,0.01974170364425982
366.5,0.019801121103799595,0.0008250021751744696,0.018976118098834694,0.019801120539086104
367.0,0.019860558639480268,0.0008250021751744696,0.01903555564604013,0.01986055808629154
367.5,0.019920014902904314,0.0008250021751744696,0.019095010895284845,0.019920013335536255
368.0,0.0199794985376456,0.0008250021751744696,0.019154495647928347,0.019979498088179757
368.5,0.020038999459534614,0.0008250021751744696,0.01921399662744119,0.0200389990676926
369.0,0.020098520549762647,0.0008250021751744696,0.019273516784163242,0.020098519224414652
369.5,0.020158066130116628,0.0008250021751744696,0.01933306201877427,0.02015806445902568
370.0,0.020217633319405272,0.0008250021751744696,0.01939262938093439,0.0202176318211858
370.5,0.02027721923643729,0.0008250021751744696,0.019452215920303727,0.020277218360555137
371.0,0.020336832524786543,0.0008250021751744696,0.019511829012731973,0.020336831452983383
371.5,0.020396468862666103,0.0008250021751744696,0.019571465707879255,0.020396468148130665
372.0,0.020456132571862903,0.0008250021751744696,0.019631128956085448,0.020456131396336858
372.5,0.0205158092464205,0.0008250021751744696,0.019690805480821097,0.020515807921072507
373.0,0.02057551041110405,0.0008250021751744696,0.01975050708344572,0.02057550952369713
373.5,0.020635240387700475,0.0008250021751744696,0.019810236714299195,0.020635239154550605
374.0,0.02069498621084899,0.0008250021751744696,0.019869982572022004,0.020694985012273414
374.5,0.0207547579647191,0.0008250021751744696,0.019929754982803725,0.020754757423055135
375.0,0.02081454844633258,0.0008250021751744696,0.019989545095624724,0.020814547535876134
375.5,0.02087436341807201,0.0008250021751744696,0.020049360286334694,0.020874362726586104
376.0,0.02093420432053304,0.0008250021751744696,0.020109200554933634,0.020934202995185044
376.5,0.020994062510141794,0.0008250021751744696,0.020169058525571854,0.020994060965823264
377.0,0.021053939427493923,0.0008250021751744696,0.020228935673419286,0.021053938113670696
377.5,0.021113839394376357,0.0008250021751744696,0.02028883642398575,0.02111383886423716
378.0,0.02117376673257603,0.0008250021751744696,0.020348763727611126,0.021173766167862536
378.5,0.021233705595540855,0.0008250021751744696,0.02040870283259602,0.02123370527284743
379.0,0.021293677592205497,0.0008250021751744696,0.020468674391319587,0.021293676831570997
379.5,0.021353665435422223,0.0008250021751744696,0.020528662176912488,0.021353664617163898
380.0,0.021413679209360544,0.0008250021751744696,0.02058867504039436,0.02141367748064577
380.5,0.02147371171104224,0.0008250021751744696,0.020648708556255387,0.021473710996506797
381.0,0.021533767262254238,0.0008250021751744696,0.020708764199665507,0.021533766639916917
381.5,0.021593853065974764,0.0008250021751744696,0.02076884934647442,0.02159385178672583
382.0,0.02165396047862995,0.0008250021751744696,0.020828956620832426,0.021653959061083836
382.5,0.021714083737837224,0.0008250021751744696,0.02088908012205977,0.02171408256231118
383.0,0.021774234368361737,0.0008250021751744696,0.02094923017634602,0.02177423261659743
383.5,0.02183440372662962,0.0008250021751744696,0.02100940088301143,0.02183440332326284
384.0,0.021894603337406032,0.0008250021751744696,0.02106959961790569,0.0218946020581571
384.5,0.021954824557117104,0.0008250021751744696,0.021129820480349042,0.021954822920600452
385.0,0.022015068826358484,0.0008250021751744696,0.02119006494551143,0.02201506738576284
385.5,0.022075327501556306,0.0008250021751744696,0.021250324162373213,0.022075326602624623
386.0,0.022135612107475718,0.0008250021751744696,0.02131060845712397,0.02213561089737538
386.5,0.02219592264411673,0.0008250021751744696,0.021370919304933636,0.022195921745185046
387.0,0.022256254789692398,0.0008250021751744696,0.021431250805122457,0.022256253245373867
387.5,0.022316609984798372,0.0008250021751744696,0.02149160590803031,0.02231660834828172
388.0,0.022376982467052078,0.0008250021751744696,0.02155197871297744,0.02237698115322885
388.5,0.022437385201814312,0.0008250021751744696,0.021612381021323363,0.022437383461574773
389.0,0.022498632125624,0.0008250021751744696,0.02167362860204466,0.02249863104229607
389.5,0.02256844194994232,0.0008250021751744696,0.021743438069095268,0.022568440509346678
390.0,0.022638274823790952,0.0008250021751744696,0.021813271138864904,0.022638273579116314
390.5,0.022708153796700194,0.0008250021751744696,0.02188314993890267,0.02270815237915408
391.0,0.02277805293794845,0.0008250021751744696,0.021953049391319587,0.022778051831570997
391.5,0.022847998178257323,0.0008250021751744696,0.022022994574004633,0.022847997014256043
392.0,0.022917967908692143,0.0008250021751744696,0.02209296483457865,0.02291796727483006
392.5,0.022987986619378866,0.0008250021751744696,0.022162983775760675,0.022987986216012085
393.0,0.023058032701382826,0.0008250021751744696,0.022233029270001613,0.023058031710253023
393.5,0.023128111917086597,0.0008250021751744696,0.022303108693151157,0.023128111133402567
394.0,0.023198230028872762,0.0008250021751744696,0.022373226470719133,0.023198228910970543
394.5,0.0232683798337631,0.0008250021751744696,0.02244337670202578,0.02326837914227719
395.0,0.023338572856522757,0.0008250021751744696,0.022513569713260673,0.023338572153512083
395.5,0.023408803334769166,0.0008250021751744696,0.02258379960374406,0.02340880204399547
396.0,0.023479066946715386,0.0008250021751744696,0.022654063423136053,0.023479065863387463
396.5,0.023549363692361422,0.0008250021751744696,0.022724359696266717,0.023549362136518127
397.0,0.023619703655876782,0.0008250021751744696,0.02279470022449557,0.02361970266474698
397.5,0.023690079634283243,0.0008250021751744696,0.02286507615680297,0.02369007859705438
398.0,0.02376049162758081,0.0008250021751744696,0.02293548749318892,0.02376048993344033
398.5,0.02383093675457819,0.0008250021751744696,0.023005932758483484,0.023830935198734894
399.0,0.023901429421231826,0.0008250021751744696,0.023076425229216112,0.023901427669467522
399.5,0.02397195234039399,0.0008250021751744696,0.023146948678517472,0.023971951118768882
400.0,0.024042521358616762,0.0008250021751744696,0.02321751785808696,0.02404252029833837
400.5,0.024113132154113218,0.0008250021751744696,0.023288128342414754,0.024113130782666164
401.0,0.024183777523905128,0.0008250021751744696,0.02335877275565116,0.02418377519590257
401.5,0.024254470433353298,0.0008250021751744696,0.023429465849495568,0.024254468289746978
402.0,0.02432520079828821,0.0008250021751744696,0.023500195822588468,0.024325198262839878
402.5,0.024395959975136012,0.0008250021751744696,0.023570956774250102,0.024395959214501512
403.0,0.02446676813223571,0.0008250021751744696,0.0236417649313498,0.02446676737160121
403.5,0.02453761662601344,0.0008250021751744696,0.023712614393207803,0.024537616833459213
404.0,0.024608496812895345,0.0008250021751744696,0.023783491883294663,0.024608494323546073
404.5,0.024679431742411728,0.0008250021751744696,0.023854428380179104,0.024679430820430514
405.0,0.0247503926026497,0.0008250021751744696,0.023925389954952518,0.024750392395203928
405.5,0.024821405324330862,0.0008250021751744696,0.023996401685503876,0.024821404125755286
406.0,0.02489245838269006,0.0008250021751744696,0.024067454720813546,0.024892457161064956
406.5,0.02496354025296214,0.0008250021751744696,0.024138537259522003,0.024963539699773413
407.0,0.02503467110348612,0.0008250021751744696,0.024209667003668528,0.025034669443919938
407.5,0.025105842290688136,0.0008250021751744696,0.024280838052573365,0.025105840492824775
408.0,0.02517705381456819,0.0008250021751744696,0.024352050406236506,0.025177052846487916
408.5,0.025248308556317562,0.0008250021751744696,0.024423304064657956,0.025248306504909366
409.0,0.025319600753553686,0.0008250021751744696,0.024494596077497835,0.025319598517749245
409.5,0.02539093616865913,0.0008250021751744696,0.0245659323454359,0.02539093478568731
410.0,0.02546232632639905,0.0008250021751744696,0.024637321719491793,0.025462324159743203
410.5,0.02553375105843443,0.0008250021751744696,0.024708746497626232,0.025533748937877642
411.0,0.025605216127147848,0.0008250021751744696,0.024780212580518983,0.025605215020770393
411.5,0.025676733057304453,0.0008250021751744696,0.024851728819189678,0.025676731259441088
412.0,0.02574829320533038,0.0008250021751744696,0.02492328931295856,0.02574829175320997
412.5,0.025819887927651764,0.0008250021751744696,0.024994885210805992,0.025819887651057402
413.0,0.025891528749033763,0.0008250021751744696,0.02506652536375161,0.02589152780400302
413.5,0.02596321855066766,0.0008250021751744696,0.025138215672475175,0.025963218112726585
414.0,0.026034954451362172,0.0008250021751744696,0.02520995023629693,0.02603495267654834
414.5,0.026106727807543428,0.0008250021751744696,0.02528172315453711,0.02610672559478852
415.0,0.026178550143976586,0.0008250021751744696,0.025353546228555235,0.026178548668806645
415.5,0.026250415698279066,0.0008250021751744696,0.02542541060733167,0.02625041304758308
416.0,0.02632232447045087,0.0008250021751744696,0.025497322191546174,0.026322324631797584
416.5,0.026394285104065864,0.0008250021751744696,0.02556928098119874,0.02639428342145015
417.0,0.026466280311976315,0.0008250021751744696,0.02564127517492986,0.02646627761518127
417.5,0.026538324500138665,0.0008250021751744696,0.02571331952443892,0.02653832196469033
418.0,0.02661041478736163,0.0008250021751744696,0.02578541107938605,0.02661041351963746
418.5,0.026682551173645205,0.0008250021751744696,0.02585754688943137,0.02668254932968278
419.0,0.026754742302563254,0.0008250021751744696,0.025929738755934392,0.026754741196185802
419.5,0.026826979530541917,0.0008250021751744696,0.0260019748775356,0.02682697731778701
420.0,0.026899259976389905,0.0008250021751744696,0.026074255254234995,0.026899257694486405
420.5,0.02697158075891593,0.0008250021751744696,0.026146576935692698,0.026971579375944108
421.0,0.027043962046459,0.0008250021751744696,0.026218957623947985,0.027043960064199395
421.5,0.027116395195445266,0.0008250021751744696,0.026291391418321097,0.027116393858572507
422.0,0.02718984252376499,0.0008250021751744696,0.026364840129612637,0.027189842569864047
422.5,0.02727042944409696,0.0008250021751744696,0.026445425713071853,0.027270428153323263
423.0,0.027351073988254697,0.0008250021751744696,0.02652607030332865,0.02735107274358006
423.5,0.027431781918620776,0.0008250021751744696,0.02660677685072291,0.02743177929097432
424.0,0.027512550354003906,0.0008250021751744696,0.02668754535525463,0.02751254779550604
424.5,0.027593376413212804,0.0008250021751744696,0.02676837286658394,0.02759337530683535
425.0,0.027674257215056175,0.0008250021751744696,0.02684925348403107,0.02767425592428248
425.5,0.027755195640725313,0.0008250021751744696,0.02693019310827578,0.02775519554852719
426.0,0.027836200333794078,0.0008250021751744696,0.027011197639997833,0.027836200080249243
426.5,0.027917265531879898,0.0008250021751744696,0.02709226117851747,0.02791726361876888
427.0,0.02799839123498277,0.0008250021751744696,0.02717338667417457,0.02799838911442598
427.5,0.028079583205485273,0.0008250021751744696,0.02725458002764889,0.0280795824679003
428.0,0.028160821275048386,0.0008250021751744696,0.0273358176362214,0.02816082007647281
428.5,0.028242128493202418,0.0008250021751744696,0.027417126052951008,0.028242128493202418
429.0,0.028323493335182214,0.0008250021751744696,0.027498490526138317,0.028323492966389727
429.5,0.02840492444456164,0.0008250021751744696,0.02757991990680297,0.02840492234705438
430.0,0.028486416058958117,0.0008250021751744696,0.027661411244605087,0.028486413684856497
430.5,0.02856796817837165,0.0008250021751744696,0.02774296453954466,0.02856796697979607
431.0,0.02864958368399352,0.0008250021751744696,0.0278245797916217,0.02864958223187311
431.5,0.02873125681344116,0.0008250021751744696,0.027906254050496324,0.028731256490747734
432.0,0.028812996210288426,0.0008250021751744696,0.02798799321684829,0.0288129956570997
432.5,0.028894798993344035,0.0008250021751744696,0.028069794340337715,0.028894796780589125
433.0,0.02897666804379927,0.0008250021751744696,0.02815166332164436,0.02897666576189577
433.5,0.02905853133187193,0.0008250021751744696,0.02823352640227125,0.02905852884252266
434.0,0.02914031394658852,0.0008250021751744696,0.0283153098237214,0.02914031226397281
434.5,0.029222171472278607,0.0008250021751744696,0.028397167003668528,0.029222169443919938
435.0,0.029304101027750898,0.0008250021751744696,0.02847909794211264,0.02930410038236405
435.5,0.029386099731814105,0.0008250021751744696,0.028561096738373967,0.029386099178625377
436.0,0.02946816470327694,0.0008250021751744696,0.02864316044211264,0.02946816288236405
436.5,0.029550301704521987,0.0008250021751744696,0.028725297904348288,0.029550300344599698
437.0,0.029632507854357948,0.0008250021751744696,0.02880750322440116,0.02963250566465257
437.5,0.029714783152784825,0.0008250021751744696,0.02888977935261113,0.02971478179286254
438.0,0.029797136243376487,0.0008250021751744696,0.028972132189657957,0.029797134629909367
438.5,0.029879552720176488,0.0008250021751744696,0.029054549934182126,0.029879552374433536
439.0,0.029962041226758697,0.0008250021751744696,0.029137038486863394,0.029962040927114804
439.5,0.03004460176312311,0.0008250021751744696,0.029219597847701763,0.030044600287953173
440.0,0.03012723721046102,0.0008250021751744696,0.029302233917376987,0.030127236357628397
440.5,0.03020993892519856,0.0008250021751744696,0.029384934894529556,0.030209937334780966
441.0,0.030292721313292165,0.0008250021751744696,0.02946771848119874,0.03029272092145015
441.5,0.030375569968785404,0.0008250021751744696,0.029550566975345267,0.030375569415596677
442.0,0.03045849065406085,0.0008250021751744696,0.02963348627764889,0.0304584887179003
442.5,0.030541520824605244,0.0008250021751744696,0.029716517692867924,0.030541520133119334
443.0,0.03063035659559544,0.0008250021751744696,0.029805352426629253,0.030630354866880663
443.5,0.030719932832746707,0.0008250021751744696,0.029894927695700253,0.030719930135951663
444.0,0.030809581099680183,0.0008250021751744696,0.02998457672326823,0.03080957916351964
444.5,0.03089932444592617,0.0008250021751744696,0.030074320161712336,0.030899322601963746
445.0,0.030989148465528228,0.0008250021751744696,0.03016414325933318,0.03098914569958459
445.5,0.031079058920868933,0.0008250021751744696,0.030254054867150403,0.031079057307401813
446.0,0.03116906733671344,0.0008250021751744696,0.030344063836183634,0.031169066276435044
446.5,0.03125914778234015,0.0008250021751744696,0.030434143613373967,0.031259146053625377
447.0,0.031349317544896796,0.0008250021751744696,0.030524314851100555,0.031349317291351965
447.5,0.03143958238676595,0.0008250021751744696,0.030614577549363392,0.0314395799896148
448.0,0.03152993366437376,0.0008250021751744696,0.03070492875782261,0.03152993119807402
448.5,0.03162037137772021,0.0008250021751744696,0.030795368476478197,0.03162037091672961
449.0,0.03171090705157047,0.0008250021751744696,0.03088590260600992,0.03171090504626133
449.5,0.03180152339877679,0.0008250021751744696,0.030976519345058257,0.03180152178530967
450.0,0.031892231944104336,0.0008250021751744696,0.03106722754464285,0.03189222998489426
450.5,0.03198302404397924,0.0008250021751744696,0.031158021304083936,0.03198302374433535
451.0,0.03207391698554923,0.0008250021751744696,0.031248912424741038,0.03207391486499245
451.5,0.03216489924404917,0.0008250021751744696,0.03133989500593439,0.0321648974461858
452.0,0.03225597081947903,0.0008250021751744696,0.03143096609732412,0.03225596853757553
452.5,0.032347125949456254,0.0008250021751744696,0.031522122748570344,0.032347125188821754
453.0,0.03243838768351114,0.0008250021751744696,0.03161338266171233,0.03243838510196374
453.5,0.032529724328539525,0.0008250021751744696,0.03170471928369119,0.0325297217239426
454.0,0.032621158934071706,0.0008250021751744696,0.03179615621722593,0.03262115865747734
454.5,0.03271270014368155,0.0008250021751744696,0.031887696412656444,0.032712698852907854
455.0,0.03280431914545618,0.0008250021751744696,0.0319793162672637,0.03280431870751511
455.5,0.03289604475130847,0.0008250021751744696,0.032071039383766715,0.032896041824018125
456.0,0.03298785103051684,0.0008250021751744696,0.03216284806012623,0.03298785050037764
456.5,0.03307975527022901,0.0008250021751744696,0.032254751147361885,0.033079753587613295
457.0,0.03317176323282755,0.0008250021751744696,0.032346760446833184,0.033171762887084594
457.5,0.033263860512356025,0.0008250021751744696,0.032438855306160974,0.033263857746412384
458.0,0.0333560557523883,0.0008250021751744696,0.03253105047704466,0.03335605291729607
458.5,0.0334483431905418,0.0008250021751744696,0.03262334005880448,0.03344834249905589
459.0,0.0335407285891991,0.0008250021751744696,0.03271572405144043,0.03354072649169184
459.5,0.03363320618597763,0.0008250021751744696,0.032808202454952515,0.033633204895203925
460.0,0.03372578750564253,0.0008250021751744696,0.03290078412036037,0.03372578656061178
460.5,0.03381846102342865,0.0008250021751744696,0.03299345724630448,0.03381845968655589
461.0,0.03391124114529244,0.0008250021751744696,0.03308623658448424,0.03391123902473565
461.5,0.03400410770289487,0.0008250021751744696,0.033179104432860373,0.034004106873111783
462.0,0.03409708662695755,0.0008250021751744696,0.03327208144381203,0.03409708388406344
462.5,0.03419016063033274,0.0008250021751744696,0.03336515581597971,0.03419015825623112
463.0,0.03428335564374203,0.0008250021751744696,0.03345835115208243,0.03428335359233384
463.5,0.03437951540298692,0.0008250021751744696,0.0335545115797637,0.03437951402001511
464.0,0.03447817027388743,0.0008250021751744696,0.03365316504464285,0.03447816748489426
464.5,0.03457692886767431,0.0008250021751744696,0.033751924721757656,0.034576927162009066
465.0,0.034675805590304004,0.0008250021751744696,0.03385080241246762,0.03467580485271903
465.5,0.03477479756058523,0.0008250021751744696,0.033949792216093004,0.034774794656344414
466.0,0.034873893253752834,0.0008250021751744696,0.034048888231954025,0.034873890672205435
466.5,0.034973101313380675,0.0008250021751744696,0.03414809636073046,0.03497309880098187
467.0,0.03507242750185134,0.0008250021751744696,0.03424742250310207,0.03507242494335348
467.5,0.035171860294399664,0.0008250021751744696,0.034346854857709316,0.035171857297960726
468.0,0.03527142274055596,0.0008250021751744696,0.03444641997761113,0.03527142241786254
468.5,0.03537108026602477,0.0008250021751744696,0.03454607655804919,0.0353710789983006
469.0,0.035470858801527685,0.0008250021751744696,0.034645854102422304,0.035470856542673714
469.5,0.03557075258468213,0.0008250021751744696,0.03474574966039058,0.03557075210064199
470.0,0.03567075585310553,0.0008250021751744696,0.03484575143059451,0.03567075387084592
470.5,0.03577087436918045,0.0008250021751744696,0.0349458712143936,0.03577087365464501
471.0,0.03587110813290691,0.0008250021751744696,0.035046103111108104,0.035871105551359514
471.5,0.03597145138190232,0.0008250021751744696,0.035146447120738014,0.035971449560989424
472.0,0.03607190411616668,0.0008250021751744696,0.03524690029294345,0.03607190273319486
472.5,0.03617247786046515,0.0008250021751744696,0.03534747442908394,0.03617247686933535
473.0,0.036273172614797726,0.0008250021751744696,0.03544816952915947,0.03627317196941088
473.5,0.03637397109201668,0.0008250021751744696,0.03554896789113077,0.03637397033138218
474.0,0.03647489346046102,0.0008250021751744696,0.03564989016737699,0.0364748926076284
474.5,0.036575928195365606,0.0008250021751744696,0.03575092455653862,0.03657592699679003
475.0,0.036677086821495584,0.0008250021751744696,0.035852082859975175,0.036677085300226585
475.5,0.03677835781408581,0.0008250021751744696,0.03595335327632714,0.03677835571657855
476.0,0.03687974693551885,0.0008250021751744696,0.03605474170627427,0.03687974414652568
476.5,0.03698125130460342,0.0008250021751744696,0.036156248149816564,0.036981250590067974
477.0,0.037082896852061106,0.0008250021751744696,0.03625789325933318,0.03708289569958459
477.5,0.037188368621549575,0.0008250021751744696,0.03636336495967306,0.03718836739992447
478.0,0.03729440510453054,0.0008250021751744696,0.03646940017492986,0.03729440261518127
478.5,0.03740057700350205,0.0008250021751744696,0.03657557405616098,0.03740057649641239
479.0,0.03750687279369896,0.0008250021751744696,0.03668186890132714,0.03750687134157855
479.5,0.03761330976226899,0.0008250021751744696,0.0367883053628075,0.03761330780305891
480.0,0.03771986485968184,0.0008250021751744696,0.03689485983788303,0.03771986227813444
480.5,0.03782655249189394,0.0008250021751744696,0.03700154707825312,0.03782654951850453
481.0,0.03793337842128788,0.0008250021751744696,0.037108372984597536,0.037933375424848946
481.5,0.03804032536071593,0.0008250021751744696,0.037215319854876985,0.038040322295128395
482.0,0.038147404834943235,0.0008250021751744696,0.037322399490451005,0.038147401930702415
482.5,0.038254637012308815,0.0008250021751744696,0.03742963254369874,0.03825463498395015
483.0,0.03836199596209108,0.0008250021751744696,0.03753699246156128,0.03836199490181269
483.5,0.038469473040716164,0.0008250021751744696,0.0376444674426791,0.03846946988293051
484.0,0.038577097060096946,0.0008250021751744696,0.03775209289113077,0.03857709533138218
484.5,0.03868485361427699,0.0008250021751744696,0.03785984815453711,0.03868485059478852
485.0,0.03879274846563887,0.0008250021751744696,0.037967745034257656,0.038792747474509066
485.5,0.03890077297060871,0.0008250021751744696,0.038075768778593,0.03890077121884441
486.0,0.039008938653951684,0.0008250021751744696,0.03818393413924255,0.03900893657949396
486.5,0.03911723110971134,0.0008250021751744696,0.038292226364506896,0.039117228804758306
487.0,0.03922565610027025,0.0008250021751744696,0.03840065135506581,0.03922565379531722
487.5,0.03933422226920229,0.0008250021751744696,0.03850921796193892,0.03933422040219033
488.0,0.0394429411412726,0.0008250021751744696,0.03861793798648575,0.03944294042673716
488.5,0.03955177526099444,0.0008250021751744696,0.038726770123947984,0.039551772564199394
489.0,0.039660747677898116,0.0008250021751744696,0.03883574387772442,0.03966074631797583
489.5,0.03976985839198363,0.0008250021751744696,0.038944853347135294,0.039769855787386704
490.0,0.03987909587848583,0.0008250021751744696,0.03905409263150086,0.03987909507175227
490.5,0.039988494711700164,0.0008250021751744696,0.03916349123421989,0.0399884936744713
491.0,0.04009876366468355,0.0008250021751744696,0.03927376018720327,0.04009876262745468
491.5,0.040212426661004476,0.0008250021751744696,0.039387422031047684,0.040212424471299094
492.0,0.040326239479272386,0.0008250021751744696,0.03950123434222593,0.04032623678247734
492.5,0.040440199238296004,0.0008250021751744696,0.03961519417039814,0.04044019661064955
493.0,0.04055431458164918,0.0008250021751744696,0.03972931036658394,0.04055431280683535
493.5,0.04066859703409708,0.0008250021751744696,0.03984359178180297,0.04066859422205438
494.0,0.04078300914015295,0.0008250021751744696,0.039958005962316565,0.040783008402567975
494.5,0.040897579711729665,0.0008250021751744696,0.040072576510843755,0.040897578951095165
495.0,0.04101230298644466,0.0008250021751744696,0.04018729752670478,0.04101229996695619
495.5,0.041127181845489226,0.0008250021751744696,0.04030217786091928,0.04112718030117069
496.0,0.04124221052648078,0.0008250021751744696,0.04041720571212774,0.04124220815237915
496.5,0.041357400554184465,0.0008250021751744696,0.040532395832029555,0.041357398272280965
497.0,0.041472746166217725,0.0008250021751744696,0.04064774231994497,0.04147274476019638
497.5,0.04158824448138926,0.0008250021751744696,0.04076323927519421,0.04158824171544562
498.0,0.04170390414327293,0.0008250021751744696,0.040878898499136805,0.041703900939388215
498.5,0.04181971650829488,0.0008250021751744696,0.04099471114075312,0.04181971358100453
499.0,0.04193570174479413,0.0008250021751744696,0.04111069785242231,0.04193570029267372
499.5,0.04205183104085778,0.0008250021751744696,0.04122682618040569,0.0420518286206571
500.0,0.04216810727767714,0.0008250021751744696,0.04134310202538303,0.04216810446563444
500.5,0.04228455062359121,0.0008250021751744696,0.04145954603973349,0.0422845484799849
501.0,0.04240114091026099,0.0008250021751744696,0.04157613757107789,0.0424011400113293
501.5,0.04251789830602548,0.0008250021751744696,0.04169289432145554,0.04251789676170695
502.0,0.04263481704850211,0.0008250021751744696,0.04180981334052654,0.04263481578077795
502.5,0.04275188849411702,0.0008250021751744696,0.04192688282693137,0.04275188526718278
503.0,0.04286912704882665,0.0008250021751744696,0.042044123433049196,0.042869125873300606
503.5,0.042986532712631,0.0008250021751744696,0.04216152925820025,0.04298653169845166
504.0,0.043104111247912635,0.0008250021751744696,0.0422791062030643,0.04310410864331571
504.5,0.04322185112990642,0.0008250021751744696,0.042396845416621705,0.043221847856873115
505.0,0.043340524517877586,0.0008250021751744696,0.042515519887920794,0.043340522328172204
505.5,0.04346065290744931,0.0008250021751744696,0.04263564887678031,0.04346065131703172
506.0,0.04358094264373318,0.0008250021751744696,0.0427559371839933,0.04358093962424471
506.5,0.04370141965745079,0.0008250021751744696,0.042876414312958556,0.043701416753209966
507.0,0.04382238647368739,0.0008250021751744696,0.04299738119834376,0.04382238363859517
507.5,0.04394371632002632,0.0008250021751744696,0.04311871097553409,0.0439437134157855
508.0,0.044065216156651245,0.0008250021751744696,0.043240211872437415,0.044065214312688825
508.5,0.0441869061519012,0.0008250021751744696,0.043361901591093,0.04418690403134441
509.0,0.044309212722086835,0.0008250021751744696,0.043484207930783336,0.044309210371034746
509.5,0.04443177283710584,0.0008250021751744696,0.043606767999703276,0.044431770439954686
510.0,0.044554500061219554,0.0008250021751744696,0.043729496237996324,0.044554498678247734
510.5,0.04467752116684467,0.0008250021751744696,0.04385251655993741,0.04467751900018882
511.0,0.04480122799599639,0.0008250021751744696,0.043976224311070344,0.044801226751321754
511.5,0.04492512498377313,0.0008250021751744696,0.04410012088395554,0.04492512332420695
512.0,0.04504921501136618,0.0008250021751744696,0.04422420922893288,0.04504921166918429
512.5,0.045173489435201684,0.0008250021751744696,0.044348483445322606,0.045173485885574016
513.0,0.045297948255279635,0.0008250021751744696,0.044472943533124726,0.045297945973376136
513.5,0.04542296890765879,0.0008250021751744696,0.04459796418550388,0.04542296662575529
514.0,0.045548525461617556,0.0008250021751744696,0.04472352179974104,0.04554852423999245
514.5,0.04567427505539263,0.0008250021751744696,0.04484927118607034,0.04567427362632175
515.0,0.0458002234513666,0.0008250021751744696,0.044975218245171554,0.045800220685422964
515.5,0.04592635624358301,0.0008250021751744696,0.045101351175685145,0.045926353615936555
516.0,0.04605267631323316,0.0008250021751744696,0.045227672927951004,0.046052675368202414
516.5,0.04617979447287015,0.0008250021751744696,0.04535479127198424,0.04617979371223565
517.0,0.0463071921080621,0.0008250021751744696,0.04548218694796611,0.04630718938821752
517.5,0.04643476837711392,0.0008250021751744696,0.045609762594680615,0.046434765034932025
518.0,0.046562540567173336,0.0008250021751744696,0.045737535914167016,0.046562538354418426
518.5,0.04669050291585778,0.0008250021751744696,0.04586549805540569,0.0466905004956571
519.0,0.046818842700600986,0.0008250021751744696,0.04599383784014889,0.0468188402804003
519.5,0.04694788261482723,0.0008250021751744696,0.04612287685544345,0.04694787929569486
520.0,0.047077112687678495,0.0008250021751744696,0.04625210764283016,0.04707711008308157
520.5,0.04720654732511123,0.0008250021751744696,0.04638154200366853,0.04720654444391994
521.0,0.04733617500236027,0.0008250021751744696,0.046511171086938925,0.047336173527190335
521.5,0.04746598419466048,0.0008250021751744696,0.046640980140941944,0.047465982581193354
522.0,0.04759639267474863,0.0008250021751744696,0.04677138811394043,0.04759639055419184
522.5,0.04772725062067775,0.0008250021751744696,0.046902244538600556,0.047727246978851966
523.0,0.04785831024999705,0.0008250021751744696,0.04703330453671234,0.04785830697696375
523.5,0.047989565800323944,0.0008250021751744696,0.047164562207596024,0.047989564647847434
524.0,0.04812102015284973,0.0008250021751744696,0.047296014600911734,0.048121017041163144
524.5,0.04825268195114827,0.0008250021751744696,0.04742767646835886,0.04825267890861027
525.0,0.0483851533641988,0.0008250021751744696,0.04756014672893288,0.04838514916918429
525.5,0.0485178783220827,0.0008250021751744696,0.04769287366907638,0.04851787610932779
526.0,0.04865081072573935,0.0008250021751744696,0.04782580418267155,0.04865080662292296
526.5,0.04878431936765366,0.0008250021751744696,0.04795931591322291,0.04878431835347432
527.0,0.04891839272306045,0.0008250021751744696,0.04809338820835131,0.04891839064860272
527.5,0.04905288673239532,0.0008250021751744696,0.04822787945174255,0.04905288189199396
528.0,0.04918802036619618,0.0008250021751744696,0.04836301386922744,0.04918801630947885
528.5,0.04932339602006526,0.0008250021751744696,0.048498390214582424,0.049323392654833834
529.0,0.049459007931619975,0.0008250021751744696,0.048634002587127745,0.049459005027379155
529.5,0.04959485610086032,0.0008250021751744696,0.04876985098686339,0.0495948534271148
530.0,0.0497309405277863,0.0008250021751744696,0.04890593836412926,0.04973094080438067
530.5,0.049867658816795696,0.0008250021751744696,0.049042651213449494,0.049867653653700904
531.0,0.050004820809263474,0.0008250021751744696,0.049179818415111126,0.050004820855362536
531.5,0.05014220753465174,0.0008250021751744696,0.049317203941923814,0.050142206382175224
532.0,0.05027984780487337,0.0008250021751744696,0.049454843197966114,0.050279845638217524
532.5,0.05041771857039806,0.0008250021751744696,0.049592712580518984,0.050417715020770394
533.0,0.05055584288075611,0.0008250021751744696,0.04973083569230146,0.05055583813255287
533.5,0.050694750875144565,0.0008250021751744696,0.04986974359449179,0.0506947460347432
534.0,0.050833906651983805,0.0008250021751744696,0.050008899325231976,0.050833901765483386
534.5,0.05097332173603899,0.0008250021751744696,0.05014831468588152,0.05097331712613293
535.0,0.05111296155301466,0.0008250021751744696,0.050287954272361886,0.051112956712613296
535.5,0.051252877964353995,0.0008250021751744696,0.05042787119079089,0.0512528736310423
536.0,0.0513931919800911,0.0008250021751744696,0.05056818935544345,0.05139319179569486
536.5,0.051534162907441936,0.0008250021751744696,0.05070915659486944,0.05153415903512085
537.0,0.05167537585486098,0.0008250021751744696,0.05085037166284527,0.05167537410309668
537.5,0.051816813535200505,0.0008250021751744696,0.050991810956651916,0.051816813396903326
538.0,0.051958522047521126,0.0008250021751744696,0.05113351578104768,0.05195851822129909
538.5,0.052100472579909955,0.0008250021751744696,0.051275468433993304,0.052100470874244714
539.0,0.052242999350556436,0.0008250021751744696,0.051417993452875475,0.052242995893126885
539.5,0.05238597558704388,0.0008250021751744696,0.05156097282409904,0.05238597526435045
540.0,0.05252921689312984,0.0008250021751744696,0.05170421182523197,0.05252921426548338
540.5,0.05267271174404917,0.0008250021751744696,0.05184770455559451,0.05267270699584592
541.0,0.05281645437741928,0.0008250021751744696,0.05199145101518666,0.05281645345543807
541.5,0.05296046784277049,0.0008250021751744696,0.05213546300536793,0.05296046544561934
542.0,0.05310521313070891,0.0008250021751744696,0.05228020667983922,0.05310520912009063
542.5,0.05325024653777615,0.0008250021751744696,0.05242523948761868,0.05325024192787009
543.0,0.05339553348967676,0.0008250021751744696,0.052570526024627744,0.053395528464879154
543.5,0.05354107974879331,0.0008250021751744696,0.05271607219154617,0.05354107463179758
544.0,0.05368690836465611,0.0008250021751744696,0.052861901591093004,0.053686904031344414
544.5,0.053833082723473494,0.0008250021751744696,0.05300807913074557,0.05383308157099698
545.0,0.053979902469139446,0.0008250021751744696,0.053154899844491794,0.053979902284743204
545.5,0.05412698728440391,0.0008250021751744696,0.05330198018814738,0.05412698262839879
546.0,0.054274342931649476,0.0008250021751744696,0.05344933786375161,0.05427434030400302
546.5,0.054421952123728405,0.0008250021751744696,0.05359694926858545,0.05442195170883686
547.0,0.054569837910171004,0.0008250021751744696,0.05374483210468817,0.05456983454493958
547.5,0.054718219261515176,0.0008250021751744696,0.053893216498570345,0.054718218938821755
548.0,0.05486708465299577,0.0008250021751744696,0.05404207884751294,0.05486708128776435
548.5,0.05501622087645747,0.0008250021751744696,0.05419121852840418,0.05501622096865559
549.0,0.05516562793190025,0.0008250021751744696,0.05434062373988454,0.05516562618013595
549.5,0.05531531734408929,0.0008250021751744696,0.054490312183993306,0.055315314624244716
550.0,0.05546527182587684,0.0008250021751744696,0.054640266158691185,0.055465268598942595
550.5,0.05561581983306977,0.0008250021751744696,0.054790816102044664,0.055615818542296074
551.0,0.055766736632747595,0.0008250021751744696,0.05494173188754315,0.05576673432779456
551.5,0.05591794155155424,0.0008250021751744696,0.0550929368063498,0.05591793924660121
552.0,0.05606941730234198,0.0008250021751744696,0.05524441315642533,0.05606941559667674
552.5,0.05622120422178885,0.0008250021751744696,0.05539619634184829,0.0562211987820997
553.0,0.056373250448451664,0.0008250021751744696,0.05554824505786037,0.05637324749811178
553.5,0.05652594782434561,0.0008250021751744696,0.05570094284864587,0.05652594528889728
554.0,0.056678933319368394,0.0008250021751744696,0.05585392977273953,0.05667893221299094
554.5,0.056832201171137416,0.0008250021751744696,0.05600719402878182,0.05683219646903323
555.0,0.056985751379652685,0.0008250021751744696,0.056160747418132276,0.056985749858383686
555.5,0.057139572420149054,0.0008250021751744696,0.05631456633807185,0.05713956877832326
556.0,0.05729378530266062,0.0008250021751744696,0.05646878060355524,0.05729378304380665
556.5,0.05744853984913437,0.0008250021751744696,0.05662353183089663,0.05744853427114804
557.0,0.05760357675235437,0.0008250021751744696,0.056778572191546174,0.057603574631797584
557.5,0.0577589017747032,0.0008250021751744696,0.05693389578482412,0.05775889822507553
558.0,0.05791454372809372,0.0008250021751744696,0.05708953801480901,0.05791454045506042
558.5,0.0580704449887002,0.0008250021751744696,0.05724543987470327,0.05807044231495468
559.0,0.05822679571514763,0.0008250021751744696,0.05740179018625916,0.05822679262651057
559.5,0.05838358438267088,0.0008250021751744696,0.05755857714811717,0.05838357958836858
560.0,0.05854066693170553,0.0008250021751744696,0.057715659143963094,0.058540661584214504
560.5,0.05869804336225158,0.0008250021751744696,0.05787303617379693,0.05869803861404834
561.0,0.05885571367430903,0.0008250021751744696,0.05803070823761868,0.05885571067787009
561.5,0.059013666343112725,0.0008250021751744696,0.05818866353406883,0.05901366597432024
562.0,0.059172137626348306,0.0008250021751744696,0.05834713218965796,0.05917213462990937
562.5,0.059332095604288614,0.0008250021751744696,0.05850708781654617,0.05933209025679758
563.0,0.059492526097600196,0.0008250021751744696,0.058667521398494814,0.059492523838746224
563.5,0.05965331385863151,0.0008250021751744696,0.05882830902122895,0.05965331146148036
564.0,0.05981441278832197,0.0008250021751744696,0.05898940937999028,0.05981441182024169
564.5,0.05997582864905412,0.0008250021751744696,0.0591508224747788,0.05997582491503021
565.0,0.060137786173748466,0.0008250021751744696,0.059312778432105084,0.060137780872356494
565.5,0.06030008367901482,0.0008250021751744696,0.05947507662885735,0.06030007906910876
566.0,0.06046270964008804,0.0008250021751744696,0.05963770526367608,0.06046270770392749
566.5,0.06062567558173326,0.0008250021751744696,0.05980067023724104,0.06062567267749245
567.0,0.06078895269203762,0.0008250021751744696,0.059963947946833185,0.060788950387084595
567.5,0.0609525928324443,0.0008250021751744696,0.06012758559789058,0.06095258803814199
568.0,0.06111675734966543,0.0008250021751744696,0.06029175431012623,0.06111675675037764
568.5,0.061281238797928274,0.0008250021751744696,0.06045623575838907,0.06128123819864048
569.0,0.06144608327629343,0.0008250021751744696,0.06062107714811717,0.06144607958836858
569.5,0.061611227398552564,0.0008250021751744696,0.06078621947251294,0.06161122191276435
570.0,0.06177672302614886,0.0008250021751744696,0.06095171583769421,0.06177671827794562
570.5,0.06194258168384748,0.0008250021751744696,0.06111757804502049,0.0619425804852719
571.0,0.06210890133215222,0.0008250021751744696,0.061283894604688166,0.062108897044939576
571.5,0.062275566723411536,0.0008250021751744696,0.06145055930446158,0.06227556174471299
572.0,0.06244256633286029,0.0008250021751744696,0.06161756034298122,0.06244256278323263
572.5,0.06260991744764621,0.0008250021751744696,0.0617849095216066,0.062609911961858
573.0,0.06277762583015188,0.0008250021751744696,0.06195261864169723,0.06277762108194863
573.5,0.06294570876752502,0.0008250021751744696,0.062120705405292395,0.0629457078455438
574.0,0.06311424117073912,0.0008250021751744696,0.062289234719869434,0.06311423716012085
574.5,0.06328308474261235,0.0008250021751744696,0.062458076770473665,0.06328307921072508
575.0,0.06345228558220532,0.0008250021751744696,0.06262727876254315,0.06345228120279456
575.5,0.06362187826381349,0.0008250021751744696,0.06279687019947669,0.0636218726397281
576.0,0.06379185126267171,0.0008250021751744696,0.0629668451805945,0.06379184762084592
576.5,0.06396218152924966,0.0008250021751744696,0.06313717420249783,0.06396217664274924
577.0,0.06413287482592994,0.0008250021751744696,0.06330786906654617,0.06413287150679758
577.5,0.06430394843986027,0.0008250021751744696,0.06347894157409904,0.06430394401435045
578.0,0.0644754138958058,0.0008250021751744696,0.06365040942719571,0.06447541186744712
578.5,0.06464724238185364,0.0008250021751744696,0.06382223722175766,0.06464723966200907
579.0,0.06481942237323865,0.0008250021751744696,0.06399441905710508,0.06481942149735649
579.5,0.06499199996902143,0.0008250021751744696,0.06416699623799632,0.06499199867824773
580.0,0.06516494059490653,0.0008250021751744696,0.06433993336035282,0.06516493580060423
580.5,0.06533825001327653,0.0008250021751744696,0.06451324222553409,0.0653382446657855
581.0,0.06551191093698369,0.0008250021751744696,0.06468690513150085,0.06551190757175226
581.5,0.06568594065317575,0.0008250021751744696,0.06486093387961264,0.06568593631986405
582.0,0.06586035644900043,0.0008250021751744696,0.06503535207258847,0.06586035451283988
582.5,0.06603512951254485,0.0008250021751744696,0.0652101243063498,0.06603512674660121
583.0,0.06621026560619159,0.0008250021751744696,0.06538526238225614,0.06621026482250755
583.5,0.06638577625470579,0.0008250021751744696,0.06556077220098726,0.06638577464123867
584.0,0.06656166145808746,0.0008250021751744696,0.06573665376254315,0.06656165620279456
584.5,0.06673789816680632,0.0008250021751744696,0.0659128952655643,0.06673789770581572
585.0,0.06691456129183582,0.0008250021751744696,0.06608955571684828,0.0669145581570997
585.5,0.06709153558552446,0.0008250021751744696,0.06626652890415946,0.06709153134441087
586.0,0.06726886138455025,0.0008250021751744696,0.06644385613225615,0.06726885857250756
586.5,0.06744658478797383,0.0008250021751744696,0.06662157870589662,0.06744658114614803
587.0,0.06762465393435199,0.0008250021751744696,0.06679964941964285,0.06762465185989426
587.5,0.0678031033979802,0.0008250021751744696,0.0669780977768936,0.06780310021714502
588.0,0.06798190436694557,0.0008250021751744696,0.06715690017492985,0.06798190261518126
588.5,0.06816109141554356,0.0008250021751744696,0.0673360861171504,0.06816108855740181
589.0,0.0683406357318613,0.0008250021751744696,0.0675156320008362,0.06834063444108761
589.5,0.06852051426636849,0.0008250021751744696,0.06769550832258847,0.06852051076283988
590.0,0.06870077311812571,0.0008250021751744696,0.06787576818852503,0.06870077062877644
590.5,0.0688814065247504,0.0008250021751744696,0.06805639979728635,0.06888140223753776
591.0,0.06906240872385999,0.0008250021751744696,0.06823740314887246,0.06906240558912387
591.5,0.06924380276498478,0.0008250021751744696,0.0684187959453226,0.06924379838557401
592.0,0.06942551949953385,0.0008250021751744696,0.06860051327915946,0.06942551571941087
592.5,0.06960781823472315,0.0008250021751744696,0.0687828147802924,0.06960781722054381
593.0,0.06979271580445442,0.0008250021751744696,0.06896771258051898,0.06979271502077039
593.5,0.06997802826573121,0.0008250021751744696,0.06915302342832864,0.06997802586858005
594.0,0.07016374985617094,0.0008250021751744696,0.06933874142304164,0.07016374386329305
594.5,0.070349874813391,0.0008250021751744696,0.06952486656465795,0.07034986900490936
595.0,0.07053633975118309,0.0008250021751744696,0.06971133394570025,0.07053633638595166
595.5,0.07072324263005098,0.0008250021751744696,0.06989823797704467,0.07072324041729608
596.0,0.07091054887569923,0.0008250021751744696,0.07008554325461264,0.07091054569486405
596.5,0.07109826425051041,0.0008250021751744696,0.07027325567908393,0.07109825811933534
597.0,0.07128640027924966,0.0008250021751744696,0.07046139295249783,0.07128639539274924
597.5,0.07147474375376169,0.0008250021751744696,0.07064973674970328,0.07147473918995469
598.0,0.07166350788220179,0.0008250021751744696,0.07083849949517156,0.07166350193542297
598.5,0.07185269266456996,0.0008250021751744696,0.07102768708958243,0.07185268952983384
599.0,0.0720423269127791,0.0008250021751744696,0.07121732313565493,0.07204232557590634
599.5,0.0722323875772989,0.0008250021751744696,0.07140738403067004,0.07223238647092145
600.0,0.07242286889574678,0.0008250021751744696,0.07159786387394798,0.07242286631419939
600.5,0.07261378815527049,0.0008250021751744696,0.07178878036752805,0.07261378280777946
601.0,0.07280497824677527,0.0008250021751744696,0.07197997419305675,0.07280497663330816
601.5,0.07299632392260963,0.0008250021751744696,0.0721713155355794,0.07299631797583081
602.0,0.0731881075395198,0.0008250021751744696,0.07236309942908394,0.07318810186933535
602.5,0.07338027147368002,0.0008250021751744696,0.07255526686677276,0.07338026930702417
603.0,0.07357289063606377,0.0008250021751744696,0.0727478827561232,0.07357288519637462
603.5,0.07376593045237562,0.0008250021751744696,0.07294092349441626,0.07376592593466767
604.0,0.07395939668499811,0.0008250021751744696,0.07313438908165192,0.07395939152190333
604.5,0.07415329509631384,0.0008250021751744696,0.07332829131918968,0.07415329375944109
605.0,0.0743472396066902,0.0008250021751744696,0.07352223486148575,0.07434723730173716
605.5,0.07454151833525598,0.0008250021751744696,0.07371651474252805,0.07454151718277946
606.0,0.07473623500489757,0.0008250021751744696,0.07391123127387246,0.07473623371412387
606.5,0.07493140114038012,0.0008250021751744696,0.0741063962568785,0.0749313986971299
607.0,0.07512696488026045,0.0008250021751744696,0.07430195658542835,0.07512695902567976
607.5,0.07532296079883402,0.0008250021751744696,0.07449795356428031,0.07532295600453172
608.0,0.07551940618324857,0.0008250021751744696,0.07469439899479391,0.07551940143504532
608.5,0.07571618002346996,0.0008250021751744696,0.07489117486337397,0.07571617730362538
609.0,0.07591293081416105,0.0008250021751744696,0.075087927129235,0.0759129295694864
609.5,0.07611012530831052,0.0008250021751744696,0.0752851219460779,0.0761101243863293
610.0,0.0763077807930661,0.0008250021751744696,0.07548277701594194,0.07630777945619335
610.5,0.07650585116936721,0.0008250021751744696,0.07568084513338907,0.07650584757364048
611.0,0.07670435948674412,0.0008250021751744696,0.07587935580181808,0.07670435824206949
611.5,0.07690329998281427,0.0008250021751744696,0.07607829131918968,0.07690329375944109
612.0,0.07710269570710795,0.0008250021751744696,0.07627768708958242,0.07710268952983383
612.5,0.07730213753046226,0.0008250021751744696,0.07647713006541325,0.07730213250566466
613.0,0.0775017407005287,0.0008250021751744696,0.07667673235959753,0.07750173479984894
613.5,0.07770178181167095,0.0008250021751744696,0.0768767772047637,0.07770177964501511
614.0,0.07790229543818449,0.0008250021751744696,0.07707728820363076,0.07790229064388217
614.5,0.07810324124339124,0.0008250021751744696,0.07727823585279996,0.07810323829305137
615.0,0.07830464803920412,0.0008250021751744696,0.07747964375499028,0.07830464619524169
615.5,0.07850651006324054,0.0008250021751744696,0.077681506009522,0.07850650844977342
616.0,0.0787088273155005,0.0008250021751744696,0.07788382261639512,0.07870882505664653
616.5,0.07891098322104831,0.0008250021751744696,0.07808597990491475,0.07891098234516616
617.0,0.07911343877049011,0.0008250021751744696,0.07828843222742231,0.07911343466767372
617.5,0.07931637836006833,0.0008250021751744696,0.0784913743063498,0.0793163767466012
618.0,0.07951971555404433,0.0008250021751744696,0.0786947117308211,0.07951971417107251
618.5,0.07972351373862643,0.0008250021751744696,0.07889850940831354,0.07972351184856495
619.0,0.07992778443857983,0.0008250021751744696,0.07910277914018665,0.07992778158043806
619.5,0.08013523021133284,0.0008250021751744696,0.07931022343776974,0.08013522587802115
620.0,0.08034431250073759,0.0008250021751744696,0.07951930812432563,0.08034431056457704
620.5,0.08055310090863092,0.0008250021751744696,0.07972809187621385,0.08055309431646526
621.0,0.08076237911904327,0.0008250021751744696,0.07993737128520176,0.08076237372545317
621.5,0.0809721471319746,0.0008250021751744696,0.08014714045060961,0.08097214289086102
622.0,0.08118239918504237,0.0008250021751744696,0.08035739347175766,0.08118239591200907
622.5,0.08139316985254201,0.0008250021751744696,0.08056816575272442,0.08139316819297583
623.0,0.0816044418473258,0.0008250021751744696,0.08077943369079088,0.08160443613104229
623.5,0.08181619211986346,0.0008250021751744696,0.08099118548459754,0.08181618792484895
624.0,0.08202822474914735,0.0008250021751744696,0.08120322051103258,0.082028222951284
624.5,0.08224003264551076,0.0008250021751744696,0.08141502541095705,0.08224002785120846
625.0,0.08245231881962801,0.0008250021751744696,0.0816273141666217,0.0824523166068731
625.5,0.08266510055864686,0.0008250021751744696,0.08184009267870629,0.0826650951189577
626.0,0.08287838938733243,0.0008250021751744696,0.08205338454992986,0.08287838699018127
626.5,0.08309218530568471,0.0008250021751744696,0.08226717797893288,0.08309218041918429
627.0,0.0833064479770257,0.0008250021751744696,0.08248144346231656,0.08330644590256797
627.5,0.08352122926279858,0.0008250021751744696,0.08269622230483922,0.08352122474509063
628.0,0.08373618918243132,0.0008250021751744696,0.0829111840684344,0.0837361865086858
628.5,0.083950918606761,0.0008250021751744696,0.08312590980483922,0.08395091224509063
629.0,0.08416615512075741,0.0008250021751744696,0.08334114890038304,0.08416615134063445
629.5,0.08438185838774252,0.0008250021751744696,0.08355685414962774,0.08438185658987915
630.0,0.08459806874439435,0.0008250021751744696,0.0837730609566519,0.08459806339690332
630.5,0.0848147689035652,0.0008250021751744696,0.08398976342077578,0.0848147658610272
631.0,0.08503197615240275,0.0008250021751744696,0.08420696744267911,0.08503196988293052
631.5,0.08524967320375933,0.0008250021751744696,0.08442466712168213,0.08524966956193354
632.0,0.08546743364132423,0.0008250021751744696,0.08464242580748273,0.08546742824773414
632.5,0.08568496934596866,0.0008250021751744696,0.08485996026745252,0.08568496270770393
633.0,0.08590300061551466,0.0008250021751744696,0.08507799628520177,0.08590299872545318
633.5,0.08612156778664028,0.0008250021751744696,0.08529656336412926,0.08612156580438067
634.0,0.08634057866122427,0.0008250021751744696,0.08551557299403861,0.08634057543429002
634.5,0.08656010815024016,0.0008250021751744696,0.08573510188376672,0.08656010432401813
635.0,0.08678012744177505,0.0008250021751744696,0.08595512052991475,0.08678012297016616
635.5,0.08700063077344634,0.0008250021751744696,0.08617562303180297,0.08700062547205438
636.0,0.0872211744417957,0.0008250021751744696,0.0863961668384495,0.08722116927870091
636.5,0.08744141270386849,0.0008250021751744696,0.0866164038097486,0.08744140625
637.0,0.08766212924369512,0.0008250021751744696,0.08683712463678786,0.08766212707703927
637.5,0.08788335287318849,0.0008250021751744696,0.0870583470216066,0.08788334946185801
638.0,0.08810504901805313,0.0008250021751744696,0.087280041460806,0.0881050439010574
638.5,0.08832724649020192,0.0008250021751744696,0.08750223745778485,0.08832723989803626
639.0,0.08854997986393033,0.0008250021751744696,0.08772497041662171,0.08854997285687312
639.5,0.08877319727779515,0.0008250021751744696,0.0879481931318785,0.08877319557212991
640.0,0.08899653570169408,0.0008250021751744696,0.0881715279600507,0.08899653040030212
640.5,0.0892194361845172,0.0008250021751744696,0.08839443203860055,0.08921943447885196
641.0,0.08944284375700706,0.0008250021751744696,0.08861783767492985,0.08944284011518126
641.5,0.08966676994392879,0.0008250021751744696,0.0888417625710779,0.08966676501132931
642.0,0.08989120322051726,0.0008250021751744696,0.08906619492568514,0.08989119736593655
642.5,0.09011614934915502,0.0008250021751744696,0.08929114063943137,0.09011614307968278
643.0,0.09034164866652013,0.0008250021751744696,0.08951664101707488,0.09034164345732629
643.5,0.0905716195927646,0.0008250021751744696,0.08974661410997517,0.09057161655022658
644.0,0.0908037571748578,0.0008250021751744696,0.08997875275234678,0.09080375519259819
644.5,0.09103544529111003,0.0008250021751744696,0.090210437042377,0.0910354394826284
645.0,0.09126767507132447,0.0008250021751744696,0.09044267009562472,0.09126767253587613
645.5,0.09150046380264881,0.0008250021751744696,0.09067545781276974,0.09150046025302115
646.0,0.09173381724746565,0.0008250021751744696,0.09090881199517155,0.09173381443542296
646.5,0.09196773540577499,0.0008250021751744696,0.0911427267421504,0.09196772918240181
647.0,0.09220155560358054,0.0008250021751744696,0.09137654707825313,0.09220154951850454
647.5,0.09243560053430655,0.0008250021751744696,0.09161059164018666,0.09243559408043807
648.0,0.09267022170329021,0.0008250021751744696,0.0918452144687365,0.09267021690898791
648.5,0.09290541334814896,0.0008250021751744696,0.09208040376254316,0.09290540620279457
649.0,0.09314115818173503,0.0008250021751744696,0.09231615362092684,0.09314115606117825
649.5,0.09337732943163178,0.0008250021751744696,0.09255232242757336,0.09337732486782477
650.0,0.09361312036427846,0.0008250021751744696,0.09278811359071536,0.09361311603096677
650.5,0.09384947024803507,0.0008250021751744696,0.09302446531843439,0.0938494677586858
651.0,0.09408640213243191,0.0008250021751744696,0.09326139531276974,0.09408639775302115
651.5,0.09432388144317351,0.0008250021751744696,0.0934988740703226,0.09432387651057401
652.0,0.09456191970502502,0.0008250021751744696,0.09373691339245252,0.09456191583270393
652.5,0.09479986000637274,0.0008250021751744696,0.09397485240302654,0.09479985484327795
653.0,0.09503792131775456,0.0008250021751744696,0.09421291532787548,0.0950379177681269
653.5,0.09527652429309856,0.0008250021751744696,0.09445151521458242,0.09527651765483383
654.0,0.09551568045716992,0.0008250021751744696,0.09469067566586642,0.09551567810611783
654.5,0.09575540133473376,0.0008250021751744696,0.09493039668172744,0.09575539912197885
655.0,0.0959956869257901,0.0008250021751744696,0.0951706782621655,0.09599568070241692
655.5,0.0962353213676153,0.0008250021751744696,0.09541031666850992,0.09623531910876133
656.0,0.09647552628531557,0.0008250021751744696,0.09565052154011112,0.09647552398036253
656.5,0.09671631320365606,0.0008250021751744696,0.09589130467832865,0.09671630711858006
657.0,0.0969576533107239,0.0008250021751744696,0.09613264248044345,0.09695764492069486
657.5,0.09719953508175391,0.0008250021751744696,0.09637452904577579,0.0971995314860272
658.0,0.09744147447660971,0.0008250021751744696,0.09661646281654618,0.09744146525679759
658.5,0.09768320642569274,0.0008250021751744696,0.09685820186488454,0.09768320430513595
659.0,0.09792551461303342,0.0008250021751744696,0.09710050737847971,0.09792550981873112
659.5,0.09816837598910144,0.0008250021751744696,0.09734337345665191,0.09816837589690332
660.0,0.0984117675043665,0.0008250021751744696,0.09758676469532261,0.09841176713557402
660.5,0.09865575830741952,0.0008250021751744696,0.0978307519026489,0.0986557543429003
661.0,0.09889933421892702,0.0008250021751744696,0.0980743260623921,0.0988993285026435
661.5,0.09914309452667697,0.0008250021751744696,0.09831808904388756,0.09914309148413897
662.0,0.09938740802315427,0.0008250021751744696,0.09856240078860055,0.09938740322885196
662.5,0.09963226318359375,0.0008250021751744696,0.0988072553958513,0.09963225783610272
663.0,0.09987767153276057,0.0008250021751744696,0.09905266466699934,0.09987766710725075
663.5,0.10012356392206383,0.0008250021751744696,0.09929855779388756,0.10012356023413897
664.0,0.10036870720163213,0.0008250021751744696,0.09954369563376672,0.10036869807401813
664.5,0.10061438062039747,0.0008250021751744696,0.09978937633618364,0.10061437877643505
665.0,0.10086065332695077,0.0008250021751744696,0.10003564710657638,0.10086064954682779
665.5,0.10111329922863364,0.0008250021751744696,0.10028829061110811,0.10111329305135952
666.0,0.10136866497489261,0.0008250021751744696,0.10054366022968816,0.10136866266993957
666.5,0.10162427274121978,0.0008250021751744696,0.10079926587545857,0.10162426831570998
667.0,0.10187973068559998,0.0008250021751744696,0.10105471810355524,0.10187972054380665
667.5,0.10213581096729843,0.0008250021751744696,0.1013108076050658,0.10213581004531722
668.0,0.10239253663584545,0.0008250021751744696,0.10156753437999028,0.10239253682024169
668.5,0.10264950432446068,0.0008250021751744696,0.10182449718210508,0.10264949962235649
669.0,0.10290656421119714,0.0008250021751744696,0.10208155439509602,0.10290655683534743
669.5,0.10316425796001699,0.0008250021751744696,0.10233924888150085,0.10316425132175226
670.0,0.10342258557092027,0.0008250021751744696,0.10259758064131959,0.103422583081571
670.5,0.10368105147900539,0.0008250021751744696,0.102856042216093,0.10368104465634441
671.0,0.10393971330809809,0.0008250021751744696,0.1031147044139782,0.10393970685422961
671.5,0.10419899747450906,0.0008250021751744696,0.10337399208391777,0.10419899452416918
672.0,0.1044589270277686,0.0008250021751744696,0.10363391702727125,0.10445891946752266
672.5,0.10471877590767206,0.0008250021751744696,0.10389377116246762,0.10471877360271903
673.0,0.10497898205529527,0.0008250021751744696,0.1041539793384495,0.10497898177870091
673.5,0.10523978749070644,0.0008250021751744696,0.1044147775824072,0.10523978002265862
674.0,0.1055012498377313,0.0008250021751744696,0.10467623670249783,0.10550123914274924
674.5,0.10576256236280919,0.0008250021751744696,0.10493755420627426,0.10576255664652567
675.0,0.10602424368037199,0.0008250021751744696,0.10519923755219572,0.10602423999244713
675.5,0.10628654733525301,0.0008250021751744696,0.10546153456881203,0.10628653700906344
676.0,0.10654946180268716,0.0008250021751744696,0.10572445705748273,0.10654945949773414
676.5,0.10681222644817433,0.0008250021751744696,0.10598721432712019,0.1068122167673716
677.0,0.10707534836138123,0.0008250021751744696,0.10625033743890266,0.10707533987915407
677.5,0.1073390926119064,0.0008250021751744696,0.10651408602273953,0.10733908846299094
678.0,0.10760348224928011,0.0008250021751744696,0.10677847187999029,0.1076034743202417
678.5,0.10786761834182047,0.0008250021751744696,0.10704260990869119,0.1078676123489426
679.0,0.10813215780114119,0.0008250021751744696,0.10730714918361565,0.10813215162386706
679.5,0.10839731959778016,0.0008250021751744696,0.10757231393059451,0.10839731637084592
680.0,0.10866306915744194,0.0008250021751744696,0.10783805694418967,0.10866305938444108
680.5,0.10892855364750519,0.0008250021751744696,0.10810354032787547,0.10892854276812688
681.0,0.1091944645538791,0.0008250021751744696,0.10836946036186339,0.1091944628021148
681.5,0.10946097474804098,0.0008250021751744696,0.10863597046382714,0.10946097290407855
682.0,0.10972815337858172,0.0008250021751744696,0.10890314144192381,0.10972814388217522
682.5,0.1099949516918724,0.0008250021751744696,0.10916994657787547,0.10999494901812688
683.0,0.1102621648967086,0.0008250021751744696,0.1094371529600507,0.11026215540030211
683.5,0.11052997738933275,0.0008250021751744696,0.1097049730129208,0.11052997545317221
684.0,0.11079841221927517,0.0008250021751744696,0.10997340673648576,0.11079840917673717
684.5,0.11106663960344482,0.0008250021751744696,0.11024162803557941,0.11106663047583082
685.0,0.11133527035439483,0.0008250021751744696,0.11051026238225614,0.11133526482250755
685.5,0.11160473088843585,0.0008250021751744696,0.11077972282409905,0.11160472526435046
686.0,0.11188451761205391,0.0008250021751744696,0.11105950945551898,0.1118845118957704
686.5,0.11216476532627809,0.0008250021751744696,0.11133975633996007,0.11216475878021148
687.0,0.11244568147688114,0.0008250021751744696,0.1116206759018936,0.11244567834214501
687.5,0.11272673592466602,0.0008250021751744696,0.11190172527878182,0.11272672771903323
688.0,0.11300817068970095,0.0008250021751744696,0.11218316410053408,0.11300816654078549
688.5,0.11329025084158445,0.0008250021751744696,0.11246524019570026,0.11329024263595167
689.0,0.11357243471635432,0.0008250021751744696,0.11274742250310206,0.11357242494335347
689.5,0.11385492975978333,0.0008250021751744696,0.11302992344721083,0.11385492588746224
690.0,0.11413808171482605,0.0008250021751744696,0.113313073466093,0.11413807590634441
690.5,0.11442140654134607,0.0008250021751744696,0.11359640050536793,0.11442140294561934
691.0,0.11470500796222975,0.0008250021751744696,0.11387999897591174,0.11470500141616315
691.5,0.114989254769962,0.0008250021751744696,0.11416424652122895,0.11498924896148036
692.0,0.11527377817205792,0.0008250021751744696,0.11444876549781506,0.11527376793806647
692.5,0.11555854359422206,0.0008250021751744696,0.11473353230295101,0.11555853474320242
693.0,0.11584403507659083,0.0008250021751744696,0.11501903079237699,0.1158440332326284
693.5,0.11612998754956572,0.0008250021751744696,0.1153049777334646,0.11612998017371601
694.0,0.11641600917113151,0.0008250021751744696,0.11559099548270932,0.11641599792296073
694.5,0.11670273380337165,0.0008250021751744696,0.11587772131352503,0.11670272375377644
695.0,0.11699004619863458,0.0008250021751744696,0.11616503721231657,0.11699003965256798
695.5,0.11727730097007175,0.0008250021751744696,0.11645229410431053,0.11727729654456194
696.0,0.11756528180171356,0.0008250021751744696,0.116740270879235,0.11756527331948641
696.5,0.1178540117430903,0.0008250021751744696,0.11702900294116853,0.11785400538141994
697.0,0.11814267253587614,0.0008250021751744696,0.11731766419494497,0.11814266663519638
697.5,0.11843203633933629,0.0008250021751744696,0.11760703353029239,0.1184320359705438
698.0,0.11872161911333436,0.0008250021751744696,0.11789661529011113,0.11872161773036254
698.5,0.11901181269988553,0.0008250021751744696,0.1181867989192652,0.11901180135951661
699.0,0.1193022252569746,0.0008250021751744696,0.11847721857560961,0.11930222101586102
699.5,0.11959320252755617,0.0008250021751744696,0.1187681928958513,0.11959319533610271
700.0,0.11988449096679688,0.0008250021751744696,0.11905948585279995,0.11988448829305136
700.5,0.1201762864957043,0.0008250021751744696,0.11935127446684829,0.1201762769070997
701.0,0.12046843929233148,0.0008250021751744696,0.11964342892304164,0.12046843136329305
701.5,0.1207609724062087,0.0008250021751744696,0.11993596102273953,0.12076096346299094
702.0,0.12105401260975264,0.0008250021751744696,0.12022900058089663,0.12105400302114804
702.5,0.12134731788289511,0.0008250021751744696,0.1205223115703226,0.12134731401057401
703.0,0.12164121091906037,0.0008250021751744696,0.1208162008263649,0.12164120326661632
703.5,0.12193527682670294,0.0008250021751744696,0.12111026710279994,0.12193526954305135
704.0,0.12222997659642891,0.0008250021751744696,0.1214049706526489,0.1222299730929003
704.5,0.12252579426837472,0.0008250021751744696,0.1217007835302924,0.12252578597054381
705.0,0.12283504981648886,0.0008250021751744696,0.12201003815642533,0.12283504059667674
705.5,0.12314450128561061,0.0008250021751744696,0.12231949340567004,0.12314449584592145
706.0,0.12345464424064152,0.0008250021751744696,0.12262963313376672,0.12345463557401813
706.5,0.12376514446339218,0.0008250021751744696,0.12294013870400841,0.12376514114425982
707.0,0.12407625549869596,0.0008250021751744696,0.12325124614358544,0.12407624858383685
707.5,0.12438776990078007,0.0008250021751744696,0.12356276663074557,0.12438776907099698
708.0,0.12469973376870515,0.0008250021751744696,0.12387472376820781,0.12469972620845922
708.5,0.12501225082535758,0.0008250021751744696,0.12418724737092683,0.12501224981117826
709.0,0.12532514819926005,0.0008250021751744696,0.12450013681579089,0.1253251392560423
709.5,0.1256387370590717,0.0008250021751744696,0.12481373434222594,0.12563873678247733
710.0,0.1259525103151258,0.0008250021751744696,0.12512749708769422,0.12595249952794563
710.5,0.12626683675990724,0.0008250021751744696,0.1254418262984193,0.1262668287386707
711.0,0.1265816011457645,0.0008250021751744696,0.12575659215944648,0.1265815945996979
711.5,0.1268967688984021,0.0008250021751744696,0.12607175926669723,0.12689676170694864
712.0,0.12721253593882764,0.0008250021751744696,0.12638752824328334,0.12721253068353475
712.5,0.12752855652408657,0.0008250021751744696,0.1267035450484193,0.1275285474886707
713.0,0.12784517639713344,0.0008250021751744696,0.12702016372289057,0.12784516616314198
713.5,0.12816223421125614,0.0008250021751744696,0.1273372308490235,0.12816223328927492
714.0,0.12847966081786372,0.0008250021751744696,0.12765465201594195,0.12847965445619336
714.5,0.12879768671225925,0.0008250021751744696,0.12797267505219573,0.12879767749244714
715.0,0.12911594310195784,0.0008250021751744696,0.12829093411563983,0.12911593655589124
715.5,0.1294347526803838,0.0008250021751744696,0.1286097478429812,0.12943475028323262
716.0,0.12975397715035522,0.0008250021751744696,0.12892896281654617,0.12975396525679758
716.5,0.13007357041281156,0.0008250021751744696,0.1292485672349752,0.1300735696752266
717.0,0.13039376296305585,0.0008250021751744696,0.1295687499200205,0.1303937523602719
717.5,0.13071416295907287,0.0008250021751744696,0.12988915683089663,0.13071415927114804
718.0,0.13103515071811273,0.0008250021751744696,0.13021014200838907,0.13103514444864048
718.5,0.13135654184393292,0.0008250021751744696,0.13053152843210508,0.1313565308723565
719.0,0.1316783248117683,0.0008250021751744696,0.13085331610204468,0.13167831854229609
719.5,0.13200063791880073,0.0008250021751744696,0.1311756348331625,0.1320006372734139
720.0,0.13232325066972717,0.0008250021751744696,0.13149823679690872,0.13232323923716013
720.5,0.1326464166093809,0.0008250021751744696,0.13182140522591174,0.13264640766616315
721.0,0.13296980151957255,0.0008250021751744696,0.13214479788074557,0.13296980032099698
721.5,0.13329373961849156,0.0008250021751744696,0.13246873339811718,0.1332937358383686
722.0,0.1336182770051985,0.0008250021751744696,0.1327932707848241,0.13361827322507552
722.5,0.13395297923477034,0.0008250021751744696,0.13312796914207486,0.13395297158232627
723.0,0.13429264863812312,0.0008250021751744696,0.13346763587168212,0.13429263831193353
723.5,0.13463279055684715,0.0008250021751744696,0.13380778645702956,0.13463278889728097
724.0,0.13497350871382882,0.0008250021751744696,0.1341485035076338,0.1349735059478852
724.5,0.1353147454852424,0.0008250021751744696,0.13448973981805676,0.13531474225830817
725.0,0.135656512395853,0.0008250021751744696,0.13483150718965795,0.13565650962990936
725.5,0.13599879792089548,0.0008250021751744696,0.1351737938210779,0.1359987962613293
726.0,0.1363416366346653,0.0008250021751744696,0.1355166233150356,0.13634162575528702
726.5,0.13668489023998065,0.0008250021751744696,0.1358598776579359,0.1366848800981873
727.0,0.13702870855878846,0.0008250021751744696,0.136203698466093,0.13702870090634442
727.5,0.13737305701679334,0.0008250021751744696,0.13654805033542836,0.13737305277567977
728.0,0.13771787799016946,0.0008250021751744696,0.13689287425914437,0.13771787669939578
728.5,0.1380632406275078,0.0008250021751744696,0.1372382292440386,0.13806323168429002
729.0,0.13840907578021738,0.0008250021751744696,0.13758406808467305,0.13840907052492446
729.5,0.13875540649782855,0.0008250021751744696,0.1379304025824072,0.13875540502265862
730.0,0.13910232497846253,0.0008250021751744696,0.13827731534675766,0.13910231778700907
730.5,0.1394499234202405,0.0008250021751744696,0.13862491258996007,0.13944991503021148
731.0,0.139798086575511,0.0008250021751744696,0.1389730762984193,0.1397980787386707
731.5,0.1401469066423952,0.0008250021751744696,0.13932190088301144,0.14014690332326285
732.0,0.14049638362089312,0.0008250021751744696,0.139671374542377,0.1404963769826284
732.5,0.1408463907385881,0.0008250021751744696,0.1400213792629208,0.1408463817031722
733.0,0.14119712391648767,0.0008250021751744696,0.14037211566775462,0.14119711810800603
733.5,0.14156096075236618,0.0008250021751744696,0.14073595158165192,0.14156095402190333
734.0,0.14192562737133568,0.0008250021751744696,0.14110061359071535,0.14192561603096676
734.5,0.14229098547621435,0.0008250021751744696,0.14146597187999027,0.14229097432024168
735.0,0.14265715031465376,0.0008250021751744696,0.14183214446307185,0.14265714690332326
735.5,0.1430237876684644,0.0008250021751744696,0.14219877729917457,0.14302377973942598
736.0,0.1433912778548964,0.0008250021751744696,0.142566271634522,0.14339127407477342
736.5,0.14375930970529055,0.0008250021751744696,0.14293429703104768,0.1437592994712991
737.0,0.14412810219018482,0.0008250021751744696,0.14330308951594195,0.14412809195619336
737.5,0.14449802410206405,0.0008250021751744696,0.1436730149313498,0.1444980173716012
738.0,0.14486840700454942,0.0008250021751744696,0.1440434005997788,0.1448684030400302
738.5,0.14523964273965612,0.0008250021751744696,0.144414635966093,0.1452396384063444
739.0,0.1456117774064447,0.0008250021751744696,0.14478676823573047,0.14561177067598188
739.5,0.14598408494471063,0.0008250021751744696,0.14515907752576068,0.1459840799660121
740.0,0.14635678432499175,0.0008250021751744696,0.14553177626065494,0.14635677870090635
740.5,0.14673042873601538,0.0008250021751744696,0.1459054191043105,0.14673042154456192
741.0,0.1471047185338876,0.0008250021751744696,0.14627971102273954,0.14710471346299095
741.5,0.147478870034578,0.0008250021751744696,0.14665386132485433,0.14747886376510574
742.0,0.14785390894218514,0.0008250021751744696,0.14702889672893288,0.1478538991691843
742.5,0.14822980068241362,0.0008250021751744696,0.14740479363225614,0.14822979607250755
743.0,0.14860578462076332,0.0008250021751744696,0.14778077314509602,0.14860577558534743
743.5,0.14898596357362867,0.0008250021751744696,0.14816095394192383,0.14898595638217524
744.0,0.1493784509756774,0.0008250021751744696,0.14855344355672745,0.14937844599697886
744.5,0.14977164138840043,0.0008250021751744696,0.14894662945174256,0.14977163189199397
745.0,0.15016478570206288,0.0008250021751744696,0.1493397799426791,0.15016478238293052
745.5,0.15055899029411937,0.0008250021751744696,0.14973398075461264,0.15055898319486405
746.0,0.15095427821410026,0.0008250021751744696,0.1501292672916217,0.15095426973187312
746.5,0.15135067251153583,0.0008250021751744696,0.15052566315642532,0.15135066559667673
747.0,0.1517471359575623,0.0008250021751744696,0.15092212982938605,0.15174713226963746
747.5,0.1521439451465434,0.0008250021751744696,0.15131893874177277,0.15214394118202418
748.0,0.1525418722377443,0.0008250021751744696,0.15171685698195403,0.15254185942220544
748.5,0.15294088265686956,0.0008250021751744696,0.15211587274857033,0.15294087518882174
749.0,0.15334097640391922,0.0008250021751744696,0.15251596243890267,0.15334096487915408
749.5,0.15374062068512792,0.0008250021751744696,0.15291561547893287,0.15374061791918428
750.0,0.15414123304660948,0.0008250021751744696,0.15331622442908394,0.15414122686933535
750.5,0.15454291721125024,0.0008250021751744696,0.153717907302951,0.15454290974320242
751.0,0.15494570775334568,0.0008250021751744696,0.15412069950461263,0.15494570194486404
751.5,0.15534928197947154,0.0008250021751744696,0.15452427059600238,0.1553492730362538
752.0,0.1557521186206276,0.0008250021751744696,0.15492711000310205,0.15575211244335346
752.5,0.15615600401541258,0.0008250021751744696,0.15533099973119874,0.15615600217145015
753.0,0.1565610764610083,0.0008250021751744696,0.15573606959524708,0.1565610720354985
753.5,0.1569733173105292,0.0008250021751744696,0.156148302884522,0.1569733053247734
754.0,0.1573976476386955,0.0008250021751744696,0.15657263256730147,0.15739763500755288
754.5,0.1578232226414983,0.0008250021751744696,0.1569982131941897,0.1578232156344411
755.0,0.15824993859605127,0.0008250021751744696,0.1574249267515915,0.15824992919184291
755.5,0.15867552512361924,0.0008250021751744696,0.15785051917983922,0.15867552162009063
756.0,0.15910198753333885,0.0008250021751744696,0.15827697310733166,0.15910197554758307
756.5,0.15952974071675557,0.0008250021751744696,0.15870472518437095,0.15952972762462236
757.0,0.1599588653472255,0.0008250021751744696,0.15913385802047367,0.15995886046072508
757.5,0.16038938447427895,0.0008250021751744696,0.15956437161563983,0.16038937405589124
758.0,0.16082121742455982,0.0008250021751744696,0.15999620696307185,0.16082120940332326
758.5,0.16125434114853782,0.0008250021751744696,0.1604293286586912,0.1612543310989426
759.0,0.16168749944681127,0.0008250021751744696,0.16086248575838907,0.16168748819864048
759.5,0.16212063469555443,0.0008250021751744696,0.16129561925536792,0.16212062169561933
760.0,0.16255512986658563,0.0008250021751744696,0.16173012171005072,0.16255512415030213
760.5,0.16299098495990488,0.0008250021751744696,0.16216596951971837,0.16299097195996978
761.0,0.1634281654012167,0.0008250021751744696,0.16260315088301144,0.16342815332326285
761.5,0.16386669424005146,0.0008250021751744696,0.1630416894026489,0.1638666918429003
762.0,0.164306640625,0.0008250021751744696,0.16348163228406884,0.16430663472432025
762.5,0.16474800455606237,0.0008250021751744696,0.16392299132863075,0.16474799376888216
763.0,0.1651961565737998,0.0008250021751744696,0.16437114795627428,0.1651961503965257
763.5,0.1656571817542131,0.0008250021751744696,0.16483216806579087,0.16565717050604228
764.0,0.16611970515409624,0.0008250021751744696,0.16529469874932562,0.16611970118957703
764.5,0.1665837267734493,0.0008250021751744696,0.16575871640415946,0.16658371884441087
765.0,0.16704918898844648,0.0008250021751744696,0.16622417382485433,0.16704917626510574
765.5,0.1675161494229135,0.0008250021751744696,0.16669114181956732,0.16751614425981873
766.0,0.1679845965520853,0.0008250021751744696,0.1671595849842199,0.1679845874244713
766.5,0.16845401176152994,0.0008250021751744696,0.16762899586035282,0.16845399830060423
767.0,0.16892205552392137,0.0008250021751744696,0.16809704958014135,0.16892205202039276
767.5,0.16939142463430537,0.0008250021751744696,0.1685664132508362,0.16939141569108762
768.0,0.1698620614688562,0.0008250021751744696,0.16903705146835887,0.16986205390861028
768.5,0.1703341849981118,0.0008250021751744696,0.16950917665718063,0.17033417909743204
769.0,0.1708076914991857,0.0008250021751744696,0.1699826826050658,0.1708076850453172
769.5,0.17128263859590376,0.0008250021751744696,0.17045762831881203,0.17128263075906344
770.0,0.17175903781303106,0.0008250021751744696,0.1709340255997788,0.1717590280400302
770.5,0.1722369006753328,0.0008250021751744696,0.17141188624932563,0.17223688868957704
771.0,0.17271618108374834,0.0008250021751744696,0.17189117486337396,0.17271617730362537
771.5,0.173197051909755,0.0008250021751744696,0.17237204485959753,0.17319704729984894
772.0,0.17368676223063398,0.0008250021751744696,0.17286175407409904,0.17368675651435045
772.5,0.17418935723895393,0.0008250021751744696,0.1733643503731927,0.1741893528134441
773.0,0.17469353114009983,0.0008250021751744696,0.17386851625310207,0.17469351869335348
773.5,0.17519934155789746,0.0008250021751744696,0.17437433432334376,0.17519933676359517
774.0,0.17570663867039982,0.0008250021751744696,0.17488162756352502,0.17570663000377643
774.5,0.176215503150963,0.0008250021751744696,0.175390490384522,0.17621549282477342
775.0,0.17672598109864757,0.0008250021751744696,0.17590096999177277,0.17672597243202418
775.5,0.17723799184009748,0.0008250021751744696,0.17641298377576067,0.17723798621601208
776.0,0.17775168519725973,0.0008250021751744696,0.17692667335279996,0.17775167579305137
776.5,0.17826710726919492,0.0008250021751744696,0.17744209772968816,0.17826710016993957
777.0,0.1787842465311379,0.0008250021751744696,0.1779592333037063,0.17878423574395771
777.5,0.17930094785200504,0.0008250021751744696,0.1784759322274223,0.17930093466767372
778.0,0.17981754544998585,0.0008250021751744696,0.1789925367402622,0.1798175391805136
778.5,0.18033580261414864,0.0008250021751744696,0.1795107934434344,0.1803357958836858
779.0,0.18085590374073593,0.0008250021751744696,0.1800308911586912,0.1808558935989426
779.5,0.18137764138397494,0.0008250021751744696,0.1805526292629208,0.1813776317031722
780.0,0.18190123451440357,0.0008250021751744696,0.18107622018059452,0.18190122262084593
780.5,0.18243341359487114,0.0008250021751744696,0.1816084024879963,0.18243340492824772
781.0,0.182986487074561,0.0008250021751744696,0.18216147320174256,0.18298647564199397
781.5,0.1835414621405011,0.0008250021751744696,0.18271645573573048,0.1835414581759819
782.0,0.18409830421839596,0.0008250021751744696,0.18327329108316248,0.1840982935234139
782.5,0.18465703635777592,0.0008250021751744696,0.1838320264494767,0.1846570288897281
783.0,0.1852164484582999,0.0008250021751744696,0.18439143449328332,0.18521643693353473
783.5,0.18577383220015695,0.0008250021751744696,0.18494882450461264,0.18577382694486405
784.0,0.18633341717215823,0.0008250021751744696,0.18550840956881204,0.18633341200906345
784.5,0.18689524947336433,0.0008250021751744696,0.18607023689131957,0.18689523933157098
785.0,0.18745919080659343,0.0008250021751744696,0.1866341766571806,0.187459179097432
785.5,0.1880253333699667,0.0008250021751744696,0.18720032327727124,0.18802532571752265
786.0,0.18859368868824938,0.0008250021751744696,0.18776867675159148,0.1885936791918429
786.5,0.18916426828620658,0.0008250021751744696,0.18833926068286036,0.18916426312311177
787.0,0.1897369914904822,0.0008250021751744696,0.18891198066020176,0.18973698310045317
787.5,0.1903119274496672,0.0008250021751744696,0.18948691929313227,0.19031192173338368
788.0,0.19088907616376158,0.0008250021751744696,0.1900640647802924,0.1908890672205438
788.5,0.1914688294747805,0.0008250021751744696,0.1906438183679057,0.1914688208081571
789.0,0.19207999929560635,0.0008250021751744696,0.19125498717455222,0.19207998961480363
789.5,0.19269413098107652,0.0008250021751744696,0.1918691181224374,0.1926941205626888
790.0,0.1933106828672288,0.0008250021751744696,0.1924856683490235,0.1933106707892749
790.5,0.19392980477601018,0.0008250021751744696,0.19310479127198424,0.19392979371223565
791.0,0.1945515658560116,0.0008250021751744696,0.1937265576994767,0.1945515601397281
791.5,0.1951759545824679,0.0008250021751744696,0.1943509322274223,0.19517593466767372
792.0,0.1958011961415455,0.0008250021751744696,0.19497618005597214,0.19580118249622355
792.5,0.19642450154007743,0.0008250021751744696,0.19559948066020177,0.19642448310045318
793.0,0.1970504576345945,0.0008250021751744696,0.1962254365703226,0.197050439010574
793.5,0.19767899527650584,0.0008250021751744696,0.1968539887795371,0.19767899121978852
794.0,0.1983102758125236,0.0008250021751744696,0.19748525530144043,0.19831025774169184
794.5,0.19894413789593562,0.0008250021751744696,0.19811912992379693,0.19894413236404834
795.0,0.199580742873454,0.0008250021751744696,0.19875574246156127,0.19958074490181268
795.5,0.20022006769554854,0.0008250021751744696,0.19939504570929542,0.20022004814954683
796.0,0.2008623428575222,0.0008250021751744696,0.20003732289962775,0.20086232533987916
796.5,0.2015267686181198,0.0008250021751744696,0.20070176304313228,0.2015267654833837
797.0,0.20220361807555232,0.0008250021751744696,0.20137859461412924,0.20220359705438065
797.5,0.20288339482333365,0.0008250021751744696,0.20205837652500538,0.2028833789652568
798.0,0.20356607581193353,0.0008250021751744696,0.2027410615703226,0.203566064010574
798.5,0.20425170714041258,0.0008250021751744696,0.203426696955519,0.2042516993957704
799.0,0.2049403349078314,0.0008250021751744696,0.20411532988603256,0.20494033232628397
799.5,0.20563182081700812,0.0008250021751744696,0.2048068187455492,0.20563182118580062
800.0,0.20632634926418522,0.0008250021751744696,0.20550132875310206,0.20632633119335347
800.5,0.20702401244748395,0.0008250021751744696,0.2061990015250054,0.2070240039652568
801.0,0.20772511001079824,0.0008250021751744696,0.20690009669116852,0.20772509913141993
801.5,0.20845412055531298,0.0008250021751744696,0.20762911387394797,0.20845411631419938
802.0,0.2091807339486759,0.0008250021751744696,0.20835572357938606,0.20918072601963747
802.5,0.20990663280659932,0.0008250021751744696,0.20908162520325313,0.20990662764350454
803.0,0.21063522845956853,0.0008250021751744696,0.20981021753708998,0.2106352199773414
803.5,0.21136642870946232,0.0008250021751744696,0.21054140617002048,0.2113664086102719
804.0,0.21210034880393222,0.0008250021751744696,0.21127533271835885,0.21210033515861026
804.5,0.21283687349532665,0.0008250021751744696,0.21201185556579089,0.2128368580060423
805.0,0.21357627937800935,0.0008250021751744696,0.21275125794494495,0.21357626038519636
805.5,0.2143187969472833,0.0008250021751744696,0.21349377588301144,0.21431877832326285
806.0,0.21508252008443873,0.0008250021751744696,0.21425751266548876,0.21508251510574017
806.5,0.21585878216608054,0.0008250021751744696,0.21503375888905374,0.21585876132930515
807.0,0.2166380176371318,0.0008250021751744696,0.2158130026579359,0.21663800509818731
807.5,0.21742027259665314,0.0008250021751744696,0.21659526757485434,0.21742027001510575
808.0,0.21820557009417485,0.0008250021751744696,0.21738055363980902,0.21820555608006043
808.5,0.2189937948820454,0.0008250021751744696,0.21816879004464285,0.21899379248489426
809.0,0.21978508525744667,0.0008250021751744696,0.21896007120023198,0.21978507364048339
809.5,0.22057962561662103,0.0008250021751744696,0.2197546095310477,0.2205796119712991
810.0,0.2213775773062807,0.0008250021751744696,0.2205525702561232,0.22137757269637462
810.5,0.22219804838704918,0.0008250021751744696,0.22137302437243742,0.22219802681268883
811.0,0.2230331098205013,0.0008250021751744696,0.2222080885718332,0.2230330910120846
811.5,0.22387169783209027,0.0008250021751744696,0.22304669317908393,0.22387169561933534
812.0,0.22471360497604323,0.0008250021751744696,0.22388860216699935,0.22471360460725076
812.5,0.22555885430189057,0.0008250021751744696,0.22473383913829845,0.22555884157854986
813.0,0.2264075149582232,0.0008250021751744696,0.22558249850385736,0.22640750094410877
813.5,0.227259656093632,0.0008250021751744696,0.2264346510718332,0.2272596535120846
814.0,0.22811543905482912,0.0008250021751744696,0.2272904148558211,0.22811541729607251
814.5,0.22897520958476916,0.0008250021751744696,0.22815019110204465,0.22897519354229606
815.0,0.22986830973553155,0.0008250021751744696,0.22904329438754314,0.22986829682779455
815.5,0.23076887793411302,0.0008250021751744696,0.22994385613225615,0.23076885857250756
816.0,0.23167318015660404,0.0008250021751744696,0.23084817070929542,0.23167317314954683
816.5,0.23258130860112586,0.0008250021751744696,0.23175628532409903,0.23258128776435044
817.0,0.23349333241626935,0.0008250021751744696,0.2326683179902622,0.2334933204305136
817.5,0.2344090441562618,0.0008250021751744696,0.23358403268059452,0.23440903512084593
818.0,0.23532883566311838,0.0008250021751744696,0.23450383064131958,0.235328833081571
818.5,0.23625286828355127,0.0008250021751744696,0.23542785348875161,0.23625285592900303
819.0,0.23719734583736546,0.0008250021751744696,0.23637233989358544,0.23719734233383685
819.5,0.23816632504189483,0.0008250021751744696,0.23734130231805675,0.23816630475830816
820.0,0.23913952231047017,0.0008250021751744696,0.23831451323195402,0.23913951567220543
820.5,0.24011696069262178,0.0008250021751744696,0.23929194903255827,0.24011695147280968
821.0,0.2410986171388194,0.0008250021751744696,0.24027360971986944,0.24109861216012085
821.5,0.2420845607976539,0.0008250021751744696,0.24125954249932563,0.24208454493957704
822.0,0.24307504521395865,0.0008250021751744696,0.24225003060355524,0.24307503304380665
822.5,0.24407009343726396,0.0008250021751744696,0.24324507403255827,0.24407007647280968
823.0,0.24508093058882882,0.0008250021751744696,0.24425590768059452,0.24508091012084593
823.5,0.2461254661537009,0.0008250021751744696,0.2453004460114102,0.24612544845166162
824.0,0.24717447332745232,0.0008250021751744696,0.24634946885884224,0.24717447129909365
824.5,0.2482139610451874,0.0008250021751744696,0.24738895620778484,0.24821395864803625
825.0,0.24925720583636235,0.0008250021751744696,0.24843219638905373,0.24925719882930514
825.5,0.25030508358312875,0.0008250021751744696,0.24948006270325312,0.25030506514350453
826.0,0.2513576864836079,0.0008250021751744696,0.2505326731639782,0.2513576756042296
826.5,0.2524154524788756,0.0008250021751744696,0.25159042901745254,0.25241543145770395
827.0,0.25349488503263073,0.0008250021751744696,0.2526698757697184,0.2534948782099698
827.5,0.25460672522599603,0.0008250021751744696,0.25378170545249784,0.25460670789274925
828.0,0.25572347496931647,0.0008250021751744696,0.2548984681035552,0.2557234705438066
828.5,0.25684524951024357,0.0008250021751744696,0.25602023453104766,0.2568452369712991
829.0,0.257972094947838,0.0008250021751744696,0.25714707554313226,0.2579720779833837
829.5,0.25910410348022095,0.0008250021751744696,0.25827908555068513,0.25910408799093654
830.0,0.2602414364541045,0.0008250021751744696,0.25941642977273954,0.26024143221299095
830.5,0.2613846470582161,0.0008250021751744696,0.26055962746911415,0.26138462990936556
831.0,0.26256883972721157,0.0008250021751744696,0.2617438230884495,0.2625688255287009
831.5,0.26377108017843653,0.0008250021751744696,0.26294607478784526,0.2637710772280967
832.0,0.26497896776458646,0.0008250021751744696,0.26415394393437097,0.2649789463746224
832.5,0.2661923411389492,0.0008250021751744696,0.2653673361171504,0.2661923385574018
833.0,0.2674114538463581,0.0008250021751744696,0.2665864401579359,0.26741144259818733
833.5,0.26863623673822223,0.0008250021751744696,0.2678112324540084,0.2686362348942598
834.0,0.26986719690420835,0.0008250021751744696,0.2690421850597486,0.2698671875
834.5,0.2711229353152733,0.0008250021751744696,0.2702979205204737,0.2711229229607251
835.0,0.2724188951567221,0.0008250021751744696,0.2715938750144314,0.2724188774546828
835.5,0.27372091702464124,0.0008250021751744696,0.2728958954071806,0.27372089784743203
836.0,0.2750290470180915,0.0008250021751744696,0.27420402890415946,0.27502903134441087
836.5,0.2763432620875425,0.0008250021751744696,0.2755182519026489,0.2763432543429003
837.0,0.2776639079759488,0.0008250021751744696,0.27683889484071533,0.27766389728096674
837.5,0.27899109993096205,0.0008250021751744696,0.278166075731954,0.2789910781722054
838.0,0.28033689285693214,0.0008250021751744696,0.27951187916850995,0.28033688160876136
838.5,0.2817355614054239,0.0008250021751744696,0.28091055269570026,0.28173555513595167
839.0,0.28314079907005285,0.0008250021751744696,0.2823157877787818,0.2831407902190332
839.5,0.28455267499940995,0.0008250021751744696,0.28372765522591176,0.28455265766616317
840.0,0.28597118919349507,0.0008250021751744696,0.285146178639809,0.2859711810800604
840.5,0.2873967565438538,0.0008250021751744696,0.2865717356639782,0.2873967381042296
841.0,0.2888295383971984,0.0008250021751744696,0.28800451512017156,0.28882951756042297
841.5,0.29028739813951565,0.0008250021751744696,0.28946238426669724,0.29028738670694865
842.0,0.29179829485106684,0.0008250021751744696,0.2909732887228906,0.291798291163142
842.5,0.2933164752141947,0.0008250021751744696,0.2924914628165462,0.2933164652567976
843.0,0.29484189312983855,0.0008250021751744696,0.294016882944945,0.2948418853851964
843.5,0.2963749173904834,0.0008250021751744696,0.2955499031488725,0.2963749055891239
844.0,0.2979153175008261,0.0008250021751744696,0.29709031100385735,0.29791531344410876
844.5,0.29946383104583646,0.0008250021751744696,0.2986388145914706,0.29946381703172203
845.0,0.301050860355988,0.0008250021751744696,0.30022583781654616,0.30105084025679757
845.5,0.30266921397782526,0.0008250021751744696,0.30184420545249785,0.30266920789274926
846.0,0.3042954274894968,0.0008250021751744696,0.3034704091911685,0.30429541163141993
846.5,0.30592996188160876,0.0008250021751744696,0.30510494468965793,0.30592994712990934
847.0,0.30760918931298387,0.0008250021751744696,0.3067841837379963,0.30760918617824773
847.5,0.3093015088775727,0.0008250021751744696,0.3084764986926791,0.30930150113293053
848.0,0.311002379817905,0.0008250021751744696,0.3101773578316519,0.3110023602719033
848.5,0.3127236034934974,0.0008250021751744696,0.3118985861171504,0.3127235885574018
849.0,0.3144850485994737,0.0008250021751744696,0.3136600334358815,0.3144850358761329
849.5,0.3162548837344812,0.0008250021751744696,0.3154298597198694,0.31625486216012083
850.0,0.3180338695330202,0.0008250021751744696,0.31720884385884224,0.31803384629909365
850.5,0.3198545288823523,0.0008250021751744696,0.31902951039962774,0.31985451283987915
851.0,0.32169729273124764,0.0008250021751744696,0.3208722690854284,0.3216972715256798
851.5,0.3235490458969623,0.0008250021751744696,0.3227240204071806,0.32354902284743203
852.0,0.325402458628859,0.0008250021751744696,0.32457744752198425,0.32540244996223566
852.5,0.3272920821728663,0.0008250021751744696,0.32646705760506584,0.32729206004531725
853.0,0.3291900957459049,0.0008250021751744696,0.3283650702561232,0.3291900726963746
853.5,0.33109719083388406,0.0008250021751744696,0.33027216995400843,0.33109717239425984
854.0,0.33305165270664183,0.0008250021751744696,0.3322266403089933,0.3330516427492447
854.5,0.33502672085949303,0.0008250021751744696,0.3342016922349752,0.3350266946752266
855.0,0.33701057088339076,0.0008250021751744696,0.33618554797515643,0.33701055041540784
855.5,0.3390232097706406,0.0008250021751744696,0.33819819903255827,0.3390232014728097
856.0,0.3410774761096228,0.0008250021751744696,0.34025246168361567,0.3410774641238671
856.5,0.3431402938243486,0.0008250021751744696,0.3423152685189631,0.3431402709592145
857.0,0.3452139448183181,0.0008250021751744696,0.3443889326050658,0.3452139350453172
857.5,0.3473501522375378,0.0008250021751744696,0.3465251438966066,0.347350146336858
858.0,0.34949507237921307,0.0008250021751744696,0.34867006459147065,0.34949506703172206
858.5,0.3516492584320714,0.0008250021751744696,0.3508242375521957,0.3516492399924471
859.0,0.35385648145416354,0.0008250021751744696,0.3530314694253075,0.3538564718655589
859.5,0.35609115646684997,0.0008250021751744696,0.3552661276579359,0.3560911300981873
860.0,0.3583376789381137,0.0008250021751744696,0.357512658058238,0.3583376604984894
860.5,0.3606241692949278,0.0008250021751744696,0.3597991478618634,0.3606241503021148
861.0,0.3629537392238836,0.0008250021751744696,0.36212871262772445,0.36295371506797586
861.5,0.3652940732834923,0.0008250021751744696,0.36446906383618366,0.36529406627643507
862.0,0.3676624125224226,0.0008250021751744696,0.3668373842666972,0.3676623867069486
862.5,0.37008888267678436,0.0008250021751744696,0.36926386179690873,0.37008886423716014
863.0,0.3725265549028748,0.0008250021751744696,0.37170152701594195,0.37252652945619336
863.5,0.37498287419898274,0.0008250021751744696,0.3741578619857305,0.3749828644259819
864.0,0.37751099278199346,0.0008250021751744696,0.37668597282409905,0.37751097526435046
864.5,0.38005054393203597,0.0008250021751744696,0.37922553098119877,0.3800505334214502
865.0,0.3826027723237467,0.0008250021751744696,0.38177774019570027,0.3826027426359517
865.5,0.3852363194583766,0.0008250021751744696,0.38441130798270934,0.38523631042296075
866.0,0.3878825668842051,0.0008250021751744696,0.38705755042983925,0.38788255287009066
866.5,0.3905419755918382,0.0008250021751744696,0.38971693959147063,0.39054194203172204
867.0,0.3932808129809054,0.0008250021751744696,0.392455799108087,0.3932808015483384
867.5,0.39603901197542957,0.0008250021751744696,0.3952139892515915,0.3960389916918429
868.0,0.39881057969753114,0.0008250021751744696,0.3979855621367879,0.3988105645770393
868.5,0.4016627285775821,0.0008250021751744696,0.4008377147047637,0.4016627171450151
869.0,0.4045377886907572,0.0008250021751744696,0.4037127619102018,0.4045377643504532
869.5,0.4074268168192976,0.0008250021751744696,0.4066017819253075,0.4074267843655589
870.0,0.41040057502124244,0.0008250021751744696,0.40957553570174254,0.41040053814199395
870.5,0.41339830473470546,0.0008250021751744696,0.41257326984071535,0.41339827228096676
871.0,0.41641023295883683,0.0008250021751744696,0.41558521281654615,0.41641021525679756
871.5,0.41951440540325247,0.0008250021751744696,0.41868939521835885,0.41951439765861026
872.0,0.4226395529202464,0.0008250021751744696,0.42181453683467307,0.4226395392749245
872.5,0.4257800514244241,0.0008250021751744696,0.42495502021835885,0.42578002265861026
873.0,0.429023950121554,0.0008250021751744696,0.4281989307168483,0.4290239331570997
873.5,0.43228278491432215,0.0008250021751744696,0.43145775813376674,0.43228276057401815
874.0,0.43556794227069956,0.0008250021751744696,0.4347429261851262,0.43556792862537763
874.5,0.43895087573463465,0.0008250021751744696,0.4381258566987214,0.4389508591389728
875.0,0.4423493445819959,0.0008250021751744696,0.4415243178014404,0.4423493202416918
875.5,0.4457897635745138,0.0008250021751744696,0.4449647445386006,0.445789746978852
876.0,0.44931800127749716,0.0008250021751744696,0.4484929733905643,0.44931797583081573
876.5,0.45286191266108855,0.0008250021751744696,0.4520368744479661,0.4528618768882175
877.0,0.45646058972868675,0.0008250021751744696,0.45563558101896307,0.4564605834592145
877.5,0.4601226069055655,0.0008250021751744696,0.4592975900824072,0.46012259252265864
878.0,0.46384275499787575,0.0008250021751744696,0.46301770904011114,0.46384271148036255
878.5,0.4676086333583129,0.0008250021751744696,0.46678361727273954,0.46760861971299095
879.0,0.47144550427209214,0.0008250021751744696,0.4706204752787818,0.4714454777190332
879.5,0.47531777926442126,0.0008250021751744696,0.474492737363374,0.4753177398036254
880.0,0.47927598290573076,0.0008250021751744696,0.47845096055068514,0.47927596299093655
880.5,0.483266040997923,0.0008250021751744696,0.48244100020325315,0.48326600264350456
881.0,0.4873418894419137,0.0008250021751744696,0.48651685934222594,0.48734186178247735
881.5,0.491460425616031,0.0008250021751744696,0.4906353921972108,0.4914603946374622
882.0,0.49565133731530875,0.0008250021751744696,0.49482629098875164,0.49565129342900305
882.5,0.49990203949619993,0.0008250021751744696,0.4990769990703226,0.499902001510574
883.0,0.5042106420972196,0.0008250021751744696,0.5033856282244011,0.5042106306646525
883.5,0.5085990882712188,0.0008250021751744696,0.5077740817742501,0.5085990842145015
884.0,0.5130282860147989,0.0008250021751744696,0.5122032736171505,0.5130282760574019
884.5,0.5175596392766947,0.0008250021751744696,0.5167346180280266,0.517559620468278
885.0,0.5221321129006562,0.0008250021751744696,0.5213070783754585,0.5221320808157099
885.5,0.5267911144613859,0.0008250021751744696,0.5259660662908664,0.5267910687311178
886.0,0.5315123497539417,0.0008250021751744696,0.530687318179084,0.5315123206193354
886.5,0.5362975705426265,0.0008250021751744696,0.5354725334358815,0.5362975358761329
887.0,0.5411710710323829,0.0008250021751744696,0.5403460228618634,0.5411710253021148
887.5,0.5460915464649028,0.0008250021751744696,0.5452665289041595,0.5460915313444109
888.0,0.5511236277231637,0.0008250021751744696,0.5502985813966066,0.551123583836858
888.5,0.5562094143870374,0.0008250021751744696,0.5553844008830114,0.5562094033232629
889.0,0.5613785942515578,0.0008250021751744696,0.5605535851730417,0.5613785876132931
889.5,0.566631397812028,0.0008250021751744696,0.5658063702938876,0.566631372734139
890.0,0.5719397046414747,0.0008250021751744696,0.5711146690098996,0.571939671450151
890.5,0.5773633974196327,0.0008250021751744696,0.5765383850219843,0.5773633874622357
891.0,0.5828395970278276,0.0008250021751744696,0.5820145462757607,0.5828395487160121
891.5,0.5884102997102766,0.0008250021751744696,0.5875852600219842,0.5884102624622356
892.0,0.594068360112585,0.0008250021751744696,0.5932433510340688,0.5940683534743202
892.5,0.5997851046190521,0.0008250021751744696,0.598960071200232,0.5997850736404834
893.0,0.6056077847668051,0.0008250021751744696,0.6047827675748544,0.6056077700151058
893.5,0.6115177304362963,0.0008250021751744696,0.6106926995990235,0.6115177020392749
894.0,0.6175136969528889,0.0008250021751744696,0.6166886871367878,0.6175136895770392
894.5,0.6235952694250377,0.0008250021751744696,0.6227702581337667,0.6235952605740182
895.0,0.6297627705461669,0.0008250021751744696,0.6289377430280265,0.6297627454682779
895.5,0.6360178137833978,0.0008250021751744696,0.6351927940098997,0.6360177964501511
896.0,0.6423610445235791,0.0008250021751744696,0.6415360247500809,0.6423610271903323
896.5,0.6487932925498018,0.0008250021751744696,0.6479682377410175,0.6487932401812689
897.0,0.6553195826596724,0.0008250021751744696,0.6544945311700205,0.655319533610272
897.5,0.6619404219428578,0.0008250021751744696,0.6611153770914706,0.661940379531722
898.0,0.6686505551064482,0.0008250021751744696,0.6678255357017425,0.6686505381419939
898.5,0.6754510885278984,0.0008250021751744696,0.6746260455204737,0.6754510479607251
899.0,0.6823421605043901,0.0008250021751744696,0.6815171425748543,0.6823421450151057
899.5,0.6893237249368628,0.0008250021751744696,0.6884986852485704,0.6893236876888218
900.0,0.69639605841968,0.0008250021751744696,0.6955710039796882,0.6963960064199396
900.5,0.7035589765565993,0.0008250021751744696,0.7027339571518936,0.703558959592145
901.0,0.7108130325363482,0.0008250021751744696,0.7099880168195674,0.7108130192598188
901.5,0.7181587334485933,0.0008250021751744696,0.717333702242528,0.7181587046827794
902.0,0.7255926679628493,0.0008250021751744696,0.724767614629235,0.7255926170694864
902.5,0.7331164956452983,0.0008250021751744696,0.7322914533754585,0.7331164558157099
903.0,0.7407345037085772,0.0008250021751744696,0.7399094669706248,0.7407344694108762
903.5,0.7484391319067456,0.0008250021751744696,0.7476141025446429,0.7484391049848943
904.0,0.7562301497445005,0.0008250021751744696,0.7554051240703226,0.756230126510574
904.5,0.7641065891415691,0.0008250021751744696,0.7632815402334646,0.764106542673716
905.0,0.7720669288289511,0.0008250021751744696,0.7712418876654887,0.7720668901057401
905.5,0.7801097858348282,0.0008250021751744696,0.7792847502032532,0.7801097526435046
906.0,0.7882287523897753,0.0008250021751744696,0.7874037551126187,0.7882287575528701
906.5,0.7964285766970355,0.0008250021751744696,0.795603528526516,0.7964285309667674
907.0,0.8047111949171545,0.0008250021751744696,0.8038861946896579,0.8047111971299094
907.5,0.813068309219222,0.0008250021751744696,0.8122432566231927,0.8130682590634442
908.0,0.8214958628859045,0.0008250021751744696,0.8206708434811988,0.8214958459214502
908.5,0.829992749539747,0.0008250021751744696,0.8291677279222863,0.8299927303625377
909.0,0.8385624727093561,0.0008250021751744696,0.8377374031488725,0.8385624055891239
909.5,0.8471949827995185,0.0008250021751744696,0.8463699560189631,0.8471949584592146
910.0,0.8558869606778701,0.0008250021751744696,0.8550618933301414,0.8558868957703928
910.5,0.8646367467782289,0.0008250021751744696,0.8638117045083891,0.8646367069486405
911.0,0.8734461850630193,0.0008250021751744696,0.8726211833603528,0.8734461858006042
911.5,0.8823046727483006,0.0008250021751744696,0.8814796614570296,0.882304663897281
912.0,0.891209351692315,0.0008250021751744696,0.8903843064721353,0.8912093089123867
912.5,0.9001593921119713,0.0008250021751744696,0.899334363118661,0.9001593655589124
913.0,0.9091494465162386,0.0008250021751744696,0.9083243555657908,0.9091493580060422
913.5,0.918175365989662,0.0008250021751744696,0.9173503185567274,0.9181753209969788
914.0,0.9272336470036349,0.0008250021751744696,0.9264085700673015,0.9272335725075529
914.5,0.9363172825009441,0.0008250021751744696,0.9354922181035552,0.9363172205438066
915.0,0.9454239675285593,0.0008250021751744696,0.9445989023935855,0.9454239048338369
915.5,0.954547801406722,0.0008250021751744696,0.9537227694630719,0.9545477719033233
916.0,0.9636851884087047,0.0008250021751744696,0.9628601372878453,0.9636851397280967
916.5,0.9728313342322036,0.0008250021751744696,0.972006285324099,0.9728312877643505
917.0,0.9819812601786726,0.0008250021751744696,0.9811562097953981,0.9819812122356495
917.5,0.9911273138040503,0.0008250021751744696,0.9903022634207758,0.9911272658610272
918.0,1.0000000921981211,0.0008250021751744696,0.9991749975597486,1.0
918.5,1.0000000921981211,0.0008250021751744696,0.9991749975597486,1.0
