time_ns,Q_total,Q_electron,Q_hole,Q_no_trapping
0.0,0.0,-2.4943125752163796e-12,2.4943125752163796e-12,0.0
0.5,1.0783608413366122e-6,5.210782373127081e-7,5.572825132832607e-7,1.0783607505959686e-6
1.0,2.1568252606559376e-6,1.0419630479303912e-6,1.1148621761479226e-6,2.156825224078314e-6
1.5,3.235393521738917e-6,1.5627787099571566e-6,1.6726147104898788e-6,3.2353934204470354e-6
2.0,4.313869635346613e-6,2.083340827150557e-6,2.230528591543976e-6,4.313869418694533e-6
2.5,5.392472363805843e-6,2.6037300728666638e-6,2.7887421164920503e-6,5.3924721893587145e-6
3.0,6.471167591448277e-6,3.1240501699918526e-6,3.3471169881522655e-6,6.471167158144118e-6
3.5,7.549805138991679e-6,3.6441628213442883e-6,3.9056416817594695e-6,7.549804503103757e-6
4.0,8.628522875941052e-6,4.164056502158818e-6,4.464466019260649e-6,8.628522521419468e-6
4.5,9.70733346378155e-6,4.683869509617277e-6,5.023463228239124e-6,9.707332737856401e-6
5.0,1.0786097626176486e-5,5.203498120833289e-6,5.582598734399433e-6,1.0786096855232723e-5
5.5,1.1864942681393234e-5,5.722907761511396e-6,6.1420338844537195e-6,1.1864941645965116e-5
6.0,1.2943855967946643e-5,6.242236728833431e-6,6.701618856454994e-6,1.2943855585288425e-5
6.5,1.4022735490539642e-5,6.761358250382713e-6,7.261376699933562e-6,1.4022734950316276e-5
7.0,1.510187949748918e-5,7.280445197636537e-6,7.821434187306107e-6,1.5101879384942645e-5
7.5,1.6180909551072338e-5,7.799278600056996e-6,8.381629971860488e-6,1.6180908571917484e-5
8.0,1.7260019794061464e-5,8.317927606235008e-6,8.942090826013387e-6,1.7260018432248394e-5
8.5,1.8339232735763504e-5,8.836495939056948e-6,9.502736076408733e-6,1.8339232015465683e-5
9.0,1.941850476439626e-5,9.354845301340984e-6,1.0063657921167748e-5,1.9418503222508734e-5
9.5,2.049769519679136e-5,9.872975693087113e-6,1.06247180631086e-5,2.0497693756195714e-5
10.0,2.157701224403799e-5,1.0391071510537784e-5,1.1185939551761593e-5,2.1577011062299375e-5
10.5,2.2656329291284623e-5,1.0908902258389937e-5,1.1747426110013103e-5,2.265632836840304e-5
11.0,2.373564774536294e-5,1.1426571659529947e-5,1.2309074014976756e-5,2.37356456745067e-5
11.5,2.481514908756014e-5,1.1944148862548735e-5,1.2870998514304078e-5,2.4815147376852813e-5
12.0,2.589461666579693e-5,1.2461541669325075e-5,1.3433072835578389e-5,2.5894614504903464e-5
12.5,2.697414051730107e-5,1.2978703980798357e-5,1.3995435275981524e-5,2.697413925677988e-5
13.0,2.8053745965042863e-5,1.3495820193211028e-5,1.455792448880134e-5,2.8053744682012368e-5
13.5,2.9133396431398536e-5,1.4012705910320638e-5,1.5120690295984828e-5,2.9133396206305466e-5
14.0,3.0213325450427584e-5,1.4529534003604484e-5,1.568379032135775e-5,3.0213324324962235e-5
14.5,3.129310534529816e-5,1.504612007682012e-5,1.6246982544851896e-5,3.129310262167202e-5
15.0,3.2373020296010366e-5,1.5562556328088765e-5,1.6810462887474868e-5,3.237301921556363e-5
15.5,3.345290148276217e-5,1.607886580694073e-5,1.737403542821906e-5,3.345290123515979e-5
16.0,3.453294586198928e-5,1.659501393908055e-5,1.793793066238754e-5,3.453294460146809e-5
16.5,3.561299024121639e-5,1.7111058348333997e-5,1.850192961944239e-5,3.5612987967776386e-5
17.0,3.6693079639057375e-5,1.762689531181469e-5,1.9066182121330607e-5,3.66930774331453e-5
17.5,3.777331816105684e-5,1.8142536354287783e-5,1.9630780366173414e-5,3.77733167204612e-5
18.0,3.88535566830563e-5,1.8658096723404805e-5,2.019545928437229e-5,3.8853556007777094e-5
18.5,3.993385429198648e-5,1.9173449646749075e-5,2.0760403272169684e-5,3.993385291891876e-5
19.0,4.101424475180779e-5,1.9688618173850896e-5,2.132562385433075e-5,4.1014242028181646e-5
19.5,4.20946689755895e-5,2.020370602759665e-5,2.1890959684143343e-5,4.209466571173999e-5
20.0,4.3175171981945496e-5,2.0718586435569648e-5,2.2456583633084762e-5,4.317517006865441e-5
20.5,4.425586069008375e-5,2.1233386170186575e-5,2.3022472651624698e-5,4.425585882181127e-5
21.0,4.5336434038023934e-5,2.174797845903075e-5,2.3588453868285855e-5,4.533643232731661e-5
21.5,4.6417066472894835e-5,2.2262363302102172e-5,2.4154700154545533e-5,4.6417063456647705e-5
22.0,4.749792962816187e-5,2.2776713570878133e-5,2.4721211510403727e-5,4.7497925081281864e-5
22.5,4.8578652100260524e-5,2.3290821819585886e-5,2.52878265891483e-5,4.8578648408734184e-5
23.0,4.965958278344837e-5,2.380487244446787e-5,2.585470673749139e-5,4.965957918195926e-5
23.5,5.074059224921051e-5,2.4318704098811952e-5,2.6421886529728456e-5,5.0740590628540405e-5
24.0,5.1821798671408364e-5,2.483252422839088e-5,2.6989273767738275e-5,5.1821797996129155e-5
24.5,5.290287003776458e-5,2.5346090813136444e-5,2.755677625339962e-5,5.2902867066536065e-5
25.0,5.398397516808121e-5,2.58594384273441e-5,2.8124532283894336e-5,5.3983970711238436e-5
25.5,5.506528288216029e-5,2.6372751467256298e-5,2.869253033445726e-5,5.506528180171356e-5
26.0,5.6146686260793866e-5,2.6885880110926047e-5,2.9260804979383855e-5,5.61466850903099e-5
26.5,5.722825283190275e-5,2.739892808123973e-5,2.982932164437866e-5,5.7228249725618394e-5
27.0,5.830993194954633e-5,2.7912010625848867e-5,3.039791898272954e-5,5.830992960857841e-5
27.5,5.939203874402176e-5,2.8425254517170147e-5,3.0966781390678935e-5,5.9392035907849085e-5
28.0,6.047458446998251e-5,2.893867127996872e-5,3.153590886822685e-5,6.0474580148195574e-5
28.5,6.155741718960672e-5,2.9452157191358215e-5,3.210525531631267e-5,6.155741250767088e-5
29.0,6.264060443081525e-5,2.9965781399929542e-5,3.267482073493639e-5,6.264060213486593e-5
29.5,6.372426999479622e-5,3.047960152950847e-5,3.324466274792379e-5,6.372426427743226e-5
30.0,6.480814939719312e-5,3.099357148103438e-5,3.381457390950211e-5,6.480814539053649e-5
30.5,6.589250149503575e-5,3.15077373535679e-5,3.438476166544409e-5,6.589249901901198e-5
31.0,6.697706180396758e-5,3.202193780039687e-5,3.495512229286337e-5,6.697706009326025e-5
31.5,6.806200477111735e-5,3.253628806917284e-5,3.5525713415585704e-5,6.806200148475855e-5
32.0,6.91472459865841e-5,3.305084578372155e-5,3.609639673642927e-5,6.914724252015082e-5
32.5,7.023289236957574e-5,3.3565541795452105e-5,3.666734512687134e-5,7.023288692232345e-5
33.0,7.131893829276554e-5,3.4080456777720566e-5,3.723847791355587e-5,7.131893469127644e-5
33.5,7.240522619100495e-5,3.459539480951933e-5,3.7809829670778304e-5,7.240522448029763e-5
34.0,7.34917616916207e-5,3.5110517237560536e-5,3.83812390518265e-5,7.349175628938704e-5
34.5,7.457873049639503e-5,3.562581253707904e-5,3.895291350247321e-5,7.457872603955225e-5
35.0,7.566604256810019e-5,3.614126918330969e-5,3.952477234936238e-5,7.566604153267207e-5
35.5,7.675376543465698e-5,3.6656921750547935e-5,4.009683864202429e-5,7.675376039257222e-5
36.0,7.784189909606542e-5,3.7172724139733165e-5,4.0669170004284724e-5,7.784189414401789e-5
36.5,7.893025222321652e-5,3.768857262797901e-5,4.124167423802245e-5,7.893024686600147e-5
37.0,8.001885858007068e-5,3.820461703723246e-5,4.181423609558594e-5,8.00188531328184e-5
37.5,8.110785322246955e-5,3.87208343179632e-5,4.238701692368734e-5,8.110785124165054e-5
38.0,8.21972474050666e-5,3.923724751970154e-5,4.2959993672796335e-5,8.219724119249787e-5
38.5,8.328701299122813e-5,3.975383359291718e-5,4.353317786767809e-5,8.328701146059527e-5
39.0,8.437711058966703e-5,4.027058101284495e-5,4.410652340927198e-5,8.437710442211693e-5
39.5,8.546761335563084e-5,4.078754164092805e-5,4.468006487187347e-5,8.546760651280153e-5
40.0,8.655841436991159e-5,4.1304525318541464e-5,4.525388292883863e-5,8.65584082473801e-5
40.5,8.764950800518254e-5,4.18216991547799e-5,4.582780470869017e-5,8.764950386347007e-5
41.0,8.874106308124576e-5,4.2339057387260785e-5,4.640200308290538e-5,8.874106047016617e-5
41.5,8.983288264166553e-5,4.285659425360153e-5,4.697628213047666e-5,8.98328763840782e-5
42.0,9.092519177951122e-5,4.337433856571504e-5,4.7550849297176766e-5,9.09251878628918e-5
42.5,9.201780479300058e-5,4.389223269977553e-5,4.8125566285823854e-5,9.201779898559939e-5
43.0,9.311083422866833e-5,4.441034004199136e-5,4.87004907202437e-5,9.311083076223505e-5
43.5,9.420410563938567e-5,4.49286144933019e-5,4.927548430325447e-5,9.420409879655637e-5
44.0,9.529790039148936e-5,4.544709639038519e-5,4.985080057968951e-5,9.52978969700747e-5
44.5,9.63920102738902e-5,4.596575115894578e-5,5.042625515330639e-5,9.639200631225217e-5
45.0,9.748644654124165e-5,4.648460184851397e-5,5.100184802410511e-5,9.74864441102365e-5
45.5,9.85814005226527e-5,4.700365998385491e-5,5.15777405387978e-5,9.85814005226527e-5
46.0,9.967654583317275e-5,4.752274693110873e-5,5.2153794400202636e-5,9.967654133131137e-5
46.5,0.00010077197251002954,4.804203556175273e-5,5.272994045972869e-5,0.00010077197025909884
47.0,0.00010186792815559941,4.856153163816949e-5,5.330638616314873e-5,0.00010186791780131821
47.5,0.00010296415391285254,4.908120634844611e-5,5.3882947114220286e-5,0.0001029641534626664
48.0,0.00010406072856436323,4.960108850449549e-5,5.445963483770853e-5,0.00010406072334220402
48.5,0.00010515782092993352,5.012117234393504e-5,5.503663372985591e-5,0.00010515781183617353
49.0,0.00010625518340718711,5.064143481723446e-5,5.561374786965481e-5,0.00010625517692450671
49.5,0.00010735287226939129,5.1161904736306645e-5,5.6190965732340094e-5,0.00010735286470626416
50.0,0.00010845104508169468,5.168258786353415e-5,5.6768448664623895e-5,0.00010845103652815804
50.5,0.0001095495780429091,5.22034553870041e-5,5.734611599315014e-5,0.00010954957714253682
51.0,0.00011064838111580679,5.272454764339454e-5,5.7923829420737e-5,0.00011064837130174897
51.5,0.00011174765688415021,5.3245830058409996e-5,5.850181944268753e-5,0.00011174764950109753
52.0,0.00011284728154675118,5.3767325681580786e-5,5.907994776181989e-5,0.00011284727344340068
52.5,0.0001139473676501444,5.428902875052433e-5,5.965832962578562e-5,0.00011394735837630995
53.0,0.00011504772386522091,5.4810921978092896e-5,6.023680368787257e-5,0.0001150477199035829
53.5,0.0001161484965024758,5.53330514633471e-5,6.081543909667167e-5,0.00011614849632240134
54.0,0.00011724967430725558,5.585538839437405e-5,6.139428195124351e-5,0.00011724966458323499
54.5,0.00011835115598767906,5.637793853355634e-5,6.197321700393659e-5,0.00011835115553749293
55.0,0.00011945317789146908,5.690070188089395e-5,6.255247475005393e-5,0.00011945317663094789
55.5,0.00012055545865228889,5.742367267400432e-5,6.31317785952319e-5,0.00012055545126923621
56.0,0.00012165823461786137,5.794685667527001e-5,6.371138208430384e-5,0.00012165823299719128
56.5,0.00012276139324165182,5.847028269660392e-5,6.42911008210273e-5,0.00012276138351763124
57.0,0.00012386477695851167,5.8993910401328004e-5,6.487086565681139e-5,0.0001238647760581394
57.5,0.00012496863337081726,5.9517785888502874e-5,6.545083793836823e-5,0.00012496862958925368
58.0,0.0001260728274227269,6.004187458383308e-5,6.60309485171069e-5,0.0001260728173385574
58.5,0.000127177606716617,6.056630902211787e-5,6.661128959114863e-5,0.00012717760437564907
59.0,0.00012828273490476464,6.10909797180883e-5,6.719174591284188e-5,0.0001282827256309302
59.5,0.0001293882682604372,6.161588090936178e-5,6.777238663077759e-5,0.0001293882617777568
60.0,0.00013049416176502077,6.214100683355575e-5,6.835314259636483e-5,0.00013049415519230314
60.5,0.00013160050545574315,6.266636901543534e-5,6.893412905725513e-5,0.00013160049807269049
61.0,0.00013270717553141615,6.319196169261801e-5,6.951520771626665e-5,0.00013270716364650209
61.5,0.0001338143070478814,6.371780791463404e-5,7.009649382105092e-5,0.00013381430173568494
62.0,0.00013492174243999032,6.424387310718796e-5,7.067787212395641e-5,0.0001349217394687618
62.5,0.0001360296730368519,6.477018031981011e-5,7.125948092216497e-5,0.00013602966124197507
63.0,0.00013713793001866412,6.529675260203078e-5,7.184118191849475e-5,0.00013713792875814294
63.5,0.00013824659216800126,6.582354961717192e-5,7.242304426153666e-5,0.000138246588116326
64.0,0.00013935556944763553,6.635060593952901e-5,7.300495270363919e-5,0.00013935555864316818
64.5,0.00014046525577043838,6.687803105437098e-5,7.35872068886963e-5,0.00014046524370544985
65.0,0.00014157526847819187,6.74056924268986e-5,7.416957632140496e-5,0.00014157526298592098
65.5,0.00014268574262673762,6.793371682952853e-5,7.475201490270452e-5,0.00014268573173223305
66.0,0.0001437968245265707,6.846211578702593e-5,7.533470702883745e-5,0.0001437968228158634
66.5,0.0001449082103020475,6.899076252697413e-5,7.591744525403099e-5,0.00014490820201862255
67.0,0.0001460201813195047,6.951977805940721e-5,7.650039092499729e-5,0.0001460201689844045
67.5,0.00014713254624983336,7.004917967147292e-5,7.70833596454939e-5,0.0001471325393169668
68.0,0.00014824541763956814,7.057882330360685e-5,7.766658191082386e-5,0.0001482454052144307
68.5,0.00014935886301662985,7.11088760649037e-5,7.824998857239627e-5,0.00014935885887491738
69.0,0.0001504727135612165,7.163929185630286e-5,7.883341828349899e-5,0.00015047270437741928
69.5,0.00015158716060243704,7.217011101448239e-5,7.941703239084416e-5,0.00015158714916770912
70.0,0.00015270194528326167,7.270119524226042e-5,8.000073869631055e-5,0.00015270193970095354
70.5,0.00015381731520606673,7.323265978728852e-5,8.058465244754968e-5,0.00015381730647245562
71.0,0.00015493328162550566,7.37645161743318e-5,8.116875059503127e-5,0.00015493327253174565
71.5,0.00015604956317524175,7.429667220526906e-5,8.175289484157348e-5,0.00015604956128445997
72.0,0.00015716636243903745,7.482919702869123e-5,8.233715433576721e-5,0.00015716635712684102
72.5,0.00015828387074600173,7.536217708033693e-5,8.29216904243246e-5,0.00015828386750466153
73.0,0.0001594016829286097,7.589551439970236e-5,8.35061573642911e-5,0.00015940167752637603
73.5,0.00016052009160785155,7.642915712534436e-5,8.409092394815155e-5,0.00016052008683587848
74.0,0.000161638849181351,7.696322626729701e-5,8.46756213834211e-5,0.00016163884188833555
74.5,0.00016275824827009818,7.749769877603002e-5,8.52605493139937e-5,0.00016275824232764115
75.0,0.00016387822134617233,7.803258617630853e-5,8.584563859127845e-5,0.0001638782190052044
75.5,0.00016499849829789014,7.856776745809844e-5,8.643072786856319e-5,0.00016499849532666163
76.0,0.00016611945052881616,7.910338668096416e-5,8.701604764115099e-5,0.00016611944008449773
76.5,0.0001672409429831087,7.963942655775797e-5,8.760150571092063e-5,0.00016724093803106117
77.0,0.00016836287436888656,8.017589861324501e-5,8.818696378069026e-5,0.0001683628623939353
77.5,0.00016948534597803098,8.071268183739119e-5,8.877265234576296e-5,0.00016948533994553673
78.0,0.00017060835781054195,8.124991452737833e-5,8.935843310895688e-5,0.0001706083476363352
78.5,0.00017173198864899373,8.178756210891097e-5,8.994442131792356e-5,0.00017173197766445194
79.0,0.00017285602465497043,8.232567068104973e-5,9.05303403782993e-5,0.00017285601105934903
79.5,0.00017398060088431367,8.286410194661277e-5,9.111648993397813e-5,0.00017398059764297348
80.0,0.00017510578486494427,8.340299420278194e-5,9.170277778683877e-5,0.0001751057719896207
80.5,0.00017623141903171365,8.394231863764432e-5,9.228908868922973e-5,0.00017623140732687405
81.0,0.00017735766094977042,8.4482115587878e-5,9.287553788880252e-5,0.0001773576534766805
81.5,0.00017848451061911453,8.502237929110036e-5,9.346212538555714e-5,0.00017848449891427493
82.0,0.00017961183298390439,8.556297145012957e-5,9.40488511794936e-5,0.00017961182839200575
82.5,0.00018073965055344688,8.610403612453007e-5,9.463560002296037e-5,0.000180739641909873
83.0,0.00018186804211031633,8.664557331430183e-5,9.522246411407868e-5,0.00018186803166599794
83.5,0.0001829970976917405,8.718758301944486e-5,9.580951260143942e-5,0.0001829970898585017
84.0,0.00018412676102445204,8.773008828948946e-5,9.639665328692139e-5,0.00018412674733879342
84.5,0.00018525673948746073,8.827292777772351e-5,9.698379397240336e-5,0.00018525672751250945
85.0,0.00018638738197502414,8.881625130609399e-5,9.757111905412777e-5,0.00018638737612260432
85.5,0.00018751860970456794,8.936008480532247e-5,9.81585132844431e-5,0.00018751860097095685
86.0,0.00018865052396797342,8.99043965823048e-5,9.874611496053119e-5,0.00018865051730521855
86.5,0.00018978278712563645,9.044921833014516e-5,9.933355528990713e-5,0.00018978277938243486
87.0,0.00019091568054389378,9.099442039523555e-5,9.992124916411643e-5,0.0001909156637969694
87.5,0.00019204913669482459,9.154011802522753e-5,0.00010050901218691666,0.0001920491244497616
88.0,0.0001931832231063497,9.20863313884601e-5,0.00010109689045736841,0.00019318321896463723
88.5,0.000194317984797083,9.26330489601681e-5,0.00010168493007453232,0.0001943179819158917
89.0,0.000195453219183262,9.318029955226443e-5,0.0001022729235926356,0.00019545321738251748
89.5,0.00019658912884864922,9.372806011521879e-5,0.00010286105540792073,0.0001965891212855221
90.0,0.0001977254887001752,9.427623268852736e-5,0.00010344925637179676,0.00019772548617913284
90.5,0.00019886250132160246,9.48249037079288e-5,0.00010403759563285464,0.00019886249645959214
91.0,0.00020000018922223785,9.537413655963144e-5,0.00010462605014156403,0.00020000017517643034
91.5,0.00020113832730901204,9.592389378814854e-5,0.00010521441245215222,0.00020113831488387463
92.0,0.00020227714067499444,9.647419556181911e-5,0.00010580293610945254,0.00020227712302769779
92.5,0.00020341658430157112,9.702504764302574e-5,0.00010639152891534378,0.00020341657655836953
93.0,0.00020455656815151433,9.757631749696917e-5,0.00010698023696888655,0.00020455656022823828
93.5,0.00020569722728066574,9.812813477725735e-5,0.00010756908331961115,0.00020569721233448592
94.0,0.00020683847165179757,9.868053117699449e-5,0.00010815792967033575,0.00020683846372852153
94.5,0.00020798030126490983,9.923345771592864e-5,0.00010874682212012097,0.00020798029136081476
95.0,0.00020912276113861636,9.978697201788561e-5,0.00010933576066896679,0.00020912274133042625
95.5,0.00021026585127291724,0.00010034106255810021,0.00010992476836640354,0.00021026583668688634
96.0,0.00021140961668642626,0.00010089571781180731,0.00011051389131149182,0.00021140960047972526
96.5,0.0002125538998139949,0.00010145083405612054,0.0001111030603556407,0.00021255389441176124
97.0,0.00021369892574869253,0.00010200652365750012,0.00011169239074650172,0.000213698925928767
97.5,0.00021484455943467754,0.00010256281542785893,0.00011228174418689306,0.0002148445567335607
98.0,0.00021599039570442498,0.00010311929735684278,0.00011287109762728439,0.00021599039498412716
98.5,0.00021713645706724185,0.0001036759809692168,0.00011346045106767573,0.0002171364406804664
99.0,0.00021828278854174198,0.00010423288067093743,0.00011404989670618828,0.00021828278602069957
99.5,0.0002194294126372323,0.00010478999934319598,0.00011463941149329176,0.00021942940795529646
100.0,0.00022057617178856427,0.00010534719580761931,0.00011522897237945585,0.00022057616818707516
100.5,0.00022172333610742114,0.00010590462852972827,0.00011581869461233207,0.00022172332026086904
101.0,0.00022287070301004047,0.00010646227734118384,0.0001164084168452083,0.000222870702829966
101.5,0.0002240182950057292,0.0001070200327567171,0.00011699825432573606,0.00022401829284483574
102.0,0.00022516613460379423,0.00010757802731112726,0.00011758809180626382,0.0002251661133550085
102.5,0.0002263143118414634,0.00010813627829156209,0.00011817802148491279,0.00022631430265766616
103.0,0.00022746262413497417,0.0001086946272325007,0.00011876797421309208,0.00022746260720797536
103.5,0.00022861109399363353,0.00010925323259946397,0.00011935783474315015,0.0002286110731049967
104.0,0.00022975987898259004,0.0001098120972736432,0.00011994776442179912,0.0002297598616954423
104.5,0.00023090900161115065,0.00011037123277980351,0.00012053776324903902,0.0002309089960288425
105.0,0.00023205830431416677,0.00011093049793957179,0.00012112778512580922,0.00023205829170895486
105.5,0.00023320787712886615,0.00011149004545608631,0.00012171783005210973,0.0002332078639834309
106.0,0.00023435785511109045,0.00011204985804219936,0.00012230799022606179,0.0002343578511494524
106.5,0.0002355079906584633,0.00011260984926217227,0.0001228981273504835,0.00023550797661265577
107.0,0.00023665850886405413,0.00011317010122995678,0.00012348840277208708,0.00023665849391787434
107.5,0.00023780934219994214,0.00011373066292580476,0.00012407867819369065,0.00023780933391651717
108.0,0.0002389604456475134,0.00011429151274078158,0.0001246689075162336,0.0002389604274599934
108.5,0.00024011175167884712,0.00011485254407080954,0.00012525920598736748,0.00024011175149877265
109.0,0.00024126350789631962,0.0001154138822477097,0.00012584961970615288,0.00024126349042909742
109.5,0.00024241551171616846,0.00011597553303386465,0.00012643996427634736,0.00024241550595378587
110.0,0.00024356774062908669,0.00011653737541924025,0.00012703035494560246,0.00024356772892424706
110.5,0.00024470830972101034,0.00011709954049804015,0.0001276087368095682,0.0002447082888323735
111.0,0.0002457716268715181,0.00011766203547324253,0.0001281095800535849,0.00024577160976444487
111.5,0.00024683494402202594,0.00011822487475080388,0.00012861005450511673,0.00024683493069651625
112.0,0.00024789826117253377,0.00011878790850877717,0.0001291103445604061,0.0002478982516285876
112.5,0.00024896157832304155,0.00011935129233149198,0.00012961028887274086,0.000248961572560659
113.0,0.00025002505303869796,0.00011991502477835268,0.0001301100026897726,0.0002500250317899122
113.5,0.0002510885052450474,0.00012047911305233747,0.00013060937076384973,0.0002510884910191654
114.0,0.00025215191243278297,0.00012104343902460352,0.0001311084622435632,0.000252151904149358
114.5,0.0002532153646391324,0.00012160813522995014,0.00013160723102985237,0.0002532153633786112
115.0,0.0002546493875656243,0.00012217319158420778,0.00013247617527285417,0.00025464936685706195
115.5,0.00025619618211988236,0.0001227386268151198,0.0001334575551246881,0.0002561961747368297
116.0,0.00025774403461156656,0.000123304328556226,0.00013443969561102213,0.0002577440198454612
116.5,0.0002592924723452312,0.00012387040053041276,0.0001354220665926592,0.00025929246424188067
117.0,0.0002608421255814705,0.0001244368773119755,0.0001364052212583267,0.000260842107213876
117.5,0.0002623922965317694,0.0001250037423340643,0.0001373885372707063,0.00026239228032506846
118.0,0.0002639435029101876,0.0001255708933143885,0.00013837259086805573,0.0002639434906651246
118.5,0.000265495362058507,0.00012613845270357778,0.0001393568980102385,0.00026549534639202935
119.0,0.00026704794150464846,0.0001267064241031213,0.00014034150479631525,0.0002670479397039039
119.5,0.00026860157888821605,0.0001272748139956994,0.0001413267569692406,0.0002686015702446422
120.0,0.00027015595907891265,0.00012784364038875772,0.0001423123087860599,0.0002701559383703503
120.5,0.0002717112171325799,0.00012841275850243393,0.00014329843684113684,0.00027171120542774025
121.0,0.00027326735304921773,0.0001289823282428446,0.0001442850258868199,0.0002732673483672819
121.5,0.0002748244118474401,0.0001295523330431398,0.00014527205287357878,0.0002748243902385055
122.0,0.0002763823710179401,0.00013012280027463672,0.00014625956390047407,0.0002763823540909413
122.5,0.00027794073535596493,0.00013069356715002763,0.0001472471671254906,0.0002779407328349226
123.0,0.0002795002926872576,0.0001312648029393007,0.00014823548488594659,0.0002795002871049495
123.5,0.0002810606153349862,0.00013183650476126466,0.00014922410229029656,0.00028106060200947647
124.0,0.00028262201842944786,0.0001324086690144304,0.00015021334203196482,0.00028262200024192785
124.5,0.0002841840292751969,0.00013298118441278437,0.0001512028353184664,0.0002841840208116975
125.0,0.00028574725562352066,0.00013355419465574208,0.00015219304314040752,0.00028574723995704305
125.5,0.00028731111223243873,0.00013412767273213524,0.00015318343535859104,0.00028731110448923714
126.0,0.0002888758692136344,0.0001347016571778973,0.00015417419636925948,0.0002888758449035829
126.5,0.00029044168413225617,0.000135276120621711,0.00015516555666771585,0.000290441668645853
127.0,0.0002920080392742445,0.00013585096222188132,0.00015615705526335406,0.00029200802252732014
127.5,0.0002935756774467284,0.00013642633873322174,0.00015714933754302268,0.0002935756671824844
128.0,0.00029493526209517187,0.00013679339558789568,0.00015814185031799436,0.0002949352437275774
128.5,0.00029592841773594977,0.00013679341645911336,0.00015913498543028429,0.0002959284018893977
129.0,0.000296921798469797,0.00013679341645911336,0.0001601283740874076,0.00029692179054652094
129.5,0.0002979154268060206,0.00013679341645911336,0.00016112199323983396,0.00029791540969894734
130.0,0.00029890966289353155,0.00013679341645911336,0.00016211623472957857,0.0002989096511886919
130.5,0.0002999041916020327,0.00013679341645911336,0.00016311075281368688,0.00029990416927280024
131.0,0.00030089935057112815,0.00013679341645911336,0.00016410591628464373,0.00030089933274375706
131.5,0.00030189475714259995,0.00013679341645911336,0.00016510133330043393,0.0003018947497595473
132.0,0.00030289081648397304,0.00013679341645911336,0.00016609739570307272,0.0003028908121621861
132.5,0.0003038870558998016,0.00013679341645911336,0.00016709361945242365,0.000303887035911537
133.0,0.0003048836104459273,0.00013679341645911336,0.00016809018894472916,0.0003048836054038425
133.5,0.00030588077274334036,0.00013679341645911336,0.00016908733467529234,0.00030588075113440567
134.0,0.00030687811511520894,0.00013679341645911336,0.00017008468785162823,0.0003068781043107416
134.5,0.0003078762002942065,0.00013679341645911336,0.00017108277861293395,0.0003078761950720473
135.0,0.0003088744430383527,0.00013679341645911336,0.00017208100767142148,0.00030887442413053484
135.5,0.00030987338357101393,0.00013679341645911336,0.0001730799512653485,0.00030987336772446183
136.0,0.0003108724816688238,0.00013679341645911336,0.00017407905620598767,0.00031087247266510103
136.5,0.00031187187238762386,0.00013679341645911336,0.0001750784377409905,0.00031187185420010385
137.0,0.0003128718483484043,0.00013679341645911336,0.00017607841856378127,0.00031287183502289463
137.5,0.00031387207191156116,0.00013679341645911336,0.00017707862988187512,0.0003138720463409885
138.0,0.0003148728807166984,0.00013679341645911336,0.0001780794404877569,0.0003148728569468703
138.5,0.000315873937124212,0.00013679341645911336,0.0001790805046384721,0.00031587392109758546
139.0,0.00031687562379231987,0.00013679341645911336,0.0001800821911265055,0.00031687560758561885
139.5,0.00031787749053488327,0.00013679341645911336,0.00018108406201078136,0.0003178774784698947
140.0,0.00031887964989843687,0.00013679341645911336,0.0001820862094894209,0.00031887962594853426
140.5,0.0003198824170132778,0.00013679341645911336,0.0001830889793053787,0.00031988239576449204
141.0,0.00032088534169326735,0.00013679341645911336,0.00018409191046804866,0.000320885326927162
141.5,0.0003218888741245443,0.00013679341645911336,0.00018509544091850654,0.0003218888573776199
142.0,0.00032289274419542525,0.00013679341645911336,0.00018609931711191903,0.0003228927335710324
142.5,0.000323897086961752,0.00013679341645911336,0.00018710365429593762,0.000323897070755051
143.0,0.0003249017448583758,0.00013679341645911336,0.00018810831417338052,0.00032490173063249385
143.5,0.0003259065828294552,0.00013679341645911336,0.00018911315844706583,0.0003259065749061792
144.0,0.000326912006042515,0.00013679341645911336,0.0001901185789590088,0.00032691199541812216
144.5,0.0003279176543486442,0.00013679341645911336,0.00019112422996625484,0.0003279176464253682
145.0,0.0003289239104060608,0.00013679341645911336,0.00019213048026128882,0.0003289238967204022
145.5,0.00032993039155654677,0.00013679341645911336,0.00019313696105162587,0.00032993037751073923
146.0,0.00033093741293039924,0.00013679341645911336,0.00019414397198115995,0.00033093738844027333
146.5,0.0003319446819066281,0.00013679341645911336,0.0001951512595050577,0.00033194467596417106
147.0,0.00033295210844800553,0.00013679341645911336,0.0001961586853261373,0.00033295210178525066
147.5,0.00033396018775928415,0.00013679341645911336,0.00019716675653406546,0.0003339601729931788
148.0,0.00033496844714501833,0.00013679341645911336,0.00019817501213823606,0.0003349684285973494
148.5,0.00033597731428203984,0.00013679341645911336,0.00019918389007972492,0.00033597730653883826
149.0,0.00033698638400282384,0.00013679341645911336,0.00020019295241745623,0.0003369863688765696
149.5,0.00033799608398420216,0.00013679341645911336,0.0002012026601420361,0.00033799607660114944
150.0,0.00033900591902142203,0.00013679341645911336,0.00020221248311426748,0.00033900589957338087
150.5,0.0003400160016610183,0.00013679341645911336,0.00020322255963133227,0.0003400159760904456
151.0,0.00034102660201467414,0.00013679341645911336,0.00020423316628759405,0.0003410265827467074
151.5,0.0003420374049520925,0.00013679341645911336,0.0002052439803896286,0.00034203739684874197
152.0,0.00034304886065941205,0.00013679341645911336,0.00020625541682898143,0.00034304883328809476
152.5,0.00034406042891326627,0.00013679341645911336,0.0002072669915655161,0.0003440604080246294
153.0,0.00034507228978811075,0.00013679341645911336,0.0002082788659459447,0.0003450722824050581
153.5,0.000346084600849094,0.00013679341645911336,0.00020929117826744913,0.0003460845947265625
154.0,0.0003470971595124536,0.00013679341645911336,0.00021030372108425663,0.00034709713754337
154.5,0.00034811030341779355,0.00013679341645911336,0.0002113168631888521,0.00034811027964796543
155.0,0.0003491235823789752,0.00013679341645911336,0.00021233014359062937,0.0003491235600497427
155.5,0.0003501374465821373,0.00013679341645911336,0.0002133440232801946,0.000350137439739308
156.0,0.0003511516034062896,0.00013679341645911336,0.00021435817956412352,0.00035115159602323685
156.5,0.0003521658052490557,0.00013679341645911336,0.00021537238194711304,0.00035216579840622637
157.0,0.00035318070488033696,0.00013679341645911336,0.00021638727581601173,0.0003531806922751251
157.5,0.00035419567203953906,0.00013679341645911336,0.00021740223883350135,0.00035419565529261473
158.0,0.00035521126945933546,0.00013679341645911336,0.00021841784723783953,0.00035521126369695286
158.5,0.00035622702444428045,0.00013679341645911336,0.00021943359393935955,0.0003562270103984729
159.0,0.00035724291448506706,0.00013679341645911336,0.0002204494789380614,0.0003572428953971748
159.5,0.00035825938976783404,0.00013679341645911336,0.0002214659632245512,0.00035825937968366454
160.0,0.00035927611265297745,0.00013679341645911336,0.00022248267800634405,0.00035927609446545744
160.5,0.00036029333074287344,0.00013679341645911336,0.00022349989987780364,0.00036029331633691703
161.0,0.0003613106613793042,0.00013679341645911336,0.00022451723699691477,0.00036131065345602816
161.5,0.00036232864478563616,0.00013679341645911336,0.00022553521950287447,0.0003623286359619878
162.0,0.00036334676324780975,0.00013679341645911336,0.00022655334030601598,0.00036334675676512936
162.5,0.00036436503927513193,0.00013679341645911336,0.00022757159940633935,0.0003643650158654527
163.0,0.0003653838330165137,0.00013679341645911336,0.00022859038864585972,0.0003653838051049731
163.5,0.00036640282934165795,0.00013679341645911336,0.00022960938533115287,0.0003664028017902662
164.0,0.0003674223883994757,0.00013679341645911336,0.00023062895825470367,0.00036742237471381706
164.5,0.000368442082513135,0.00013679341645911336,0.00023164864642590598,0.00036844206288501937
165.0,0.00036946195670124987,0.00013679341645911336,0.00023266851899335077,0.0003694619354524641
165.5,0.0003704823035848105,0.00013679341645911336,0.00023368887560093195,0.0003704822920600453
166.0,0.0003715028980707474,0.00013679341645911336,0.0002347094627038162,0.0003715028791629296
166.5,0.00037252401027074394,0.00013679341645911336,0.0002357305799458975,0.00037252399640501084
167.0,0.00037354528003588904,0.00013679341645911336,0.00023675183548516063,0.00037354525194427396
167.5,0.00037456666234756883,0.00013679341645911336,0.00023777322932160558,0.00037456664578071894
168.0,0.0003755886299012291,0.00013679341645911336,0.00023879519939630817,0.00037558861585542156
168.5,0.00037661068749211704,0.00013679341645911336,0.00023981726166913203,0.0003766106781282454
169.0,0.00037763337534359935,0.00013679341645911336,0.0002408399462792741,0.00037763336273838744
169.5,0.0003786561982509233,0.00013679341645911336,0.0002418627461370677,0.0003786561625961811
170.0,0.000379679471344386,0.00013679341645911336,0.00024288603003499776,0.0003796794464941111
170.5,0.0003807029245123042,0.00013679341645911336,0.00024390947527963994,0.00038070289173875333
171.0,0.0003817265127360641,0.00013679341645911336,0.00024493305882146394,0.0003817264752805773
171.5,0.00038275068620180437,0.00013679341645911336,0.00024595724165107593,0.0003827506581101893
172.0,0.00038377494970477237,0.00013679341645911336,0.00024698149362927885,0.0003837749100883922
172.5,0.0003847997084124931,0.00013679341645911336,0.00024800627574667874,0.0003847996922057921
173.0,0.00038582464719466933,0.00013679341645911336,0.0002490311961612605,0.00038582461262037386
173.5,0.0003868496309954594,0.00013679341645911336,0.00025005620877396347,0.00038684962523307683
174.0,0.00038787524505684383,0.00013679341645911336,0.00025108182067445445,0.0003878752371335678
174.5,0.00038890090413684213,0.00013679341645911336,0.000252107478674006,0.00038890089513311934
175.0,0.0003899271484588208,0.00013679341645911336,0.00025313373596134547,0.00038992715242045883
175.5,0.0003909536178738689,0.00013679341645911336,0.00025416017764492743,0.0003909535941040408
176.0,0.00039198004227030314,0.00013679341645911336,0.0002551866193285094,0.00039198003578762275
176.5,0.0003930070969273317,0.00013679341645911336,0.00025621366029987926,0.0003930070767589926
177.0,0.00039403415158436016,0.00013679341645911336,0.0002572407012712492,0.00039403411773036254
177.5,0.00039506152137168583,0.00013679341645911336,0.0002582680649360434,0.00039506148139515675
178.0,0.0003960892963265364,0.00013679341645911336,0.000259295843492383,0.0003960892599514964
178.5,0.00039711716131861477,0.00013679341645911336,0.000260323714246844,0.00039711713070595734
179.0,0.00039814556653405966,0.00013679341645911336,0.00026135213819003224,0.0003981455546491456
179.5,0.00039917415182396006,0.00013679341645911336,0.0002623807004304023,0.00039917411688951567
180.0,0.00040020273711386046,0.00013679341645911336,0.00026340930876983304,0.0004002027252289464
180.5,0.0004012318626271274,0.00013679341645911336,0.00026443842419893046,0.0004012318406580438
181.0,0.0004022610781776221,0.00013679341645911336,0.0002654676318261491,0.00040226104828526246
181.5,0.00040329083395148333,0.00013679341645911336,0.0002664973926420951,0.00040329080910120845
182.0,0.0004043206797625723,0.00013679341645911336,0.00026752724565616234,0.0004043206621152757
182.5,0.00040535066062950294,0.00013679341645911336,0.0002685572369674114,0.00040535065342652476
183.0,0.00040638113670118627,0.00013679341645911336,0.00026958768926926656,0.0004063811057283799
183.5,0.0004074117478287112,0.00013679341645911336,0.0002706183259673642,0.00040741174242647755
184.0,0.0004084428091423749,0.00013679341645911336,0.0002716493775570073,0.00040844279401612067
184.5,0.0004094740055118803,0.00013679341645911336,0.00027268056744383224,0.0004094739839029456
185.0,0.0004105052468999995,0.00013679341645911336,0.0002737118034297178,0.0004105052198888312
185.5,0.0004115370285114853,0.00013679341645911336,0.00027474359260433077,0.00041153700906344413
186.0,0.00041256885514158497,0.00013679341645911336,0.00027577542787800426,0.0004125688443371176
186.5,0.00041360081682752627,0.00013679341645911336,0.0002768074014488596,0.000413600817907973
187.0,0.0004146332737182202,0.00013679341645911336,0.00027783983601032113,0.0004146332524694345
187.5,0.00041566582064614193,0.00013679341645911336,0.00027887236276990385,0.0004156657792290172
188.0,0.00041669886277881634,0.00013679341645911336,0.00027990544271821387,0.0004166988591773272
188.5,0.0004177319949487185,0.00013679341645911336,0.00028093856876558454,0.0004177319852246979
189.0,0.0004187651721372345,0.00013679341645911336,0.00028197174091201577,0.00041876515737112913
189.5,0.0004197987995118893,0.00013679341645911336,0.0002830053740490532,0.00041979879050816656
190.0,0.00042083256194238574,0.00013679341645911336,0.0002840391454832724,0.00042083256194238574
190.5,0.00042186645942872387,0.00013679341645911336,0.00028507300911561283,0.0004218664255747262
191.0,0.00042290080710120074,0.00013679341645911336,0.00028610737983762003,0.0004229007962967334
191.5,0.00042393519979229145,0.00013679341645911336,0.0002871417505596272,0.00042393516701874054
192.0,0.000424970042669521,0.00013679341645911336,0.0002881766283713011,0.00042497004483041444
192.5,0.0004260050206025922,0.00013679341645911336,0.00028921159838109624,0.0004260050148402096
193.0,0.000427040133591505,0.00013679341645911336,0.0002902467066880732,0.00042704012314718657
193.5,0.0004280756517479427,0.00013679341645911336,0.0002912822298865957,0.00042807564634570903
194.0,0.0004291112149229943,0.00013679341645911336,0.00029231779918417874,0.0004291112156432921
194.5,0.00043014691315388753,0.00013679341645911336,0.00029335346067988307,0.00043014687713899643
195.0,0.00043118306157091955,0.00013679341645911336,0.0002943896292652541,0.00043118304572436746
195.5,0.0004322192550065654,0.00013679341645911336,0.0002954257978506251,0.0004322192143097385
196.0,0.00043325585360973624,0.00013679341645911336,0.0002964624274266023,0.00043325584388571566
196.5,0.0004342926773059764,0.00013679341645911336,0.0002974992413988219,0.00043429265785793525
197.0,0.00043532945598360274,0.00013679341645911336,0.0002985360092719809,0.00043532942573109424
197.5,0.0004363666848473679,0.00013679341645911336,0.00029957323813574596,0.0004363666545948593
198.0,0.00043740409378558847,0.00013679341645911336,0.0003006106513957535,0.00043740406785486687
198.5,0.00043844141268658133,0.00013679341645911336,0.00030164797245763985,0.0004384413889167532
199.0,0.000439479181773713,0.00013679341645911336,0.0003026857545101323,0.00043947917096924565
199.5,0.00044051713093530017,0.00013679341645911336,0.0003037236748598066,0.00044051709131891995
200.0,0.00044155508009688734,0.00013679341645911336,0.0003047616413085415,0.00044155505776765486
200.5,0.00044259347944461327,0.00013679341645911336,0.0003058000226488219,0.00044259343910793526
201.0,0.00044363187879233924,0.00013679341645911336,0.0003068384500881629,0.00044363186654727626
201.5,0.00044467036817729294,0.00013679341645911336,0.0003078769236265645,0.00044467034008567786
202.0,0.00044570930774838545,0.00013679341645911336,0.00030891585815557226,0.0004457092746146856
202.5,0.0004467483373567057,0.00013679341645911336,0.0003099548848827012,0.0004467483013418146
203.0,0.0004477874119836398,0.00013679341645911336,0.0003109939577088908,0.00044778737416800414
203.5,0.0004488268017408711,0.00013679341645911336,0.00031203335322850463,0.000448826769687618
204.0,0.00044986637157255787,0.00013679341645911336,0.00031307293314436095,0.0004498663496034743
204.5,0.0004509063465717696,0.00013679341645911336,0.00031411292795176276,0.0004509063444108761
205.0,0.00045194641160820905,0.00013679341645911336,0.0003151529688582252,0.0004519463853173386
205.5,0.0004529863866074208,0.00013679341645911336,0.00031619296366562703,0.0004529863801247404
206.0,0.00045402685681138514,0.00013679341645911336,0.00031723341946363493,0.0004540268359227483
206.5,0.0004550674170525773,0.00013679341645911336,0.0003182739674597641,0.00045506738391887745
207.0,0.00045610793227515554,0.00013679341645911336,0.00031931451545589326,0.0004561079319150066
207.5,0.00045714894270248643,0.00013679341645911336,0.0003203555244426285,0.0004571489409017419
208.0,0.0004581899081112035,0.00013679341645911336,0.00032139648733030317,0.00045818990378941653
208.5,0.00045923100857576217,0.00013679341645911336,0.0003224375885151597,0.00045923100497427305
209.0,0.00046027251420784575,0.00013679341645911336,0.00032347905849250104,0.0004602724749516144
209.5,0.00046131401983992934,0.00013679341645911336,0.00032452057456890305,0.0004613139910280164
210.0,0.00046235552547201287,0.00013679341645911336,0.00032556209064530506,0.0004623555071044184
210.5,0.00046339743627162136,0.00013679341645911336,0.00032660397551419196,0.0004633973919733053
211.0,0.00046443943710845764,0.00013679341645911336,0.0003276459986802607,0.0004644394151393741
211.5,0.00046548143794529386,0.00013679341645911336,0.00032868802184632943,0.0004654814383054428
212.0,0.00046652384394965505,0.00013679341645911336,0.0003297304138048831,0.00046652383026399643
212.5,0.0004675662949726301,0.00013679341645911336,0.0003307728518624973,0.00046756626832161063
213.0,0.0004686087009769912,0.00013679341645911336,0.0003318152438210509,0.0004686086602801643
213.5,0.00046965155716749115,0.00013679341645911336,0.00033285809677021066,0.000469651513229324
214.0,0.0004706944133579911,0.00013679341645911336,0.000333900995818431,0.00047069441227754437
214.5,0.00047173726954849107,0.00013679341645911336,0.00033494384876759075,0.0004717372652267041
215.0,0.00047278062094374364,0.00013679341645911336,0.00033598716270735664,0.00047278057916647
215.5,0.00047382397233899627,0.00013679341645911336,0.0003370305227461831,0.00047382393920529644
216.0,0.0004748672336970211,0.00013679341645911336,0.0003380737905868883,0.0004748672070460017
216.5,0.00047591054007365985,0.00013679341645911336,0.0003391171045266542,0.00047591052098576756
217.0,0.0004769542516178235,0.00013679341645911336,0.0003401608333579656,0.00047695424981707894
217.5,0.000477998008180601,0.00013679341645911336,0.0003412045621892769,0.00047799797864839027
218.0,0.00047904167470615074,0.00013679341645911336,0.0003422482449215277,0.00047904166138064105
218.5,0.0004800858364364532,0.00013679341645911336,0.00034329238864438456,0.0004800858051034979
219.0,0.00048112990812952786,0.00013679341645911336,0.0003443364862681808,0.0004811299027272942
219.5,0.00048217406985983025,0.00013679341645911336,0.0003453806299910377,0.00048217404645015105
220.0,0.0004832185917390437,0.00013679341645911336,0.00034642514250637945,0.0004832185589654928
220.5,0.0004842631136182572,0.00013679341645911336,0.0003474696550217212,0.00048426307148083457
221.0,0.00048530759047885676,0.00013679341645911336,0.000348514167537063,0.0004853075839961764
221.5,0.00048635242748836736,0.00013679341645911336,0.00034955900274582905,0.0004863524192049424
222.0,0.00048739735453510574,0.00013679341645911336,0.0003506039301527163,0.00048739734661182966
222.5,0.0004884422365632302,0.00013679341645911336,0.000351648811460543,0.0004884422279196563
223.0,0.0004894875687774935,0.00013679341645911336,0.00035269410765991513,0.0004894875241190285
223.5,0.0004905326758986874,0.00013679341645911336,0.00035373921946304485,0.0004905326359221583
224.0,0.0004915780081129506,0.00013679341645911336,0.00035478456176147764,0.000491577978220591
224.5,0.0004926231152341445,0.00013679341645911336,0.00035582967356460735,0.0004926230900237208
225.0,0.000493668717560091,0.00013679341645911336,0.0003568752924574038,0.0004936687089165172
225.5,0.0004947142748674237,0.00013679341645911336,0.00035792081915207903,0.0004947142356111924
226.0,0.0004957597871561425,0.00013679341645911336,0.0003589663458467543,0.0004957597623058676
226.5,0.0004968057946496139,0.00013679341645911336,0.00036001233353203564,0.000496805749991149
227.0,0.000497851577050016,0.00013679341645911336,0.00036105813682107453,0.0004978515532801878
227.5,0.0004988974044690319,0.00013679341645911336,0.000362103986209174,0.0004988974026682874
228.0,0.0004999432769066618,0.00013679341645911336,0.00036314983559727356,0.0004999432520563869
228.5,0.0005009895094932026,0.00013679341645911336,0.00036419605377785793,0.0005009894702369713
229.0,0.0005020356070239018,0.00013679341645911336,0.0003652421797603211,0.0005020355962194345
229.5,0.0005030817495732149,0.00013679341645911336,0.0003662883057427843,0.0005030817222018976
230.0,0.0005041282072528251,0.00013679341645911336,0.00036733475441867177,0.0005041281708777851
230.5,0.0005051745298765937,0.00013679341645911336,0.000368381110896438,0.0005051745273555513
231.0,0.0005062208525003623,0.00013679341645911336,0.00036942742127514365,0.000506220837734257
231.5,0.0005072670400682893,0.00013679341645911336,0.0003704735933566674,0.0005072670098157808
232.0,0.0005083135877851272,0.00013679341645911336,0.00037152013423067613,0.0005083135506897895
232.5,0.0005093600904833514,0.00013679341645911336,0.0003725666290056242,0.0005093600454647375
233.0,0.0005104063680885061,0.00013679341645911336,0.0003736129393843298,0.0005104063558434432
233.5,0.0005114526456936609,0.00013679341645911336,0.0003746592036639748,0.0005114526201230882
234.0,0.0005124993284663405,0.00013679341645911336,0.0003757058828351653,0.0005124992992942787
234.5,0.0005135457411273368,0.00013679341645911336,0.0003767522854119922,0.0005135457018711055
235.0,0.0005145921087697194,0.00013679341645911336,0.00037779868798881906,0.0005145921044479324
235.5,0.0005156383863748741,0.00013679341645911336,0.00037884495226846404,0.0005156383687275775
236.0,0.0005166849791103259,0.00013679341645911336,0.00037989153924153336,0.0005166849557006467
236.5,0.0005177315268271639,0.00013679341645911336,0.00038093808011554207,0.0005177314965746554
237.0,0.0005187779394881603,0.00013679341645911336,0.0003819844826923689,0.0005187778991514822
237.5,0.0005198241720747012,0.00013679341645911336,0.0003830307469720139,0.0005198241634311272
238.0,0.0005208708098287669,0.00013679341645911336,0.0003840773800441438,0.0005208707965032572
238.5,0.000521917312526991,0.00013679341645911336,0.0003851238748190919,0.0005219172912782052
239.0,0.0005229636801693735,0.00013679341645911336,0.0003861702312968581,0.0005229636477559715
239.5,0.0005240098227186866,0.00013679341645911336,0.0003872164033783819,0.0005240098198374953
240.0,0.0005250564604727524,0.00013679341645911336,0.00038826303645051185,0.0005250564529096252
240.5,0.0005261029181523626,0.00013679341645911336,0.0003893094851263993,0.0005261029015855126
241.0,0.0005271492407761311,0.00013679341645911336,0.00039035579550510493,0.0005271492119642183
241.5,0.000528195473362672,0.00013679341645911336,0.0003914020136856893,0.0005281954301448027
242.0,0.0005292419760608961,0.00013679341645911336,0.000392448554559698,0.0005292419710188113
242.5,0.0005302883887218925,0.00013679341645911336,0.00039349495713652486,0.0005302883735956382
243.0,0.0005313346213084334,0.00013679341645911336,0.00039454117531710923,0.0005313345917762226
243.5,0.0005323807638577464,0.00013679341645911336,0.00039558730129957246,0.0005323807177586858
244.0,0.0005334271765187428,0.00013679341645911336,0.0003966337499754599,0.0005334271664345732
244.5,0.0005344734991425113,0.00013679341645911336,0.00039768006035416554,0.0005344734768132789
245.0,0.0005355196416918245,0.00013679341645911336,0.0003987261863366287,0.0005355196027957421
245.5,0.000536565604166682,0.00013679341645911336,0.00039977217402191006,0.0005365655904810234
246.0,0.0005376118367532229,0.00013679341645911336,0.00040081839220249444,0.0005376118086616079
246.5,0.0005386580693397638,0.00013679341645911336,0.00040186461038307887,0.0005386580268421922
247.0,0.0005397040768332352,0.00013679341645911336,0.0004029106441674208,0.0005397040606265342
247.5,0.000540749949270865,0.00013679341645911336,0.0004039564935555203,0.0005407499100146337
248.0,0.0005417962268760197,0.00013679341645911336,0.00040500280393422595,0.0005417962203933393
248.5,0.0005428421893508773,0.00013679341645911336,0.0004060487455204467,0.0005428421619795601
249.0,0.0005438880617885071,0.00013679341645911336,0.0004070946410076068,0.0005438880574667202
249.5,0.0005449337091330675,0.00013679341645911336,0.00040814025990040326,0.0005449336763595166
250.0,0.0005459793114590141,0.00013679341645911336,0.00040918587879319973,0.0005459792952523131
250.5,0.0005470250938594161,0.00013679341645911336,0.000410231635983178,0.0005470250524422913
251.0,0.0005480707412039766,0.00013679341645911336,0.00041127730097503503,0.0005480707174341484
251.5,0.0005491162534926954,0.00013679341645911336,0.0004123228276697103,0.0005491162441288236
252.0,0.0005501617207628002,0.00013679341645911336,0.0004133682621662643,0.0005501616786253776
252.5,0.0005512069179212218,0.00013679341645911336,0.0004144134661675152,0.0005512068826266286
253.0,0.0005522523401727128,0.00013679341645911336,0.0004154589006640692,0.0005522523171231826
253.5,0.0005532976273683622,0.00013679341645911336,0.0004165041968634414,0.0005532976133225548
254.0,0.00055434277950817,0.00013679341645911336,0.0004175493547656317,0.0005543427712247451
254.5,0.0005553877515735222,0.00013679341645911336,0.0004185943282715796,0.000555387744730693
255.0,0.0005564326336016468,0.00013679341645911336,0.00041963920957940626,0.0005564326260385197
255.5,0.0005574776506856129,0.00013679341645911336,0.00042068422918441477,0.0005574776456435281
256.0,0.0005585224876951235,0.00013679341645911336,0.0004217290643931808,0.0005585224808522942
256.5,0.0005595671896487925,0.00013679341645911336,0.00042277376130476504,0.0005595671777638785
257.0,0.0005606117115280059,0.00013679341645911336,0.0004238182738201068,0.0005606116902792202
257.5,0.0005616560533327639,0.00013679341645911336,0.00042486260193920613,0.0005616560183983194
258.0,0.0005627006652492051,0.00013679341645911336,0.0004259072066526691,0.0005627006231117825
258.5,0.0005637450970911908,0.00013679341645911336,0.00042695167306895025,0.0005637450895280636
259.0,0.0005647892588214932,0.00013679341645911336,0.0004279958167918071,0.0005647892332509205
259.5,0.0005658333305145678,0.00013679341645911336,0.0004290398683165428,0.0005658332847756561
260.0,0.000566877222133187,0.00013679341645911336,0.00043008378154409663,0.00056687719800321
260.5,0.0005679213838634895,0.00013679341645911336,0.0004311279252669535,0.0005679213417260668
261.0,0.0005689651854448809,0.00013679341645911336,0.0004321717462963861,0.0005689651627554995
261.5,0.0005700088519704306,0.00013679341645911336,0.0004332154290286368,0.0005700088454877502
262.0,0.0005710524284587526,0.00013679341645911336,0.0004342589734637057,0.0005710523899228191
262.5,0.0005720957348353913,0.00013679341645911336,0.0004353022874034716,0.000572095703862585
263.0,0.0005731393113237133,0.00013679341645911336,0.00043634587793760113,0.0005731392943967145
263.5,0.0005741825276631243,0.00013679341645911336,0.00043738909967924576,0.0005741825161383592
264.0,0.0005752256989839214,0.00013679341645911336,0.0004384322753218298,0.0005752256917809431
264.5,0.0005762686902302629,0.00013679341645911336,0.0004394752665681714,0.0005762686830272847
265.0,0.0005773113663463074,0.00013679341645911336,0.00044051793512108866,0.0005773113515802021
265.5,0.0005783539974437379,0.00013679341645911336,0.0004415605575749454,0.0005783539740340587
266.0,0.0005793967185783963,0.00013679341645911336,0.00044260327222692326,0.0005793966886860366
266.5,0.0005804393496758268,0.00013679341645911336,0.00044364589468078,0.0005804393111398933
267.0,0.0005814816656429601,0.00013679341645911336,0.00044468824054027297,0.0005814816569993863
267.5,0.0005825236214611826,0.00013679341645911336,0.00044573017150822047,0.0005825235879673338
268.0,0.0005835654872421771,0.00013679341645911336,0.00044677205637710737,0.0005835654728362208
268.5,0.0005846073530231718,0.00013679341645911336,0.00044781389514693366,0.000584607311606047
269.0,0.0005856487686180277,0.00013679341645911336,0.00044885531902521446,0.0005856487354843278
269.5,0.0005866904093059528,0.00013679341645911336,0.0004498969733987983,0.0005866903898579116
270.0,0.0005877318249008087,0.00013679341645911336,0.00045093839727707903,0.0005877318137361924
270.5,0.000588773060421209,0.00013679341645911336,0.00045197963675911736,0.0005887730532182307
271.0,0.0005898141608857676,0.00013679341645911336,0.0004530207379439739,0.0005898141544030872
271.5,0.0005908548111641875,0.00013679341645911336,0.00045406137813822425,0.0005908547945973376
272.0,0.0005918954614426074,0.00013679341645911336,0.0004551020183324746,0.000591895434791588
272.5,0.0005929357515721162,0.00013679341645911336,0.0004561422897342401,0.0005929357061933535
273.0,0.0005939762217760806,0.00013679341645911336,0.00045718279163130867,0.000593976208090422
273.5,0.0005950164668869757,0.00013679341645911336,0.00045822301693401355,0.0005950164333931269
274.0,0.0005960566219606428,0.00013679341645911336,0.0004592631961376578,0.0005960566125967711
274.5,0.0005970963718667852,0.00013679341645911336,0.0004603029143506959,0.0005970963308098093
275.0,0.0005981359867170858,0.00013679341645911336,0.0004613425403656128,0.0005981359568247262
275.5,0.0005991752864370894,0.00013679341645911336,0.00046238184368710547,0.0005991752601462189
276.0,0.0006002144060826373,0.00013679341645911336,0.0004634209626123557,0.000600214379071469
276.5,0.0006012537058026409,0.00013679341645911336,0.00046446026593384833,0.0006012536823929616
277.0,0.0006022927804295751,0.00013679341645911336,0.0004654993387600379,0.0006022927552191513
277.5,0.0006033314949075981,0.00013679341645911336,0.0004665380427937426,0.0006033314592528559
278.0,0.0006043700743297795,0.00013679341645911336,0.00046757660853026544,0.0006043700249893787
278.5,0.0006054082936030501,0.00013679341645911336,0.00046861485157336397,0.0006054082680324774
279.0,0.0006064464228390927,0.00013679341645911336,0.0004696529563192807,0.000606446372778394
279.5,0.0006074841469076105,0.00013679341645911336,0.0004706906922727125,0.0006074841087318259
280.0,0.0006085215558458311,0.00013679341645911336,0.0004717281055327201,0.0006085215219918334
280.5,0.000609558874746824,0.00013679341645911336,0.0004727654265946064,0.0006095588430537198
281.0,0.0006105963287036585,0.00013679341645911336,0.0004738028859536746,0.000610596302412788
281.5,0.0006116334675301958,0.00013679341645911336,0.0004748400226193185,0.0006116334390784318
282.0,0.0006126704262822777,0.00013679341645911336,0.0004758769748887199,0.0006126703913478333
282.5,0.0006137070699040624,0.00013679341645911336,0.0004769136044646971,0.0006137070209238104
283.0,0.0006147433983955499,0.00013679341645911336,0.0004779499574463105,0.0006147433739054239
283.5,0.0006157795468125819,0.00013679341645911336,0.00047898607993262094,0.0006157794963917344
284.0,0.000616815290062089,0.00013679341645911336,0.0004800218336264465,0.0006168152500855598
284.5,0.0006178509882929823,0.00013679341645911336,0.0004810575412212114,0.0006178509576803248
285.0,0.0006188861913191228,0.00013679341645911336,0.0004820927417263096,0.000618886158185423
285.5,0.0006199212592894217,0.00013679341645911336,0.00048312780393422596,0.0006199212203933393
286.0,0.0006209559671108096,0.00013679341645911336,0.000484162543448718,0.0006209559599078314
286.5,0.0006219909000252669,0.00013679341645911336,0.00048519746735945255,0.0006219908838185659
287.0,0.0006230254727908132,0.00013679341645911336,0.00048623202247770217,0.0006230254389368155
287.5,0.00062405982046329,0.00013679341645911336,0.0004872663931997093,0.0006240598096588227
288.0,0.0006250938980240837,0.00013679341645911336,0.0004883004412282922,0.0006250938576874055
288.5,0.0006261276604545801,0.00013679341645911336,0.0004893342126625114,0.0006261276291216248
289.0,0.0006271610627361655,0.00013679341645911336,0.0004903676153042458,0.0006271610317633592
289.5,0.0006281942849432954,0.00013679341645911336,0.0004914008335497376,0.000628194250008851
290.0,0.0006292272820573559,0.00013679341645911336,0.0004924338212999265,0.0006292272377590399
290.5,0.0006302598289852777,0.00013679341645911336,0.0004934663941585698,0.0006302598106176832
291.0,0.0006312922408573577,0.00013679341645911336,0.0004944987826209706,0.000631292199080084
291.5,0.0006323242475619129,0.00013679341645911336,0.0004955308022908866,0.00063232421875
292.0,0.0006333559841547847,0.00013679341645911336,0.000496562545366439,0.0006333559618255523
292.5,0.0006343874056173595,0.00013679341645911336,0.000497593965748567,0.0006343873822076804
293.0,0.000635418556968251,0.00013679341645911336,0.0004986251095363313,0.0006354185259954447
293.5,0.0006364497983563702,0.00013679341645911336,0.0004996563455222169,0.0006364497619813302
294.0,0.0006374811748003312,0.00013679341645911336,0.0005006877198052843,0.0006374811362643976
294.5,0.0006385124161884504,0.00013679341645911336,0.0005017189557911699,0.0006385123722502833
295.0,0.0006395439727068668,0.00013679341645911336,0.0005027505144704797,0.0006395439309295931
295.5,0.000640575574243897,0.00013679341645911336,0.0005037821192488502,0.0006405755357079636
296.0,0.0006416071307623134,0.00013679341645911336,0.00050481367792816,0.0006416070943872734
296.5,0.0006426388223365714,0.00013679341645911336,0.0005058453749046517,0.0006426387913637651
297.0,0.000643670693985285,0.00013679341645911336,0.0005068772562773859,0.0006436706727364993
297.5,0.0006447028357456818,0.00013679341645911336,0.0005079093681454231,0.0006447027846045364
298.0,0.0006457350225246925,0.00013679341645911336,0.0005089415722115815,0.0006457349886706948
298.5,0.0006467671192664754,0.00013679341645911336,0.0005099736840796187,0.0006467671005387321
299.0,0.0006477993960827138,0.00013679341645911336,0.0005110059342448378,0.0006477993507039511
299.5,0.0006488317179175662,0.00013679341645911336,0.000512038276608178,0.0006488316930672914
300.0,0.0006498639947338046,0.00013679341645911336,0.0005130705267733971,0.0006498639432325104
300.5,0.0006508966316989541,0.00013679341645911336,0.0005141031918301616,0.0006508966082892749
301.0,0.0006519292236454897,0.00013679341645911336,0.0005151357646888049,0.0006519291811479183
301.5,0.0006529616805361837,0.00013679341645911336,0.000516168245349327,0.0006529616618084404
302.0,0.0006539943175013331,0.00013679341645911336,0.0005172008643070309,0.0006539942807661442
302.5,0.0006550271345409382,0.00013679341645911336,0.0005182336676609773,0.0006550270841200906
303.0,0.0006560597715060877,0.00013679341645911336,0.0005192663327177418,0.0006560597491768552
303.5,0.0006570926335643066,0.00013679341645911336,0.0005202991821707488,0.0006570925986298621
304.0,0.0006581255406411392,0.00013679341645911336,0.0005213320777228164,0.0006581254941819297
304.5,0.0006591584927365859,0.00013679341645911336,0.0005223650654730052,0.0006591584819321185
305.0,0.0006601911297017354,0.00013679341645911336,0.0005233976844307091,0.0006601911008898225
305.5,0.0006611439486644779,0.00013679341645911336,0.000524350505914494,0.0006611439223736074
306.0,0.0006620693512913683,0.00013679341645911336,0.000525275898457215,0.0006620693149163284
306.5,0.0006629945288251895,0.00013679341645911336,0.0005262010605046329,0.0006629944769637463
307.0,0.0006639199314520799,0.00013679341645911336,0.0005271264991464144,0.0006639199156055277
307.5,0.0006648454241161981,0.00013679341645911336,0.0005280519838872566,0.0006648454003463699
308.0,0.0006657709167803163,0.00013679341645911336,0.0005289774686280987,0.0006657708850872121
308.5,0.0006666964094444345,0.00013679341645911336,0.0005299029533689408,0.0006666963698280542
309.0,0.0006676219021085525,0.00013679341645911336,0.0005308284381097829,0.0006676218545688963
309.5,0.0006685474848098985,0.00013679341645911336,0.0005317540150487464,0.0006685474315078597
310.0,0.0006694727073623335,0.00013679341645911336,0.0005326792692942854,0.0006694726857533988
310.5,0.0006703981099892239,0.00013679341645911336,0.0005336046618370063,0.0006703980782961197
311.0,0.0006713234225788865,0.00013679341645911336,0.000534529962181606,0.0006713233786407194
311.5,0.0006722489152430047,0.00013679341645911336,0.0005354554469224482,0.0006722488633815615
312.0,0.0006731742728512813,0.00013679341645911336,0.0005363808394651691,0.0006731742559242824
312.5,0.0006740997204967857,0.00013679341645911336,0.0005373062781069506,0.000674099694566064
313.0,0.0006750249430492205,0.00013679341645911336,0.0005382314862534291,0.0006750249027125425
313.5,0.0006759502556388831,0.00013679341645911336,0.0005391567865980288,0.0006759502030571422
314.0,0.0006768755232099319,0.00013679341645911336,0.0005400820869426285,0.0006768755034017419
314.5,0.0006778009258368225,0.00013679341645911336,0.0005410074794853495,0.0006778008959444628
315.0,0.0006787263284637129,0.00013679341645911336,0.0005419328720280704,0.0006787262884871837
315.5,0.0006796514159603061,0.00013679341645911336,0.0005428579879764277,0.000679651404435541
316.0,0.0006805765484755133,0.00013679341645911336,0.0005437831039247848,0.0006805765203838982
316.5,0.0006815018610651759,0.00013679341645911336,0.0005447084042693845,0.0006815018207284979
317.0,0.0006824271286362247,0.00013679341645911336,0.0005456336585149237,0.0006824270749740371
317.5,0.0006833521260955903,0.00013679341645911336,0.0005465586822651597,0.000683352098724273
318.0,0.0006842771235549558,0.00013679341645911336,0.0005474836599163351,0.0006842770763754485
318.5,0.0006852021660329352,0.00013679341645911336,0.0005484087297656317,0.0006852021462247451
319.0,0.0006861273435667562,0.00013679341645911336,0.0005493338918130496,0.0006861273082721629
319.5,0.0006870521159330524,0.00013679341645911336,0.0005502586850679826,0.0006870521015270959
320.0,0.000687977068373804,0.00013679341645911336,0.0005511836166200973,0.0006879770330792107
320.5,0.0006889021108517834,0.00013679341645911336,0.0005521086403703334,0.0006889020568294468
321.0,0.0006898267481622379,0.00013679341645911336,0.0005530332953280846,0.0006898267117871979
321.5,0.0006907513404540785,0.00013679341645911336,0.000553957904186775,0.0006907513206458884
322.0,0.0006916762928948301,0.00013679341645911336,0.0005548828357388898,0.0006916762521980032
322.5,0.0006926008401680569,0.00013679341645911336,0.0005558073984985197,0.0006926008149576331
323.0,0.0006935254774785113,0.00013679341645911336,0.0005567320073572103,0.0006935254238163237
323.5,0.0006944500247517381,0.00013679341645911336,0.0005576565701168401,0.0006944499865759535
324.0,0.0006953743469318954,0.00013679341645911336,0.000558580902381167,0.0006953743188402804
324.5,0.0006962988041678944,0.00013679341645911336,0.0005595053729426757,0.0006962987894017891
325.0,0.0006972231713666656,0.00013679341645911336,0.0005604297052070026,0.0006972231216661159
325.5,0.0006981474035095953,0.00013679341645911336,0.0005613539452732082,0.0006981473617323216
326.0,0.0006990716356525249,0.00013679341645911336,0.0005622781853394138,0.0006990716017985271
326.5,0.000699995642702385,0.00013679341645911336,0.0005632021949103164,0.0006999956113694297
327.0,0.0007009196497522452,0.00013679341645911336,0.0005641262044812189,0.0007009196209403323
327.5,0.0007018436117834916,0.00013679341645911336,0.000565050167953061,0.0007018435844121743
328.0,0.0007027673937402823,0.00013679341645911336,0.0005659739470286605,0.0007027673634877738
328.5,0.0007036911756970731,0.00013679341645911336,0.00056689772610426,0.0007036911425633733
329.0,0.0007046148225980223,0.00013679341645911336,0.0005678213668826776,0.000704614783341791
329.5,0.000705538289424516,0.00013679341645911336,0.0005687448232648528,0.0007055382397239662
330.0,0.0007064617112323957,0.00013679341645911336,0.000569668279647028,0.0007064616961061414
330.5,0.0007073851780588893,0.00013679341645911336,0.0005705917360292033,0.0007073851524883166
331.0,0.0007083084197923136,0.00013679341645911336,0.0005715149619160755,0.0007083083783751889
331.5,0.0007092315264698962,0.00013679341645911336,0.0005724380956048264,0.0007092315120639398
332.0,0.0007101547231847066,0.00013679341645911336,0.0005733612753926379,0.0007101546918517513
332.5,0.000711077514731992,0.00013679341645911336,0.0005742840863879646,0.000711077502847078
333.0,0.0007120005763909607,0.00013679341645911336,0.0005752071278785943,0.0007120005443377077
333.5,0.0007129233679382462,0.00013679341645911336,0.000576129938873921,0.0007129233553330343
334.0,0.000713846069448304,0.00013679341645911336,0.0005770526115720659,0.0007138460280311792
334.5,0.00071476863590252,0.00013679341645911336,0.0005779751920720895,0.0007147686085312028
335.0,0.00071569124737535,0.00013679341645911336,0.0005788978186711737,0.0007156912351302871
335.5,0.0007166134986992689,0.00013679341645911336,0.0005798200303787123,0.0007166134468378257
336.0,0.0007175356149673462,0.00013679341645911336,0.0005807421498881299,0.0007175355663472432
336.5,0.0007184577762540373,0.00013679341645911336,0.000581664315496608,0.0007184577319557213
337.0,0.0007193796674290452,0.00013679341645911336,0.0005825862045107223,0.0007193796209698357
337.5,0.0007203017386785087,0.00013679341645911336,0.0005835082779210792,0.0007203016943801926
338.0,0.000721223494797675,0.00013679341645911336,0.0005844300286380118,0.0007212234450971252
338.5,0.0007221450258237718,0.00013679341645911336,0.000585351594958702,0.0007221450114178154
339.0,0.0007230664668126409,0.00013679341645911336,0.0005862730229822103,0.0007230664394413237
339.5,0.00072398790780151,0.00013679341645911336,0.0005871944510057186,0.000723987867464832
340.0,0.0007249089436228541,0.00013679341645911336,0.000588115510236742,0.0007249089266958554
340.5,0.0007258300694814262,0.00013679341645911336,0.0005890366155668261,0.0007258300320259394
341.0,0.0007267510602841564,0.00013679341645911336,0.0005899576286987888,0.0007267510451579021
341.5,0.0007276719160310451,0.00013679341645911336,0.0005908784574345092,0.0007276718738936226
342.0,0.0007285925016662506,0.00013679341645911336,0.0005917990556749265,0.0007285924721340399
342.5,0.0007295131773386837,0.00013679341645911336,0.000592719746113465,0.0007295131625725783
343.0,0.000730433447843592,0.00013679341645911336,0.0005936399755613974,0.0007304333920205107
343.5,0.0007313538534043419,0.00013679341645911336,0.0005945603894055723,0.0007313538058646857
344.0,0.0007322739888534085,0.00013679341645911336,0.0005954805266553834,0.0007322739431144967
344.5,0.0007331937191349502,0.00013679341645911336,0.0005964002490136491,0.0007331936654727624
345.0,0.0007341135394537196,0.00013679341645911336,0.0005973201096690966,0.00073411352612821
345.5,0.0007350331796980336,0.00013679341645911336,0.000598239739829241,0.0007350331562883544
346.0,0.0007359526848865059,0.00013679341645911336,0.0005991592316922037,0.000735952648151317
346.5,0.0007368719649819089,0.00013679341645911336,0.0006000784930598632,0.0007368719095189766
347.0,0.0007377910650028563,0.00013679341645911336,0.0006009976161303409,0.0007377910325894543
347.5,0.0007387098949121205,0.00013679341645911336,0.000601916462606455,0.0007387098790655683
348.0,0.0007396288148586123,0.00013679341645911336,0.0006028353551816297,0.000739628771640743
348.5,0.0007405475097120349,0.00013679341645911336,0.0006037540633605619,0.0007405474798196752
349.0,0.0007414658894351601,0.00013679341645911336,0.0006046724488460698,0.0007414658653051832
349.5,0.0007423841791210578,0.00013679341645911336,0.0006055907421334565,0.0007423841585925699
350.0,0.0007433021986952721,0.00013679341645911336,0.0006065087588264796,0.0007433021752855929
350.5,0.0007442199481578032,0.00013679341645911336,0.0006074264989251389,0.0007442199153842523
351.0,0.0007451378326761758,0.00013679341645911336,0.0006083443773209802,0.0007451377937800935
351.5,0.0007460553570456375,0.00013679341645911336,0.0006092618869243364,0.0007460553033834498
352.0,0.0007469728814150992,0.00013679341645911336,0.0006101794426267534,0.0007469728590858667
352.5,0.0007478900006170359,0.00013679341645911336,0.0006110965373385642,0.0007478899537976775
353.0,0.000748806984763131,0.00013679341645911336,0.0006120135398522537,0.0007488069563113671
353.5,0.0007497236987975429,0.00013679341645911336,0.0006129302657715796,0.0007497236822306929
354.0,0.0007506401877388853,0.00013679341645911336,0.0006138467150965418,0.0007506401315556552
354.5,0.0007515564966057723,0.00013679341645911336,0.0006147630261243223,0.0007515564425834356
355.0,0.0007524727604540453,0.00013679341645911336,0.0006156792910530421,0.0007524727075121554
355.5,0.0007533887091720213,0.00013679341645911336,0.0006165952793873981,0.0007533886958465115
356.0,0.0007543046578899972,0.00013679341645911336,0.0006175112216226937,0.000754304638081807
356.5,0.0007552202014404481,0.00013679341645911336,0.0006184267489664437,0.0007552201654255571
357.0,0.000756135790009513,0.00013679341645911336,0.0006193423224092543,0.0007561357388683676
357.5,0.0007570510184296669,0.00013679341645911336,0.0006202575731586406,0.000757050989617754
358.0,0.000757966156812593,0.00013679341645911336,0.0006211727317099057,0.000757966148169019
358.5,0.0007588808450093803,0.00013679341645911336,0.0006220873831715041,0.0007588807996306174
359.0,0.0007597955332061675,0.00013679341645911336,0.000623002080732163,0.0007597954971912764
359.5,0.000760709771216816,0.00013679341645911336,0.0006239163634012766,0.00076070977986039
360.0,0.0007616240092274645,0.00013679341645911336,0.0006248305538722688,0.0007616239703313822
360.5,0.0007625378870892021,0.00013679341645911336,0.0006257444677488974,0.0007625378842080107
361.0,0.0007634516749137118,0.00013679341645911336,0.0006266581972292836,0.0007634516136883969
361.5,0.0007643651025893105,0.00013679341645911336,0.000627571650115306,0.0007643650665744194
362.0,0.0007652783501904537,0.00013679341645911336,0.000628484918605086,0.0007652783350641994
362.5,0.0007661913276799135,0.00013679341645911336,0.0006293978644014418,0.0007661912808605551
363.0,0.0007671039450204625,0.00013679341645911336,0.0006303104875043733,0.0007671039039634866
363.5,0.0007680164723237835,0.00013679341645911336,0.0006312230184091834,0.0007680164348682968
364.0,0.0007689285494409659,0.00013679341645911336,0.0006321351344224482,0.0007689285508815616
364.5,0.0007698405365209205,0.00013679341645911336,0.0006330470660394705,0.0007698404824985839
365.0,0.0007707524335636473,0.00013679341645911336,0.0006339589515574321,0.0007707523680165455
365.5,0.0007716638804202353,0.00013679341645911336,0.0006348704221838483,0.0007716638386429616
366.0,0.0007725752372395957,0.00013679341645911336,0.0006357818006121433,0.0007725752170712566
366.5,0.0007734863239472726,0.00013679341645911336,0.0006366928563470139,0.0007734862728061273
367.0,0.0007743972305804942,0.00013679341645911336,0.0006376037737847027,0.000774397190243816
367.5,0.0007753075969903491,0.00013679341645911336,0.0006385141380336642,0.0007753075544927776
368.0,0.0007762179634002041,0.00013679341645911336,0.0006394245022826257,0.0007762179187417391
368.5,0.0007771279696611479,0.00013679341645911336,0.0006403344977391023,0.0007771279141982157
369.0,0.0007780377058104086,0.00013679341645911336,0.0006412442166012152,0.0007780376330603285
369.5,0.0007789472618852137,0.00013679341645911336,0.0006421538432652069,0.0007789472597243203
370.0,0.0007798566378855634,0.00013679341645911336,0.0006430631933348349,0.0007798566097939483
370.5,0.0007807655636997741,0.00013679341645911336,0.0006439720824138568,0.0007807654988729702
371.0,0.0007816743094395294,0.00013679341645911336,0.0006448808792947575,0.0007816742957538708
371.5,0.0007825827850676015,0.00013679341645911336,0.0006457893073831733,0.0007825827238422867
372.0,0.0007834909005467626,0.00013679341645911336,0.0006466974588772254,0.0007834908753363388
372.5,0.0007843987459142403,0.00013679341645911336,0.0006476053337769139,0.0007843987502360272
373.0,0.0007853064112072625,0.00013679341645911336,0.0006485129320822386,0.000785306348541352
373.5,0.0007862138063886014,0.00013679341645911336,0.0006494203459913209,0.0007862137624504343
374.0,0.0007871208414210294,0.00013679341645911336,0.0006503273911079183,0.0007871208075670317
374.5,0.0007880275163045463,0.00013679341645911336,0.0006512340674320309,0.0007880274838911442
375.0,0.0007889341011508354,0.00013679341645911336,0.0006521406515580222,0.0007889340680171356
375.5,0.0007898403258482135,0.00013679341645911336,0.0006530468668915286,0.000789840283350642
376.0,0.0007907463704711361,0.00013679341645911336,0.0006539528978287926,0.000790746314287906
376.5,0.0007916520549451476,0.00013679341645911336,0.0006548585599735717,0.000791651976432685
377.0,0.0007925572892330204,0.00013679341645911336,0.0006557638533258659,0.0007925572697849792
377.5,0.0007934625235208932,0.00013679341645911336,0.0006566690544800388,0.0007934624709391521
378.0,0.0007943672175853994,0.00013679341645911336,0.0006575737946436056,0.000794367211102719
378.5,0.0007952716415382223,0.00013679341645911336,0.0006584781660146877,0.000795271582473801
379.0,0.0007961759754538176,0.00013679341645911336,0.0006593825373857696,0.000796175953844883
379.5,0.0007970797691460462,0.00013679341645911336,0.0006602863555681242,0.0007970797720272375
380.0,0.0007979833827638194,0.00013679341645911336,0.0006611898971561151,0.0007979833136152285
380.5,0.0007988867262699093,0.00013679341645911336,0.0006620932543478636,0.000798886670806977
381.0,0.0007997896195898604,0.00013679341645911336,0.000662996150549006,0.0007997895670081194
381.5,0.0008006924228725837,0.00013679341645911336,0.0006638989545520272,0.0008006923710111405
382.0,0.0008015946859319405,0.00013679341645911336,0.000664801205366321,0.0008015946218254343
382.5,0.000802496678879614,0.00013679341645911336,0.0006657031795862511,0.0008024965960453644
383.0,0.0008033984017156042,0.00013679341645911336,0.0006666049694099387,0.0008033983858690521
383.5,0.0008042998544399111,0.00013679341645911336,0.0006675063904411416,0.0008042998069002549
384.0,0.000805200947015307,0.00013679341645911336,0.0006684075348779807,0.000805200951337094
384.5,0.000806101679441792,0.00013679341645911336,0.0006693082183242137,0.0008061016347833271
385.0,0.0008070021417565937,0.00013679341645911336,0.0006702087173742042,0.0008070021338333176
385.5,0.0008079024239969398,0.00013679341645911336,0.0006711089398298312,0.0008079023562889445
386.0,0.0008088021660139194,0.00013679341645911336,0.0006720087012948519,0.0008088021177539653
386.5,0.0008097017279564434,0.00013679341645911336,0.0006729082783636303,0.0008097016948227436
387.0,0.0008106008397128286,0.00013679341645911336,0.0006738073944418025,0.0008106008109009158
387.5,0.0008114998614319862,0.00013679341645911336,0.0006747064183218534,0.0008114998347809667
388.0,0.0008123983429277772,0.00013679341645911336,0.0006756048890131771,0.0008123983054722905
388.5,0.000813296464274657,0.00013679341645911336,0.0006765029909120158,0.0008132964073711292
389.0,0.0008141943155098538,0.00013679341645911336,0.0006774008162164909,0.0008141942326756042
389.5,0.0008150917165589117,0.00013679341645911336,0.0006782982727284811,0.0008150916891875945
390.0,0.0008159890275707417,0.00013679341645911336,0.0006791955448442288,0.0008159889613033422
390.5,0.0008168858883964331,0.00013679341645911336,0.0006800924481674916,0.000816885864626605
391.0,0.0008177822089987579,0.00013679341645911336,0.0006809887983020271,0.0008177822147611405
391.5,0.0008186785296010827,0.00013679341645911336,0.0006818850562384414,0.0008186784726975548
392.0,0.0008195742199428132,0.00013679341645911336,0.0006827807609861283,0.0008195741774452417
392.5,0.0008204695501356327,0.00013679341645911336,0.0006836760969413303,0.0008204695134004437
393.0,0.0008213647902912244,0.00013679341645911336,0.0006845713406984111,0.0008213647571575245
393.5,0.0008222594001862217,0.00013679341645911336,0.0006854659390686434,0.0008222593555277567
394.0,0.0008231538300067637,0.00013679341645911336,0.0006863603530426332,0.0008231537695017466
394.5,0.000824047719603939,0.00013679341645911336,0.0006872543060260169,0.0008240477224851303
395.0,0.0008249414291266588,0.00013679341645911336,0.000688147982415037,0.0008249413988741503
395.5,0.0008258347785004677,0.00013679341645911336,0.0006890412900115721,0.0008258347064706855
396.0,0.0008267275876509099,0.00013679341645911336,0.0006899341366175011,0.0008267275530766144
396.5,0.0008276201266896689,0.00013679341645911336,0.0006908267066290664,0.0008276201230881798
397.0,0.0008285123055795169,0.00013679341645911336,0.0006917188156500256,0.000828512232109139
397.5,0.000829404034283226,0.00013679341645911336,0.0006926105558784999,0.0008294039723376132
398.0,0.0008302956729497075,0.00013679341645911336,0.000693502203908853,0.0008302956203679664
398.5,0.0008311865913183667,0.00013679341645911336,0.0006943931143542363,0.0008311865308133497
399.0,0.0008320772395753428,0.00013679341645911336,0.000695283748205256,0.0008320771646643693
399.5,0.0008329675276834079,0.00013679341645911336,0.0006961741054619119,0.0008329675219210253
400.0,0.0008338574556425619,0.00013679341645911336,0.0006970640017279618,0.0008338574181870752
400.5,0.0008347470234528049,0.00013679341645911336,0.0006979535292015267,0.0008347469456606401
401.0,0.0008356362311141369,0.00013679341645911336,0.0006988427800807281,0.0008356361965398414
401.5,0.00083652498858933,0.00013679341645911336,0.0006997315699693232,0.0008365249864284366
402.0,0.0008374132958783844,0.00013679341645911336,0.0007006198066691911,0.0008374132231283044
402.5,0.0008383014230929832,0.00013679341645911336,0.0007015079511709377,0.000838301367630051
403.0,0.0008391890100842156,0.00013679341645911336,0.0007023955424839569,0.0008391889589430703
403.5,0.0008400762369265369,0.00013679341645911336,0.0007032827650044912,0.0008400761814636046
404.0,0.0008409631036199472,0.00013679341645911336,0.0007041696187325407,0.0008409630351916541
404.5,0.0008418495201272186,0.00013679341645911336,0.0007050561036681053,0.0008418495201272186
405.0,0.0008427356665228068,0.00013679341645911336,0.000705942219811185,0.0008427356362702983
405.5,0.0008436212726950286,0.00013679341645911336,0.0007068277827655373,0.0008436211992246507
406.0,0.0008445064286811114,0.00013679341645911336,0.0007077129769274047,0.0008445063933865181
406.5,0.0008453914045927388,0.00013679341645911336,0.0007085979866930297,0.0008453914031521431
407.0,0.0008462758402809996,0.00013679341645911336,0.0007094823510718062,0.0008462757675309195
407.5,0.0008471600958948049,0.00013679341645911336,0.0007103666232524614,0.0008471600397115748
408.0,0.0008480434511363326,0.00013679341645911336,0.0007112499734519044,0.0008480433899110178
408.5,0.0008489268063778604,0.00013679341645911336,0.0007121333236513474,0.0008489267401104607
409.0,0.0008498096213960215,0.00013679341645911336,0.000713016120662063,0.0008498095371211764
409.5,0.0008506920762652717,0.00013679341645911336,0.000713898641078415,0.0008506920575375284
410.0,0.0008515740809483831,0.00013679341645911336,0.0007147806083060396,0.0008515740247651529
410.5,0.0008524555454081279,0.00013679341645911336,0.0007156621145430581,0.0008524555310021715
411.0,0.0008533367397561895,0.00013679341645911336,0.0007165432519875917,0.0008533366684467051
411.5,0.0008542176639925677,0.00013679341645911336,0.0007174242050358828,0.0008542176214949962
412.0,0.0008550979579683518,0.00013679341645911336,0.0007183045126973255,0.0008550979291564388
412.5,0.0008559779818324524,0.00013679341645911336,0.0007191845437644044,0.0008559779602235177
413.0,0.0008568574654731866,0.00013679341645911336,0.000720064021642756,0.0008568574381018694
413.5,0.0008577364989277819,0.00013679341645911336,0.0007209430385305014,0.0008577364549896148
414.0,0.0008586152622706941,0.00013679341645911336,0.0007218217788238832,0.0008586151952829966
414.5,0.0008594933053157841,0.00013679341645911336,0.0007226998737304165,0.0008594932901895299
415.0,0.0008603709882119632,0.00013679341645911336,0.0007235775076463436,0.0008603709241054569
415.5,0.0008612485810709144,0.00013679341645911336,0.0007244551415622707,0.0008612485580213841
416.0,0.0008621255436692713,0.00013679341645911336,0.0007253321300913492,0.0008621255465504626
416.5,0.0008630021461187173,0.00013679341645911336,0.0007262086576298217,0.000863002074088935
417.0,0.0008638782983820244,0.00013679341645911336,0.0007270848163758092,0.0008638782328349226
417.5,0.000864753910421965,0.00013679341645911336,0.0007279604219330695,0.0008647538383921828
418.0,0.0008656290722757668,0.00013679341645911336,0.0007288356586978447,0.000865629075156958
418.5,0.0008665038739806576,0.00013679341645911336,0.0007297104344720139,0.0008665038509311272
419.0,0.0008673782254994095,0.00013679341645911336,0.000730584749255577,0.0008673781657146904
419.5,0.0008682521268320228,0.00013679341645911336,0.0007314586952466551,0.0008682521117057685
420.0,0.0008691254879412694,0.00013679341645911336,0.0007323319958508847,0.0008691254123099981
420.5,0.000869998488901605,0.00013679341645911336,0.0007332050198607506,0.000869998436319864
421.0,0.0008708709496385741,0.00013679341645911336,0.0007340774906818893,0.0008708709071410027
421.5,0.0008717429601894044,0.00013679341645911336,0.0007349495005124218,0.0008717429169715352
422.0,0.000872614520554096,0.00013679341645911336,0.0007358210493523482,0.0008726144658114615
422.5,0.0008734857207698764,0.00013679341645911336,0.0007366922293997896,0.0008734856458589029
423.0,0.0008743563807622904,0.00013679341645911336,0.000737562948456625,0.0008743563649157383
423.5,0.0008752265905685655,0.00013679341645911336,0.000738433114324733,0.0008752265307838463
424.0,0.0008760963501887019,0.00013679341645911336,0.0007393029114003561,0.0008760963278594694
424.5,0.0008769657496599272,0.00013679341645911336,0.000740172247485373,0.0008769656639444864
425.0,0.000877834608907786,0.00013679341645911336,0.0007410411225797839,0.0008778345390388973
425.5,0.000878703017969506,0.00013679341645911336,0.0007419095366835886,0.000878702953142702
426.0,0.0008795708868078594,0.00013679341645911336,0.0007427773975986661,0.0008795708140577795
426.5,0.0008804383054600741,0.00013679341645911336,0.0007436448897212586,0.000880438306180372
427.0,0.0008813053639633778,0.00013679341645911336,0.000744511920853245,0.0008813053373123584
427.5,0.0008821721523549982,0.00013679341645911336,0.0007453786753908678,0.0008821720918499811
428.0,0.0008830379503371132,0.00013679341645911336,0.0007462445079472783,0.0008830379244063916
428.5,0.000883903478207545,0.00013679341645911336,0.000747110063909325,0.0008839034803684384
429.0,0.000884768555891838,0.00013679341645911336,0.0007479750666826445,0.0008847684831417579
429.5,0.0008856329132783089,0.00013679341645911336,0.0007488394240691155,0.0008856328405282289
430.0,0.0008864969105158687,0.00013679341645911336,0.0007497034126631015,0.0008864968291222149
430.5,0.0008873601874556066,0.00013679341645911336,0.0007505667558702389,0.0008873601723293523
431.0,0.0008882229241719779,0.00013679341645911336,0.0007514294536905279,0.0008882228701496413
431.5,0.0008890853007394382,0.00013679341645911336,0.0007522918749164531,0.0008890852913755664
432.0,0.0008899472271207596,0.00013679341645911336,0.000753153742953651,0.0008899471594127643
432.5,0.0008908085232414868,0.00013679341645911336,0.0007540150578021215,0.0008908084742612349
433.0,0.0008916691891016197,0.00013679341645911336,0.0007548757272637435,0.0008916691437228568
433.5,0.0008925295848500693,0.00013679341645911336,0.0007557361201310018,0.0008925295365901152
434.0,0.0008933891702634691,0.00013679341645911336,0.0007565956832151691,0.0008933890996742825
434.5,0.00089424830549073,0.00013679341645911336,0.0007574548775068515,0.0008942482939659649
435.0,0.0008951069905318523,0.00013679341645911336,0.0007583135186098066,0.00089510693506892
435.5,0.0008959652253868357,0.00013679341645911336,0.0007591717909202768,0.0008959652073793901
436.0,0.0008968229200184525,0.00013679341645911336,0.0007600294178438983,0.0008968228343030117
436.5,0.0008976800744267028,0.00013679341645911336,0.0007608865837769139,0.0008976800002360272
437.0,0.0008985365085371312,0.00013679341645911336,0.0007617430121249595,0.0008985364285840729
437.5,0.0008993924924614207,0.00013679341645911336,0.0007625990716805203,0.0008993924881396337
438.0,0.0009002479361623436,0.00013679341645911336,0.0007634544858492326,0.000900247902308346
438.5,0.0009011028396398999,0.00013679341645911336,0.0007643093468292175,0.0009011027632883308
439.0,0.0009019572929313175,0.00013679341645911336,0.0007651638390167174,0.0009019572554758308
439.5,0.0009028110259249131,0.00013679341645911336,0.0007660175936192476,0.000902811010078361
440.0,0.0009036643987695976,0.00013679341645911336,0.000766870979429293,0.0009036643958884064
440.5,0.0009045170513164601,0.00013679341645911336,0.0007677236276543685,0.0009045170441134818
441.0,0.0009053692536771838,0.00013679341645911336,0.0007685758148888379,0.0009053692313479513
441.5,0.0009062210958889964,0.00013679341645911336,0.0007694276333308224,0.0009062210497899358
442.0,0.000907072217802987,0.00013679341645911336,0.0007702787141878371,0.0009070721306469505
442.5,0.000907922799493611,0.00013679341645911336,0.0007711293340542458,0.0009079227505133592
443.0,0.0009087727509236407,0.00013679341645911336,0.0007719793085338058,0.0009087727249929192
443.5,0.0009096222521675318,0.00013679341645911336,0.0007728288220227598,0.0009096222384818732
444.0,0.0009104712131880561,0.00013679341645911336,0.0007736777823229863,0.0009104711987820997
444.5,0.000911319633985214,0.00013679341645911336,0.0007745261894344856,0.0009113196058935989
445.0,0.0009121675145590053,0.00013679341645911336,0.0007753740433572575,0.0009121674598163708
445.5,0.0009130147648722023,0.00013679341645911336,0.000776221344091302,0.0009130147605504154
446.0,0.0009138617450737161,0.00013679341645911336,0.0007770682760328617,0.0009138616924919751
446.5,0.0009147077348657245,0.00013679341645911336,0.0007779142859932091,0.0009147077024523225
447.0,0.0009155534545460496,0.00013679341645911336,0.0007787600193591929,0.0009155534358183063
447.5,0.0009163984539285527,0.00013679341645911336,0.0007796050151402069,0.0009163984315993202
448.0,0.000917243003124917,0.00013679341645911336,0.0007804495499306147,0.0009172429663897281
448.5,0.0009180869220606871,0.00013679341645911336,0.000781293439334174,0.0009180868557932874
449.0,0.0009189303007730904,0.00013679341645911336,0.0007821368677471272,0.0009189302842062406
449.5,0.0009197732292993551,0.00013679341645911336,0.000782979742971353,0.0009197731594304664
450.0,0.0009206154375277977,0.00013679341645911336,0.0007838219728087302,0.0009206153892678436
450.5,0.000921457015495646,0.00013679341645911336,0.000784663557259259,0.0009214569737183724
451.0,0.0009222982333145833,0.00013679341645911336,0.0007855047729173028,0.0009222981893764161
451.5,0.000923138910910154,0.00013679341645911336,0.0007863454353866193,0.0009231388518457326
452.0,0.0009239788682079027,0.00013679341645911336,0.0007871854524690872,0.0009239788689282005
452.5,0.0009248182852822849,0.00013679341645911336,0.0007880248241647065,0.0009248182406238199
453.0,0.0009256571621333004,0.00013679341645911336,0.0007888637348697198,0.0009256571513288331
453.5,0.0009264954987609495,0.00013679341645911336,0.0007897020001878844,0.0009264954166469978
454.0,0.0009273332051280042,0.00013679341645911336,0.0007905397123173217,0.0009273331287764351
454.5,0.0009281704613089202,0.00013679341645911336,0.0007913769634561529,0.0009281703799152662
455.0,0.000929006997192014,0.00013679341645911336,0.0007922135692081355,0.0009290069856672489
455.5,0.0009298430828889691,0.00013679341645911336,0.0007930496217713908,0.0009298430382305041
456.0,0.00093067853832533,0.00013679341645911336,0.0007938851211459187,0.0009306785376050321
456.5,0.0009315133635010964,0.00013679341645911336,0.000794719882935477,0.0009315132993945903
457.0,0.0009323478285279519,0.00013679341645911336,0.0007955543681306714,0.0009323477845897848
457.5,0.0009331815732569853,0.00013679341645911336,0.0007963881157408961,0.0009331815322000095
458.0,0.0009340146877254244,0.00013679341645911336,0.0007972212179642723,0.0009340146344233856
458.5,0.0009348473520077248,0.00013679341645911336,0.0007980538591970422,0.0009348472756561556
459.0,0.0009356792059549752,0.00013679341645911336,0.0007988857628448425,0.0009356791793039558
459.5,0.0009365107897905424,0.00013679341645911336,0.0007997172977001577,0.0009365107141592711
460.0,0.0009373415632910599,0.00013679341645911336,0.0008005480949705034,0.0009373415114296167
460.5,0.0009381718866054385,0.00013679341645911336,0.0008013784312502427,0.0009381718477093561
461.0,0.000939001489621995,0.00013679341645911336,0.0008022080299450124,0.0009390014464041258
461.5,0.0009398305524151851,0.00013679341645911336,0.0008030370754510547,0.0009398304919101681
462.0,0.0009406591650222364,0.00013679341645911336,0.0008038656599664909,0.0009406590764256043
462.5,0.0009414870573314655,0.00013679341645911336,0.0008046935990950784,0.0009414870155541918
463.0,0.0009423143193801004,0.00013679341645911336,0.0008055208928368175,0.0009423143092959309
463.5,0.0009431412212798242,0.00013679341645911336,0.0008063477255879504,0.0009431411420470638
464.0,0.0009439672228072706,0.00013679341645911336,0.0008071737285559923,0.0009439671450151057
464.5,0.0009447928641858058,0.00013679341645911336,0.0008079993627315494,0.0009447927791906628
465.0,0.000945617785266519,0.00013679341645911336,0.0008088243515202579,0.0009456177679793712
465.5,0.0009464422561610933,0.00013679341645911336,0.0008096487871202389,0.0009464422035793523
466.0,0.0009472660967950735,0.00013679341645911336,0.0008104726695314928,0.0009472660859906061
466.5,0.0009480893071684592,0.00013679341645911336,0.0008112958143577767,0.0009480892308168901
467.0,0.0009489119773184785,0.00013679341645911336,0.0008121184981934546,0.000948911914652568
467.5,0.0009497340172079034,0.00013679341645911336,0.000812940536642284,0.0009497339531013973
468.0,0.0009505555168739619,0.00013679341645911336,0.0008137620219023859,0.0009505554383614993
468.5,0.0009513762962421982,0.00013679341645911336,0.0008145828617756392,0.0009513762782347526
469.0,0.0009521964453498402,0.00013679341645911336,0.0008154029640639229,0.0009521963805230362
469.5,0.0009530162343085712,0.00013679341645911336,0.0008162227897578428,0.0009530162062169562
470.0,0.0009538353029694802,0.00013679341645911336,0.0008170418778667929,0.0009538352943259063
470.5,0.0009546536513325671,0.00013679341645911336,0.0008178602283907733,0.0009546536448498867
471.0,0.000955471639546743,0.00013679341645911336,0.0008186782101222689,0.0009554716265813822
471.5,0.0009562889975003245,0.00013679341645911336,0.0008194955464669157,0.0009562889629260291
472.0,0.0009571056351560841,0.00013679341645911336,0.0008203121452265928,0.0009571055616857062
472.5,0.0009579216425512492,0.00013679341645911336,0.0008211281907975427,0.000957921607256656
473.0,0.0009587370196858201,0.00013679341645911336,0.0008219435909816438,0.0009587370074407572
473.5,0.00095955203667148,0.00013679341645911336,0.0008227585301751389,0.0009595519466342522
474.0,0.0009603661532848623,0.00013679341645911336,0.0008235727317836642,0.0009603661482427776
474.5,0.0009611797296748781,0.00013679341645911336,0.0008243862880053409,0.0009611797044644543
475.0,0.0009619927658415273,0.00013679341645911336,0.0008251992910382903,0.0009619927074974037
475.5,0.0009628053518220377,0.00013679341645911336,0.0008260119252787549,0.0009628053417378682
476.0,0.0009636172175047261,0.00013679341645911336,0.0008268237297361284,0.0009636171461952417
476.5,0.0009644282728523646,0.00013679341645911336,0.000827634796608532,0.0009644282130676454
477.0,0.0009652390580883199,0.00013679341645911336,0.000828445586886572,0.0009652390033456854
477.5,0.0009660489429519976,0.00013679341645911336,0.0008292554551833999,0.0009660488716425132
478.0,0.000966858197555081,0.00013679341645911336,0.0008300647702915003,0.0009668581867506137
478.5,0.0009676671820464812,0.00013679341645911336,0.0008308737166071159,0.0009676671330662292
479.0,0.0009684754462400592,0.00013679341645911336,0.0008316820175358828,0.0009684754339949962
479.5,0.0009692829901358152,0.00013679341645911336,0.0008324894886815588,0.0009692829051406722
480.0,0.0009700899037709769,0.00013679341645911336,0.0008332964066385075,0.0009700898230976208
480.5,0.0009708962771827721,0.00013679341645911336,0.0008341027714067288,0.0009708961878658422
481.0,0.0009717018402595174,0.00013679341645911336,0.0008349083985899803,0.0009717018150490937
481.5,0.0009725070431873518,0.00013679341645911336,0.0008357135647826257,0.0009725069812417391
482.0,0.0009733116158545917,0.00013679341645911336,0.0008365181777865437,0.0009733115942456571
482.5,0.0009741157383356929,0.00013679341645911336,0.0008373222376017344,0.0009741156540608478
483.0,0.0009749188704072889,0.00013679341645911336,0.0008381253754357129,0.0009749187918948263
483.5,0.0009757214622555183,0.00013679341645911336,0.0008389279600809641,0.0009757213765400775
484.0,0.0009765236039176088,0.00013679341645911336,0.0008397301759337303,0.0009765235923928436
484.5,0.0009773249352446496,0.00013679341645911336,0.0008405314698052843,0.0009773248862643977
485.0,0.0009781257263483238,0.00013679341645911336,0.0008413323026862322,0.0009781257191453455
485.5,0.000978926067265859,0.00013679341645911336,0.0008421325823784527,0.000978925998837566
486.0,0.0009797255978483447,0.00013679341645911336,0.0008429321244857034,0.0009797255409448168
486.5,0.0009805245882074638,0.00013679341645911336,0.0008437311134042269,0.0009805245298633402
487.0,0.000981322858268761,0.00013679341645911336,0.0008445293647377806,0.0009813227811968938
487.5,0.0009821205881066913,0.00013679341645911336,0.000845327155080728,0.0009821205715398415
488.0,0.0009829179577957106,0.00013679341645911336,0.0008461244844330695,0.0009829179008921827
488.5,0.0009837143370752248,0.00013679341645911336,0.0008469208918041986,0.000983714308263312
489.0,0.0009845100860941447,0.00013679341645911336,0.0008477166537884792,0.0009845100702475925
489.5,0.0009853053849269255,0.00013679341645911336,0.0008485119547821537,0.000985305371241267
490.0,0.0009860999634618845,0.00013679341645911336,0.0008493065181908584,0.0009860999346499716
490.5,0.0009868940918107048,0.00013679341645911336,0.0008501006206089569,0.0009868940370680703
491.0,0.0009876909212763576,0.00013679341645911336,0.0008508974889706922,0.0009876909054298056
491.5,0.0009889694499105124,0.00013679341645911336,0.0008521760003176994,0.0009889694167768126
492.0,0.0009908231363555816,0.00013679341645911336,0.0008540296435448991,0.0009908230600040124
492.5,0.000992676372614512,0.00013679341645911336,0.000855882917979614,0.0009926763344387274
493.0,0.000994529338761759,0.00013679341645911336,0.0008577359158199652,0.0009945293322790785
493.5,0.000996381944760095,0.00013679341645911336,0.0008595884526697103,0.0009963818691288236
494.0,0.0009982339204978367,0.00013679341645911336,0.000861440436330728,0.0009982338527898414
494.5,0.0010000852659749842,0.00013679341645911336,0.0008632917746048972,0.0010000851910640105
495.0,0.001001936431377676,0.00013679341645911336,0.000865142928482824,0.0010019363449419374
495.5,0.0010037868764825458,0.00013679341645911336,0.0008669934369739021,0.0010037868534330154
496.0,0.0010056377717735543,0.00013679341645911336,0.0008688443142574652,0.0010056377307165786
496.5,0.0010074881268411966,0.00013679341645911336,0.0008706946383523009,0.0010074880548114143
497.0,0.0010093378516482442,0.00013679341645911336,0.0008725444092584093,0.0010093378257175227
497.5,0.0010111871262691533,0.00013679341645911336,0.0008743936269757903,0.0010111870434349037
498.0,0.001013036130778379,0.00013679341645911336,0.000876242660296929,0.0010130360767560422
498.5,0.0010148847751386937,0.00013679341645911336,0.0008780913248255827,0.001014884741284696
499.0,0.001016732789238414,0.00013679341645911336,0.0008799393439673878,0.001016732760426501
499.5,0.0010185804431892234,0.00013679341645911336,0.000881786994316708,0.0010185804107758214
500.0,0.0010204275569166662,0.00013679341645911336,0.0008836340914773009,0.0010204275079364142
500.5,0.001022274310495198,0.00013679341645911336,0.0008854808198454089,0.0010222742363045223
501.0,0.0010241205238503632,0.00013679341645911336,0.0008873270872229108,0.0010241205036820241
501.5,0.0010259667372055285,0.00013679341645911336,0.0008891732624022915,0.001025966678861405
502.0,0.0010278125003745549,0.00013679341645911336,0.0008910190687891873,0.0010278124852483007
502.5,0.0010296580834691258,0.00013679341645911336,0.0008928645985817194,0.0010296580150408326
503.0,0.0010315029462658746,0.00013679341645911336,0.0008947094829874028,0.0010315028994465163
503.5,0.0010333473588764847,0.00013679341645911336,0.0008965539064024803,0.0010333473228615936
504.0,0.0010351917714870949,0.00013679341645911336,0.0008983983298175577,0.001035191746276671
504.5,0.0010370352837254274,0.00013679341645911336,0.0009002418312514229,0.0010370352477105363
505.0,0.0010388785258520765,0.00013679341645911336,0.0009020850560909244,0.0010388784725500378
505.5,0.0010407212277553594,0.00013679341645911336,0.0009039277277416986,0.001040721144200812
506.0,0.0010425632993980476,0.00013679341645911336,0.0009057698462037454,0.0010425632626628587
506.5,0.0010444052810035084,0.00013679341645911336,0.0009076117802695498,0.001044405196728663
507.0,0.0010462463622366914,0.00013679341645911336,0.0009094528845522632,0.0010462463010113764
507.5,0.0010480873534326467,0.00013679341645911336,0.0009112938966368553,0.0010480873130959687
508.0,0.0010499277143680077,0.00013679341645911336,0.0009131342633345988,0.0010499276797937122
508.5,0.0010517675350800021,0.00013679341645911336,0.0009149740768436152,0.0010517674933027284
509.0,0.001053607175717541,0.00013679341645911336,0.0009168137059563889,0.0010536071224155022
509.5,0.001055446456206169,0.00013679341645911336,0.0009186529662766778,0.0010554463827357912
510.0,0.001057285016396975,0.00013679341645911336,0.0009204915812101182,0.0010572849976692314
510.5,0.0010591230363644142,0.00013679341645911336,0.0009223295507567099,0.0010591229672158233
511.0,0.0010609606061457147,0.00013679341645911336,0.0009241671515108167,0.00106096056796993
511.5,0.0010627979958525598,0.00013679341645911336,0.0009260045678686812,0.0010627979843277945
512.0,0.0010646346652615827,0.00013679341645911336,0.0009278411544434547,0.001064634570902568
512.5,0.0010664710645589223,0.00013679341645911336,0.0009296775566219855,0.001066470973081099
513.0,0.0010683066535212122,0.00013679341645911336,0.0009315132212155468,0.00106830663767466
513.5,0.0010701420624090465,0.00013679341645911336,0.0009333486092147443,0.0010701420256738576
514.0,0.0010719769310735144,0.00013679341645911336,0.0009351834440252144,0.0010719768604843278
514.5,0.0010738113495518435,0.00013679341645911336,0.0009370179100431997,0.001073811326502313
515.0,0.0010756456779929446,0.00013679341645911336,0.0009388521916649425,0.001075645608124056
515.5,0.0010774791060617684,0.00013679341645911336,0.0009406856435035943,0.0010774790599627077
516.0,0.0010793122640189088,0.00013679341645911336,0.0009425188187478825,0.0010793122352069958
516.5,0.001081144791715455,0.00013679341645911336,0.0009443513486053221,0.0010811447650644354
517.0,0.0010829768692258621,0.00013679341645911336,0.0009461834174721555,0.001082976833931269
517.5,0.0010848085865873584,0.00013679341645911336,0.0009480151175465041,0.0010848085340056175
518.0,0.001086639853762716,0.00013679341645911336,0.0009498463566302466,0.0010866397730893598
518.5,0.0010884704906774791,0.00013679341645911336,0.0009516770425252617,0.001088470458984375
519.0,0.0010903007674433313,0.00013679341645911336,0.0009535072674296707,0.001090300683888784
519.5,0.0010921306840602726,0.00013679341645911336,0.0009553372157397159,0.0010921306321988293
520.0,0.001093959790342164,0.00013679341645911336,0.0009571663342666703,0.0010939597507257837
520.5,0.001095788986661283,0.00013679341645911336,0.0009589955449917458,0.0010957889614508591
521.0,0.0010976172826081244,0.00013679341645911336,0.0009608238337356091,0.0010976172501947225
521.5,0.0010994452184060549,0.00013679341645911336,0.0009626517536869875,0.0010994451701461009
522.0,0.0011012727940550744,0.00013679341645911336,0.0009644793048458809,0.0011012727213049944
522.5,0.0011030997394434994,0.00013679341645911336,0.0009663063028160471,0.0011030997192751604
523.0,0.0011049261446085582,0.00013679341645911336,0.0009681326553993648,0.0011049260718584782
523.5,0.0011067521896247056,0.00013679341645911336,0.0009699587313883187,0.0011067521478474321
524.0,0.0011085778744919423,0.00013679341645911336,0.0009717844385847877,0.001108577855043901
524.5,0.0011104028390613568,0.00013679341645911336,0.000973609408196287,0.0011104028246554003
525.0,0.0011122270833329492,0.00013679341645911336,0.0009754336402228164,0.0011122270566819297
525.5,0.0011140509674556305,0.00013679341645911336,0.0009772575034568609,0.0011140509199159742
526.0,0.0011158742213177176,0.00013679341645911336,0.0009790807213040569,0.0011158741377631702
526.5,0.001117697024993666,0.00013679341645911336,0.000980903570358768,0.0011176969868178814
527.0,0.0011195194685207034,0.00013679341645911336,0.000982725958422873,0.0011195193748819864
527.5,0.0011213411017126907,0.00013679341645911336,0.0009845476089020081,0.0011213410253611215
528.0,0.0011231623747557672,0.00013679341645911336,0.0009863688905886586,0.001123162307047772
528.5,0.0011249832876499325,0.00013679341645911336,0.0009881898034828239,0.0011249832199419372
529.0,0.0011268036603207315,0.00013679341645911336,0.000990010163188262,0.0011268035796473755
529.5,0.0011286234927681638,0.00013679341645911336,0.000991830061903094,0.0011286234783622073
530.0,0.0011304427849922296,0.00013679341645911336,0.0009936493152310774,0.0011304427316901908
530.5,0.0011322618971418398,0.00013679341645911336,0.0009954683841628183,0.0011322618006219317
531.0,0.0011340805591053113,0.00013679341645911336,0.0009972870843020743,0.0011340805007611877
531.5,0.001135898050584822,0.00013679341645911336,0.0009991045858657546,0.001135898002324868
532.0,0.0011377150918781937,0.00013679341645911336,0.0010009216264388284,0.0011377150428979418
532.5,0.001139531592948199,0.00013679341645911336,0.0010027381138231753,0.0011395315302822886
533.0,0.0011413477338692933,0.00013679341645911336,0.001004554232415037,0.0011413476488741504
533.5,0.0011431632445297933,0.00013679341645911336,0.0010063697978181714,0.0011431632142772847
534.0,0.0011449782149669267,0.00013679341645911336,0.0010081847178344573,0.0011449781342935707
534.5,0.0011467930953668324,0.00013679341645911336,0.001009999637850743,0.0011467930543098564
535.0,0.0011486070753944605,0.00013679341645911336,0.0010118136358858167,0.00114860705234493
535.5,0.0011504207853104053,0.00013679341645911336,0.0010136273573265267,0.00115042077378564
536.0,0.0011522335948540726,0.00013679341645911336,0.0010154401567860245,0.001152233573245138
536.5,0.001154045954211601,0.00013679341645911336,0.001017252495254916,0.0011540459117140294
537.0,0.0011558575932713074,0.00013679341645911336,0.0010190640961388379,0.0011558575125979512
537.5,0.0011576689622193304,0.00013679341645911336,0.0010208755126265173,0.0011576689290856306
538.0,0.0011594797009067592,0.00013679341645911336,0.0010226861915292268,0.0011594796079883402
538.5,0.0011612900794452771,0.00013679341645911336,0.0010244965938375728,0.0011612900102966862
539.0,0.0011630998277232006,0.00013679341645911336,0.0010263063507590703,0.0011630997672181836
539.5,0.0011649093058894407,0.00013679341645911336,0.0010281158310862038,0.0011649092475453171
540.0,0.0011667177036089479,0.00013679341645911336,0.0010299242050358828,0.0011667176214949961
540.5,0.0011685252909934053,0.00013679341645911336,0.0010317318414005921,0.0011685252578597055
541.0,0.0011703328783778625,0.00013679341645911336,0.0010335393855671802,0.0011703328020262935
541.5,0.0011721397454644979,0.00013679341645911336,0.0010353462843469194,0.0011721397008060328
542.0,0.0011739463424394498,0.00013679341645911336,0.0010371529065322951,0.0011739463229914085
542.5,0.0011757525792654908,0.00013679341645911336,0.001038959067727065,0.0011757524841861783
543.0,0.0011775577356447986,0.00013679341645911336,0.0010407643069406222,0.0011775577233997356
543.5,0.0011793628920241065,0.00013679341645911336,0.0010425694539560584,0.0011793628704151718
544.0,0.0011811668779194535,0.00013679341645911336,0.0010443734023959188,0.0011811668188550322
544.5,0.001182970323591434,0.00013679341645911336,0.0010461768898451728,0.0011829703063042862
545.0,0.001184773499151731,0.00013679341645911336,0.0010479800085019422,0.0011847734249610556
545.5,0.0011865758643769787,0.00013679341645911336,0.0010497823895737417,0.001186575806032855
546.0,0.001188377869453315,0.00013679341645911336,0.0010515844018530562,0.0011883778183121696
546.5,0.0011901795143807402,0.00013679341645911336,0.0010533860453398858,0.0011901794617989992
547.0,0.0011919801688986603,0.00013679341645911336,0.001055186674647382,0.0011919800911064954
547.5,0.0011937803732304415,0.00013679341645911336,0.0010569869351623935,0.0011937803516215068
548.0,0.001195580127376084,0.00013679341645911336,0.0010587866424886774,0.0011955800589477908
548.5,0.0011973790711866765,0.00013679341645911336,0.0010605856122299917,0.001197379028689105
549.0,0.0011991779249600413,0.00013679341645911336,0.0010623844897731847,0.001199177906232298
549.5,0.0012009758783611286,0.00013679341645911336,0.0010641824453351653,0.0012009758617942787
550.0,0.0012027730214271661,0.00013679341645911336,0.001065979571114055,0.0012027729875731684
550.5,0.0012045698043442925,0.00013679341645911336,0.0010677763281004599,0.0012045697445595732
551.0,0.0012063659570008245,0.00013679341645911336,0.0010695724397000162,0.0012063658561591295
551.5,0.001208161659471218,0.00013679341645911336,0.0010713681825070876,0.001208161598966201
552.0,0.0012099568217182448,0.00013679341645911336,0.0010731633721254316,0.001209956788584545
552.5,0.001211751803890816,0.00013679341645911336,0.0010749582851494119,0.0012117517016085252
553.0,0.0012135455255421986,0.00013679341645911336,0.0010767520917959377,0.001213545508255051
553.5,0.0012153387970074425,0.00013679341645911336,0.001078545345253736,0.0012153387617128493
554.0,0.0012171314382120922,0.00013679341645911336,0.0010803379533246857,0.001217131369783799
554.5,0.0012189238093050585,0.00013679341645911336,0.001082130376999393,0.0012189237934585064
555.0,0.0012207155501374304,0.00013679341645911336,0.0010839220630891307,0.001220715479548244
555.5,0.0012225066607092082,0.00013679341645911336,0.0010857131959901409,0.0012225066124492542
556.0,0.0012242971410203916,0.00013679341645911336,0.0010875036835043025,0.0012242970999634159
556.5,0.001226086901033753,0.00013679341645911336,0.0010892934334334942,0.0012260868498926076
557.0,0.0012278763008982034,0.00013679341645911336,0.0010910828145702012,0.0012278762310293145
557.5,0.0012296649804648316,0.00013679341645911336,0.0010928715503200595,0.0012296649667791729
558.0,0.0012314536600314598,0.00013679341645911336,0.0010946601938717968,0.0012314536103309101
558.5,0.001233240899002444,0.00013679341645911336,0.0010964474544517156,0.001233240870910829
559.0,0.0012350277778245171,0.00013679341645911336,0.0010982343462391496,0.001235027762698263
559.5,0.001236814026385996,0.00013679341645911336,0.0011000205926397348,0.0012368140090988481
560.0,0.0012385999147985637,0.00013679341645911336,0.0011018064702478353,0.0012385998867069487
560.5,0.001240385262987765,0.00013679341645911336,0.0011035917946672085,0.0012403852111263218
561.0,0.0012421696207674609,0.00013679341645911336,0.001105376104907248,0.0012421695213663613
561.5,0.0012439536183982457,0.00013679341645911336,0.001107160138552924,0.0012439535550120373
562.0,0.001245737075805664,0.00013679341645911336,0.0011089436190098727,0.001245737035468986
562.5,0.001247519902952488,0.00013679341645911336,0.0011107264540799727,0.001247519870539086
563.0,0.0012493024599876288,0.00013679341645911336,0.001112509012555709,0.0012493024290148225
563.5,0.0012510839365760366,0.00013679341645911336,0.0011142904646539908,0.0012510838811131042
564.0,0.0012528648729410777,0.00013679341645911336,0.0011160713635635453,0.0012528647800226587
564.5,0.0012546452690827522,0.00013679341645911336,0.0011178518014824934,0.0012546452179416068
565.0,0.0012564250349638324,0.00013679341645911336,0.0011196315940145932,0.0012564250104737066
565.5,0.0012582045307332295,0.00013679341645911336,0.001121411017754208,0.0012582044342133213
566.0,0.0012599829460558935,0.00013679341645911336,0.0011231894273144893,0.0012599828437736026
566.5,0.0012617608211551907,0.00013679341645911336,0.0011249673758841647,0.001261760792343278
567.0,0.0012635384261428049,0.00013679341645911336,0.001126744955661355,0.0012635383721204684
567.5,0.0012653154008698247,0.00013679341645911336,0.0011285218900516968,0.0012653153065108102
568.0,0.0012670912951501115,0.00013679341645911336,0.001130297810262705,0.0012670912267218183
568.5,0.0012688665591698038,0.00013679341645911336,0.0011320730850868648,0.0012688665015459781
569.0,0.0012706417331522686,0.00013679341645911336,0.0011338482677129033,0.0012706416841720167
569.5,0.0012724162768741388,0.00013679341645911336,0.0011356228049520932,0.0012724162214112066
570.0,0.0012741901002981872,0.00013679341645911336,0.0011373966046063133,0.0012741900210654267
570.5,0.0012759632034244133,0.00013679341645911336,0.001139169758873685,0.0012759631753327984
571.0,0.0012777355862528177,0.00013679341645911336,0.0011409420833579655,0.001277735499817079
571.5,0.0012795076089323106,0.00013679341645911336,0.0011427141312478825,0.001279507547706996
572.0,0.0012812790013512095,0.00013679341645911336,0.0011444855337509508,0.0012812789502100641
572.5,0.001283049403360603,0.00013679341645911336,0.0011462559220746858,0.0012830493385337992
573.0,0.0012848194452210855,0.00013679341645911336,0.0011480259416059358,0.0012848193580650492
573.5,0.001286588766783746,0.00013679341645911336,0.0011497953157503372,0.0012865887322094506
574.0,0.0012883581783836341,0.00013679341645911336,0.0011515646898947387,0.001288358106353852
574.5,0.0012901258792761949,0.00013679341645911336,0.001153332404472958,0.0012901258209320713
575.0,0.0012918934000943003,0.00013679341645911336,0.001155099934654935,0.0012918933511140483
575.5,0.001293660380689039,0.00013679341645911336,0.0011568669116481846,0.001293660328107298
576.0,0.0012954269110976389,0.00013679341645911336,0.001158633427650828,0.0012954268441099414
576.5,0.0012971924510967335,0.00013679341645911336,0.001160398929474138,0.0012971923459332514
577.0,0.001298957270798006,0.00013679341645911336,0.0011621637859105995,0.0012989572023697129
577.5,0.0013007218203875954,0.00013679341645911336,0.0011639283657526975,0.0013007217822118109
578.0,0.001302485829753818,0.00013679341645911336,0.001165692392406068,0.0013024858088651814
578.5,0.001304249028784991,0.00013679341645911336,0.0011674555892763473,0.0013042490057354607
579.0,0.001306011507518342,0.00013679341645911336,0.001169218048561657,0.0013060114650207703
579.5,0.001307773536065554,0.00013679341645911336,0.0011709800468563607,0.001307773463315474
580.0,0.0013095351144266272,0.00013679341645911336,0.0011727416763585793,0.0013095350928176927
580.5,0.0013112959724898784,0.00013679341645911336,0.0011745024760777068,0.0013112958925368201
581.0,0.001313055930180852,0.00013679341645911336,0.0011762624460137435,0.0013130558624728568
581.5,0.001314815437685687,0.00013679341645911336,0.001178021954959174,0.0013148153714182874
582.0,0.0013165742248926998,0.00013679341645911336,0.0011797807263196347,0.001316574142778748
582.5,0.001318332111727435,0.00013679341645911336,0.0011815386678970044,0.0013183320843561178
583.0,0.001320089728450487,0.00013679341645911336,0.0011832962406818893,0.0013200896571410026
583.5,0.0013218467149129446,0.00013679341645911336,0.0011850532602780467,0.00132184667673716
584.0,0.0013236029810775804,0.00013679341645911336,0.0011868095422892344,0.0013236029587483478
584.5,0.001325358436907166,0.00013679341645911336,0.0011885649945173311,0.0013253584109764445
585.0,0.0013271135325878408,0.00013679341645911336,0.0011903200779529428,0.0013271134944120562
585.5,0.0013288679079706935,0.00013679341645911336,0.0011920744238035849,0.0013288678402626982
586.0,0.0013306218331674074,0.00013679341645911336,0.0011938283086636208,0.0013306217251227341
586.5,0.0013323748579918437,0.00013679341645911336,0.0011955813637405657,0.001332374780199679
587.0,0.0013341270724812303,0.00013679341645911336,0.0011973335890344194,0.0013341270054935328
587.5,0.0013358789268217057,0.00013679341645911336,0.0011990854455357885,0.0013358788619949019
588.0,0.0013376304210132703,0.00013679341645911336,0.0012008369332446726,0.001337630349703786
588.5,0.0013393807447208738,0.00013679341645911336,0.0012025872223779806,0.001339380638837094
589.0,0.0013411307983167942,0.00013679341645911336,0.0012043373271150464,0.0013411307435741598
589.5,0.0013428800415776648,0.00013679341645911336,0.001206086602069021,0.0013428800185281344
590.0,0.001344629014726852,0.00013679341645911336,0.0012078355082305108,0.0013446289246896242
590.5,0.0013463769074293062,0.00013679341645911336,0.0012095834002126672,0.0013463768166717806
591.0,0.0013481243499456215,0.00013679341645911336,0.0012113308312042175,0.0013481242476633308
591.5,0.0013498711622013425,0.00013679341645911336,0.0012130777090070403,0.0013498711254661536
592.0,0.0013516169840475584,0.00013679341645911336,0.0012148234804324086,0.001351616896891522
592.5,0.0013533623557076353,0.00013679341645911336,0.0012165688830652918,0.0013533622995244052
593.0,0.001355107097107118,0.00013679341645911336,0.0012183136403113267,0.00135510705677044
593.5,0.0013568514783576897,0.00013679341645911336,0.0012200580287648765,0.00135685144522399
594.0,0.001358594869198756,0.00013679341645911336,0.0012218014030390928,0.0013585948194982061
594.5,0.001360337629779228,0.00013679341645911336,0.0012235441319264607,0.001360337548385574
595.0,0.0013620799401735612,0.00013679341645911336,0.0012252864920213435,0.0013620799084804569
595.5,0.0013638218904189832,0.00013679341645911336,0.0012270283911256204,0.0013638218075847338
596.0,0.0013655626701804446,0.00013679341645911336,0.0012287691838524426,0.001365562600311556
596.5,0.001367303089792995,0.00013679341645911336,0.0012305096077867797,0.001367303024245893
597.0,0.0013690426990704955,0.00013679341645911336,0.001232249201938026,0.0013690426183971393
597.5,0.0013707814079757183,0.00013679341645911336,0.001233987966306181,0.0013707813827652945
598.0,0.0013725196666948024,0.00013679341645911336,0.001235726177485609,0.0013725195939447224
598.5,0.0013742574752277478,0.00013679341645911336,0.0012374640198725521,0.0013742574363316655
599.0,0.0013759947435373265,0.00013679341645911336,0.0012392012168726465,0.0013759946333317598
599.5,0.0013777308413629446,0.00013679341645911336,0.0012409373996934074,0.0013777308161525208
600.0,0.0013794665790396515,0.00013679341645911336,0.0012426731215235622,0.0013794665379826755
600.5,0.0013812019565674473,0.00013679341645911336,0.0012444084745612321,0.0013812018910203455
601.0,0.0013829361636112825,0.00013679341645911336,0.0012461427212214474,0.0013829361376805607
601.5,0.0013846699204689786,0.00013679341645911336,0.0012478764146929353,0.0013846698311520487
602.0,0.0013864032271405362,0.00013679341645911336,0.0012496097393719383,0.0013864031558310516
602.5,0.0013881358135142715,0.00013679341645911336,0.0012513423264659716,0.001388135742925085
603.0,0.0013898674094785016,0.00013679341645911336,0.0012530738993806714,0.0013898673158397848
603.5,0.0013915986452938207,0.00013679341645911336,0.0012548051957010074,0.0013915986121601207
604.0,0.0013933293408857732,0.00013679341645911336,0.001256535846634495,0.0013933292630936083
604.5,0.0013950588659937648,0.00013679341645911336,0.0012582653911905278,0.0013950588076496412
605.0,0.0013967880309528455,0.00013679341645911336,0.0012599945669540759,0.0013967879834131892
605.5,0.0013985165656513318,0.00013679341645911336,0.0012617230973307751,0.0013985165137898885
606.0,0.0014002441099403129,0.00013679341645911336,0.0012634506135281412,0.0014002440299872546
606.5,0.0014019713841176105,0.00013679341645911336,0.0012651779453292647,0.001401971361788378
607.0,0.0014036982081087695,0.00013679341645911336,0.0012669047239416609,0.0014036981404007742
607.5,0.0014054243118021062,0.00013679341645911336,0.0012686308571672085,0.0014054242736263219
608.0,0.001407149425085938,0.00013679341645911336,0.0012703559762134225,0.0014071493926725359
608.5,0.0014088736379974918,0.00013679341645911336,0.0012720801732784245,0.0014088735897375378
609.0,0.001410597760871818,0.00013679341645911336,0.001273804278145305,0.0014105976946044185
609.5,0.0014123209833738666,0.00013679341645911336,0.0012755274610309734,0.0014123208774900868
610.0,0.0014140433055036378,0.00013679341645911336,0.001277249814133551,0.0014140432305926643
610.5,0.0014157655375961811,0.00013679341645911336,0.001278972075038007,0.0014157654914971204
611.0,0.0014174863290930802,0.00013679341645911336,0.0012806928607725237,0.001417486277231637
611.5,0.0014192068504782962,0.00013679341645911336,0.0012824133699126767,0.00141920678637179
612.0,0.0014209269216773734,0.00013679341645911336,0.0012841334180622235,0.0014209268345213369
612.5,0.0014226463626158562,0.00013679341645911336,0.001285852913023043,0.0014226463294821563
613.0,0.0014243649031820615,0.00013679341645911336,0.001287571393804529,0.0014243648102636424
613.5,0.0014260826334132168,0.00013679341645911336,0.0012892891370010452,0.0014260825534601585
614.0,0.0014278002736071444,0.00013679341645911336,0.0012910067879994404,0.0014278002044585537
614.5,0.0014295165632426559,0.00013679341645911336,0.001292723056026017,0.0014295164724851303
615.0,0.0014312324927292562,0.00013679341645911336,0.00129443904745823,0.0014312324639173433
615.5,0.0014329477919552622,0.00013679341645911336,0.001296154301305473,0.0014329477177645864
616.0,0.0014346621007717629,0.00013679341645911336,0.0012978686331715041,0.0014346620496306175
616.5,0.0014363759594021247,0.00013679341645911336,0.0012995825040469288,0.0014363759205060422
617.0,0.00143808927780912,0.00013679341645911336,0.0013012958217336265,0.0014380892381927399
617.5,0.0014398017858810656,0.00013679341645911336,0.001303008309637233,0.0014398017260963463
618.0,0.001441513573655189,0.00013679341645911336,0.0013047200599558696,0.001441513476414983
618.5,0.0014432250012804014,0.00013679341645911336,0.0013064315336801427,0.001443224950139256
619.0,0.001444935978719475,0.00013679341645911336,0.0013081424542156885,0.0014449358706748018
619.5,0.0014466457856745878,0.00013679341645911336,0.0013098522683737794,0.0014466456848328927
620.0,0.0014483548723318786,0.00013679341645911336,0.0013115613449469006,0.001448354761406014
620.5,0.0014500635088030304,0.00013679341645911336,0.001313270052727537,0.0014500634691866504
621.0,0.0014517712449019049,0.00013679341645911336,0.0013149777463288398,0.0014517711627879532
621.5,0.0014534784407774126,0.00013679341645911336,0.0013166849789395365,0.0014534783953986498
622.0,0.0014551852765040095,0.00013679341645911336,0.0013183917505596272,0.0014551851670187405
622.5,0.0014568909417466455,0.00013679341645911336,0.0013200974158022632,0.0014568908322613765
623.0,0.0014585960667659148,0.00013679341645911336,0.001321802620054293,0.0014585960365134064
623.5,0.0014603006515618178,0.00013679341645911336,0.0013235071789194743,0.0014603005953785877
624.0,0.0014620044260226707,0.00013679341645911336,0.0013252109080015644,0.0014620043244606778
624.5,0.0014637076602601574,0.00013679341645911336,0.0013269141760930486,0.001463707592552162
625.0,0.0014654101741998218,0.00013679341645911336,0.001328616706599563,0.0014654101230586764
625.5,0.0014671117877672086,0.00013679341645911336,0.001330318315124865,0.0014671117315839784
626.0,0.0014688129511484568,0.00013679341645911336,0.001332019462659561,0.0014688128791186745
626.5,0.001470513304194655,0.00013679341645911336,0.0013337197804111662,0.0014705131968702795
627.0,0.0014722134771663978,0.00013679341645911336,0.00133542000596465,0.0014722134224237633
627.5,0.0014739125696914073,0.00013679341645911336,0.001337119125140679,0.0014739125415997923
628.0,0.0014756111219930506,0.00013679341645911336,0.0013388175989298594,0.0014756110153889728
628.5,0.001477309134071327,0.00013679341645911336,0.0013405156117284338,0.0014773090281875471
629.0,0.0014790061557400983,0.00013679341645911336,0.001342212702545796,0.0014790061190049094
629.5,0.0014807027272227308,0.00013679341645911336,0.0013439092401744308,0.0014807026566335442
630.0,0.0014823984883703134,0.00013679341645911336,0.001345605040218096,0.0014823984566772093
630.5,0.0014840936192573018,0.00013679341645911336,0.0013473001026767912,0.0014840935191359045
631.0,0.0014857881198836957,0.00013679341645911336,0.001348994611946759,0.0014857880284058723
631.5,0.0014874820802867233,0.00013679341645911336,0.0013506885680279995,0.0014874819844871128
632.0,0.0014891748702057898,0.00013679341645911336,0.0013523814177317855,0.0014891748341908989
632.5,0.0014908670298642622,0.00013679341645911336,0.0013540735298506015,0.0014908669463097148
633.0,0.0014925589194110514,0.00013679341645911336,0.0013557654575731752,0.0014925588740322886
633.5,0.0014942501786972462,0.00013679341645911336,0.001357456647710779,0.0014942500641698924
634.0,0.0014959405376111633,0.00013679341645911336,0.001359147008065292,0.0014959404245244053
634.5,0.0014976302662644862,0.00013679341645911336,0.0013608368152310773,0.0014976302316901907
635.0,0.0014993190045083037,0.00013679341645911336,0.0013625255160194083,0.0014993189324785216
635.5,0.0015010072025287548,0.00013679341645911336,0.0013642137558171328,0.0015010071722762462
636.0,0.0015026950404002947,0.00013679341645911336,0.0013659015346242514,0.0015026949510833648
636.5,0.0015043818878623294,0.00013679341645911336,0.0013675883914501578,0.0015043818079092711
637.0,0.001506068015026542,0.00013679341645911336,0.0013692745106910944,0.0015060679271502078
637.5,0.0015077537820418435,0.00013679341645911336,0.001370960261139546,0.0015077536775986594
638.0,0.0015094385586476397,0.00013679341645911336,0.0013726450896067853,0.0015094385060658987
638.5,0.0015111225249183863,0.00013679341645911336,0.001374329088290934,0.0015111225047500473
639.0,0.0015128064011519049,0.00013679341645911336,0.0013760129025788398,0.0015128063190379532
639.5,0.001514489016864235,0.00013679341645911336,0.00137769551829117,0.0015144889347502833
640.0,0.0015161710923531984,0.00013679341645911336,0.0013793776730128939,0.0015161710894720072
640.5,0.001517852807693251,0.00013679341645911336,0.0013810593667440117,0.001517852783203125
641.0,0.0015195334425865703,0.00013679341645911336,0.0013827399540976748,0.0015195333705567882
641.5,0.0015212135372565231,0.00013679341645911336,0.0013844200804607317,0.001521213496919845
642.0,0.0015228930917031095,0.00013679341645911336,0.0013860996536350615,0.0015228930700941748
642.5,0.0015245715657029627,0.00013679341645911336,0.0013877781204319364,0.0015245715368910498
643.0,0.0015262494994794495,0.00013679341645911336,0.0013894560340400842,0.0015262494504991975
643.5,0.001527927073107025,0.00013679341645911336,0.0013911335788557469,0.0015279269953148602
644.0,0.0015296035662878675,0.00013679341645911336,0.001392810017293955,0.0015296034337530684
644.5,0.001531279699319799,0.00013679341645911336,0.0013944861791377993,0.0015312795955969127
645.0,0.0015329551120539086,0.00013679341645911336,0.0013961616033966741,0.0015329550198557875
645.5,0.0015346296244157405,0.00013679341645911336,0.0013978361056743364,0.0015346295221334498
646.0,0.0015363034164797504,0.00013679341645911336,0.0013995099625651502,0.0015363033790242635
646.5,0.0015379766683203935,0.00013679341645911336,0.0014011832662672366,0.00153797668272635
647.0,0.0015396493799376704,0.00013679341645911336,0.0014028558323843534,0.0015396492488434668
647.5,0.0015413211911826695,0.00013679341645911336,0.0014045276609165004,0.0015413210773756137
648.0,0.0015429924622043022,0.00013679341645911336,0.0014061989362599198,0.0015429923527190332
648.5,0.0015446630129281127,0.00013679341645911336,0.0014078694740183697,0.001544662890477483
649.0,0.0015463324832051901,0.00013679341645911336,0.001409538997597486,0.0015463324140565994
649.5,0.0015480021335567233,0.00013679341645911336,0.0014112086133747236,0.001548002029833837
650.0,0.001549670343312612,0.00013679341645911336,0.0014128768461801426,0.001549670262639256
650.5,0.0015513380128451344,0.00013679341645911336,0.0014145445257968345,0.0015513379422559478
651.0,0.0015530053222287457,0.00013679341645911336,0.0014162118366210414,0.0015530052530801548
651.5,0.0015546713710911685,0.00013679341645911336,0.0014178778566715513,0.0015546712731306647
652.0,0.0015563370598046802,0.00013679341645911336,0.0014195435079295761,0.0015563369243886895
652.5,0.0015580022082948254,0.00013679341645911336,0.0014212087903951163,0.0015580022068542297
653.0,0.0015596662763382374,0.00013679341645911336,0.0014228727820869592,0.0015596661985460725
653.5,0.0015613301643071938,0.00013679341645911336,0.0014245365893825596,0.001561330005841673
654.0,0.0015629931519038727,0.00013679341645911336,0.0014261996590931904,0.0015629930755523037
654.5,0.0015646548789793632,0.00013679341645911336,0.0014278614380301238,0.0015646548544892371
655.0,0.00156631714627822,0.00013679341645911336,0.0014295235857595423,0.0015663170022186556
655.5,0.0015679779729814327,0.00013679341645911336,0.0014311844427152636,0.001567977859174377
656.0,0.0015696380793868234,0.00013679341645911336,0.001432844562086015,0.0015696379785451284
656.5,0.0015712976455688477,0.00013679341645911336,0.0014345041282680393,0.0015712975447271526
657.0,0.0015729564914530498,0.00013679341645911336,0.0014361629568650936,0.001572956373324207
657.5,0.0015746146170394298,0.00013679341645911336,0.0014378210478771783,0.0015746144643362916
658.0,0.0015762720223279879,0.00013679341645911336,0.0014394785857005355,0.0015762720021596489
658.5,0.0015779288873931793,0.00013679341645911336,0.0014411353859389228,0.0015779288023980362
659.0,0.001579584852086093,0.00013679341645911336,0.0014427914485923405,0.0015795848650514538
659.5,0.0015812402765556404,0.00013679341645911336,0.0014444467736607885,0.0015812401901199018
660.0,0.0015828949807273657,0.00013679341645911336,0.001446101545540509,0.0015828949619996224
660.5,0.0015845491446757245,0.00013679341645911336,0.0014477555798352597,0.001584548996294373
661.0,0.0015862024082518055,0.00013679341645911336,0.0014494088765450407,0.001586202293004154
661.5,0.0015878553116789758,0.00013679341645911336,0.0014510618044623368,0.0015878552209214502
662.0,0.0015895067745105018,0.00013679341645911336,0.0014527132572096932,0.0015895066736688066
662.5,0.0015911584174164832,0.00013679341645911336,0.0014543648943532923,0.0015911583108124056
663.0,0.0015928093400246427,0.00013679341645911336,0.0014560157939119214,0.0015928092103710348
663.5,0.001594458822037158,0.00013679341645911336,0.0014576654026968534,0.0015944588191559668
664.0,0.0015961079439007623,0.00013679341645911336,0.001459314458293058,0.0015961078747521713
664.5,0.0015977568856899113,0.00013679341645911336,0.0014609633294930203,0.0015977567459521337
665.0,0.0015994042068089604,0.00013679341645911336,0.001462610725523043,0.0015994041419821563
665.5,0.0016010515279280095,0.00013679341645911336,0.0014642581215530655,0.001601051538012179
666.0,0.0016026983088236922,0.00013679341645911336,0.0014659047799981185,0.0016026981964572318
666.5,0.001604343829198186,0.00013679341645911336,0.0014675503320657167,0.00160434374852483
667.0,0.001605988989423769,0.00013679341645911336,0.00146919551534083,0.0016059889317999434
667.5,0.0016076336094259856,0.00013679341645911336,0.001470840145427216,0.0016076335618863294
668.0,0.001609277148981469,0.00013679341645911336,0.0014724836691361472,0.0016092770855952606
668.5,0.0016109201483135856,0.00013679341645911336,0.0014741266396563512,0.0016109200561154645
669.0,0.0016125627874967914,0.00013679341645911336,0.00147576924138407,0.0016125626578431835
669.5,0.0016142041661588087,0.00013679341645911336,0.0014774107367343345,0.0016142041531934479
670.0,0.0016158448245230039,0.00013679341645911336,0.0014790513101033867,0.0016158447265625
670.5,0.0016174853028127433,0.00013679341645911336,0.0014806918834724388,0.0016174852999315521
671.0,0.001619125060804661,0.00013679341645911336,0.0014823315348602786,0.001619124951319392
671.5,0.001620763918424301,0.00013679341645911336,0.0014839704486631488,0.0016207638651222621
672.0,0.0016224022358205744,0.00013679341645911336,0.0014856088092772915,0.0016224022257364048
672.5,0.0016240396528445702,0.00013679341645911336,0.001487246247910222,0.0016240396643693355
673.0,0.001625676709719655,0.00013679341645911336,0.0014888831333544252,0.0016256765498135386
673.5,0.0016273125060735512,0.00013679341645911336,0.0014905190968174161,0.0016273125132765295
674.0,0.001628948122352992,0.00013679341645911336,0.0014921546914879221,0.0016289481079470355
674.5,0.001630582838260155,0.00013679341645911336,0.0014937893641772159,0.0016305827806363292
675.0,0.001632217194018407,0.00013679341645911336,0.0014954236680740248,0.0016322170845331381
675.5,0.0016338502892554708,0.00013679341645911336,0.0014970568655933792,0.0016338502820524925
676.0,0.0016354830243436231,0.00013679341645911336,0.001498689509924006,0.0016354829263831193
676.5,0.001637114859059498,0.00013679341645911336,0.0015003214166696632,0.0016371148331287765
677.0,0.0016387459734775508,0.00013679341645911336,0.001501952401434108,0.0016387458178932213
677.5,0.0016403767277466926,0.00013679341645911336,0.0015035832018023103,0.0016403766182614236
678.0,0.0016420062214946459,0.00013679341645911336,0.0015052127113968157,0.001642006127855929
678.5,0.0016436355351681436,0.00013679341645911336,0.0015068420365950785,0.0016436354530541919
679.0,0.0016452641285438193,0.00013679341645911336,0.0015084706242083714,0.0016452640406674848
679.5,0.0016468916414727618,0.00013679341645911336,0.0015100981054442099,0.0016468915219033232
680.0,0.0016485187942527932,0.00013679341645911336,0.0015117252178875635,0.0016485186343466768
680.5,0.0016501454068094583,0.00013679341645911336,0.001513351961538432,0.0016501453779975454
681.0,0.0016517705787704791,0.00013679341645911336,0.0015149770456231186,0.001651770462082232
681.5,0.0016533955706570444,0.00013679341645911336,0.001516602129707805,0.0016533955461669183
682.0,0.0016550202023946988,0.00013679341645911336,0.0015182266606037643,0.0016550200770628777
682.5,0.00165664375368562,0.00013679341645911336,0.0015198502695185113,0.0016566436859776247
683.0,0.001658266584678719,0.00013679341645911336,0.0015214731408482885,0.0016582665573074019
683.5,0.0016598888754484516,0.00013679341645911336,0.0015230954589893382,0.0016598888754484516
684.0,0.0016615102658459066,0.00013679341645911336,0.0015247168551491758,0.0016615102716082892
684.5,0.0016631311160199952,0.00013679341645911336,0.0015263376981202862,0.0016631311145793996
685.0,0.0016647512458962616,0.00013679341645911336,0.0015279578035064267,0.00166475121996554
685.5,0.001666370655474706,0.00013679341645911336,0.0015295771713075973,0.0016663705877667107
686.0,0.0016679897049042393,0.00013679341645911336,0.001531196170316283,0.0016679895867753964
686.5,0.001669607853961495,0.00013679341645911336,0.0015328144317399992,0.0016696078481991125
687.0,0.0016712249225720177,0.00013679341645911336,0.001534431402390018,0.0016712248188491313
687.5,0.001672841811108085,0.00013679341645911336,0.001536048373040037,0.0016728417894991503
688.0,0.0016744583394952411,0.00013679341645911336,0.0015376647905013285,0.0016744582069604418
688.5,0.0016760734272867532,0.00013679341645911336,0.0015392799171889229,0.0016760733336480362
689.0,0.0016776881549293542,0.00013679341645911336,0.0015408946750840324,0.0016776880915431458
689.5,0.0016793019821996775,0.00013679341645911336,0.0015425085109979297,0.001679301927457043
690.0,0.0016809152692466344,0.00013679341645911336,0.0015441217937230997,0.001680915210182213
690.5,0.0016825278359957692,0.00013679341645911336,0.0015457343388632998,0.0016825277553224132
691.0,0.0016841398625215376,0.00013679341645911336,0.0015473463308147725,0.0016841397472738859
691.5,0.0016857511687494837,0.00013679341645911336,0.0015489575851812755,0.0016857510016403889
692.0,0.0016873613945306968,0.00013679341645911336,0.0015505679175665664,0.0016873613340256798
692.5,0.001688970900014088,0.00013679341645911336,0.0015521773279706449,0.0016889707444297582
693.0,0.0016905802254230235,0.00013679341645911336,0.0015537867383747235,0.0016905801548338368
693.5,0.0016921886504596814,0.00013679341645911336,0.0015553952267975898,0.0016921886432567032
694.0,0.0016937961751240618,0.00013679341645911336,0.0015570026088430014,0.0016937960253021148
694.5,0.0016954031595650756,0.00013679341645911336,0.0015586096220959282,0.0016954030385550416
695.0,0.0016970094237082674,0.00013679341645911336,0.0015602158977638851,0.0016970093142229985
695.5,0.0016986144273302705,0.00013679341645911336,0.001561820882658145,0.0016986142991172583
696.0,0.0017002196110267294,0.00013679341645911336,0.0015634260519486471,0.0017002194684077605
696.5,0.001701823714276455,0.00013679341645911336,0.0015650302992579372,0.0017018237157170506
697.0,0.0017034270972283586,0.00013679341645911336,0.001566633624586015,0.0017034270410451284
697.5,0.0017050299399568956,0.00013679341645911336,0.0015682363967253654,0.0017050298131844788
698.0,0.001706632242462066,0.00013679341645911336,0.001569838800072231,0.0017066322165313443
698.5,0.0017082332844460479,0.00013679341645911336,0.001571439728249157,0.0017082331447082703
699.0,0.0017098343264300298,0.00013679341645911336,0.0015730408408223256,0.001709834257281439
699.5,0.001711434107892823,0.00013679341645911336,0.0015746406626217968,0.0017114340790809102
700.0,0.0017130335292067052,0.00013679341645911336,0.0015762401156287833,0.0017130335320878966
700.5,0.00171463205014831,0.00013679341645911336,0.001577838462258315,0.0017146318787174283
701.0,0.001716230391015459,0.00013679341645911336,0.0015794368088878467,0.00171623022534696
701.5,0.0017178271112125085,0.00013679341645911336,0.0015810336803474387,0.001717827096806552
702.0,0.001719423831409558,0.00013679341645911336,0.0015826303674107884,0.0017194237838699018
702.5,0.0017210200113832411,0.00013679341645911336,0.0015842265012854107,0.001721019917744524
703.0,0.001722615110910191,0.00013679341645911336,0.0015858215287825785,0.001722614945241692
703.5,0.0017242094901393187,0.00013679341645911336,0.0015874160030910189,0.0017242094195501323
704.0,0.001725803689293991,0.00013679341645911336,0.0015890101086069742,0.0017258035250660875
704.5,0.0017273966279274747,0.00013679341645911336,0.001590603107745475,0.0017273965242045883
705.0,0.0017289888462631365,0.00013679341645911336,0.001592195369299006,0.0017289887857581193
705.5,0.0017305808845243425,0.00013679341645911336,0.0015937874464562944,0.0017305808629154078
706.0,0.0017321716622643601,0.00013679341645911336,0.001595378232839886,0.0017321716492989993
706.5,0.0017337620798554664,0.00013679341645911336,0.0015969686504309923,0.0017337620668901057
707.0,0.001735351777148751,0.00013679341645911336,0.0015985583304371292,0.0017353517468962425
707.5,0.001736940934218669,0.00013679341645911336,0.0016001474572545384,0.0017369408737136517
708.0,0.0017385290108418536,0.00013679341645911336,0.001601735477694493,0.0017385288941536064
708.5,0.001740116907390583,0.00013679341645911336,0.0016033234981344478,0.0017401169145935611
709.0,0.0017417039035670346,0.00013679341645911336,0.0016049104121969478,0.0017417038286560611
709.5,0.0017432903595201198,0.00013679341645911336,0.0016064967730707205,0.0017432901895298339
710.0,0.001744875374877561,0.00013679341645911336,0.001608081843170796,0.0017448752596299093
710.5,0.001746460030086091,0.00013679341645911336,0.0016096665444783867,0.0017464599609375
711.0,0.0017480441450712543,0.00013679341645911336,0.00161125069259725,0.0017480441090563634
711.5,0.0017496271796096849,0.00013679341645911336,0.0016128337343386586,0.001749627150797772
712.0,0.0017512096739247486,0.00013679341645911336,0.0016144162228913397,0.001751209639350453
712.5,0.001752791988165357,0.00013679341645911336,0.0016159985270477787,0.001752791943506892
713.0,0.0017543732219592323,0.00013679341645911336,0.0016175797248267627,0.001754373141285876
713.5,0.0017559535553808299,0.00013679341645911336,0.0016191600006245346,0.001755953417083648
714.0,0.001757533348579061,0.00013679341645911336,0.0016207399076298217,0.001757533324088935
714.5,0.00175911242147947,0.00013679341645911336,0.0016223188926538965,0.0017591123091130099
715.0,0.0017606911342309681,0.00013679341645911336,0.0016238976932817287,0.001760691109740842
715.5,0.0017622689466101884,0.00013679341645911336,0.0016254753875321064,0.0017622688039912197
716.0,0.001763846038691587,0.00013679341645911336,0.0016270525285937568,0.0017638459450528702
716.5,0.0017654222304007078,0.00013679341645911336,0.0016286287476741947,0.001765422164133308
717.0,0.0017669984221098285,0.00013679341645911336,0.0016302049667546328,0.0017669983832137462
717.5,0.0017685729931488498,0.00013679341645911336,0.001631779526268889,0.0017685729427280024
718.0,0.0017701473841134155,0.00013679341645911336,0.0016333539013869026,0.001770147317846016
718.5,0.0017717212348546147,0.00013679341645911336,0.0016349277233161888,0.0017717211397753022
719.0,0.0017732941852235363,0.00013679341645911336,0.0016365006232642628,0.0017732940397233762
719.5,0.0017748665953690912,0.00013679341645911336,0.001638073154419852,0.0017748665708789654
720.0,0.001776438285216824,0.00013679341645911336,0.0016396447635942289,0.0017764381800533422
720.5,0.0017780090746922796,0.00013679341645911336,0.0016412156351836358,0.0017780090516427492
721.0,0.0017795793239443684,0.00013679341645911336,0.0016427857691880732,0.0017795791856471865
721.5,0.0017811488528986352,0.00013679341645911336,0.0016443553500037832,0.0017811487664628966
722.0,0.0017827174814806243,0.00013679341645911336,0.0016459240088382808,0.0017827174252973942
722.5,0.001784285569839247,0.00013679341645911336,0.0016474921144840513,0.0017842855309431647
723.0,0.0017858531179745032,0.00013679341645911336,0.0016490596669410944,0.0017858530834002078
723.5,0.0017874199458119372,0.00013679341645911336,0.0016506264818131676,0.001787419898272281
724.0,0.0017889858732770937,0.00013679341645911336,0.0016521923747040287,0.001788985791163142
724.5,0.0017905514405933392,0.00013679341645911336,0.0016537578988024047,0.001790551315261518
725.0,0.0017921159274628515,0.00013679341645911336,0.0016553225009195687,0.001792115917378682
725.5,0.0017936798741089973,0.00013679341645911336,0.0016568863654517628,0.0017936797819108762
726.0,0.0017952434606062322,0.00013679341645911336,0.0016584500455877145,0.0017952434620468279
726.5,0.0017968057865822783,0.00013679341645911336,0.0016600122505537266,0.00179680566701284
727.0,0.0017983677524094136,0.00013679341645911336,0.0016615742711234961,0.0017983676875826095
727.5,0.0017999291780131821,0.00013679341645911336,0.0016631357385045384,0.0017999291549636517
728.0,0.0018014895231702177,0.00013679341645911336,0.0016646960995081261,0.0018014895159672395
728.5,0.0018030495081783422,0.00013679341645911336,0.0016662560917192289,0.0018030495081783422
729.0,0.001804608592814189,0.00013679341645911336,0.0016678151619491193,0.0018046085784082326
729.5,0.001806166957152214,0.00013679341645911336,0.00166937349459404,0.0018061669110531534
730.0,0.0018077249613413279,0.00013679341645911336,0.0016709314584464757,0.001807724874905589
730.5,0.0018092871072429185,0.00013679341645911336,0.0016724936634124879,0.0018092870798716012
731.0,0.0018112473977656522,0.00013679341645911336,0.0016744539798659434,0.0018112473963250567
731.5,0.0018139097985904382,0.00013679341645911336,0.0016771162928143949,0.0018139097092735082
732.0,0.0018165727396385908,0.00013679341645911336,0.0016797791589515739,0.0018165725754106872
732.5,0.0018192353205378322,0.00013679341645911336,0.0016824418406925104,0.0018192352571516238
733.0,0.0018218982615859846,0.00013679341645911336,0.0016851047068296896,0.001821898123288803
733.5,0.0018245606624107706,0.00013679341645911336,0.0016877672041743835,0.0018245606206334969
734.0,0.0018272236034589232,0.00013679341645911336,0.0016904300703115627,0.001827223486770676
734.5,0.0018298863644326201,0.00013679341645911336,0.0016930929364487417,0.001829886352907855
735.0,0.0018325494855552281,0.00013679341645911336,0.001695755986982163,0.0018325494034412764
735.5,0.0018352126066778361,0.00013679341645911336,0.0016984190375155844,0.0018352124539746978
736.0,0.0018378757278004441,0.00013679341645911336,0.0017010822724452485,0.0018378756889043618
736.5,0.0018405392090719633,0.00013679341645911336,0.0017037456917711547,0.001840539108230268
737.0,0.0018432023301945713,0.00013679341645911336,0.0017064087423045763,0.0018432021587636896
737.5,0.0018458656313916349,0.00013679341645911336,0.0017090721616304825,0.0018458655780895959
738.0,0.0018485289325886982,0.00013679341645911336,0.0017117353965601465,0.0018485288130192599
738.5,0.0018511922337857618,0.00013679341645911336,0.0017143988158860527,0.001851192232345166
739.0,0.0018538555349828254,0.00013679341645911336,0.0017170620508157168,0.0018538554672748301
739.5,0.0018565200967010774,0.00013679341645911336,0.0017197265765190777,0.001856519992978191
740.0,0.0018591846584193295,0.00013679341645911336,0.0017223911022224388,0.0018591845186815522
740.5,0.0018618492201375818,0.00013679341645911336,0.0017250556279257998,0.0018618490443849131
741.0,0.0018645136017813784,0.00013679341645911336,0.001727720153629161,0.0018645135700882743
741.5,0.001867178343574086,0.00013679341645911336,0.0017303848637287643,0.0018671782801878776
742.0,0.0018698432654412492,0.00013679341645911336,0.0017330497582246102,0.0018698431746837236
742.5,0.0018725078271595013,0.00013679341645911336,0.0017357142839279712,0.0018725077003870845
743.0,0.0018751727490266645,0.00013679341645911336,0.0017383791784238171,0.0018751725948829305
743.5,0.0018778380310427386,0.00013679341645911336,0.001741044441712148,0.0018778378581712613
744.0,0.0018805027728354463,0.00013679341645911336,0.001743709336207994,0.0018805027526671073
744.5,0.0018831676947026095,0.00013679341645911336,0.00174637423070384,0.0018831676471629533
745.0,0.001885832796644228,0.00013679341645911336,0.001749039309595928,0.0018858327260550414
745.5,0.0018884978985858468,0.00013679341645911336,0.0017517043884880165,0.0018884978049471298
746.0,0.0018911630005274654,0.00013679341645911336,0.0017543694673801049,0.0018911628838392182
746.5,0.001893828462617995,0.00013679341645911336,0.001757034915064678,0.0018938283315237915
747.0,0.0018964937446340694,0.00013679341645911336,0.001759700178353009,0.0018964935948121223
747.5,0.0018991593867990545,0.00013679341645911336,0.0017623658104338248,0.0018991592268929381
748.0,0.0019018243086662177,0.00013679341645911336,0.0017650308893259132,0.0019018243057850265
748.5,0.0019044897707567474,0.00013679341645911336,0.0017676963370104864,0.0019044897534695997
749.0,0.0019071554129217326,0.00013679341645911336,0.001770361969091302,0.0019071553855504154
749.5,0.0019098208750122623,0.00013679341645911336,0.0017730274167758752,0.0019098208332349886
750.0,0.0019124866972517031,0.00013679341645911336,0.0017756932332529335,0.0019124866497120469
750.5,0.0019151523394166884,0.00013679341645911336,0.0017783588653337492,0.0019151522817928625
751.0,0.0019178179815816736,0.00013679341645911336,0.0017810244974145648,0.0019178179138736782
751.5,0.0019204839838955698,0.00013679341645911336,0.0017836904982878655,0.0019204839147469789
752.0,0.001923149986209466,0.00013679341645911336,0.0017863564991611662,0.0019231499156202795
752.5,0.0019258159885233623,0.00013679341645911336,0.0017890225000344667,0.00192581591649358
753.0,0.0019284819908372585,0.00013679341645911336,0.0017916885009077674,0.0019284819173668807
753.5,0.0019311481732256102,0.00013679341645911336,0.0017943546861773105,0.0019311481026364238
754.0,0.001933814355613962,0.00013679341645911336,0.0017970208714468533,0.0019338142879059667
754.5,0.001936480538002314,0.00013679341645911336,0.0017996870567163965,0.0019364804731755098
755.0,0.0019391469004651212,0.00013679341645911336,0.001802353426382182,0.0019391468428412953
755.5,0.001941813082853473,0.00013679341645911336,0.001805019611651725,0.0019418130281108384
756.0,0.0019444792652418246,0.00013679341645911336,0.001807685796921268,0.0019444792133803813
756.5,0.0019471458077790875,0.00013679341645911336,0.001810352350983296,0.0019471457674424093
757.0,0.0019498121702418948,0.00013679341645911336,0.0018130187206490814,0.0019498121371081948
757.5,0.0019524787127791574,0.00013679341645911336,0.0018156852747111094,0.0019524786911702227
758.0,0.0019551459756142423,0.00013679341645911336,0.0018183523819618648,0.001955145798420978
758.5,0.0019578123380770496,0.00013679341645911336,0.0018210187516276503,0.0019578121680867634
759.0,0.001960479060688768,0.00013679341645911336,0.0018236854900859207,0.001960478906545034
759.5,0.001963145783300486,0.00013679341645911336,0.001826352228544191,0.0019631456450033046
760.0,0.0019658128660611156,0.00013679341645911336,0.0018290193357949464,0.0019658127522540598
760.5,0.001968479948821745,0.00013679341645911336,0.0018316864430457016,0.001968479859504815
761.0,0.001971146311284552,0.00013679341645911336,0.0018343528127114871,0.0019711462291706005
761.5,0.001973813574119637,0.00013679341645911336,0.001837020104358485,0.0019738135208175983
762.0,0.0019764808369547218,0.00013679341645911336,0.0018396873960054825,0.001976480812464596
762.5,0.0019791480997898066,0.00013679341645911336,0.001842354503256238,0.0019791479197153513
763.0,0.0019818157227738027,0.00013679341645911336,0.0018450221636957204,0.001981815580154834
763.5,0.0019844828055344318,0.00013679341645911336,0.0018476892709464758,0.001984482687405589
764.0,0.0019871502484439725,0.00013679341645911336,0.001850356746989716,0.001987150163448829
764.5,0.0019898173312046016,0.00013679341645911336,0.0018530238542404712,0.0019898172706995848
765.0,0.0019924849541885976,0.00013679341645911336,0.0018556915146799538,0.0019924849311390674
765.5,0.0019951525771725936,0.00013679341645911336,0.001858358990723194,0.0019951524071823074
766.0,0.001997820020082134,0.00013679341645911336,0.0018610264667664343,0.0019978198832255475
766.5,0.0020004880032150406,0.00013679341645911336,0.0018636944959984018,0.002000487912457515
767.0,0.0020031552660501255,0.00013679341645911336,0.0018663617876453994,0.0020031552041045128
767.5,0.002005823429257488,0.00013679341645911336,0.0018690300012736095,0.002005823417732723
768.0,0.002008491052241484,0.00013679341645911336,0.0018716974773168495,0.002008490893775963
768.5,0.002011159395523302,0.00013679341645911336,0.001874365875341302,0.002011159291800415
769.0,0.002013827018507298,0.00013679341645911336,0.0018770335357807847,0.002013826952239898
769.5,0.0020164962621613933,0.00013679341645911336,0.001879702671390207,0.0020164960878493203
770.0,0.0020191651456665776,0.00013679341645911336,0.0018823716226033867,0.0020191650390625
770.5,0.0020218342092462177,0.00013679341645911336,0.0018850407582128089,0.002021834174671922
771.0,0.002024503092751402,0.00013679341645911336,0.0018877095250297462,0.0020245029414888596
771.5,0.002027172156331042,0.00013679341645911336,0.0018903786606391684,0.0020271720770982816
772.0,0.0020298412199106822,0.00013679341645911336,0.0018930477962485906,0.002029841212707704
772.5,0.0020325104635647777,0.00013679341645911336,0.0018957169318580128,0.002032510348317126
773.0,0.002035179887293329,0.00013679341645911336,0.0018983864362599199,0.002035179852719033
773.5,0.002037849851245246,0.00013679341645911336,0.001901056309454312,0.0020378497259134253
774.0,0.0020405190948993416,0.00013679341645911336,0.0019037256294599765,0.00204051904591909
774.5,0.002043188698702348,0.00013679341645911336,0.0019063951338618836,0.002043188550320997
775.0,0.0020458581224308994,0.00013679341645911336,0.0019090646382637908,0.002045858054722904
775.5,0.002048527726233906,0.00013679341645911336,0.0019117341426656978,0.002048527559124811
776.0,0.0020511971499624568,0.00013679341645911336,0.0019144036470676049,0.0020511970635267184
776.5,0.0020538667537654634,0.00013679341645911336,0.001917073151469512,0.0020538665679286252
777.0,0.002056536717717381,0.00013679341645911336,0.0019197432090601464,0.00205653662551926
777.5,0.002059206861743754,0.00013679341645911336,0.0019224132666507809,0.0020592066831098942
778.0,0.002061876645621216,0.00013679341645911336,0.001925083139845173,0.0020618765563042863
778.5,0.0020645466095731337,0.00013679341645911336,0.0019277530130395648,0.0020645464294986784
779.0,0.0020672167535995068,0.00013679341645911336,0.0019304232550264417,0.0020672166714855553
779.5,0.0020698867175514245,0.00013679341645911336,0.0019330931282208338,0.002069886544679947
780.0,0.0020725568615777975,0.00013679341645911336,0.0019357633702077107,0.002072556786666824
780.5,0.0020752273657530817,0.00013679341645911336,0.00193843379659083,0.0020752272130499434
781.0,0.0020778975097794548,0.00013679341645911336,0.001941104038577707,0.0020778974550368203
781.5,0.002080567653805828,0.00013679341645911336,0.0019437740961683414,0.0020805675126274546
782.0,0.002083237797832201,0.00013679341645911336,0.0019464443381552183,0.0020832377546143315
782.5,0.002085908302007485,0.00013679341645911336,0.0019491147645383376,0.002085908180997451
783.0,0.0020885786261083134,0.00013679341645911336,0.001951785190921457,0.00208857860738057
783.5,0.0020912494904325087,0.00013679341645911336,0.001954455986097061,0.0020912494025561745
784.0,0.0020939201746822482,0.00013679341645911336,0.001957126596876423,0.0020939200133355362
784.5,0.0020965910390064436,0.00013679341645911336,0.0019597975764482694,0.002096590992907383
785.0,0.002099261723256183,0.00013679341645911336,0.001962468187227631,0.0020992616036867445
785.5,0.0021019327676548337,0.00013679341645911336,0.001965139166799478,0.0021019325832585915
786.0,0.0021046034519045733,0.00013679341645911336,0.001967809961975082,0.0021046033784341955
786.5,0.0021072743162287686,0.00013679341645911336,0.0019704807571506865,0.0021072741736098
787.0,0.002109945180552964,0.00013679341645911336,0.001973151736722533,0.0021099451531816464
787.5,0.00211261640502607,0.00013679341645911336,0.0019758229006906223,0.0021126163171497356
788.0,0.0021152874494247205,0.00013679341645911336,0.001978493880262469,0.002115287296721582
788.5,0.002117958493823371,0.00013679341645911336,0.001981165044230558,0.0021179584606896714
789.0,0.002120629898370933,0.00013679341645911336,0.00198383639259489,0.0021206298090540032
789.5,0.0021233009427695836,0.00013679341645911336,0.0019865073721667364,0.00212330078862585
790.0,0.0021259727074660565,0.00013679341645911336,0.0019891792737197953,0.0021259726901789087
790.5,0.0021286442920880736,0.00013679341645911336,0.0019918508064803693,0.0021286442229394827
791.0,0.0021313158767100908,0.00013679341645911336,0.0019945223392409434,0.0021313157557000567
791.5,0.0021339872812576525,0.00013679341645911336,0.0019971936876052748,0.002133987104064388
792.0,0.002136659406103036,0.00013679341645911336,0.0019998659579508185,0.002136659374409932
792.5,0.0021393320711717866,0.00013679341645911336,0.0020025385970888474,0.002139332013547961
793.0,0.0021420045561660814,0.00013679341645911336,0.0020052110518306338,0.002142004468289747
793.5,0.002144677041160376,0.00013679341645911336,0.0020078835065724197,0.002144676923031533
794.0,0.002147349886303582,0.00013679341645911336,0.002010556330106691,0.002147349746565804
794.5,0.002150022911521243,0.00013679341645911336,0.0020132293380372046,0.002150022754496318
795.0,0.002152695756664449,0.00013679341645911336,0.002015902161571476,0.002152695578030589
795.5,0.002155368601807655,0.00013679341645911336,0.002018575169501989,0.0021553685859611025
796.0,0.002158041266876405,0.00013679341645911336,0.002021247808640018,0.0021580412250991315
796.5,0.0021607142920940666,0.00013679341645911336,0.0020239208165705315,0.002160714233029645
797.0,0.002163387317311728,0.00013679341645911336,0.0020265938245010453,0.0021633872409601586
797.5,0.0021660605226038448,0.00013679341645911336,0.0020292670168278013,0.0021660604332869146
798.0,0.00216873336774705,0.00013679341645911336,0.0020319398403620724,0.002168733256821186
798.5,0.0021714071132625337,0.00013679341645911336,0.002034613585877556,0.0021714070023366693
799.0,0.0021740801384801953,0.00013679341645911336,0.0020372865938080693,0.0021740800102671826
799.5,0.002176753343772312,0.00013679341645911336,0.0020399597861348252,0.0021767532025939386
800.0,0.00217942690921334,0.00013679341645911336,0.0020426333472540665,0.00217942676371318
800.5,0.0021821004746543676,0.00013679341645911336,0.0020453069083733073,0.0021821003248324207
801.0,0.0021847740400953958,0.00013679341645911336,0.002047980469492548,0.0021847738859516615
801.5,0.002187447785610879,0.00013679341645911336,0.0020506542150080316,0.002187447631467145
802.0,0.002190121351051907,0.00013679341645911336,0.0020533277761272724,0.002190121192586386
802.5,0.0021927949164929346,0.00013679341645911336,0.0020560013372465137,0.002192794753705627
803.0,0.002195468662008418,0.00013679341645911336,0.0020586750827619967,0.00219546849922111
803.5,0.002198142587598357,0.00013679341645911336,0.002061349012673723,0.002198142429132836
804.0,0.0022008165131882956,0.00013679341645911336,0.0020640229425854485,0.002200816359044562
804.5,0.002203490258703779,0.00013679341645911336,0.002066696688100932,0.0022034901045600453
805.0,0.0022061640042192626,0.00013679341645911336,0.0020693704336164154,0.0022061638500755288
805.5,0.0022088382899581125,0.00013679341645911336,0.002072044732320626,0.0022088381487797393
806.0,0.002211512755771418,0.00013679341645911336,0.0020747192154210795,0.002211512631880193
806.5,0.0022141872215847235,0.00013679341645911336,0.0020773936985215326,0.002214187114980646
807.0,0.0022168611471746623,0.00013679341645911336,0.0020800676284332582,0.0022168610448923716
807.5,0.002219535252839057,0.00013679341645911336,0.0020827417427412265,0.00221953515920034
808.0,0.0022222098987268175,0.00013679341645911336,0.0020854164102379223,0.0022222098266970356
808.5,0.0022248843645401232,0.00013679341645911336,0.0020880908933383754,0.0022248843097974888
809.0,0.002227558650278973,0.00013679341645911336,0.002090765192042586,0.0022275586085016993
809.5,0.002230232936017823,0.00013679341645911336,0.002093439490746797,0.00223023290720591
810.0,0.002232907581905584,0.00013679341645911336,0.00209611397384725,0.0022329073903063633
810.5,0.0022355831281656224,0.00013679341645911336,0.002098789563325158,0.0022355829797842714
811.0,0.002238258674425661,0.00013679341645911336,0.0021014651528030656,0.002238258569262179
811.5,0.0022409345808346104,0.00013679341645911336,0.0021041411110734585,0.002240934527532572
812.0,0.0022436103071691044,0.00013679341645911336,0.002106816700551366,0.0022436101170104795
812.5,0.002246285853429143,0.00013679341645911336,0.002109492290029274,0.0022462857064883875
813.0,0.002248961579763637,0.00013679341645911336,0.0021121680639034244,0.002248961480362538
813.5,0.002251637306098131,0.00013679341645911336,0.0021148438377775747,0.002251637254236688
814.0,0.002254313572655992,0.00013679341645911336,0.0021175199804442098,0.002254313396903323
814.5,0.0022569894790649414,0.00013679341645911336,0.0021201959387146026,0.002256989355173716
815.0,0.0022596653854738908,0.00013679341645911336,0.0021228718969849955,0.002259665313444109
815.5,0.0022623412918828406,0.00013679341645911336,0.002125547855255388,0.0022623412717145013
816.0,0.002265017558440701,0.00013679341645911336,0.0021282239979220235,0.002265017414381137
816.5,0.002267693644924106,0.00013679341645911336,0.0021309001405886586,0.002267693557047772
817.0,0.0022703699114819667,0.00013679341645911336,0.0021335764676515363,0.0022703698841106497
817.5,0.002273046718263194,0.00013679341645911336,0.002136253163506899,0.002273046579966012
818.0,0.0022757229848210546,0.00013679341645911336,0.0021389294905697766,0.00227572290702889
818.5,0.002278399431453371,0.00013679341645911336,0.002141605817632654,0.002278399234091767
819.0,0.002281076238234598,0.00013679341645911336,0.002144282697884259,0.0022810761143433724
819.5,0.002283752324718003,0.00013679341645911336,0.002146958840550894,0.0022837522570100075
820.0,0.0022864293115736857,0.00013679341645911336,0.0021496357208024993,0.0022864291372616126
820.5,0.0022891059382804573,0.00013679341645911336,0.002152312416657862,0.002289105833116975
821.0,0.002291782384912773,0.00013679341645911336,0.0021549889281169817,0.002291782344576095
821.5,0.002294459551842911,0.00013679341645911336,0.002157665992764829,0.0022944594092239425
822.0,0.002297136538698594,0.00013679341645911336,0.0021603430574126765,0.00229713647387179
822.5,0.0022998135255542767,0.00013679341645911336,0.0021630199376642817,0.002299813354123395
823.0,0.0023024906924844148,0.00013679341645911336,0.0021656971867083717,0.002302490603167485
823.5,0.0023051676793400975,0.00013679341645911336,0.0021683740669599764,0.00230516748341909
824.0,0.0023078446661957803,0.00013679341645911336,0.002171051131607824,0.002307844548066937
824.5,0.0023105216530514626,0.00013679341645911336,0.002173728196255671,0.0023105216127147846
825.0,0.002313199180130512,0.00013679341645911336,0.002176405629696004,0.002313199046155117
825.5,0.002315875986911739,0.00013679341645911336,0.0021790825099476086,0.002315875926406722
826.0,0.0023185533339163326,0.00013679341645911336,0.0021817597589916986,0.002318553175450812
826.5,0.0023212306809209265,0.00013679341645911336,0.002184437192432031,0.002321230608891144
827.0,0.0023239091083722533,0.00013679341645911336,0.0021871155478535753,0.0023239089643126887
827.5,0.0023265877158980355,0.00013679341645911336,0.002189794272067605,0.0023265876885267185
828.0,0.0023292661433493623,0.00013679341645911336,0.0021924726274891496,0.002329266043948263
828.5,0.002331944570800689,0.00013679341645911336,0.002195150982910694,0.0023319443993698075
829.0,0.00233462281817756,0.00013679341645911336,0.0021978293383322386,0.002334622754791352
829.5,0.002337301605777798,0.00013679341645911336,0.002200508062546268,0.0023373014790053813
830.0,0.002339980393378036,0.00013679341645911336,0.0022031867867602973,0.0023399802032194107
830.5,0.002342658820829363,0.00013679341645911336,0.0022058653265780844,0.002342658743037198
831.0,0.002345337788504056,0.00013679341645911336,0.0022085442351883564,0.0023453376516474698
831.5,0.0023480162159553826,0.00013679341645911336,0.0022112227750061436,0.002348016191465257
832.0,0.0023506953637045316,0.00013679341645911336,0.0022139018680126577,0.002350695284471771
832.5,0.0023533745114536803,0.00013679341645911336,0.0022165809610191723,0.0023533743774782857
833.0,0.0023560536592028294,0.00013679341645911336,0.0022192600540256865,0.0023560534704848
833.5,0.0023587326268775227,0.00013679341645911336,0.0022219391470322007,0.002358732563491314
834.0,0.002361411954701127,0.00013679341645911336,0.0022246184244349575,0.002361411840894071
834.5,0.002364091282524731,0.00013679341645911336,0.0022272977018377143,0.0023640911182968277
835.0,0.002366770070124969,0.00013679341645911336,0.0022299766104479863,0.0023667700269070996
835.5,0.0023694495780230288,0.00013679341645911336,0.0022326560722469857,0.002369449488706099
836.0,0.002372128905846633,0.00013679341645911336,0.0022353353496497425,0.002372128766108856
836.5,0.0023748085938191488,0.00013679341645911336,0.002238014995844984,0.0023748084123040975
837.0,0.0023774877415682974,0.00013679341645911336,0.002240694273247741,0.0023774876897068543
837.5,0.0023801676096152683,0.00013679341645911336,0.002243374103839225,0.0023801675202983386
838.0,0.002382847297587784,0.00013679341645911336,0.002246053750034467,0.00238284716649358
838.5,0.00238552734570921,0.00013679341645911336,0.0022487337650221933,0.0023855271814813067
839.0,0.00238820685360727,0.00013679341645911336,0.002251413411217435,0.0023882068276765483
839.5,0.0023908865415797854,0.00013679341645911336,0.0022540930574126766,0.00239088647387179
840.0,0.0023935662295523005,0.00013679341645911336,0.0022567727036079182,0.0023935661200670316
840.5,0.002396246277673727,0.00013679341645911336,0.002259452718595645,0.0023962461350547585
841.0,0.0023989259656462423,0.00013679341645911336,0.0022621323647908868,0.00239892578125
841.5,0.002401605653618758,0.00013679341645911336,0.0022648121953823706,0.002401605611841484
842.0,0.0024042866021124617,0.00013679341645911336,0.00226749313235131,0.002404286548810423
842.5,0.0024069679107550767,0.00013679341645911336,0.0022701744381127334,0.0024069678545718468
843.0,0.00240964849909987,0.00013679341645911336,0.0022728550062891873,0.0024096484227483007
843.5,0.002412330167891396,0.00013679341645911336,0.0022755366808430958,0.002412330097302209
844.0,0.002415011476534011,0.00013679341645911336,0.00227821798660452,0.002415011403063633
844.5,0.0024176924250277148,0.00013679341645911336,0.0022808989235734585,0.002417692340032572
845.0,0.0024203737336703298,0.00013679341645911336,0.002283580229334882,0.0024203736457939955
845.5,0.0024230550423129447,0.00013679341645911336,0.0022862615350963057,0.002423054951555419
846.0,0.0024257363509555597,0.00013679341645911336,0.0022889428408577293,0.0024257362573168427
846.5,0.002428418019747086,0.00013679341645911336,0.002291624515411638,0.0024284179318707516
847.0,0.0024310993283897008,0.00013679341645911336,0.002294305821173062,0.002431099237632175
847.5,0.0024337806370323158,0.00013679341645911336,0.0022969871269344854,0.0024337805433935988
848.0,0.002436462485898297,0.00013679341645911336,0.0022996689858846365,0.00243646240234375
848.5,0.002439144334764279,0.00013679341645911336,0.0023023508448347875,0.002439144261293901
849.0,0.002441826363704716,0.00013679341645911336,0.002305032888181181,0.0024418263046402946
849.5,0.002444508032496242,0.00013679341645911336,0.0023077145627350896,0.002444507979194203
850.0,0.0024471898813622234,0.00013679341645911336,0.0023103964216852407,0.002447189838144354
850.5,0.0024498719103026607,0.00013679341645911336,0.0023130784650316344,0.0024498718814907477
851.0,0.0024525539392430975,0.00013679341645911336,0.0023157603239817855,0.002452553740440899
851.5,0.0024552359681835347,0.00013679341645911336,0.002318442367328179,0.0024552357837872925
852.0,0.0024579181771984273,0.00013679341645911336,0.002321124595070815,0.0024579180115299284
852.5,0.00246060038621332,0.00013679341645911336,0.002323806822813451,0.0024606002392725643
853.0,0.0024632822350793013,0.00013679341645911336,0.002326488681763602,0.0024632820982227153
853.5,0.002465964444094194,0.00013679341645911336,0.002329170909506238,0.0024659643259653512
854.0,0.0024686466531090865,0.00013679341645911336,0.0023318531372488738,0.002468646553707987
854.5,0.0024713294023473455,0.00013679341645911336,0.002334535918180237,0.0024713293346393505
855.0,0.002474011791436694,0.00013679341645911336,0.0023372183303191157,0.002474011746778229
855.5,0.0024766947207494083,0.00013679341645911336,0.0023399011112504786,0.002476694527709592
856.0,0.0024793780102110342,0.00013679341645911336,0.0023425844453705694,0.0024793778618296828
856.5,0.0024820611195982044,0.00013679341645911336,0.0023452675950944176,0.002482061011553531
857.0,0.0024847445891342853,0.00013679341645911336,0.0023479511136107506,0.002484744530069864
857.5,0.002487428238744822,0.00013679341645911336,0.0023506346321270836,0.002487428048586197
858.0,0.0024901117082809033,0.00013679341645911336,0.0023533181506434167,0.00249011156710253
858.5,0.0024927955379658957,0.00013679341645911336,0.002356002037952235,0.0024927954544113483
859.0,0.0024954790075019766,0.00013679341645911336,0.002358685556468568,0.0024954789729276813
859.5,0.0024981630172614244,0.00013679341645911336,0.002361369443777386,0.002498162860236499
860.0,0.0025008472070953275,0.00013679341645911336,0.002364053699878689,0.0025008471163378023
860.5,0.00250353103678032,0.00013679341645911336,0.002366737587187507,0.00250353100364662
861.0,0.0025062150465397677,0.00013679341645911336,0.0023694214744963246,0.002506214890955438
861.5,0.002508899416448126,0.00013679341645911336,0.00237210591499387,0.0025088993314529833
862.0,0.002511583426207574,0.00013679341645911336,0.002374789802302688,0.002511583218761801
862.5,0.0025142674359670217,0.00013679341645911336,0.0023774738740077483,0.0025142672904668617
863.0,0.0025169514457264695,0.00013679341645911336,0.0023801579457128088,0.002516951362171922
863.5,0.0025196358156348284,0.00013679341645911336,0.002382842201814112,0.0025196356182732253
864.0,0.002522320185543187,0.00013679341645911336,0.002385526642311657,0.0025223200587707706
864.5,0.0025250043753770905,0.00013679341645911336,0.00238821089841296,0.0025250043148720733
865.0,0.0025276892855088154,0.00013679341645911336,0.00239089570770299,0.0025276891241621034
865.5,0.0025303740155660855,0.00013679341645911336,0.00239358051699302,0.0025303739334521336
866.0,0.002533058385474444,0.00013679341645911336,0.0023962647730943233,0.0025330581895534367
866.5,0.0025357432956061693,0.00013679341645911336,0.0023989497667805957,0.002535743183239709
867.0,0.002538427305365617,0.00013679341645911336,0.002401633838485656,0.0025384272549447695
867.5,0.002541112395571798,0.00013679341645911336,0.002404318832171929,0.0025411122486310423
868.0,0.002543797125629068,0.00013679341645911336,0.002407003641461959,0.0025437970579210724
868.5,0.0025464829361330705,0.00013679341645911336,0.0024096893727332015,0.002546482789192315
869.0,0.0025491687466370734,0.00013679341645911336,0.0024123752884006866,0.0025491687048598
869.5,0.002551854377066621,0.00013679341645911336,0.0024150608352756864,0.0025518542517347998
870.0,0.0025545403676450794,0.00013679341645911336,0.0024177467509431715,0.002554540167402285
870.5,0.002557226538297993,0.00013679341645911336,0.002420433035403141,0.0025572264518622543
871.0,0.0025599125288764514,0.00013679341645911336,0.002423118951070626,0.0025599123675297394
871.5,0.002562598159305999,0.00013679341645911336,0.0024258046823418685,0.002562598098800982
872.0,0.002565284690107824,0.00013679341645911336,0.0024284911511980806,0.002565284567657194
872.5,0.002567970320537371,0.00013679341645911336,0.002431176698073081,0.002567970114532194
873.0,0.0025706566712647406,0.00013679341645911336,0.002433863166929293,0.0025706565833884063
873.5,0.0025733428419176547,0.00013679341645911336,0.0024365492669930202,0.0025733426834521336
874.0,0.002576029192645024,0.00013679341645911336,0.0024392357358492328,0.002576029152308346
874.5,0.00257871608359576,0.00013679341645911336,0.0024419225734979297,0.002578715989957043
875.0,0.002581402614397585,0.00013679341645911336,0.002444609042354142,0.002581402458813255
875.5,0.0025840886049760432,0.00013679341645911336,0.002447295142417869,0.0025840885588769825
876.0,0.0025867756760012345,0.00013679341645911336,0.0024499821644628087,0.002586775580921922
876.5,0.002589462386877515,0.00013679341645911336,0.0024526688177152634,0.0025894622341743768
877.0,0.0025921490977537957,0.00013679341645911336,0.002455355470967718,0.0025921488874268315
877.5,0.002594835808630076,0.00013679341645911336,0.0024580423086164155,0.002594835725075529
878.0,0.0025975225195063564,0.00013679341645911336,0.00246072896186887,0.002597522378327983
878.5,0.0026002094104570924,0.00013679341645911336,0.0024634157995175672,0.0026002092159766806
879.0,0.002602896121333373,0.00013679341645911336,0.002466102637166264,0.0026028960536253775
879.5,0.00260558337243302,0.00013679341645911336,0.0024687898436074464,0.0026055832600665597
880.0,0.0026082704434582113,0.00013679341645911336,0.002471476865652386,0.0026082702821114993
880.5,0.002610958234781225,0.00013679341645911336,0.002474164625282295,0.0026109580417414085
881.0,0.0026136462061786938,0.00013679341645911336,0.0024768527537046897,0.002613646170163803
881.5,0.0026163347177995296,0.00013679341645911336,0.0024795412509195686,0.002616334667378682
882.0,0.0026190223290480878,0.00013679341645911336,0.0024822288261532356,0.002619022242612349
882.5,0.0026217106605944678,0.00013679341645911336,0.0024849171389718723,0.0026217105554309857
883.0,0.002624399352289759,0.00013679341645911336,0.002487605820582994,0.002624399237042107
883.5,0.002627087503761683,0.00013679341645911336,0.0024902939490053884,0.0026270873654645017
884.0,0.002629775655233608,0.00013679341645911336,0.0024929820774277824,0.002629775493886896
884.5,0.002632463986779988,0.00013679341645911336,0.002495670390246419,0.0026324638067055325
885.0,0.00263515303862419,0.00013679341645911336,0.0024983594406500255,0.002635152857109139
885.5,0.0026378411900961148,0.00013679341645911336,0.00250104756907242,0.0026378409855315334
886.0,0.0026405293415680394,0.00013679341645911336,0.0025037358818910567,0.00264052929835017
886.5,0.0026432180332633306,0.00013679341645911336,0.0025064245635021782,0.0026432179799612916
887.0,0.002645906544884166,0.00013679341645911336,0.002509113060717057,0.0026459064771761705
887.5,0.0026485955967283682,0.00013679341645911336,0.002511802111120664,0.0026485955275797773
888.0,0.0026512844684981147,0.00013679341645911336,0.0025144909771280277,0.002651284393587141
888.5,0.002653973160193406,0.00013679341645911336,0.0025171796587391496,0.002653973075198263
889.0,0.0026566623921120635,0.00013679341645911336,0.0025198688935389986,0.002656662309998112
889.5,0.002659351624030721,0.00013679341645911336,0.002522558128338847,0.0026593515447979606
890.0,0.0026620404958004676,0.00013679341645911336,0.0025252469943462114,0.0026620404108053247
890.5,0.00266472954764467,0.00013679341645911336,0.0025279360447498177,0.002664729461208931
891.0,0.0026674184194144164,0.00013679341645911336,0.002530624910757182,0.0026674183272162953
891.5,0.0026701078314075298,0.00013679341645911336,0.0025333143299532735,0.002670107746412387
892.0,0.002672798323847376,0.00013679341645911336,0.002536004855526819,0.0026727982719859326
892.5,0.0026754886362127667,0.00013679341645911336,0.0025386950123078805,0.002675488428766994
893.0,0.002678178768503702,0.00013679341645911336,0.002541385169088942,0.002678178585548055
893.5,0.002680868900794637,0.00013679341645911336,0.002544075325870003,0.0026808687423291165
894.0,0.002683559213160028,0.00013679341645911336,0.0025467656670473066,0.00268355908350642
894.5,0.0026862495255254187,0.00013679341645911336,0.00254945600822461,0.0026862494246837234
895.0,0.0026889398378908093,0.00013679341645911336,0.002552146349401914,0.0026889397658610274
895.5,0.0026916303303306556,0.00013679341645911336,0.0025548368749754597,0.002691630291434573
896.0,0.002694321182919413,0.00013679341645911336,0.0025575275849452485,0.002694321001404362
896.5,0.0026970114952848036,0.00013679341645911336,0.002560217926122552,0.0026970113425816653
897.0,0.00269970198772465,0.00013679341645911336,0.002562908451696098,0.0026997018681552114
897.5,0.002702393380536774,0.00013679341645911336,0.0025655998992508565,0.00270239331570997
898.0,0.0027050840530510756,0.00013679341645911336,0.0025682904248244026,0.002705083841283516
898.5,0.0027077749056398327,0.00013679341645911336,0.0025709813191904336,0.002707774735649547
899.0,0.00271046575822859,0.00013679341645911336,0.0025736722135564646,0.002710465630015578
899.5,0.002713156430742892,0.00013679341645911336,0.002576362923526253,0.0027131563399853662
900.0,0.0027158471032571936,0.00013679341645911336,0.0025790536334960416,0.002715847049955155
900.5,0.0027185388562182286,0.00013679341645911336,0.0025817452654470423,0.0027185386819061556
901.0,0.002721230068955897,0.00013679341645911336,0.002584436528605558,0.0027212299450646714
901.5,0.0027239209215446543,0.00013679341645911336,0.002587127422971589,0.0027239208394307024
902.0,0.0027266124944312336,0.00013679341645911336,0.0025898188705263474,0.002726612286985461
902.5,0.0027293035270944464,0.00013679341645911336,0.0025925099492886206,0.002729303365747734
903.0,0.0027319961804277587,0.00013679341645911336,0.002595202687617076,0.0027319961040761895
903.5,0.0027346886536866156,0.00013679341645911336,0.002597895057153047,0.00273468847361216
904.0,0.002737380586722106,0.00013679341645911336,0.0026005870578965323,0.0027373804743556457
904.5,0.002740073420129874,0.00013679341645911336,0.002603279796224988,0.0027400732126841012
905.0,0.00274276553323982,0.00013679341645911336,0.002605971981364716,0.0027427653978238293
905.5,0.0027454578264242213,0.00013679341645911336,0.0026086643509006867,0.0027454577673598
906.0,0.0027481506598319894,0.00013679341645911336,0.002611357089229142,0.002748150505688255
906.5,0.0027508433131653016,0.00013679341645911336,0.0026140498275575973,0.0027508432440167107
907.0,0.0027535357864241585,0.00013679341645911336,0.002616742197093568,0.0027535356135526814
907.5,0.002756228439757471,0.00013679341645911336,0.002619434935422023,0.0027562283518811365
908.0,0.002758921273165239,0.00013679341645911336,0.0026221276737504787,0.002758921090209592
908.5,0.002761614466721918,0.00013679341645911336,0.0026248209652676617,0.002761614381726775
909.0,0.0027643074802041413,0.00013679341645911336,0.0026275138879923595,0.002764307304451473
909.5,0.002766999773388543,0.00013679341645911336,0.00263020625752833,0.0027669996739874436
910.0,0.0027696933270941328,0.00013679341645911336,0.0026328997334417554,0.0027696931499008688
910.5,0.0027723858003529897,0.00013679341645911336,0.0026355922873739683,0.0027723857038330817
911.0,0.00277507935405858,0.00013679341645911336,0.0026382857632873936,0.002775079179746507
911.5,0.0027777725476152587,0.00013679341645911336,0.002640979054804576,0.0027777724712636895
912.0,0.0027804661013208485,0.00013679341645911336,0.0026436725307180014,0.0027804659471771147
912.5,0.002783158754654161,0.00013679341645911336,0.002646365269046457,0.0027831586855055703
913.0,0.0027858521282852957,0.00013679341645911336,0.0026490585605636395,0.002785851977022753
913.5,0.002788546762437619,0.00013679341645911336,0.0026517531428545196,0.002788546559313633
914.0,0.0027912410364410306,0.00013679341645911336,0.002654447540749157,0.0027912409572082705
914.5,0.0027939358506678096,0.00013679341645911336,0.0026571423074362795,0.002793935723895393
915.0,0.0027966304848201324,0.00013679341645911336,0.002659836889727159,0.0027966303061862726
915.5,0.0027993243986746334,0.00013679341645911336,0.002662530918829312,0.0027993243352884252
916.0,0.0028020193929758678,0.00013679341645911336,0.002665225869912677,0.00280201928637179
916.5,0.0028047138470537352,0.00013679341645911336,0.002667920267807314,0.0028047136842664273
917.0,0.0028074084812060585,0.00013679341645911336,0.002670614850098194,0.0028074082665573074
917.5,0.0028101031153583813,0.00013679341645911336,0.0026733096167853164,0.0028101030332444298
918.0,0.0028127977495107045,0.00013679341645911336,0.002676004199076196,0.0028127976155353095
918.5,0.002815492563737483,0.00013679341645911336,0.0026786989657633185,0.002815492382222432
919.0,0.002818187918187628,0.00013679341645911336,0.0026813942856391683,0.0028181877020982816
919.5,0.002820882732414407,0.00013679341645911336,0.0026840892367225332,0.0028208826531816466
920.0,0.0028235775466411857,0.00013679341645911336,0.0026867840034096556,0.002823577419868769
920.5,0.002826272721016875,0.00013679341645911336,0.0026894791388892628,0.002826272555348376
921.0,0.0028289677153181094,0.00013679341645911336,0.0026921740899726277,0.002828967506431741
921.5,0.002831662529544888,0.00013679341645911336,0.0026948690410559923,0.0028316624575151056
922.0,0.0028343577039205777,0.00013679341645911336,0.0026975641765355995,0.002834357592994713
922.5,0.0028370528782962674,0.00013679341645911336,0.002700259312015207,0.0028370527284743204
923.0,0.0028397485928953236,0.00013679341645911336,0.0027029550006835413,0.0028397484171426546
923.5,0.0028424446676432904,0.00013679341645911336,0.002705651058144361,0.0028424444746034745
924.0,0.0028451407423912578,0.00013679341645911336,0.0027083471156051806,0.002845140532064294
924.5,0.0028478377175115027,0.00013679341645911336,0.002711044095047212,0.0028478375115063253
925.0,0.0028505341524083807,0.00013679341645911336,0.0027137405213005167,0.00285053393775963
925.5,0.002853230587305259,0.00013679341645911336,0.002716436947553821,0.0028532303640129344
926.0,0.0028559273823510482,0.00013679341645911336,0.00271913374259961,0.0028559271590587235
926.5,0.0028586238172479267,0.00013679341645911336,0.002721830353249157,0.0028586237697082705
927.0,0.0028613202521448047,0.00013679341645911336,0.0027245267795024614,0.0028613201959615748
927.5,0.0028640172272650496,0.00013679341645911336,0.002727223758944493,0.0028640171754036065
928.0,0.002866713662161928,0.00013679341645911336,0.0027299201851977975,0.002866713601656911
928.5,0.0028694108173566283,0.00013679341645911336,0.002732617349036072,0.0028694107654951852
929.0,0.002872107432327962,0.00013679341645911336,0.0027353139596856184,0.0028721073761447317
929.5,0.0028748042273737512,0.00013679341645911336,0.002738010754731408,0.0028748041711905213
930.0,0.0028775017427173626,0.00013679341645911336,0.0027407081029659245,0.002877501519425038
930.5,0.0028801985377631518,0.00013679341645911336,0.0027434048980117137,0.002880198314470827
931.0,0.002882895692957852,0.00013679341645911336,0.0027461020618499876,0.002882895478309101
931.5,0.0028855928481525523,0.00013679341645911336,0.002748799225688262,0.0028855926421473754
932.0,0.002888289643198342,0.00013679341645911336,0.002751496020734051,0.0028882894371931645
932.5,0.0028909869784674975,0.00013679341645911336,0.0027541933689685678,0.002890986785427681
933.0,0.002893685214108931,0.00013679341645911336,0.0027568916391842967,0.00289368505564341
933.5,0.0028963834497503643,0.00013679341645911336,0.0027595899094000256,0.002896383325859139
934.0,0.002899081685391798,0.00013679341645911336,0.0027622881796157545,0.002899081596074868
934.5,0.002901779740958776,0.00013679341645911336,0.0027649862654352407,0.002901779681894354
935.0,0.00290447833674912,0.00013679341645911336,0.0027676847200472122,0.0029044781365063256
935.5,0.0029071772926883756,0.00013679341645911336,0.002770383727847911,0.002907177144307024
936.0,0.0029098757084042646,0.00013679341645911336,0.002773082182459882,0.0029098755989189953
936.5,0.002912574124120153,0.00013679341645911336,0.0027757806370718534,0.002912574053530967
937.0,0.0029152727199104975,0.00013679341645911336,0.0027784790916838245,0.002915272508142938
937.5,0.0029179711356263865,0.00013679341645911336,0.002781177546295796,0.0029179709627549094
938.0,0.002920670091565642,0.00013679341645911336,0.0027838765540964946,0.002920669970555608
938.5,0.0029233686873559863,0.00013679341645911336,0.0027865751931047083,0.0029233686095638217
939.0,0.0029260678233696976,0.00013679341645911336,0.002789274200905407,0.0029260676173645203
939.5,0.002928767139457864,0.00013679341645911336,0.0027919735774985907,0.002928766993957704
940.0,0.0029314655551737527,0.00013679341645911336,0.002794672032110562,0.002931465448569675
940.5,0.0029341650513363747,0.00013679341645911336,0.002797371408703745,0.0029341648251628586
941.0,0.00293686400727563,0.00013679341645911336,0.002800070416504444,0.0029368638329635576
941.5,0.0029395633233637967,0.00013679341645911336,0.0028027697930976276,0.002939563209556741
942.0,0.002942262279303052,0.00013679341645911336,0.002805468800898326,0.0029422622173574395
942.5,0.0029449623156890406,0.00013679341645911336,0.002808168730680237,0.0029449621471393504
943.0,0.0029476621720005737,0.00013679341645911336,0.002810868660462148,0.0029476620769212612
943.5,0.0029503625685354733,0.00013679341645911336,0.0028135689590365436,0.002950362375495657
944.0,0.0029530627849959174,0.00013679341645911336,0.0028162692576109397,0.002953062674070053
944.5,0.0029557633616052723,0.00013679341645911336,0.0028189697405815776,0.002955763157040691
945.0,0.0029584635780657165,0.00013679341645911336,0.0028216700391559737,0.002958463455615087
945.5,0.002961163614451705,0.00013679341645911336,0.0028243699689378845,0.002961163385396998
946.0,0.0029638643711355156,0.00013679341645911336,0.0028270708207010077,0.002963864237160121
946.5,0.002966564947744871,0.00013679341645911336,0.0028297713036716456,0.002966564720130759
947.0,0.0029692653442797705,0.00013679341645911336,0.002832471786642284,0.0029692652031013973
947.5,0.00297196574081467,0.00013679341645911336,0.0028351722696129222,0.0029719656860720356
948.0,0.0029746664974984807,0.00013679341645911336,0.0028378729369798027,0.002974666353438916
948.5,0.0029773674342567467,0.00013679341645911336,0.002840573788742926,0.0029773672052020392
949.0,0.0029800683710150128,0.00013679341645911336,0.0028432748249022917,0.002980068241361405
949.5,0.0029827693077732788,0.00013679341645911336,0.0028459756766654144,0.0029827690931245278
950.0,0.0029854700644570895,0.00013679341645911336,0.0028486765284285375,0.002985469944887651
950.5,0.0029881708211409,0.00013679341645911336,0.0028513771957954185,0.002988170612254532
951.0,0.002990871937973622,0.00013679341645911336,0.0028540784163510265,0.00299087183281014
951.5,0.002993574675476443,0.00013679341645911336,0.002856781112076574,0.002993574528535687
952.0,0.0029962765126069868,0.00013679341645911336,0.0028594828858209092,0.0029962763022800226
952.5,0.0029989785298119857,0.00013679341645911336,0.0028621850283577295,0.002998978444816843
953.0,0.00300168036694253,0.00013679341645911336,0.002864886802102065,0.0030016802185611783
953.5,0.00300438274429644,0.00013679341645911336,0.0028675891290351275,0.003004382545494241
954.0,0.0030070849415758947,0.00013679341645911336,0.0028702914559681904,0.0030070848724273037
954.5,0.0030097869587808936,0.00013679341645911336,0.002872993414108768,0.0030097868305678814
955.0,0.003012489696283715,0.00013679341645911336,0.0028756961098343158,0.003012489526293429
955.5,0.0030151917134887143,0.00013679341645911336,0.0028783980679748934,0.0030151914844340068
956.0,0.0030178937306937132,0.00013679341645911336,0.0028811002105117137,0.003017893626970827
956.5,0.003020596468196535,0.00013679341645911336,0.0028838029062372614,0.003020596322696375
957.0,0.003023299205699356,0.00013679341645911336,0.0028865057863590514,0.0030232992028181647
957.5,0.0030260021232766327,0.00013679341645911336,0.0028892084820845987,0.003026001898543712
958.0,0.0030287043205560874,0.00013679341645911336,0.0028919108090176616,0.003028704225476775
958.5,0.003031406517835542,0.00013679341645911336,0.002894613135950724,0.0030314065524098374
959.0,0.003034110155710641,0.00013679341645911336,0.0028973165692612415,0.003034109985720355
959.5,0.003036812713139007,0.00013679341645911336,0.0029000190805905466,0.00303681249704966
960.0,0.0030395159908651946,0.00013679341645911336,0.002902722513901064,0.0030395159303601774
960.5,0.0030422199888892046,0.00013679341645911336,0.002905426500400309,0.0030422199168594222
961.0,0.0030449236267643034,0.00013679341645911336,0.0029081299337108263,0.0030449233501699396
961.5,0.003047627624788313,0.00013679341645911336,0.0029108341046063134,0.0030476275210654267
962.0,0.003050331622812323,0.00013679341645911336,0.0029135380911055582,0.0030503315075646716
962.5,0.003053035980985244,0.00013679341645911336,0.0029162422620010453,0.0030530356784601587
963.0,0.0030557396188603428,0.00013679341645911336,0.0029189460641040475,0.003055739480563161
963.5,0.0030584436168843527,0.00013679341645911336,0.0029216502349995346,0.003058443651458648
964.0,0.0030611483352061845,0.00013679341645911336,0.0029243547746875065,0.00306114819114662
964.5,0.0030638519730812833,0.00013679341645911336,0.002927058576790509,0.0030638519932496226
965.0,0.003066556691403115,0.00013679341645911336,0.0029297633008747233,0.0030665567173338367
965.5,0.0030692614097249473,0.00013679341645911336,0.002932468024958938,0.003069261441418051
966.0,0.003071966128046779,0.00013679341645911336,0.00293517256464691,0.0030719659811060235
966.5,0.003074670846368611,0.00013679341645911336,0.002937877104334882,0.0030746705207939954
967.0,0.003077374844392621,0.00013679341645911336,0.0029405814596266118,0.003077374876085725
967.5,0.003080079202565542,0.00013679341645911336,0.0029432858149183415,0.003080079231377455
968.0,0.0030827839208873737,0.00013679341645911336,0.0029459903546063134,0.0030827837710654267
968.5,0.003085488279060295,0.00013679341645911336,0.0029486948942942853,0.0030854883107533987
969.0,0.0030881940778288595,0.00013679341645911336,0.00295140035596347,0.0030881937724225833
969.5,0.0030908998765974247,0.00013679341645911336,0.002954106186425139,0.0030908996028842523
970.0,0.0030936049550681676,0.00013679341645911336,0.002956811463698081,0.0030936048801571943
970.5,0.0030963107538367327,0.00013679341645911336,0.0029595171097635074,0.0030963105262226207
971.0,0.0030990169127542086,0.00013679341645911336,0.0029622233090176617,0.003099016725476775
971.5,0.0031017227115227738,0.00013679341645911336,0.0029649291394793307,0.003101722555938444
972.0,0.0031044285102913385,0.00013679341645911336,0.0029676349699409997,0.003104428386400113
972.5,0.003107135029357726,0.00013679341645911336,0.002970341537987639,0.003107134954446752
973.0,0.00310984046797738,0.00013679341645911336,0.002973046999656823,0.0031098404161159364
973.5,0.0031125462667459447,0.00013679341645911336,0.0029757528301184925,0.003112546246577606
974.0,0.003115252425663421,0.00013679341645911336,0.0029784590293726464,0.0031152524458317597
974.5,0.003117958944729808,0.00013679341645911336,0.0029811652286268007,0.003117958645085914
975.0,0.003120665103647284,0.00013679341645911336,0.0029838714278809545,0.003120664844340068
975.5,0.003123371982862582,0.00013679341645911336,0.0029865783647200785,0.003123371781179192
976.0,0.003126078141780058,0.00013679341645911336,0.0029892845639742324,0.0031260779804333457
976.5,0.003128784660846445,0.00013679341645911336,0.0029919911320208715,0.003128784548479985
977.0,0.0031314915400617433,0.00013679341645911336,0.0029946980688599955,0.003131491485319109
977.5,0.0031341994997237744,0.00013679341645911336,0.002997406112076574,0.0031341995285356873
978.0,0.0031369070992368947,0.00013679341645911336,0.0030001134177081827,0.003136906834167296
978.5,0.0031396143386011035,0.00013679341645911336,0.0030028207233397915,0.003139614139798905
979.0,0.003142321938114224,0.00013679341645911336,0.003005528397763885,0.0031423218142229985
979.5,0.003145029177478433,0.00013679341645911336,0.003008235703395494,0.0031450291198546073
980.0,0.003147737137140464,0.00013679341645911336,0.0030109437466120724,0.0031477371630711857
980.5,0.0031504450968024953,0.00013679341645911336,0.003013651421036166,0.0031504448374952794
981.0,0.0031531523361667045,0.00013679341645911336,0.003016358726667775,0.003153152143126888
981.5,0.0031558602958287356,0.00013679341645911336,0.0030190667698843533,0.0031558601863434666
982.0,0.003158567895341856,0.00013679341645911336,0.003021774444308447,0.0031585678607675602
982.5,0.003161275494854976,0.00013679341645911336,0.0030244817499400557,0.003161275166399169
983.0,0.0031639838146659185,0.00013679341645911336,0.0030271901619491194,0.0031639835784082328
983.5,0.0031666921344768607,0.00013679341645911336,0.0030298985739581827,0.003166691990417296
984.0,0.0031693993738410695,0.00013679341645911336,0.0030326058795897915,0.003169399296048905
984.5,0.003172108053800923,0.00013679341645911336,0.0030353146603913396,0.003172108076850453
985.0,0.003174816373611865,0.00013679341645911336,0.0030380227036079185,0.003174816120067032
985.5,0.0031775250535717183,0.00013679341645911336,0.0030407314844094666,0.00317752490086858
986.0,0.0031802340936804827,0.00013679341645911336,0.0030434406340035,0.0031802340504626134
986.5,0.003182944574384891,0.00013679341645911336,0.003046150889974988,0.0031829443064341012
987.0,0.0031856536144936553,0.00013679341645911336,0.0030488600395690213,0.0031856534560281346
987.5,0.0031883626546024197,0.00013679341645911336,0.003051569189163054,0.0031883626056221676
988.0,0.003191073135306828,0.00013679341645911336,0.003054279445134542,0.0031910728615936555
988.5,0.0031937821754155923,0.00013679341645911336,0.0030569885947285755,0.003193782011187689
989.0,0.0031964915756732674,0.00013679341645911336,0.0030596981131150937,0.003196491529574207
989.5,0.003199201336079854,0.00013679341645911336,0.003062407631501612,0.0031992010479607253
990.0,0.003201910376188618,0.00013679341645911336,0.003065116781095645,0.0032019101975547582
990.5,0.0032046197764462937,0.00013679341645911336,0.003067826299482163,0.0032046197159412764
991.0,0.003207329897001791,0.00013679341645911336,0.003070536186661166,0.0032073296031202795
991.5,0.003210039297259466,0.00013679341645911336,0.0030732457050476844,0.0032100391215067977
992.0,0.0032127486975171413,0.00013679341645911336,0.003075955223434202,0.0032127486398933155
992.5,0.00321545917822155,0.00013679341645911336,0.0030786654794056905,0.003215458895864804
993.0,0.0032181696589259584,0.00013679341645911336,0.003081376104169663,0.0032181695206287765
993.5,0.0032208804997792776,0.00013679341645911336,0.0030840870977261207,0.003220880514185234
994.0,0.003223591700781508,0.00013679341645911336,0.0030867980912825787,0.003223591507741692
994.5,0.0032263273919096885,0.00013679341645911336,0.0030895337939355243,0.0032263272103946377
995.0,0.0032304557788768204,0.00013679341645911336,0.0030936620570114304,0.0032304554734705437
995.5,0.003235179852142795,0.00013679341645911336,0.003098386288742926,0.0032351797052020395
996.0,0.003239905726153325,0.00013679341645911336,0.0031031119956443608,0.003239905412103474
996.5,0.0032446334009084096,0.00013679341645911336,0.0031078399153007053,0.0032446333317598186
997.0,0.00324936287640805,0.00013679341645911336,0.0031125693101269896,0.003249362726586103
997.5,0.0032540959533968,0.00013679341645911336,0.003117302392878122,0.0032540958093372355
998.0,0.0032588301108322833,0.00013679341645911336,0.00312203658200671,0.0032588299984658235
998.5,0.003263564628416678,0.00013679341645911336,0.0031267711399277824,0.003263564556386896
999.0,0.0032683034677880047,0.00013679341645911336,0.003131509754566189,0.003268303171025302
999.5,0.0032730423071593317,0.00013679341645911336,0.00313624873799708,0.0032730421544561934
1000.0,0.003277784027721947,0.00013679341645911336,0.0031409903029753655,0.003277783719434479
1000.5,0.003282526828731295,0.00013679341645911336,0.0031457333431235907,0.003282526759582704
1001.0,0.0032872725109319312,0.00013679341645911336,0.0031504789648192097,0.003287272381278323
1001.5,0.0032920196337282116,0.00013679341645911336,0.003155226061684769,0.0032920194781438823
1002.0,0.0032967689174179583,0.00013679341645911336,0.003159975371305237,0.0032967687877643505
1002.5,0.003301519641703349,0.00013679341645911336,0.0031647261560956447,0.003301519572554758
1003.0,0.0033062732471800284,0.00013679341645911336,0.003169479522433447,0.0033062729388925603
1003.5,0.0033110279331034402,0.00013679341645911336,0.0031742343639411886,0.003311027780400302
1004.0,0.0033157855002181407,0.00013679341645911336,0.003178991786996325,0.003315785203455438
1004.5,0.003320543787630663,0.00013679341645911336,0.003183750316428915,0.0033205437328880285
1005.0,0.0033253045960855627,0.00013679341645911336,0.0031885110586164153,0.0033253044750755287
1005.5,0.0033300672052850176,0.00013679341645911336,0.0031932736447663397,0.003330067061225453
1006.0,0.0033348305347822944,0.00013679341645911336,0.003198036968501234,0.0033348303849603475
1006.5,0.0033395956650241264,0.00013679341645911336,0.0032028021361985527,0.003339595552657666
1007.0,0.0033443625960105135,0.00013679341645911336,0.003207569147858296,0.0033443625643174092
1007.5,0.003349131687890367,0.00013679341645911336,0.0032123380034804637,0.003349131419939577
1008.0,0.0033539040211104194,0.00013679341645911336,0.00321711054702748,0.0033539039634865936
1008.5,0.003358677074628294,0.00013679341645911336,0.003221883459366982,0.0033586768758260954
1009.0,0.003363451928890724,0.00013679341645911336,0.003226658215668908,0.0033634516321280213
1009.5,0.0033682275034509755,0.00013679341645911336,0.0032314340783482884,0.0033682274948074018
1010.0,0.0033730070396492486,0.00013679341645911336,0.003236213628952518,0.0033730070454116314
1010.5,0.003377788376592077,0.00013679341645911336,0.0032409946547266874,0.003377788071185801
1011.0,0.0033825704338327277,0.00013679341645911336,0.003245776786878311,0.0033825702033374243
1011.5,0.003387355372264666,0.00013679341645911336,0.0032505618693698143,0.0033873552858289277
1012.0,0.00339214211144116,0.00013679341645911336,0.0032553484270312566,0.00339214184349037
1012.5,0.0033969302912132977,0.00013679341645911336,0.003260136828655124,0.0033969302451142373
1013.0,0.003401721352176724,0.00013679341645911336,0.003264927811826385,0.0034017212282854985
1013.5,0.003406513493586883,0.00013679341645911336,0.0032697199013751012,0.0034065133178342146
1014.0,0.0034113085161883304,0.00013679341645911336,0.0032745149412636964,0.0034113083577228098
1014.5,0.003416104619236511,0.00013679341645911336,0.003279311087529746,0.0034161045039888594
1015.0,0.0034209028831781577,0.00013679341645911336,0.003284109446550705,0.0034209028630098185
1015.5,0.003425703668162182,0.00013679341645911336,0.003288910018326574,0.0034257034347856875
1016.0,0.003430505533592939,0.00013679341645911336,0.003293712065272382,0.0034305054817314953
1016.5,0.003435310280214984,0.00013679341645911336,0.0032985166937655845,0.003435310110224698
1017.0,0.0034401164674326733,0.00013679341645911336,0.0033033227974287264,0.0034401162138878397
1017.5,0.0034449244553949178,0.00013679341645911336,0.003308130745054293,0.003444924161513406
1018.0,0.0034497346042506286,0.00013679341645911336,0.0033129409054347687,0.003449734321893882
1018.5,0.0034545472741487164,0.00013679341645911336,0.003317753647362639,0.0034545470638217522
1019.0,0.0034593621049402706,0.00013679341645911336,0.0033225686020454184,0.003459362018504532
1019.5,0.0034641787364763795,0.00013679341645911336,0.0033273850318981373,0.0034641784483572507
1020.0,0.003468996448459222,0.00013679341645911336,0.003332202936920796,0.0034689963533799093
1020.5,0.0034738163213355305,0.00013679341645911336,0.0033370226859058792,0.0034738161023649926
1021.0,0.0034786390754031273,0.00013679341645911336,0.003341845385230841,0.0034786388016899545
1021.5,0.003483462549768546,0.00013679341645911336,0.0033466688221407736,0.003483462238599887
1022.0,0.0034882889053252527,0.00013679341645911336,0.0033514952093905846,0.003488288625849698
1022.5,0.003493116701477604,0.00013679341645911336,0.0033563230718103355,0.003493116488269449
1023.0,0.003497944857778866,0.00013679341645911336,0.0033611513030225707,0.003497944719481684
1023.5,0.0035027755351225054,0.00013679341645911336,0.0033659821157822007,0.003502775532241314
1024.0,0.003507607653061789,0.00013679341645911336,0.0033708140349192855,0.003507607451378399
1024.5,0.0035124422920434495,0.00013679341645911336,0.0033756485356037642,0.0035124419520628776
1025.0,0.0035172787317696657,0.00013679341645911336,0.0033804852490431523,0.0035172786655022657
1025.5,0.0035221173323893473,0.00013679341645911336,0.003385323806444965,0.0035221172229040784
1026.0,0.0035269573736046735,0.00013679341645911336,0.0033901638390167175,0.003526957255475831
1026.5,0.003531799935862377,0.00013679341645911336,0.003395006453135864,0.003531799869594977
1027.0,0.0035366442988646355,0.00013679341645911336,0.0033998505424249503,0.0035366439588840636
1027.5,0.0035414908227603603,0.00013679341645911336,0.0034046972132614306,0.003541490629720544
1028.0,0.003546338427102818,0.00013679341645911336,0.0034095449904753654,0.0035463384069344787
1028.5,0.0035511885524876527,0.00013679341645911336,0.00341439498044421,0.0035511883969033234
1029.0,0.003556041198914865,0.00013679341645911336,0.0034192475519604485,0.003556040968419562
1029.5,0.0035608960062355434,0.00013679341645911336,0.0034241023362315964,0.00356089575269071
1030.0,0.0035657526143007766,0.00013679341645911336,0.003428958964465169,0.0035657523809242823
1030.5,0.0035706106629616544,0.00013679341645911336,0.003433817067868681,0.0035706104843277946
1031.0,0.003575470512367087,0.00013679341645911336,0.0034386770152346176,0.003575470431693731
1031.5,0.003580333242963808,0.00013679341645911336,0.0034435395441479487,0.003580332960607062
1032.0,0.0035851970540072622,0.00013679341645911336,0.003448403548231219,0.0035851969646903325
1032.5,0.0035900637462420045,0.00013679341645911336,0.0034532701338618834,0.0035900635503209968
1033.0,0.00359493151892348,0.00013679341645911336,0.003458137825870003,0.0035949312423291164
1033.5,0.0035998014524984217,0.00013679341645911336,0.0034630077306330317,0.003599801147092145
1034.0,0.0036046739071157402,0.00013679341645911336,0.0034678802169434545,0.003604673633402568
1034.5,0.0036095478023287033,0.00013679341645911336,0.003472754178423817,0.0036095475948829305
1035.0,0.0036144238584351323,0.00013679341645911336,0.003477630352659089,0.0036144237691182026
1035.5,0.0036193024355839387,0.00013679341645911336,0.0034825087396492703,0.0036193021561083836
1036.0,0.003624182093179478,0.00013679341645911336,0.003487388601809391,0.0036241820182685044
1036.5,0.0036290642718173945,0.00013679341645911336,0.0034922706767244213,0.0036290640931835347
1037.0,0.0036339486113487773,0.00013679341645911336,0.003497154964394361,0.0036339483808534743
1037.5,0.0036388347516247152,0.00013679341645911336,0.003502041096026725,0.0036388345124858386
1038.0,0.0036437234129430302,0.00013679341645911336,0.0035069298092064833,0.0036437232256655966
1038.5,0.0036486131547080786,0.00013679341645911336,0.0035118196287636963,0.0036486130452228096
1039.0,0.003653505057366593,0.00013679341645911336,0.003516711292283334,0.0036535047087424472
1039.5,0.0036583994810674846,0.00013679341645911336,0.0035216059061428506,0.003658399322601964
1040.0,0.0036632957055129315,0.00013679341645911336,0.0035265019951723066,0.00366329541163142
1040.5,0.0036681951712985773,0.00013679341645911336,0.003531401403334127,0.0036681948197932403
1041.0,0.003673094997233134,0.00013679341645911336,0.003536301549080917,0.0036730949655400303
1041.5,0.0036779969840611574,0.00013679341645911336,0.003541203538790131,0.0036779969552492445
1042.0,0.003682901491931558,0.00013679341645911336,0.003546107741254255,0.0036829011577133685
1042.5,0.0036878078005465136,0.00013679341645911336,0.0035510141564732887,0.003687807572932402
1043.0,0.0036927159099060243,0.00013679341645911336,0.0035559224156547463,0.0036927158321138596
1043.5,0.0036976261801590013,0.00013679341645911336,0.0035608325187986285,0.003697625935257742
1044.0,0.003702538251156533,0.00013679341645911336,0.0035657448346974197,0.003702538251156533
1044.5,0.0037074528431964423,0.00013679341645911336,0.003570659363351121,0.003707452779810234
1045.0,0.003712370676576551,0.00013679341645911336,0.0035755772111371858,0.003712370627596299
1045.5,0.0037172906708501257,0.00013679341645911336,0.0035804969028856754,0.0037172903193447887
1046.0,0.0037222121057193447,0.00013679341645911336,0.003585418438596589,0.0037222118550557025
1046.5,0.0037271357014820295,0.00013679341645911336,0.0035903421870624123,0.0037271356035215256
1047.0,0.003732061818287092,0.00013679341645911336,0.003595268148283145,0.0037320615647422582
1047.5,0.003736989015538887,0.00013679341645911336,0.0036001955846738172,0.0037369890011329306
1048.0,0.0037419194541308816,0.00013679341645911336,0.0036051259714043687,0.003741919387863482
1048.5,0.00374685133331852,0.00013679341645911336,0.0036100578333048594,0.003746851249763973
1049.0,0.0037517857335485363,0.00013679341645911336,0.0036149922767527445,0.003751785693211858
1049.5,0.003756721574374196,0.00013679341645911336,0.0036199278265780844,0.0037567212430371978
1050.0,0.003761659576093322,0.00013679341645911336,0.0036248659579508186,0.003761659374409932
1050.5,0.0037665986582591814,0.00013679341645911336,0.0036298051957010073,0.0037665986121601207
1051.0,0.003771542062211973,0.00013679341645911336,0.00363474849016853,0.0037715419066276434
1051.5,0.0037764861864625866,0.00013679341645911336,0.0036396925222210224,0.003776485938680136
1052.0,0.0037814321114577557,0.00013679341645911336,0.0036446383982359394,0.0037814318146950528
1052.5,0.0037863805574953014,0.00013679341645911336,0.0036495868557982506,0.003786380272257364
1053.0,0.0037913300839795805,0.00013679341645911336,0.0036545364197380164,0.0037913298361971297
1053.5,0.003796282851804059,0.00013679341645911336,0.0036594893028101465,0.00379628271926926
1054.0,0.0038012370602241814,0.00013679341645911336,0.003664443292259731,0.0038012367087188444
1054.5,0.0038061927092399484,0.00013679341645911336,0.00366939912567174,0.0038061925421308536
1055.0,0.003811151239447003,0.00013679341645911336,0.0036743575406311436,0.003811150957090257
1055.5,0.003816110850100791,0.00013679341645911336,0.0036793174307604864,0.0038161108472195998
1056.0,0.0038210729817969562,0.00013679341645911336,0.0036842795336447386,0.003821072950103852
1056.5,0.0038260383548333206,0.00013679341645911336,0.00368924458686887,0.003826038003327983
1057.0,0.003831004088018596,0.00013679341645911336,0.0036942103776779712,0.0038310037941370846
1057.5,0.0038359730625440705,0.00013679341645911336,0.0036991794876194365,0.00383597290407855
1058.0,0.0038409423972184564,0.00013679341645911336,0.0037041489663533866,0.0038409423828125
1058.5,0.0038459153333819524,0.00013679341645911336,0.0037091217642197007,0.003845915180678814
1059.0,0.0038508893499921816,0.00013679341645911336,0.0037140956684634696,0.003850889084922583
1059.5,0.003855866247793699,0.00013679341645911336,0.0037190725230471177,0.003855865939506231
1060.0,0.0038608438658930383,0.00013679341645911336,0.0037240501152157354,0.0038608435316748488
1060.5,0.003865826165928221,0.00013679341645911336,0.0037290325016866572,0.0038658259181457706
1061.0,0.0038708102667079592,0.00013679341645911336,0.003734016732120003,0.003870810148579116
1061.5,0.003875796888530074,0.00013679341645911336,0.0037390031753082582,0.0038757965917673716
1062.0,0.0038807856712456557,0.00013679341645911336,0.003743992200043908,0.0038807856165030213
1062.5,0.003885775894556881,0.00013679341645911336,0.003748982331157012,0.0038857757476161254
1063.0,0.0038907679186126615,0.00013679341645911336,0.003753974306232541,0.003890767722691654
1063.5,0.0038957617434129976,0.00013679341645911336,0.0037589681252704937,0.003895761541729607
1064.0,0.0039007580892557103,0.00013679341645911336,0.0037639645258558414,0.0039007579423149547
1064.5,0.0039057562358429786,0.00013679341645911336,0.003768962770403613,0.0039057561868627265
1065.0,0.003910757623770446,0.00013679341645911336,0.0037739639652912644,0.003910757381750378
1065.5,0.003915759011697913,0.00013679341645911336,0.0037789655289714,0.0039157589454305135
1066.0,0.003920764001114491,0.00013679341645911336,0.0037839704117839,0.003920763828243014
1066.5,0.003925770431126713,0.00013679341645911336,0.00378897676976634,0.003925770186225453
1067.0,0.003930778661883489,0.00013679341645911336,0.003793984971711204,0.003930778388170317
1067.5,0.003935789413682644,0.00013679341645911336,0.003798995755203462,0.003935789171662576
1068.0,0.003940801606077442,0.00013679341645911336,0.00380400801386566,0.003940801430324773
1068.5,0.003945815599216795,0.00013679341645911336,0.0038090221164902823,0.003945815532949396
1069.0,0.003950832833696348,0.00013679341645911336,0.003814039169454784,0.003950832585913897
1069.5,0.003955851148622634,0.00013679341645911336,0.003819057697589225,0.003955851114048338
1070.0,0.003960873785335852,0.00013679341645911336,0.003824080282441,0.003960873698900113
1070.5,0.003965898222793625,0.00013679341645911336,0.0038291047112551995,0.003965898127714313
1071.0,0.003970924460995954,0.00013679341645911336,0.0038341309840318233,0.003970924400490936
1071.5,0.003975953220240659,0.00013679341645911336,0.0038391594695633565,0.003975952886022469
1072.0,0.003980983059932098,0.00013679341645911336,0.0038441894302648294,0.003980982846723943
1072.5,0.003986015060517003,0.00013679341645911336,0.0038492216037212114,0.003986015020180325
1073.0,0.003991050662591018,0.00013679341645911336,0.0038542570963099577,0.003991050512769071
1073.5,0.003996087705260678,0.00013679341645911336,0.0038592940640686433,0.003996087480527757
1074.0,0.0040011258283770695,0.00013679341645911336,0.003864332138204784,0.004001125554663898
1074.5,0.004006166472535839,0.00013679341645911336,0.0038693727938883186,0.004006166210347432
1075.0,0.0040112096377369864,0.00013679341645911336,0.0038744160311192477,0.004011209447578361
1075.5,0.004016253883384866,0.00013679341645911336,0.0038794603747276312,0.004016253791186745
1076.0,0.004021301010224034,0.00013679341645911336,0.0038845072998834095,0.004021300716342523
1076.5,0.004026349217509936,0.00013679341645911336,0.0038895557002091266,0.00402634911666824
1077.0,0.00403140210673168,0.00013679341645911336,0.003894608526044663,0.004031401942503777
1077.5,0.0040364564365490685,0.00013679341645911336,0.003899662827050139,0.004036456243509253
1078.0,0.004041512927259923,0.00013679341645911336,0.003904719340810524,0.004041512757269637
1078.5,0.004046571218715334,0.00013679341645911336,0.003909777698533334,0.0040465711149924475
1079.0,0.004051632031213121,0.00013679341645911336,0.0039148382690110525,0.004051631685470166
1079.5,0.004056694644455463,0.00013679341645911336,0.0039199010522436815,0.004056694468702795
1080.0,0.004061759418591272,0.00013679341645911336,0.003924965679438734,0.004061759095897848
1080.5,0.004066825993471635,0.00013679341645911336,0.003930032519388696,0.0040668259358478094
1081.0,0.004071894729245466,0.00013679341645911336,0.003935101203301083,0.004071894619760197
1081.5,0.004076965625912762,0.00013679341645911336,0.003940172099968379,0.004076965516427492
1082.0,0.004082038683473524,0.00013679341645911336,0.003945245209390585,0.004082038625849698
1082.5,0.004087113541778841,0.00013679341645911336,0.003950319793982729,0.004087113210441843
1083.0,0.0040921905609776245,0.00013679341645911336,0.003955396960122269,0.004092190376581382
1083.5,0.004097272262112252,0.00013679341645911336,0.003960478551771627,0.00409727196823074
1084.0,0.0041023539632468785,0.00013679341645911336,0.0039655605122134695,0.004102353928672583
1084.5,0.004107438905721705,0.00013679341645911336,0.003970645422995192,0.004107438839454305
1085.0,0.004112526009089997,0.00013679341645911336,0.003975732546531823,0.004112525962990937
1085.5,0.004117615633500667,0.00013679341645911336,0.003980821882823364,0.004117615299282477
1086.0,0.004122706338358069,0.00013679341645911336,0.003985912694284844,0.004122706110743958
1086.5,0.004127798843960027,0.00013679341645911336,0.0039910053497087495,0.004127798766167863
1087.0,0.004132893870604362,0.00013679341645911336,0.003996100217887564,0.004132893634346677
1087.5,0.0041379910581421635,0.00013679341645911336,0.004001197298821287,0.0041379907152804
1088.0,0.00414309004642452,0.00013679341645911336,0.00400629659250992,0.004143090008969033
1088.5,0.004148192276047076,0.00013679341645911336,0.004011398836538432,0.004148192252997545
1089.0,0.004153298107158742,0.00013679341645911336,0.004016504399699308,0.0041532978161584215
1089.5,0.0041584046585682296,0.00013679341645911336,0.004021611069237639,0.004158404485696752
1090.0,0.004163513370871183,0.00013679341645911336,0.004026719582738394,0.004163512999197507
1090.5,0.004168624244067604,0.00013679341645911336,0.004031830677786544,0.004168624094245657
1091.0,0.00417373691800858,0.00013679341645911336,0.004036943248004633,0.004173736664463746
1091.5,0.004178852833289754,0.00013679341645911336,0.004042059137355086,0.0041788525538142
1092.0,0.004183969468868751,0.00013679341645911336,0.0040471757642905086,0.004183969180749622
1092.5,0.004189089345787947,0.00013679341645911336,0.004052295710358296,0.004189089126817409
1093.0,0.004194209943004966,0.00013679341645911336,0.004057416394011052,0.004194209810470166
1093.5,0.0041993348620089155,0.00013679341645911336,0.004062541134381144,0.004199334550840257
1094.0,0.004204461941906333,0.00013679341645911336,0.004067668456298628,0.0042044618727577416
1094.5,0.004209592263143948,0.00013679341645911336,0.004072798728555992,0.004209592145015106
1095.0,0.004214722944530475,0.00013679341645911336,0.004077929369605842,0.004214722786064955
1095.5,0.00421985614695938,0.00013679341645911336,0.0040830625922030845,0.004219856008662198
1096.0,0.00422499151028175,0.00013679341645911336,0.004088198027555237,0.0042249914440143505
1096.5,0.004230129034497586,0.00013679341645911336,0.004093335306869814,0.004230128723328928
1097.0,0.0042352683594579785,0.00013679341645911336,0.0040984747989393005,0.004235268215398414
1097.5,0.004240409485162925,0.00013679341645911336,0.004103615766178727,0.00424040918263784
1098.0,0.004245554572505894,0.00013679341645911336,0.004108760790135486,0.004245554206594599
1098.5,0.004250702180891239,0.00013679341645911336,0.00411390839563964,0.004250701812098754
1099.0,0.004255850869723317,0.00013679341645911336,0.0041190571075212495,0.004255850523980363
1099.5,0.004261002439746684,0.00013679341645911336,0.004124208769742737,0.004261002186201851
1100.0,0.004266155450365695,0.00013679341645911336,0.0041293619071341645,0.004266155323593278
1100.5,0.004271310982027082,0.00013679341645911336,0.0041345172572805015,0.004271310673739615
1101.0,0.004276467954284115,0.00013679341645911336,0.004139674451389263,0.0042764678678483764
1101.5,0.004281627807732435,0.00013679341645911336,0.004144834227045418,0.0042816276435045314
1102.0,0.0042867894619253106,0.00013679341645911336,0.0041499958466639985,0.004286789263123112
1102.5,0.004291954717607296,0.00013679341645911336,0.004155161154207427,0.004291954570666541
1103.0,0.004297121774033837,0.00013679341645911336,0.004160328305713281,0.004297121722172394
1103.5,0.004302290991353845,0.00013679341645911336,0.004165497301181559,0.004302290717640672
1104.0,0.004307462369567318,0.00013679341645911336,0.004170668878197231,0.004307462294656344
1104.5,0.004312635908674258,0.00013679341645911336,0.004175842299175328,0.004312635715634441
1105.0,0.004317813409419218,0.00013679341645911336,0.004181019776870758,0.004317813193329871
1105.5,0.004322990910164179,0.00013679341645911336,0.0041861972545661884,0.004322990671025302
1106.0,0.004328170931951517,0.00013679341645911336,0.004191377313809013,0.0043281707302681265
1106.5,0.004333353834930143,0.00013679341645911336,0.004196560323391717,0.004333353739850831
1107.0,0.0043385396191000574,0.00013679341645911336,0.004201745914521816,0.004338539330980929
1107.5,0.004343726843865616,0.00013679341645911336,0.004206933349614339,0.004343726766073452
1108.0,0.004348916589673553,0.00013679341645911336,0.004212122997461771,0.004348916413920884
1108.5,0.004354108496374954,0.00013679341645911336,0.004217314858064112,0.004354108274523225
1109.0,0.004359302203820911,0.00013679341645911336,0.004222508562628877,0.004359301979087991
1109.5,0.004364497712011424,0.00013679341645911336,0.0042277041111560675,0.004364497527615181
1110.0,0.004369697181839958,0.00013679341645911336,0.004232903716400592,0.0043696971328597055
1110.5,0.004374898812561957,0.00013679341645911336,0.0042381051656075405,0.004374898582066654
1111.0,0.004380102604177423,0.00013679341645911336,0.004243308827569399,0.004380102244028512
1111.5,0.004385307836388533,0.00013679341645911336,0.0042485143334936816,0.004385307749952795
1112.0,0.004390516309939843,0.00013679341645911336,0.004253722789757843,0.004390516206216956
1112.5,0.004395725503788974,0.00013679341645911336,0.004258931983606974,0.0043957254000660875
1113.0,0.004400937578829394,0.00013679341645911336,0.004264144127795985,0.004400937544255098
1113.5,0.004406153255358924,0.00013679341645911336,0.004269359591117359,0.004406153007576473
1114.0,0.004411370372484098,0.00013679341645911336,0.004274576898401159,0.004411370314860272
1114.5,0.004416590730949471,0.00013679341645911336,0.004279797156024836,0.00441659057248395
1115.0,0.004421812169861578,0.00013679341645911336,0.00428501852002597,0.004421811936485083
1115.5,0.004427036489964972,0.00013679341645911336,0.004290242834366981,0.004427036250826095
1116.0,0.004432263331110744,0.00013679341645911336,0.004295469730255388,0.004432263146714501
1116.5,0.004437491252703249,0.00013679341645911336,0.004300697732521249,0.004437491148980363
1117.0,0.0044427231359337755,0.00013679341645911336,0.004305929422711959,0.0044427228391710726
1117.5,0.004447957180057768,0.00013679341645911336,0.004311163694450063,0.004447957110909177
1118.0,0.004453193024926316,0.00013679341645911336,0.0043163994413581075,0.004453192857817221
1118.5,0.004458430670539418,0.00013679341645911336,0.004321637032228575,0.004458430448687689
1119.0,0.004463671197343809,0.00013679341645911336,0.004326877573438923,0.004463670989898036
1119.5,0.004468913164743844,0.00013679341645911336,0.00433211958981921,0.004468913006278323
1120.0,0.004474156932888434,0.00013679341645911336,0.004337363450161921,0.0044741568666210344
1120.5,0.004479405382968868,0.00013679341645911336,0.004342611736014451,0.004479405152473565
1121.0,0.0044846556337938565,0.00013679341645911336,0.004347861865829406,0.0044846552822885195
1121.5,0.004489906965065579,0.00013679341645911336,0.0043531134708143,0.004489906887273414
1122.0,0.0044951615376775,0.00013679341645911336,0.004358368026139074,0.004495161442598187
1122.5,0.004500417911033976,0.00013679341645911336,0.0043636244254262714,0.004500417841885385
1123.0,0.004505676445283918,0.00013679341645911336,0.004368882668675894,0.004505676085135008
1123.5,0.00451093822087406,0.00013679341645911336,0.0043741445998503655,0.004510938016309479
1124.0,0.004516202157357668,0.00013679341645911336,0.004379408374987261,0.004516201791446375
1124.5,0.004521468614883653,0.00013679341645911336,0.004384675100464037,0.00452146851692315
1125.0,0.004526736513005282,0.00013679341645911336,0.004389942932318266,0.004526736348777379
1125.5,0.004532006572020378,0.00013679341645911336,0.004395212976927405,0.0045320063933865186
1126.0,0.00453727879192894,0.00013679341645911336,0.004400485234291453,0.004537278650750567
1126.5,0.004542556414071167,0.00013679341645911336,0.00440576265475029,0.0045425560712094035
1127.0,0.004547834396362305,0.00013679341645911336,0.0044110408127940965,0.00454783422925321
1127.5,0.004553115619993642,0.00013679341645911336,0.0044163219211777825,0.004553115337636896
1128.0,0.004558396483476068,0.00013679341645911336,0.004421603029561468,0.004558396446020582
1128.5,0.004563681668745427,0.00013679341645911336,0.004426888194662488,0.004563681611121601
1129.0,0.0045689682946104294,0.00013679341645911336,0.004432174834933447,0.00456896825139256
1129.5,0.004574258521964543,0.00013679341645911336,0.00443746479433677,0.004574258210795884
1130.0,0.004579550910212122,0.00013679341645911336,0.004442757335287488,0.0045795507517466015
1130.5,0.004584845459353167,0.00013679341645911336,0.00444805172020063,0.004584845136659743
1131.0,0.004590141809238768,0.00013679341645911336,0.004453348317868681,0.004590141734327795
1131.5,0.004595439959868924,0.00013679341645911336,0.004458646390706672,0.004595439807165785
1132.0,0.004600741351839278,0.00013679341645911336,0.004463947782677027,0.00460074119913614
1132.5,0.004606045264852011,0.00013679341645911336,0.0044692517561947765,0.00460604517265389
1133.0,0.00461135169890712,0.00013679341645911336,0.004474557942467435,0.004611351358926549
1133.5,0.004616660293855696,0.00013679341645911336,0.0044798667102874876,0.004616660126746601
1134.0,0.004621971049697738,0.00013679341645911336,0.004485177322069965,0.004621970738529079
1134.5,0.004627282885986512,0.00013679341645911336,0.004490489409022382,0.004627282825481496
1135.0,0.004632598323764398,0.00013679341645911336,0.004495804815107163,0.0046325982315662765
1135.5,0.004637916642733571,0.00013679341645911336,0.004501123171531824,0.004637916587990937
1136.0,0.004643238203042944,0.00013679341645911336,0.004506444478296363,0.004643237894755476
1136.5,0.0046485604836501385,0.00013679341645911336,0.004511766891438357,0.00464856030789747
1137.0,0.004653884925150799,0.00013679341645911336,0.004517091148542775,0.004653884565001889
1137.5,0.004659212607991659,0.00013679341645911336,0.004522419093572042,0.004659212510031156
1138.0,0.004664543532172718,0.00013679341645911336,0.004527749988941189,0.004664543405400302
1138.5,0.004669876257098333,0.00013679341645911336,0.00453308272827276,0.004669876144731873
1139.0,0.004675211142917414,0.00013679341645911336,0.00453841768035924,0.004675211096818353
1139.5,0.00468054782948105,0.00013679341645911336,0.00454375410761566,0.004680547524074773
1140.0,0.00468588595664033,0.00013679341645911336,0.004549092378834505,0.004685885795293618
1140.5,0.004691229486033275,0.00013679341645911336,0.004554435813148137,0.004691229229607251
1141.0,0.004696573015426221,0.00013679341645911336,0.004559779247461771,0.004696572663920884
1141.5,0.004701921226755009,0.00013679341645911336,0.004565127476077707,0.0047019208925368206
1142.0,0.004707269798232709,0.00013679341645911336,0.004570476073486128,0.0047072694899452415
1142.5,0.004712620530603876,0.00013679341645911336,0.004575826883649459,0.004712620300108572
1143.0,0.004717973784017419,0.00013679341645911336,0.004581180275360184,0.0047179736918192975
1143.5,0.004723330638920073,0.00013679341645911336,0.004586536986203273,0.0047233304026623865
1144.0,0.004728689294567281,0.00013679341645911336,0.004591895541008787,0.0047286889574679
1144.5,0.004734050111107956,0.00013679341645911336,0.00459725630856921,0.0047340497250283236
1145.0,0.004739413808839919,0.00013679341645911336,0.004602620026469512,0.004739413442928626
1145.5,0.004744778587018615,0.00013679341645911336,0.0046079848507472685,0.004744778267206382
1146.0,0.004750147326835333,0.00013679341645911336,0.004613353731742359,0.0047501471482014725
1146.5,0.0047555182275455165,0.00013679341645911336,0.004618724456699874,0.004755517873158988
1147.0,0.004760891289149166,0.00013679341645911336,0.004624097763204784,0.004760891179663897
1147.5,0.004766266871795193,0.00013679341645911336,0.004629473282464602,0.004766266698923716
1148.0,0.0047716453356325085,0.00013679341645911336,0.0046348517520643,0.004771645168523414
1148.5,0.004777027040810023,0.00013679341645911336,0.004640233540796362,0.004777026957255476
1149.0,0.004782410546732093,0.00013679341645911336,0.004645616804698364,0.004782410221157478
1149.5,0.004787795133100896,0.00013679341645911336,0.004651001543770305,0.004787794960229418
1150.0,0.0047931822405120755,0.00013679341645911336,0.004656388495597155,0.004793181912056269
1150.5,0.004798573669710188,0.00013679341645911336,0.004661779872933825,0.004798573289392938
1151.0,0.0048039668996528555,0.00013679341645911336,0.0046671730942329185,0.004803966510692032
1151.5,0.004809362290488989,0.00013679341645911336,0.004672568528286921,0.004809361944746035
1152.0,0.004814759121920767,0.00013679341645911336,0.0046779654375108636,0.004814758853969977
1152.5,0.004820159194692745,0.00013679341645911336,0.0046833656658671705,0.004820159082326284
1153.0,0.00482556250880492,0.00013679341645911336,0.004688768844563356,0.0048255622610224695
1153.5,0.004830967263512741,0.00013679341645911336,0.004694173498429482,0.004830966914888595
1154.0,0.004836374539262939,0.00013679341645911336,0.004699580733843001,0.0048363741503021146
1154.5,0.004841784336055513,0.00013679341645911336,0.0047049905508039155,0.004841783967263029
1155.0,0.004847195213294821,0.00013679341645911336,0.004710401474142284,0.004847194890601397
1155.5,0.004852611132618884,0.00013679341645911336,0.004715817560575441,0.004852610977034554
1156.0,0.004858028852687502,0.00013679341645911336,0.004721235122178538,0.004858028538637651
1156.5,0.0048634480133517635,0.00013679341645911336,0.004726654527744059,0.004863447944203172
1157.0,0.004868869695058402,0.00013679341645911336,0.0047320761460644895,0.004868869562523603
1157.5,0.004874294978254151,0.00013679341645911336,0.0047375014523097685,0.004874294868768882
1158.0,0.004879723142641189,0.00013679341645911336,0.004742929340102443,0.004879722756561556
1158.5,0.004885152027326048,0.00013679341645911336,0.004748358334272571,0.004885151750731684
1159.0,0.004890584513500018,0.00013679341645911336,0.004753791016367548,0.004890584432826662
1159.5,0.0048960188004185425,0.00013679341645911336,0.004759225173632465,0.004896018590091578
1160.0,0.004901456328677267,0.00013679341645911336,0.004764662650029746,0.00490145606648886
1160.5,0.004906896017829457,0.00013679341645911336,0.004770102339181937,0.00490689575564105
1161.0,0.004912337507726202,0.00013679341645911336,0.004775543872296551,0.0049123372887556645
1161.5,0.004917781158516414,0.00013679341645911336,0.004780987618166075,0.0049177810346251885
1162.0,0.0049232287709446475,0.00013679341645911336,0.0047864350519604484,0.004923228468419562
1162.5,0.004928678544266346,0.00013679341645911336,0.004791885067302216,0.004928678483761329
1163.0,0.004934130118332601,0.00013679341645911336,0.004797336557813923,0.004934129974273036
1163.5,0.004939584573590144,0.00013679341645911336,0.004802790998665509,0.0049395844151246225
1164.0,0.00494504046944333,0.00013679341645911336,0.004808246914687035,0.004945040331146148
1164.5,0.004950500326934538,0.00013679341645911336,0.00481370651863341,0.004950499935092523
1165.0,0.004955961985170301,0.00013679341645911336,0.004819168335334694,0.004955961751793807
1165.5,0.004961425444150619,0.00013679341645911336,0.004824631627205917,0.00496142504366503
1166.0,0.004966891784322225,0.00013679341645911336,0.004830098238209505,0.004966891654668618
1166.5,0.004972361725982943,0.00013679341645911336,0.004835568168345456,0.004972361584804569
1167.0,0.004977833828537125,0.00013679341645911336,0.0048410403112363175,0.004977833727695431
1167.5,0.004983307731835864,0.00013679341645911336,0.004846513929297118,0.004983307345756231
1168.0,0.004988783796028068,0.00013679341645911336,0.004851990128905312,0.004988783545364426
1168.5,0.0049942641820072044,0.00013679341645911336,0.004857470385230841,0.0049942638016899545
1169.0,0.004999745288284164,0.00013679341645911336,0.004862951747933825,0.004999745164392938
1169.5,0.005005229635901321,0.00013679341645911336,0.0048684360609766875,0.005005229477435801
1170.0,0.005010716144411945,0.00013679341645911336,0.004873922586774459,0.005010716003233572
1170.5,0.005016206974709502,0.00013679341645911336,0.004879413169289565,0.005016206585748678
1171.0,0.005021698885453792,0.00013679341645911336,0.00488490522697461,0.005021698643433724
1171.5,0.0050271936773893695,0.00013679341645911336,0.00489039986620705,0.005027193282666163
1172.0,0.00503268954977168,0.00013679341645911336,0.004895895980609429,0.005032689397068542
1172.5,0.005038189743940924,0.00013679341645911336,0.004901396151729142,0.005038189568188255
1173.0,0.0050436917388547225,0.00013679341645911336,0.004906898166811279,0.005043691583270392
1173.5,0.005049195174364165,0.00013679341645911336,0.004912401657063356,0.00504919507352247
1174.0,0.005054702571511629,0.00013679341645911336,0.004917908835240283,0.005054702251699396
1174.5,0.0050602121295525585,0.00013679341645911336,0.0049234185949646025,0.005060212011423716
1175.0,0.005065724928933688,0.00013679341645911336,0.004928931305028802,0.005065724721487915
1175.5,0.00507123880876155,0.00013679341645911336,0.004934445121470456,0.005071238537929569
1176.0,0.00507675520963179,0.00013679341645911336,0.004939961519459505,0.005076754935918618
1176.5,0.005082275572140051,0.00013679341645911336,0.004945481974165887,0.005082275390625
1177.0,0.005087798455690689,0.00013679341645911336,0.004951004641627178,0.005087798058086291
1177.5,0.005093322779836972,0.00013679341645911336,0.004956529153050894,0.005093322569510008
1178.0,0.005098848904727809,0.00013679341645911336,0.00496205513964455,0.0050988485561036636
1178.5,0.00510437971155449,0.00013679341645911336,0.004967585920540509,0.005104379336999623
1179.0,0.005109911598827904,0.00013679341645911336,0.0049731178078139225,0.005109911224273036
1179.5,0.005115446727441517,0.00013679341645911336,0.0049786530142197005,0.005115446430678814
1180.0,0.0051209829365018635,0.00013679341645911336,0.004984189327002933,0.005120982743462047
1180.5,0.005126525268093697,0.00013679341645911336,0.0049897315404659245,0.005126524956925038
1181.0,0.005132066879387709,0.00013679341645911336,0.00499527338513643,0.005132066801595544
1181.5,0.00513761173202192,0.00013679341645911336,0.005000818180146816,0.005137611596605929
1182.0,0.005143158745549597,0.00013679341645911336,0.00500636518791211,0.005143158604371223
1182.5,0.005148709720715295,0.00013679341645911336,0.0050119158836022535,0.005148709300061367
1183.0,0.005154261776327726,0.00013679341645911336,0.005017468054462337,0.0051542614709214505
1183.5,0.005159816352982536,0.00013679341645911336,0.005023022806869814,0.005159816223328928
1184.0,0.0051653748912753655,0.00013679341645911336,0.0050285812472021406,0.005165374663661254
1184.5,0.005170935590461662,0.00013679341645911336,0.005034141900289376,0.005170935316748489
1185.0,0.005176498810690335,0.00013679341645911336,0.005039705134924006,0.00517649855138312
1185.5,0.005182063831663564,0.00013679341645911336,0.00504527021352106,0.005182063629980174
1186.0,0.005187632454125903,0.00013679341645911336,0.005050838611250478,0.005187632027709592
1186.5,0.005193202877332797,0.00013679341645911336,0.005056409221734806,0.00519320263819392
1187.0,0.005198775461433157,0.00013679341645911336,0.005061981676181559,0.005198775092640672
1187.5,0.005204350566575895,0.00013679341645911336,0.00506755708096819,0.005204350497427303
1188.0,0.005209929993505565,0.00013679341645911336,0.00507313617367967,0.005209929590138784
1188.5,0.0052155105008819674,0.00013679341645911336,0.005078716741561091,0.005215510158020204
1189.0,0.005221093529300747,0.00013679341645911336,0.005084299890989905,0.005221093307449018
1189.5,0.005226680519357548,0.00013679341645911336,0.005089886728343568,0.005226680144802681
1190.0,0.005232269310158905,0.00013679341645911336,0.005095475778452141,0.005232269194911254
1190.5,0.005237860261853728,0.00013679341645911336,0.0051010666725231375,0.005237860088982251
1191.0,0.005243453734590928,0.00013679341645911336,0.005106660148141528,0.005243453564600642
1191.5,0.005249050808817238,0.00013679341645911336,0.0051122573116847685,0.005249050728143882
1192.0,0.005254651124383748,0.00013679341645911336,0.005117857425567888,0.0052546508420270015
1192.5,0.00526025252039699,0.00013679341645911336,0.005123459014620947,0.0052602524310800605
1193.0,0.005265854636708055,0.00013679341645911336,0.0051290609724664905,0.005265854388925604
1193.5,0.005271462155252785,0.00013679341645911336,0.005134668462199308,0.005271461878658421
1194.0,0.00527707147454207,0.00013679341645911336,0.0051402777958945494,0.005277071212353663
1194.5,0.005282682954724822,0.00013679341645911336,0.005145889342344701,0.005282682758803814
1195.0,0.005288298756694506,0.00013679341645911336,0.005151504945512185,0.005288298361971299
1195.5,0.005293915639110923,0.00013679341645911336,0.00515712202384961,0.005293915440308723
1196.0,0.0052995346824208055,0.00013679341645911336,0.005162740946149459,0.005299534362608572
1196.5,0.005305156606921977,0.00013679341645911336,0.005168362818789188,0.005305156235248301
1197.0,0.0053107810524655255,0.00013679341645911336,0.00517398727297631,0.005310780689435423
1197.5,0.005316408379200362,0.00013679341645911336,0.005179614677503311,0.0053164080939624245
1198.0,0.005322037866828665,0.00013679341645911336,0.005185244294785222,0.005322037711244335
1198.5,0.0053276716762439,0.00013679341645911336,0.005190877968784467,0.00532767138524358
1199.0,0.00533330692625478,0.00013679341645911336,0.005196513117953651,0.005333306534412764
1199.5,0.005338943977010214,0.00013679341645911336,0.005202150479877744,0.005338943896336858
1200.0,0.005344586429999314,0.00013679341645911336,0.005207792636104142,0.005344586052563255
1200.5,0.005350229243137325,0.00013679341645911336,0.005213435529915509,0.005350228946374622
1201.0,0.005355874937466624,0.00013679341645911336,0.005219081374066755,0.005355874790525869
1201.5,0.0053615227926893895,0.00013679341645911336,0.005224729062180426,0.005361522478639539
1202.0,0.0053671746095501766,0.00013679341645911336,0.0052303808070114305,0.005367174223470544
1202.5,0.00537282894745334,0.00013679341645911336,0.0052360351333898296,0.005372828549848943
1203.0,0.005378485086101059,0.00013679341645911336,0.005241691303730652,0.005378484720189766
1203.5,0.0053841437457911555,0.00013679341645911336,0.00524735005561887,0.0053841434720779836
1204.0,0.005389806006970362,0.00013679341645911336,0.005253012495431936,0.00538980591189105
1204.5,0.00539546862829848,0.00013679341645911336,0.005258674935245003,0.005395468351704116
1205.0,0.005401137012009174,0.00013679341645911336,0.005264343275737828,0.005401136692196941
1205.5,0.005406807196464423,0.00013679341645911336,0.005270013460193077,0.00540680687665219
1206.0,0.0054124791816642275,0.00013679341645911336,0.00527568548861075,0.005412478905069864
1206.5,0.0054181522473107655,0.00013679341645911336,0.005281358623405879,0.005418152039864992
1207.0,0.005423830715190968,0.00013679341645911336,0.005287036921295796,0.005423830337754909
1207.5,0.005429510263517904,0.00013679341645911336,0.005292716694355652,0.005429510110814766
1208.0,0.005435192693036129,0.00013679341645911336,0.005298399048962904,0.005435192465422017
1208.5,0.005440877283447818,0.00013679341645911336,0.005304083616325063,0.005440877032784177
1209.0,0.005446565835497531,0.00013679341645911336,0.005309772240404557,0.005446565656863671
1209.5,0.005452256548440709,0.00013679341645911336,0.005315462708446476,0.005452256124905589
1210.0,0.005457949422277353,0.00013679341645911336,0.005321155758035789,0.005457949174494902
1210.5,0.005463645897603107,0.00013679341645911336,0.005326852126757466,0.005463645543216579
1211.0,0.005469344173673417,0.00013679341645911336,0.005332550339441566,0.0054693437559006795
1211.5,0.005475046411381747,0.00013679341645911336,0.005338252608843001,0.0054750460253021145
1212.0,0.005480750809983544,0.00013679341645911336,0.005343957090999346,0.005480750507458459
1212.5,0.005486456289032075,0.00013679341645911336,0.005349662679533145,0.005486456095992258
1213.0,0.005492165369569715,0.00013679341645911336,0.005355371587199308,0.005492165003658421
1213.5,0.005497878051596466,0.00013679341645911336,0.005361084551582805,0.005497877968041918
1214.0,0.0055035921742188606,0.00013679341645911336,0.005366798622343757,0.0055035920388028705
1214.5,0.0055093088178836324,0.00013679341645911336,0.005372515274652103,0.005509308691111216
1215.0,0.005515028702888604,0.00013679341645911336,0.005378234877300328,0.005515028293759441
1215.5,0.005520751108935952,0.00013679341645911336,0.005383957430288432,0.005520750846747545
1216.0,0.005526475675876767,0.00013679341645911336,0.005389681827238961,0.005526475243698074
1216.5,0.005532203484157781,0.00013679341645911336,0.005395409912114338,0.005532203328573452
1217.0,0.005537934173630084,0.00013679341645911336,0.00540114057853711,0.0055379339949962235
1217.5,0.005543667023995852,0.00013679341645911336,0.005406873457714792,0.005543666874173905
1218.0,0.0055494038359996415,0.00013679341645911336,0.005412610024817322,0.005549403441276435
1218.5,0.005555142088599075,0.00013679341645911336,0.005418348435882276,0.00555514185234139
1219.0,0.005560882862240887,0.00013679341645911336,0.005424089059702141,0.005560882476161254
1219.5,0.005566626517073986,0.00013679341645911336,0.005429833002654368,0.005566626419113482
1220.0,0.005572373773396195,0.00013679341645911336,0.0054355802647389605,0.005572373681198074
1220.5,0.005578122110165138,0.00013679341645911336,0.0054413282644085225,0.005578121680867636
1221.0,0.005583874768721013,0.00013679341645911336,0.0054470810583803885,0.005583874474839502
1221.5,0.005589629228021443,0.00013679341645911336,0.005452835696314678,0.005589629112773792
1222.0,0.00559538584821534,0.00013679341645911336,0.005458592178211393,0.005595385594670506
1222.5,0.005601147150345079,0.00013679341645911336,0.005464353454410411,0.0056011468708695245
1223.0,0.005606909532921552,0.00013679341645911336,0.005470115836986884,0.005606909253445997
1223.5,0.005612675877136046,0.00013679341645911336,0.005475882276280691,0.005612675692739804
1224.0,0.005618445102541828,0.00013679341645911336,0.005481651297121891,0.005618444713581004
1224.5,0.005624215768543255,0.00013679341645911336,0.005487422161925517,0.00562421557838463
1225.0,0.005629988595438147,0.00013679341645911336,0.0054931948706915664,0.00562998828715068
1225.5,0.005635765023822151,0.00013679341645911336,0.005498971267382465,0.0056357646838415786
1226.0,0.005641544333397442,0.00013679341645911336,0.0055047506144132435,0.005641544030872357
1226.5,0.0056473254437172885,0.00013679341645911336,0.0055105318054064455,0.005647325221865559
1227.0,0.005653110515675156,0.00013679341645911336,0.005516316684324497,0.00565311010078361
1227.5,0.0056588966680797565,0.00013679341645911336,0.005522103038412488,0.005658896454871601
1228.0,0.0056646867821223785,0.00013679341645911336,0.005527893080425328,0.005664686496884441
1228.5,0.0056704801375052,0.00013679341645911336,0.005533686441570531,0.005670479858029645
1229.0,0.005676274933483666,0.00013679341645911336,0.005539481277885675,0.0056762746943447885
1229.5,0.0056820722505045084,0.00013679341645911336,0.005545278695748213,0.005682072112207327
1230.0,0.005687873529163372,0.00013679341645911336,0.0055510798015356,0.005687873217994713
1230.5,0.0056936766085667915,0.00013679341645911336,0.005556882751285411,0.005693676167744524
1231.0,0.005699481488714766,0.00013679341645911336,0.005562687913790131,0.005699481330249245
1231.5,0.005705291050798584,0.00013679341645911336,0.00556849750180467,0.005705290918263784
1232.0,0.005711102773775867,0.00013679341645911336,0.0055743089337816345,0.005711102350240748
1232.5,0.0057169166576466176,0.00013679341645911336,0.005580122947305992,0.0057169163637651055
1233.0,0.0057227330625597445,0.00013679341645911336,0.005585939542377745,0.005722732958836858
1233.5,0.005728553429110893,0.00013679341645911336,0.005591759825374346,0.0057285532418334595
1234.0,0.005734375596406597,0.00013679341645911336,0.005597581952333372,0.005734375368792485
1234.5,0.005740202445638143,0.00013679341645911336,0.005603408873594701,0.005740202290053814
1235.0,0.005746030015167513,0.00013679341645911336,0.005609236163648515,0.005746029580107628
1235.5,0.005751861906483815,0.00013679341645911336,0.005615068248004633,0.005751861664463747
1236.0,0.00575769523839576,0.00013679341645911336,0.005620901438738206,0.005757694855197319
1236.5,0.005763606002323577,0.00013679341645911336,0.00562681244468609,0.0057636058611452035
1237.0,0.005772715608879158,0.00013679341645911336,0.0056359219878554636,0.005772715404314577
1237.5,0.005782727028307958,0.00013679341645911336,0.005645933228650403,0.005782726645109516
1238.0,0.005792746731161711,0.00013679341645911336,0.005655952951672496,0.005792746368131609
1238.5,0.0058027732768447735,0.00013679341645911336,0.005665979681751801,0.005802773098210914
1239.0,0.005812812787888633,0.00013679341645911336,0.0056760189507755925,0.005812812367234706
1239.5,0.005822859501910714,0.00013679341645911336,0.005686065964441566,0.00582285938090068
1240.0,0.005832915579804481,0.00013679341645911336,0.0056961218291271785,0.005832915245586292
1240.5,0.005842981021569935,0.00013679341645911336,0.005706187282417397,0.005842980698876511
1241.0,0.005853055106909253,0.00013679341645911336,0.005716261586727254,0.005853055003186367
1241.5,0.005863138195971348,0.00013679341645911336,0.005726344373264263,0.005863137789723376
1242.0,0.005873232089500773,0.00013679341645911336,0.005736438223575818,0.005873231640034932
1242.5,0.005883334986752974,0.00013679341645911336,0.005746541293699497,0.00588333471015861
1243.0,0.005893445447132307,0.00013679341645911336,0.005756651739672873,0.0058934451561319864
1243.5,0.005903568152574614,0.00013679341645911336,0.005766774355798251,0.005903567772257364
1244.0,0.005913697700846232,0.00013679341645911336,0.005776903978980842,0.005913697395439955
1244.5,0.005923839494180823,0.00013679341645911336,0.005787045772315433,0.0059238391887745465
1245.0,0.005933991371684925,0.00013679341645911336,0.005797197523047117,0.005933990939506231
1245.5,0.005944149731869424,0.00013679341645911336,0.00580735591204353,0.005944149328502644
1246.0,0.005954318536372343,0.00013679341645911336,0.005817524996022005,0.005954318412481118
1246.5,0.00596449706489586,0.00013679341645911336,0.005827703299812601,0.005964496716271714
1247.0,0.0059746835166954206,0.00013679341645911336,0.0058378897170378655,0.005974683133496979
1247.5,0.0059848804128133995,0.00013679341645911336,0.005848086829245191,0.005984880245704305
1248.0,0.005995085952505245,0.00013679341645911336,0.0058582924236796705,0.005995085840138784
1248.5,0.006005300856068776,0.00013679341645911336,0.005868507237926272,0.006005300654385385
1249.0,0.0060155269242485486,0.00013679341645911336,0.00587873311594742,0.006015526532406533
1249.5,0.006025760555555453,0.00013679341645911336,0.0058889667386107505,0.006025760155069864
1250.0,0.006036005351478599,0.00013679341645911336,0.005899211793841113,0.0060360052103002266
1250.5,0.006046259151124522,0.00013679341645911336,0.005909465700091114,0.006046259116550227
1251.0,0.0060565226747910424,0.00013679341645911336,0.0059197291949457205,0.006056522611404834
1251.5,0.006066796282627071,0.00013679341645911336,0.005930002278404935,0.006066795694864048
1252.0,0.0060770785340369645,0.00013679341645911336,0.005940284950468756,0.00607707836692787
1252.5,0.006087372310212011,0.00013679341645911336,0.00595057831751464,0.006087371733973754
1253.0,0.006097674729960922,0.00013679341645911336,0.005960880904372646,0.00609767432083176
1253.5,0.006107985072985877,0.00013679341645911336,0.005971191235872835,0.006107984652331948
1254.0,0.006118307661073806,0.00013679341645911336,0.005981513737525025,0.006118307153984139
1254.5,0.006128636731842134,0.00013679341645911336,0.0059918428774419445,0.006128636293901058
1255.0,0.006138980208566902,0.00013679341645911336,0.006002186400265773,0.006138979816724887
1255.5,0.006149330167972069,0.00013679341645911336,0.0060125361925618456,0.006149329609020959
1256.0,0.006159694533333678,0.00013679341645911336,0.006022901105349799,0.006159694521808912
1256.5,0.0061700661016735065,0.00013679341645911336,0.006033272287609996,0.006170065704069109
1257.0,0.006180444872991556,0.00013679341645911336,0.006043651214512375,0.006180444630971488
1257.5,0.00619083588937258,0.00013679341645911336,0.006054041942774271,0.006190835359233384
1258.0,0.00620123554932747,0.00013679341645911336,0.006064441890848289,0.006201235307307402
1258.5,0.006211646734047512,0.00013679341645911336,0.006074852902696853,0.006211646319155967
1259.0,0.006222065842043597,0.00013679341645911336,0.006085272027980086,0.0062220654444392
1259.5,0.006232497195102657,0.00013679341645911336,0.006095703692207805,0.006232497108666918
1260.0,0.00624293647143776,0.00013679341645911336,0.006106142732285222,0.006242936148744336
1260.5,0.006253387992835837,0.00013679341645911336,0.006116594311307125,0.006253387727766239
1261.0,0.006263847437509957,0.00013679341645911336,0.006127054003763697,0.00626384742022281
1261.5,0.006274319847544875,0.00013679341645911336,0.006137526235164754,0.006274319651623867
1262.0,0.0062847994605580125,0.00013679341645911336,0.006148005842415509,0.006284799258874622
1262.5,0.006295291318634126,0.00013679341645911336,0.006158497251025781,0.006295290667484894
1263.0,0.006305791099986281,0.00013679341645911336,0.00616899751065569,0.006305790927114804
1263.5,0.006316300965507946,0.00013679341645911336,0.0061795073588902065,0.00631630077534932
1264.0,0.0063268216354969405,0.00013679341645911336,0.00619002827089927,0.006326821687358384
1264.5,0.006337350949059801,0.00013679341645911336,0.006200557296343001,0.0063373507128021145
1265.0,0.006347892507685636,0.00013679341645911336,0.006211098860731219,0.006347892277190332
1265.5,0.006358441989587513,0.00013679341645911336,0.006221648538554104,0.006358441955013217
1266.0,0.006369003716552366,0.00013679341645911336,0.006232210017736506,0.006369003434195619
1266.5,0.006379574807388905,0.00013679341645911336,0.006242781085523515,0.006379574501982628
1267.0,0.0063901588635862415,0.00013679341645911336,0.00625336542983998,0.006390158846299093
1267.5,0.006400750122761798,0.00013679341645911336,0.006263956412421174,0.006400749828880287
1268.0,0.006411352906702509,0.00013679341645911336,0.006274559196361883,0.006411352612820997
1268.5,0.006421966495110549,0.00013679341645911336,0.00628517304407714,0.0064219664605362535
1269.0,0.006432590167688099,0.00013679341645911336,0.0062957964803970045,0.006432589896856118
1269.5,0.006443223924435157,0.00013679341645911336,0.006306430242906446,0.006443223659365559
1270.0,0.006453867765351725,0.00013679341645911336,0.006317074331605463,0.006453867748064577
1270.5,0.006464523851331267,0.00013679341645911336,0.006327730221663998,0.0064645236381231114
1271.0,0.006475187860586852,0.00013679341645911336,0.006338394225157201,0.006475187641616314
1271.5,0.006485862674309768,0.00013679341645911336,0.00634906929242495,0.006485862708884064
1272.0,0.006496548292500015,0.00013679341645911336,0.006359754685882277,0.00649654810234139
1272.5,0.006507245435455415,0.00013679341645911336,0.00637045188069912,0.006507245297158233
1273.0,0.006517951221984679,0.00013679341645911336,0.00638115718895063,0.006517950605409743
1273.5,0.0065286678129812745,0.00013679341645911336,0.006391874298561657,0.00652866771502077
1274.0,0.0065393959287430225,0.00013679341645911336,0.006402602471947231,0.006539395888406344
1274.5,0.0065501341286742796,0.00013679341645911336,0.006413340233937412,0.006550133650396525
1275.0,0.006560885293966334,0.00013679341645911336,0.00642409127245705,0.006560884688916163
1275.5,0.0065716429419387865,0.00013679341645911336,0.0064348489492414155,0.006571642365700529
1276.0,0.006582412834974214,0.00013679341645911336,0.006445619164970267,0.0065824125814293805
1276.5,0.006593192812179151,0.00013679341645911336,0.006456398969303726,0.0065931923857628395
1277.0,0.00660398431414924,0.00013679341645911336,0.006467190574996702,0.006603983991455816
1277.5,0.0066147895017779484,0.00013679341645911336,0.006477995457219134,0.006614788873678248
1278.0,0.006625601172087056,0.00013679341645911336,0.006488807715291265,0.006625601131750378
1278.5,0.00663642580775696,0.00013679341645911336,0.0064996317747229105,0.006636425191182024
1279.0,0.006647259087000729,0.00013679341645911336,0.0065104654227591645,0.006647258839218278
1279.5,0.006658103891009651,0.00013679341645911336,0.006521310134569965,0.0066581035510290786
1280.0,0.006668960219783726,0.00013679341645911336,0.006532166647740282,0.006668960064199396
1280.5,0.0066798259124294865,0.00013679341645911336,0.006543032011930237,0.00667982542838935
1281.0,0.006690704570436045,0.00013679341645911336,0.006553910652649648,0.006690704069108762
1281.5,0.006701594032909935,0.00013679341645911336,0.0065648003571436055,0.006701593773602719
1282.0,0.0067124921389576896,0.00013679341645911336,0.006575698175072231,0.006712491591531344
1282.5,0.00672340321036624,0.00013679341645911336,0.006586609269530312,0.006723402685989426
1283.0,0.006734321484753013,0.00013679341645911336,0.006597527739838092,0.006734321156297206
1283.5,0.006745254165096226,0.00013679341645911336,0.006608460224260298,0.006745253640719411
1284.0,0.006756197649906769,0.00013679341645911336,0.00661940377245705,0.006756197188916163
1284.5,0.006767149778291178,0.00013679341645911336,0.00663035617167344,0.006767149588132553
1285.0,0.006778116312632028,0.00013679341645911336,0.006641322585004255,0.006778116001463368
1285.5,0.006789092210844564,0.00013679341645911336,0.006652298586939678,0.006789092003398792
1286.0,0.006800078913524432,0.00013679341645911336,0.006663284915064678,0.006800078331523791
1286.5,0.006811077140969452,0.00013679341645911336,0.006674283044549195,0.006811076461008308
1287.0,0.0068220868931796255,0.00013679341645911336,0.006685292975393228,0.006822086391852341
1287.5,0.006833105288963664,0.00013679341645911336,0.006696311757256899,0.006833105173716012
1288.0,0.006844136650108499,0.00013679341645911336,0.0067073430780650554,0.006844136494524169
1288.5,0.006855183137507597,0.00013679341645911336,0.006718389150572609,0.006855182567031722
1289.0,0.00686623466699145,0.00013679341645911336,0.00672944112375992,0.006866234540219033
1289.5,0.006877300602431744,0.00013679341645911336,0.006740507111061657,0.00687730052752077
1290.0,0.006888378062637191,0.00013679341645911336,0.006751584162137941,0.006888377578597054
1290.5,0.006899464166416502,0.00013679341645911336,0.006762670064233862,0.006899463480692976
1291.0,0.006910560354365323,0.00013679341645911336,0.006773766292519361,0.006910559708978474
1291.5,0.006921670948270585,0.00013679341645911336,0.006784877272504255,0.0069216706889633686
1292.0,0.006932793066940999,0.00013679341645911336,0.006795999316263696,0.00693279273272281
1292.5,0.006943923829185278,0.00013679341645911336,0.006807130211042775,0.006943923627501888
1293.0,0.006955068277088177,0.00013679341645911336,0.0068182743823513095,0.006955067798810423
1293.5,0.0069662235294584065,0.00013679341645911336,0.0068294296174343915,0.006966223033893505
1294.0,0.006977391747189432,0.00013679341645911336,0.006840598129046929,0.006977391545506043
1294.5,0.006988568608494323,0.00013679341645911336,0.006851774754094134,0.006988568170553247
1295.0,0.006999756994564368,0.00013679341645911336,0.006862963180500856,0.0069997565969599695
1295.5,0.007010957625697386,0.00013679341645911336,0.006874164145852065,0.0070109575623111785
1296.0,0.007022169781595558,0.00013679341645911336,0.00688537617497782,0.007022169591436933
1296.5,0.0070333927419610615,0.00013679341645911336,0.006896599267878122,0.007033392684337236
1297.0,0.00704462794738954,0.00013679341645911336,0.006907834162137941,0.007044627578597054
1297.5,0.0070558753978809926,0.00013679341645911336,0.0069190815953422465,0.00705587501180136
1298.0,0.007067135813733242,0.00013679341645911336,0.006930342305076008,0.007067135721535121
1298.5,0.007078404873159356,0.00013679341645911336,0.006941611128244436,0.00707840454470355
1299.0,0.00708968761824409,0.00013679341645911336,0.006952893965527292,0.007089687381986405
1299.5,0.007100981888093977,0.00013679341645911336,0.006964187866584693,0.007100981283043806
1300.0,0.007112288403006839,0.00013679341645911336,0.006975494306586581,0.007112287723045695
1300.5,0.007123602841195743,0.00013679341645911336,0.0069868088600231375,0.007123602276482251
1301.0,0.007134930244745445,0.00013679341645911336,0.0069981366899891494,0.007134930106448263
1301.5,0.007146269173060299,0.00013679341645911336,0.007009475583729708,0.007146269000188821
1302.0,0.007157621787033773,0.00013679341645911336,0.007020827753999723,0.007157621170458837
1302.5,0.007168985925772399,0.00013679341645911336,0.007032192463214225,0.007168985879673339
1303.0,0.007180359428382712,0.00013679341645911336,0.007043566023448364,0.0071803594399074775
1303.5,0.007191746616651644,0.00013679341645911336,0.00705495286021196,0.007191746276671073
1304.0,0.0072031453296857294,0.00013679341645911336,0.007066351498335071,0.007203144914794185
1304.5,0.007214555567484968,0.00013679341645911336,0.0070777619378176995,0.007214555354276813
1305.0,0.007225980211240647,0.00013679341645911336,0.007089186391414754,0.007225979807873867
1305.5,0.0072374149391658356,0.00013679341645911336,0.007100621171201385,0.0072374145876604986
1306.0,0.007248859751260533,0.00013679341645911336,0.007112066277177594,0.007248859693636707
1306.5,0.007260316808418205,0.00013679341645911336,0.007123523184513318,0.007260316600972432
1307.0,0.007271788271532318,0.00013679341645911336,0.00713499484354844,0.007271788260007553
1307.5,0.007283270539113762,0.00013679341645911336,0.0071464768287731375,0.007283270245232251
1308.0,0.007294765051758181,0.00013679341645911336,0.007157971352942322,0.007294764769401435
1308.5,0.007306273250061219,0.00013679341645911336,0.007169479153640962,0.007306272570100076
1309.0,0.007317789371640301,0.00013679341645911336,0.00718099580535924,0.0073177892218183535
1309.5,0.007329318458580179,0.00013679341645911336,0.007192524996022004,0.0073293184124811174
1310.0,0.007340863392072142,0.00013679341645911336,0.007204069675969134,0.007340863092428248
1310.5,0.00735241696913797,0.00013679341645911336,0.007215623206935902,0.007352416623395015
1311.0,0.007363983511564595,0.00013679341645911336,0.007227190014432125,0.007363983430891239
1311.5,0.007375563019352016,0.00013679341645911336,0.007238769360872835,0.007375562777331948
1312.0,0.007387154051904592,0.00013679341645911336,0.007250360508673062,0.007387153925132175
1312.5,0.007398758049817964,0.00013679341645911336,0.007261964195417775,0.007398757611876888
1313.0,0.007410374292794311,0.00013679341645911336,0.007273580421106974,0.007410373837566087
1313.5,0.007421999899642345,0.00013679341645911336,0.007285206235400781,0.0074219996518598945
1314.0,0.00743363991244682,0.00013679341645911336,0.007296846063809014,0.007433639480268127
1314.5,0.007445290729718626,0.00013679341645911336,0.007308496955991793,0.007445290372450906
1315.0,0.007456955232649051,0.00013679341645911336,0.007320161124704029,0.007456954541163142
1315.5,0.007468631260344629,0.00013679341645911336,0.0073318378323607505,0.007468631248819864
1316.0,0.007480320973698826,0.00013679341645911336,0.007343527078961959,0.007480320495421073
1316.5,0.007492022932115998,0.00013679341645911336,0.007355228864507654,0.007492022280966767
1317.0,0.007503736415298324,0.00013679341645911336,0.007366942451412866,0.007503735867871979
1317.5,0.007515462863841446,0.00013679341645911336,0.0073786693148475335,0.007515462731306647
1318.0,0.007527202277745365,0.00013679341645911336,0.007390408717226687,0.0075272021336858005
1318.5,0.007538954657010081,0.00013679341645911336,0.007402160658550328,0.007538954075009441
1319.0,0.00755071856103995,0.00013679341645911336,0.007413925138818455,0.007550718555277568
1319.5,0.0075624961507284386,0.00013679341645911336,0.007425702158031068,0.007562495574490181
1320.0,0.00757428526518208,0.00013679341645911336,0.007437491716188168,0.007574285132647281
1320.5,0.007586087344996518,0.00013679341645911336,0.007449293813289753,0.007586087229748867
1321.0,0.007597900229278288,0.00013679341645911336,0.007461106236580917,0.00759789965304003
1321.5,0.007609725358623032,0.00013679341645911336,0.0074729319364015365,0.00760972535286065
1322.0,0.007621562733030752,0.00013679341645911336,0.007484768699996702,0.007621562116455816
1322.5,0.00763341379309709,0.00013679341645911336,0.007496620215291265,0.007633413631750378
1323.0,0.007645277098226403,0.00013679341645911336,0.007508483531945343,0.007645276948404456
1323.5,0.007657153368716514,0.00013679341645911336,0.0075203593875439075,0.007657152804003021
1324.0,0.007669041163971777,0.00013679341645911336,0.0075322470445019895,0.007669040460961103
1324.5,0.007680941924587838,0.00013679341645911336,0.007544147977989527,0.007680941394448641
1325.0,0.007692855650564695,0.00013679341645911336,0.0075560621880065215,0.007692855604465635
1325.5,0.00770478234190235,0.00013679341645911336,0.007567988199383031,0.007704781615842145
1326.0,0.007716721998600801,0.00013679341645911336,0.007579928224873968,0.007716721641333081
1326.5,0.00772867462066005,0.00013679341645911336,0.007591880789309391,0.007728674205768504
1327.0,0.0077406394877822735,0.00013679341645911336,0.007603845892689301,0.007740639309148414
1327.5,0.007752616599967473,0.00013679341645911336,0.007615822797428727,0.00775261621388784
1328.0,0.007764608118109112,0.00013679341645911336,0.007627814453867549,0.007764607870326662
1328.5,0.007776611161015906,0.00013679341645911336,0.0076398171740809165,0.00777661059054003
1329.0,0.007788627889581318,0.00013679341645911336,0.007651833908408711,0.007788627324867825
1329.5,0.0078006590241031706,0.00013679341645911336,0.007663865394435902,0.0078006588108950154
1330.0,0.007812705284879286,0.00013679341645911336,0.007675911632162488,0.007812705048621601
1330.5,0.007824761629824912,0.00013679341645911336,0.007687968196078651,0.007824761612537765
1331.0,0.007836832380726978,0.00013679341645911336,0.0077000387741092404,0.007836832190568353
1331.5,0.007848917537585487,0.00013679341645911336,0.007712124103839225,0.007848917520298338
1332.0,0.007861015659804791,0.00013679341645911336,0.007724221972513696,0.00786101538897281
1332.5,0.00787312242559796,0.00013679341645911336,0.007736328692207805,0.007873122108666919
1333.0,0.007885245758241037,0.00013679341645911336,0.007748451638771249,0.007885245055230363
1333.5,0.007897380615649267,0.00013679341645911336,0.00776058712427918,0.007897380540738293
1334.0,0.007909529879013938,0.00013679341645911336,0.007772735886316566,0.00790952930277568
1334.5,0.007921688506250295,0.00013679341645911336,0.00778489497454353,0.007921688391002643
1335.0,0.007933864420634382,0.00013679341645911336,0.007797070289639829,0.007933863706098943
1335.5,0.0079460511394858,0.00013679341645911336,0.007809257406095645,0.007946050822554758
1336.0,0.007958250823698014,0.00013679341645911336,0.007821457061495948,0.007958250477955061
1336.5,0.007970466354462316,0.00013679341645911336,0.007833672206180614,0.007970465622639727
1337.0,0.007982695570885235,0.00013679341645911336,0.007845902102564677,0.00798269551902379
1337.5,0.007994935591775484,0.00013679341645911336,0.007858141587553349,0.007994935004012462
1338.0,0.008007190018622176,0.00013679341645911336,0.007870396561826386,0.008007189978285499
1338.5,0.008019458851425309,0.00013679341645911336,0.007882664812628878,0.008019458229087992
1339.0,0.008031738488695773,0.00013679341645911336,0.007894944864790887,0.00803173828125
1339.5,0.008044031811624856,0.00013679341645911336,0.007907238193482352,0.008044031609941465
1340.0,0.008056339540510379,0.00013679341645911336,0.007919545536288243,0.008056338952747356
1340.5,0.008068660955054522,0.00013679341645911336,0.00793186689320856,0.008068660309667674
1341.0,0.00808099461466164,0.00013679341645911336,0.007944200789073364,0.008080994205532478
1341.5,0.008093335477246978,0.00013679341645911336,0.007956541323202896,0.00809333473966201
1342.0,0.00810569146608658,0.00013679341645911336,0.007968897346616793,0.008105690763075907
1342.5,0.008118052497010936,0.00013679341645911336,0.00798125853312548,0.008118051949584593
1343.0,0.008130423612104802,0.00013679341645911336,0.007993630045823742,0.008130423462282856
1343.5,0.008142806972261642,0.00013679341645911336,0.008006013359881521,0.008142806776340635
1344.0,0.008155197535396702,0.00013679341645911336,0.008018404049788999,0.008155197466248112
1344.5,0.008167598902999094,0.00013679341645911336,0.008030805065886052,0.008167598482345165
1345.0,0.008180011075068817,0.00013679341645911336,0.008043217145757654,0.008180010562216768
1345.5,0.008192432611010226,0.00013679341645911336,0.008055638814233863,0.008192432230692976
1346.0,0.008204868552908076,0.00013679341645911336,0.008068074496824496,0.00820486791328361
1346.5,0.008217311697784148,0.00013679341645911336,0.00808051755526483,0.008217310971723943
1347.0,0.008229767087723194,0.00013679341645911336,0.008092973152649648,0.008229766569108761
1347.5,0.008242231121236104,0.00013679341645911336,0.008105437601054104,0.008242231017513217
1348.0,0.008254705238918523,0.00013679341645911336,0.008117911638063167,0.00825470505452228
1348.5,0.008267190161068274,0.00013679341645911336,0.008130396001261808,0.008267189417720922
1349.0,0.008279684447089711,0.00013679341645911336,0.008142890690650025,0.008279684107109138
1349.5,0.008292190257876302,0.00013679341645911336,0.008155396443812789,0.008292189860271902
1350.0,0.008304706873130223,0.00013679341645911336,0.008167913260750101,0.008304706677209214
1350.5,0.008317235013149297,0.00013679341645911336,0.008180441141461959,0.008317234557921072
1351.0,0.008329772517040058,0.00013679341645911336,0.008192978610778424,0.008329772027237538
1351.5,0.008342319384802505,0.00013679341645911336,0.008205525668699497,0.00834231908515861
1352.0,0.008354877777330105,0.00013679341645911336,0.008218083790395117,0.00835487720685423
1352.5,0.008367449135218502,0.00013679341645911336,0.008230655188620192,0.008367448605079306
1353.0,0.00838003417876552,0.00013679341645911336,0.008243240600959694,0.008380034017418807
1353.5,0.008392627145588577,0.00013679341645911336,0.008255833389148893,0.008392626805608006
1354.0,0.00840522803568768,0.00013679341645911336,0.00826843429077276,0.008405227707231873
1354.5,0.008417839730254112,0.00013679341645911336,0.008281046256171173,0.008417839672630286
1355.0,0.008430463669883521,0.00013679341645911336,0.008293670022929104,0.008430463439388218
1355.5,0.008443100574873725,0.00013679341645911336,0.008306307066216491,0.008443100482675605
1356.0,0.00845574468284215,0.00013679341645911336,0.008318950747768606,0.00845574416422772
1356.5,0.008468402476469196,0.00013679341645911336,0.008331608443435147,0.00846840185989426
1357.0,0.008481068193372283,0.00013679341645911336,0.008344274252536355,0.008481067668995469
1357.5,0.008493746875636168,0.00013679341645911336,0.008356953338167019,0.008493746754626132
1358.0,0.008506434921771737,0.00013679341645911336,0.008369641274817322,0.008506434691276436
1358.5,0.008519135212970284,0.00013679341645911336,0.00838234175041211,0.008519135166871224
1359.0,0.008531847028933982,0.00013679341645911336,0.008395053289781445,0.008531846706240558
1359.5,0.008544569649365013,0.00013679341645911336,0.008407775892925328,0.008544569309384442
1360.0,0.008557302353965552,0.00013679341645911336,0.008420508822258787,0.0085573022387179
1360.5,0.00857004586303342,0.00013679341645911336,0.008433252077781823,0.008570045494240936
1361.0,0.008582801617164267,0.00013679341645911336,0.008446007872249346,0.00858280128870846
1361.5,0.008595568175762442,0.00013679341645911336,0.008458773992906446,0.008595567409365559
1362.0,0.008608345538827947,0.00013679341645911336,0.008471551914923062,0.008608345331382175
1362.5,0.008621132986062964,0.00013679341645911336,0.008484339425544286,0.0086211328420034
1363.0,0.008633937000147886,0.00013679341645911336,0.008497143163034845,0.008633936579493958
1363.5,0.008646747496913207,0.00013679341645911336,0.008509953538790131,0.008646746955249245
1364.0,0.008659573840230613,0.00013679341645911336,0.008522780141414754,0.008659573557873867
1364.5,0.008672408827121884,0.00013679341645911336,0.008535614857474044,0.008672408273933157
1365.0,0.008685255338778309,0.00013679341645911336,0.00854846137489285,0.008685254791351963
1365.5,0.008698110494008598,0.00013679341645911336,0.008561316743331295,0.008698110159790409
1366.0,0.008710981495790972,0.00013679341645911336,0.008574187601054105,0.008710981017513218
1366.5,0.008723861861445033,0.00013679341645911336,0.00858706804738152,0.008723861463840634
1367.0,0.008736752311268602,0.00013679341645911336,0.008599958819898515,0.008736752236357628
1367.5,0.008749657167048612,0.00013679341645911336,0.008612863606529936,0.008749657022989049
1368.0,0.008762572827295954,0.00013679341645911336,0.008625778719350932,0.008762572135810045
1368.5,0.008775497851414984,0.00013679341645911336,0.008638704158361507,0.00877549757482062
1369.0,0.00878843656119263,0.00013679341645911336,0.008651642873901536,0.008788436290360649
1369.5,0.008801387516033253,0.00013679341645911336,0.008664593390801082,0.008801386807260196
1370.0,0.008814345673852097,0.00013679341645911336,0.008677552021135298,0.008814345437594412
1370.5,0.008827319678223025,0.00013679341645911336,0.008690526140753878,0.008827319557212991
1371.0,0.008840304487061284,0.00013679341645911336,0.008703510586562034,0.008840304003021148
1371.5,0.008853300820664697,0.00013679341645911336,0.00871650683372971,0.008853300250188822
1372.0,0.008866309399331085,0.00013679341645911336,0.008729515619841869,0.008866309036300982
1372.5,0.008879327341869159,0.00013679341645911336,0.008742533256973667,0.00887932667343278
1373.0,0.008892361130959318,0.00013679341645911336,0.008755567120974798,0.008892360537433912
1373.5,0.008905404283921165,0.00013679341645911336,0.008768610573580539,0.008905403990039652
1374.0,0.008918460402243807,0.00013679341645911336,0.008781666565130766,0.008918459981589879
1374.5,0.008931530926522891,0.00013679341645911336,0.008794737308380388,0.008931530724839501
1375.0,0.008944612255269307,0.00013679341645911336,0.008807818377819588,0.008944611794278702
1375.5,0.008957704388483053,0.00013679341645911336,0.008820910511033333,0.008957703927492447
1376.0,0.008970808046461953,0.00013679341645911336,0.008834014445606596,0.00897080786206571
1376.5,0.008983924669801649,0.00013679341645911336,0.008847130919124346,0.00898392433558346
1377.0,0.008997052097608677,0.00013679341645911336,0.008860258456416642,0.008997051872875755
1377.5,0.0090101924907765,0.00013679341645911336,0.008873398532653424,0.009010191949112538
1378.0,0.009023345849305121,0.00013679341645911336,0.008886551885419662,0.009023345301878776
1378.5,0.00903650857170543,0.00013679341645911336,0.008899714826790509,0.009036508243249622
1379.0,0.009049684979764357,0.00013679341645911336,0.008912891044690811,0.009049684461149924
1379.5,0.009062875073481903,0.00013679341645911336,0.00892608127670554,0.009062874693164653
1380.0,0.009076075251368958,0.00013679341645911336,0.008939281097324874,0.009076074513783988
1380.5,0.00908928839461681,0.00013679341645911336,0.008952494194473666,0.00908928761093278
1381.0,0.009102513782927637,0.00013679341645911336,0.008965719830566944,0.009102513247026057
1381.5,0.00911575141630144,0.00013679341645911336,0.00897895726801974,0.009115750684478853
1382.0,0.009129002015036039,0.00013679341645911336,0.008992207982001989,0.009129001398461102
1382.5,0.009142264138535791,0.00013679341645911336,0.009005470497343756,0.00914226391380287
1383.0,0.009155542108587628,0.00013679341645911336,0.00901874850196989,0.009155541918429003
1383.5,0.009168830162808974,0.00013679341645911336,0.00903203609520063,0.009168829511659744
1384.0,0.009182130462093296,0.00013679341645911336,0.009045336964960826,0.00918213038141994
1384.5,0.009195444447036237,0.00013679341645911336,0.00905865037366551,0.009195443790124623
1385.0,0.009208771397339973,0.00013679341645911336,0.009071977796484618,0.009208771212943731
1385.5,0.009222112753600152,0.00013679341645911336,0.009085319233418153,0.009222112649877266
1386.0,0.009235462753434195,0.00013679341645911336,0.009098668783786354,0.009235462200245468
1386.5,0.009248825718629035,0.00013679341645911336,0.009112031610684013,0.009248825027143127
1387.0,0.009262203089780317,0.00013679341645911336,0.009125409189281068,0.00926220260574018
1387.5,0.009275594146590219,0.00013679341645911336,0.009138800044407579,0.009275593460866692
1388.0,0.009288994567271806,0.00013679341645911336,0.009152200488138697,0.00928899390459781
1388.5,0.00930240795331419,0.00013679341645911336,0.00916561420839927,0.009302407624858384
1389.0,0.009315836465610839,0.00013679341645911336,0.00917904268035924,0.009315836096818353
1389.5,0.009329275062076994,0.00013679341645911336,0.009192481478508787,0.0093292748949679
1390.0,0.00934273094569088,0.00013679341645911336,0.00920593724111264,0.009342730657571753
1390.5,0.009356196193176455,0.00013679341645911336,0.009219402592321098,0.009356196008780212
1391.0,0.009369675126320646,0.00013679341645911336,0.009232881220059013,0.009369674636518126
1391.5,0.009383166304527813,0.00013679341645911336,0.009246372386741416,0.00938316580320053
1392.0,0.009396671888691421,0.00013679341645911336,0.009259878305123212,0.009396671721582326
1392.5,0.009410190438215827,0.00013679341645911336,0.009273396762449497,0.00941019017890861
1393.0,0.00942371907190974,0.00013679341645911336,0.009286925545965358,0.009423718962424471
1393.5,0.009437262831857918,0.00013679341645911336,0.009300469081180615,0.009437262497639728
1394.0,0.009450823158656002,0.00013679341645911336,0.009314029580850177,0.00945082299730929
1394.5,0.009464392129027952,0.00013679341645911336,0.009327598193954406,0.00946439161041352
1395.0,0.009477976225654165,0.00013679341645911336,0.009341182296343002,0.009477975712802116
1395.5,0.009491573287641174,0.00013679341645911336,0.009354779675261053,0.009491573091720166
1396.0,0.009505187636775913,0.00013679341645911336,0.00936839401863341,0.009505187435092523
1396.5,0.009518810629484517,0.00013679341645911336,0.009382016475440434,0.009518809891899547
1397.0,0.009532448748447383,0.00013679341645911336,0.009395655159116794,0.009532448575575907
1397.5,0.00954610055306887,0.00013679341645911336,0.009409306381737639,0.009546099798196752
1398.0,0.009559762441859864,0.00013679341645911336,0.009422968668133032,0.009559762084592145
1398.5,0.009573438736607301,0.00013679341645911336,0.009436644968642851,0.009573438385101964
1399.0,0.009587132318502466,0.00013679341645911336,0.009450338233606975,0.009587131650066088
1399.5,0.009600834543971497,0.00013679341645911336,0.009464040349590735,0.009600833766049848
1400.0,0.00961455189569479,0.00013679341645911336,0.009477757954858862,0.009614551371317975
1400.5,0.009628283653374524,0.00013679341645911336,0.009491489574241415,0.009628282990700529
1401.0,0.009642028376415058,0.00013679341645911336,0.009505234470153424,0.009642027886612538
1401.5,0.009655786064816386,0.00013679341645911336,0.00951899190500992,0.009655785321469034
1402.0,0.009669558159174156,0.00013679341645911336,0.009532764091565811,0.009669557508024925
1402.5,0.0096833424985949,0.00013679341645911336,0.00954654881706619,0.009683342233525303
1403.0,0.009697144125163376,0.00013679341645911336,0.009560350507020872,0.009697143923479985
1403.5,0.009710954395305714,0.00013679341645911336,0.009574160310410222,0.009710953726869335
1404.0,0.009724782672893605,0.00013679341645911336,0.009587988553423818,0.009724781969882931
1404.5,0.009738622475246648,0.00013679341645911336,0.00960182859779693,0.009738622014256043
1405.0,0.009752477403853954,0.00013679341645911336,0.009615683393869437,0.00975247681032855
1405.5,0.009766343857226415,0.00013679341645911336,0.00962954999130146,0.009766343407760574
1406.0,0.009780224716555316,0.00013679341645911336,0.00964343060284791,0.009780224019307024
1406.5,0.009794119981840658,0.00013679341645911336,0.009657325966093757,0.00979411938255287
1407.0,0.009808033974869373,0.00013679341645911336,0.009671239768963847,0.00980803318542296
1407.5,0.009821957331769776,0.00013679341645911336,0.009685163160438544,0.009821956576897658
1408.0,0.009835897255520086,0.00013679341645911336,0.009699103516367548,0.009835896932826662
1408.5,0.009849848704035548,0.00013679341645911336,0.009713054936071098,0.009849848352530211
1409.0,0.009863813117911808,0.00013679341645911336,0.009727018894719134,0.009863812311178248
1409.5,0.009877792658042332,0.00013679341645911336,0.009740999080236505,0.009877792496695618
1410.0,0.009891787324427118,0.00013679341645911336,0.009754993279868304,0.009891786696327417
1410.5,0.00990579783736399,0.00013679341645911336,0.009769003706369437,0.00990579712282855
1411.0,0.009919819875066014,0.00013679341645911336,0.009783025934230086,0.0099198193506892
1411.5,0.009933854157831013,0.00013679341645911336,0.009797059963450252,0.009933853379909366
1412.0,0.009947844502428867,0.00013679341645911336,0.0098110504751572,0.009947843891616313
1412.5,0.009961425717863792,0.00013679341645911336,0.009824631627205916,0.00996142504366503
1413.0,0.009975024220446445,0.00013679341645911336,0.009838230481293907,0.00997502389775302
1413.5,0.009988635688389896,0.00013679341645911336,0.009851841874326386,0.009988635290785499
1414.0,0.010002259401396322,0.00013679341645911336,0.009865465806303349,0.010002259222762462
1414.5,0.0100159011218483,0.00013679341645911336,0.009879107440319588,0.010015900856778701
1415.0,0.010029555087363251,0.00013679341645911336,0.009892760875695343,0.010029554292154456
1415.5,0.010043227060323755,0.00013679341645911336,0.009906433488280313,0.010043226904739426
1416.0,0.010056911998645057,0.00013679341645911336,0.0099201179022248,0.010056911318683913
1416.5,0.010070609902327155,0.00013679341645911336,0.009933816330283712,0.010070609746742825
1417.0,0.010084324372859159,0.00013679341645911336,0.00994753024762699,0.010084323664086103
1417.5,0.010098053249347606,0.00013679341645911336,0.009961259654254633,0.010098053070713747
1418.0,0.010111797252090316,0.00013679341645911336,0.009975003074996703,0.010111796491455816
1418.5,0.010125555660789466,0.00013679341645911336,0.009988761985023138,0.010125555401482252
1419.0,0.010139327755147236,0.00013679341645911336,0.01000253417157903,0.010139327588038143
1419.5,0.010153112094567983,0.00013679341645911336,0.010016318159494437,0.01015311157595355
1420.0,0.010166914441434279,0.00013679341645911336,0.01003012058703409,0.010166914003493203
1420.5,0.010180730473959194,0.00013679341645911336,0.010043936291103199,0.010180729707562312
1421.0,0.01019456091244055,0.00013679341645911336,0.010057766746871703,0.010194560163330816
1421.5,0.01020840647717617,0.00013679341645911336,0.010071612691924572,0.010208406108383685
1422.0,0.010222265007272588,0.00013679341645911336,0.010085471175921928,0.010222264592381042
1422.5,0.01023613938392109,0.00013679341645911336,0.01009934514920365,0.010236138565662764
1423.0,0.010250031768015144,0.00013679341645911336,0.010113237562109618,0.010250030978568732
1423.5,0.010263933515980884,0.00013679341645911336,0.010127139563620192,0.010263932980079306
1424.0,0.010277852551094355,0.00013679341645911336,0.010141058529585072,0.010277851946044185
1424.5,0.010291788153057733,0.00013679341645911336,0.010154994460004256,0.010291787876463369
1425.0,0.010305736000084085,0.00013679341645911336,0.010168942191782956,0.01030573560824207
1425.5,0.010319698253066879,0.00013679341645911336,0.010182904675261053,0.010319698091720167
1426.0,0.01033367707289958,0.00013679341645911336,0.010196883385608485,0.010333676802067598
1426.5,0.010347671739284366,0.00013679341645911336,0.010210877585240282,0.010347671001699395
1427.0,0.010361677930434304,0.00013679341645911336,0.010224884323816566,0.010361677740275679
1427.5,0.010375700688434152,0.00013679341645911336,0.010238906551677217,0.01037569996813633
1428.0,0.010389737852390439,0.00013679341645911336,0.010252944268822232,0.010389737685281345
1428.5,0.010403794464387923,0.00013679341645911336,0.010267000425591491,0.010403793842050604
1429.0,0.010417860440257092,0.00013679341645911336,0.010281066170965358,0.010417859587424472
1429.5,0.010431943703273992,0.00013679341645911336,0.0102951496183785,0.010431943034837613
1430.0,0.010446038491056044,0.00013679341645911336,0.010309244867151159,0.010446038283610272
1430.5,0.01046015200658147,0.00013679341645911336,0.010323357817963091,0.010460151234422205
1431.0,0.010474279928063338,0.00013679341645911336,0.010337486258059391,0.010474279674518505
1431.5,0.010488422975799468,0.00013679341645911336,0.010351628712270116,0.01048842212872923
1432.0,0.010502578988896396,0.00013679341645911336,0.010365785180595267,0.01050257859705438
1432.5,0.010516755170332341,0.00013679341645911336,0.010379961563714603,0.010516754980173716
1433.0,0.010531393062672227,0.00013679341645911336,0.010394598937440056,0.01053139235389917
1433.5,0.010552492026475981,0.00013679341645911336,0.010415698293085826,0.010552491709544939
1434.0,0.010573629886362127,0.00013679341645911336,0.010436836003150025,0.010573629419609138
1434.5,0.010594799439352445,0.00013679341645911336,0.010458005429367926,0.01059479884582704
1435.0,0.010616006447829509,0.00013679341645911336,0.010479212472419286,0.0106160058888784
1435.5,0.010637245869708566,0.00013679341645911336,0.010500451969209316,0.01063724538566843
1436.0,0.010658521306478725,0.00013679341645911336,0.010521727607662866,0.01065852102412198
1436.5,0.010679832037842165,0.00013679341645911336,0.010543037912609996,0.01067983132906911
1437.0,0.010701179504394531,0.00013679341645911336,0.010564385834390585,0.010701179250849699
1437.5,0.010722562265540178,0.00013679341645911336,0.010585768422664754,0.010722561839123868
1438.0,0.010743979600981283,0.00013679341645911336,0.010607185677432502,0.010743979093891616
1438.5,0.010765434391909136,0.00013679341645911336,0.01062864054903371,0.010765433965492824
1439.0,0.010786925918025913,0.00013679341645911336,0.01065013229988341,0.010786925716342523
1439.5,0.010808451298140327,0.00013679341645911336,0.010671657242056747,0.01080845065851586
1440.0,0.010830011972848021,0.00013679341645911336,0.010693218325893606,0.01083001174235272
1440.5,0.010851609382744641,0.00013679341645911336,0.010714815551393983,0.010851608967853097
1441.0,0.010873243527830187,0.00013679341645911336,0.01073644965614285,0.010873243072601964
1441.5,0.010894912967509014,0.00013679341645911336,0.010758119164970267,0.01089491258142938
1442.0,0.010916616981483298,0.00013679341645911336,0.010779823340291265,0.010916616756750378
1442.5,0.01093836205243344,0.00013679341645911336,0.010801568082785599,0.010938361499244712
1443.0,0.01096014097738122,0.00013679341645911336,0.010823346754188546,0.01096014017064766
1443.5,0.010981953756326636,0.00013679341645911336,0.010845160092085072,0.010981953508544185
1444.0,0.011003809032843552,0.00013679341645911336,0.010867014734739906,0.011003808151199019
1444.5,0.011025697443060284,0.00013679341645911336,0.010888903306303349,0.011025696722762462
1445.0,0.01104762546965723,0.00013679341645911336,0.010910831707455161,0.011047625123914275
1445.5,0.011069588790847455,0.00013679341645911336,0.010932794775100554,0.011069588191559667
1446.0,0.011091588847226606,0.00013679341645911336,0.010954794721994437,0.01109158813845355
1446.5,0.011113619156114285,0.00013679341645911336,0.01097682490987208,0.011113618326331193
1447.0,0.011135672514532268,0.00013679341645911336,0.010998878700468756,0.01113567211692787
1447.5,0.0111577568457566,0.00013679341645911336,0.011020962732049194,0.011157756148508308
1448.0,0.011179863506213417,0.00013679341645911336,0.011043069628763696,0.01117986304522281
1448.5,0.011201998978583113,0.00013679341645911336,0.01106520529129202,0.011201998707751133
1449.0,0.011224163983163516,0.00013679341645911336,0.011087369719634164,0.011224163136093278
1449.5,0.011246352757572048,0.00013679341645911336,0.011109558488280312,0.011246351904739426
1450.0,0.011268573945382571,0.00013679341645911336,0.01113177971066513,0.011268573127124244
1450.5,0.011290813860936468,0.00013679341645911336,0.011154020110259165,0.011290813526718279
1451.0,0.011313081868105425,0.00013679341645911336,0.01117628780049708,0.011313081216956193
1451.5,0.011335372924804688,0.00013679341645911336,0.01119857909345403,0.011335372509913143
1452.0,0.011357693513714654,0.00013679341645911336,0.011220899889809769,0.011357693306268882
1452.5,0.011380040753644039,0.00013679341645911336,0.011243246501639452,0.011380039918098566
1453.0,0.011402410322805905,0.00013679341645911336,0.011265616716188167,0.01140241013264728
1453.5,0.011424812305369765,0.00013679341645911336,0.011288018646890585,0.011424812063349698
1454.0,0.011447242379548686,0.00013679341645911336,0.011310448605821853,0.011447242022280967
1454.5,0.011469699104747023,0.00013679341645911336,0.011332905117812035,0.011469698534271149
1455.0,0.011492178879475666,0.00013679341645911336,0.01135538523252125,0.011492178648980363
1455.5,0.011514688906712835,0.00013679341645911336,0.011377894850629256,0.01151468826708837
1456.0,0.011537223424075954,0.00013679341645911336,0.011400429546626234,0.011537222963085347
1456.5,0.011559783872160667,0.00013679341645911336,0.011422990058097155,0.011559783474556268
1457.0,0.01158237601334955,0.00013679341645911336,0.011445582285721777,0.01158237570218089
1457.5,0.011604996246153495,0.00013679341645911336,0.011468202541575252,0.011604995958034365
1458.0,0.011627643129976854,0.00013679341645911336,0.011490849350487638,0.011627642766946751
1458.5,0.011650317385117454,0.00013679341645911336,0.011513523450043908,0.011650316866503021
1459.0,0.011673016850681823,0.00013679341645911336,0.01153622262748915,0.011673016043948263
1459.5,0.011695745128159076,0.00013679341645911336,0.011558951308333183,0.011695744724792297
1460.0,0.011718500056655746,0.00013679341645911336,0.01158170580465116,0.011718499221110273
1460.5,0.011741277314384898,0.00013679341645911336,0.011604483166103198,0.011741276582562311
1461.0,0.011764088426111688,0.00013679341645911336,0.011627294456463847,0.01176408787292296
1461.5,0.011786920426475318,0.00013679341645911336,0.011650126399203651,0.011786919815662765
1462.0,0.011809783399645295,0.00013679341645911336,0.011672989320512186,0.0118097827369713
1462.5,0.011832671583239045,0.00013679341645911336,0.011695877319709693,0.011832670736168806
1463.0,0.011855587858447855,0.00013679341645911336,0.011718794084721023,0.011855587501180136
1463.5,0.011878528623782615,0.00013679341645911336,0.011741734452451386,0.011878527868910499
1464.0,0.011901494599541148,0.00013679341645911336,0.01176470063565569,0.011901494052114804
1464.5,0.011924489387212562,0.00013679341645911336,0.011787695584673817,0.01192448900113293
1465.0,0.011947515147690326,0.00013679341645911336,0.011810721512260675,0.011947514928719788
1465.5,0.011970566838889684,0.00013679341645911336,0.011833772517736506,0.01197056593419562
1466.0,0.011993647342001923,0.00013679341645911336,0.011856853026611129,0.011993646443070242
1466.5,0.012016753775835758,0.00013679341645911336,0.011879960088544663,0.012016753505003776
1467.0,0.012039890462178118,0.00013679341645911336,0.01190309665387699,0.012039890070336103
1467.5,0.012063051638646429,0.00013679341645911336,0.011926257559513318,0.012063050975972432
1468.0,0.012086240186431977,0.00013679341645911336,0.0119494464933785,0.012086239909837614
1468.5,0.012109456825832586,0.00013679341645911336,0.011972662717887564,0.012109456134346677
1469.0,0.012132702277146077,0.00013679341645911336,0.011995908445795418,0.012132701862254531
1469.5,0.01215597654037245,0.00013679341645911336,0.012019182201932125,0.012155975618391239
1470.0,0.012179279615511707,0.00013679341645911336,0.012042486199052594,0.012179279615511707
1470.5,0.0122026100619682,0.00013679341645911336,0.012065816749231975,0.012202610165691088
1471.0,0.012225970760933222,0.00013679341645911336,0.012089176065225176,0.01222596948168429
1471.5,0.01224936171240677,0.00013679341645911336,0.01211256709737208,0.012249360513831194
1472.0,0.01227277139162369,0.00013679341645911336,0.012135978044313168,0.012272771460772281
1472.5,0.012296211323349137,0.00013679341645911336,0.012159417019483107,0.01229621043594222
1473.0,0.012319675745200535,0.00013679341645911336,0.012182881072542019,0.012319674489001132
1473.5,0.012343164657177882,0.00013679341645911336,0.012206370941074875,0.012343164357533989
1474.0,0.01236667805928118,0.00013679341645911336,0.012229883674741792,0.012366677091200906
1474.5,0.012390218832701715,0.00013679341645911336,0.012253424436637564,0.012390217853096677
1475.0,0.012413786977439488,0.00013679341645911336,0.012276993226762185,0.012413786643221299
1475.5,0.012437381052898856,0.00013679341645911336,0.012300587094775781,0.012437380511234894
1476.0,0.012461002499675463,0.00013679341645911336,0.012324208991018227,0.01246100240747734
1476.5,0.012484649877173662,0.00013679341645911336,0.012347855965149647,0.01248464938160876
1477.0,0.012508324625989102,0.00013679341645911336,0.01237153096750992,0.012508324383969033
1477.5,0.012532026746121779,0.00013679341645911336,0.012395232522929104,0.012532025939388217
1478.0,0.012555753356380405,0.00013679341645911336,0.012418959156237261,0.012555752572696375
1478.5,0.012579505897360626,0.00013679341645911336,0.01244271234260433,0.012579505759063444
1479.0,0.012603287250253729,0.00013679341645911336,0.012466493557200252,0.012603286973659365
1479.5,0.012627098855655359,0.00013679341645911336,0.012490304275194965,0.012627097691654078
1480.0,0.01265093206999165,0.00013679341645911336,0.01251413859590871,0.012650932012367824
1480.5,0.01267479265564518,0.00013679341645911336,0.01253799799451143,0.012674791410970544
1481.0,0.012698682053211592,0.00013679341645911336,0.012561888371682881,0.012698681788141994
1481.5,0.012722600262690887,0.00013679341645911336,0.012585806777083182,0.012722600193542296
1482.0,0.012746544402891776,0.00013679341645911336,0.012609750260372457,0.01274654367683157
1482.5,0.012770523117388122,0.00013679341645911336,0.012633729147740282,0.012770522564199395
1483.0,0.01279452632201042,0.00013679341645911336,0.01265773163782714,0.012794525054286254
1483.5,0.01281855113556738,0.00013679341645911336,0.012681757730633032,0.012818551147092145
1484.0,0.012842606201632866,0.00013679341645911336,0.012705811851667775,0.012842605268126889
1484.5,0.012866690079611234,0.00013679341645911336,0.01272989547610131,0.012866688892560423
1485.0,0.012890799888311195,0.00013679341645911336,0.012754005653593756,0.01289079907005287
1485.5,0.012914941390115328,0.00013679341645911336,0.012778146809654936,0.012914940226114049
1486.0,0.012939108822641055,0.00013679341645911336,0.012802314518775025,0.012939107935234138
1486.5,0.012963305067079664,0.00013679341645911336,0.012826511731293908,0.012963305147753021
1487.0,0.012987530123431157,0.00013679341645911336,0.012850735496871702,0.012987528913330815
1487.5,0.013011782551099887,0.00013679341645911336,0.012874988765848288,0.013011782182307401
1488.0,0.013036063790681498,0.00013679341645911336,0.012899270063053726,0.01303606347951284
1488.5,0.013060375282771639,0.00013679341645911336,0.012923580863657956,0.01306037428011707
1489.0,0.013084711264987727,0.00013679341645911336,0.012947916742151159,0.013084710158610272
1489.5,0.013109078940307986,0.00013679341645911336,0.012972285074383031,0.013109078490842144
1490.0,0.013133473986945483,0.00013679341645911336,0.012996679959673817,0.01313347337613293
1490.5,0.01315789352370893,0.00013679341645911336,0.013021099922853576,0.01315789333931269
1491.0,0.013182340431789617,0.00013679341645911336,0.013045546439092247,0.01318233985555136
1491.5,0.013206813270591897,0.00013679341645911336,0.013070019508389829,0.013206812924848942
1492.0,0.01323131492130706,0.00013679341645911336,0.013094520605916263,0.013231314022375377
1492.5,0.013255841062148171,0.00013679341645911336,0.013119046781331672,0.013255840197790785
1493.0,0.01328039745549781,0.00013679341645911336,0.013143603935315811,0.013280397351774925
1493.5,0.0133049783389734,0.00013679341645911336,0.013168184692018983,0.013304978108478097
1494.0,0.01332958803436187,0.00013679341645911336,0.013192793476951008,0.013329586893410121
1494.5,0.013354222219876291,0.00013679341645911336,0.013217428814941944,0.013354222231401057
1495.0,0.013378885217303595,0.00013679341645911336,0.013242090705991793,0.013378884122450906
1495.5,0.013403574145452493,0.00013679341645911336,0.013266780625270494,0.013403574041729607
1496.0,0.01342829044491863,0.00013679341645911336,0.013291497097608107,0.01342829051406722
1496.5,0.013453038437488936,0.00013679341645911336,0.013316244548514452,0.013453037964973566
1497.0,0.013477809479589549,0.00013679341645911336,0.013341015602139829,0.013477809018598942
1497.5,0.013502613655389977,0.00013679341645911336,0.013365819109503877,0.01350261252596299
1498.0,0.013527443761911997,0.00013679341645911336,0.013390649169926837,0.01352744258638595
1498.5,0.013552298358559969,0.00013679341645911336,0.013415504308238771,0.013552297724697885
1499.0,0.013577184648312111,0.00013679341645911336,0.013440390425119436,0.01357718384157855
1499.5,0.013602099749977135,0.00013679341645911336,0.013465306045398893,0.013602099461858006
1500.0,0.013627040782363754,0.00013679341645911336,0.013490246743567321,0.013627040160026435
1500.5,0.01365200918606761,0.00013679341645911336,0.013515215469964603,0.013652008886423716
1501.0,0.013677010723471281,0.00013679341645911336,0.013540216650100554,0.013677010066559667
1501.5,0.013702036751000903,0.00013679341645911336,0.01356524290812548,0.013702036324584593
1502.0,0.01372709303103905,0.00013679341645911336,0.013590298669549195,0.013727092086008308
1502.5,0.01375218100418137,0.00013679341645911336,0.013615386884711582,0.013752180301170695
1503.0,0.013777293467449638,0.00013679341645911336,0.013640498702593002,0.013777292119052115
1503.5,0.013802437623822076,0.00013679341645911336,0.013665642974213093,0.013802436390672206
1504.0,0.01382761491389433,0.00013679341645911336,0.013690821174741793,0.013827614591200906
1504.5,0.013852813812901247,0.00013679341645911336,0.013716020027649647,0.01385281344410876
1505.0,0.013878045845607976,0.00013679341645911336,0.013741251334296174,0.013878044750755287
1505.5,0.013903308130823234,0.00013679341645911336,0.013766513619511431,0.013903307035970544
1506.0,0.013928597787355728,0.00013679341645911336,0.01379180393295554,0.013928597349414653
1506.5,0.013953916255801106,0.00013679341645911336,0.0138171222746285,0.013953915691087613
1507.0,0.013979263536159366,0.00013679341645911336,0.013842470119700252,0.013979263536159366
1507.5,0.014004639628430508,0.00013679341645911336,0.013867845993000857,0.01400463940945997
1508.0,0.014030048854401464,0.00013679341645911336,0.01389325432004013,0.014030047736499244
1508.5,0.014055479689307083,0.00013679341645911336,0.01391868624979844,0.014055479666257554
1509.0,0.014080940776721229,0.00013679341645911336,0.013944146207785599,0.014080939624244712
1509.5,0.014106424913665679,0.00013679341645911336,0.013969631243661733,0.014106424660120846
1510.0,0.014131940743714301,0.00013679341645911336,0.013995147258106596,0.01413194067456571
1510.5,0.014157482504484517,0.00013679341645911336,0.014020688350440434,0.014157481766899547
1511.0,0.014183050195976326,0.00013679341645911336,0.014046255995833182,0.014183049412292295
1511.5,0.014208645258785374,0.00013679341645911336,0.014071851669454783,0.014208645085913896
1512.0,0.014234269133507305,0.00013679341645911336,0.014097475371305236,0.01423426878776435
1512.5,0.014259921820142117,0.00013679341645911336,0.014123127101384542,0.014259920517843656
1513.0,0.014285600437498524,0.00013679341645911336,0.014148806859692699,0.014285600276151812
1513.5,0.014311307866767814,0.00013679341645911336,0.014174513171059768,0.014311306587518882
1514.0,0.014337044107949986,0.00013679341645911336,0.01420025046099557,0.014337043877454683
1514.5,0.014362814923427617,0.00013679341645911336,0.01422602020467004,0.014362813621129154
1515.0,0.014388603026052976,0.00013679341645911336,0.014251809125553726,0.01438860254201284
1515.5,0.014414422821782506,0.00013679341645911336,0.014277629025006143,0.014414422441465256
1516.0,0.014440275751211852,0.00013679341645911336,0.01430348137819723,0.014440274794656344
1516.5,0.014466151730171503,0.00013679341645911336,0.014329357334107352,0.014466150750566465
1517.0,0.01449206084283097,0.00013679341645911336,0.014355267218926084,0.014492060635385197
1517.5,0.01451799300502074,0.00013679341645911336,0.014381199231293908,0.014517992647753022
1518.0,0.014543959741505972,0.00013679341645911336,0.014407165172570343,0.014543958589029456
1518.5,0.014569950968117152,0.00013679341645911336,0.014433156191735751,0.014569949608194865
1519.0,0.014595972447236859,0.00013679341645911336,0.014459178189469889,0.014595971605929002
1519.5,0.014622021297673805,0.00013679341645911336,0.014485226740262942,0.014622020156722055
1520.0,0.014648104722406208,0.00013679341645911336,0.014511310695134541,0.014648104111593655
1520.5,0.014674212637264563,0.00013679341645911336,0.014537418252725177,0.01467421166918429
1521.0,0.0147003493640358,0.00013679341645911336,0.014563555313714604,0.014700348730173717
1521.5,0.014726519224506851,0.00013679341645911336,0.0145897248284427,0.014726518244901813
1522.0,0.01475271645629514,0.00013679341645911336,0.014615922371399649,0.014752715787858762
1522.5,0.014778943940591956,0.00013679341645911336,0.014642149417755388,0.014778942834214501
1523.0,0.014805198796206011,0.00013679341645911336,0.01466840449233998,0.014805197908799094
1523.5,0.014831488226115524,0.00013679341645911336,0.014694693495833184,0.014831486912292297
1524.0,0.014857803586746631,0.00013679341645911336,0.014721009052385298,0.014857802468844411
1524.5,0.01488415064048191,0.00013679341645911336,0.014747357062676082,0.014884150479135196
1525.0,0.014910526506130069,0.00013679341645911336,0.014773733101195721,0.014910526517654834
1525.5,0.014936942708456264,0.00013679341645911336,0.014800148969303727,0.01493694238576284
1526.0,0.014963377638525833,0.00013679341645911336,0.014826584014620947,0.01496337743108006
1526.5,0.014989838499316996,0.00013679341645911336,0.01485304413782714,0.014989837554286253
1527.0,0.015016328172021042,0.00013679341645911336,0.014879533764432126,0.015016327180891239
1527.5,0.01504283945365975,0.00013679341645911336,0.014906045518586203,0.015042838935045317
1528.0,0.015069380987806982,0.00013679341645911336,0.014932586776139074,0.015069380192598188
1528.5,0.015095948452675811,0.00013679341645911336,0.014959154586750857,0.01509594800320997
1529.0,0.01512254472945752,0.00013679341645911336,0.014985750425591492,0.015122543842050605
1529.5,0.015149166936960825,0.00013679341645911336,0.015012372817491038,0.015149166233950151
1530.0,0.015175819396972656,0.00013679341645911336,0.015039024712789376,0.01517581812924849
1530.5,0.015202496347110437,0.00013679341645911336,0.015065701685976688,0.015202495102435801
1531.0,0.015229197787374167,0.00013679341645911336,0.015092403737052972,0.015229197153512085
1531.5,0.01525593092074207,0.00013679341645911336,0.015119136766697986,0.0152559301831571
1532.0,0.015282688544235921,0.00013679341645911336,0.015145894874231975,0.015282688290691088
1532.5,0.0153094764202383,0.00013679341645911336,0.015172682485164754,0.015309475901623867
1533.0,0.01533629022696227,0.00013679341645911336,0.015199496649156445,0.015336290065615559
1533.5,0.015363132845599125,0.00013679341645911336,0.01522633884137699,0.015363132257836103
1534.0,0.015390004276148863,0.00013679341645911336,0.015253210536996326,0.015390003953455439
1534.5,0.015416903078015838,0.00013679341645911336,0.015280108785674573,0.015416902202133686
1535.0,0.015443832132391339,0.00013679341645911336,0.015307038012921551,0.015443831429380665
1535.5,0.015470788558084078,0.00013679341645911336,0.015333993793227443,0.015470787209686556
1536.0,0.015497772355094057,0.00013679341645911336,0.015360977601762187,0.0154977710182213
1536.5,0.015524787845208205,0.00013679341645911336,0.015387993864035599,0.015524787280494712
1537.0,0.015551827825448304,0.00013679341645911336,0.015415033729028046,0.01555182714548716
1537.5,0.015578895177005642,0.00013679341645911336,0.015442101622249346,0.015578895038708459
1538.0,0.015605994221667148,0.00013679341645911336,0.015469200494039376,0.01560599391049849
1538.5,0.015633123518837184,0.00013679341645911336,0.015496328869228198,0.01563312228568731
1539.0,0.01566027874672881,0.00013679341645911336,0.015523485272645871,0.015660278689104985
1539.5,0.015687467108320252,0.00013679341645911336,0.015550672654632277,0.01568746607109139
1540.0,0.015714675638250714,0.00013679341645911336,0.015577882164167774,0.015714675580626888
1540.5,0.01574180493542075,0.00013679341645911336,0.015605010539356597,0.01574180395581571
1541.0,0.01576877288587864,0.00013679341645911336,0.015631978121022006,0.01576877153748112
1541.5,0.01579577108884506,0.00013679341645911336,0.015658976681256143,0.015795770097715257
1542.0,0.015822812509680803,0.00013679341645911336,0.01568601802141853,0.015822811437877643
1542.5,0.01584987553945121,0.00013679341645911336,0.01571308148913001,0.015849874905589124
1543.0,0.015877078306999092,0.00013679341645911336,0.01574028362281581,0.015877077039274923
1543.5,0.015907771637792674,0.00013679341645911336,0.015770977483748592,0.015907770900207705
1544.0,0.015941330313322406,0.00013679341645911336,0.01580453612470403,0.015941329541163143
1544.5,0.015974929325530175,0.00013679341645911336,0.015838134595247834,0.015974928011706947
1545.0,0.016008565793224693,0.00013679341645911336,0.01587177142021007,0.016008564836669185
1545.5,0.016042246919384176,0.00013679341645911336,0.015905452500270492,0.016042245916729606
1546.0,0.016075965501030406,0.00013679341645911336,0.015939171934749346,0.01607596535120846
1546.5,0.016109728741141603,0.00013679341645911336,0.015972934149156445,0.01610972756561556
1547.0,0.016143540961504704,0.00013679341645911336,0.016006746519341492,0.016143539935800606
1547.5,0.016177386315567616,0.00013679341645911336,0.016040592818435145,0.01617738623489426
1548.0,0.016211274887499853,0.00013679341645911336,0.01607448042228711,0.016211273838746224
1548.5,0.016245205236705768,0.00013679341645911336,0.01610841080606732,0.016245204222526434
1549.0,0.016279171600802788,0.00013679341645911336,0.016142378069096023,0.016279171485555136
1549.5,0.01631318838574735,0.00013679341645911336,0.016176394012732728,0.01631318742919184
1550.0,0.016347246947965594,0.00013679341645911336,0.016210452736297683,0.016347246152756796
1550.5,0.016381344406266228,0.00013679341645911336,0.016244549814281067,0.01638134323074018
1551.0,0.016415485082436183,0.00013679341645911336,0.016278691147362637,0.01641548456382175
1551.5,0.01644967041707111,0.00013679341645911336,0.0163128767355424,0.01644967015200151
1552.0,0.016483900410171,0.00013679341645911336,0.016347106578820342,0.016483899995279456
1552.5,0.016518175061735862,0.00013679341645911336,0.016381380677196477,0.01651817409365559
1553.0,0.016552485728191825,0.00013679341645911336,0.0164156916548211,0.016552485071280213
1553.5,0.0165868424937084,0.00013679341645911336,0.016450048362713847,0.01658684177917296
1554.0,0.01662124535828559,0.00013679341645911336,0.016484450800874722,0.016621244217333835
1554.5,0.016655690000136454,0.00013679341645911336,0.016518896018963846,0.01665568943542296
1555.0,0.016690182181643577,0.00013679341645911336,0.01655338844249104,0.016690181858950152
1555.5,0.01672471469982873,0.00013679341645911336,0.016587920695606596,0.01672471411206571
1556.0,0.016759294757670146,0.00013679341645911336,0.01662250015416022,0.016759293570619335
1556.5,0.016793918033380883,0.00013679341645911336,0.016657123867812033,0.016793917284271147
1557.0,0.016828585967556587,0.00013679341645911336,0.016691791836562036,0.01682858525302115
1557.5,0.01686330288198419,0.00013679341645911336,0.01672650848592004,0.016863301902379155
1558.0,0.01689807021725934,0.00013679341645911336,0.01676127529105599,0.016898068707515104
1558.5,0.016932875008021236,0.00013679341645911336,0.016796080450610373,0.016932873867069487
1559.0,0.0169677244572481,0.00013679341645911336,0.016830929865262943,0.016967723281722056
1559.5,0.017002618564939932,0.00013679341645911336,0.016865825010183636,0.01700261842664275
1560.0,0.017037561652883663,0.00013679341645911336,0.0169007673605424,0.017037560777001512
1560.5,0.017072550839888005,0.00013679341645911336,0.016935756916339226,0.01707255033279834
1561.0,0.017107584685357315,0.00013679341645911336,0.01697079072723424,0.017107584143693354
1561.5,0.01714266607048288,0.00013679341645911336,0.01700587174356732,0.017142665160026434
1562.0,0.017177792114073415,0.00013679341645911336,0.01704099849016853,0.017177791906627642
1562.5,0.01721296713791585,0.00013679341645911336,0.017076172442207806,0.01721296585866692
1563.0,0.017248188260818895,0.00013679341645911336,0.017111393599685148,0.01724818701614426
1563.5,0.01728345404218691,0.00013679341645911336,0.017146660487430614,0.017283453903889728
1564.0,0.01731877168499811,0.00013679341645911336,0.01718197753095403,0.01731877094741314
1564.5,0.017354132545678636,0.00013679341645911336,0.01721733882957563,0.017354132246034742
1565.0,0.017389542386611063,0.00013679341645911336,0.017252748808805236,0.01738954222526435
1565.5,0.017425002648391034,0.00013679341645911336,0.01728820894381279,0.017425002360271905
1566.0,0.017460504687444683,0.00013679341645911336,0.01732371038357865,0.017460503800037764
1566.5,0.01749605570675023,0.00013679341645911336,0.017359261979122458,0.01749605539558157
1567.0,0.0175316629092859,0.00013679341645911336,0.01739486815595403,0.01753166157241314
1567.5,0.017567311889095247,0.00013679341645911336,0.017430517112713848,0.01756731052917296
1568.0,0.017603005527369566,0.00013679341645911336,0.017466211799741792,0.017603005216200906
1568.5,0.01763876399244787,0.00013679341645911336,0.01750196991907714,0.017638763335536253
1569.0,0.01767455703182163,0.00013679341645911336,0.017537763442491038,0.01767455685895015
1569.5,0.01771040625442551,0.00013679341645911336,0.0175736115471927,0.017710404963651814
1570.0,0.01774630013549436,0.00013679341645911336,0.017609505382162487,0.0177462987986216
1570.5,0.01778224011562382,0.00013679341645911336,0.017645446422570342,0.017782239839029455
1571.0,0.0178182362789834,0.00013679341645911336,0.01768144204426596,0.017818235460725074
1571.5,0.01785426989782973,0.00013679341645911336,0.01771747602038001,0.017854269436839123
1572.0,0.017890351056332316,0.00013679341645911336,0.017753557201932127,0.01789035061839124
1572.5,0.017926476873299867,0.00013679341645911336,0.017789682638582428,0.01792647605504154
1573.0,0.017962640145754164,0.00013679341645911336,0.017825846429651158,0.01796263984611027
1573.5,0.017998856720247296,0.00013679341645911336,0.017862061851667776,0.01799885526812689
1574.0,0.018035109309631533,0.00013679341645911336,0.01789831562810282,0.018035109044561935
1574.5,0.01807140799807638,0.00013679341645911336,0.017934613659636053,0.018071407076095166
1575.0,0.018107755666773126,0.00013679341645911336,0.01797096184694723,0.018107755263406345
1575.5,0.018144142231552262,0.00013679341645911336,0.018007348388676837,0.01814414180513595
1576.0,0.01818057345479637,0.00013679341645911336,0.018043779185504632,0.018180572601963745
1576.5,0.018217050777101083,0.00013679341645911336,0.018080257187770492,0.018217050604229606
1577.0,0.018253571317275126,0.00013679341645911336,0.018116776494794665,0.018253569911253778
1577.5,0.018290139397105422,0.00013679341645911336,0.01815334448242684,0.018290137898885953
1578.0,0.018326752135400685,0.00013679341645911336,0.01818995820032714,0.018326751616786253
1578.5,0.018363410972756563,0.00013679341645911336,0.01822661617332563,0.018363409589784743
1579.0,0.01840010870619483,0.00013679341645911336,0.01826331397591249,0.018400107392371603
1579.5,0.018436865504054503,0.00013679341645911336,0.01830007078529693,0.018436864201756043
1580.0,0.01847365687620964,0.00013679341645911336,0.01833686299875992,0.018473656415219034
1580.5,0.018510497228616675,0.00013679341645911336,0.018373702417660977,0.01851049583412009
1581.0,0.01854738368008432,0.00013679341645911336,0.018410589042000103,0.018547382458459216
1581.5,0.018584314790016935,0.00013679341645911336,0.01844751992143741,0.018584313337896525
1582.0,0.018621290558414518,0.00013679341645911336,0.01848449653114285,0.018621289947601965
1582.5,0.018658315307063997,0.00013679341645911336,0.018521520346286353,0.018658313762745467
1583.0,0.018695387595369737,0.00013679341645911336,0.018558592842037865,0.01869538625849698
1583.5,0.018732505982736087,0.00013679341645911336,0.0185957110680575,0.018732504484516615
1584.0,0.018769669028567405,0.00013679341645911336,0.01863287502434527,0.018769668440804382
1584.5,0.018806882495246265,0.00013679341645911336,0.018670087661241036,0.01880688107770015
1585.0,0.01884414206098574,0.00013679341645911336,0.018707347503574875,0.01884414092003399
1585.5,0.018881447725785823,0.00013679341645911336,0.01874465307617684,0.018881446492635953
1586.0,0.018918800930242164,0.00013679341645911336,0.01878200732938681,0.018918800745845923
1586.5,0.018956203114950405,0.00013679341645911336,0.018819408788034845,0.01895620220449396
1587.0,0.018993652839314902,0.00013679341645911336,0.018856858927290887,0.01899365234375
1587.5,0.0190311515439313,0.00013679341645911336,0.018894357747154936,0.01903115116361405
1588.0,0.019068702109990884,0.00013679341645911336,0.01893190819796687,0.019068701614425983
1588.5,0.01910629877511108,0.00013679341645911336,0.018969504379046927,0.01910629779550604
1589.0,0.019143942979887533,0.00013679341645911336,0.019007149240734995,0.01914394265719411
1589.5,0.019181634724320242,0.00013679341645911336,0.019044839832691188,0.0191816332491503
1590.0,0.01921938553317436,0.00013679341645911336,0.019082590906614905,0.019219384323074018
1590.5,0.019257173797515223,0.00013679341645911336,0.01912037885978711,0.019257172276246223
1591.0,0.019295011042107988,0.00013679341645911336,0.019158216968737263,0.019295010385196376
1591.5,0.01933290302933523,0.00013679341645911336,0.01919610818380524,0.01933290160026435
1592.0,0.019370842556218727,0.00013679341645911336,0.01923404807948122,0.019370841495940334
1592.5,0.019408831063354122,0.00013679341645911336,0.019272036655765205,0.01940883007222432
1593.0,0.01944686855074142,0.00013679341645911336,0.0193100739126572,0.019446867329116314
1593.5,0.019484955018380618,0.00013679341645911336,0.01934816132532714,0.019484954741786253
1594.0,0.01952309622865429,0.00013679341645911336,0.019386301844114905,0.019523095260574018
1594.5,0.019561283537988576,0.00013679341645911336,0.019424489568340735,0.01956128298479985
1595.0,0.019599521268170404,0.00013679341645911336,0.019462727448344513,0.019599520864803627
1595.5,0.019637812300391067,0.00013679341645911336,0.019501018434466114,0.019637811850925228
1596.0,0.01967614943167234,0.00013679341645911336,0.019539355150855843,0.019676148567314956
1596.5,0.01971454130558809,0.00013679341645911336,0.019577746448533332,0.019714539864992445
1597.0,0.019752980719160096,0.00013679341645911336,0.01961618642681883,0.019752979843277944
1597.5,0.019791473434770935,0.00013679341645911336,0.019654679511222156,0.01979147292768127
1598.0,0.01983002089301625,0.00013679341645911336,0.01969322717691324,0.019830020593372355
1598.5,0.01986861877210911,0.00013679341645911336,0.019731824998382275,0.019868618414841388
1599.0,0.019907264190858226,0.00013679341645911336,0.019770470025289377,0.01990726344174849
1599.5,0.019945955708667952,0.00013679341645911336,0.019809160782464603,0.019945954198923716
1600.0,0.01998469332553829,0.00013679341645911336,0.019847898745077894,0.019984692161537008
1600.5,0.02002348136325617,0.00013679341645911336,0.019886686863469134,0.020023480279928247
1601.0,0.02006232126241724,0.00013679341645911336,0.019925526612808258,0.02006232002926737
1601.5,0.020101200057660706,0.00013679341645911336,0.01996440619173575,0.020101199608194863
1602.0,0.020140127833156066,0.00013679341645911336,0.02000333297610131,0.020140126392560423
1602.5,0.020179098826520754,0.00013679341645911336,0.020042304015565057,0.02017909743202417
1603.0,0.02021811880013734,0.00013679341645911336,0.020081323735636807,0.02021811715209592
1603.5,0.02025718631341018,0.00013679341645911336,0.020120392136316567,0.02025718555277568
1604.0,0.020296304247530567,0.00013679341645911336,0.02015950921760433,0.020296302634063443
1604.5,0.020335468280711564,0.00013679341645911336,0.02019867350433016,0.020335466920789275
1605.0,0.02037468129414446,0.00013679341645911336,0.020237886471664,0.020374679888123113
1605.5,0.020413941847233615,0.00013679341645911336,0.02027714811960584,0.020413941536064954
1606.0,0.020453251380574668,0.00013679341645911336,0.02031645697298575,0.020453250389444864
1606.5,0.020492608453571978,0.00013679341645911336,0.020355814506973668,0.02049260792343278
1607.0,0.020532014506821187,0.00013679341645911336,0.020395220721569587,0.0205320141380287
1607.5,0.02057147098091794,0.00013679341645911336,0.020434677091943455,0.020571470508402568
1608.0,0.020610974994670947,0.00013679341645911336,0.020474180667755387,0.0206109740842145
1608.5,0.020650526548080216,0.00013679341645911336,0.02051373144900539,0.020650524865464502
1609.0,0.020690125641145734,0.00013679341645911336,0.020553330910863393,0.020690124327322507
1609.5,0.020729776595654444,0.00013679341645911336,0.020592982003669286,0.0207297754201284
1610.0,0.020769477971010697,0.00013679341645911336,0.020632683252253124,0.020769476668712237
1610.5,0.020809229767214495,0.00013679341645911336,0.020672434656614905,0.020809228073074018
1611.0,0.02084902910307455,0.00013679341645911336,0.020712234741584692,0.020849028158043806
1611.5,0.020888888943951654,0.00013679341645911336,0.020752093833352064,0.020888887249811177
1612.0,0.02092878624031551,0.00013679341645911336,0.020791991279537864,0.020928784695996978
1612.5,0.020968736838718194,0.00013679341645911336,0.02083194183184149,0.020968735248300605
1613.0,0.021008737857968425,0.00013679341645911336,0.020871944015093003,0.021008737431552117
1613.5,0.021048787857470556,0.00013679341645911336,0.020911993403782577,0.02104878682024169
1614.0,0.021088885396628943,0.00013679341645911336,0.02095209147308016,0.021088884889539274
1614.5,0.02112903623782616,0.00013679341645911336,0.02099224117332563,0.021129034589784743
1615.0,0.021169237499870923,0.00013679341645911336,0.021032442504518984,0.021169235920978097
1615.5,0.021209487742167587,0.00013679341645911336,0.021072693991490282,0.021209487407949396
1616.0,0.02124979128650308,0.00013679341645911336,0.021112997109409466,0.02124979052586858
1616.5,0.02129014813287741,0.00013679341645911336,0.021153353333446475,0.02129014674990559
1617.0,0.021330555400099278,0.00013679341645911336,0.02119376118843137,0.021330554604890483
1617.5,0.021371013088168696,0.00013679341645911336,0.02123421919919421,0.02137101261565332
1618.0,0.021411521197085653,0.00013679341645911336,0.021274727365734995,0.021411520782194108
1618.5,0.02145207972685016,0.00013679341645911336,0.021315285688053725,0.021452079104512838
1619.0,0.02149269732103607,0.00013679341645911336,0.021355903017170042,0.021492696433629156
1619.5,0.021533363895473882,0.00013679341645911336,0.021396569026894362,0.021533362443353476
1620.0,0.02157408089075924,0.00013679341645911336,0.021437286667566568,0.02157408008402568
1620.5,0.021614848306892143,0.00013679341645911336,0.021478054464016717,0.02161484788047583
1621.0,0.021655575386347006,0.00013679341645911336,0.02151878095570856,0.021655574372167672
1621.5,0.021696162728024392,0.00013679341645911336,0.021559368781426082,0.021696162197885196
1622.0,0.021736819218292697,0.00013679341645911336,0.021600024464960826,0.02173681788141994
1622.5,0.021777537654173697,0.00013679341645911336,0.021640743580802972,0.021777536997262086
1623.0,0.021818310832689175,0.00013679341645911336,0.02168151580276294,0.021818309219222055
1623.5,0.02185914883800864,0.00013679341645911336,0.021722354407370192,0.021859147823829306
1624.0,0.021900047348345154,0.00013679341645911336,0.021763253493944965,0.021900046910404078
1624.5,0.02194100492310308,0.00013679341645911336,0.021804210112147383,0.021941003528606496
1625.0,0.021982025884069344,0.00013679341645911336,0.02184523163782714,0.021982025054286255
1625.5,0.02202311311243524,0.00013679341645911336,0.02188631807098424,0.022023111487443355
1626.0,0.02206425508343561,0.00013679341645911336,0.021927460560599042,0.022064253977058156
1626.5,0.022105463321835613,0.00013679341645911336,0.02196866943286113,0.022105462849320242
1627.0,0.0221467363870396,0.00013679341645911336,0.022009941737430615,0.022146735153889728
1627.5,0.022188058432495487,0.00013679341645911336,0.02205126419777805,0.022188057614237162
1628.0,0.022229429458203272,0.00013679341645911336,0.022092635338733485,0.0222294287551926
1628.5,0.022270850904758603,0.00013679341645911336,0.02213405663546687,0.022270850051925983
1629.0,0.022312328534544054,0.00013679341645911336,0.022175533988657955,0.022312327405117068
1629.5,0.022353853703985762,0.00013679341645911336,0.02221705854728711,0.022353851963746223
1630.0,0.022395429294275012,0.00013679341645911336,0.02225863473686415,0.022395428153323262
1630.5,0.02243705962719874,0.00013679341645911336,0.022300265507728952,0.022437058924188066
1631.0,0.022478733177991792,0.00013679341645911336,0.022341939058522005,0.022478732474981118
1631.5,0.022520462912014965,0.00013679341645911336,0.02238366866577276,0.022520462082231872
1632.0,0.022562244507481323,0.00013679341645911336,0.0224254499039714,0.022562243320430515
1632.5,0.022604079404986516,0.00013679341645911336,0.022467284248287867,0.02260407766474698
1633.0,0.022645961842147965,0.00013679341645911336,0.022509167273212338,0.02264596068967145
1633.5,0.02268790622492211,0.00013679341645911336,0.02255111225527427,0.022687905671733382
1634.0,0.022729899587948157,0.00013679341645911336,0.02259310444277427,0.022729897859233385
1634.5,0.022771940490630457,0.00013679341645911336,0.022635145310882277,0.02277193872734139
1635.0,0.022814034695351593,0.00013679341645911336,0.022677240760278047,0.02281403417673716
1635.5,0.022856180761515913,0.00013679341645911336,0.022719386365451764,0.022856179781910877
1636.0,0.022898380129719068,0.00013679341645911336,0.022761585076743304,0.022898378493202417
1636.5,0.022940631359365412,0.00013679341645911336,0.02280383689415267,0.022940630310611783
1637.0,0.022982931569263655,0.00013679341645911336,0.022846137392170042,0.022982930808629155
1637.5,0.02302528940298766,0.00013679341645911336,0.022888495421815057,0.02302528883827417
1638.0,0.023067700538750503,0.00013679341645911336,0.022930906557577894,0.023067699974037008
1638.5,0.023110160654765243,0.00013679341645911336,0.022973366373948742,0.023110159790407855
1639.0,0.0231526769540101,0.00013679341645911336,0.02301588224677729,0.023152675663236404
1639.5,0.02319524799588944,0.00013679341645911336,0.023058454176063545,0.023195247592522658
1640.0,0.023237870899211963,0.00013679341645911336,0.023101076261127746,0.02323786967758686
1640.5,0.02328054710457332,0.00013679341645911336,0.023143752927479708,0.02328054634393882
1641.0,0.0233232794931648,0.00013679341645911336,0.023186485650289378,0.02332327906674849
1641.5,0.023366063743199467,0.00013679341645911336,0.023229268528876988,0.0233660619453361
1642.0,0.023408901295272965,0.00013679341645911336,0.023272107463922307,0.02340890088038142
1642.5,0.02345179358998094,0.00013679341645911336,0.02331499950508545,0.023451792921544562
1643.0,0.02349474062732339,0.00013679341645911336,0.023357946127536354,0.023494739543995467
1643.5,0.023537746729087254,0.00013679341645911336,0.023400951756784843,0.023537745173243956
1644.0,0.023580811895272523,0.00013679341645911336,0.023444017868000856,0.02358081128445997
1644.5,0.023623923160518406,0.00013679341645911336,0.023487128234315056,0.02362392165077417
1645.0,0.023667089168398762,0.00013679341645911336,0.023530294657086958,0.02366708807354607
1645.5,0.023710307037722308,0.00013679341645911336,0.023573512710806748,0.02371030612726586
1646.0,0.02375358541206291,0.00013679341645911336,0.02361679124649406,0.023753584662953173
1646.5,0.023796917088442338,0.00013679341645911336,0.023660122888299193,0.023796916304758307
1647.0,0.023840306388647536,0.00013679341645911336,0.023703512061731973,0.023840305478191087
1647.5,0.023883748990891563,0.00013679341645911336,0.02374695434128258,0.023883747757741693
1648.0,0.023927252098152645,0.00013679341645911336,0.023790457102800706,0.02392725051925982
1648.5,0.023970804185665627,0.00013679341645911336,0.023834010020096778,0.02397080343655589
1649.0,0.02401441677819566,0.00013679341645911336,0.023877621944190432,0.024014415360649546
1649.5,0.024058078350977594,0.00013679341645911336,0.023921284024062035,0.024058077440521148
1650.0,0.024101800428776583,0.00013679341645911336,0.023965006585901158,0.02410180000236027
1650.5,0.02414557868980569,0.00013679341645911336,0.024008783729028045,0.02414557714548716
1651.0,0.02418941313406492,0.00013679341645911336,0.024052618403782578,0.02418941182024169
1651.5,0.024233302320958626,0.00013679341645911336,0.024096509134994813,0.024233302551453926
1652.0,0.024277252012869382,0.00013679341645911336,0.024140457397834693,0.024277250814293806
1652.5,0.02432125644741462,0.00013679341645911336,0.024184463192302216,0.02432125660876133
1653.0,0.024365318505785615,0.00013679341645911336,0.024228525043227443,0.024365318459686557
1653.5,0.02440943818798238,0.00013679341645911336,0.024272642950610372,0.024409436367069486
1654.0,0.024453615494004908,0.00013679341645911336,0.024316821339960826,0.02445361475641994
1654.5,0.024497847542661915,0.00013679341645911336,0.024361052835429105,0.02449784625188822
1655.0,0.024542151621101127,0.00013679341645911336,0.02440535661422442,0.024542150030683534
1655.5,0.024586625689826343,0.00013679341645911336,0.02444983151273273,0.024586624929191843
1656.0,0.024635012416320986,0.00013679341645911336,0.024498217086750856,0.02463501050320997
1656.5,0.024685165313075318,0.00013679341645911336,0.024548371389526535,0.02468516480598565
1657.0,0.024735398883185718,0.00013679341645911336,0.024598603876309015,0.02473539729276813
1657.5,0.02478571312665219,0.00013679341645911336,0.024648917497438166,0.02478571091389728
1658.0,0.024836108043474733,0.00013679341645911336,0.024699312252914,0.024836105669373113
1658.5,0.02488658075246206,0.00013679341645911336,0.024749786667566567,0.02488658008402568
1659.0,0.024937137015996744,0.00013679341645911336,0.02480034369173575,0.024937137108194864
1659.5,0.024987773952887496,0.00013679341645911336,0.024850980375081672,0.024987773791540786
1660.0,0.025038494444325612,0.00013679341645911336,0.02490169966794421,0.025038493084403323
1660.5,0.025089295609119797,0.00013679341645911336,0.024952501570323363,0.025089294986782477
1661.0,0.02514018032846134,0.00013679341645911336,0.025003386082219133,0.025140179498678247
1661.5,0.025191142839967665,0.00013679341645911336,0.025054347302951762,0.025191140719410875
1662.0,0.02524218602483006,0.00013679341645911336,0.025105391133201007,0.02524218454966012
1662.5,0.02529332140781368,0.00013679341645911336,0.025156526423986508,0.02529331984044562
1663.0,0.025344531701770794,0.00013679341645911336,0.025207738423608864,0.025344531840067977
1663.5,0.025395831312657845,0.00013679341645911336,0.025259035983087715,0.025395829399546828
1664.0,0.025447205834518385,0.00013679341645911336,0.025310410251403424,0.025447203667862538
1664.5,0.025498666792117576,0.00013679341645911336,0.025361873029915508,0.02549866644637462
1665.0,0.025550217066646702,0.00013679341645911336,0.02541342136828409,0.025550214784743203
1665.5,0.025601856658105764,0.00013679341645911336,0.025465061167188923,0.025601854583648036
1666.0,0.025653562516964455,0.00013679341645911336,0.025516768823910976,0.02565356224037009
1666.5,0.02570535769275308,0.00013679341645911336,0.025568562040489528,0.02570535545694864
1667.0,0.025757236423089067,0.00013679341645911336,0.02562044081692457,0.025757234233383684
1667.5,0.02580919870797241,0.00013679341645911336,0.025672405153216112,0.025809198569675226
1668.0,0.02586125030978569,0.00013679341645911336,0.02572445504936415,0.025861248465823262
1668.5,0.02591337682257246,0.00013679341645911336,0.025776581654349043,0.025913375070808157
1669.0,0.025965595533480455,0.00013679341645911336,0.02582879971987019,0.025965593136329304
1669.5,0.026017894917744522,0.00013679341645911336,0.025881100394907958,0.02601789381136707
1670.0,0.02607027785655595,0.00013679341645911336,0.025933483679462337,0.02607027709592145
1670.5,0.026122747231106025,0.00013679341645911336,0.025985952523873212,0.026122745940332325
1671.0,0.02617530592258603,0.00013679341645911336,0.026038509878480463,0.026175303294939577
1671.5,0.0262279481686134,0.00013679341645911336,0.02609115279294421,0.026227946209403323
1672.0,0.026280671087996837,0.00013679341645911336,0.026143875366584694,0.026280668783043807
1672.5,0.026333483324310212,0.00013679341645911336,0.02619668940076143,0.026333482817220543
1673.0,0.026386379115170944,0.00013679341645911336,0.026249583094114903,0.026386376510574017
1673.5,0.02643936422296161,0.00013679341645911336,0.026302568248004633,0.026439361664463746
1674.0,0.02649243000410835,0.00013679341645911336,0.026355636011410978,0.02649242942787009
1674.5,0.0265455908645676,0.00013679341645911336,0.026408795235353576,0.02654558865181269
1675.0,0.02659882951719163,0.00013679341645911336,0.02646203411847291,0.026598827534932024
1675.5,0.026652163249128176,0.00013679341645911336,0.02651536741246838,0.026652160828927494
1676.0,0.02670557189203821,0.00013679341645911336,0.026568777415300705,0.02670557083175982
1676.5,0.026759087139025917,0.00013679341645911336,0.026622293630368683,0.026759087046827796
1677.0,0.026812677296987112,0.00013679341645911336,0.026675883603933637,0.02681267702039275
1677.5,0.026866356771878246,0.00013679341645911336,0.026729562087694964,0.026866355504154078
1678.0,0.026920122682508024,0.00013679341645911336,0.02678332908165267,0.026920122498111782
1678.5,0.02697397502887645,0.00013679341645911336,0.026837181635466868,0.02697397505192598
1679.0,0.027027916692174813,0.00013679341645911336,0.02689112269947744,0.027027916115936555
1679.5,0.027081944791211822,0.00013679341645911336,0.026945149323344512,0.027081942739803626
1680.0,0.027136059325987477,0.00013679341645911336,0.026999264457407957,0.02713605787386707
1680.5,0.02719026317769307,0.00013679341645911336,0.027053468101667776,0.02719026151812689
1681.0,0.027244562108711172,0.00013679341645911336,0.027107766156803728,0.02724455957326284
1681.5,0.02729893883189406,0.00013679341645911336,0.027162143871116415,0.027298937287575528
1682.0,0.027353329961033387,0.00013679341645911336,0.027216536337128498,0.02735332975358761
1682.5,0.027407634654434066,0.00013679341645911336,0.02727084029294421,0.027407633709403325
1683.0,0.02746204595191241,0.00013679341645911336,0.02732525046099557,0.027462043877454684
1683.5,0.027516558091085844,0.00013679341645911336,0.0273797638909427,0.027516557307401813
1684.0,0.027571171071954365,0.00013679341645911336,0.02743437763244572,0.027571171048904834
1684.5,0.027625887775709262,0.00013679341645911336,0.027489091685504632,0.027625885101963746
1685.0,0.02768069667758538,0.00013679341645911336,0.027543903099779558,0.02768069651623867
1685.5,0.027735615064730455,0.00013679341645911336,0.027598820726290132,0.027735614142749245
1686.0,0.027790637174761906,0.00013679341645911336,0.027653841614696476,0.02779063503115559
1686.5,0.02784575724529716,0.00013679341645911336,0.027708962814658712,0.027845756231117826
1687.0,0.02790099256348394,0.00013679341645911336,0.027764199077876233,0.027900992494335346
1687.5,0.027956314317409366,0.00013679341645911336,0.027819520900950252,0.027956314317409366
1688.0,0.02801173691302988,0.00013679341645911336,0.027874943035580163,0.028011736452039276
1688.5,0.02806726899391935,0.00013679341645911336,0.027930474332785598,0.02806726774924471
1689.0,0.028122896154121328,0.00013679341645911336,0.02798610004086717,0.028122893457326284
1689.5,0.028178627037209688,0.00013679341645911336,0.028041831961184392,0.028178625377643506
1690.0,0.028234464524375707,0.00013679341645911336,0.028097670093737263,0.028234463510196376
1690.5,0.028290397090854243,0.00013679341645911336,0.028153602637166264,0.028290396053625377
1691.0,0.02834643626141044,0.00013679341645911336,0.028209641392830918,0.02834643480929003
1691.5,0.02840258491723559,0.00013679341645911336,0.0282657893110711,0.028402582727530212
1692.0,0.028458825771181966,0.00013679341645911336,0.02832203164018741,0.028458825056646524
1692.5,0.02851517611039729,0.00013679341645911336,0.028378380181539375,0.02851517359799849
1693.0,0.028571630172499,0.00013679341645911336,0.02843483493512699,0.028571628351586102
1693.5,0.02862818795748708,0.00013679341645911336,0.028491392950610372,0.028628186367069486
1694.0,0.028684843702978958,0.00013679341645911336,0.02854804832730977,0.028684841743768882
1694.5,0.028741606052548503,0.00013679341645911336,0.028604809916244815,0.028741603332703928
1695.0,0.028798472125004426,0.00013679341645911336,0.02866167771741551,0.028798471133874622
1695.5,0.0288554476827293,0.00013679341645911336,0.028718651730821852,0.028855445147280966
1696.0,0.028912521200957976,0.00013679341645911336,0.02877572605578409,0.028912519472243204
1696.5,0.028969695560881737,0.00013679341645911336,0.028832900692302217,0.02896969410876133
1697.0,0.029026982287265742,0.00013679341645911336,0.02889018744173575,0.029026980858194863
1697.5,0.029084369855344835,0.00013679341645911336,0.028947574502725178,0.02908436791918429
1698.0,0.029141878433458033,0.00013679341645911336,0.029005082527649648,0.02914187594410876
1698.5,0.02919947056611859,0.00013679341645911336,0.029062676112430616,0.02919946952888973
1699.0,0.029257169302856816,0.00013679341645911336,0.02912037590944723,0.029257169325906343
1699.5,0.029314986168437855,0.00013679341645911336,0.029178190769719135,0.02931498418617825
1700.0,0.02937289523214012,0.00013679341645911336,0.02923610004086717,0.029372893457326285
1700.5,0.029430910899920046,0.00013679341645911336,0.029294115524250857,0.02943090894070997
1701.0,0.029489038934160217,0.00013679341645911336,0.02935224312054995,0.029489036537009062
1701.5,0.029547262047712897,0.00013679341645911336,0.029410468078065057,0.02954726149452417
1702.0,0.029605603290108397,0.00013679341645911336,0.02946880809883545,0.029605601515294563
1702.5,0.029664036730625117,0.00013679341645911336,0.029527242530481973,0.029664035946941086
1703.0,0.02972258541879337,0.00013679341645911336,0.02958579202538379,0.029722585441842902
1703.5,0.029781240711039287,0.00013679341645911336,0.02964444478218137,0.029781238198640484
1704.0,0.02983999972617158,0.00013679341645911336,0.029703203751214602,0.029839997167673715
1704.5,0.02989886246419025,0.00013679341645911336,0.029762068932483485,0.0298988623489426
1705.0,0.029957834687477872,0.00013679341645911336,0.029821040325988018,0.02995783374244713
1705.5,0.03001691351484316,0.00013679341645911336,0.0298801179317282,0.030016911348187313
1706.0,0.030076096065094825,0.00013679341645911336,0.02993930174970403,0.030076095166163143
1706.5,0.030135385219424153,0.00013679341645911336,0.02999859177991551,0.030135385196374622
1707.0,0.030194783859022436,0.00013679341645911336,0.03005798802236264,0.030194781438821754
1707.5,0.030254294865080956,0.00013679341645911336,0.030117499328065057,0.03025429274452417
1708.0,0.030313909594025856,0.00013679341645911336,0.030177113895663243,0.030313907312122357
1708.5,0.030373642451813575,0.00013679341645911336,0.030236846476856597,0.03037363989331571
1709.0,0.030433467507722516,0.00013679341645911336,0.03029667346892608,0.030433466885385195
1709.5,0.030493407811282985,0.00013679341645911336,0.030356612573910976,0.03049340599037009
1710.0,0.030553448956538543,0.00013679341645911336,0.03041665494079164,0.030553448357250754
1710.5,0.03061360534944563,0.00013679341645911336,0.030476809420587714,0.030613602837046828
1711.0,0.030673865465239095,0.00013679341645911336,0.030537070112619438,0.03067386352907855
1711.5,0.03073423506630151,0.00013679341645911336,0.030597439967226688,0.0307342333836858
1712.0,0.030794708390250308,0.00013679341645911336,0.03065791308372971,0.030794706500188822
1712.5,0.030855299843041917,0.00013679341645911336,0.030718504213827897,0.03085529763028701
1713.0,0.030915995018719906,0.00013679341645911336,0.030779201556161734,0.030915994972620847
1713.5,0.03097679679847556,0.00013679341645911336,0.03084000216039134,0.030976795576850454
1714.0,0.03103771670707403,0.00013679341645911336,0.030900920778216115,0.03103771419467523
1714.5,0.0310987345761763,0.00013679341645911336,0.030961939707596777,0.03109873312405589
1715.0,0.031159864811738814,0.00013679341645911336,0.03102307074989285,0.031159864166351962
1715.5,0.031221228423795672,0.00013679341645911336,0.031084434869039376,0.03122122828549849
1716.0,0.03128617335662381,0.00013679341645911336,0.031149377750459315,0.03128617116691843
1716.5,0.03135254736033091,0.00013679341645911336,0.031215751546720644,0.03135254496317976
1717.0,0.03141903949288083,0.00013679341645911336,0.03128224335657714,0.03141903677303625
1717.5,0.031485649754273565,0.00013679341645911336,0.03134885613036868,0.031485649546827796
1718.0,0.0315523839068917,0.00013679341645911336,0.03141558986809527,0.03155238328455438
1718.5,0.031619241950735226,0.00013679341645911336,0.031482447520096775,0.03161924093655589
1719.0,0.03168621812342157,0.00013679341645911336,0.031549423185693454,0.03168621660215257
1719.5,0.03175332683090717,0.00013679341645911336,0.031616531616584696,0.03175332503304381
1720.0,0.031820539261279146,0.00013679341645911336,0.0316837433093717,0.031820536725830816
1720.5,0.03188787558287652,0.00013679341645911336,0.031751081866773515,0.03188787528323263
1721.0,0.03195533579569929,0.00013679341645911336,0.031818541388110376,0.03195533480456949
1721.5,0.03202292278093874,0.00013679341645911336,0.03188612777406204,0.03202292119052115
1722.0,0.03209062213263843,0.00013679341645911336,0.03195382627292911,0.03209061968938822
1722.5,0.03215844537556351,0.00013679341645911336,0.03202165163641098,0.03215844505287009
1723.0,0.032226401153287856,0.00013679341645911336,0.032089606814847536,0.03222640023130665
1723.5,0.032294486584620176,0.00013679341645911336,0.03215769180823877,0.03229448522469788
1724.0,0.03236270455075175,0.00013679341645911336,0.032225909566924574,0.03236270298338369
1724.5,0.03243104064572614,0.00013679341645911336,0.03229424533920554,0.03243103875566465
1725.0,0.0324995063943085,0.00013679341645911336,0.03236271092644119,0.032499504342900304
1725.5,0.03256809891530754,0.00013679341645911336,0.03243130337829164,0.032568096794750756
1726.0,0.03263682108991456,0.00013679341645911336,0.032500025645096776,0.03263681906155589
1726.5,0.03270567579932083,0.00013679341645911336,0.032568880677196474,0.03270567409365559
1727.0,0.0327746543999525,0.00013679341645911336,0.032637859623571096,0.03277465304003021
1727.5,0.032843768416574715,0.00013679341645911336,0.03270697428558016,0.03284376770203928
1728.0,0.032913000562039746,0.00013679341645911336,0.03277620696118439,0.032913000377643505
1728.5,0.0329823738858779,0.00013679341645911336,0.03284557830276294,0.03298237171922205
1729.0,0.03305187110094145,0.00013679341645911336,0.032915076508956295,0.03305186992541541
1729.5,0.03312150661318684,0.00013679341645911336,0.03298471043078409,0.0331215038472432
1730.0,0.03319126313546633,0.00013679341645911336,0.03305446826688681,0.03319126168334592
1730.5,0.033261175242075385,0.00013679341645911336,0.033124379520663244,0.03326117293712236
1731.0,0.033331199715144685,0.00013679341645911336,0.033194405837694965,0.03333119925415408
1731.5,0.03340135960420453,0.00013679341645911336,0.03326456492002125,0.03340135833648036
1732.0,0.03347165202806363,0.00013679341645911336,0.03333485676764209,0.033471650184101205
1732.5,0.03354206834314813,0.00013679341645911336,0.033405272529537865,0.03354206594599698
1733.0,0.03361262583660575,0.00013679341645911336,0.033475829907747834,0.03361262332420695
1733.5,0.03368331010248005,0.00013679341645911336,0.03354651415057261,0.03368330756703172
1734.0,0.03375410385362331,0.00013679341645911336,0.03361730755597291,0.033754100972432026
1734.5,0.03382483709974952,0.00013679341645911336,0.03368804195457563,0.03382483537103474
1735.0,0.03389570576186627,0.00013679341645911336,0.03375891206881279,0.033895705485271904
1735.5,0.03396671560235614,0.00013679341645911336,0.03382992084902427,0.03396671426548338
1736.0,0.03403786085883656,0.00013679341645911336,0.03390106534487019,0.0340378587613293
1736.5,0.03410914441249882,0.00013679341645911336,0.03397234850669043,0.034109141923149545
1737.0,0.0341805691445342,0.00013679341645911336,0.03404377328482487,0.034180566701283985
1737.5,0.03425212641136884,0.00013679341645911336,0.034115330828253874,0.03425212424471299
1738.0,0.03432382773776789,0.00013679341645911336,0.034187032938336956,0.03432382635479607
1738.5,0.03439567312373135,0.00013679341645911336,0.03425887666473424,0.034395670081193354
1739.0,0.03446765392568536,0.00013679341645911336,0.03433085905710584,0.03446765247356495
1739.5,0.03453977014362992,0.00013679341645911336,0.034402974214772,0.034539767631231115
1740.0,0.03461203042113889,0.00013679341645911336,0.03447523393909225,0.03461202735555136
1740.5,0.034684423233447115,0.00013679341645911336,0.03454762937904693,0.03468442279550604
1741.0,0.034756986036041354,0.00013679341645911336,0.03462019003803484,0.034756983454493955
1741.5,0.034829666967478405,0.00013679341645911336,0.0346928716609578,0.034829665077416916
1742.0,0.03490248907728858,0.00013679341645911336,0.03476569490019497,0.03490248831665408
1742.5,0.034975455246663165,0.00013679341645911336,0.03483865975574633,0.03497545317220544
1743.0,0.035048565475602166,0.00013679341645911336,0.03491176917795176,0.03504856259441087
1743.5,0.03512180823934042,0.00013679341645911336,0.034985014315791645,0.03512180773225076
1744.0,0.03519520658740825,0.00013679341645911336,0.03505841287130524,0.035195206287764354
1744.5,0.03526874035146661,0.00013679341645911336,0.03513194419211339,0.035268737608572506
1745.0,0.03534241529389811,0.00013679341645911336,0.03520562007957563,0.035342413496034744
1745.5,0.03541623141470272,0.00013679341645911336,0.035279437583352065,0.03541623099981118
1746.0,0.03549019159507175,0.00013679341645911336,0.0353533967034427,0.035490190119901815
1746.5,0.035564304478579056,0.00013679341645911336,0.03542750924120705,0.035564302657666164
1747.0,0.0356385556592682,0.00013679341645911336,0.03550176044494572,0.03563855386140483
1747.5,0.03571295954309561,0.00013679341645911336,0.035576165066358106,0.03571295848281722
1748.0,0.035787493080531,0.00013679341645911336,0.0356506965523853,0.03578748996884441
1748.5,0.035862179321104665,0.00013679341645911336,0.035725384406426086,0.0358621778228852
1749.0,0.03593701250243403,0.00013679341645911336,0.035800216827120944,0.03593701024358006
1749.5,0.03601198398094523,0.00013679341645911336,0.03587518791379013,0.03601198133024924
1750.0,0.03608710240021213,0.00013679341645911336,0.035950306517453276,0.03608709993391239
1750.5,0.03616236776023473,0.00013679341645911336,0.036025572638110376,0.03616236605456949
1751.0,0.03623778294220432,0.00013679341645911336,0.03610098922610131,0.036237782642560425
1751.5,0.036313342183738315,0.00013679341645911336,0.03617654743040644,0.036313340846865556
1752.0,0.03638906853436703,0.00013679341645911336,0.036252273804084696,0.03638906722054381
1752.5,0.036464915895029856,0.00013679341645911336,0.036328121141697985,0.0364649145581571
1753.0,0.03654092460240482,0.00013679341645911336,0.03640413074800463,0.036540924164463744
1753.5,0.03661707448815291,0.00013679341645911336,0.0364802790202856,0.03661707243674471
1754.0,0.0366933713146567,0.00013679341645911336,0.036556574809560524,0.03669336822601964
1754.5,0.03676981796310747,0.00013679341645911336,0.03663302401650916,0.036769817432968276
1755.0,0.036846405789931376,0.00013679341645911336,0.03670961188943213,0.03684640530589124
1755.5,0.03692315496346742,0.00013679341645911336,0.03678635908070856,0.036923152497167676
1756.0,0.03700004819656787,0.00013679341645911336,0.03686325378897895,0.037000047205438064
1756.5,0.0370770941328066,0.00013679341645911336,0.03694029896458318,0.037077092381042294
1757.0,0.03715428124741845,0.00013679341645911336,0.037017485756501614,0.03715427917296073
1757.5,0.03723161818397729,0.00013679341645911336,0.037094823015753876,0.03723161643221299
1758.0,0.03730896088291871,0.00013679341645911336,0.0371721661756859,0.037308959592145016
1758.5,0.037386430354276814,0.00013679341645911336,0.03724963620023273,0.03738642961669184
1759.0,0.03746406117234705,0.00013679341645911336,0.03732726554313303,0.03746405895959214
1759.5,0.03754184757474686,0.00013679341645911336,0.03740505125404693,0.037541844670506044
1760.0,0.03761979244266752,0.00013679341645911336,0.0374829962833143,0.037619789699773414
1760.5,0.03769790153849161,0.00013679341645911336,0.0375611065316149,0.037697899948074015
1761.0,0.037776163337453976,0.00013679341645911336,0.037639367247249346,0.03777616066370846
1761.5,0.03785458936431977,0.00013679341645911336,0.03771779318191702,0.037854586598376136
1762.0,0.03793316521313255,0.00013679341645911336,0.03779636958391853,0.03793316300037764
1762.5,0.03801191681461392,0.00013679341645911336,0.03787512300631279,0.0380119164227719
1763.0,0.03809081823804227,0.00013679341645911336,0.03795402394570101,0.03809081736216012
1763.5,0.038169872364608906,0.00013679341645911336,0.03803307830276294,0.03816987171922205
1764.0,0.03824908783788768,0.00013679341645911336,0.03811229197817835,0.038249085394637464
1764.5,0.03832847042026116,0.00013679341645911336,0.03819167382296687,0.038328467239425984
1765.0,0.038407997062199065,0.00013679341645911336,0.038271203184749344,0.03840799660120846
1765.5,0.03848769945680555,0.00013679341645911336,0.038350903666244815,0.03848769708270393
1766.0,0.03856755167335902,0.00013679341645911336,0.038430757565413996,0.03856755098187311
1766.5,0.03864756523662463,0.00013679341645911336,0.03851077078293666,0.03864756419939577
1767.0,0.03872774014660239,0.00013679341645911336,0.038590946269152666,0.03872773968561178
1767.5,0.03880807352210099,0.00013679341645911336,0.03867127812338227,0.038808071539841386
1768.0,0.03888857400669432,0.00013679341645911336,0.038751778146984994,0.03888857156344411
1768.5,0.038969230075617214,0.00013679341645911336,0.03883243453860131,0.03896922795506042
1769.0,0.03905003596648709,0.00013679341645911336,0.03891324139755146,0.03905003481401057
1769.5,0.03913102625359941,0.00013679341645911336,0.03899423117757412,0.03913102459403323
1770.0,0.039212169243850015,0.00013679341645911336,0.03907537437527049,0.039212167791729605
1770.5,0.03929347358081276,0.00013679341645911336,0.039156676891320345,0.03929347030777946
1771.0,0.03937493062091378,0.00013679341645911336,0.039238135775383785,0.0393749291918429
1771.5,0.03945656341368338,0.00013679341645911336,0.039319768729500104,0.03945656214595922
1772.0,0.039538354671973835,0.00013679341645911336,0.03940155805163001,0.03953835146808912
1772.5,0.03962030151459386,0.00013679341645911336,0.039483506692113396,0.03962030010857251
1773.0,0.039702415466308594,0.00013679341645911336,0.03956562055163001,0.03970241396808912
1773.5,0.039784710933074494,0.00013679341645911336,0.03964791438187926,0.03978470779833837
1774.0,0.03986714757821351,0.00013679341645911336,0.03973035277878258,0.03986714619524169
1774.5,0.039949748451255956,0.00013679341645911336,0.039812953444379254,0.03994974686083837
1775.0,0.040032525076966995,0.00013679341645911336,0.03989573113036868,0.04003252454682779
1775.5,0.0401154544058163,0.00013679341645911336,0.039978659283691945,0.04011545270015106
1776.0,0.04019854796256904,0.00013679341645911336,0.04006175265604844,0.04019854607250755
1776.5,0.040282007430615385,0.00013679341645911336,0.04014521187054995,0.040282005287009065
1777.0,0.04037115437026471,0.00013679341645911336,0.04023435934033847,0.04037115275679758
1777.5,0.04046203002468697,0.00013679341645911336,0.04032523570929617,0.040462029125755285
1778.0,0.04055311888726456,0.00013679341645911336,0.04041632450272518,0.04055311791918429
1778.5,0.04064440367084976,0.00013679341645911336,0.0405076080185862,0.040644401435045316
1779.0,0.04073591030616414,0.00013679341645911336,0.04059911576027805,0.04073590917673716
1779.5,0.04082762150606,0.00013679341645911336,0.04069082707542155,0.04082762049188066
1780.0,0.040919537270537314,0.00013679341645911336,0.04078274196401672,0.04091953538047583
1780.5,0.041011435747866906,0.00013679341645911336,0.04087463915057261,0.04101143256703172
1781.0,0.04110355607692569,0.00013679341645911336,0.040966760562959316,0.04110355397941843
1781.5,0.04119588385175722,0.00013679341645911336,0.041059088499137565,0.04119588191559668
1782.0,0.04128843059712666,0.00013679341645911336,0.04115163476046687,0.04128842817692598
1782.5,0.04138119055065143,0.00013679341645911336,0.041244396396607354,0.04138118981306647
1783.0,0.04147417523709669,0.00013679341645911336,0.041337379308238775,0.04147417272469789
1783.5,0.041567364488123405,0.00013679341645911336,0.04143056874366173,0.041567362160120844
1784.0,0.04166080152160091,0.00013679341645911336,0.04152400600763454,0.041660799424093654
1784.5,0.04175444311965988,0.00013679341645911336,0.04161764684505901,0.04175444026151812
1785.0,0.04184829216349161,0.00013679341645911336,0.0417114971566149,0.041848290573074015
1785.5,0.0419423688214351,0.00013679341645911336,0.04180557464434149,0.0419423680608006
1786.0,0.042036661568725216,0.00013679341645911336,0.041899867506879254,0.04203666092333837
1786.5,0.04213117328655323,0.00013679341645911336,0.041994378694568076,0.04213117211102719
1787.0,0.04222590973730174,0.00013679341645911336,0.042089114108087716,0.04222590752454683
1787.5,0.04232086515858814,0.00013679341645911336,0.04218407079709829,0.0423208642135574
1788.0,0.04241605107517761,0.00013679341645911336,0.04227925466227956,0.04241604807873867
1788.5,0.042511444437539826,0.00013679341645911336,0.04237464800159225,0.04251144141805136
1789.0,0.04260706829520511,0.00013679341645911336,0.042470271467415506,0.04260706488387462
1789.5,0.04270291976698216,0.00013679341645911336,0.04256612505974935,0.04270291847620846
1790.0,0.04279899597167969,0.00013679341645911336,0.04266219992757412,0.04279899334403323
1790.5,0.042895294028106414,0.00013679341645911336,0.04275849902122971,0.042895292437688824
1791.0,0.04299181105507104,0.00013679341645911336,0.04285501644003636,0.04299180985649547
1791.5,0.04308856433972131,0.00013679341645911336,0.04295176988603333,0.043088563302492444
1792.0,0.043185548119674635,0.00013679341645911336,0.04304875345854089,0.043185546875
1792.5,0.04328274798897458,0.00013679341645911336,0.04314595240585962,0.04328274582231873
1793.0,0.043380186997151446,0.00013679341645911336,0.04324339033070856,0.04338018374716767
1793.5,0.04347785650063137,0.00013679341645911336,0.043341061332407955,0.04347785474886707
1794.0,0.04357575073703178,0.00013679341645911336,0.043438956559938166,0.04357574997639728
1794.5,0.04367388411230911,0.00013679341645911336,0.04353708781465871,0.043673881231117824
1795.0,0.04377227103241981,0.00013679341645911336,0.04363547574894874,0.04377226916540786
1795.5,0.0438708567547294,0.00013679341645911336,0.04373406135601068,0.04387085477246979
1796.0,0.04396968737829848,0.00013679341645911336,0.04383289184128258,0.04396968525774169
1796.5,0.044068745615979336,0.00013679341645911336,0.04393194950272518,0.04406874291918429
1797.0,0.04416804011134583,0.00013679341645911336,0.04403124319135811,0.04416803660781722
1797.5,0.04426756510201538,0.00013679341645911336,0.04413076995684149,0.0442675633733006
1798.0,0.04436732923156185,0.00013679341645911336,0.04423053274951521,0.04436732616597432
1798.5,0.044467326737602675,0.00013679341645911336,0.04433053156937926,0.04446732498583837
1799.0,0.044567563382520416,0.00013679341645911336,0.044430766416433634,0.04456755983289275
1799.5,0.04466803052274122,0.00013679341645911336,0.04453123434033847,0.04466802775679758
1800.0,0.044768736801838946,0.00013679341645911336,0.04463194124177351,0.044768734658232626
1800.5,0.044869685101004884,0.00013679341645911336,0.044732890071078654,0.04486968348753777
1801.0,0.044970866776665175,0.00013679341645911336,0.04483407197723424,0.044970865393693354
1801.5,0.0450722097990376,0.00013679341645911336,0.0449354132017433,0.045072206618202416
1802.0,0.045173535534262295,0.00013679341645911336,0.04503673967455297,0.04517353309101208
1802.5,0.04527510905193778,0.00013679341645911336,0.04513831397591249,0.0452751073923716
1803.0,0.04537692170849019,0.00013679341645911336,0.04524012725480222,0.04537692067126133
1803.5,0.045478982147493394,0.00013679341645911336,0.045342185411901915,0.04547897882836103
1804.0,0.04558127884418223,0.00013679341645911336,0.04544448254653182,0.045581275962990934
1804.5,0.04568381756093927,0.00013679341645911336,0.045547021609031825,0.04568381502549094
1805.0,0.045786598297764526,0.00013679341645911336,0.04564980259940191,0.04578659601586103
1805.5,0.04588965274776217,0.00013679341645911336,0.04575285797138077,0.04588965138783988
1806.0,0.04599292616829771,0.00013679341645911336,0.04585613166851067,0.045992925084969785
1806.5,0.046096447371284044,0.00013679341645911336,0.04595965319419043,0.046096446610649544
1807.0,0.046200219237912454,0.00013679341645911336,0.04606342254842004,0.04620021596487915
1807.5,0.046304241768182944,0.00013679341645911336,0.04616744563187926,0.04630423904833837
1808.0,0.046408503437330356,0.00013679341645911336,0.04627170769286868,0.046408501109327795
1808.5,0.04651302153250242,0.00013679341645911336,0.04637622643342759,0.046513019849886705
1809.0,0.046617787410125275,0.00013679341645911336,0.04648099300253636,0.04661778641899547
1809.5,0.04672280683258149,0.00013679341645911336,0.04658601035053484,0.046722803766993955
1810.0,0.04682807979987107,0.00013679341645911336,0.04669128437810282,0.04682807779456193
1810.5,0.04693359766842015,0.00013679341645911336,0.046796803283880764,0.04693359670033988
1811.0,0.047039374844185175,0.00013679341645911336,0.0469025788692282,0.04703937228568731
1811.5,0.04714540556478356,0.00013679341645911336,0.04700861113414512,0.04714540455060423
1812.0,0.04725169559259789,0.00013679341645911336,0.04711490007863152,0.04725169349509063
1812.5,0.04735822475928914,0.00013679341645911336,0.04722142800064814,0.04735822141710725
1813.0,0.04746501611438763,0.00013679341645911336,0.047328221453253876,0.04746501486971299
1813.5,0.047572061014319475,0.00013679341645911336,0.047435265684749345,0.04757205910120846
1814.0,0.04767937674623242,0.00013679341645911336,0.0475425813475137,0.04767937476397281
1814.5,0.047786937379404856,0.00013679341645911336,0.04765014188848802,0.04778693530494713
1815.0,0.04789475443860195,0.00013679341645911336,0.04775795910903182,0.047894752525490934
1815.5,0.0480028279238237,0.00013679341645911336,0.04786603300914512,0.04800282642560423
1816.0,0.048111163597452676,0.00013679341645911336,0.04797436653916778,0.04811115995562689
1816.5,0.04821979027140177,0.00013679341645911336,0.04808299510317835,0.048219788519637465
1817.0,0.048328644559462626,0.00013679341645911336,0.04819184789301974,0.04832864130947885
1817.5,0.04843775815473943,0.00013679341645911336,0.048300963263110376,0.04843775667956949
1818.0,0.048547139700806034,0.00013679341645911336,0.04841034121345025,0.048547134629909366
1818.5,0.04865676902932343,0.00013679341645911336,0.04851997584335962,0.04865676925981873
1819.0,0.04876666918982192,0.00013679341645911336,0.04862987305351823,0.04876666646997734
1819.5,0.04887682865753635,0.00013679341645911336,0.04874003579426596,0.04887682921072507
1820.0,0.048987270481997025,0.00013679341645911336,0.04885047291662246,0.04898726633308157
1820.5,0.049097960088908495,0.00013679341645911336,0.04896116376820856,0.049097957184667675
1821.0,0.049208920527801056,0.00013679341645911336,0.04907212310072367,0.04920891651718278
1821.5,0.04932014603629213,0.00013679341645911336,0.049183347963827895,0.04932014138028701
1822.0,0.04943153865387793,0.00013679341645911336,0.04929474394664512,0.04943153736310423
1822.5,0.04954300618243722,0.00013679341645911336,0.04940621073761944,0.04954300415407855
1823.0,0.04965475606774276,0.00013679341645911336,0.04951795781088228,0.04965475122734139
1823.5,0.04976677678502939,0.00013679341645911336,0.04962998221609376,0.04976677563255287
1824.0,0.04987906833429711,0.00013679341645911336,0.04974227215189436,0.049879065568353476
1824.5,0.04999161919078078,0.00013679341645911336,0.04985482171760433,0.049991615134063444
1825.0,0.050104452404010694,0.00013679341645911336,0.0499676545159427,0.05010444793240181
1825.5,0.05021755068683913,0.00013679341645911336,0.050080752844870194,0.05021754626132931
1826.0,0.0503309313264138,0.00013679341645911336,0.05019413440642608,0.050330927822885195
1826.5,0.05044455398605669,0.00013679341645911336,0.05030775789585207,0.05044455131231118
1827.0,0.050558424428150374,0.00013679341645911336,0.050421629213827895,0.05055842263028701
1827.5,0.050672582989372876,0.00013679341645911336,0.05053578966511189,0.050672583081571
1828.0,0.05078700085781132,0.00013679341645911336,0.05065020384562548,0.05078699726208459
1828.5,0.05090168379584828,0.00013679341645911336,0.05076488945740796,0.05090168287386707
1829.0,0.05101664909063149,0.00013679341645911336,0.05087985240113908,0.05101664581759819
1829.5,0.05113187945501322,0.00013679341645911336,0.050995080875459314,0.05113187429191843
1830.0,0.05124738641375862,0.00013679341645911336,0.05111059258240796,0.05124738599886707
1830.5,0.05136318149163284,0.00013679341645911336,0.051226387521984995,0.05136318093844411
1831.0,0.05147921858957527,0.00013679341645911336,0.05134242438943212,0.051479217805891236
1831.5,0.05159552075711622,0.00013679341645911336,0.05145872678746838,0.05159552020392749
1832.0,0.05171208223187311,0.00013679341645911336,0.051575288815414,0.05171208223187311
1832.5,0.0518289375881414,0.00013679341645911336,0.05169213997666777,0.051828933393126886
1833.0,0.05194606377639079,0.00013679341645911336,0.05180926846987019,0.0519460618863293
1833.5,0.052063478083769,0.00013679341645911336,0.05192668019570101,0.05206347361216012
1834.0,0.05218116898551088,0.00013679341645911336,0.05204437515416022,0.052181168570619336
1834.5,0.052299148006381586,0.00013679341645911336,0.05216235334524783,0.052299146761706945
1835.0,0.05241741514638111,0.00013679341645911336,0.052280620669643604,0.05241741408610272
1835.5,0.05253591854406628,0.00013679341645911336,0.05239912402122971,0.052535917437688824
1836.0,0.05265468124896738,0.00013679341645911336,0.05251788700272517,0.05265468041918429
1836.5,0.05277403171689129,0.00013679341645911336,0.05263723415151672,0.052774027567975834
1837.0,0.052901968134854135,0.00013679341645911336,0.052765172690036354,0.05290196610649547
1837.5,0.05303417447830615,0.00013679341645911336,0.05289737742002125,0.05303417083648036
1838.0,0.0531667899509211,0.00013679341645911336,0.053029995197589226,0.05316678861404834
1838.5,0.053299756928873204,0.00013679341645911336,0.05316296111526294,0.05329975453172205
1839.0,0.05343312727360567,0.00013679341645911336,0.05329633417983998,0.05343312759629909
1839.5,0.05356688946035333,0.00013679341645911336,0.05343009078860131,0.05356688420506042
1840.0,0.05370097434052528,0.00013679341645911336,0.053564177835429105,0.05370097125188822
1840.5,0.053835462587477574,0.00013679341645911336,0.05369866612848046,0.053835459544939575
1841.0,0.053970348438827656,0.00013679341645911336,0.05383354976707563,0.05397034318353474
1841.5,0.054105631894575505,0.00013679341645911336,0.05396883465189436,0.05410562806835347
1842.0,0.05424131871710371,0.00013679341645911336,0.054104520782936656,0.05424131419939577
1842.5,0.05437740890641227,0.00013679341645911336,0.05424061406088228,0.05437740747734139
1843.0,0.05451388517535345,0.00013679341645911336,0.05437709088301219,0.0545138842994713
1843.5,0.05465077633584014,0.00013679341645911336,0.05451398075272518,0.05465077416918429
1844.0,0.05478804781357687,0.00013679341645911336,0.054651254166622455,0.05478804758308157
1844.5,0.054925676559033354,0.00013679341645911336,0.054788881621305234,0.05492567503776435
1845.0,0.05506372595841791,0.00013679341645911336,0.05492692802425086,0.05506372144070997
1845.5,0.05520217872458282,0.00013679341645911336,0.0550653815740998,0.05520217499055891
1846.0,0.055341040619910666,0.00013679341645911336,0.055204242270852064,0.05534103568731118
1846.5,0.05548030588201886,0.00013679341645911336,0.05534351011450765,0.055480303530966765
1847.0,0.05561998603567256,0.00013679341645911336,0.05548319100574633,0.05561998442220544
1847.5,0.055760081080871764,0.00013679341645911336,0.05562328494456808,0.05576007836102719
1848.0,0.055900596779999055,0.00013679341645911336,0.05576379783165267,0.05590059124811178
1848.5,0.05604144669731578,0.00013679341645911336,0.05590465295816324,0.056041446374622356
1849.0,0.05618276913000378,0.00013679341645911336,0.05604597423837472,0.056182767654833835
1849.5,0.05632448340470697,0.00013679341645911336,0.05618768496345025,0.056324478379909365
1850.0,0.0564666068085731,0.00013679341645911336,0.05632980873610886,0.05646660215256798
1850.5,0.05660913934160215,0.00013679341645911336,0.056472345556350556,0.05660913897280967
1851.0,0.05675208676617671,0.00013679341645911336,0.05661528952349557,0.056752082939954686
1851.5,0.05689546636944451,0.00013679341645911336,0.0567586701409427,0.05689546355740181
1852.0,0.05703926662664039,0.00013679341645911336,0.05690246970665267,0.057039263123111784
1852.5,0.05718347025061662,0.00013679341645911336,0.05704667641926596,0.05718346983572507
1853.0,0.05732807147899063,0.00013679341645911336,0.0571912725767433,0.057328065993202414
1853.5,0.05747308759891014,0.00013679341645911336,0.05733629358316324,0.05747308699962236
1854.0,0.05761855318467062,0.00013679341645911336,0.057481757140565054,0.05761855055702417
1854.5,0.05776445094912434,0.00013679341645911336,0.05762765734826898,0.057764450764728095
1855.0,0.05791074631797583,0.00013679341645911336,0.05777395290151672,0.05791074631797583
1855.5,0.058057479627903134,0.00013679341645911336,0.057920685105066566,0.05805747852152568
1856.0,0.05820465087890625,0.00013679341645911336,0.05806785395891853,0.058204647375377644
1856.5,0.0583522543086026,0.00013679341645911336,0.05821545946307261,0.058352252879531726
1857.0,0.05850024381793158,0.00013679341645911336,0.058363448511410974,0.05850024192787009
1857.5,0.05864867126833636,0.00013679341645911336,0.05851187421005146,0.058648667626510574
1858.0,0.05879755394696469,0.00013679341645911336,0.058660760161713094,0.05879755357817221
1858.5,0.05894688609143398,0.00013679341645911336,0.058810088664356594,0.05894688208081571
1859.0,0.05909661007791848,0.00013679341645911336,0.05895981251254391,0.059096605929003024
1859.5,0.05924681234215682,0.00013679341645911336,0.059110014315791645,0.05924680773225076
1860.0,0.05939744102270582,0.00013679341645911336,0.05926064686866173,0.059397440285120846
1860.5,0.05954850188194805,0.00013679341645911336,0.05941170427047442,0.05954849768693354
1861.0,0.059699989157500945,0.00013679341645911336,0.05956319242190947,0.05969998583836858
1861.5,0.05985190861174707,0.00013679341645911336,0.05971511132296687,0.05985190473942598
1862.0,0.06000427753183417,0.00013679341645911336,0.059867478675685905,0.06000427209214502
1862.5,0.06015710744252738,0.00013679341645911336,0.060020312182105844,0.06015710559856496
1863.0,0.06031036953191383,0.00013679341645911336,0.06017357053746838,0.06031036395392749
1863.5,0.06046405227522836,0.00013679341645911336,0.060327253741773515,0.06046404715823263
1864.0,0.06061820177153158,0.00013679341645911336,0.060481403099779556,0.06061819651623867
1864.5,0.060772806496058346,0.00013679341645911336,0.06063601271080675,0.06077280612726586
1865.0,0.06092783763689577,0.00013679341645911336,0.060791041270096775,0.06092783468655589
1865.5,0.06108330671880901,0.00013679341645911336,0.06094651238036868,0.061083305796827796
1866.0,0.061239259840858665,0.00013679341645911336,0.06110246144570101,0.06123925486216012
1866.5,0.06139566819113187,0.00013679341645911336,0.06125887076405448,0.06139566418051359
1867.0,0.061552485670568,0.00013679341645911336,0.06141568722931128,0.061552480645770395
1867.5,0.0617097526158451,0.00013679341645911336,0.061572958046909466,0.06170975146336858
1868.0,0.06186748055172831,0.00013679341645911336,0.06173068321684905,0.06186747663330816
1868.5,0.062025681002982794,0.00013679341645911336,0.061888886341849046,0.06202567975830816
1869.0,0.06218433668246082,0.00013679341645911336,0.06204753791851068,0.06218433133496979
1869.5,0.06234342454063208,0.00013679341645911336,0.06220662614547442,0.06234341956193353
1870.0,0.06250299643893976,0.00013679341645911336,0.06236619822817835,0.06250299164463746
1870.5,0.0626630696645316,0.00013679341645911336,0.06252627186866173,0.06266306528512085
1871.0,0.06282355778166895,0.00013679341645911336,0.0626867585567282,0.06282355197318731
1871.5,0.0629844607903518,0.00013679341645911336,0.0628476641930575,0.06298445760951661
1872.0,0.06314585360155366,0.00013679341645911336,0.06300905958580674,0.06314585300226586
1872.5,0.06330771892812677,0.00013679341645911336,0.0631709211322569,0.06330771454871602
1873.0,0.06347004524530601,0.00013679341645911336,0.06333324883240796,0.06347004224886707
1873.5,0.06363283255309136,0.00013679341645911336,0.06349603678558016,0.06363283020203928
1874.0,0.06379609237624799,0.00013679341645911336,0.06365929679313304,0.06379609020959215
1874.5,0.06395985352668877,0.00013679341645911336,0.06382305835846536,0.06395985177492447
1875.0,0.06412406990535309,0.00013679341645911336,0.06398727427613908,0.0641240676925982
1875.5,0.06428870117556293,0.00013679341645911336,0.06415190324139587,0.06428869665785499
1876.0,0.06445382801067433,0.00013679341645911336,0.06431703376443212,0.06445382718089124
1876.5,0.06461944464830474,0.00013679341645911336,0.06448264814320856,0.06461944155966767
1877.0,0.06478553380130642,0.00013679341645911336,0.06464873457636566,0.06478552799282478
1877.5,0.06495206665776647,0.00013679341645911336,0.06481526946118439,0.0649520628776435
1878.0,0.06511911236627585,0.00013679341645911336,0.0649823177051421,0.06511911112160121
1878.5,0.06528666516445195,0.00013679341645911336,0.06514986750687926,0.06528666092333837
1879.0,0.06545465590370386,0.00013679341645911336,0.06531785985959829,0.0654546532760574
1879.5,0.06562303272258839,0.00013679341645911336,0.06548623575650162,0.06562302917296073
1880.0,0.06579191086875708,0.00013679341645911336,0.06565511321118439,0.0657919066276435
1880.5,0.06596130762935765,0.00013679341645911336,0.0658245099256859,0.06596130334214502
1881.0,0.06613123452915526,0.00013679341645911336,0.06599443770136566,0.06613123111782478
1881.5,0.06630163970670672,0.00013679341645911336,0.06616484343210584,0.06630163684856495
1882.0,0.06647248858771655,0.00013679341645911336,0.0663356917138279,0.06647248513028702
1882.5,0.06664372354835903,0.00013679341645911336,0.066506929440414,0.06664372285687312
1883.0,0.0668154944105811,0.00013679341645911336,0.06667869822817835,0.06681549164463746
1883.5,0.06698775507532218,0.00013679341645911336,0.06685095677236264,0.06698775018882175
1884.0,0.06716054011687772,0.00013679341645911336,0.06702374637772518,0.06716053979418429
1884.5,0.06733383224809998,0.00013679341645911336,0.06719703754086717,0.06733383095732628
1885.0,0.06750754503325034,0.00013679341645911336,0.06737074765227201,0.06750754106873112
1885.5,0.06768163813565073,0.00013679341645911336,0.06754484130786113,0.06768163472432025
1886.0,0.06785623832771785,0.00013679341645911336,0.06771944242190947,0.06785623583836858
1886.5,0.06803135713421686,0.00013679341645911336,0.06789456279577653,0.06803135621223565
1887.0,0.06820700607991291,0.00013679341645911336,0.0680702083301421,0.06820700174660121
1887.5,0.06838317364004083,0.00013679341645911336,0.06824637902500615,0.06838317244146526
1888.0,0.068559773378862,0.00013679341645911336,0.06842297456881279,0.0685597679852719
1888.5,0.06873678800922867,0.00013679341645911336,0.06859998906088227,0.06873678247734138
1889.0,0.06891432701640979,0.00013679341645911336,0.06877752871345025,0.06891432212990936
1889.5,0.06909239616278795,0.00013679341645911336,0.06895559942719648,0.06909239284365559
1890.0,0.06927100121074573,0.00013679341645911336,0.0691342071028007,0.06927100051925981
1890.5,0.06945013639790054,0.00013679341645911336,0.06931333993890343,0.06945013335536254
1891.0,0.06962964613992281,0.00013679341645911336,0.06949285041851068,0.06962964383496979
1891.5,0.06980955924872545,0.00013679341645911336,0.0696727621443415,0.06980955556080061
1892.0,0.06999020994249787,0.00013679341645911336,0.0698534114551421,0.06999020487160121
1892.5,0.07017597186961563,0.00013679341645911336,0.07003917665529315,0.07017597007175226
1893.0,0.0703781392999286,0.00013679341645911336,0.07024133984449255,0.07037813326095166
1893.5,0.07058102126568105,0.00013679341645911336,0.07044422291662246,0.07058101633308157
1894.0,0.07078450251922147,0.00013679341645911336,0.07064770785808772,0.07078450127454683
1894.5,0.07098865797152332,0.00013679341645911336,0.07085185957636567,0.07098865299282478
1895.0,0.07119357405832527,0.00013679341645911336,0.07105677838301219,0.0711935717994713
1895.5,0.07139923925486216,0.00013679341645911336,0.07126244067530826,0.07139923409176738
1896.0,0.07160566508589915,0.00013679341645911336,0.07146887005597291,0.07160566347243202
1896.5,0.07181281697714077,0.00013679341645911336,0.07167601931956807,0.07181281273602719
1897.0,0.07202049900757942,0.00013679341645911336,0.07188369964434149,0.0720204930608006
1897.5,0.07222890133584015,0.00013679341645911336,0.07209210575272518,0.07222889916918429
1898.0,0.07243807006098353,0.00013679341645911336,0.07230127304879769,0.0724380664652568
1898.5,0.07264800518300958,0.00013679341645911336,0.07251120743323877,0.07264800084969789
1899.0,0.07285871822668347,0.00013679341645911336,0.07272192070740796,0.07285871412386707
1899.5,0.0730701746177097,0.00013679341645911336,0.07293337746722668,0.0730701708836858
1900.0,0.07328216691031557,0.00013679341645911336,0.07314537118890342,0.07328216460536253
1900.5,0.07349494864933441,0.00013679341645911336,0.07335814970098802,0.07349494311744713
1901.0,0.07370849102285333,0.00013679341645911336,0.07357169530144118,0.0737084887179003
1901.5,0.07392282860516781,0.00013679341645911336,0.07378603159298197,0.07392282500944108
1902.0,0.07413793834674755,0.00013679341645911336,0.0740011408735711,0.07413793429003021
1902.5,0.07435380296044479,0.00013679341645911336,0.07421700544116928,0.0743537988576284
1903.0,0.07457019771333907,0.00013679341645911336,0.07443340106994573,0.07457019448640484
1903.5,0.07478737615026376,0.00013679341645911336,0.07465058148913001,0.07478737490558912
1904.0,0.07500536132074916,0.00013679341645911336,0.07486856440076144,0.07500535781722055
1904.5,0.07522414746241267,0.00013679341645911336,0.07508734980483998,0.0752241432212991
1905.0,0.07544375186240204,0.00013679341645911336,0.07530695540340493,0.07544374881986404
1905.5,0.07566400164923999,0.00013679341645911336,0.07552720417606354,0.07566399759252265
1906.0,0.07588489106054393,0.00013679341645911336,0.07574809612281581,0.07588488953927493
1906.5,0.07610661601732145,0.00013679341645911336,0.075969820065414,0.07610661348187311
1907.0,0.07632912465812937,0.00013679341645911336,0.07619232879842004,0.07632912221487916
1907.5,0.07655237664628965,0.00013679341645911336,0.07641558101707563,0.07655237443353474
1908.0,0.07677663705140082,0.00013679341645911336,0.07663984225196989,0.076776635668429
1908.5,0.07700141607094388,0.00013679341645911336,0.07686461684600313,0.07700141026246224
1909.0,0.07722696724975217,0.00013679341645911336,0.07709017032976445,0.07722696374622356
1909.5,0.07745335397403406,0.00013679341645911336,0.0773165558093717,0.07745334922583082
1910.0,0.07768055319425923,0.00013679341645911336,0.0775437555827856,0.07768054899924472
1910.5,0.07790840356371553,0.00013679341645911336,0.0777716044309729,0.07790839784743202
1911.0,0.07813709524102802,0.00013679341645911336,0.07800029707636566,0.07813709049282477
1911.5,0.07836659941428377,0.00013679341645911336,0.07822980401556505,0.07836659743202416
1912.0,0.07859693337063055,0.00013679341645911336,0.07846013704993061,0.07859693046638973
1912.5,0.07882795305050391,0.00013679341645911336,0.07869115456314814,0.07882794797960725
1913.0,0.07905981980061604,0.00013679341645911336,0.07892302177425085,0.07905981519070997
1913.5,0.07929253938334946,0.00013679341645911336,0.07915574458391852,0.07929253800037764
1914.0,0.07952602536296556,0.00013679341645911336,0.07938922858127502,0.07952602199773413
1914.5,0.07976020282849085,0.00013679341645911336,0.07962340295816324,0.07976019637462235
1915.0,0.07999523888902002,0.00013679341645911336,0.07985843883429618,0.07999523225075529
1915.5,0.08023112201978792,0.00013679341645911336,0.08009432440831431,0.08023111782477342
1916.0,0.0804677484979082,0.00013679341645911336,0.08033095346798197,0.08046774688444108
1916.5,0.08070517594720662,0.00013679341645911336,0.08056837911941701,0.08070517253587613
1917.0,0.08094347351627408,0.00013679341645911336,0.08080667807145629,0.0809434714879154
1917.5,0.08118260663081513,0.00013679341645911336,0.0810458090193415,0.08118260243580061
1918.0,0.08142241970650019,0.00013679341645911336,0.08128562444607865,0.08142241786253776
1918.5,0.08166305104051112,0.00013679341645911336,0.08152625416662246,0.08166304758308157
1919.0,0.08190453520714336,0.00013679341645911336,0.08176773948573123,0.08190453290219034
1919.5,0.0821469010183098,0.00013679341645911336,0.08201010400612396,0.08214689742258308
1920.0,0.08238988916679452,0.00013679341645911336,0.0822530939985711,0.08238988741503021
1920.5,0.08263375319743084,0.00013679341645911336,0.08249695729162246,0.08263375070808157
1921.0,0.08287849887260137,0.00013679341645911336,0.0827416997859578,0.08287849320241691
1921.5,0.08312412042992352,0.00013679341645911336,0.08298732148157714,0.08312411489803626
1922.0,0.08337064091892761,0.00013679341645911336,0.0832338459811995,0.08337063939765861
1922.5,0.08361792204243179,0.00013679341645911336,0.08348112576783091,0.08361791918429003
1923.0,0.08386576211704588,0.00013679341645911336,0.08372896611903938,0.08386575953549849
1923.5,0.08411451264810706,0.00013679341645911336,0.08397771517493062,0.08411450859138973
1924.0,0.08436414482370244,0.00013679341645911336,0.0842273493327856,0.08436414274924471
1924.5,0.08461470474289264,0.00013679341645911336,0.08447790989736263,0.08461470331382175
1925.0,0.0848661520689996,0.00013679341645911336,0.08472935556390343,0.08486614898036254
1925.5,0.085118573237762,0.00013679341645911336,0.08498177484260433,0.08511856825906344
1926.0,0.08538104976412032,0.00013679341645911336,0.08524425478029315,0.08538104819675227
1926.5,0.0856625479153636,0.00013679341645911336,0.085525752608843,0.08566254602530211
1927.0,0.08594527345409567,0.00013679341645911336,0.08580847777878257,0.08594527119524169
1927.5,0.08622921485555136,0.00013679341645911336,0.08609241848875236,0.08622921190521148
1928.0,0.08651433754543524,0.00013679341645911336,0.08637753933467382,0.08651433275113293
1928.5,0.08680005952310706,0.00013679341645911336,0.08666326204993062,0.08680005546638973
1929.0,0.08708698007635479,0.00013679341645911336,0.08695018260317836,0.08708697601963747
1929.5,0.08737527783903831,0.00013679341645911336,0.08723847801480977,0.08737527143126889
1930.0,0.0876646589296462,0.00013679341645911336,0.08752785915151672,0.08766465256797583
1930.5,0.0879552846948906,0.00013679341645911336,0.08781848533165267,0.08795527874811178
1931.0,0.0882471378476238,0.00013679341645911336,0.08811033885317834,0.08824713226963746
1931.5,0.08854025296214124,0.00013679341645911336,0.08840345512017231,0.08854024853663142
1932.0,0.08883458970176489,0.00013679341645911336,0.08869779282787624,0.08883458624433535
1932.5,0.08912971012541895,0.00013679341645911336,0.08899291532598802,0.08912970874244713
1933.0,0.08942575253028524,0.00013679341645911336,0.08928895242946233,0.08942574584592144
1933.5,0.0897230511345532,0.00013679341645911336,0.08958625227840493,0.08972304569486404
1934.0,0.09002162322537056,0.00013679341645911336,0.08988482667417533,0.09002162009063444
1934.5,0.09032147456511991,0.00013679341645911336,0.09018467561677351,0.09032146903323263
1935.0,0.09062257057950576,0.00013679341645911336,0.09048577550348047,0.09062256891993958
1935.5,0.0909249688923539,0.00013679341645911336,0.09078817353973424,0.09092496695619336
1936.0,0.09122866374128175,0.00013679341645911336,0.09109186382485508,0.0912286572413142
1936.5,0.09153344768051655,0.00013679341645911336,0.09139665163641097,0.09153344505287009
1937.0,0.09183880209562642,0.00013679341645911336,0.09170200591322367,0.09183879932968278
1937.5,0.09214543575966827,0.00013679341645911336,0.09200864063754391,0.09214543405400302
1938.0,0.09245338900932012,0.00013679341645911336,0.09231659121345025,0.09245338462990936
1938.5,0.09276262150790396,0.00013679341645911336,0.09262582223686415,0.09276261565332326
1939.0,0.09307313325541977,0.00013679341645911336,0.0929363337077856,0.09307312712424472
1939.5,0.09338497611331076,0.00013679341645911336,0.09324817873233243,0.09338497214879155
1940.0,0.09369812126966401,0.00013679341645911336,0.09356132190642609,0.0936981153228852
1940.5,0.09401255719971441,0.00013679341645911336,0.09387575732938681,0.09401255074584593
1941.0,0.09432756936802245,0.00013679341645911336,0.09419077101896385,0.09432756443542296
1941.5,0.09464369367616775,0.00013679341645911336,0.09450689403633544,0.09464368745279456
1942.0,0.09496112028277533,0.00013679341645911336,0.09482432110393364,0.09496111452039276
1942.5,0.09527986647499292,0.00013679341645911336,0.09514306992379769,0.0952798633402568
1943.0,0.09559995530235083,0.00013679341645911336,0.09546315819796687,0.09559995161442598
1943.5,0.09592136947770133,0.00013679341645911336,0.09578457412508168,0.09592136754154079
1944.0,0.09624412628819215,0.00013679341645911336,0.09610732950650161,0.09624412292296072
1944.5,0.09656820268429298,0.00013679341645911336,0.09643140664018741,0.09656820005664653
1945.0,0.09689324139828408,0.00013679341645911336,0.09675643968399406,0.09689323310045317
1945.5,0.09721897736056694,0.00013679341645911336,0.0970821808093717,0.09721897422583081
1946.0,0.097546084769903,0.00013679341645911336,0.09740929089245327,0.09754608430891239
1946.5,0.09787454057676194,0.00013679341645911336,0.09773774633051974,0.09787453974697885
1947.0,0.0982043678306741,0.00013679341645911336,0.09806756482561037,0.09820435824206948
1947.5,0.09853556653163945,0.00013679341645911336,0.09839876407976444,0.09853555749622356
1948.0,0.09886809058059738,0.00013679341645911336,0.09873129688754391,0.09886809030400302
1948.5,0.09920202065090399,0.00013679341645911336,0.09906522225574632,0.09920201567220543
1949.0,0.09953728759396832,0.00013679341645911336,0.09940048707825387,0.09953728049471298
1949.5,0.09987284265616149,0.00013679341645911336,0.09973604693474934,0.09987284035120846
1950.0,0.10020976916540786,0.00013679341645911336,0.10007297574894874,0.10020976916540786
1950.5,0.10054806712170743,0.00013679341645911336,0.10041127352085207,0.10054806693731118
1951.0,0.10088795549559809,0.00013679341645911336,0.10075115267493061,0.10088794609138972
1951.5,0.10122901939553436,0.00013679341645911336,0.10109222376632035,0.10122901718277946
1952.0,0.1015715354158799,0.00013679341645911336,0.1014347346235711,0.10157152804003021
1952.5,0.1019154113585135,0.00013679341645911336,0.10177861443852577,0.10191540785498489
1953.0,0.1022606587482003,0.00013679341645911336,0.10212386321118438,0.1022606566276435
1953.5,0.10260626340560683,0.00013679341645911336,0.1024694660246285,0.10260625944108762
1954.0,0.10295254802415739,0.00013679341645911336,0.10281575331692457,0.10295254673338368
1954.5,0.10330040001076873,0.00013679341645911336,0.10316359838867684,0.10330039180513595
1955.0,0.1036550631335855,0.00013679341645911336,0.10351826464622971,0.10365505806268882
1955.5,0.10404424292803531,0.00013679341645911336,0.10390744988036868,0.10404424329682779
1956.0,0.10443532430873537,0.00013679341645911336,0.10429852333203031,0.10443531674848942
1956.5,0.10482823812709474,0.00013679341645911336,0.10469143779577654,0.10482823121223565
1957.0,0.10522298438311344,0.00013679341645911336,0.10508618147024784,0.10522297488670695
1957.5,0.1056195976510869,0.00013679341645911336,0.10548280156088227,0.10561959497734139
1958.0,0.10601806640625,0.00013679341645911336,0.1058812626636013,0.10601805608006042
1958.5,0.10641841369813303,0.00013679341645911336,0.106281611983843,0.10641840540030212
1959.0,0.10682065105150114,0.00013679341645911336,0.10668384952160735,0.10682064293806647
1959.5,0.10722476694158917,0.00013679341645911336,0.10708796347553484,0.10722475689199396
1960.0,0.10763076136839714,0.00013679341645911336,0.10749396564698499,0.1076307590634441
1960.5,0.10803866890622049,0.00013679341645911336,0.10790186783731733,0.10803866125377644
1961.0,0.10844846650552893,0.00013679341645911336,0.10831167004653182,0.10844846346299093
1961.5,0.10886008501773155,0.00013679341645911336,0.10872328966511188,0.108860083081571
1962.0,0.10927139236127502,0.00013679341645911336,0.109134590646985,0.10927138406344411
1962.5,0.10968408267663685,0.00013679341645911336,0.10954728418928107,0.10968407760574019
1963.0,0.11009866305348376,0.00013679341645911336,0.1099618659490998,0.11009865936555892
1963.5,0.11051515654134607,0.00013679341645911336,0.11037835952916022,0.11051515294561934
1964.0,0.11093359771451922,0.00013679341645911336,0.11079680033354089,0.11093359375
1964.5,0.11135395199870775,0.00013679341645911336,0.11121715295816324,0.11135394637462236
1965.0,0.11177624244344199,0.00013679341645911336,0.11163944100574633,0.11177623442220544
1965.5,0.11220045752395676,0.00013679341645911336,0.11206366447629013,0.11220045789274924
1966.0,0.11262665486407784,0.00013679341645911336,0.11248985877387321,0.11262665219033233
1966.5,0.11305477683997947,0.00013679341645911336,0.1129179766930575,0.11305477010951662
1967.0,0.11348486955072225,0.00013679341645911336,0.11334806543928107,0.11348485885574018
1967.5,0.11391689842201072,0.00013679341645911336,0.11378010140982488,0.11391689482628399
1968.0,0.1143509095529055,0.00013679341645911336,0.11421410820740796,0.11435090162386707
1968.5,0.11478690294340659,0.00013679341645911336,0.11465010943474935,0.11478690285120846
1969.0,0.11522487859351398,0.00013679341645911336,0.11508808148913001,0.11522487490558912
1969.5,0.11566481345369736,0.00013679341645911336,0.11552801256919043,0.11566480598564954
1970.0,0.11610662685060069,0.00013679341645911336,0.11596983186677351,0.11610662528323262
1970.5,0.1165472416719281,0.00013679341645911336,0.1164104474256859,0.11654724084214502
1971.0,0.11698982722809667,0.00013679341645911336,0.11685303381163756,0.11698982722809667
1971.5,0.1174343835191064,0.00013679341645911336,0.11729757922326899,0.1174343726397281
1972.0,0.11788244333872262,0.00013679341645911336,0.11774564144003635,0.11788243485649547
1972.5,0.11837136997557118,0.00013679341645911336,0.11823457176480977,0.11837136518126888
1973.0,0.11886590917304923,0.00013679341645911336,0.11872910773535357,0.11886590115181268
1973.5,0.11936254587778512,0.00013679341645911336,0.11922574434789134,0.11936253776435045
1974.0,0.11986148753555159,0.00013679341645911336,0.11972469402689435,0.11986148744335347
1974.5,0.12036279177017442,0.00013679341645911336,0.12022599217644118,0.1203627855929003
1975.0,0.1208664355321233,0.00013679341645911336,0.12072963879653183,0.12086643221299094
1975.5,0.12137241882139822,0.00013679341645911336,0.12123562208580675,0.12137241550226587
1976.0,0.12188076468752951,0.00013679341645911336,0.12174396564698499,0.1218807590634441
1976.5,0.12239146160575198,0.00013679341645911336,0.12225465767870705,0.12239145109516616
1977.0,0.12290452110083082,0.00013679341645911336,0.12276772178369194,0.12290451520015105
1977.5,0.12341993164800084,0.00013679341645911336,0.12328313435922064,0.12341992777567976
1978.0,0.12393772782155754,0.00013679341645911336,0.1238009308093717,0.12393772422583081
1978.5,0.12445744863089478,0.00013679341645911336,0.12432065088112397,0.12445744429758308
1979.0,0.12497620135995917,0.00013679341645911336,0.12483940324139588,0.12497619665785499
1979.5,0.1254972936163496,0.00013679341645911336,0.12536049227085205,0.12549728568731117
1980.0,0.126020794548657,0.00013679341645911336,0.12588400057900917,0.12602079399546828
1980.5,0.12654668110735107,0.00013679341645911336,0.1264098809604291,0.1265466743768882
1981.0,0.12707503396578787,0.00013679341645911336,0.12693823962734754,0.12707503304380666
1981.5,0.12760595684685375,0.00013679341645911336,0.12746915918928106,0.12760595260574017
1982.0,0.12813938060195784,0.00013679341645911336,0.12800258063943212,0.12813937405589124
1982.5,0.12867531675586527,0.00013679341645911336,0.12853851577916023,0.12867530919561934
1983.0,0.12921379988287152,0.00013679341645911336,0.1290770000125439,0.12921379342900302
1983.5,0.12975479540868107,0.00013679341645911336,0.12961799793550463,0.12975479135196374
1984.0,0.13029837248188492,0.00013679341645911336,0.13016156855483998,0.1302983619712991
1984.5,0.1308444619538921,0.00013679341645911336,0.13070766466511188,0.130844458081571
1985.0,0.13139312144852838,0.00013679341645911336,0.13125632167039888,0.131393115086858
1985.5,0.1319443163914983,0.00013679341645911336,0.131807515967982,0.1319443093844411
1986.0,0.13249809288186248,0.00013679341645911336,0.1323612947632992,0.1324980881797583
1986.5,0.1330543932957952,0.00013679341645911336,0.13291759904955297,0.13305439246601208
1987.0,0.13361307933611452,0.00013679341645911336,0.1334762754090696,0.1336130688255287
1987.5,0.13417123523723684,0.00013679341645911336,0.13403443250876748,0.1341712259252266
1988.0,0.13478868605507105,0.00013679341645911336,0.13465189144003636,0.13478868485649548
1988.5,0.13541030883789062,0.00013679341645911336,0.1352735044498551,0.1354102978663142
1989.0,0.1360348473862939,0.00013679341645911336,0.13589804419683393,0.13603483761329305
1989.5,0.13666229017551573,0.00013679341645911336,0.13652548707825388,0.136662280494713
1990.0,0.13729266025508638,0.00013679341645911336,0.13715585669683394,0.13729265011329306
1990.5,0.1379259576250059,0.00013679341645911336,0.1377891530525741,0.13792594646903322
1991.0,0.1385621707605091,0.00013679341645911336,0.13842537614547443,0.13856216956193354
1991.5,0.1392013227111263,0.00013679341645911336,0.13906452597553484,0.13920131939199396
1992.0,0.13984343652638784,0.00013679341645911336,0.13970663794683394,0.13984343136329305
1992.5,0.14048844305770275,0.00013679341645911336,0.1403516412512146,0.14048843466767372
1993.0,0.14113642297842713,0.00013679341645911336,0.14099961849819345,0.14113641191465257
1993.5,0.14178735323903063,0.00013679341645911336,0.14165055788641098,0.1417873513028701
1994.0,0.14244126841380877,0.00013679341645911336,0.1423044712172267,0.1424412646336858
1994.5,0.14309841052282973,0.00013679341645911336,0.14296160631919044,0.14309839973564956
1995.0,0.14375824942689647,0.00013679341645911336,0.1436214439324835,0.1437582373489426
1995.5,0.14442101562131207,0.00013679341645911336,0.14428422008429617,0.14442101350075529
1996.0,0.1450867897794326,0.00013679341645911336,0.1449499937814261,0.1450867871978852
1996.5,0.14575554885172773,0.00013679341645911336,0.1456187532225137,0.1457555466389728
1997.0,0.1464272813134323,0.00013679341645911336,0.1462904866061995,0.14642728002265862
1997.5,0.1471019986893115,0.00013679341645911336,0.14696519393248347,0.1471019873489426
1998.0,0.14777966640506987,0.00013679341645911336,0.14764286340000615,0.14777965681646527
1998.5,0.14846036513406344,0.00013679341645911336,0.14832356581692457,0.1484603592333837
1999.0,0.14914403725246647,0.00013679341645911336,0.14900724217644118,0.1491440355929003
1999.5,0.14983074038410474,0.00013679341645911336,0.14969393968399405,0.14983073310045317
2000.0,0.1505203592813267,0.00013679341645911336,0.15038356392870705,0.15052035734516617
2000.5,0.15121155707137462,0.00013679341645911336,0.15107475775423576,0.15121155117069487
2001.0,0.1518985252726114,0.00013679341645911336,0.1517617266930575,0.15189852010951663
2001.5,0.1525903914990382,0.00013679341645911336,0.15245359319607865,0.15259038661253777
2002.0,0.1533337849504638,0.00013679341645911336,0.15319698443474936,0.15333377785120847
2002.5,0.1541022332413319,0.00013679341645911336,0.15396542995967383,0.15410222337613294
2003.0,0.1548747728238293,0.00013679341645911336,0.15473797055635055,0.15487476397280966
2003.5,0.155651403697956,0.00013679341645911336,0.15551460622477956,0.15565139964123867
2004.0,0.1564321489132423,0.00013679341645911336,0.15629534876632034,0.15643214218277945
2004.5,0.15721695084586243,0.00013679341645911336,0.15708015097553485,0.15721694439199396
2005.0,0.15800583254534672,0.00013679341645911336,0.1578690364551421,0.15800582987160122
2005.5,0.1587988285859906,0.00013679341645911336,0.15866202880786112,0.15879882222432024
2006.0,0.15959588134396832,0.00013679341645911336,0.15945908082825389,0.159595874244713
2006.5,0.16039700234404503,0.00013679341645911336,0.16026020431767987,0.16039699773413899
2007.0,0.16120223768528136,0.00013679341645911336,0.1610654346802176,0.16120222809667673
2007.5,0.16201151821908633,0.00013679341645911336,0.1618747129090696,0.16201150632552871
2008.0,0.16282485547022518,0.00013679341645911336,0.16268805080559526,0.16282484422205437
2008.5,0.163642260963463,0.00013679341645911336,0.1635054601711542,0.1636422535876133
2009.0,0.16446372317403465,0.00013679341645911336,0.1643269174030273,0.1644637108194864
2009.5,0.16528928820100075,0.00013679341645911336,0.16515248150801218,0.1652892749244713
2010.0,0.16611886384624008,0.00013679341645911336,0.16598205807523272,0.16611885149169184
2010.5,0.16695249620881325,0.00013679341645911336,0.166815694310127,0.1669524877265861
2011.0,0.16779036968496272,0.00013679341645911336,0.16765356723308772,0.16779036064954683
2011.5,0.16864004452062878,0.00013679341645911336,0.16850324151556506,0.16864003493202417
2012.0,0.16956415781441772,0.00013679341645911336,0.16942735877387322,0.16956415219033233
2012.5,0.17049283491520723,0.00013679341645911336,0.1703560313569548,0.1704928247734139
2013.0,0.17142611039729277,0.00013679341645911336,0.17128930647024784,0.17142609988670696
2013.5,0.17236390358731826,0.00013679341645911336,0.17222710150423576,0.17236389492069487
2014.0,0.173306087712867,0.00013679341645911336,0.17316928664396386,0.17330608006042297
2014.5,0.17424732680767324,0.00013679341645911336,0.17411052767493063,0.17424732109138974
2015.0,0.1751877476441536,0.00013679341645911336,0.17505094261073123,0.17518773602719034
2015.5,0.17613247874280116,0.00013679341645911336,0.1759956768441149,0.17613247026057402
2016.0,0.17708193499516145,0.00013679341645911336,0.17694513162130523,0.17708192503776435
2016.5,0.1780352174695525,0.00013679341645911336,0.17789841003897897,0.17803520345543808
2017.0,0.17899275258228498,0.00013679341645911336,0.17885594874743815,0.17899274216389727
2017.5,0.17995457490765437,0.00013679341645911336,0.1798177713494019,0.17995456476586102
2018.0,0.18092058072277425,0.00013679341645911336,0.18078378343399407,0.18092057685045318
2018.5,0.1818909198495917,0.00013679341645911336,0.1817541148161693,0.1818909082326284
2019.0,0.18286547704045505,0.00013679341645911336,0.18272867108505145,0.18286546450151056
2019.5,0.18384426382012958,0.00013679341645911336,0.1837074640420001,0.18384425745845923
2020.0,0.1848272917133804,0.00013679341645911336,0.1846904936870152,0.18482728710347432
2020.5,0.1858168310989426,0.00013679341645911336,0.18568002588112398,0.1858168192975831
2021.0,0.18686680635296687,0.00013679341645911336,0.18673000463867684,0.18686679805513595
2021.5,0.18794425664711575,0.00013679341645911336,0.1878074569611844,0.1879442503776435
2022.0,0.1890264436197425,0.00013679341645911336,0.1888896416288581,0.18902643504531721
2022.5,0.19011330964702133,0.00013679341645911336,0.18997651143625993,0.19011330485271905
2023.0,0.19120484320418712,0.00013679341645911336,0.1910680427806708,0.1912048361971299
2023.5,0.19230106734077015,0.00013679341645911336,0.19216425926480976,0.19230105268126887
2024.0,0.19340192443294468,0.00013679341645911336,0.1932651254845983,0.1934019189010574
2024.5,0.19450744905500614,0.00013679341645911336,0.19437065324139588,0.194507446657855
2025.0,0.19561762968218938,0.00013679341645911336,0.19548081893248348,0.1956176123489426
2025.5,0.19673242021543383,0.00013679341645911336,0.19659561075650162,0.19673240417296073
2026.0,0.19785184370426973,0.00013679341645911336,0.1977150523161693,0.1978518457326284
2026.5,0.19897972637072792,0.00013679341645911336,0.19884293184789134,0.19897972526435045
2027.0,0.20018341894236216,0.00013679341645911336,0.20004662331314813,0.20018341672960724
2027.5,0.20139312744140625,0.00013679341645911336,0.20125633347175842,0.20139312688821753
2028.0,0.20260875966973896,0.00013679341645911336,0.20247196791284602,0.20260876132930514
2028.5,0.20383001598346628,0.00013679341645911336,0.20369321980106356,0.20383001321752267
2029.0,0.2050483911059054,0.00013679341645911336,0.20491159215755902,0.20504838557401814
2029.5,0.2062640233342381,0.00013679341645911336,0.20612722659864663,0.20626402001510574
2030.0,0.2074851183012533,0.00013679341645911336,0.20734831326783093,0.20748510668429004
2030.5,0.20871162990789038,0.00013679341645911336,0.20857482856239284,0.20871162197885196
2031.0,0.20994355815414936,0.00013679341645911336,0.2098067488796134,0.2099435422960725
2031.5,0.2111808799904999,0.00013679341645911336,0.21104407421949256,0.21118086763595167
2032.0,0.21242603866715445,0.00013679341645911336,0.21228923566209074,0.21242602907854985
2032.5,0.21373877856666587,0.00013679341645911336,0.21360197168928108,0.2137387651057402
2033.0,0.21507906265489285,0.00013679341645911336,0.21494225208958317,0.2150790455060423
2033.5,0.21642508607616598,0.00013679341645911336,0.2162882915533294,0.21642508496978852
2034.0,0.21777675663236404,0.00013679341645911336,0.21763994846420553,0.21777674188066465
2034.5,0.219134143472078,0.00013679341645911336,0.21899734083580674,0.21913413425226586
2035.0,0.22049710829812594,0.00013679341645911336,0.2203603034490998,0.2204970968655589
2035.5,0.22186565111050793,0.00013679341645911336,0.2217288363040847,0.2218656297205438
2036.0,0.22323974885969364,0.00013679341645911336,0.22310293940076142,0.22323973281722054
2036.5,0.22461935544662245,0.00013679341645911336,0.22448254193097292,0.22461933534743203
2037.0,0.22600437867317316,0.00013679341645911336,0.22586757308656202,0.22600436650302114
2037.5,0.2273989905043311,0.00013679341645911336,0.22726218694607866,0.22739898036253778
2038.0,0.22888054516380288,0.00013679341645911336,0.22874372961979467,0.22888052303625378
2038.5,0.2303815075277922,0.00013679341645911336,0.23024469733127503,0.23038149074773415
2039.0,0.23188834752200954,0.00013679341645911336,0.23175154211979465,0.23188833553625376
2039.5,0.23340101904739427,0.00013679341645911336,0.23326421677991552,0.23340101019637463
2040.0,0.23491947600488577,0.00013679341645911336,0.2347826741061995,0.2349194675226586
2040.5,0.23644374144401434,0.00013679341645911336,0.23630693770136565,0.23644373111782477
2041.0,0.2379737462161891,0.00013679341645911336,0.2378369367572569,0.237973730173716
2041.5,0.2395094442223494,0.00013679341645911336,0.23937264767115418,0.2395094410876133
2042.0,0.2410509276606165,0.00013679341645911336,0.24091411764849557,0.2410509110649547
2042.5,0.2425994873046875,0.00013679341645911336,0.24246269204426596,0.24259948546072507
2043.0,0.244189075112703,0.00013679341645911336,0.24405226436299707,0.24418905777945618
2043.5,0.24586074229813776,0.00013679341645911336,0.2457239269385258,0.2458607203549849
2044.0,0.24753856370816418,0.00013679341645911336,0.24740174982372215,0.24753854324018126
2044.5,0.24922247019419136,0.00013679341645911336,0.2490856622104291,0.24922245562688822
2045.0,0.2509125078552799,0.00013679341645911336,0.2507757113040847,0.2509125047205438
2045.5,0.25260865364189955,0.00013679341645911336,0.25247184989925087,0.25260864331571
2046.0,0.2543107692568684,0.00013679341645911336,0.25417395998233244,0.25431075339879156
2046.5,0.25601890079924705,0.00013679341645911336,0.25588208875876745,0.25601888217522656
2047.0,0.25773295607091434,0.00013679341645911336,0.25759614181767987,0.257732935234139
2047.5,0.2594530503195218,0.00013679341645911336,0.2593162371726648,0.2594530305891239
2048.0,0.26118519947247926,0.00013679341645911336,0.26104839351707565,0.26118518693353476
2048.5,0.26304481252802825,0.00013679341645911336,0.26290800454426594,0.26304479796072505
2049.0,0.2649117553342145,0.00013679341645911336,0.2647749560170756,0.26491174943353474
2049.5,0.26678595874244715,0.00013679341645911336,0.2666491535246285,0.2667859469410876
2050.0,0.268667261406014,0.00013679341645911336,0.2685304554506104,0.2686672488670695
2050.5,0.2705557785725666,0.00013679341645911336,0.2704189798086164,0.2705557732250755
2051.0,0.2724513719449231,0.00013679341645911336,0.2723145613796134,0.2724513547960725
2051.5,0.27435390322590164,0.00013679341645911336,0.2742171057527252,0.2743538991691843
2052.0,0.27626334936597197,0.00013679341645911336,0.27612654211979465,0.27626333553625376
2052.5,0.2781759302421639,0.00013679341645911336,0.2780391176484956,0.2781759110649547
2053.0,0.28007378246849035,0.00013679341645911336,0.27993696508051974,0.28007375849697885
2053.5,0.2821149105751983,0.00013679341645911336,0.28197810461979467,0.2821148980362538
2054.0,0.28416500494919517,0.00013679341645911336,0.2840281895895832,0.2841649830060423
2054.5,0.2862219911327535,0.00013679341645911336,0.28608519015604844,0.28622198357250755
2055.0,0.2882857999772824,0.00013679341645911336,0.28814898830559527,0.2882857817220544
2055.5,0.2903563623341909,0.00013679341645911336,0.2902195604355046,0.29035635385196373
2056.0,0.2924336321044184,0.00013679341645911336,0.29229683573761944,0.29243362915407856
2056.5,0.2945174018421922,0.00013679341645911336,0.2943806017874684,0.2945173952039275
2057.0,0.2966077637456335,0.00013679341645911336,0.2964709529959276,0.2966077464123867
2057.5,0.29870582419219693,0.00013679341645911336,0.2985690222935107,0.2987058157099698
2058.0,0.30084316103840164,0.00013679341645911336,0.30070634291284604,0.30084313632930515
2058.5,0.30308832358737725,0.00013679341645911336,0.3029515043554442,0.3030882977719033
2059.0,0.3053415765214903,0.00013679341645911336,0.3052047615306708,0.3053415549471299
2059.5,0.3076007531848919,0.00013679341645911336,0.3074639429883747,0.3076007364048338
2060.0,0.30986679860832467,0.00013679341645911336,0.30972999283731734,0.30986678625377645
2060.5,0.3121396897422583,0.00013679341645911336,0.31200288747477956,0.31213968089123867
2061.0,0.31442322975919323,0.00013679341645911336,0.31428642693852576,0.3144232203549849
2061.5,0.3168081646599438,0.00013679341645911336,0.3166713636832388,0.3168081570996979
2062.0,0.3192178778057732,0.00013679341645911336,0.3190810596802176,0.3192178530966767
2062.5,0.32163441361257317,0.00013679341645911336,0.3214976004657161,0.32163439388217524
2063.0,0.32405774903081336,0.00013679341645911336,0.3239209388342962,0.3240577322507553
2063.5,0.32648779186237253,0.00013679341645911336,0.32635098037508165,0.32648777379154076
2064.0,0.32892728500135715,0.00013679341645911336,0.3287904866061995,0.3289272800226586
2064.5,0.33144180436148746,0.00013679341645911336,0.3313050022784049,0.33144179569486404
2065.0,0.33401675959007976,0.00013679341645911336,0.33387994091133544,0.33401673432779455
2065.5,0.33659844528152144,0.00013679341645911336,0.3364616299219095,0.3365984233383686
2066.0,0.33918674618816086,0.00013679341645911336,0.3390499276938128,0.3391867211102719
2066.5,0.3417815701118769,0.00013679341645911336,0.34164476341888833,0.34178155683534744
2067.0,0.34438476101509397,0.00013679341645911336,0.3442479545065016,0.3443847479229607
2067.5,0.3470411963333176,0.00013679341645911336,0.3469043933282539,0.347041186744713
2068.0,0.3497863492936886,0.00013679341645911336,0.349649531168133,0.34978632458459213
2068.5,0.3525390625,0.00013679341645911336,0.35240224548082183,0.35253903889728094
2069.0,0.3552994051008426,0.00013679341645911336,0.3551625834717584,0.3552993768882175
2069.5,0.3580670083037316,0.00013679341645911336,0.3579301911001572,0.35806698451661634
2070.0,0.3608447763494855,0.00013679341645911336,0.3607079715004593,0.3608447649169184
2070.5,0.36369883834055183,0.00013679341645911336,0.36356203588867686,0.363698829305136
2071.0,0.36662354714200573,0.00013679341645911336,0.36648674321496083,0.36662353663141994
2071.5,0.3695553321492636,0.00013679341645911336,0.3694185313569548,0.3695553247734139
2072.0,0.3724941242137344,0.00013679341645911336,0.3723573059037826,0.3724940993202417
2072.5,0.3754396928401152,0.00013679341645911336,0.37530287803369194,0.37543967145015106
2073.0,0.37839641743916397,0.00013679341645911336,0.378259614249704,0.3783964076661631
2073.5,0.3814644482200599,0.00013679341645911336,0.3813276372859578,0.3814644307024169
2074.0,0.3845735993630216,0.00013679341645911336,0.3844367762587675,0.3845735696752266
2074.5,0.3876894579193023,0.00013679341645911336,0.38755264200650164,0.38768943542296075
2075.0,0.39081220828514446,0.00013679341645911336,0.39067537614547443,0.39081216956193354
2075.5,0.39394187351007837,0.00013679341645911336,0.39380507308656204,0.39394186650302115
2076.0,0.3970900244583176,0.00013679341645911336,0.3969532273539336,0.39709002077039274
2076.5,0.4003647634269968,0.00013679341645911336,0.40022796300348046,0.40036475641993957
2077.0,0.40364614066040405,0.00013679341645911336,0.4035093074143566,0.4036461008308157
2077.5,0.4069338334651152,0.00013679341645911336,0.4067970245593717,0.40693381797583084
2078.0,0.410232129053767,0.00013679341645911336,0.4100953157225137,0.4102321091389728
2078.5,0.41363022910864333,0.00013679341645911336,0.41349339918172817,0.4136301925981873
2079.0,0.4170552510149169,0.00013679341645911336,0.41691843694607866,0.4170552303625378
2079.5,0.42048668069061557,0.00013679341645911336,0.4203498474445681,0.4204866408610272
2080.0,0.4239274223765578,0.00013679341645911336,0.4237906046197947,0.4239273980362538
2080.5,0.4274496672016616,0.00013679341645911336,0.427312838381124,0.4274496317975831
2081.0,0.4310212841206807,0.00013679341645911336,0.4308844490306708,0.4310212424471299
2081.5,0.43459663506360935,0.00013679341645911336,0.43445983611526295,0.43459662953172207
2082.0,0.4381204933558346,0.00013679341645911336,0.4379836748614865,0.4381204682779456
2082.5,0.44167454653276056,0.00013679341645911336,0.4415377250880726,0.4416745185045317
2083.0,0.4453008369376652,0.00013679341645911336,0.4451639996349004,0.4453007930513595
2083.5,0.4489320599420553,0.00013679341645911336,0.44879523075272515,0.44893202416918426
2084.0,0.4525697829139917,0.00013679341645911336,0.45243297622100315,0.45256976963746226
2084.5,0.4562524063709639,0.00013679341645911336,0.4561156140608823,0.4562524074773414
2085.0,0.4600266747604324,0.00013679341645911336,0.45988987765604844,0.46002667107250755
2085.5,0.46380564525408324,0.00013679341645911336,0.4636688145895832,0.4638056080060423
2086.0,0.46759014763500756,0.00013679341645911336,0.46745332176480975,0.46759011518126886
2086.5,0.47140512149499625,0.00013679341645911336,0.4712683236530273,0.4714051170694864
2087.0,0.47533008771360463,0.00013679341645911336,0.4751932670065016,0.4753300604229607
2087.5,0.47926067801760763,0.00013679341645911336,0.4791238750125439,0.479260668429003
2088.0,0.48319721510042957,0.00013679341645911336,0.48306038369834453,0.48319717711480364
2088.5,0.48715297549152664,0.00013679341645911336,0.48701615220287625,0.48715294561933536
2089.0,0.49123454021903323,0.00013679341645911336,0.49109772319985506,0.4912345166163142
2089.5,0.49532112974414655,0.00013679341645911336,0.49518429797326896,0.4953210913897281
2090.0,0.4994123752743816,0.00013679341645911336,0.4992755460850515,0.4994123395015106
2090.5,0.5035139469941937,0.00013679341645911336,0.5033771321877705,0.5035139256042296
2091.0,0.5077508194569015,0.00013679341645911336,0.507614009075988,0.5077508024924471
2091.5,0.5119938230946705,0.00013679341645911336,0.5118570226711542,0.5119938160876133
2092.0,0.5162413444403795,0.00013679341645911336,0.5161045207829367,0.5162413141993958
2092.5,0.5204988692822413,0.00013679341645911336,0.5203620736530273,0.5204988670694864
2093.0,0.5248858863853616,0.00013679341645911336,0.5247490638342962,0.5248858572507553
2093.5,0.5292864105132411,0.00013679341645911336,0.5291496019762901,0.5292863953927492
2094.0,0.5336914984481212,0.00013679341645911336,0.5335546718403384,0.5336914652567976
2094.5,0.5381060827894873,0.00013679341645911336,0.5379692772028762,0.5381060706193354
2095.0,0.5426465175663236,0.00013679341645911336,0.5425096850578611,0.5426464784743202
2095.5,0.5472057146608289,0.00013679341645911336,0.5470688806771965,0.5472056740936556
2096.0,0.5517691989679712,0.00013679341645911336,0.5516323719913959,0.551769165407855
2096.5,0.5563419491862963,0.00013679341645911336,0.5562051155714562,0.5563419089879154
2097.0,0.5610383370851822,0.00013679341645911336,0.5609015373992509,0.56103833081571
2097.5,0.565756114948192,0.00013679341645911336,0.5656192960850515,0.5657560895015106
2098.0,0.5704779495285357,0.00013679341645911336,0.5703411144385258,0.5704779078549849
2098.5,0.5752088656238199,0.00013679341645911336,0.5750720434415469,0.5752088368580061
2099.0,0.5800630967062406,0.00013679341645911336,0.5799262730487977,0.5800630664652568
2099.5,0.5849389482480882,0.00013679341645911336,0.5848021227466829,0.584938916163142
2100.0,0.5898186260119666,0.00013679341645911336,0.5896817960850514,0.5898185895015106
2100.5,0.5947064633095732,0.00013679341645911336,0.5945696359642055,0.5947064293806646
2101.0,0.599698438385102,0.00013679341645911336,0.5995616110397343,0.5996984044561934
2101.5,0.6047080233017844,0.00013679341645911336,0.6045711937436618,0.6047079871601209
2102.0,0.6097478953012887,0.00013679341645911336,0.6096110823388279,0.609747875755287
2102.5,0.6148577456748018,0.00013679341645911336,0.6147209293932085,0.6148577228096677
2103.0,0.61997326623277,0.00013679341645911336,0.6198364411001572,0.6199732345166163
2103.5,0.6251468255080486,0.00013679341645911336,0.6250100154959276,0.6251468089123867
2104.0,0.6303598916782713,0.00013679341645911336,0.6302230536379215,0.6303598470543806
2104.5,0.6355799188066465,0.00013679341645911336,0.6354430781847493,0.6355798716012084
2105.0,0.6408878568436084,0.00013679341645911336,0.640751046462695,0.6408878398791541
2105.5,0.6462040466124197,0.00013679341645911336,0.6460672284868642,0.6462040219033233
2106.0,0.6515544418842051,0.00013679341645911336,0.6514176344536315,0.6515544278700907
2106.5,0.6569658262131798,0.00013679341645911336,0.6568289826409427,0.6569657760574018
2107.0,0.6623829268256703,0.00013679341645911336,0.662246089891698,0.6623828833081571
2107.5,0.6678641973305325,0.00013679341645911336,0.6677273493327855,0.6678641427492447
2108.0,0.6733734960642466,0.00013679341645911336,0.6732366488040847,0.6733734422205438
2108.5,0.6788960252283563,0.00013679341645911336,0.6787592130034804,0.6788960064199395
2109.0,0.6844971532908091,0.00013679341645911336,0.6843603270518188,0.6844971204682779
2109.5,0.6901030756555655,0.00013679341645911336,0.68996625605484,0.6901030494712991
2110.0,0.6957522850382364,0.00013679341645911336,0.6956154724445681,0.6957522658610272
2110.5,0.7014470863918524,0.00013679341645911336,0.7013102420820303,0.7014470354984894
2111.0,0.7071473735336811,0.00013679341645911336,0.7070105347557464,0.7071473281722055
2111.5,0.7129187454269732,0.00013679341645911336,0.7127819188191904,0.7129187122356495
2112.0,0.71870403923657,0.00013679341645911336,0.7185672284868642,0.7187040219033233
2112.5,0.724514134340776,0.00013679341645911336,0.7243773210095228,0.7245141144259819
2113.0,0.7303826830538378,0.00013679341645911336,0.7302458538645077,0.7303826472809668
2113.5,0.736255334583294,0.00013679341645911336,0.7361184935926043,0.7362552870090634
2114.0,0.7421711809325434,0.00013679341645911336,0.7420343735019699,0.742171166918429
2114.5,0.7481117824773413,0.00013679341645911336,0.7479749418554442,0.7481117352719033
2115.0,0.7540998199555089,0.00013679341645911336,0.7539629988796134,0.7540997922960725
2115.5,0.7601040843030117,0.00013679341645911336,0.7599672473690394,0.7601040407854985
2116.0,0.7661475789510952,0.00013679341645911336,0.7660107707829367,0.7661475641993958
2116.5,0.7722120025726964,0.00013679341645911336,0.7720751590004593,0.7722119524169184
2117.0,0.7783081423479985,0.00013679341645911336,0.7781713164778007,0.7783081098942598
2117.5,0.7844317571634253,0.00013679341645911336,0.7842949003146588,0.7844316937311179
2118.0,0.7905831236133403,0.00013679341645911336,0.7904463353599759,0.790583128776435
2118.5,0.7967643622545317,0.00013679341645911336,0.7966275570367131,0.7967643504531722
2119.0,0.8029713241715446,0.00013679341645911336,0.8028345056771965,0.8029712990936556
2119.5,0.8092027185906816,0.00013679341645911336,0.8090659067345983,0.8092027001510574
2120.0,0.8154580845213368,0.00013679341645911336,0.8153212881545379,0.815458081570997
2120.5,0.8217373297653889,0.00013679341645911336,0.821600461115263,0.8217372545317221
2121.0,0.8280391635491409,0.00013679341645911336,0.8279022926862599,0.828039086102719
2121.5,0.8343634014763501,0.00013679341645911336,0.8342265940457765,0.8343633874622356
2122.0,0.840711887509441,0.00013679341645911336,0.8405750645895832,0.8407118580060423
2122.5,0.8470813025160498,0.00013679341645911336,0.8469444943478913,0.8470812877643504
2123.0,0.8534704479206005,0.00013679341645911336,0.8533336559793113,0.8534704493957704
2123.5,0.8598815364780023,0.00013679341645911336,0.859744720933994,0.8598815143504531
2124.0,0.8663082065178909,0.00013679341645911336,0.8661713636832388,0.8663081570996979
2124.5,0.8727523020026907,0.00013679341645911336,0.872615472444568,0.8727522658610272
2125.0,0.8792133619417957,0.00013679341645911336,0.8790764807527252,0.8792132741691843
2125.5,0.8856919395239331,0.00013679341645911336,0.8855551438947191,0.8856919373111782
2126.0,0.892186743975406,0.00013679341645911336,0.8920499512965319,0.892186744712991
2126.5,0.8986957469375472,0.00013679341645911336,0.8985589203297645,0.8986957137462236
2127.0,0.9052181186272659,0.00013679341645911336,0.9050812957074079,0.905218089123867
2127.5,0.9117529370633497,0.00013679341645911336,0.911616133320701,0.9117529267371601
2128.0,0.9182997412551926,0.00013679341645911336,0.9181628667043868,0.918299660120846
2128.5,0.9248576092215823,0.00013679341645911336,0.9247207405714563,0.9248575339879154
2129.0,0.9314258033775491,0.00013679341645911336,0.9312889996349004,0.9314257930513595
2129.5,0.9380048769118202,0.00013679341645911336,0.9378680215382237,0.9380048149546828
2130.0,0.9445917872863954,0.00013679341645911336,0.9444549739551421,0.9445917673716012
2130.5,0.9511862579069109,0.00013679341645911336,0.951049384831275,0.9511861782477341
2131.0,0.957787182395912,0.00013679341645911336,0.9576503100578612,0.9577871034743203
2131.5,0.964393823168429,0.00013679341645911336,0.9642569943478914,0.9643937877643505
2132.0,0.9710055348376133,0.00013679341645911336,0.9708686824143566,0.9710054758308158
2132.5,0.9776213032241314,0.00013679341645911336,0.9774844301484956,0.9776212235649547
2133.0,0.9842404829411349,0.00013679341645911336,0.9841036710850515,0.9842404645015106
2133.5,0.99086205980929,0.00013679341645911336,0.9907251778826346,0.9908619712990937
2134.0,0.9973245027202133,0.00013679341645911336,0.9971876967648098,0.9973244901812689
2134.5,0.9999999078018788,0.00013679341645911336,0.9998631121726648,0.9999999055891239
2135.0,1.0000000921981211,0.00013679341645911336,0.9998632065835409,1.0
