time_ns,Q_total,Q_electron,Q_hole,Q_no_trapping
0.0,0.0,-1.557246756391889e-11,1.557246756391889e-11,0.0
0.5,1.9638531832896692e-5,9.267024818758352e-6,1.037152028129251e-5,1.963853069409476e-5
1.0,3.930610067174514e-5,1.8463395351734405e-5,2.0842691156807735e-5,3.9306098033307024e-5
1.5,5.901702243575877e-5,2.7596471875984394e-5,3.142055830559061e-5,5.901701865681013e-5
2.0,7.877951302197044e-5,3.66655398560857e-5,4.211397274706969e-5,7.877950684077295e-5
2.5,9.860751131870236e-5,4.567389537479426e-5,5.293358336399495e-5,9.860750178831897e-5
3.0,0.00011851770234972328,5.462727776502079e-5,6.389043088112233e-5,0.00011851769712137823
3.5,0.00013852388432018705,6.353121891390813e-5,7.499265178245773e-5,0.00013852387069636588
4.0,0.00015863434065504736,7.238408230484319e-5,8.625027261344761e-5,0.00015863433186876104
4.5,0.00017886671865094465,8.118738920679026e-5,9.767935889633597e-5,0.0001788667020040667
5.0,0.00019926096107304275,8.996246043477904e-5,0.0001092984655025811,0.0001992609489868899
5.5,0.0002198276472956032,9.869618080637504e-5,0.00012113144869548652,0.00021982762950186155
6.0,0.00024059072722120947,0.00010738808933098304,0.00013320257962989146,0.00024059071505993403
6.5,0.0002615784950486843,0.00011603930391079646,0.000145539148949034,0.0002615784874341251
7.0,0.0002828191099210088,0.00012464500719409512,0.00015817407138141404,0.00028281909010027405
7.5,0.00030430608915778446,0.0001331793606580159,0.00017112670853203156,0.0003043060691900475
8.0,0.00032610509240735334,0.00014166847941977906,0.0001844366133939579,0.0003261050697642072
8.5,0.0003482599677996333,0.00015011207536026253,0.00019814785666809773,0.00034825993202836027
9.0,0.00037081553136474054,0.00015851025220235028,0.00021230524664030812,0.00037081551036742327
9.5,0.00039382440986229935,0.00016686174222190536,0.0002269626731111723,0.00039382440380831277
10.0,0.00041739273467452867,0.00017517836982769563,0.00024221431645929723,0.0004173926862869929
10.5,0.00044152775379826295,0.0001834444267651884,0.00025808327231350425,0.0004415277106034575
11.0,0.00046632643732779695,0.00019165555667325864,0.0002746708664066266,0.00046632642307988523
11.5,0.0004918857553574253,0.00019980127201586471,0.0002920844634482949,0.0004918857239393947
12.0,0.000518526780641331,0.00020789941312904234,0.00031062734915111574,0.0005185267392306284
12.5,0.0005459562619287082,0.00021551327209715838,0.00033044293768926745,0.0005459562328359556
13.0,0.0005746033166470485,0.0002230208900202196,0.0003515823990188213,0.0005746032948014233
13.5,0.0006046914622142596,0.00023055420816896528,0.00037413719367387243,0.0006046914133676026
14.0,0.0006364271089749754,0.00023812547160608142,0.0003983015830912537,0.0006364270662221
14.5,0.0006550427109813402,0.00024576385239267286,0.0004092787833431608,0.0006550426501417898
15.0,0.0006740886909363854,0.0002534932384851466,0.00042059541097034104,0.0006740886609802525
15.5,0.0006939494627840209,0.00026132802719603006,0.00043262141092547226,0.0006939494265967374
16.0,0.0007145049618810325,0.0002692971831406603,0.0004452076988500548,0.0007145049050402449
16.5,0.0007358085352848664,0.00027743636970396134,0.00045837211508012427,0.0007358084790217032
17.0,0.0007581725221386128,0.0002856679042082533,0.00047250451936207277,0.0007581724235703262
17.5,0.0007729861671470804,0.0002856679042082533,0.00048731822164472236,0.0007729861258529756
18.0,0.0007887050464434206,0.0002856679042082533,0.0005030371250601797,0.0007887050292684331
18.5,0.0008057552161893816,0.0002856679042082533,0.0005200872310175035,0.0008057551352257568
19.0,0.0008235650300259317,0.0002856679042082533,0.0005378970494757781,0.0008235649536840315
19.5,0.0008433415270283864,0.0002856679042082533,0.0005576735460114538,0.0008433414502197071
20.0,0.0008643181302396192,0.0002856679042082533,0.0005786501854627699,0.0008643180896710232
20.5,0.0008873768443427417,0.0002856679042082533,0.0006017088428384152,0.0008873767470466685
21.0,0.0009131439682940342,0.0002856679042082533,0.0006274760043573172,0.0009131439085655705
21.5,0.0009416655111168806,0.0002856679042082533,0.0006559975846827614,0.0009416654888910148
22.0,0.0009745731274527005,0.0002856679042082533,0.0006889051217294113,0.0009745730259376646
22.5,0.0010681570116486793,0.0002856679042082533,0.000782489070704252,0.0010681569749125053
23.0,0.001170182066021369,0.0002856679042082533,0.0008845140340722428,0.0011701819382804962
23.5,0.001264599424834698,0.0002856679042082533,0.0009789314540432723,0.0012645993582515258
24.0,0.0013547837734222412,0.0002856679042082533,0.001069115781774477,0.0013547836859827303
24.5,0.001441868410369781,0.0002856679042082533,0.0011562004087433066,0.0014418683129515599
25.0,0.001526560307989668,0.0002856679042082533,0.001240892217928498,0.0015265601221367512
25.5,0.001609478292148279,0.0002856679042082533,0.0013238103196994548,0.001609478223907708
26.0,0.001689411001983366,0.0002856679042082533,0.0014037429541775364,0.0016894108583857899
26.5,0.0017683594248446093,0.0002856679042082533,0.0014826914659329057,0.0017683593701411592
27.0,0.0018464460113617588,0.0002856679042082533,0.0015607779252751815,0.001846445829483435
27.5,0.0019237543160821736,0.0002856679042082533,0.001638086232492697,0.0019237541367009504
28.0,0.0020003515067777604,0.0002856679042082533,0.0017146835078161186,0.0020003514120243717
28.5,0.0020762984486144835,0.0002856679042082533,0.0017906304176077796,0.002076298321816033
29.0,0.002151633677525823,0.0002856679042082533,0.0018659656850776797,0.002151633589285933
29.5,0.0022327177834294714,0.0002856679042082533,0.001947049689666426,0.002232717593874679
30.0,0.002313444801687834,0.0002856679042082533,0.00202777670313822,0.0023134446073464735
30.5,0.0023937029060640365,0.0002856679042082533,0.0021080347969765394,0.0023937027011847927
31.0,0.0024735133453438287,0.0002856679042082533,0.0021878451767487644,0.0024735130809570177
31.5,0.00255290709233356,0.0002856679042082533,0.002267239005419133,0.002552906909627386
32.0,0.0026319331272851303,0.0002856679042082533,0.0023462649635945017,0.002631932867802755
32.5,0.0027106375492591513,0.0002856679042082533,0.0024249695191268716,0.002710637423335125
33.0,0.0027966367874260756,0.0002856679042082533,0.002510968605442037,0.00279663650965029
33.5,0.002887121680279873,0.0002856679042082533,0.002601453499041336,0.0028871214032495894
34.0,0.0029774506286551947,0.0002856679042082533,0.002691782577819445,0.002977450482027698
34.5,0.0030677793969560605,0.0002856679042082533,0.0027821111034088395,0.003067779007617093
35.0,0.003158204144941716,0.0002856679042082533,0.0028725358838345197,0.003158203788042773
35.5,0.0032488734340379607,0.0002856679042082533,0.002963205358068152,0.0032488732622764052
36.0,0.0033398185972000538,0.0002856679042082533,0.0030541503202814978,0.003339818224489751
36.5,0.0034303204170526695,0.0002856679042082533,0.00314465236273094,0.003430320266939193
37.0,0.003513662476554018,0.0002856679042082533,0.0032279942992551576,0.003513662203463411
37.5,0.0035950489274684757,0.0002856679042082533,0.0033093808980706177,0.003595048802278871
38.0,0.003674224064069212,0.0002856679042082533,0.0033885558484063674,0.0036742237526146207
38.5,0.003751808783078842,0.0002856679042082533,0.003466140565584787,0.00375180846979304
39.0,0.0038285475122964634,0.0002856679042082533,0.0035428792728228273,0.0038285471770310806
39.5,0.003904433408892767,0.0002856679042082533,0.003618765331855917,0.00390443323606417
40.0,0.0039798975711142544,0.0002856679042082533,0.0036942294922962453,0.003979897396504499
40.5,0.004059116645882137,0.0002856679042082533,0.0037734483289366618,0.0040591162331449155
41.0,0.004145711930496815,0.0002856679042082533,0.0038600437526858256,0.004145711656894079
41.5,0.004232160994653615,0.0002856679042082533,0.0039464927658219425,0.004232160670030196
42.0,0.004318472842075313,0.0002856679042082533,0.0040328045881569165,0.00431847249236517
42.5,0.004404652514846664,0.0002856679042082533,0.0041189843827854145,0.004404652286993668
43.0,0.004490682365671025,0.0002856679042082533,0.0042050140788761035,0.004490681983084357
43.5,0.004576531781890962,0.0002856679042082533,0.004290863435445935,0.0045765313396541885
44.0,0.00466220724618687,0.0002856679042082533,0.004376539090759482,0.004662206994967735
44.5,0.0047537747466672225,0.0002856679042082533,0.004468106574672636,0.0047537744788808895
45.0,0.004851305952965313,0.0002856679042082533,0.004565637801718255,0.004851305705926508
45.5,0.004948651682574223,0.0002856679042082533,0.00466298352614835,0.004948651430356604
46.0,0.005045815897131975,0.0002856679042082533,0.0047601478046801595,0.005045815708888414
46.5,0.005142796435745101,0.0002856679042082533,0.004857128055766351,0.0051427959599746045
47.0,0.005239608064518954,0.0002856679042082533,0.0049539397686909235,0.005239607672899177
47.5,0.0053362597871763106,0.0002856679042082533,0.00505059142568083,0.005336259329889083
48.0,0.005432750163121526,0.0002856679042082533,0.005147081920358641,0.0054327498245668945
48.5,0.005535922021664161,0.0002856679042082533,0.005250253828327582,0.005535921732535835
49.0,0.005645450148337557,0.0002856679042082533,0.005359781874623653,0.005645449778831906
49.5,0.0057547873960881075,0.0002856679042082533,0.005469119255209535,0.005754787159417788
50.0,0.005863937006256011,0.0002856679042082533,0.005578268551632559,0.005863936455840812
50.5,0.00597294147641277,0.0002856679042082533,0.005687273281404917,0.0059729411856131705
51.0,0.006081821695195224,0.0002856679042082533,0.0057961533593203236,0.006081821263528577
51.5,0.006190610436154276,0.0002856679042082533,0.005904942345494111,0.006190610249702364
52.0,0.006299306978992105,0.0002856679042082533,0.006013638764756374,0.006299306668964627
52.5,0.006414072751278603,0.0002856679042082533,0.0061284040330068165,0.00641407193721507
53.0,0.00653790131076225,0.0002856679042082533,0.006252232745152098,0.006537900649360351
53.5,0.006661691694461327,0.0002856679042082533,0.006376023102879856,0.006661691007088109
54.0,0.006785433818206326,0.0002856679042082533,0.006499765517585709,0.006785433421793962
54.5,0.006909134164677646,0.0002856679042082533,0.006623465889949277,0.006909133794157529
55.0,0.0070328078601295495,0.0002856679042082533,0.006747139709254559,0.007032807613462811
55.5,0.007156503164516115,0.0002856679042082533,0.00687083491852346,0.007156502822731712
56.0,0.007280220798135164,0.0002856679042082533,0.006994552255340932,0.007280220159549184
56.5,0.007407977861940321,0.0002856679042082533,0.007122309344942586,0.007407977249150839
57.0,0.007549730312428085,0.0002856679042082533,0.007264062109015643,0.007549730013223895
57.5,0.0076915908075891595,0.0002856679042082533,0.007405922560491746,0.007691590464699999
58.0,0.00783352405283026,0.0002856679042082533,0.007547855295293182,0.007833523199501435
58.5,0.007975474585219092,0.0002856679042082533,0.007689806469718429,0.007975474373926681
59.0,0.008117541805855097,0.0002856679042082533,0.007831873444981197,0.00811754134918945
59.5,0.00825973075682303,0.0002856679042082533,0.00797406212176111,0.008259730025969364
60.0,0.008401895217665012,0.0002856679042082533,0.008116226458237594,0.008401894362445848
60.5,0.008544025824509359,0.0002856679042082533,0.008258357603391222,0.008544025507599473
61.0,0.008706038812136002,0.0002856679042082533,0.008420370350936237,0.00870603825514449
61.5,0.008866387911793689,0.0002856679042082533,0.008580719106828685,0.008866387011036939
62.0,0.009016984178940696,0.0002856679042082533,0.008731315514480772,0.009016983418689024
62.5,0.009167112252503364,0.0002856679042082533,0.008881443555688097,0.009167111459896349
63.0,0.009316766370099117,0.0002856679042082533,0.009031098067355995,0.009316765971564247
63.5,0.009466016400616695,0.0002856679042082533,0.009180347644885036,0.00946601554909329
64.0,0.009614892596564624,0.0002856679042082533,0.009329224004428174,0.009614891908636425
64.5,0.009763390636155972,0.0002856679042082533,0.009477721982890739,0.009763389887098992
65.0,0.00991632066824645,0.0002856679042082533,0.009630652109332154,0.009916320013540408
65.5,0.010087407967835395,0.0002856679042082533,0.009801739364546296,0.01008740726875455
66.0,0.0102581740145957,0.0002856679042082533,0.0099725050327212,0.010258172936929454
66.5,0.010428624570909944,0.0002856679042082533,0.010142955752121438,0.010428623656329692
67.0,0.010598759636778126,0.0002856679042082533,0.010313090785162057,0.01059875868937031
67.5,0.010768590736965398,0.0002856679042082533,0.010482921933202298,0.01076858983741055
68.0,0.01093813803981078,0.0002856679042082533,0.01065246911103587,0.010938137015244122
68.5,0.011107425315142399,0.0002856679042082533,0.010821756658966205,0.011107424563174458
69.0,0.011276456164449363,0.0002856679042082533,0.010990787527333113,0.011276455431541365
69.5,0.011448266643051654,0.0002856679042082533,0.011162597615800586,0.011448265520008839
70.0,0.011637456467504588,0.0002856679042082533,0.011351787418500977,0.01163745532270923
70.5,0.011826658537020496,0.0002856679042082533,0.01154098976014556,0.011826657664353812
71.0,0.012015870690705912,0.0002856679042082533,0.011730201690394524,0.012015869594602775
71.5,0.012205095089454306,0.0002856679042082533,0.011919426159587677,0.01220509406379593
72.0,0.012403194277668287,0.0002856679042082533,0.01211752525092786,0.012403193155136114
72.5,0.01260769835411602,0.0002856679042082533,0.012322029529994508,0.01260769743420276
73.0,0.012812196668181175,0.0002856679042082533,0.012526527908381536,0.012812195812589789
73.5,0.013016795823941418,0.0002856679042082533,0.012731126598322087,0.013016794502530342
74.0,0.013221776737547352,0.0002856679042082533,0.012936107357267973,0.013221775261476226
74.5,0.013443527625046468,0.0002856679042082533,0.013157859322861062,0.013443527227069315
75.0,0.013665478755340115,0.0002856679042082533,0.013379810436391294,0.013665478340599549
75.5,0.013887641653193448,0.0002856679042082533,0.013601972499217907,0.013887640403426162
76.0,0.014110009115628245,0.0002856679042082533,0.013824339610661282,0.014110007514869535
76.5,0.014341495548490311,0.0002856679042082533,0.014055826222455877,0.01434149412666413
77.0,0.01458342485917659,0.0002856679042082533,0.01429775556200626,0.014583423466214515
77.5,0.01482568694745666,0.0002856679042082533,0.014540018289955119,0.014825686194163374
78.0,0.015068366808473524,0.0002856679042082533,0.014782698490987026,0.015068366395195279
78.5,0.0153114846105662,0.0002856679042082533,0.01502581534231074,0.015311483246518995
79.0,0.015575060311400999,0.0002856679042082533,0.015289391325043557,0.015575059229251812
79.5,0.015840495821212355,0.0002856679042082533,0.015554827497026276,0.01584049540123453
80.0,0.016106510450472643,0.0002856679042082533,0.01582084193561166,0.016106509839819916
80.5,0.016373105639777515,0.0002856679042082533,0.016087436115969616,0.01637310402017787
81.0,0.01665141143107342,0.0002856679042082533,0.016365741670201453,0.016651409574409706
81.5,0.016943703965478073,0.0002856679042082533,0.016658034785470212,0.01694370268967847
82.0,0.017236770099743615,0.0002856679042082533,0.016951100889769068,0.01723676879397732
82.5,0.01753075677462575,0.0002856679042082533,0.017245087500088494,0.017530755404296747
83.0,0.017826207094682307,0.0002856679042082533,0.017540537478953438,0.017826205383161695
83.5,0.018149803772433647,0.0002856679042082533,0.017864135174771093,0.018149803078979346
84.0,0.01847455292670028,0.0002856679042082533,0.018188883503114456,0.01847455140732271
84.5,0.01880044015152577,0.0002856679042082533,0.018514770662624296,0.01880043856683255
85.0,0.019127471209292684,0.0002856679042082533,0.018841802553980228,0.01912747045818848
85.5,0.01947668743997902,0.0002856679042082533,0.019191018050363925,0.01947668595457218
86.0,0.01983865726390274,0.0002856679042082533,0.019552987865744168,0.01983865576995242
86.5,0.02020201438143174,0.0002856679042082533,0.019916344340834887,0.02020201224504314
87.0,0.02056669972814462,0.0002856679042082533,0.020281029944009793,0.020566697848218046
87.5,0.0209424675771477,0.0002856679042082533,0.02065679849867915,0.020942466402887404
88.0,0.021338382156233772,0.0002856679042082533,0.021052713448737805,0.021338381352946058
88.5,0.021741257693472224,0.0002856679042082533,0.021455588250407113,0.021741256154615366
89.0,0.0221625209935122,0.0002856679042082533,0.02187685104493924,0.022162518949147496
89.5,0.022588879680345425,0.0002856679042082533,0.02230321055149231,0.022588878455700564
90.0,0.023037368797463594,0.0002856679042082533,0.02275169908178667,0.023037366985994925
90.5,0.023489704304951554,0.0002856679042082533,0.023204034855192644,0.023489702759400898
91.0,0.023968440168213628,0.0002856679042082533,0.023682770269214184,0.023968438173422438
91.5,0.024450181113989333,0.0002856679042082533,0.024164510604331717,0.02445017850853997
92.0,0.024962733519401436,0.0002856679042082533,0.024677062813249953,0.024962730717458206
92.5,0.025478743354359422,0.0002856679042082533,0.025193074295594847,0.0254787421998031
93.0,0.026028808870344363,0.0002856679042082533,0.025743138600021198,0.026028806504229455
93.5,0.026583631233146183,0.0002856679042082533,0.026297961802560305,0.026583629706768558
94.0,0.02717729205451343,0.0002856679042082533,0.026891623278351904,0.02717729118256016
94.5,0.027776983209246955,0.0002856679042082533,0.02749131229837435,0.027776980202582603
95.0,0.028421638235224696,0.0002856679042082533,0.02813596744743366,0.028421635351641914
95.5,0.0290743605968095,0.0002856679042082533,0.028788691775872004,0.029074359680080257
96.0,0.02977563103160109,0.0002856679042082533,0.029489960995536156,0.02977562889974441
96.5,0.030495127882482063,0.0002856679042082533,0.03020945741454351,0.030495125318751762
97.0,0.031269641081011906,0.0002856679042082533,0.030983971770318756,0.03126963967452701
97.5,0.032073409895882504,0.0002856679042082533,0.031787738745305376,0.03207340664951363
98.0,0.03293519725972432,0.0002856679042082533,0.03264952710298597,0.032935195007194225
98.5,0.03384939637429044,0.0002856679042082533,0.03356372529704285,0.033849393201251105
99.0,0.03482328512877496,0.0002856679042082533,0.0345376147661259,0.03482328267033415
99.5,0.035880523866036865,0.0002856679042082533,0.03559485428516764,0.035880522189375895
100.0,0.03704147684610142,0.0002856679042082533,0.03675580709953337,0.03704147500374162
100.5,0.03833064571968378,0.0002856679042082533,0.03804497578134113,0.038330643685549386
101.0,0.03980196062531716,0.0002856679042082533,0.03951628959196911,0.03980195749617736
101.5,0.04156698128968207,0.0002856679042082533,0.04128130973063461,0.041566977634842864
102.0,0.04396498239292479,0.0002856679042082533,0.04367931052373315,0.043964978427941406
102.5,0.048924443224765746,0.0002856679042082533,0.048638772736736786,0.04892444064094504
103.0,0.052288695044387865,0.0002856679042082533,0.05200302161881173,0.05228868952301998
103.5,0.055031854220387436,0.0002856679042082533,0.054746182666225794,0.05503185057043404
104.0,0.05759945664881219,0.0002856679042082533,0.05731378669361429,0.05759945459782254
104.5,0.05994291391977731,0.0002856679042082533,0.059657241604314466,0.05994290950852272
105.0,0.062118363164342785,0.0002856679042082533,0.06183269236490145,0.0621183602691097
105.5,0.06415689243650868,0.0002856679042082533,0.0638712178549287,0.06415688575913694
106.0,0.06609517930137426,0.0002856679042082533,0.06580950850026739,0.06609517640447564
106.5,0.06792585367162422,0.0002856679042082533,0.06764018255071409,0.06792585045492233
107.0,0.06965465488030471,0.0002856679042082533,0.06936898136753814,0.06965464927174639
107.5,0.07129621937915998,0.0002856679042082533,0.07101054453687435,0.0712962124410826
108.0,0.07284941774120504,0.0002856679042082533,0.07256374502891551,0.07284941293312375
108.5,0.07432331995661526,0.0002856679042082533,0.07403764628755642,0.07432331419176468
109.0,0.07571831210502325,0.0002856679042082533,0.07543263775765198,0.07571830566186023
109.5,0.07703796110124386,0.0002856679042082533,0.07675228935037169,0.07703795725457993
110.0,0.07828415700676218,0.0002856679042082533,0.07799848338251401,0.07828415128672225
110.5,0.07945814449621472,0.0002856679042082533,0.07917247079815819,0.07945813870236644
111.0,0.0805624129188745,0.0002856679042082533,0.08027674168410345,0.0805624095883117
111.5,0.0816214927373696,0.0002856679042082533,0.08133581926484652,0.08162148716905478
112.0,0.08261922046857298,0.0002856679042082533,0.08233354747959049,0.08261921538379872
112.5,0.0835548758146626,0.0002856679042082533,0.08326920054474217,0.08355486844895042
113.0,0.08443034307474095,0.0002856679042082533,0.0841446666777797,0.08443033458198795
113.5,0.08525172461195654,0.0002856679042082533,0.08496605308210876,0.085251720986317
114.0,0.0860203342495368,0.0002856679042082533,0.08573465790724555,0.08602032581145379
114.5,0.08673580319499681,0.0002856679042082533,0.0864501271124129,0.08673579501662115
115.0,0.0874303662164694,0.0002856679042082533,0.08714469020969003,0.08743035811389827
115.5,0.0881015282022989,0.0002856679042082533,0.08781585121159804,0.08810151911580628
116.0,0.08873770100112408,0.0002856679042082533,0.0884520270840448,0.08873769498825304
116.5,0.08934345418232806,0.0002856679042082533,0.0890577790523758,0.08934344695658405
117.0,0.08992365695918794,0.0002856679042082533,0.08963798107795638,0.08992364898216464
117.5,0.0905013012381839,0.0002856679042082533,0.09021562810926191,0.09050129601347016
118.0,0.09110125746251593,0.0002856679042082533,0.09081558561020703,0.09110125351441528
118.5,0.0916933192227182,0.0002856679042082533,0.09140764210114226,0.0916933100053505
119.0,0.09228215404867766,0.0002856679042082533,0.09199647682100548,0.09228214472521373
119.5,0.09287048754735296,0.0002856679042082533,0.09258481588378072,0.09287048378798896
120.0,0.0935320897404881,0.0002856679042082533,0.0932464177847059,0.09353208568891413
120.5,0.09420062407986275,0.0002856679042082533,0.09391494708350383,0.09420061498771207
121.0,0.09487691458618533,0.0002856679042082533,0.0945912416766804,0.09487690958088865
121.5,0.09559851470670672,0.0002856679042082533,0.09531284168797194,0.09559850959218019
122.0,0.09637837251507624,0.0002856679042082533,0.09609269910914223,0.09637836701335048
122.5,0.09717125330806858,0.0002856679042082533,0.0968855734295521,0.09717124133376036
123.0,0.0980606194349214,0.0002856679042082533,0.0977749474644517,0.09806061536865995
123.5,0.09896760692769307,0.0002856679042082533,0.09868193502801412,0.09896760293222236
124.0,0.09995771102674778,0.0002856679042082533,0.09967203366401065,0.0999577015682189
124.5,0.10099620761467971,0.0002856679042082533,0.10071052967424252,0.10099619757845077
125.0,0.10211138998993934,0.0002856679042082533,0.10182571091680338,0.10211137882101164
125.5,0.10329799133485178,0.0002856679042082533,0.10301231398547306,0.10329798188968131
126.0,0.10456601514556976,0.0002856679042082533,0.1042803346315262,0.10456600253573446
126.5,0.10591933374318471,0.0002856679042082533,0.10563365550215212,0.10591932340636039
127.0,0.10737201886594835,0.0002856679042082533,0.10708634381756262,0.10737201172177087
127.5,0.1089137097499882,0.0002856679042082533,0.10862803798434664,0.1089137058885549
128.0,0.11056959953192858,0.0002856679042082533,0.11028392210311826,0.11056959000732652
128.5,0.11234802061697508,0.0002856679042082533,0.11206233973485878,0.11234800763906704
129.0,0.11425130100768859,0.0002856679042082533,0.11396562754869734,0.1142512954529056
129.5,0.11629303992694959,0.0002856679042082533,0.11600736890911696,0.11629303681332523
130.0,0.11849299082223022,0.0002856679042082533,0.11820731929148219,0.11849298719569044
130.5,0.12087263585577558,0.0002856679042082533,0.1205869571696063,0.12087262507381455
131.0,0.12344154058266263,0.0002856679042082533,0.1231558652471906,0.12344153315139886
131.5,0.12621500989101445,0.0002856679042082533,0.12592933808580764,0.12621500599001592
132.0,0.12919517586238435,0.0002856679042082533,0.1289094999301203,0.12919516783432855
132.5,0.13245772162953173,0.0002856679042082533,0.13217204469828153,0.13245771260248979
133.0,0.13599604350202393,0.0002856679042082533,0.13571036362911804,0.1359960315333263
133.5,0.1398698282385881,0.0002856679042082533,0.13958414799765598,0.13986981590186423
134.0,0.14409892148481754,0.0002856679042082533,0.1438132476901338,0.14409891559434207
134.5,0.14876539109336645,0.0002856679042082533,0.1484797175573338,0.14876538546154208
135.0,0.15392681479093892,0.0002856679042082533,0.15364113643097857,0.15392680433518682
135.5,0.1596661824114013,0.0002856679042082533,0.15938050327058945,0.1596661711747977
136.0,0.1660842549764858,0.0002856679042082533,0.16579857808134107,0.16608424598554933
136.5,0.17330289535291965,0.0002856679042082533,0.17301720989736658,0.17330287780157483
137.0,0.18152435164437195,0.0002856679042082533,0.1812386740160065,0.18152434192021474
137.5,0.1909294589408575,0.0002856679042082533,0.19064377906214733,0.19092944696635558
138.0,0.20195343847361216,0.0002856679042082533,0.2016677591644892,0.20195342706869743
138.5,0.2150127261066725,0.0002856679042082533,0.21472704888646593,0.21501271679067416
139.0,0.2309413806189223,0.0002856679042082533,0.23065569749086906,0.23094136539507729
139.5,0.25110241293547014,0.0002856679042082533,0.25081673836697743,0.25110240627118563
140.0,0.2780421507682685,0.0002856679042082533,0.2777564563867159,0.2780421242909242
140.5,0.3172011822011896,0.0002856679042082533,0.3169154905833022,0.3172011584875104
141.0,0.333336199158268,0.0002856679042082533,0.33305049775534223,0.3333361656595505
141.5,0.333336199158268,0.0002856679042082533,0.33305049775534223,0.3333361656595505
142.0,0.333336199158268,0.0002856679042082533,0.33305049775534223,0.3333361656595505
142.5,0.33333622220779835,0.0002856679042082533,0.33305052135806074,0.33333618926226893
143.0,0.33333622220779835,0.0002856679042082533,0.33305052135806074,0.33333618926226893
143.5,0.33333622220779835,0.0002856679042082533,0.33305052135806074,0.33333618926226893
144.0,0.33333622220779835,0.0002856679042082533,0.33305052135806074,0.33333618926226893
144.5,0.33333622220779835,0.0002856679042082533,0.33305052135806074,0.33333618926226893
145.0,0.33333622220779835,0.0002856679042082533,0.33305052135806074,0.33333618926226893
145.5,0.33333622220779835,0.0002856679042082533,0.33305052135806074,0.33333618926226893
146.0,0.33333622220779835,0.0002856679042082533,0.33305052135806074,0.33333618926226893
146.5,0.33333622220779835,0.0002856679042082533,0.33305052135806074,0.33333618926226893
147.0,0.33333622220779835,0.0002856679042082533,0.33305052135806074,0.33333618926226893
147.5,0.33333622220779835,0.0002856679042082533,0.33305052135806074,0.33333618926226893
148.0,0.33333622220779835,0.0002856679042082533,0.33305052135806074,0.33333618926226893
148.5,0.33333622220779835,0.0002856679042082533,0.33305052135806074,0.33333618926226893
149.0,0.33333624525732863,0.0002856679042082533,0.3330505449607792,0.33333621286498744
149.5,0.33333624525732863,0.0002856679042082533,0.3330505449607792,0.33333621286498744
150.0,0.33333624525732863,0.0002856679042082533,0.3330505449607792,0.33333621286498744
150.5,0.33333624525732863,0.0002856679042082533,0.3330505449607792,0.33333621286498744
151.0,0.33333624525732863,0.0002856679042082533,0.3330505449607792,0.33333621286498744
151.5,0.33333624525732863,0.0002856679042082533,0.3330505449607792,0.33333621286498744
152.0,0.33333624525732863,0.0002856679042082533,0.3330505449607792,0.33333621286498744
152.5,0.33333624525732863,0.0002856679042082533,0.3330505449607792,0.33333621286498744
153.0,0.33333624525732863,0.0002856679042082533,0.3330505449607792,0.33333621286498744
153.5,0.33333624525732863,0.0002856679042082533,0.3330505449607792,0.33333621286498744
154.0,0.33333624525732863,0.0002856679042082533,0.3330505449607792,0.33333621286498744
154.5,0.33333624525732863,0.0002856679042082533,0.3330505449607792,0.33333621286498744
155.0,0.33333624525732863,0.0002856679042082533,0.3330505449607792,0.33333621286498744
155.5,0.33333624525732863,0.0002856679042082533,0.3330505449607792,0.33333621286498744
156.0,0.333336268306859,0.0002856679042082533,0.3330505685634977,0.3333362364677059
156.5,0.333336268306859,0.0002856679042082533,0.3330505685634977,0.3333362364677059
157.0,0.333336268306859,0.0002856679042082533,0.3330505685634977,0.3333362364677059
157.5,0.333336268306859,0.0002856679042082533,0.3330505685634977,0.3333362364677059
158.0,0.333336268306859,0.0002856679042082533,0.3330505685634977,0.3333362364677059
158.5,0.333336268306859,0.0002856679042082533,0.3330505685634977,0.3333362364677059
159.0,0.333336268306859,0.0002856679042082533,0.3330505685634977,0.3333362364677059
159.5,0.33333629135638926,0.0002856679042082533,0.33305059216621613,0.3333362600704244
160.0,0.33333629135638926,0.0002856679042082533,0.33305059216621613,0.3333362600704244
160.5,0.33333629135638926,0.0002856679042082533,0.33305059216621613,0.3333362600704244
161.0,0.33333629135638926,0.0002856679042082533,0.33305059216621613,0.3333362600704244
161.5,0.33333629135638926,0.0002856679042082533,0.33305059216621613,0.3333362600704244
162.0,0.33333629135638926,0.0002856679042082533,0.33305059216621613,0.3333362600704244
162.5,0.33333631440591954,0.0002856679042082533,0.33305061576893463,0.33333628367314283
163.0,0.33333631440591954,0.0002856679042082533,0.33305061576893463,0.33333628367314283
163.5,0.33333631440591954,0.0002856679042082533,0.33305061576893463,0.33333628367314283
164.0,0.33333631440591954,0.0002856679042082533,0.33305061576893463,0.33333628367314283
164.5,0.3333363374554499,0.0002856679042082533,0.3330506393716531,0.33333630727586133
165.0,0.3333363374554499,0.0002856679042082533,0.3330506393716531,0.33333630727586133
165.5,0.3333363374554499,0.0002856679042082533,0.3330506393716531,0.33333630727586133
166.0,0.33333636050498017,0.0002856679042082533,0.3330506629743716,0.3333363308785798
166.5,0.33333636050498017,0.0002856679042082533,0.3330506629743716,0.3333363308785798
167.0,0.33333636050498017,0.0002856679042082533,0.3330506629743716,0.3333363308785798
167.5,0.33333636050498017,0.0002856679042082533,0.3330506629743716,0.3333363308785798
168.0,0.33333636050498017,0.0002856679042082533,0.3330506629743716,0.3333363308785798
168.5,0.33333636050498017,0.0002856679042082533,0.3330506629743716,0.3333363308785798
169.0,0.3333363835545105,0.0002856679042082533,0.33305068657709,0.3333363544812983
169.5,0.3333363835545105,0.0002856679042082533,0.33305068657709,0.3333363544812983
170.0,0.3333363835545105,0.0002856679042082533,0.33305068657709,0.3333363544812983
170.5,0.3333363835545105,0.0002856679042082533,0.33305068657709,0.3333363544812983
171.0,0.3333363835545105,0.0002856679042082533,0.33305068657709,0.3333363544812983
171.5,0.3333363835545105,0.0002856679042082533,0.33305068657709,0.3333363544812983
172.0,0.3333363835545105,0.0002856679042082533,0.33305068657709,0.3333363544812983
172.5,0.3333364066040408,0.0002856679042082533,0.33305071017980853,0.3333363780840168
173.0,0.3333364066040408,0.0002856679042082533,0.33305071017980853,0.3333363780840168
173.5,0.3333364066040408,0.0002856679042082533,0.33305071017980853,0.3333363780840168
174.0,0.3333364066040408,0.0002856679042082533,0.33305071017980853,0.3333363780840168
174.5,0.3333364066040408,0.0002856679042082533,0.33305071017980853,0.3333363780840168
175.0,0.3333364066040408,0.0002856679042082533,0.33305071017980853,0.3333363780840168
175.5,0.3333364066040408,0.0002856679042082533,0.33305071017980853,0.3333363780840168
176.0,0.3333364296535711,0.0002856679042082533,0.333050733782527,0.33333640168673523
176.5,0.3333364296535711,0.0002856679042082533,0.333050733782527,0.33333640168673523
177.0,0.3333364296535711,0.0002856679042082533,0.333050733782527,0.33333640168673523
177.5,0.3333364296535711,0.0002856679042082533,0.333050733782527,0.33333640168673523
178.0,0.3333364296535711,0.0002856679042082533,0.333050733782527,0.33333640168673523
178.5,0.3333364296535711,0.0002856679042082533,0.333050733782527,0.33333640168673523
179.0,0.3333364527031014,0.0002856679042082533,0.3330507573852455,0.33333642528945373
179.5,0.3333364527031014,0.0002856679042082533,0.3330507573852455,0.33333642528945373
180.0,0.3333364527031014,0.0002856679042082533,0.3330507573852455,0.33333642528945373
180.5,0.3333364527031014,0.0002856679042082533,0.3330507573852455,0.33333642528945373
181.0,0.3333364527031014,0.0002856679042082533,0.3330507573852455,0.33333642528945373
181.5,0.3333364527031014,0.0002856679042082533,0.3330507573852455,0.33333642528945373
182.0,0.3333364527031014,0.0002856679042082533,0.3330507573852455,0.33333642528945373
182.5,0.3333364757526317,0.0002856679042082533,0.3330507809879639,0.3333364488921722
183.0,0.3333364757526317,0.0002856679042082533,0.3330507809879639,0.3333364488921722
183.5,0.3333364757526317,0.0002856679042082533,0.3330507809879639,0.3333364488921722
184.0,0.3333364757526317,0.0002856679042082533,0.3330507809879639,0.3333364488921722
184.5,0.3333364757526317,0.0002856679042082533,0.3330507809879639,0.3333364488921722
185.0,0.3333364757526317,0.0002856679042082533,0.3330507809879639,0.3333364488921722
185.5,0.3333364757526317,0.0002856679042082533,0.3330507809879639,0.3333364488921722
186.0,0.333336498802162,0.0002856679042082533,0.3330508045906824,0.3333364724948907
186.5,0.333336498802162,0.0002856679042082533,0.3330508045906824,0.3333364724948907
187.0,0.333336498802162,0.0002856679042082533,0.3330508045906824,0.3333364724948907
187.5,0.333336498802162,0.0002856679042082533,0.3330508045906824,0.3333364724948907
188.0,0.333336498802162,0.0002856679042082533,0.3330508045906824,0.3333364724948907
188.5,0.333336498802162,0.0002856679042082533,0.3330508045906824,0.3333364724948907
189.0,0.333336498802162,0.0002856679042082533,0.3330508045906824,0.3333364724948907
189.5,0.333336498802162,0.0002856679042082533,0.3330508045906824,0.3333364724948907
190.0,0.3333365218516923,0.0002856679042082533,0.33305082819340087,0.3333364960976091
190.5,0.3333365218516923,0.0002856679042082533,0.33305082819340087,0.3333364960976091
191.0,0.3333365449012226,0.0002856679042082533,0.3330508517961194,0.3333365197003276
191.5,0.3333365449012226,0.0002856679042082533,0.3330508517961194,0.3333365197003276
192.0,0.3333365449012226,0.0002856679042082533,0.3330508517961194,0.3333365197003276
192.5,0.3333365449012226,0.0002856679042082533,0.3330508517961194,0.3333365197003276
193.0,0.3333365449012226,0.0002856679042082533,0.3330508517961194,0.3333365197003276
193.5,0.3333365449012226,0.0002856679042082533,0.3330508517961194,0.3333365197003276
194.0,0.33333656795075295,0.0002856679042082533,0.3330508753988379,0.3333365433030461
194.5,0.33333656795075295,0.0002856679042082533,0.3330508753988379,0.3333365433030461
195.0,0.33333656795075295,0.0002856679042082533,0.3330508753988379,0.3333365433030461
195.5,0.33333656795075295,0.0002856679042082533,0.3330508753988379,0.3333365433030461
196.0,0.33333656795075295,0.0002856679042082533,0.3330508753988379,0.3333365433030461
196.5,0.33333656795075295,0.0002856679042082533,0.3330508753988379,0.3333365433030461
197.0,0.33333656795075295,0.0002856679042082533,0.3330508753988379,0.3333365433030461
197.5,0.33333656795075295,0.0002856679042082533,0.3330508753988379,0.3333365433030461
198.0,0.33333659100028323,0.0002856679042082533,0.3330508990015563,0.3333365669057646
198.5,0.33333659100028323,0.0002856679042082533,0.3330508990015563,0.3333365669057646
199.0,0.33333659100028323,0.0002856679042082533,0.3330508990015563,0.3333365669057646
199.5,0.33333659100028323,0.0002856679042082533,0.3330508990015563,0.3333365669057646
200.0,0.33333659100028323,0.0002856679042082533,0.3330508990015563,0.3333365669057646
200.5,0.33333659100028323,0.0002856679042082533,0.3330508990015563,0.3333365669057646
201.0,0.33333659100028323,0.0002856679042082533,0.3330508990015563,0.3333365669057646
201.5,0.33333659100028323,0.0002856679042082533,0.3330508990015563,0.3333365669057646
202.0,0.3333366140498135,0.0002856679042082533,0.3330509226042748,0.333336590508483
202.5,0.3333366140498135,0.0002856679042082533,0.3330509226042748,0.333336590508483
203.0,0.3333366140498135,0.0002856679042082533,0.3330509226042748,0.333336590508483
203.5,0.3333366140498135,0.0002856679042082533,0.3330509226042748,0.333336590508483
204.0,0.3333366140498135,0.0002856679042082533,0.3330509226042748,0.333336590508483
204.5,0.3333366140498135,0.0002856679042082533,0.3330509226042748,0.333336590508483
205.0,0.3333366140498135,0.0002856679042082533,0.3330509226042748,0.333336590508483
205.5,0.3333366140498135,0.0002856679042082533,0.3330509226042748,0.333336590508483
206.0,0.3333366140498135,0.0002856679042082533,0.3330509226042748,0.333336590508483
206.5,0.3333366140498135,0.0002856679042082533,0.3330509226042748,0.333336590508483
207.0,0.33333663709934386,0.0002856679042082533,0.33305094620699327,0.3333366141112015
207.5,0.33333663709934386,0.0002856679042082533,0.33305094620699327,0.3333366141112015
208.0,0.33333663709934386,0.0002856679042082533,0.33305094620699327,0.3333366141112015
208.5,0.33333663709934386,0.0002856679042082533,0.33305094620699327,0.3333366141112015
209.0,0.33333663709934386,0.0002856679042082533,0.33305094620699327,0.3333366141112015
209.5,0.33333663709934386,0.0002856679042082533,0.33305094620699327,0.3333366141112015
210.0,0.33333663709934386,0.0002856679042082533,0.33305094620699327,0.3333366141112015
210.5,0.33333663709934386,0.0002856679042082533,0.33305094620699327,0.3333366141112015
211.0,0.33333663709934386,0.0002856679042082533,0.33305094620699327,0.3333366141112015
211.5,0.33333663709934386,0.0002856679042082533,0.33305094620699327,0.3333366141112015
212.0,0.33333666014887414,0.0002856679042082533,0.33305096980971177,0.33333663771391997
212.5,0.33333666014887414,0.0002856679042082533,0.33305096980971177,0.33333663771391997
213.0,0.33333666014887414,0.0002856679042082533,0.33305096980971177,0.33333663771391997
213.5,0.33333666014887414,0.0002856679042082533,0.33305096980971177,0.33333663771391997
214.0,0.33333666014887414,0.0002856679042082533,0.33305096980971177,0.33333663771391997
214.5,0.33333666014887414,0.0002856679042082533,0.33305096980971177,0.33333663771391997
215.0,0.33333666014887414,0.0002856679042082533,0.33305096980971177,0.33333663771391997
215.5,0.33333666014887414,0.0002856679042082533,0.33305096980971177,0.33333663771391997
216.0,0.33333666014887414,0.0002856679042082533,0.33305096980971177,0.33333663771391997
216.5,0.33333666014887414,0.0002856679042082533,0.33305096980971177,0.33333663771391997
217.0,0.3333366831984045,0.0002856679042082533,0.3330509934124302,0.33333666131663847
217.5,0.3333366831984045,0.0002856679042082533,0.3330509934124302,0.33333666131663847
218.0,0.3333366831984045,0.0002856679042082533,0.3330509934124302,0.33333666131663847
218.5,0.3333366831984045,0.0002856679042082533,0.3330509934124302,0.33333666131663847
219.0,0.3333366831984045,0.0002856679042082533,0.3330509934124302,0.33333666131663847
219.5,0.3333366831984045,0.0002856679042082533,0.3330509934124302,0.33333666131663847
220.0,0.3333366831984045,0.0002856679042082533,0.3330509934124302,0.33333666131663847
220.5,0.3333366831984045,0.0002856679042082533,0.3330509934124302,0.33333666131663847
221.0,0.3333366831984045,0.0002856679042082533,0.3330509934124302,0.33333666131663847
221.5,0.3333366831984045,0.0002856679042082533,0.3330509934124302,0.33333666131663847
222.0,0.3333366831984045,0.0002856679042082533,0.3330509934124302,0.33333666131663847
222.5,0.3333366831984045,0.0002856679042082533,0.3330509934124302,0.33333666131663847
223.0,0.33333670624793477,0.0002856679042082533,0.3330510170151487,0.3333366849193569
223.5,0.33333670624793477,0.0002856679042082533,0.3330510170151487,0.3333366849193569
224.0,0.33333670624793477,0.0002856679042082533,0.3330510170151487,0.3333366849193569
224.5,0.33333672929746505,0.0002856679042082533,0.33305104061786717,0.3333367085220754
225.0,0.33333672929746505,0.0002856679042082533,0.33305104061786717,0.3333367085220754
225.5,0.33333672929746505,0.0002856679042082533,0.33305104061786717,0.3333367085220754
226.0,0.33333672929746505,0.0002856679042082533,0.33305104061786717,0.3333367085220754
226.5,0.33333672929746505,0.0002856679042082533,0.33305104061786717,0.3333367085220754
227.0,0.33333672929746505,0.0002856679042082533,0.33305104061786717,0.3333367085220754
227.5,0.33333672929746505,0.0002856679042082533,0.33305104061786717,0.3333367085220754
228.0,0.33333672929746505,0.0002856679042082533,0.33305104061786717,0.3333367085220754
228.5,0.33333672929746505,0.0002856679042082533,0.33305104061786717,0.3333367085220754
229.0,0.3333367523469954,0.0002856679042082533,0.33305106422058567,0.3333367321247939
229.5,0.3333367523469954,0.0002856679042082533,0.33305106422058567,0.3333367321247939
230.0,0.3333367523469954,0.0002856679042082533,0.33305106422058567,0.3333367321247939
230.5,0.3333367523469954,0.0002856679042082533,0.33305106422058567,0.3333367321247939
231.0,0.3333367523469954,0.0002856679042082533,0.33305106422058567,0.3333367321247939
231.5,0.3333367523469954,0.0002856679042082533,0.33305106422058567,0.3333367321247939
232.0,0.3333367523469954,0.0002856679042082533,0.33305106422058567,0.3333367321247939
232.5,0.3333367523469954,0.0002856679042082533,0.33305106422058567,0.3333367321247939
233.0,0.3333367523469954,0.0002856679042082533,0.33305106422058567,0.3333367321247939
233.5,0.3333367523469954,0.0002856679042082533,0.33305106422058567,0.3333367321247939
234.0,0.3333367523469954,0.0002856679042082533,0.33305106422058567,0.3333367321247939
234.5,0.3333367523469954,0.0002856679042082533,0.33305106422058567,0.3333367321247939
235.0,0.3333367523469954,0.0002856679042082533,0.33305106422058567,0.3333367321247939
235.5,0.3333367523469954,0.0002856679042082533,0.33305106422058567,0.3333367321247939
236.0,0.3333367753965257,0.0002856679042082533,0.3330510878233041,0.33333675572751237
236.5,0.3333367753965257,0.0002856679042082533,0.3330510878233041,0.33333675572751237
237.0,0.3333367753965257,0.0002856679042082533,0.3330510878233041,0.33333675572751237
237.5,0.3333367753965257,0.0002856679042082533,0.3330510878233041,0.33333675572751237
238.0,0.3333367753965257,0.0002856679042082533,0.3330510878233041,0.33333675572751237
238.5,0.3333367753965257,0.0002856679042082533,0.3330510878233041,0.33333675572751237
239.0,0.3333367753965257,0.0002856679042082533,0.3330510878233041,0.33333675572751237
239.5,0.3333367753965257,0.0002856679042082533,0.3330510878233041,0.33333675572751237
240.0,0.3333367753965257,0.0002856679042082533,0.3330510878233041,0.33333675572751237
240.5,0.3333367753965257,0.0002856679042082533,0.3330510878233041,0.33333675572751237
241.0,0.3333367753965257,0.0002856679042082533,0.3330510878233041,0.33333675572751237
241.5,0.3333367753965257,0.0002856679042082533,0.3330510878233041,0.33333675572751237
242.0,0.3333367753965257,0.0002856679042082533,0.3330510878233041,0.33333675572751237
242.5,0.3333367753965257,0.0002856679042082533,0.3330510878233041,0.33333675572751237
243.0,0.3333367753965257,0.0002856679042082533,0.3330510878233041,0.33333675572751237
243.5,0.3333367753965257,0.0002856679042082533,0.3330510878233041,0.33333675572751237
244.0,0.33333679844605596,0.0002856679042082533,0.3330511114260226,0.33333677933023087
244.5,0.33333679844605596,0.0002856679042082533,0.3330511114260226,0.33333677933023087
245.0,0.33333679844605596,0.0002856679042082533,0.3330511114260226,0.33333677933023087
245.5,0.33333679844605596,0.0002856679042082533,0.3330511114260226,0.33333677933023087
246.0,0.33333679844605596,0.0002856679042082533,0.3330511114260226,0.33333677933023087
246.5,0.33333679844605596,0.0002856679042082533,0.3330511114260226,0.33333677933023087
247.0,0.33333679844605596,0.0002856679042082533,0.3330511114260226,0.33333677933023087
247.5,0.33333679844605596,0.0002856679042082533,0.3330511114260226,0.33333677933023087
248.0,0.33333679844605596,0.0002856679042082533,0.3330511114260226,0.33333677933023087
248.5,0.33333679844605596,0.0002856679042082533,0.3330511114260226,0.33333677933023087
249.0,0.33333679844605596,0.0002856679042082533,0.3330511114260226,0.33333677933023087
249.5,0.33333679844605596,0.0002856679042082533,0.3330511114260226,0.33333677933023087
250.0,0.33333679844605596,0.0002856679042082533,0.3330511114260226,0.33333677933023087
250.5,0.33333679844605596,0.0002856679042082533,0.3330511114260226,0.33333677933023087
251.0,0.33333679844605596,0.0002856679042082533,0.3330511114260226,0.33333677933023087
251.5,0.33333679844605596,0.0002856679042082533,0.3330511114260226,0.33333677933023087
252.0,0.33333679844605596,0.0002856679042082533,0.3330511114260226,0.33333677933023087
252.5,0.33333679844605596,0.0002856679042082533,0.3330511114260226,0.33333677933023087
253.0,0.33333679844605596,0.0002856679042082533,0.3330511114260226,0.33333677933023087
253.5,0.3333368214955863,0.0002856679042082533,0.33305113502874106,0.3333368029329493
254.0,0.3333368214955863,0.0002856679042082533,0.33305113502874106,0.3333368029329493
254.5,0.3333368214955863,0.0002856679042082533,0.33305113502874106,0.3333368029329493
255.0,0.3333368214955863,0.0002856679042082533,0.33305113502874106,0.3333368029329493
255.5,0.3333368214955863,0.0002856679042082533,0.33305113502874106,0.3333368029329493
256.0,0.3333368214955863,0.0002856679042082533,0.33305113502874106,0.3333368029329493
256.5,0.3333368214955863,0.0002856679042082533,0.33305113502874106,0.3333368029329493
257.0,0.3333368214955863,0.0002856679042082533,0.33305113502874106,0.3333368029329493
257.5,0.3333368214955863,0.0002856679042082533,0.33305113502874106,0.3333368029329493
258.0,0.3333368214955863,0.0002856679042082533,0.33305113502874106,0.3333368029329493
258.5,0.3333368214955863,0.0002856679042082533,0.33305113502874106,0.3333368029329493
259.0,0.3333368214955863,0.0002856679042082533,0.33305113502874106,0.3333368029329493
259.5,0.3333368214955863,0.0002856679042082533,0.33305113502874106,0.3333368029329493
260.0,0.3333368214955863,0.0002856679042082533,0.33305113502874106,0.3333368029329493
260.5,0.3333368214955863,0.0002856679042082533,0.33305113502874106,0.3333368029329493
261.0,0.3333368214955863,0.0002856679042082533,0.33305113502874106,0.3333368029329493
261.5,0.3333368214955863,0.0002856679042082533,0.33305113502874106,0.3333368029329493
262.0,0.3333368214955863,0.0002856679042082533,0.33305113502874106,0.3333368029329493
262.5,0.3333368214955863,0.0002856679042082533,0.33305113502874106,0.3333368029329493
263.0,0.3333368214955863,0.0002856679042082533,0.33305113502874106,0.3333368029329493
263.5,0.3333368214955863,0.0002856679042082533,0.33305113502874106,0.3333368029329493
264.0,0.3333368214955863,0.0002856679042082533,0.33305113502874106,0.3333368029329493
264.5,0.3333368445451166,0.0002856679042082533,0.33305115863145957,0.3333368265356678
265.0,0.3333368445451166,0.0002856679042082533,0.33305115863145957,0.3333368265356678
265.5,0.3333368445451166,0.0002856679042082533,0.33305115863145957,0.3333368265356678
266.0,0.3333368445451166,0.0002856679042082533,0.33305115863145957,0.3333368265356678
266.5,0.3333368445451166,0.0002856679042082533,0.33305115863145957,0.3333368265356678
267.0,0.3333368445451166,0.0002856679042082533,0.33305115863145957,0.3333368265356678
267.5,0.3333368445451166,0.0002856679042082533,0.33305115863145957,0.3333368265356678
268.0,0.3333368445451166,0.0002856679042082533,0.33305115863145957,0.3333368265356678
268.5,0.3333368445451166,0.0002856679042082533,0.33305115863145957,0.3333368265356678
269.0,0.3333368445451166,0.0002856679042082533,0.33305115863145957,0.3333368265356678
269.5,0.3333368445451166,0.0002856679042082533,0.33305115863145957,0.3333368265356678
270.0,0.3333368675946469,0.0002856679042082533,0.33305118223417807,0.33333685013838626
270.5,0.3333368675946469,0.0002856679042082533,0.33305118223417807,0.33333685013838626
271.0,0.3333368675946469,0.0002856679042082533,0.33305118223417807,0.33333685013838626
271.5,0.3333368675946469,0.0002856679042082533,0.33305118223417807,0.33333685013838626
272.0,0.3333368675946469,0.0002856679042082533,0.33305118223417807,0.33333685013838626
272.5,0.3333368675946469,0.0002856679042082533,0.33305118223417807,0.33333685013838626
273.0,0.3333368675946469,0.0002856679042082533,0.33305118223417807,0.33333685013838626
273.5,0.3333368675946469,0.0002856679042082533,0.33305118223417807,0.33333685013838626
274.0,0.3333368675946469,0.0002856679042082533,0.33305118223417807,0.33333685013838626
274.5,0.3333368675946469,0.0002856679042082533,0.33305118223417807,0.33333685013838626
275.0,0.3333368675946469,0.0002856679042082533,0.33305118223417807,0.33333685013838626
275.5,0.3333368675946469,0.0002856679042082533,0.33305118223417807,0.33333685013838626
276.0,0.3333368675946469,0.0002856679042082533,0.33305118223417807,0.33333685013838626
276.5,0.3333368675946469,0.0002856679042082533,0.33305118223417807,0.33333685013838626
277.0,0.3333368675946469,0.0002856679042082533,0.33305118223417807,0.33333685013838626
277.5,0.3333368675946469,0.0002856679042082533,0.33305118223417807,0.33333685013838626
278.0,0.3333368675946469,0.0002856679042082533,0.33305118223417807,0.33333685013838626
278.5,0.3333368675946469,0.0002856679042082533,0.33305118223417807,0.33333685013838626
279.0,0.3333368906441772,0.0002856679042082533,0.3330512058368965,0.33333687374110477
279.5,0.3333368906441772,0.0002856679042082533,0.3330512058368965,0.33333687374110477
280.0,0.3333368906441772,0.0002856679042082533,0.3330512058368965,0.33333687374110477
280.5,0.3333368906441772,0.0002856679042082533,0.3330512058368965,0.33333687374110477
281.0,0.3333368906441772,0.0002856679042082533,0.3330512058368965,0.33333687374110477
281.5,0.3333368906441772,0.0002856679042082533,0.3330512058368965,0.33333687374110477
282.0,0.3333368906441772,0.0002856679042082533,0.3330512058368965,0.33333687374110477
282.5,0.3333368906441772,0.0002856679042082533,0.3330512058368965,0.33333687374110477
283.0,0.3333368906441772,0.0002856679042082533,0.3330512058368965,0.33333687374110477
283.5,0.3333368906441772,0.0002856679042082533,0.3330512058368965,0.33333687374110477
284.0,0.3333368906441772,0.0002856679042082533,0.3330512058368965,0.33333687374110477
284.5,0.3333368906441772,0.0002856679042082533,0.3330512058368965,0.33333687374110477
285.0,0.3333368906441772,0.0002856679042082533,0.3330512058368965,0.33333687374110477
285.5,0.3333368906441772,0.0002856679042082533,0.3330512058368965,0.33333687374110477
286.0,0.3333368906441772,0.0002856679042082533,0.3330512058368965,0.33333687374110477
286.5,0.3333368906441772,0.0002856679042082533,0.3330512058368965,0.33333687374110477
287.0,0.3333368906441772,0.0002856679042082533,0.3330512058368965,0.33333687374110477
287.5,0.3333368906441772,0.0002856679042082533,0.3330512058368965,0.33333687374110477
288.0,0.3333368906441772,0.0002856679042082533,0.3330512058368965,0.33333687374110477
288.5,0.3333368906441772,0.0002856679042082533,0.3330512058368965,0.33333687374110477
289.0,0.3333368906441772,0.0002856679042082533,0.3330512058368965,0.33333687374110477
289.5,0.3333368906441772,0.0002856679042082533,0.3330512058368965,0.33333687374110477
290.0,0.3333368906441772,0.0002856679042082533,0.3330512058368965,0.33333687374110477
290.5,0.3333368906441772,0.0002856679042082533,0.3330512058368965,0.33333687374110477
291.0,0.3333368906441772,0.0002856679042082533,0.3330512058368965,0.33333687374110477
291.5,0.3333368906441772,0.0002856679042082533,0.3330512058368965,0.33333687374110477
292.0,0.3333368906441772,0.0002856679042082533,0.3330512058368965,0.33333687374110477
292.5,0.3333368906441772,0.0002856679042082533,0.3330512058368965,0.33333687374110477
293.0,0.3333368906441772,0.0002856679042082533,0.3330512058368965,0.33333687374110477
293.5,0.3333368906441772,0.0002856679042082533,0.3330512058368965,0.33333687374110477
294.0,0.3333368906441772,0.0002856679042082533,0.3330512058368965,0.33333687374110477
294.5,0.3333368906441772,0.0002856679042082533,0.3330512058368965,0.33333687374110477
295.0,0.3333368906441772,0.0002856679042082533,0.3330512058368965,0.33333687374110477
295.5,0.3333368906441772,0.0002856679042082533,0.3330512058368965,0.33333687374110477
296.0,0.3333368906441772,0.0002856679042082533,0.3330512058368965,0.33333687374110477
296.5,0.3333369136937075,0.0002856679042082533,0.333051229439615,0.3333368973438232
297.0,0.3333369136937075,0.0002856679042082533,0.333051229439615,0.3333368973438232
297.5,0.3333369136937075,0.0002856679042082533,0.333051229439615,0.3333368973438232
298.0,0.3333369136937075,0.0002856679042082533,0.333051229439615,0.3333368973438232
298.5,0.3333369136937075,0.0002856679042082533,0.333051229439615,0.3333368973438232
299.0,0.3333369136937075,0.0002856679042082533,0.333051229439615,0.3333368973438232
299.5,0.3333369136937075,0.0002856679042082533,0.333051229439615,0.3333368973438232
300.0,0.3333369136937075,0.0002856679042082533,0.333051229439615,0.3333368973438232
300.5,0.3333369136937075,0.0002856679042082533,0.333051229439615,0.3333368973438232
301.0,0.3333369136937075,0.0002856679042082533,0.333051229439615,0.3333368973438232
301.5,0.3333369136937075,0.0002856679042082533,0.333051229439615,0.3333368973438232
302.0,0.3333369136937075,0.0002856679042082533,0.333051229439615,0.3333368973438232
302.5,0.3333369136937075,0.0002856679042082533,0.333051229439615,0.3333368973438232
303.0,0.3333369136937075,0.0002856679042082533,0.333051229439615,0.3333368973438232
303.5,0.3333369136937075,0.0002856679042082533,0.333051229439615,0.3333368973438232
304.0,0.3333369136937075,0.0002856679042082533,0.333051229439615,0.3333368973438232
304.5,0.3333369136937075,0.0002856679042082533,0.333051229439615,0.3333368973438232
305.0,0.3333369136937075,0.0002856679042082533,0.333051229439615,0.3333368973438232
305.5,0.3333369136937075,0.0002856679042082533,0.333051229439615,0.3333368973438232
306.0,0.3333369136937075,0.0002856679042082533,0.333051229439615,0.3333368973438232
306.5,0.3333369136937075,0.0002856679042082533,0.333051229439615,0.3333368973438232
307.0,0.3333369136937075,0.0002856679042082533,0.333051229439615,0.3333368973438232
307.5,0.3333369136937075,0.0002856679042082533,0.333051229439615,0.3333368973438232
308.0,0.3333369136937075,0.0002856679042082533,0.333051229439615,0.3333368973438232
308.5,0.3333369136937075,0.0002856679042082533,0.333051229439615,0.3333368973438232
309.0,0.3333369136937075,0.0002856679042082533,0.333051229439615,0.3333368973438232
309.5,0.3333369136937075,0.0002856679042082533,0.333051229439615,0.3333368973438232
310.0,0.3333369136937075,0.0002856679042082533,0.333051229439615,0.3333368973438232
310.5,0.3333369136937075,0.0002856679042082533,0.333051229439615,0.3333368973438232
311.0,0.3333369136937075,0.0002856679042082533,0.333051229439615,0.3333368973438232
311.5,0.3333369136937075,0.0002856679042082533,0.333051229439615,0.3333368973438232
312.0,0.3333369136937075,0.0002856679042082533,0.333051229439615,0.3333368973438232
312.5,0.3333369136937075,0.0002856679042082533,0.333051229439615,0.3333368973438232
313.0,0.3333369136937075,0.0002856679042082533,0.333051229439615,0.3333368973438232
313.5,0.3333369136937075,0.0002856679042082533,0.333051229439615,0.3333368973438232
314.0,0.3333369136937075,0.0002856679042082533,0.333051229439615,0.3333368973438232
314.5,0.3333369136937075,0.0002856679042082533,0.333051229439615,0.3333368973438232
315.0,0.3333369136937075,0.0002856679042082533,0.333051229439615,0.3333368973438232
315.5,0.3333369136937075,0.0002856679042082533,0.333051229439615,0.3333368973438232
316.0,0.33333693674323783,0.0002856679042082533,0.33305125304233346,0.3333369209465417
316.5,0.33333693674323783,0.0002856679042082533,0.33305125304233346,0.3333369209465417
317.0,0.33333693674323783,0.0002856679042082533,0.33305125304233346,0.3333369209465417
317.5,0.33333693674323783,0.0002856679042082533,0.33305125304233346,0.3333369209465417
318.0,0.33333693674323783,0.0002856679042082533,0.33305125304233346,0.3333369209465417
318.5,0.33333693674323783,0.0002856679042082533,0.33305125304233346,0.3333369209465417
319.0,0.33333693674323783,0.0002856679042082533,0.33305125304233346,0.3333369209465417
319.5,0.33333693674323783,0.0002856679042082533,0.33305125304233346,0.3333369209465417
320.0,0.33333693674323783,0.0002856679042082533,0.33305125304233346,0.3333369209465417
320.5,0.33333693674323783,0.0002856679042082533,0.33305125304233346,0.3333369209465417
321.0,0.33333693674323783,0.0002856679042082533,0.33305125304233346,0.3333369209465417
321.5,0.33333693674323783,0.0002856679042082533,0.33305125304233346,0.3333369209465417
322.0,0.33333693674323783,0.0002856679042082533,0.33305125304233346,0.3333369209465417
322.5,0.33333693674323783,0.0002856679042082533,0.33305125304233346,0.3333369209465417
323.0,0.33333693674323783,0.0002856679042082533,0.33305125304233346,0.3333369209465417
323.5,0.33333693674323783,0.0002856679042082533,0.33305125304233346,0.3333369209465417
324.0,0.33333693674323783,0.0002856679042082533,0.33305125304233346,0.3333369209465417
324.5,0.33333693674323783,0.0002856679042082533,0.33305125304233346,0.3333369209465417
325.0,0.33333693674323783,0.0002856679042082533,0.33305125304233346,0.3333369209465417
325.5,0.33333693674323783,0.0002856679042082533,0.33305125304233346,0.3333369209465417
326.0,0.33333693674323783,0.0002856679042082533,0.33305125304233346,0.3333369209465417
326.5,0.33333693674323783,0.0002856679042082533,0.33305125304233346,0.3333369209465417
327.0,0.33333693674323783,0.0002856679042082533,0.33305125304233346,0.3333369209465417
327.5,0.33333693674323783,0.0002856679042082533,0.33305125304233346,0.3333369209465417
328.0,0.33333693674323783,0.0002856679042082533,0.33305125304233346,0.3333369209465417
328.5,0.33333693674323783,0.0002856679042082533,0.33305125304233346,0.3333369209465417
329.0,0.33333693674323783,0.0002856679042082533,0.33305125304233346,0.3333369209465417
329.5,0.33333693674323783,0.0002856679042082533,0.33305125304233346,0.3333369209465417
330.0,0.33333693674323783,0.0002856679042082533,0.33305125304233346,0.3333369209465417
330.5,0.33333693674323783,0.0002856679042082533,0.33305125304233346,0.3333369209465417
331.0,0.33333693674323783,0.0002856679042082533,0.33305125304233346,0.3333369209465417
331.5,0.33333693674323783,0.0002856679042082533,0.33305125304233346,0.3333369209465417
332.0,0.33333693674323783,0.0002856679042082533,0.33305125304233346,0.3333369209465417
332.5,0.33333693674323783,0.0002856679042082533,0.33305125304233346,0.3333369209465417
333.0,0.33333693674323783,0.0002856679042082533,0.33305125304233346,0.3333369209465417
333.5,0.33333693674323783,0.0002856679042082533,0.33305125304233346,0.3333369209465417
334.0,0.33333693674323783,0.0002856679042082533,0.33305125304233346,0.3333369209465417
334.5,0.33333693674323783,0.0002856679042082533,0.33305125304233346,0.3333369209465417
335.0,0.33333693674323783,0.0002856679042082533,0.33305125304233346,0.3333369209465417
335.5,0.33333693674323783,0.0002856679042082533,0.33305125304233346,0.3333369209465417
336.0,0.33333693674323783,0.0002856679042082533,0.33305125304233346,0.3333369209465417
336.5,0.33333693674323783,0.0002856679042082533,0.33305125304233346,0.3333369209465417
337.0,0.33333693674323783,0.0002856679042082533,0.33305125304233346,0.3333369209465417
337.5,0.33333693674323783,0.0002856679042082533,0.33305125304233346,0.3333369209465417
338.0,0.33333693674323783,0.0002856679042082533,0.33305125304233346,0.3333369209465417
338.5,0.3333369597927681,0.0002856679042082533,0.33305127664505196,0.33333694454926016
339.0,0.3333369597927681,0.0002856679042082533,0.33305127664505196,0.33333694454926016
339.5,0.3333369597927681,0.0002856679042082533,0.33305127664505196,0.33333694454926016
340.0,0.3333369597927681,0.0002856679042082533,0.33305127664505196,0.33333694454926016
340.5,0.3333369597927681,0.0002856679042082533,0.33305127664505196,0.33333694454926016
341.0,0.3333369597927681,0.0002856679042082533,0.33305127664505196,0.33333694454926016
341.5,0.3333369597927681,0.0002856679042082533,0.33305127664505196,0.33333694454926016
342.0,0.3333369597927681,0.0002856679042082533,0.33305127664505196,0.33333694454926016
342.5,0.3333369597927681,0.0002856679042082533,0.33305127664505196,0.33333694454926016
343.0,0.3333369597927681,0.0002856679042082533,0.33305127664505196,0.33333694454926016
343.5,0.33333698284229846,0.0002856679042082533,0.3330513002477704,0.33333696815197866
344.0,0.33333698284229846,0.0002856679042082533,0.3330513002477704,0.33333696815197866
344.5,0.33333698284229846,0.0002856679042082533,0.3330513002477704,0.33333696815197866
345.0,0.33333698284229846,0.0002856679042082533,0.3330513002477704,0.33333696815197866
345.5,0.33333698284229846,0.0002856679042082533,0.3330513002477704,0.33333696815197866
346.0,0.33333698284229846,0.0002856679042082533,0.3330513002477704,0.33333696815197866
346.5,0.33333698284229846,0.0002856679042082533,0.3330513002477704,0.33333696815197866
347.0,0.33333698284229846,0.0002856679042082533,0.3330513002477704,0.33333696815197866
347.5,0.33333698284229846,0.0002856679042082533,0.3330513002477704,0.33333696815197866
348.0,0.33333698284229846,0.0002856679042082533,0.3330513002477704,0.33333696815197866
348.5,0.33333698284229846,0.0002856679042082533,0.3330513002477704,0.33333696815197866
349.0,0.33333698284229846,0.0002856679042082533,0.3330513002477704,0.33333696815197866
349.5,0.33333698284229846,0.0002856679042082533,0.3330513002477704,0.33333696815197866
350.0,0.33333698284229846,0.0002856679042082533,0.3330513002477704,0.33333696815197866
350.5,0.33333698284229846,0.0002856679042082533,0.3330513002477704,0.33333696815197866
351.0,0.33333698284229846,0.0002856679042082533,0.3330513002477704,0.33333696815197866
351.5,0.33333698284229846,0.0002856679042082533,0.3330513002477704,0.33333696815197866
352.0,0.33333698284229846,0.0002856679042082533,0.3330513002477704,0.33333696815197866
352.5,0.33333698284229846,0.0002856679042082533,0.3330513002477704,0.33333696815197866
353.0,0.33333698284229846,0.0002856679042082533,0.3330513002477704,0.33333696815197866
353.5,0.33333698284229846,0.0002856679042082533,0.3330513002477704,0.33333696815197866
354.0,0.33333698284229846,0.0002856679042082533,0.3330513002477704,0.33333696815197866
354.5,0.33333698284229846,0.0002856679042082533,0.3330513002477704,0.33333696815197866
355.0,0.33333698284229846,0.0002856679042082533,0.3330513002477704,0.33333696815197866
355.5,0.33333698284229846,0.0002856679042082533,0.3330513002477704,0.33333696815197866
356.0,0.33333698284229846,0.0002856679042082533,0.3330513002477704,0.33333696815197866
356.5,0.33333698284229846,0.0002856679042082533,0.3330513002477704,0.33333696815197866
357.0,0.33333698284229846,0.0002856679042082533,0.3330513002477704,0.33333696815197866
357.5,0.33333698284229846,0.0002856679042082533,0.3330513002477704,0.33333696815197866
358.0,0.33333698284229846,0.0002856679042082533,0.3330513002477704,0.33333696815197866
358.5,0.33333698284229846,0.0002856679042082533,0.3330513002477704,0.33333696815197866
359.0,0.33333698284229846,0.0002856679042082533,0.3330513002477704,0.33333696815197866
359.5,0.33333698284229846,0.0002856679042082533,0.3330513002477704,0.33333696815197866
360.0,0.33333698284229846,0.0002856679042082533,0.3330513002477704,0.33333696815197866
360.5,0.33333698284229846,0.0002856679042082533,0.3330513002477704,0.33333696815197866
361.0,0.33333698284229846,0.0002856679042082533,0.3330513002477704,0.33333696815197866
361.5,0.33333698284229846,0.0002856679042082533,0.3330513002477704,0.33333696815197866
362.0,0.33333698284229846,0.0002856679042082533,0.3330513002477704,0.33333696815197866
362.5,0.33333698284229846,0.0002856679042082533,0.3330513002477704,0.33333696815197866
363.0,0.33333698284229846,0.0002856679042082533,0.3330513002477704,0.33333696815197866
363.5,0.33333698284229846,0.0002856679042082533,0.3330513002477704,0.33333696815197866
364.0,0.33333698284229846,0.0002856679042082533,0.3330513002477704,0.33333696815197866
364.5,0.33333698284229846,0.0002856679042082533,0.3330513002477704,0.33333696815197866
365.0,0.33333700589182874,0.0002856679042082533,0.3330513238504889,0.3333369917546971
365.5,0.33333700589182874,0.0002856679042082533,0.3330513238504889,0.3333369917546971
366.0,0.33333700589182874,0.0002856679042082533,0.3330513238504889,0.3333369917546971
366.5,0.33333700589182874,0.0002856679042082533,0.3330513238504889,0.3333369917546971
367.0,0.33333700589182874,0.0002856679042082533,0.3330513238504889,0.3333369917546971
367.5,0.33333700589182874,0.0002856679042082533,0.3330513238504889,0.3333369917546971
368.0,0.33333700589182874,0.0002856679042082533,0.3330513238504889,0.3333369917546971
368.5,0.33333700589182874,0.0002856679042082533,0.3330513238504889,0.3333369917546971
369.0,0.33333700589182874,0.0002856679042082533,0.3330513238504889,0.3333369917546971
369.5,0.33333700589182874,0.0002856679042082533,0.3330513238504889,0.3333369917546971
370.0,0.33333700589182874,0.0002856679042082533,0.3330513238504889,0.3333369917546971
370.5,0.33333700589182874,0.0002856679042082533,0.3330513238504889,0.3333369917546971
371.0,0.33333700589182874,0.0002856679042082533,0.3330513238504889,0.3333369917546971
371.5,0.33333700589182874,0.0002856679042082533,0.3330513238504889,0.3333369917546971
372.0,0.33333700589182874,0.0002856679042082533,0.3330513238504889,0.3333369917546971
372.5,0.33333700589182874,0.0002856679042082533,0.3330513238504889,0.3333369917546971
373.0,0.33333700589182874,0.0002856679042082533,0.3330513238504889,0.3333369917546971
373.5,0.33333700589182874,0.0002856679042082533,0.3330513238504889,0.3333369917546971
374.0,0.33333700589182874,0.0002856679042082533,0.3330513238504889,0.3333369917546971
374.5,0.33333700589182874,0.0002856679042082533,0.3330513238504889,0.3333369917546971
375.0,0.33333700589182874,0.0002856679042082533,0.3330513238504889,0.3333369917546971
375.5,0.33333700589182874,0.0002856679042082533,0.3330513238504889,0.3333369917546971
376.0,0.33333700589182874,0.0002856679042082533,0.3330513238504889,0.3333369917546971
376.5,0.33333700589182874,0.0002856679042082533,0.3330513238504889,0.3333369917546971
377.0,0.33333700589182874,0.0002856679042082533,0.3330513238504889,0.3333369917546971
377.5,0.33333700589182874,0.0002856679042082533,0.3330513238504889,0.3333369917546971
378.0,0.33333700589182874,0.0002856679042082533,0.3330513238504889,0.3333369917546971
378.5,0.33333700589182874,0.0002856679042082533,0.3330513238504889,0.3333369917546971
379.0,0.33333700589182874,0.0002856679042082533,0.3330513238504889,0.3333369917546971
379.5,0.33333700589182874,0.0002856679042082533,0.3330513238504889,0.3333369917546971
380.0,0.33333700589182874,0.0002856679042082533,0.3330513238504889,0.3333369917546971
380.5,0.33333700589182874,0.0002856679042082533,0.3330513238504889,0.3333369917546971
381.0,0.33333700589182874,0.0002856679042082533,0.3330513238504889,0.3333369917546971
381.5,0.33333700589182874,0.0002856679042082533,0.3330513238504889,0.3333369917546971
382.0,0.33333700589182874,0.0002856679042082533,0.3330513238504889,0.3333369917546971
382.5,0.33333700589182874,0.0002856679042082533,0.3330513238504889,0.3333369917546971
383.0,0.33333700589182874,0.0002856679042082533,0.3330513238504889,0.3333369917546971
383.5,0.33333700589182874,0.0002856679042082533,0.3330513238504889,0.3333369917546971
384.0,0.33333700589182874,0.0002856679042082533,0.3330513238504889,0.3333369917546971
384.5,0.33333700589182874,0.0002856679042082533,0.3330513238504889,0.3333369917546971
385.0,0.33333700589182874,0.0002856679042082533,0.3330513238504889,0.3333369917546971
385.5,0.33333700589182874,0.0002856679042082533,0.3330513238504889,0.3333369917546971
386.0,0.33333700589182874,0.0002856679042082533,0.3330513238504889,0.3333369917546971
386.5,0.33333700589182874,0.0002856679042082533,0.3330513238504889,0.3333369917546971
387.0,0.33333700589182874,0.0002856679042082533,0.3330513238504889,0.3333369917546971
387.5,0.33333700589182874,0.0002856679042082533,0.3330513238504889,0.3333369917546971
388.0,0.33333700589182874,0.0002856679042082533,0.3330513238504889,0.3333369917546971
388.5,0.33333700589182874,0.0002856679042082533,0.3330513238504889,0.3333369917546971
389.0,0.33333700589182874,0.0002856679042082533,0.3330513238504889,0.3333369917546971
389.5,0.33333700589182874,0.0002856679042082533,0.3330513238504889,0.3333369917546971
390.0,0.33333700589182874,0.0002856679042082533,0.3330513238504889,0.3333369917546971
390.5,0.33333700589182874,0.0002856679042082533,0.3330513238504889,0.3333369917546971
391.0,0.33333700589182874,0.0002856679042082533,0.3330513238504889,0.3333369917546971
391.5,0.33333700589182874,0.0002856679042082533,0.3330513238504889,0.3333369917546971
392.0,0.33333700589182874,0.0002856679042082533,0.3330513238504889,0.3333369917546971
392.5,0.33333700589182874,0.0002856679042082533,0.3330513238504889,0.3333369917546971
393.0,0.33333700589182874,0.0002856679042082533,0.3330513238504889,0.3333369917546971
393.5,0.33333700589182874,0.0002856679042082533,0.3330513238504889,0.3333369917546971
394.0,0.33333700589182874,0.0002856679042082533,0.3330513238504889,0.3333369917546971
394.5,0.33333700589182874,0.0002856679042082533,0.3330513238504889,0.3333369917546971
395.0,0.33333700589182874,0.0002856679042082533,0.3330513238504889,0.3333369917546971
395.5,0.33333700589182874,0.0002856679042082533,0.3330513238504889,0.3333369917546971
396.0,0.33333700589182874,0.0002856679042082533,0.3330513238504889,0.3333369917546971
396.5,0.33333700589182874,0.0002856679042082533,0.3330513238504889,0.3333369917546971
397.0,0.33333700589182874,0.0002856679042082533,0.3330513238504889,0.3333369917546971
397.5,0.33333700589182874,0.0002856679042082533,0.3330513238504889,0.3333369917546971
398.0,0.33333700589182874,0.0002856679042082533,0.3330513238504889,0.3333369917546971
398.5,0.333337028941359,0.0002856679042082533,0.33305134745320736,0.3333370153574156
399.0,0.333337028941359,0.0002856679042082533,0.33305134745320736,0.3333370153574156
399.5,0.333337028941359,0.0002856679042082533,0.33305134745320736,0.3333370153574156
400.0,0.333337028941359,0.0002856679042082533,0.33305134745320736,0.3333370153574156
400.5,0.333337028941359,0.0002856679042082533,0.33305134745320736,0.3333370153574156
401.0,0.333337028941359,0.0002856679042082533,0.33305134745320736,0.3333370153574156
401.5,0.333337028941359,0.0002856679042082533,0.33305134745320736,0.3333370153574156
402.0,0.333337028941359,0.0002856679042082533,0.33305134745320736,0.3333370153574156
402.5,0.333337028941359,0.0002856679042082533,0.33305134745320736,0.3333370153574156
403.0,0.333337028941359,0.0002856679042082533,0.33305134745320736,0.3333370153574156
403.5,0.333337028941359,0.0002856679042082533,0.33305134745320736,0.3333370153574156
404.0,0.333337028941359,0.0002856679042082533,0.33305134745320736,0.3333370153574156
404.5,0.333337028941359,0.0002856679042082533,0.33305134745320736,0.3333370153574156
405.0,0.333337028941359,0.0002856679042082533,0.33305134745320736,0.3333370153574156
405.5,0.333337028941359,0.0002856679042082533,0.33305134745320736,0.3333370153574156
406.0,0.333337028941359,0.0002856679042082533,0.33305134745320736,0.3333370153574156
406.5,0.333337028941359,0.0002856679042082533,0.33305134745320736,0.3333370153574156
407.0,0.333337028941359,0.0002856679042082533,0.33305134745320736,0.3333370153574156
407.5,0.333337028941359,0.0002856679042082533,0.33305134745320736,0.3333370153574156
408.0,0.333337028941359,0.0002856679042082533,0.33305134745320736,0.3333370153574156
408.5,0.333337028941359,0.0002856679042082533,0.33305134745320736,0.3333370153574156
409.0,0.333337028941359,0.0002856679042082533,0.33305134745320736,0.3333370153574156
409.5,0.333337028941359,0.0002856679042082533,0.33305134745320736,0.3333370153574156
410.0,0.333337028941359,0.0002856679042082533,0.33305134745320736,0.3333370153574156
410.5,0.333337028941359,0.0002856679042082533,0.33305134745320736,0.3333370153574156
411.0,0.333337028941359,0.0002856679042082533,0.33305134745320736,0.3333370153574156
411.5,0.333337028941359,0.0002856679042082533,0.33305134745320736,0.3333370153574156
412.0,0.333337028941359,0.0002856679042082533,0.33305134745320736,0.3333370153574156
412.5,0.333337028941359,0.0002856679042082533,0.33305134745320736,0.3333370153574156
413.0,0.333337028941359,0.0002856679042082533,0.33305134745320736,0.3333370153574156
413.5,0.333337028941359,0.0002856679042082533,0.33305134745320736,0.3333370153574156
414.0,0.333337028941359,0.0002856679042082533,0.33305134745320736,0.3333370153574156
414.5,0.333337028941359,0.0002856679042082533,0.33305134745320736,0.3333370153574156
415.0,0.333337028941359,0.0002856679042082533,0.33305134745320736,0.3333370153574156
415.5,0.333337028941359,0.0002856679042082533,0.33305134745320736,0.3333370153574156
416.0,0.333337028941359,0.0002856679042082533,0.33305134745320736,0.3333370153574156
416.5,0.333337028941359,0.0002856679042082533,0.33305134745320736,0.3333370153574156
417.0,0.333337028941359,0.0002856679042082533,0.33305134745320736,0.3333370153574156
417.5,0.333337028941359,0.0002856679042082533,0.33305134745320736,0.3333370153574156
418.0,0.333337028941359,0.0002856679042082533,0.33305134745320736,0.3333370153574156
418.5,0.333337028941359,0.0002856679042082533,0.33305134745320736,0.3333370153574156
419.0,0.333337028941359,0.0002856679042082533,0.33305134745320736,0.3333370153574156
419.5,0.333337028941359,0.0002856679042082533,0.33305134745320736,0.3333370153574156
420.0,0.333337028941359,0.0002856679042082533,0.33305134745320736,0.3333370153574156
420.5,0.333337028941359,0.0002856679042082533,0.33305134745320736,0.3333370153574156
421.0,0.333337028941359,0.0002856679042082533,0.33305134745320736,0.3333370153574156
421.5,0.333337028941359,0.0002856679042082533,0.33305134745320736,0.3333370153574156
422.0,0.333337028941359,0.0002856679042082533,0.33305134745320736,0.3333370153574156
422.5,0.333337028941359,0.0002856679042082533,0.33305134745320736,0.3333370153574156
423.0,0.333337028941359,0.0002856679042082533,0.33305134745320736,0.3333370153574156
423.5,0.333337028941359,0.0002856679042082533,0.33305134745320736,0.3333370153574156
424.0,0.333337028941359,0.0002856679042082533,0.33305134745320736,0.3333370153574156
424.5,0.333337028941359,0.0002856679042082533,0.33305134745320736,0.3333370153574156
425.0,0.333337028941359,0.0002856679042082533,0.33305134745320736,0.3333370153574156
425.5,0.333337028941359,0.0002856679042082533,0.33305134745320736,0.3333370153574156
426.0,0.333337028941359,0.0002856679042082533,0.33305134745320736,0.3333370153574156
426.5,0.333337028941359,0.0002856679042082533,0.33305134745320736,0.3333370153574156
427.0,0.333337028941359,0.0002856679042082533,0.33305134745320736,0.3333370153574156
427.5,0.333337028941359,0.0002856679042082533,0.33305134745320736,0.3333370153574156
428.0,0.333337028941359,0.0002856679042082533,0.33305134745320736,0.3333370153574156
428.5,0.333337028941359,0.0002856679042082533,0.33305134745320736,0.3333370153574156
429.0,0.333337028941359,0.0002856679042082533,0.33305134745320736,0.3333370153574156
429.5,0.333337028941359,0.0002856679042082533,0.33305134745320736,0.3333370153574156
430.0,0.333337028941359,0.0002856679042082533,0.33305134745320736,0.3333370153574156
430.5,0.333337028941359,0.0002856679042082533,0.33305134745320736,0.3333370153574156
431.0,0.333337028941359,0.0002856679042082533,0.33305134745320736,0.3333370153574156
431.5,0.333337028941359,0.0002856679042082533,0.33305134745320736,0.3333370153574156
432.0,0.333337028941359,0.0002856679042082533,0.33305134745320736,0.3333370153574156
432.5,0.333337028941359,0.0002856679042082533,0.33305134745320736,0.3333370153574156
433.0,0.333337028941359,0.0002856679042082533,0.33305134745320736,0.3333370153574156
433.5,0.333337028941359,0.0002856679042082533,0.33305134745320736,0.3333370153574156
434.0,0.333337028941359,0.0002856679042082533,0.33305134745320736,0.3333370153574156
434.5,0.333337028941359,0.0002856679042082533,0.33305134745320736,0.3333370153574156
435.0,0.333337028941359,0.0002856679042082533,0.33305134745320736,0.3333370153574156
435.5,0.333337028941359,0.0002856679042082533,0.33305134745320736,0.3333370153574156
436.0,0.333337028941359,0.0002856679042082533,0.33305134745320736,0.3333370153574156
436.5,0.333337028941359,0.0002856679042082533,0.33305134745320736,0.3333370153574156
437.0,0.333337028941359,0.0002856679042082533,0.33305134745320736,0.3333370153574156
437.5,0.333337028941359,0.0002856679042082533,0.33305134745320736,0.3333370153574156
438.0,0.333337028941359,0.0002856679042082533,0.33305134745320736,0.3333370153574156
438.5,0.333337028941359,0.0002856679042082533,0.33305134745320736,0.3333370153574156
439.0,0.333337028941359,0.0002856679042082533,0.33305134745320736,0.3333370153574156
439.5,0.333337028941359,0.0002856679042082533,0.33305134745320736,0.3333370153574156
440.0,0.333337028941359,0.0002856679042082533,0.33305134745320736,0.3333370153574156
440.5,0.333337028941359,0.0002856679042082533,0.33305134745320736,0.3333370153574156
441.0,0.333337028941359,0.0002856679042082533,0.33305134745320736,0.3333370153574156
441.5,0.333337028941359,0.0002856679042082533,0.33305134745320736,0.3333370153574156
442.0,0.333337028941359,0.0002856679042082533,0.33305134745320736,0.3333370153574156
442.5,0.333337028941359,0.0002856679042082533,0.33305134745320736,0.3333370153574156
443.0,0.333337028941359,0.0002856679042082533,0.33305134745320736,0.3333370153574156
443.5,0.333337028941359,0.0002856679042082533,0.33305134745320736,0.3333370153574156
444.0,0.333337028941359,0.0002856679042082533,0.33305134745320736,0.3333370153574156
444.5,0.33333705199088937,0.0002856679042082533,0.33305137105592586,0.3333370389601341
445.0,0.33333705199088937,0.0002856679042082533,0.33305137105592586,0.3333370389601341
445.5,0.33333705199088937,0.0002856679042082533,0.33305137105592586,0.3333370389601341
446.0,0.33333705199088937,0.0002856679042082533,0.33305137105592586,0.3333370389601341
446.5,0.33333705199088937,0.0002856679042082533,0.33305137105592586,0.3333370389601341
447.0,0.33333705199088937,0.0002856679042082533,0.33305137105592586,0.3333370389601341
447.5,0.33333705199088937,0.0002856679042082533,0.33305137105592586,0.3333370389601341
448.0,0.33333705199088937,0.0002856679042082533,0.33305137105592586,0.3333370389601341
448.5,0.33333705199088937,0.0002856679042082533,0.33305137105592586,0.3333370389601341
449.0,0.33333705199088937,0.0002856679042082533,0.33305137105592586,0.3333370389601341
449.5,0.33333705199088937,0.0002856679042082533,0.33305137105592586,0.3333370389601341
450.0,0.33333705199088937,0.0002856679042082533,0.33305137105592586,0.3333370389601341
450.5,0.33333705199088937,0.0002856679042082533,0.33305137105592586,0.3333370389601341
451.0,0.33333705199088937,0.0002856679042082533,0.33305137105592586,0.3333370389601341
451.5,0.33333705199088937,0.0002856679042082533,0.33305137105592586,0.3333370389601341
452.0,0.33333705199088937,0.0002856679042082533,0.33305137105592586,0.3333370389601341
452.5,0.33333705199088937,0.0002856679042082533,0.33305137105592586,0.3333370389601341
453.0,0.33333705199088937,0.0002856679042082533,0.33305137105592586,0.3333370389601341
453.5,0.33333705199088937,0.0002856679042082533,0.33305137105592586,0.3333370389601341
454.0,0.33333705199088937,0.0002856679042082533,0.33305137105592586,0.3333370389601341
454.5,0.33333705199088937,0.0002856679042082533,0.33305137105592586,0.3333370389601341
455.0,0.33333705199088937,0.0002856679042082533,0.33305137105592586,0.3333370389601341
455.5,0.33333705199088937,0.0002856679042082533,0.33305137105592586,0.3333370389601341
456.0,0.33333705199088937,0.0002856679042082533,0.33305137105592586,0.3333370389601341
456.5,0.33333705199088937,0.0002856679042082533,0.33305137105592586,0.3333370389601341
457.0,0.33333705199088937,0.0002856679042082533,0.33305137105592586,0.3333370389601341
457.5,0.33333705199088937,0.0002856679042082533,0.33305137105592586,0.3333370389601341
458.0,0.33333705199088937,0.0002856679042082533,0.33305137105592586,0.3333370389601341
458.5,0.33333705199088937,0.0002856679042082533,0.33305137105592586,0.3333370389601341
459.0,0.33333705199088937,0.0002856679042082533,0.33305137105592586,0.3333370389601341
459.5,0.33333705199088937,0.0002856679042082533,0.33305137105592586,0.3333370389601341
460.0,0.33333705199088937,0.0002856679042082533,0.33305137105592586,0.3333370389601341
460.5,0.33333705199088937,0.0002856679042082533,0.33305137105592586,0.3333370389601341
461.0,0.33333705199088937,0.0002856679042082533,0.33305137105592586,0.3333370389601341
461.5,0.33333705199088937,0.0002856679042082533,0.33305137105592586,0.3333370389601341
462.0,0.33333705199088937,0.0002856679042082533,0.33305137105592586,0.3333370389601341
462.5,0.33333705199088937,0.0002856679042082533,0.33305137105592586,0.3333370389601341
463.0,0.33333705199088937,0.0002856679042082533,0.33305137105592586,0.3333370389601341
463.5,0.33333705199088937,0.0002856679042082533,0.33305137105592586,0.3333370389601341
464.0,0.33333705199088937,0.0002856679042082533,0.33305137105592586,0.3333370389601341
464.5,0.33333705199088937,0.0002856679042082533,0.33305137105592586,0.3333370389601341
465.0,0.33333705199088937,0.0002856679042082533,0.33305137105592586,0.3333370389601341
465.5,0.33333705199088937,0.0002856679042082533,0.33305137105592586,0.3333370389601341
466.0,0.33333705199088937,0.0002856679042082533,0.33305137105592586,0.3333370389601341
466.5,0.33333705199088937,0.0002856679042082533,0.33305137105592586,0.3333370389601341
467.0,0.33333705199088937,0.0002856679042082533,0.33305137105592586,0.3333370389601341
467.5,0.33333705199088937,0.0002856679042082533,0.33305137105592586,0.3333370389601341
468.0,0.33333705199088937,0.0002856679042082533,0.33305137105592586,0.3333370389601341
468.5,0.33333705199088937,0.0002856679042082533,0.33305137105592586,0.3333370389601341
469.0,0.33333705199088937,0.0002856679042082533,0.33305137105592586,0.3333370389601341
469.5,0.33333705199088937,0.0002856679042082533,0.33305137105592586,0.3333370389601341
470.0,0.33333705199088937,0.0002856679042082533,0.33305137105592586,0.3333370389601341
470.5,0.33333705199088937,0.0002856679042082533,0.33305137105592586,0.3333370389601341
471.0,0.33333705199088937,0.0002856679042082533,0.33305137105592586,0.3333370389601341
471.5,0.33333705199088937,0.0002856679042082533,0.33305137105592586,0.3333370389601341
472.0,0.33333705199088937,0.0002856679042082533,0.33305137105592586,0.3333370389601341
472.5,0.33333705199088937,0.0002856679042082533,0.33305137105592586,0.3333370389601341
473.0,0.33333705199088937,0.0002856679042082533,0.33305137105592586,0.3333370389601341
473.5,0.33333705199088937,0.0002856679042082533,0.33305137105592586,0.3333370389601341
474.0,0.33333705199088937,0.0002856679042082533,0.33305137105592586,0.3333370389601341
474.5,0.33333705199088937,0.0002856679042082533,0.33305137105592586,0.3333370389601341
475.0,0.33333705199088937,0.0002856679042082533,0.33305137105592586,0.3333370389601341
475.5,0.33333705199088937,0.0002856679042082533,0.33305137105592586,0.3333370389601341
476.0,0.33333705199088937,0.0002856679042082533,0.33305137105592586,0.3333370389601341
476.5,0.33333705199088937,0.0002856679042082533,0.33305137105592586,0.3333370389601341
477.0,0.33333705199088937,0.0002856679042082533,0.33305137105592586,0.3333370389601341
477.5,0.33333705199088937,0.0002856679042082533,0.33305137105592586,0.3333370389601341
478.0,0.33333705199088937,0.0002856679042082533,0.33305137105592586,0.3333370389601341
478.5,0.33333705199088937,0.0002856679042082533,0.33305137105592586,0.3333370389601341
479.0,0.33333705199088937,0.0002856679042082533,0.33305137105592586,0.3333370389601341
479.5,0.33333705199088937,0.0002856679042082533,0.33305137105592586,0.3333370389601341
480.0,0.33333705199088937,0.0002856679042082533,0.33305137105592586,0.3333370389601341
480.5,0.33333705199088937,0.0002856679042082533,0.33305137105592586,0.3333370389601341
481.0,0.33333705199088937,0.0002856679042082533,0.33305137105592586,0.3333370389601341
481.5,0.33333705199088937,0.0002856679042082533,0.33305137105592586,0.3333370389601341
482.0,0.33333705199088937,0.0002856679042082533,0.33305137105592586,0.3333370389601341
482.5,0.33333705199088937,0.0002856679042082533,0.33305137105592586,0.3333370389601341
483.0,0.33333705199088937,0.0002856679042082533,0.33305137105592586,0.3333370389601341
483.5,0.33333705199088937,0.0002856679042082533,0.33305137105592586,0.3333370389601341
484.0,0.33333705199088937,0.0002856679042082533,0.33305137105592586,0.3333370389601341
484.5,0.33333705199088937,0.0002856679042082533,0.33305137105592586,0.3333370389601341
485.0,0.33333705199088937,0.0002856679042082533,0.33305137105592586,0.3333370389601341
485.5,0.33333705199088937,0.0002856679042082533,0.33305137105592586,0.3333370389601341
486.0,0.33333705199088937,0.0002856679042082533,0.33305137105592586,0.3333370389601341
486.5,0.33333705199088937,0.0002856679042082533,0.33305137105592586,0.3333370389601341
487.0,0.33333705199088937,0.0002856679042082533,0.33305137105592586,0.3333370389601341
487.5,0.33333705199088937,0.0002856679042082533,0.33305137105592586,0.3333370389601341
488.0,0.33333705199088937,0.0002856679042082533,0.33305137105592586,0.3333370389601341
488.5,0.33333705199088937,0.0002856679042082533,0.33305137105592586,0.3333370389601341
489.0,0.33333705199088937,0.0002856679042082533,0.33305137105592586,0.3333370389601341
489.5,0.33333705199088937,0.0002856679042082533,0.33305137105592586,0.3333370389601341
490.0,0.33333705199088937,0.0002856679042082533,0.33305137105592586,0.3333370389601341
490.5,0.33333705199088937,0.0002856679042082533,0.33305137105592586,0.3333370389601341
491.0,0.33333705199088937,0.0002856679042082533,0.33305137105592586,0.3333370389601341
491.5,0.33333705199088937,0.0002856679042082533,0.33305137105592586,0.3333370389601341
492.0,0.33333705199088937,0.0002856679042082533,0.33305137105592586,0.3333370389601341
492.5,0.33333705199088937,0.0002856679042082533,0.33305137105592586,0.3333370389601341
493.0,0.33333705199088937,0.0002856679042082533,0.33305137105592586,0.3333370389601341
493.5,0.33333705199088937,0.0002856679042082533,0.33305137105592586,0.3333370389601341
494.0,0.33333705199088937,0.0002856679042082533,0.33305137105592586,0.3333370389601341
494.5,0.33333705199088937,0.0002856679042082533,0.33305137105592586,0.3333370389601341
495.0,0.33333705199088937,0.0002856679042082533,0.33305137105592586,0.3333370389601341
495.5,0.33333705199088937,0.0002856679042082533,0.33305137105592586,0.3333370389601341
496.0,0.33333705199088937,0.0002856679042082533,0.33305137105592586,0.3333370389601341
496.5,0.33333705199088937,0.0002856679042082533,0.33305137105592586,0.3333370389601341
497.0,0.33333705199088937,0.0002856679042082533,0.33305137105592586,0.3333370389601341
497.5,0.33333705199088937,0.0002856679042082533,0.33305137105592586,0.3333370389601341
498.0,0.33333705199088937,0.0002856679042082533,0.33305137105592586,0.3333370389601341
498.5,0.33333705199088937,0.0002856679042082533,0.33305137105592586,0.3333370389601341
499.0,0.33333705199088937,0.0002856679042082533,0.33305137105592586,0.3333370389601341
499.5,0.33333705199088937,0.0002856679042082533,0.33305137105592586,0.3333370389601341
500.0,0.33333705199088937,0.0002856679042082533,0.33305137105592586,0.3333370389601341
500.5,0.33333705199088937,0.0002856679042082533,0.33305137105592586,0.3333370389601341
501.0,0.33333705199088937,0.0002856679042082533,0.33305137105592586,0.3333370389601341
501.5,0.33333705199088937,0.0002856679042082533,0.33305137105592586,0.3333370389601341
502.0,0.33333705199088937,0.0002856679042082533,0.33305137105592586,0.3333370389601341
502.5,0.33333705199088937,0.0002856679042082533,0.33305137105592586,0.3333370389601341
503.0,0.33333705199088937,0.0002856679042082533,0.33305137105592586,0.3333370389601341
503.5,0.33333705199088937,0.0002856679042082533,0.33305137105592586,0.3333370389601341
504.0,0.33333705199088937,0.0002856679042082533,0.33305137105592586,0.3333370389601341
504.5,0.33333705199088937,0.0002856679042082533,0.33305137105592586,0.3333370389601341
505.0,0.33333705199088937,0.0002856679042082533,0.33305137105592586,0.3333370389601341
505.5,0.33333705199088937,0.0002856679042082533,0.33305137105592586,0.3333370389601341
506.0,0.33333705199088937,0.0002856679042082533,0.33305137105592586,0.3333370389601341
506.5,0.33333705199088937,0.0002856679042082533,0.33305137105592586,0.3333370389601341
507.0,0.33333705199088937,0.0002856679042082533,0.33305137105592586,0.3333370389601341
507.5,0.33333705199088937,0.0002856679042082533,0.33305137105592586,0.3333370389601341
508.0,0.33333705199088937,0.0002856679042082533,0.33305137105592586,0.3333370389601341
508.5,0.33333705199088937,0.0002856679042082533,0.33305137105592586,0.3333370389601341
509.0,0.33333705199088937,0.0002856679042082533,0.33305137105592586,0.3333370389601341
509.5,0.33333705199088937,0.0002856679042082533,0.33305137105592586,0.3333370389601341
510.0,0.33333705199088937,0.0002856679042082533,0.33305137105592586,0.3333370389601341
510.5,0.33333705199088937,0.0002856679042082533,0.33305137105592586,0.3333370389601341
511.0,0.33333705199088937,0.0002856679042082533,0.33305137105592586,0.3333370389601341
511.5,0.33333705199088937,0.0002856679042082533,0.33305137105592586,0.3333370389601341
512.0,0.33333705199088937,0.0002856679042082533,0.33305137105592586,0.3333370389601341
512.5,0.33333705199088937,0.0002856679042082533,0.33305137105592586,0.3333370389601341
513.0,0.33333705199088937,0.0002856679042082533,0.33305137105592586,0.3333370389601341
513.5,0.33333705199088937,0.0002856679042082533,0.33305137105592586,0.3333370389601341
514.0,0.33333705199088937,0.0002856679042082533,0.33305137105592586,0.3333370389601341
514.5,0.33333705199088937,0.0002856679042082533,0.33305137105592586,0.3333370389601341
515.0,0.33333705199088937,0.0002856679042082533,0.33305137105592586,0.3333370389601341
515.5,0.33333705199088937,0.0002856679042082533,0.33305137105592586,0.3333370389601341
516.0,0.33333705199088937,0.0002856679042082533,0.33305137105592586,0.3333370389601341
516.5,0.33333705199088937,0.0002856679042082533,0.33305137105592586,0.3333370389601341
517.0,0.33333705199088937,0.0002856679042082533,0.33305137105592586,0.3333370389601341
517.5,0.33333705199088937,0.0002856679042082533,0.33305137105592586,0.3333370389601341
518.0,0.33333705199088937,0.0002856679042082533,0.33305137105592586,0.3333370389601341
518.5,0.33333707504041965,0.0002856679042082533,0.3330513946586443,0.33333706256285256
519.0,0.33333707504041965,0.0002856679042082533,0.3330513946586443,0.33333706256285256
519.5,0.33333707504041965,0.0002856679042082533,0.3330513946586443,0.33333706256285256
520.0,0.33333707504041965,0.0002856679042082533,0.3330513946586443,0.33333706256285256
520.5,0.33333707504041965,0.0002856679042082533,0.3330513946586443,0.33333706256285256
521.0,0.33333707504041965,0.0002856679042082533,0.3330513946586443,0.33333706256285256
521.5,0.33333707504041965,0.0002856679042082533,0.3330513946586443,0.33333706256285256
522.0,0.33333707504041965,0.0002856679042082533,0.3330513946586443,0.33333706256285256
522.5,0.33333707504041965,0.0002856679042082533,0.3330513946586443,0.33333706256285256
523.0,0.33333707504041965,0.0002856679042082533,0.3330513946586443,0.33333706256285256
523.5,0.33333707504041965,0.0002856679042082533,0.3330513946586443,0.33333706256285256
524.0,0.33333707504041965,0.0002856679042082533,0.3330513946586443,0.33333706256285256
524.5,0.33333707504041965,0.0002856679042082533,0.3330513946586443,0.33333706256285256
525.0,0.33333707504041965,0.0002856679042082533,0.3330513946586443,0.33333706256285256
525.5,0.33333707504041965,0.0002856679042082533,0.3330513946586443,0.33333706256285256
526.0,0.33333707504041965,0.0002856679042082533,0.3330513946586443,0.33333706256285256
526.5,0.33333707504041965,0.0002856679042082533,0.3330513946586443,0.33333706256285256
527.0,0.33333707504041965,0.0002856679042082533,0.3330513946586443,0.33333706256285256
527.5,0.33333707504041965,0.0002856679042082533,0.3330513946586443,0.33333706256285256
528.0,0.33333707504041965,0.0002856679042082533,0.3330513946586443,0.33333706256285256
528.5,0.33333707504041965,0.0002856679042082533,0.3330513946586443,0.33333706256285256
529.0,0.33333707504041965,0.0002856679042082533,0.3330513946586443,0.33333706256285256
529.5,0.33333707504041965,0.0002856679042082533,0.3330513946586443,0.33333706256285256
530.0,0.33333707504041965,0.0002856679042082533,0.3330513946586443,0.33333706256285256
530.5,0.33333707504041965,0.0002856679042082533,0.3330513946586443,0.33333706256285256
531.0,0.33333707504041965,0.0002856679042082533,0.3330513946586443,0.33333706256285256
531.5,0.33333707504041965,0.0002856679042082533,0.3330513946586443,0.33333706256285256
532.0,0.33333707504041965,0.0002856679042082533,0.3330513946586443,0.33333706256285256
532.5,0.33333707504041965,0.0002856679042082533,0.3330513946586443,0.33333706256285256
533.0,0.33333707504041965,0.0002856679042082533,0.3330513946586443,0.33333706256285256
533.5,0.33333707504041965,0.0002856679042082533,0.3330513946586443,0.33333706256285256
534.0,0.33333707504041965,0.0002856679042082533,0.3330513946586443,0.33333706256285256
534.5,0.33333707504041965,0.0002856679042082533,0.3330513946586443,0.33333706256285256
535.0,0.33333707504041965,0.0002856679042082533,0.3330513946586443,0.33333706256285256
535.5,0.33333707504041965,0.0002856679042082533,0.3330513946586443,0.33333706256285256
536.0,0.33333707504041965,0.0002856679042082533,0.3330513946586443,0.33333706256285256
536.5,0.33333707504041965,0.0002856679042082533,0.3330513946586443,0.33333706256285256
537.0,0.33333707504041965,0.0002856679042082533,0.3330513946586443,0.33333706256285256
537.5,0.33333707504041965,0.0002856679042082533,0.3330513946586443,0.33333706256285256
538.0,0.33333707504041965,0.0002856679042082533,0.3330513946586443,0.33333706256285256
538.5,0.33333707504041965,0.0002856679042082533,0.3330513946586443,0.33333706256285256
539.0,0.33333707504041965,0.0002856679042082533,0.3330513946586443,0.33333706256285256
539.5,0.33333707504041965,0.0002856679042082533,0.3330513946586443,0.33333706256285256
540.0,0.33333707504041965,0.0002856679042082533,0.3330513946586443,0.33333706256285256
540.5,0.33333707504041965,0.0002856679042082533,0.3330513946586443,0.33333706256285256
541.0,0.33333707504041965,0.0002856679042082533,0.3330513946586443,0.33333706256285256
541.5,0.33333707504041965,0.0002856679042082533,0.3330513946586443,0.33333706256285256
542.0,0.33333707504041965,0.0002856679042082533,0.3330513946586443,0.33333706256285256
542.5,0.33333707504041965,0.0002856679042082533,0.3330513946586443,0.33333706256285256
543.0,0.33333707504041965,0.0002856679042082533,0.3330513946586443,0.33333706256285256
543.5,0.33333707504041965,0.0002856679042082533,0.3330513946586443,0.33333706256285256
544.0,0.33333707504041965,0.0002856679042082533,0.3330513946586443,0.33333706256285256
544.5,0.33333707504041965,0.0002856679042082533,0.3330513946586443,0.33333706256285256
545.0,0.33333707504041965,0.0002856679042082533,0.3330513946586443,0.33333706256285256
545.5,0.33333707504041965,0.0002856679042082533,0.3330513946586443,0.33333706256285256
546.0,0.33333707504041965,0.0002856679042082533,0.3330513946586443,0.33333706256285256
546.5,0.33333707504041965,0.0002856679042082533,0.3330513946586443,0.33333706256285256
547.0,0.33333707504041965,0.0002856679042082533,0.3330513946586443,0.33333706256285256
547.5,0.33333707504041965,0.0002856679042082533,0.3330513946586443,0.33333706256285256
548.0,0.33333707504041965,0.0002856679042082533,0.3330513946586443,0.33333706256285256
548.5,0.33333707504041965,0.0002856679042082533,0.3330513946586443,0.33333706256285256
549.0,0.33333707504041965,0.0002856679042082533,0.3330513946586443,0.33333706256285256
549.5,0.33333707504041965,0.0002856679042082533,0.3330513946586443,0.33333706256285256
550.0,0.33333707504041965,0.0002856679042082533,0.3330513946586443,0.33333706256285256
550.5,0.33333707504041965,0.0002856679042082533,0.3330513946586443,0.33333706256285256
551.0,0.33333707504041965,0.0002856679042082533,0.3330513946586443,0.33333706256285256
551.5,0.33333707504041965,0.0002856679042082533,0.3330513946586443,0.33333706256285256
552.0,0.33333707504041965,0.0002856679042082533,0.3330513946586443,0.33333706256285256
552.5,0.33333707504041965,0.0002856679042082533,0.3330513946586443,0.33333706256285256
553.0,0.33333707504041965,0.0002856679042082533,0.3330513946586443,0.33333706256285256
553.5,0.33333707504041965,0.0002856679042082533,0.3330513946586443,0.33333706256285256
554.0,0.33333707504041965,0.0002856679042082533,0.3330513946586443,0.33333706256285256
554.5,0.33333707504041965,0.0002856679042082533,0.3330513946586443,0.33333706256285256
555.0,0.33333707504041965,0.0002856679042082533,0.3330513946586443,0.33333706256285256
555.5,0.33333707504041965,0.0002856679042082533,0.3330513946586443,0.33333706256285256
556.0,0.33333707504041965,0.0002856679042082533,0.3330513946586443,0.33333706256285256
556.5,0.33333707504041965,0.0002856679042082533,0.3330513946586443,0.33333706256285256
557.0,0.33333707504041965,0.0002856679042082533,0.3330513946586443,0.33333706256285256
557.5,0.33333707504041965,0.0002856679042082533,0.3330513946586443,0.33333706256285256
558.0,0.33333707504041965,0.0002856679042082533,0.3330513946586443,0.33333706256285256
558.5,0.33333707504041965,0.0002856679042082533,0.3330513946586443,0.33333706256285256
559.0,0.33333707504041965,0.0002856679042082533,0.3330513946586443,0.33333706256285256
559.5,0.33333707504041965,0.0002856679042082533,0.3330513946586443,0.33333706256285256
560.0,0.33333707504041965,0.0002856679042082533,0.3330513946586443,0.33333706256285256
560.5,0.33333707504041965,0.0002856679042082533,0.3330513946586443,0.33333706256285256
561.0,0.33333707504041965,0.0002856679042082533,0.3330513946586443,0.33333706256285256
561.5,0.33333707504041965,0.0002856679042082533,0.3330513946586443,0.33333706256285256
562.0,0.33333707504041965,0.0002856679042082533,0.3330513946586443,0.33333706256285256
562.5,0.33333707504041965,0.0002856679042082533,0.3330513946586443,0.33333706256285256
563.0,0.33333707504041965,0.0002856679042082533,0.3330513946586443,0.33333706256285256
563.5,0.33333707504041965,0.0002856679042082533,0.3330513946586443,0.33333706256285256
564.0,0.33333707504041965,0.0002856679042082533,0.3330513946586443,0.33333706256285256
564.5,0.33333707504041965,0.0002856679042082533,0.3330513946586443,0.33333706256285256
565.0,0.33333707504041965,0.0002856679042082533,0.3330513946586443,0.33333706256285256
565.5,0.33333707504041965,0.0002856679042082533,0.3330513946586443,0.33333706256285256
566.0,0.33333707504041965,0.0002856679042082533,0.3330513946586443,0.33333706256285256
566.5,0.33333707504041965,0.0002856679042082533,0.3330513946586443,0.33333706256285256
567.0,0.33333707504041965,0.0002856679042082533,0.3330513946586443,0.33333706256285256
567.5,0.33333707504041965,0.0002856679042082533,0.3330513946586443,0.33333706256285256
568.0,0.33333707504041965,0.0002856679042082533,0.3330513946586443,0.33333706256285256
568.5,0.33333707504041965,0.0002856679042082533,0.3330513946586443,0.33333706256285256
569.0,0.33333707504041965,0.0002856679042082533,0.3330513946586443,0.33333706256285256
569.5,0.33333707504041965,0.0002856679042082533,0.3330513946586443,0.33333706256285256
570.0,0.33333707504041965,0.0002856679042082533,0.3330513946586443,0.33333706256285256
570.5,0.33333707504041965,0.0002856679042082533,0.3330513946586443,0.33333706256285256
571.0,0.33333707504041965,0.0002856679042082533,0.3330513946586443,0.33333706256285256
571.5,0.33333707504041965,0.0002856679042082533,0.3330513946586443,0.33333706256285256
572.0,0.33333707504041965,0.0002856679042082533,0.3330513946586443,0.33333706256285256
572.5,0.33333707504041965,0.0002856679042082533,0.3330513946586443,0.33333706256285256
573.0,0.33333707504041965,0.0002856679042082533,0.3330513946586443,0.33333706256285256
573.5,0.33333707504041965,0.0002856679042082533,0.3330513946586443,0.33333706256285256
574.0,0.33333707504041965,0.0002856679042082533,0.3330513946586443,0.33333706256285256
574.5,0.33333707504041965,0.0002856679042082533,0.3330513946586443,0.33333706256285256
575.0,0.33333707504041965,0.0002856679042082533,0.3330513946586443,0.33333706256285256
575.5,0.33333707504041965,0.0002856679042082533,0.3330513946586443,0.33333706256285256
576.0,0.33333707504041965,0.0002856679042082533,0.3330513946586443,0.33333706256285256
576.5,0.33333707504041965,0.0002856679042082533,0.3330513946586443,0.33333706256285256
577.0,0.33333707504041965,0.0002856679042082533,0.3330513946586443,0.33333706256285256
577.5,0.33333707504041965,0.0002856679042082533,0.3330513946586443,0.33333706256285256
578.0,0.33333707504041965,0.0002856679042082533,0.3330513946586443,0.33333706256285256
578.5,0.33333707504041965,0.0002856679042082533,0.3330513946586443,0.33333706256285256
579.0,0.33333707504041965,0.0002856679042082533,0.3330513946586443,0.33333706256285256
579.5,0.33333707504041965,0.0002856679042082533,0.3330513946586443,0.33333706256285256
580.0,0.33333707504041965,0.0002856679042082533,0.3330513946586443,0.33333706256285256
580.5,0.33333707504041965,0.0002856679042082533,0.3330513946586443,0.33333706256285256
581.0,0.33333707504041965,0.0002856679042082533,0.3330513946586443,0.33333706256285256
581.5,0.33333707504041965,0.0002856679042082533,0.3330513946586443,0.33333706256285256
582.0,0.33333707504041965,0.0002856679042082533,0.3330513946586443,0.33333706256285256
582.5,0.33333707504041965,0.0002856679042082533,0.3330513946586443,0.33333706256285256
583.0,0.33333707504041965,0.0002856679042082533,0.3330513946586443,0.33333706256285256
583.5,0.33333707504041965,0.0002856679042082533,0.3330513946586443,0.33333706256285256
584.0,0.33333707504041965,0.0002856679042082533,0.3330513946586443,0.33333706256285256
584.5,0.33333707504041965,0.0002856679042082533,0.3330513946586443,0.33333706256285256
585.0,0.33333707504041965,0.0002856679042082533,0.3330513946586443,0.33333706256285256
585.5,0.33333707504041965,0.0002856679042082533,0.3330513946586443,0.33333706256285256
586.0,0.33333707504041965,0.0002856679042082533,0.3330513946586443,0.33333706256285256
586.5,0.33333707504041965,0.0002856679042082533,0.3330513946586443,0.33333706256285256
587.0,0.33333707504041965,0.0002856679042082533,0.3330513946586443,0.33333706256285256
587.5,0.33333707504041965,0.0002856679042082533,0.3330513946586443,0.33333706256285256
588.0,0.33333707504041965,0.0002856679042082533,0.3330513946586443,0.33333706256285256
588.5,0.33333707504041965,0.0002856679042082533,0.3330513946586443,0.33333706256285256
589.0,0.33333707504041965,0.0002856679042082533,0.3330513946586443,0.33333706256285256
589.5,0.33333707504041965,0.0002856679042082533,0.3330513946586443,0.33333706256285256
590.0,0.33333707504041965,0.0002856679042082533,0.3330513946586443,0.33333706256285256
590.5,0.33333707504041965,0.0002856679042082533,0.3330513946586443,0.33333706256285256
591.0,0.33333707504041965,0.0002856679042082533,0.3330513946586443,0.33333706256285256
591.5,0.33333707504041965,0.0002856679042082533,0.3330513946586443,0.33333706256285256
592.0,0.33333707504041965,0.0002856679042082533,0.3330513946586443,0.33333706256285256
592.5,0.33333707504041965,0.0002856679042082533,0.3330513946586443,0.33333706256285256
593.0,0.33333707504041965,0.0002856679042082533,0.3330513946586443,0.33333706256285256
593.5,0.33333707504041965,0.0002856679042082533,0.3330513946586443,0.33333706256285256
594.0,0.33333707504041965,0.0002856679042082533,0.3330513946586443,0.33333706256285256
594.5,0.33333707504041965,0.0002856679042082533,0.3330513946586443,0.33333706256285256
595.0,0.33333707504041965,0.0002856679042082533,0.3330513946586443,0.33333706256285256
595.5,0.33333707504041965,0.0002856679042082533,0.3330513946586443,0.33333706256285256
596.0,0.33333707504041965,0.0002856679042082533,0.3330513946586443,0.33333706256285256
596.5,0.33333707504041965,0.0002856679042082533,0.3330513946586443,0.33333706256285256
597.0,0.33333707504041965,0.0002856679042082533,0.3330513946586443,0.33333706256285256
597.5,0.33333707504041965,0.0002856679042082533,0.3330513946586443,0.33333706256285256
598.0,0.33333707504041965,0.0002856679042082533,0.3330513946586443,0.33333706256285256
598.5,0.33333707504041965,0.0002856679042082533,0.3330513946586443,0.33333706256285256
599.0,0.33333707504041965,0.0002856679042082533,0.3330513946586443,0.33333706256285256
599.5,0.33333707504041965,0.0002856679042082533,0.3330513946586443,0.33333706256285256
600.0,0.33333707504041965,0.0002856679042082533,0.3330513946586443,0.33333706256285256
600.5,0.33333707504041965,0.0002856679042082533,0.3330513946586443,0.33333706256285256
601.0,0.33333707504041965,0.0002856679042082533,0.3330513946586443,0.33333706256285256
601.5,0.33333707504041965,0.0002856679042082533,0.3330513946586443,0.33333706256285256
602.0,0.33333707504041965,0.0002856679042082533,0.3330513946586443,0.33333706256285256
602.5,0.33333707504041965,0.0002856679042082533,0.3330513946586443,0.33333706256285256
603.0,0.33333707504041965,0.0002856679042082533,0.3330513946586443,0.33333706256285256
603.5,0.33333707504041965,0.0002856679042082533,0.3330513946586443,0.33333706256285256
604.0,0.33333707504041965,0.0002856679042082533,0.3330513946586443,0.33333706256285256
604.5,0.33333707504041965,0.0002856679042082533,0.3330513946586443,0.33333706256285256
605.0,0.33333707504041965,0.0002856679042082533,0.3330513946586443,0.33333706256285256
605.5,0.33333707504041965,0.0002856679042082533,0.3330513946586443,0.33333706256285256
606.0,0.33333707504041965,0.0002856679042082533,0.3330513946586443,0.33333706256285256
606.5,0.33333707504041965,0.0002856679042082533,0.3330513946586443,0.33333706256285256
607.0,0.33333707504041965,0.0002856679042082533,0.3330513946586443,0.33333706256285256
607.5,0.33333707504041965,0.0002856679042082533,0.3330513946586443,0.33333706256285256
608.0,0.33333707504041965,0.0002856679042082533,0.3330513946586443,0.33333706256285256
608.5,0.33333707504041965,0.0002856679042082533,0.3330513946586443,0.33333706256285256
609.0,0.33333707504041965,0.0002856679042082533,0.3330513946586443,0.33333706256285256
609.5,0.33333707504041965,0.0002856679042082533,0.3330513946586443,0.33333706256285256
610.0,0.33333707504041965,0.0002856679042082533,0.3330513946586443,0.33333706256285256
610.5,0.33333707504041965,0.0002856679042082533,0.3330513946586443,0.33333706256285256
611.0,0.33333707504041965,0.0002856679042082533,0.3330513946586443,0.33333706256285256
611.5,0.33333707504041965,0.0002856679042082533,0.3330513946586443,0.33333706256285256
612.0,0.33333707504041965,0.0002856679042082533,0.3330513946586443,0.33333706256285256
612.5,0.33333707504041965,0.0002856679042082533,0.3330513946586443,0.33333706256285256
613.0,0.33333707504041965,0.0002856679042082533,0.3330513946586443,0.33333706256285256
613.5,0.33333707504041965,0.0002856679042082533,0.3330513946586443,0.33333706256285256
614.0,0.33333707504041965,0.0002856679042082533,0.3330513946586443,0.33333706256285256
614.5,0.33333707504041965,0.0002856679042082533,0.3330513946586443,0.33333706256285256
615.0,0.33333707504041965,0.0002856679042082533,0.3330513946586443,0.33333706256285256
615.5,0.33333707504041965,0.0002856679042082533,0.3330513946586443,0.33333706256285256
616.0,0.33333707504041965,0.0002856679042082533,0.3330513946586443,0.33333706256285256
616.5,0.33333707504041965,0.0002856679042082533,0.3330513946586443,0.33333706256285256
617.0,0.33333707504041965,0.0002856679042082533,0.3330513946586443,0.33333706256285256
617.5,0.33333707504041965,0.0002856679042082533,0.3330513946586443,0.33333706256285256
618.0,0.33333707504041965,0.0002856679042082533,0.3330513946586443,0.33333706256285256
618.5,0.33333707504041965,0.0002856679042082533,0.3330513946586443,0.33333706256285256
619.0,0.33333707504041965,0.0002856679042082533,0.3330513946586443,0.33333706256285256
619.5,0.33333707504041965,0.0002856679042082533,0.3330513946586443,0.33333706256285256
620.0,0.33333707504041965,0.0002856679042082533,0.3330513946586443,0.33333706256285256
620.5,0.33333707504041965,0.0002856679042082533,0.3330513946586443,0.33333706256285256
621.0,0.33333707504041965,0.0002856679042082533,0.3330513946586443,0.33333706256285256
621.5,0.33333707504041965,0.0002856679042082533,0.3330513946586443,0.33333706256285256
622.0,0.33333707504041965,0.0002856679042082533,0.3330513946586443,0.33333706256285256
622.5,0.3333371211394803,0.0002856679042082533,0.3330514182613628,0.33333708616557106
623.0,0.3333371211394803,0.0002856679042082533,0.3330514182613628,0.33333708616557106
623.5,0.3333371211394803,0.0002856679042082533,0.3330514182613628,0.33333708616557106
624.0,0.3333371211394803,0.0002856679042082533,0.3330514182613628,0.33333708616557106
624.5,0.3333371211394803,0.0002856679042082533,0.3330514182613628,0.33333708616557106
625.0,0.3333371211394803,0.0002856679042082533,0.3330514182613628,0.33333708616557106
625.5,0.3333371211394803,0.0002856679042082533,0.3330514182613628,0.33333708616557106
626.0,0.3333371211394803,0.0002856679042082533,0.3330514182613628,0.33333708616557106
626.5,0.3333371211394803,0.0002856679042082533,0.3330514182613628,0.33333708616557106
627.0,0.3333371211394803,0.0002856679042082533,0.3330514182613628,0.33333708616557106
627.5,0.3333371211394803,0.0002856679042082533,0.3330514182613628,0.33333708616557106
628.0,0.3333371211394803,0.0002856679042082533,0.3330514182613628,0.33333708616557106
628.5,0.3333371211394803,0.0002856679042082533,0.3330514182613628,0.33333708616557106
629.0,0.3333371211394803,0.0002856679042082533,0.3330514182613628,0.33333708616557106
629.5,0.3333371211394803,0.0002856679042082533,0.3330514182613628,0.33333708616557106
630.0,0.3333371211394803,0.0002856679042082533,0.3330514182613628,0.33333708616557106
630.5,0.3333371211394803,0.0002856679042082533,0.3330514182613628,0.33333708616557106
631.0,0.3333371211394803,0.0002856679042082533,0.3330514182613628,0.33333708616557106
631.5,0.3333371211394803,0.0002856679042082533,0.3330514182613628,0.33333708616557106
632.0,0.3333371211394803,0.0002856679042082533,0.3330514182613628,0.33333708616557106
632.5,0.3333371211394803,0.0002856679042082533,0.3330514182613628,0.33333708616557106
633.0,0.3333371211394803,0.0002856679042082533,0.3330514182613628,0.33333708616557106
633.5,0.3333371211394803,0.0002856679042082533,0.3330514182613628,0.33333708616557106
634.0,0.3333371211394803,0.0002856679042082533,0.3330514182613628,0.33333708616557106
634.5,0.3333371211394803,0.0002856679042082533,0.3330514182613628,0.33333708616557106
635.0,0.3333371211394803,0.0002856679042082533,0.3330514182613628,0.33333708616557106
635.5,0.3333371211394803,0.0002856679042082533,0.3330514182613628,0.33333708616557106
636.0,0.3333371211394803,0.0002856679042082533,0.3330514182613628,0.33333708616557106
636.5,0.3333371211394803,0.0002856679042082533,0.3330514182613628,0.33333708616557106
637.0,0.3333371211394803,0.0002856679042082533,0.3330514182613628,0.33333708616557106
637.5,0.3333371211394803,0.0002856679042082533,0.3330514182613628,0.33333708616557106
638.0,0.3333371211394803,0.0002856679042082533,0.3330514182613628,0.33333708616557106
638.5,0.3333371211394803,0.0002856679042082533,0.3330514182613628,0.33333708616557106
639.0,0.3333371211394803,0.0002856679042082533,0.3330514182613628,0.33333708616557106
639.5,0.3333371211394803,0.0002856679042082533,0.3330514182613628,0.33333708616557106
640.0,0.3333371211394803,0.0002856679042082533,0.3330514182613628,0.33333708616557106
640.5,0.3333371211394803,0.0002856679042082533,0.3330514182613628,0.33333708616557106
641.0,0.3333371211394803,0.0002856679042082533,0.3330514182613628,0.33333708616557106
641.5,0.3333371211394803,0.0002856679042082533,0.3330514182613628,0.33333708616557106
642.0,0.3333371211394803,0.0002856679042082533,0.3330514182613628,0.33333708616557106
642.5,0.3333371211394803,0.0002856679042082533,0.3330514182613628,0.33333708616557106
643.0,0.3333371211394803,0.0002856679042082533,0.3330514182613628,0.33333708616557106
643.5,0.3333371211394803,0.0002856679042082533,0.3330514182613628,0.33333708616557106
644.0,0.3333371211394803,0.0002856679042082533,0.3330514182613628,0.33333708616557106
644.5,0.3333371211394803,0.0002856679042082533,0.3330514182613628,0.33333708616557106
645.0,0.3333371211394803,0.0002856679042082533,0.3330514182613628,0.33333708616557106
645.5,0.3333371211394803,0.0002856679042082533,0.3330514182613628,0.33333708616557106
646.0,0.3333371211394803,0.0002856679042082533,0.3330514182613628,0.33333708616557106
646.5,0.3333371211394803,0.0002856679042082533,0.3330514182613628,0.33333708616557106
647.0,0.3333371211394803,0.0002856679042082533,0.3330514182613628,0.33333708616557106
647.5,0.3333371211394803,0.0002856679042082533,0.3330514182613628,0.33333708616557106
648.0,0.3333371211394803,0.0002856679042082533,0.3330514182613628,0.33333708616557106
648.5,0.3333371211394803,0.0002856679042082533,0.3330514182613628,0.33333708616557106
649.0,0.3333371211394803,0.0002856679042082533,0.3330514182613628,0.33333708616557106
649.5,0.3333371211394803,0.0002856679042082533,0.3330514182613628,0.33333708616557106
650.0,0.3333371211394803,0.0002856679042082533,0.3330514182613628,0.33333708616557106
650.5,0.3333371211394803,0.0002856679042082533,0.3330514182613628,0.33333708616557106
651.0,0.3333371211394803,0.0002856679042082533,0.3330514182613628,0.33333708616557106
651.5,0.3333371211394803,0.0002856679042082533,0.3330514182613628,0.33333708616557106
652.0,0.3333371211394803,0.0002856679042082533,0.3330514182613628,0.33333708616557106
652.5,0.3333371211394803,0.0002856679042082533,0.3330514182613628,0.33333708616557106
653.0,0.3333371211394803,0.0002856679042082533,0.3330514182613628,0.33333708616557106
653.5,0.3333371211394803,0.0002856679042082533,0.3330514182613628,0.33333708616557106
654.0,0.3333371211394803,0.0002856679042082533,0.3330514182613628,0.33333708616557106
654.5,0.3333371211394803,0.0002856679042082533,0.3330514182613628,0.33333708616557106
655.0,0.3333371211394803,0.0002856679042082533,0.3330514182613628,0.33333708616557106
655.5,0.3333371211394803,0.0002856679042082533,0.3330514182613628,0.33333708616557106
656.0,0.3333371211394803,0.0002856679042082533,0.3330514182613628,0.33333708616557106
656.5,0.3333371211394803,0.0002856679042082533,0.3330514182613628,0.33333708616557106
657.0,0.3333371211394803,0.0002856679042082533,0.3330514182613628,0.33333708616557106
657.5,0.3333371211394803,0.0002856679042082533,0.3330514182613628,0.33333708616557106
658.0,0.3333371211394803,0.0002856679042082533,0.3330514182613628,0.33333708616557106
658.5,0.3333371211394803,0.0002856679042082533,0.3330514182613628,0.33333708616557106
659.0,0.3333371211394803,0.0002856679042082533,0.3330514182613628,0.33333708616557106
659.5,0.3333371211394803,0.0002856679042082533,0.3330514182613628,0.33333708616557106
660.0,0.3333371211394803,0.0002856679042082533,0.3330514182613628,0.33333708616557106
660.5,0.3333371211394803,0.0002856679042082533,0.3330514182613628,0.33333708616557106
661.0,0.3333371211394803,0.0002856679042082533,0.3330514182613628,0.33333708616557106
661.5,0.3333371211394803,0.0002856679042082533,0.3330514182613628,0.33333708616557106
662.0,0.3333371211394803,0.0002856679042082533,0.3330514182613628,0.33333708616557106
662.5,0.3333371211394803,0.0002856679042082533,0.3330514182613628,0.33333708616557106
663.0,0.3333371211394803,0.0002856679042082533,0.3330514182613628,0.33333708616557106
663.5,0.3333371211394803,0.0002856679042082533,0.3330514182613628,0.33333708616557106
664.0,0.3333371211394803,0.0002856679042082533,0.3330514182613628,0.33333708616557106
664.5,0.3333371211394803,0.0002856679042082533,0.3330514182613628,0.33333708616557106
665.0,0.3333371211394803,0.0002856679042082533,0.3330514182613628,0.33333708616557106
665.5,0.3333371211394803,0.0002856679042082533,0.3330514182613628,0.33333708616557106
666.0,0.3333371211394803,0.0002856679042082533,0.3330514182613628,0.33333708616557106
666.5,0.3333371211394803,0.0002856679042082533,0.3330514182613628,0.33333708616557106
667.0,0.3333371211394803,0.0002856679042082533,0.3330514182613628,0.33333708616557106
667.5,0.3333371211394803,0.0002856679042082533,0.3330514182613628,0.33333708616557106
668.0,0.3333371211394803,0.0002856679042082533,0.3330514182613628,0.33333708616557106
668.5,0.3333371211394803,0.0002856679042082533,0.3330514182613628,0.33333708616557106
669.0,0.3333371211394803,0.0002856679042082533,0.3330514182613628,0.33333708616557106
669.5,0.3333371211394803,0.0002856679042082533,0.3330514182613628,0.33333708616557106
670.0,0.3333371211394803,0.0002856679042082533,0.3330514182613628,0.33333708616557106
670.5,0.3333371211394803,0.0002856679042082533,0.3330514182613628,0.33333708616557106
671.0,0.3333371211394803,0.0002856679042082533,0.3330514182613628,0.33333708616557106
671.5,0.3333371211394803,0.0002856679042082533,0.3330514182613628,0.33333708616557106
672.0,0.3333371211394803,0.0002856679042082533,0.3330514182613628,0.33333708616557106
672.5,0.3333371211394803,0.0002856679042082533,0.3330514182613628,0.33333708616557106
673.0,0.3333371211394803,0.0002856679042082533,0.3330514182613628,0.33333708616557106
673.5,0.3333371211394803,0.0002856679042082533,0.3330514182613628,0.33333708616557106
674.0,0.3333371211394803,0.0002856679042082533,0.3330514182613628,0.33333708616557106
674.5,0.3333371211394803,0.0002856679042082533,0.3330514182613628,0.33333708616557106
675.0,0.3333371211394803,0.0002856679042082533,0.3330514182613628,0.33333708616557106
675.5,0.3333371211394803,0.0002856679042082533,0.3330514182613628,0.33333708616557106
676.0,0.3333371211394803,0.0002856679042082533,0.3330514182613628,0.33333708616557106
676.5,0.3333371211394803,0.0002856679042082533,0.3330514182613628,0.33333708616557106
677.0,0.3333371211394803,0.0002856679042082533,0.3330514182613628,0.33333708616557106
677.5,0.3333371211394803,0.0002856679042082533,0.3330514182613628,0.33333708616557106
678.0,0.3333371211394803,0.0002856679042082533,0.3330514182613628,0.33333708616557106
678.5,0.3333371211394803,0.0002856679042082533,0.3330514182613628,0.33333708616557106
679.0,0.3333371211394803,0.0002856679042082533,0.3330514182613628,0.33333708616557106
679.5,0.3333371211394803,0.0002856679042082533,0.3330514182613628,0.33333708616557106
680.0,0.3333371211394803,0.0002856679042082533,0.3330514182613628,0.33333708616557106
680.5,0.3333371211394803,0.0002856679042082533,0.3330514182613628,0.33333708616557106
681.0,0.3333371211394803,0.0002856679042082533,0.3330514182613628,0.33333708616557106
681.5,0.3333371211394803,0.0002856679042082533,0.3330514182613628,0.33333708616557106
682.0,0.3333371211394803,0.0002856679042082533,0.3330514182613628,0.33333708616557106
682.5,0.3333371211394803,0.0002856679042082533,0.3330514182613628,0.33333708616557106
683.0,0.3333371211394803,0.0002856679042082533,0.3330514182613628,0.33333708616557106
683.5,0.3333371211394803,0.0002856679042082533,0.3330514182613628,0.33333708616557106
684.0,0.3333371211394803,0.0002856679042082533,0.3330514182613628,0.33333708616557106
684.5,0.3333371211394803,0.0002856679042082533,0.3330514182613628,0.33333708616557106
685.0,0.3333371211394803,0.0002856679042082533,0.3330514182613628,0.33333708616557106
685.5,0.3333371211394803,0.0002856679042082533,0.3330514182613628,0.33333708616557106
686.0,0.3333371211394803,0.0002856679042082533,0.3330514182613628,0.33333708616557106
686.5,0.3333371211394803,0.0002856679042082533,0.3330514182613628,0.33333708616557106
687.0,0.3333371211394803,0.0002856679042082533,0.3330514182613628,0.33333708616557106
687.5,0.3333371211394803,0.0002856679042082533,0.3330514182613628,0.33333708616557106
688.0,0.3333371211394803,0.0002856679042082533,0.3330514182613628,0.33333708616557106
688.5,0.3333371211394803,0.0002856679042082533,0.3330514182613628,0.33333708616557106
689.0,0.3333371211394803,0.0002856679042082533,0.3330514182613628,0.33333708616557106
689.5,0.3333371211394803,0.0002856679042082533,0.3330514182613628,0.33333708616557106
690.0,0.3333371211394803,0.0002856679042082533,0.3330514182613628,0.33333708616557106
690.5,0.3333371211394803,0.0002856679042082533,0.3330514182613628,0.33333708616557106
691.0,0.3333371211394803,0.0002856679042082533,0.3330514182613628,0.33333708616557106
691.5,0.3333371211394803,0.0002856679042082533,0.3330514182613628,0.33333708616557106
692.0,0.3333371211394803,0.0002856679042082533,0.3330514182613628,0.33333708616557106
692.5,0.3333371211394803,0.0002856679042082533,0.3330514182613628,0.33333708616557106
693.0,0.3333371211394803,0.0002856679042082533,0.3330514182613628,0.33333708616557106
693.5,0.3333371211394803,0.0002856679042082533,0.3330514182613628,0.33333708616557106
694.0,0.3333371211394803,0.0002856679042082533,0.3330514182613628,0.33333708616557106
694.5,0.3333371211394803,0.0002856679042082533,0.3330514182613628,0.33333708616557106
695.0,0.3333371211394803,0.0002856679042082533,0.3330514182613628,0.33333708616557106
695.5,0.3333371211394803,0.0002856679042082533,0.3330514182613628,0.33333708616557106
696.0,0.3333371211394803,0.0002856679042082533,0.3330514182613628,0.33333708616557106
696.5,0.3333371211394803,0.0002856679042082533,0.3330514182613628,0.33333708616557106
697.0,0.3333371211394803,0.0002856679042082533,0.3330514182613628,0.33333708616557106
697.5,0.3333371211394803,0.0002856679042082533,0.3330514182613628,0.33333708616557106
698.0,0.3333371211394803,0.0002856679042082533,0.3330514182613628,0.33333708616557106
698.5,0.3333371211394803,0.0002856679042082533,0.3330514182613628,0.33333708616557106
699.0,0.3333371211394803,0.0002856679042082533,0.3330514182613628,0.33333708616557106
699.5,0.3333371211394803,0.0002856679042082533,0.3330514182613628,0.33333708616557106
700.0,0.3333371211394803,0.0002856679042082533,0.3330514182613628,0.33333708616557106
700.5,0.3333371211394803,0.0002856679042082533,0.3330514182613628,0.33333708616557106
701.0,0.3333371211394803,0.0002856679042082533,0.3330514182613628,0.33333708616557106
701.5,0.3333371211394803,0.0002856679042082533,0.3330514182613628,0.33333708616557106
702.0,0.3333371211394803,0.0002856679042082533,0.3330514182613628,0.33333708616557106
702.5,0.3333371211394803,0.0002856679042082533,0.3330514182613628,0.33333708616557106
703.0,0.3333371211394803,0.0002856679042082533,0.3330514182613628,0.33333708616557106
703.5,0.3333371211394803,0.0002856679042082533,0.3330514182613628,0.33333708616557106
704.0,0.3333371211394803,0.0002856679042082533,0.3330514182613628,0.33333708616557106
704.5,0.3333371211394803,0.0002856679042082533,0.3330514182613628,0.33333708616557106
705.0,0.3333371211394803,0.0002856679042082533,0.3330514182613628,0.33333708616557106
705.5,0.3333371211394803,0.0002856679042082533,0.3330514182613628,0.33333708616557106
706.0,0.3333371211394803,0.0002856679042082533,0.3330514182613628,0.33333708616557106
706.5,0.3333371211394803,0.0002856679042082533,0.3330514182613628,0.33333708616557106
707.0,0.3333371211394803,0.0002856679042082533,0.3330514182613628,0.33333708616557106
707.5,0.3333371211394803,0.0002856679042082533,0.3330514182613628,0.33333708616557106
708.0,0.3333371211394803,0.0002856679042082533,0.3330514182613628,0.33333708616557106
708.5,0.3333371211394803,0.0002856679042082533,0.3330514182613628,0.33333708616557106
709.0,0.3333371211394803,0.0002856679042082533,0.3330514182613628,0.33333708616557106
709.5,0.3333371211394803,0.0002856679042082533,0.3330514182613628,0.33333708616557106
710.0,0.3333371211394803,0.0002856679042082533,0.3330514182613628,0.33333708616557106
710.5,0.3333371211394803,0.0002856679042082533,0.3330514182613628,0.33333708616557106
711.0,0.3333371211394803,0.0002856679042082533,0.3330514182613628,0.33333708616557106
711.5,0.3333371211394803,0.0002856679042082533,0.3330514182613628,0.33333708616557106
712.0,0.3333371211394803,0.0002856679042082533,0.3330514182613628,0.33333708616557106
712.5,0.3333371211394803,0.0002856679042082533,0.3330514182613628,0.33333708616557106
713.0,0.3333371211394803,0.0002856679042082533,0.3330514182613628,0.33333708616557106
713.5,0.3333371211394803,0.0002856679042082533,0.3330514182613628,0.33333708616557106
714.0,0.3333371211394803,0.0002856679042082533,0.3330514182613628,0.33333708616557106
714.5,0.3333371211394803,0.0002856679042082533,0.3330514182613628,0.33333708616557106
715.0,0.3333371211394803,0.0002856679042082533,0.3330514182613628,0.33333708616557106
715.5,0.3333371211394803,0.0002856679042082533,0.3330514182613628,0.33333708616557106
716.0,0.3333371211394803,0.0002856679042082533,0.3330514182613628,0.33333708616557106
716.5,0.3333371211394803,0.0002856679042082533,0.3330514182613628,0.33333708616557106
717.0,0.3333371211394803,0.0002856679042082533,0.3330514182613628,0.33333708616557106
717.5,0.3333371211394803,0.0002856679042082533,0.3330514182613628,0.33333708616557106
718.0,0.3333371211394803,0.0002856679042082533,0.3330514182613628,0.33333708616557106
718.5,0.3333371211394803,0.0002856679042082533,0.3330514182613628,0.33333708616557106
719.0,0.3333371211394803,0.0002856679042082533,0.3330514182613628,0.33333708616557106
719.5,0.3333371211394803,0.0002856679042082533,0.3330514182613628,0.33333708616557106
720.0,0.3333371211394803,0.0002856679042082533,0.3330514182613628,0.33333708616557106
720.5,0.3333371211394803,0.0002856679042082533,0.3330514182613628,0.33333708616557106
721.0,0.3333371211394803,0.0002856679042082533,0.3330514182613628,0.33333708616557106
721.5,0.3333371211394803,0.0002856679042082533,0.3330514182613628,0.33333708616557106
722.0,0.3333371211394803,0.0002856679042082533,0.3330514182613628,0.33333708616557106
722.5,0.3333371211394803,0.0002856679042082533,0.3330514182613628,0.33333708616557106
723.0,0.3333371211394803,0.0002856679042082533,0.3330514182613628,0.33333708616557106
723.5,0.3333371211394803,0.0002856679042082533,0.3330514182613628,0.33333708616557106
724.0,0.3333371211394803,0.0002856679042082533,0.3330514182613628,0.33333708616557106
724.5,0.3333371211394803,0.0002856679042082533,0.3330514182613628,0.33333708616557106
725.0,0.3333371211394803,0.0002856679042082533,0.3330514182613628,0.33333708616557106
725.5,0.3333371211394803,0.0002856679042082533,0.3330514182613628,0.33333708616557106
726.0,0.3333371211394803,0.0002856679042082533,0.3330514182613628,0.33333708616557106
726.5,0.3333371211394803,0.0002856679042082533,0.3330514182613628,0.33333708616557106
727.0,0.3333371211394803,0.0002856679042082533,0.3330514182613628,0.33333708616557106
727.5,0.3333371211394803,0.0002856679042082533,0.3330514182613628,0.33333708616557106
728.0,0.3333371211394803,0.0002856679042082533,0.3330514182613628,0.33333708616557106
728.5,0.3333371211394803,0.0002856679042082533,0.3330514182613628,0.33333708616557106
729.0,0.3333371211394803,0.0002856679042082533,0.3330514182613628,0.33333708616557106
729.5,0.3333371211394803,0.0002856679042082533,0.3330514182613628,0.33333708616557106
730.0,0.3333371211394803,0.0002856679042082533,0.3330514182613628,0.33333708616557106
730.5,0.3333371211394803,0.0002856679042082533,0.3330514182613628,0.33333708616557106
731.0,0.3333371211394803,0.0002856679042082533,0.3330514182613628,0.33333708616557106
731.5,0.3333371211394803,0.0002856679042082533,0.3330514182613628,0.33333708616557106
732.0,0.3333371211394803,0.0002856679042082533,0.3330514182613628,0.33333708616557106
732.5,0.3333371211394803,0.0002856679042082533,0.3330514182613628,0.33333708616557106
733.0,0.3333371211394803,0.0002856679042082533,0.3330514182613628,0.33333708616557106
733.5,0.3333371211394803,0.0002856679042082533,0.3330514182613628,0.33333708616557106
734.0,0.3333371211394803,0.0002856679042082533,0.3330514182613628,0.33333708616557106
734.5,0.3333371211394803,0.0002856679042082533,0.3330514182613628,0.33333708616557106
735.0,0.3333371211394803,0.0002856679042082533,0.3330514182613628,0.33333708616557106
735.5,0.3333371211394803,0.0002856679042082533,0.3330514182613628,0.33333708616557106
736.0,0.3333371211394803,0.0002856679042082533,0.3330514182613628,0.33333708616557106
736.5,0.3333371211394803,0.0002856679042082533,0.3330514182613628,0.33333708616557106
737.0,0.3333371211394803,0.0002856679042082533,0.3330514182613628,0.33333708616557106
737.5,0.3333371211394803,0.0002856679042082533,0.3330514182613628,0.33333708616557106
738.0,0.3333371211394803,0.0002856679042082533,0.3330514182613628,0.33333708616557106
738.5,0.3333371211394803,0.0002856679042082533,0.3330514182613628,0.33333708616557106
739.0,0.3333371211394803,0.0002856679042082533,0.3330514182613628,0.33333708616557106
739.5,0.3333371211394803,0.0002856679042082533,0.3330514182613628,0.33333708616557106
740.0,0.3333371211394803,0.0002856679042082533,0.3330514182613628,0.33333708616557106
740.5,0.3333371211394803,0.0002856679042082533,0.3330514182613628,0.33333708616557106
741.0,0.3333371211394803,0.0002856679042082533,0.3330514182613628,0.33333708616557106
741.5,0.3333371211394803,0.0002856679042082533,0.3330514182613628,0.33333708616557106
742.0,0.3333371211394803,0.0002856679042082533,0.3330514182613628,0.33333708616557106
742.5,0.3333371211394803,0.0002856679042082533,0.3330514182613628,0.33333708616557106
743.0,0.3333371211394803,0.0002856679042082533,0.3330514182613628,0.33333708616557106
743.5,0.3333371211394803,0.0002856679042082533,0.3330514182613628,0.33333708616557106
744.0,0.3333371211394803,0.0002856679042082533,0.3330514182613628,0.33333708616557106
744.5,0.3333371211394803,0.0002856679042082533,0.3330514182613628,0.33333708616557106
745.0,0.3333371211394803,0.0002856679042082533,0.3330514182613628,0.33333708616557106
745.5,0.3333371211394803,0.0002856679042082533,0.3330514182613628,0.33333708616557106
746.0,0.3333371211394803,0.0002856679042082533,0.3330514182613628,0.33333708616557106
746.5,0.3333371211394803,0.0002856679042082533,0.3330514182613628,0.33333708616557106
747.0,0.3333371211394803,0.0002856679042082533,0.3330514182613628,0.33333708616557106
747.5,0.3333371211394803,0.0002856679042082533,0.3330514182613628,0.33333708616557106
748.0,0.3333371211394803,0.0002856679042082533,0.3330514182613628,0.33333708616557106
748.5,0.3333371211394803,0.0002856679042082533,0.3330514182613628,0.33333708616557106
749.0,0.3333371211394803,0.0002856679042082533,0.3330514182613628,0.33333708616557106
749.5,0.3333371211394803,0.0002856679042082533,0.3330514182613628,0.33333708616557106
750.0,0.3333371211394803,0.0002856679042082533,0.3330514182613628,0.33333708616557106
750.5,0.3333371211394803,0.0002856679042082533,0.3330514182613628,0.33333708616557106
751.0,0.3333371211394803,0.0002856679042082533,0.3330514182613628,0.33333708616557106
751.5,0.3333371211394803,0.0002856679042082533,0.3330514182613628,0.33333708616557106
752.0,0.3333371211394803,0.0002856679042082533,0.3330514182613628,0.33333708616557106
752.5,0.3333371211394803,0.0002856679042082533,0.3330514182613628,0.33333708616557106
753.0,0.3333371211394803,0.0002856679042082533,0.3330514182613628,0.33333708616557106
753.5,0.3333371211394803,0.0002856679042082533,0.3330514182613628,0.33333708616557106
754.0,0.3333371211394803,0.0002856679042082533,0.3330514182613628,0.33333708616557106
754.5,0.3333371211394803,0.0002856679042082533,0.3330514182613628,0.33333708616557106
755.0,0.3333371211394803,0.0002856679042082533,0.3330514182613628,0.33333708616557106
755.5,0.3333371211394803,0.0002856679042082533,0.3330514182613628,0.33333708616557106
756.0,0.3333371211394803,0.0002856679042082533,0.3330514182613628,0.33333708616557106
756.5,0.3333371211394803,0.0002856679042082533,0.3330514182613628,0.33333708616557106
757.0,0.3333371211394803,0.0002856679042082533,0.3330514182613628,0.33333708616557106
757.5,0.3333371211394803,0.0002856679042082533,0.3330514182613628,0.33333708616557106
758.0,0.3333371211394803,0.0002856679042082533,0.3330514182613628,0.33333708616557106
758.5,0.3333371211394803,0.0002856679042082533,0.3330514182613628,0.33333708616557106
759.0,0.3333371211394803,0.0002856679042082533,0.3330514182613628,0.33333708616557106
759.5,0.3333371211394803,0.0002856679042082533,0.3330514182613628,0.33333708616557106
760.0,0.3333371211394803,0.0002856679042082533,0.3330514182613628,0.33333708616557106
760.5,0.3333371211394803,0.0002856679042082533,0.3330514182613628,0.33333708616557106
761.0,0.3333371211394803,0.0002856679042082533,0.3330514182613628,0.33333708616557106
761.5,0.3333371211394803,0.0002856679042082533,0.3330514182613628,0.33333708616557106
762.0,0.3333371211394803,0.0002856679042082533,0.3330514182613628,0.33333708616557106
762.5,0.3333371211394803,0.0002856679042082533,0.3330514182613628,0.33333708616557106
763.0,0.3333371211394803,0.0002856679042082533,0.3330514182613628,0.33333708616557106
763.5,0.3333371211394803,0.0002856679042082533,0.3330514182613628,0.33333708616557106
764.0,0.3333371211394803,0.0002856679042082533,0.3330514182613628,0.33333708616557106
764.5,0.3333371211394803,0.0002856679042082533,0.3330514182613628,0.33333708616557106
765.0,0.3333371211394803,0.0002856679042082533,0.3330514182613628,0.33333708616557106
765.5,0.3333371211394803,0.0002856679042082533,0.3330514182613628,0.33333708616557106
766.0,0.3333371211394803,0.0002856679042082533,0.3330514182613628,0.33333708616557106
766.5,0.3333371211394803,0.0002856679042082533,0.3330514182613628,0.33333708616557106
767.0,0.3333371211394803,0.0002856679042082533,0.3330514182613628,0.33333708616557106
767.5,0.3333371211394803,0.0002856679042082533,0.3330514182613628,0.33333708616557106
768.0,0.3333371211394803,0.0002856679042082533,0.3330514182613628,0.33333708616557106
768.5,0.3333371211394803,0.0002856679042082533,0.3330514182613628,0.33333708616557106
769.0,0.3333371211394803,0.0002856679042082533,0.3330514182613628,0.33333708616557106
769.5,0.3333371211394803,0.0002856679042082533,0.3330514182613628,0.33333708616557106
770.0,0.3333371211394803,0.0002856679042082533,0.3330514182613628,0.33333708616557106
770.5,0.3333371211394803,0.0002856679042082533,0.3330514182613628,0.33333708616557106
771.0,0.3333371211394803,0.0002856679042082533,0.3330514182613628,0.33333708616557106
771.5,0.3333371211394803,0.0002856679042082533,0.3330514182613628,0.33333708616557106
772.0,0.3333371211394803,0.0002856679042082533,0.3330514182613628,0.33333708616557106
772.5,0.3333371211394803,0.0002856679042082533,0.3330514182613628,0.33333708616557106
773.0,0.3333371211394803,0.0002856679042082533,0.3330514182613628,0.33333708616557106
773.5,0.3333371211394803,0.0002856679042082533,0.3330514182613628,0.33333708616557106
774.0,0.3333371211394803,0.0002856679042082533,0.3330514182613628,0.33333708616557106
774.5,0.3333371211394803,0.0002856679042082533,0.3330514182613628,0.33333708616557106
775.0,0.3333371211394803,0.0002856679042082533,0.3330514182613628,0.33333708616557106
775.5,0.3333371211394803,0.0002856679042082533,0.3330514182613628,0.33333708616557106
776.0,0.3333371211394803,0.0002856679042082533,0.3330514182613628,0.33333708616557106
776.5,0.3333371211394803,0.0002856679042082533,0.3330514182613628,0.33333708616557106
777.0,0.3333371211394803,0.0002856679042082533,0.3330514182613628,0.33333708616557106
777.5,0.3333371211394803,0.0002856679042082533,0.3330514182613628,0.33333708616557106
778.0,0.3333371211394803,0.0002856679042082533,0.3330514182613628,0.33333708616557106
778.5,0.3333371211394803,0.0002856679042082533,0.3330514182613628,0.33333708616557106
779.0,0.3333371211394803,0.0002856679042082533,0.3330514182613628,0.33333708616557106
779.5,0.3333371211394803,0.0002856679042082533,0.3330514182613628,0.33333708616557106
780.0,0.3333371211394803,0.0002856679042082533,0.3330514182613628,0.33333708616557106
780.5,0.3333371211394803,0.0002856679042082533,0.3330514182613628,0.33333708616557106
781.0,0.3333371211394803,0.0002856679042082533,0.3330514182613628,0.33333708616557106
781.5,0.3333371211394803,0.0002856679042082533,0.3330514182613628,0.33333708616557106
782.0,0.3333371211394803,0.0002856679042082533,0.3330514182613628,0.33333708616557106
782.5,0.3333371211394803,0.0002856679042082533,0.3330514182613628,0.33333708616557106
783.0,0.3333371211394803,0.0002856679042082533,0.3330514182613628,0.33333708616557106
783.5,0.3333371211394803,0.0002856679042082533,0.3330514182613628,0.33333708616557106
784.0,0.3333371211394803,0.0002856679042082533,0.3330514182613628,0.33333708616557106
784.5,0.3333371211394803,0.0002856679042082533,0.3330514182613628,0.33333708616557106
785.0,0.3333371211394803,0.0002856679042082533,0.3330514182613628,0.33333708616557106
785.5,0.3333371211394803,0.0002856679042082533,0.3330514182613628,0.33333708616557106
786.0,0.3333371211394803,0.0002856679042082533,0.3330514182613628,0.33333708616557106
786.5,0.3333371211394803,0.0002856679042082533,0.3330514182613628,0.33333708616557106
787.0,0.3333371211394803,0.0002856679042082533,0.3330514182613628,0.33333708616557106
787.5,0.3333371211394803,0.0002856679042082533,0.3330514182613628,0.33333708616557106
788.0,0.3333371211394803,0.0002856679042082533,0.3330514182613628,0.33333708616557106
788.5,0.3333371211394803,0.0002856679042082533,0.3330514182613628,0.33333708616557106
789.0,0.3333371211394803,0.0002856679042082533,0.3330514182613628,0.33333708616557106
789.5,0.3333371211394803,0.0002856679042082533,0.3330514182613628,0.33333708616557106
790.0,0.3333371211394803,0.0002856679042082533,0.3330514182613628,0.33333708616557106
790.5,0.3333371211394803,0.0002856679042082533,0.3330514182613628,0.33333708616557106
791.0,0.3333371211394803,0.0002856679042082533,0.3330514182613628,0.33333708616557106
791.5,0.3333371211394803,0.0002856679042082533,0.3330514182613628,0.33333708616557106
792.0,0.3333371211394803,0.0002856679042082533,0.3330514182613628,0.33333708616557106
792.5,0.3333371211394803,0.0002856679042082533,0.3330514182613628,0.33333708616557106
793.0,0.3333371211394803,0.0002856679042082533,0.3330514182613628,0.33333708616557106
793.5,0.3333371211394803,0.0002856679042082533,0.3330514182613628,0.33333708616557106
794.0,0.3333371211394803,0.0002856679042082533,0.3330514182613628,0.33333708616557106
794.5,0.3333371211394803,0.0002856679042082533,0.3330514182613628,0.33333708616557106
795.0,0.3333371211394803,0.0002856679042082533,0.3330514182613628,0.33333708616557106
795.5,0.3333371211394803,0.0002856679042082533,0.3330514182613628,0.33333708616557106
796.0,0.3333371211394803,0.0002856679042082533,0.3330514182613628,0.33333708616557106
796.5,0.3333371211394803,0.0002856679042082533,0.3330514182613628,0.33333708616557106
797.0,0.3333371211394803,0.0002856679042082533,0.3330514182613628,0.33333708616557106
797.5,0.3333371211394803,0.0002856679042082533,0.3330514182613628,0.33333708616557106
798.0,0.3333371211394803,0.0002856679042082533,0.3330514182613628,0.33333708616557106
798.5,0.3333371211394803,0.0002856679042082533,0.3330514182613628,0.33333708616557106
799.0,0.33333714418901056,0.0002856679042082533,0.33305144186408125,0.3333371097682895
799.5,0.33333714418901056,0.0002856679042082533,0.33305144186408125,0.3333371097682895
800.0,0.33333714418901056,0.0002856679042082533,0.33305144186408125,0.3333371097682895
800.5,0.33333714418901056,0.0002856679042082533,0.33305144186408125,0.3333371097682895
801.0,0.33333714418901056,0.0002856679042082533,0.33305144186408125,0.3333371097682895
801.5,0.33333714418901056,0.0002856679042082533,0.33305144186408125,0.3333371097682895
802.0,0.33333714418901056,0.0002856679042082533,0.33305144186408125,0.3333371097682895
802.5,0.33333714418901056,0.0002856679042082533,0.33305144186408125,0.3333371097682895
803.0,0.33333714418901056,0.0002856679042082533,0.33305144186408125,0.3333371097682895
803.5,0.33333714418901056,0.0002856679042082533,0.33305144186408125,0.3333371097682895
804.0,0.33333714418901056,0.0002856679042082533,0.33305144186408125,0.3333371097682895
804.5,0.33333714418901056,0.0002856679042082533,0.33305144186408125,0.3333371097682895
805.0,0.33333714418901056,0.0002856679042082533,0.33305144186408125,0.3333371097682895
805.5,0.33333714418901056,0.0002856679042082533,0.33305144186408125,0.3333371097682895
806.0,0.33333714418901056,0.0002856679042082533,0.33305144186408125,0.3333371097682895
806.5,0.33333714418901056,0.0002856679042082533,0.33305144186408125,0.3333371097682895
807.0,0.33333714418901056,0.0002856679042082533,0.33305144186408125,0.3333371097682895
807.5,0.33333714418901056,0.0002856679042082533,0.33305144186408125,0.3333371097682895
808.0,0.33333714418901056,0.0002856679042082533,0.33305144186408125,0.3333371097682895
808.5,0.33333714418901056,0.0002856679042082533,0.33305144186408125,0.3333371097682895
809.0,0.33333714418901056,0.0002856679042082533,0.33305144186408125,0.3333371097682895
809.5,0.33333714418901056,0.0002856679042082533,0.33305144186408125,0.3333371097682895
810.0,0.33333714418901056,0.0002856679042082533,0.33305144186408125,0.3333371097682895
810.5,0.33333714418901056,0.0002856679042082533,0.33305144186408125,0.3333371097682895
811.0,0.33333714418901056,0.0002856679042082533,0.33305144186408125,0.3333371097682895
811.5,0.33333714418901056,0.0002856679042082533,0.33305144186408125,0.3333371097682895
812.0,0.33333714418901056,0.0002856679042082533,0.33305144186408125,0.3333371097682895
812.5,0.33333714418901056,0.0002856679042082533,0.33305144186408125,0.3333371097682895
813.0,0.33333714418901056,0.0002856679042082533,0.33305144186408125,0.3333371097682895
813.5,0.33333714418901056,0.0002856679042082533,0.33305144186408125,0.3333371097682895
814.0,0.33333714418901056,0.0002856679042082533,0.33305144186408125,0.3333371097682895
814.5,0.33333714418901056,0.0002856679042082533,0.33305144186408125,0.3333371097682895
815.0,0.33333714418901056,0.0002856679042082533,0.33305144186408125,0.3333371097682895
815.5,0.33333714418901056,0.0002856679042082533,0.33305144186408125,0.3333371097682895
816.0,0.33333714418901056,0.0002856679042082533,0.33305144186408125,0.3333371097682895
816.5,0.33333714418901056,0.0002856679042082533,0.33305144186408125,0.3333371097682895
817.0,0.33333714418901056,0.0002856679042082533,0.33305144186408125,0.3333371097682895
817.5,0.33333714418901056,0.0002856679042082533,0.33305144186408125,0.3333371097682895
818.0,0.33333714418901056,0.0002856679042082533,0.33305144186408125,0.3333371097682895
818.5,0.33333714418901056,0.0002856679042082533,0.33305144186408125,0.3333371097682895
819.0,0.33333714418901056,0.0002856679042082533,0.33305144186408125,0.3333371097682895
819.5,0.33333714418901056,0.0002856679042082533,0.33305144186408125,0.3333371097682895
820.0,0.33333714418901056,0.0002856679042082533,0.33305144186408125,0.3333371097682895
820.5,0.33333714418901056,0.0002856679042082533,0.33305144186408125,0.3333371097682895
821.0,0.33333714418901056,0.0002856679042082533,0.33305144186408125,0.3333371097682895
821.5,0.33333714418901056,0.0002856679042082533,0.33305144186408125,0.3333371097682895
822.0,0.33333714418901056,0.0002856679042082533,0.33305144186408125,0.3333371097682895
822.5,0.33333714418901056,0.0002856679042082533,0.33305144186408125,0.3333371097682895
823.0,0.33333714418901056,0.0002856679042082533,0.33305144186408125,0.3333371097682895
823.5,0.33333714418901056,0.0002856679042082533,0.33305144186408125,0.3333371097682895
824.0,0.33333714418901056,0.0002856679042082533,0.33305144186408125,0.3333371097682895
824.5,0.33333714418901056,0.0002856679042082533,0.33305144186408125,0.3333371097682895
825.0,0.33333714418901056,0.0002856679042082533,0.33305144186408125,0.3333371097682895
825.5,0.33333714418901056,0.0002856679042082533,0.33305144186408125,0.3333371097682895
826.0,0.33333714418901056,0.0002856679042082533,0.33305144186408125,0.3333371097682895
826.5,0.33333714418901056,0.0002856679042082533,0.33305144186408125,0.3333371097682895
827.0,0.33333714418901056,0.0002856679042082533,0.33305144186408125,0.3333371097682895
827.5,0.33333714418901056,0.0002856679042082533,0.33305144186408125,0.3333371097682895
828.0,0.33333714418901056,0.0002856679042082533,0.33305144186408125,0.3333371097682895
828.5,0.33333714418901056,0.0002856679042082533,0.33305144186408125,0.3333371097682895
829.0,0.33333714418901056,0.0002856679042082533,0.33305144186408125,0.3333371097682895
829.5,0.33333714418901056,0.0002856679042082533,0.33305144186408125,0.3333371097682895
830.0,0.33333714418901056,0.0002856679042082533,0.33305144186408125,0.3333371097682895
830.5,0.33333714418901056,0.0002856679042082533,0.33305144186408125,0.3333371097682895
831.0,0.33333714418901056,0.0002856679042082533,0.33305144186408125,0.3333371097682895
831.5,0.33333714418901056,0.0002856679042082533,0.33305144186408125,0.3333371097682895
832.0,0.33333714418901056,0.0002856679042082533,0.33305144186408125,0.3333371097682895
832.5,0.33333714418901056,0.0002856679042082533,0.33305144186408125,0.3333371097682895
833.0,0.33333714418901056,0.0002856679042082533,0.33305144186408125,0.3333371097682895
833.5,0.33333714418901056,0.0002856679042082533,0.33305144186408125,0.3333371097682895
834.0,0.33333714418901056,0.0002856679042082533,0.33305144186408125,0.3333371097682895
834.5,0.33333714418901056,0.0002856679042082533,0.33305144186408125,0.3333371097682895
835.0,0.33333714418901056,0.0002856679042082533,0.33305144186408125,0.3333371097682895
835.5,0.33333714418901056,0.0002856679042082533,0.33305144186408125,0.3333371097682895
836.0,0.33333714418901056,0.0002856679042082533,0.33305144186408125,0.3333371097682895
836.5,0.33333714418901056,0.0002856679042082533,0.33305144186408125,0.3333371097682895
837.0,0.33333714418901056,0.0002856679042082533,0.33305144186408125,0.3333371097682895
837.5,0.33333714418901056,0.0002856679042082533,0.33305144186408125,0.3333371097682895
838.0,0.33333714418901056,0.0002856679042082533,0.33305144186408125,0.3333371097682895
838.5,0.33333714418901056,0.0002856679042082533,0.33305144186408125,0.3333371097682895
839.0,0.33333714418901056,0.0002856679042082533,0.33305144186408125,0.3333371097682895
839.5,0.33333714418901056,0.0002856679042082533,0.33305144186408125,0.3333371097682895
840.0,0.33333714418901056,0.0002856679042082533,0.33305144186408125,0.3333371097682895
840.5,0.33333714418901056,0.0002856679042082533,0.33305144186408125,0.3333371097682895
841.0,0.33333714418901056,0.0002856679042082533,0.33305144186408125,0.3333371097682895
841.5,0.33333714418901056,0.0002856679042082533,0.33305144186408125,0.3333371097682895
842.0,0.33333714418901056,0.0002856679042082533,0.33305144186408125,0.3333371097682895
842.5,0.33333714418901056,0.0002856679042082533,0.33305144186408125,0.3333371097682895
843.0,0.33333714418901056,0.0002856679042082533,0.33305144186408125,0.3333371097682895
843.5,0.33333714418901056,0.0002856679042082533,0.33305144186408125,0.3333371097682895
844.0,0.33333714418901056,0.0002856679042082533,0.33305144186408125,0.3333371097682895
844.5,0.33333714418901056,0.0002856679042082533,0.33305144186408125,0.3333371097682895
845.0,0.33333714418901056,0.0002856679042082533,0.33305144186408125,0.3333371097682895
845.5,0.33333714418901056,0.0002856679042082533,0.33305144186408125,0.3333371097682895
846.0,0.33333714418901056,0.0002856679042082533,0.33305144186408125,0.3333371097682895
846.5,0.33333714418901056,0.0002856679042082533,0.33305144186408125,0.3333371097682895
847.0,0.33333714418901056,0.0002856679042082533,0.33305144186408125,0.3333371097682895
847.5,0.33333714418901056,0.0002856679042082533,0.33305144186408125,0.3333371097682895
848.0,0.33333714418901056,0.0002856679042082533,0.33305144186408125,0.3333371097682895
848.5,0.33333714418901056,0.0002856679042082533,0.33305144186408125,0.3333371097682895
849.0,0.33333714418901056,0.0002856679042082533,0.33305144186408125,0.3333371097682895
849.5,0.33333714418901056,0.0002856679042082533,0.33305144186408125,0.3333371097682895
850.0,0.33333714418901056,0.0002856679042082533,0.33305144186408125,0.3333371097682895
850.5,0.33333714418901056,0.0002856679042082533,0.33305144186408125,0.3333371097682895
851.0,0.33333714418901056,0.0002856679042082533,0.33305144186408125,0.3333371097682895
851.5,0.33333714418901056,0.0002856679042082533,0.33305144186408125,0.3333371097682895
852.0,0.33333714418901056,0.0002856679042082533,0.33305144186408125,0.3333371097682895
852.5,0.33333714418901056,0.0002856679042082533,0.33305144186408125,0.3333371097682895
853.0,0.33333714418901056,0.0002856679042082533,0.33305144186408125,0.3333371097682895
853.5,0.33333714418901056,0.0002856679042082533,0.33305144186408125,0.3333371097682895
854.0,0.33333714418901056,0.0002856679042082533,0.33305144186408125,0.3333371097682895
854.5,0.33333714418901056,0.0002856679042082533,0.33305144186408125,0.3333371097682895
855.0,0.33333714418901056,0.0002856679042082533,0.33305144186408125,0.3333371097682895
855.5,0.33333714418901056,0.0002856679042082533,0.33305144186408125,0.3333371097682895
856.0,0.33333714418901056,0.0002856679042082533,0.33305144186408125,0.3333371097682895
856.5,0.33333714418901056,0.0002856679042082533,0.33305144186408125,0.3333371097682895
857.0,0.33333714418901056,0.0002856679042082533,0.33305144186408125,0.3333371097682895
857.5,0.33333714418901056,0.0002856679042082533,0.33305144186408125,0.3333371097682895
858.0,0.33333714418901056,0.0002856679042082533,0.33305144186408125,0.3333371097682895
858.5,0.33333714418901056,0.0002856679042082533,0.33305144186408125,0.3333371097682895
859.0,0.33333714418901056,0.0002856679042082533,0.33305144186408125,0.3333371097682895
859.5,0.33333714418901056,0.0002856679042082533,0.33305144186408125,0.3333371097682895
860.0,0.33333714418901056,0.0002856679042082533,0.33305144186408125,0.3333371097682895
860.5,0.33333714418901056,0.0002856679042082533,0.33305144186408125,0.3333371097682895
861.0,0.33333714418901056,0.0002856679042082533,0.33305144186408125,0.3333371097682895
861.5,0.33333714418901056,0.0002856679042082533,0.33305144186408125,0.3333371097682895
862.0,0.33333714418901056,0.0002856679042082533,0.33305144186408125,0.3333371097682895
862.5,0.33333714418901056,0.0002856679042082533,0.33305144186408125,0.3333371097682895
863.0,0.33333714418901056,0.0002856679042082533,0.33305144186408125,0.3333371097682895
863.5,0.33333714418901056,0.0002856679042082533,0.33305144186408125,0.3333371097682895
864.0,0.33333714418901056,0.0002856679042082533,0.33305144186408125,0.3333371097682895
864.5,0.33333714418901056,0.0002856679042082533,0.33305144186408125,0.3333371097682895
865.0,0.33333714418901056,0.0002856679042082533,0.33305144186408125,0.3333371097682895
865.5,0.33333714418901056,0.0002856679042082533,0.33305144186408125,0.3333371097682895
866.0,0.33333714418901056,0.0002856679042082533,0.33305144186408125,0.3333371097682895
866.5,0.33333714418901056,0.0002856679042082533,0.33305144186408125,0.3333371097682895
867.0,0.33333714418901056,0.0002856679042082533,0.33305144186408125,0.3333371097682895
867.5,0.33333714418901056,0.0002856679042082533,0.33305144186408125,0.3333371097682895
868.0,0.33333714418901056,0.0002856679042082533,0.33305144186408125,0.3333371097682895
868.5,0.33333714418901056,0.0002856679042082533,0.33305144186408125,0.3333371097682895
869.0,0.33333714418901056,0.0002856679042082533,0.33305144186408125,0.3333371097682895
869.5,0.33333714418901056,0.0002856679042082533,0.33305144186408125,0.3333371097682895
870.0,0.33333714418901056,0.0002856679042082533,0.33305144186408125,0.3333371097682895
870.5,0.33333714418901056,0.0002856679042082533,0.33305144186408125,0.3333371097682895
871.0,0.33333714418901056,0.0002856679042082533,0.33305144186408125,0.3333371097682895
871.5,0.33333714418901056,0.0002856679042082533,0.33305144186408125,0.3333371097682895
872.0,0.33333714418901056,0.0002856679042082533,0.33305144186408125,0.3333371097682895
872.5,0.33333714418901056,0.0002856679042082533,0.33305144186408125,0.3333371097682895
873.0,0.33333714418901056,0.0002856679042082533,0.33305144186408125,0.3333371097682895
873.5,0.33333714418901056,0.0002856679042082533,0.33305144186408125,0.3333371097682895
874.0,0.33333714418901056,0.0002856679042082533,0.33305144186408125,0.3333371097682895
874.5,0.33333714418901056,0.0002856679042082533,0.33305144186408125,0.3333371097682895
875.0,0.33333714418901056,0.0002856679042082533,0.33305144186408125,0.3333371097682895
875.5,0.33333714418901056,0.0002856679042082533,0.33305144186408125,0.3333371097682895
876.0,0.33333714418901056,0.0002856679042082533,0.33305144186408125,0.3333371097682895
876.5,0.33333714418901056,0.0002856679042082533,0.33305144186408125,0.3333371097682895
877.0,0.33333714418901056,0.0002856679042082533,0.33305144186408125,0.3333371097682895
877.5,0.33333714418901056,0.0002856679042082533,0.33305144186408125,0.3333371097682895
878.0,0.33333714418901056,0.0002856679042082533,0.33305144186408125,0.3333371097682895
878.5,0.33333714418901056,0.0002856679042082533,0.33305144186408125,0.3333371097682895
879.0,0.33333714418901056,0.0002856679042082533,0.33305144186408125,0.3333371097682895
879.5,0.33333714418901056,0.0002856679042082533,0.33305144186408125,0.3333371097682895
880.0,0.33333714418901056,0.0002856679042082533,0.33305144186408125,0.3333371097682895
880.5,0.33333714418901056,0.0002856679042082533,0.33305144186408125,0.3333371097682895
881.0,0.33333714418901056,0.0002856679042082533,0.33305144186408125,0.3333371097682895
881.5,0.33333714418901056,0.0002856679042082533,0.33305144186408125,0.3333371097682895
882.0,0.33333714418901056,0.0002856679042082533,0.33305144186408125,0.3333371097682895
882.5,0.33333714418901056,0.0002856679042082533,0.33305144186408125,0.3333371097682895
883.0,0.33333714418901056,0.0002856679042082533,0.33305144186408125,0.3333371097682895
883.5,0.33333714418901056,0.0002856679042082533,0.33305144186408125,0.3333371097682895
884.0,0.33333714418901056,0.0002856679042082533,0.33305144186408125,0.3333371097682895
884.5,0.33333714418901056,0.0002856679042082533,0.33305144186408125,0.3333371097682895
885.0,0.33333714418901056,0.0002856679042082533,0.33305144186408125,0.3333371097682895
885.5,0.33333714418901056,0.0002856679042082533,0.33305144186408125,0.3333371097682895
886.0,0.33333714418901056,0.0002856679042082533,0.33305144186408125,0.3333371097682895
886.5,0.33333714418901056,0.0002856679042082533,0.33305144186408125,0.3333371097682895
887.0,0.33333714418901056,0.0002856679042082533,0.33305144186408125,0.3333371097682895
887.5,0.33333714418901056,0.0002856679042082533,0.33305144186408125,0.3333371097682895
888.0,0.33333714418901056,0.0002856679042082533,0.33305144186408125,0.3333371097682895
888.5,0.33333714418901056,0.0002856679042082533,0.33305144186408125,0.3333371097682895
889.0,0.33333714418901056,0.0002856679042082533,0.33305144186408125,0.3333371097682895
889.5,0.33333714418901056,0.0002856679042082533,0.33305144186408125,0.3333371097682895
890.0,0.33333714418901056,0.0002856679042082533,0.33305144186408125,0.3333371097682895
890.5,0.33333714418901056,0.0002856679042082533,0.33305144186408125,0.3333371097682895
891.0,0.33333714418901056,0.0002856679042082533,0.33305144186408125,0.3333371097682895
891.5,0.33333714418901056,0.0002856679042082533,0.33305144186408125,0.3333371097682895
892.0,0.33333714418901056,0.0002856679042082533,0.33305144186408125,0.3333371097682895
892.5,0.33333714418901056,0.0002856679042082533,0.33305144186408125,0.3333371097682895
893.0,0.33333714418901056,0.0002856679042082533,0.33305144186408125,0.3333371097682895
893.5,0.33333714418901056,0.0002856679042082533,0.33305144186408125,0.3333371097682895
894.0,0.33333714418901056,0.0002856679042082533,0.33305144186408125,0.3333371097682895
894.5,0.33333714418901056,0.0002856679042082533,0.33305144186408125,0.3333371097682895
895.0,0.33333714418901056,0.0002856679042082533,0.33305144186408125,0.3333371097682895
895.5,0.33333714418901056,0.0002856679042082533,0.33305144186408125,0.3333371097682895
896.0,0.33333714418901056,0.0002856679042082533,0.33305144186408125,0.3333371097682895
896.5,0.33333714418901056,0.0002856679042082533,0.33305144186408125,0.3333371097682895
897.0,0.33333714418901056,0.0002856679042082533,0.33305144186408125,0.3333371097682895
897.5,0.33333714418901056,0.0002856679042082533,0.33305144186408125,0.3333371097682895
898.0,0.33333714418901056,0.0002856679042082533,0.33305144186408125,0.3333371097682895
898.5,0.33333714418901056,0.0002856679042082533,0.33305144186408125,0.3333371097682895
899.0,0.33333714418901056,0.0002856679042082533,0.33305144186408125,0.3333371097682895
899.5,0.33333714418901056,0.0002856679042082533,0.33305144186408125,0.3333371097682895
900.0,0.33333714418901056,0.0002856679042082533,0.33305144186408125,0.3333371097682895
900.5,0.33333714418901056,0.0002856679042082533,0.33305144186408125,0.3333371097682895
901.0,0.33333714418901056,0.0002856679042082533,0.33305144186408125,0.3333371097682895
901.5,0.33333714418901056,0.0002856679042082533,0.33305144186408125,0.3333371097682895
902.0,0.33333714418901056,0.0002856679042082533,0.33305144186408125,0.3333371097682895
902.5,0.33333714418901056,0.0002856679042082533,0.33305144186408125,0.3333371097682895
903.0,0.33333714418901056,0.0002856679042082533,0.33305144186408125,0.3333371097682895
903.5,0.33333714418901056,0.0002856679042082533,0.33305144186408125,0.3333371097682895
904.0,0.33333714418901056,0.0002856679042082533,0.33305144186408125,0.3333371097682895
904.5,0.33333714418901056,0.0002856679042082533,0.33305144186408125,0.3333371097682895
905.0,0.33333714418901056,0.0002856679042082533,0.33305144186408125,0.3333371097682895
905.5,0.33333714418901056,0.0002856679042082533,0.33305144186408125,0.3333371097682895
906.0,0.33333714418901056,0.0002856679042082533,0.33305144186408125,0.3333371097682895
906.5,0.33333714418901056,0.0002856679042082533,0.33305144186408125,0.3333371097682895
907.0,0.33333714418901056,0.0002856679042082533,0.33305144186408125,0.3333371097682895
907.5,0.33333714418901056,0.0002856679042082533,0.33305144186408125,0.3333371097682895
908.0,0.33333714418901056,0.0002856679042082533,0.33305144186408125,0.3333371097682895
908.5,0.33333714418901056,0.0002856679042082533,0.33305144186408125,0.3333371097682895
909.0,0.33333714418901056,0.0002856679042082533,0.33305144186408125,0.3333371097682895
909.5,0.33333714418901056,0.0002856679042082533,0.33305144186408125,0.3333371097682895
910.0,0.33333714418901056,0.0002856679042082533,0.33305144186408125,0.3333371097682895
910.5,0.33333714418901056,0.0002856679042082533,0.33305144186408125,0.3333371097682895
911.0,0.33333714418901056,0.0002856679042082533,0.33305144186408125,0.3333371097682895
911.5,0.33333714418901056,0.0002856679042082533,0.33305144186408125,0.3333371097682895
912.0,0.33333714418901056,0.0002856679042082533,0.33305144186408125,0.3333371097682895
912.5,0.33333714418901056,0.0002856679042082533,0.33305144186408125,0.3333371097682895
913.0,0.33333714418901056,0.0002856679042082533,0.33305144186408125,0.3333371097682895
913.5,0.33333714418901056,0.0002856679042082533,0.33305144186408125,0.3333371097682895
914.0,0.33333714418901056,0.0002856679042082533,0.33305144186408125,0.3333371097682895
914.5,0.33333714418901056,0.0002856679042082533,0.33305144186408125,0.3333371097682895
915.0,0.33333714418901056,0.0002856679042082533,0.33305144186408125,0.3333371097682895
915.5,0.33333714418901056,0.0002856679042082533,0.33305144186408125,0.3333371097682895
916.0,0.33333714418901056,0.0002856679042082533,0.33305144186408125,0.3333371097682895
916.5,0.33333714418901056,0.0002856679042082533,0.33305144186408125,0.3333371097682895
917.0,0.33333714418901056,0.0002856679042082533,0.33305144186408125,0.3333371097682895
917.5,0.33333714418901056,0.0002856679042082533,0.33305144186408125,0.3333371097682895
918.0,0.33333714418901056,0.0002856679042082533,0.33305144186408125,0.3333371097682895
918.5,0.33333714418901056,0.0002856679042082533,0.33305144186408125,0.3333371097682895
919.0,0.33333714418901056,0.0002856679042082533,0.33305144186408125,0.3333371097682895
919.5,0.33333714418901056,0.0002856679042082533,0.33305144186408125,0.3333371097682895
920.0,0.33333714418901056,0.0002856679042082533,0.33305144186408125,0.3333371097682895
920.5,0.33333714418901056,0.0002856679042082533,0.33305144186408125,0.3333371097682895
921.0,0.33333714418901056,0.0002856679042082533,0.33305144186408125,0.3333371097682895
921.5,0.33333714418901056,0.0002856679042082533,0.33305144186408125,0.3333371097682895
922.0,0.33333714418901056,0.0002856679042082533,0.33305144186408125,0.3333371097682895
922.5,0.33333714418901056,0.0002856679042082533,0.33305144186408125,0.3333371097682895
923.0,0.33333714418901056,0.0002856679042082533,0.33305144186408125,0.3333371097682895
923.5,0.33333714418901056,0.0002856679042082533,0.33305144186408125,0.3333371097682895
924.0,0.33333714418901056,0.0002856679042082533,0.33305144186408125,0.3333371097682895
924.5,0.33333714418901056,0.0002856679042082533,0.33305144186408125,0.3333371097682895
925.0,0.33333714418901056,0.0002856679042082533,0.33305144186408125,0.3333371097682895
925.5,0.33333714418901056,0.0002856679042082533,0.33305144186408125,0.3333371097682895
926.0,0.33333714418901056,0.0002856679042082533,0.33305144186408125,0.3333371097682895
926.5,0.33333714418901056,0.0002856679042082533,0.33305144186408125,0.3333371097682895
927.0,0.33333714418901056,0.0002856679042082533,0.33305144186408125,0.3333371097682895
927.5,0.33333714418901056,0.0002856679042082533,0.33305144186408125,0.3333371097682895
928.0,0.33333714418901056,0.0002856679042082533,0.33305144186408125,0.3333371097682895
928.5,0.33333714418901056,0.0002856679042082533,0.33305144186408125,0.3333371097682895
929.0,0.33333714418901056,0.0002856679042082533,0.33305144186408125,0.3333371097682895
929.5,0.33333714418901056,0.0002856679042082533,0.33305144186408125,0.3333371097682895
930.0,0.33333714418901056,0.0002856679042082533,0.33305144186408125,0.3333371097682895
930.5,0.33333714418901056,0.0002856679042082533,0.33305144186408125,0.3333371097682895
931.0,0.33333714418901056,0.0002856679042082533,0.33305144186408125,0.3333371097682895
931.5,0.33333714418901056,0.0002856679042082533,0.33305144186408125,0.3333371097682895
932.0,0.33333714418901056,0.0002856679042082533,0.33305144186408125,0.3333371097682895
932.5,0.33333714418901056,0.0002856679042082533,0.33305144186408125,0.3333371097682895
933.0,0.33333714418901056,0.0002856679042082533,0.33305144186408125,0.3333371097682895
933.5,0.33333714418901056,0.0002856679042082533,0.33305144186408125,0.3333371097682895
934.0,0.33333714418901056,0.0002856679042082533,0.33305144186408125,0.3333371097682895
934.5,0.33333714418901056,0.0002856679042082533,0.33305144186408125,0.3333371097682895
935.0,0.33333714418901056,0.0002856679042082533,0.33305144186408125,0.3333371097682895
935.5,0.33333714418901056,0.0002856679042082533,0.33305144186408125,0.3333371097682895
936.0,0.33333714418901056,0.0002856679042082533,0.33305144186408125,0.3333371097682895
936.5,0.33333714418901056,0.0002856679042082533,0.33305144186408125,0.3333371097682895
937.0,0.33333714418901056,0.0002856679042082533,0.33305144186408125,0.3333371097682895
937.5,0.33333714418901056,0.0002856679042082533,0.33305144186408125,0.3333371097682895
938.0,0.33333714418901056,0.0002856679042082533,0.33305144186408125,0.3333371097682895
938.5,0.33333714418901056,0.0002856679042082533,0.33305144186408125,0.3333371097682895
939.0,0.33333714418901056,0.0002856679042082533,0.33305144186408125,0.3333371097682895
939.5,0.33333714418901056,0.0002856679042082533,0.33305144186408125,0.3333371097682895
940.0,0.33333714418901056,0.0002856679042082533,0.33305144186408125,0.3333371097682895
940.5,0.33333714418901056,0.0002856679042082533,0.33305144186408125,0.3333371097682895
941.0,0.33333714418901056,0.0002856679042082533,0.33305144186408125,0.3333371097682895
941.5,0.33333714418901056,0.0002856679042082533,0.33305144186408125,0.3333371097682895
942.0,0.33333714418901056,0.0002856679042082533,0.33305144186408125,0.3333371097682895
942.5,0.33333714418901056,0.0002856679042082533,0.33305144186408125,0.3333371097682895
943.0,0.33333714418901056,0.0002856679042082533,0.33305144186408125,0.3333371097682895
943.5,0.33333714418901056,0.0002856679042082533,0.33305144186408125,0.3333371097682895
944.0,0.33333714418901056,0.0002856679042082533,0.33305144186408125,0.3333371097682895
944.5,0.33333714418901056,0.0002856679042082533,0.33305144186408125,0.3333371097682895
945.0,0.33333714418901056,0.0002856679042082533,0.33305144186408125,0.3333371097682895
945.5,0.33333714418901056,0.0002856679042082533,0.33305144186408125,0.3333371097682895
946.0,0.33333714418901056,0.0002856679042082533,0.33305144186408125,0.3333371097682895
946.5,0.33333714418901056,0.0002856679042082533,0.33305144186408125,0.3333371097682895
947.0,0.33333714418901056,0.0002856679042082533,0.33305144186408125,0.3333371097682895
947.5,0.33333714418901056,0.0002856679042082533,0.33305144186408125,0.3333371097682895
948.0,0.33333714418901056,0.0002856679042082533,0.33305144186408125,0.3333371097682895
948.5,0.33333714418901056,0.0002856679042082533,0.33305144186408125,0.3333371097682895
949.0,0.33333714418901056,0.0002856679042082533,0.33305144186408125,0.3333371097682895
949.5,0.33333714418901056,0.0002856679042082533,0.33305144186408125,0.3333371097682895
950.0,0.33333714418901056,0.0002856679042082533,0.33305144186408125,0.3333371097682895
950.5,0.33333714418901056,0.0002856679042082533,0.33305144186408125,0.3333371097682895
951.0,0.33333714418901056,0.0002856679042082533,0.33305144186408125,0.3333371097682895
951.5,0.33333714418901056,0.0002856679042082533,0.33305144186408125,0.3333371097682895
952.0,0.33333714418901056,0.0002856679042082533,0.33305144186408125,0.3333371097682895
952.5,0.33333714418901056,0.0002856679042082533,0.33305144186408125,0.3333371097682895
953.0,0.33333714418901056,0.0002856679042082533,0.33305144186408125,0.3333371097682895
953.5,0.33333714418901056,0.0002856679042082533,0.33305144186408125,0.3333371097682895
954.0,0.33333714418901056,0.0002856679042082533,0.33305144186408125,0.3333371097682895
954.5,0.33333714418901056,0.0002856679042082533,0.33305144186408125,0.3333371097682895
955.0,0.33333714418901056,0.0002856679042082533,0.33305144186408125,0.3333371097682895
955.5,0.33333714418901056,0.0002856679042082533,0.33305144186408125,0.3333371097682895
956.0,0.33333714418901056,0.0002856679042082533,0.33305144186408125,0.3333371097682895
956.5,0.33333714418901056,0.0002856679042082533,0.33305144186408125,0.3333371097682895
957.0,0.33333714418901056,0.0002856679042082533,0.33305144186408125,0.3333371097682895
957.5,0.33333714418901056,0.0002856679042082533,0.33305144186408125,0.3333371097682895
958.0,0.33333714418901056,0.0002856679042082533,0.33305144186408125,0.3333371097682895
958.5,0.33333714418901056,0.0002856679042082533,0.33305144186408125,0.3333371097682895
959.0,0.33333714418901056,0.0002856679042082533,0.33305144186408125,0.3333371097682895
959.5,0.33333714418901056,0.0002856679042082533,0.33305144186408125,0.3333371097682895
960.0,0.33333714418901056,0.0002856679042082533,0.33305144186408125,0.3333371097682895
960.5,0.33333714418901056,0.0002856679042082533,0.33305144186408125,0.3333371097682895
961.0,0.33333714418901056,0.0002856679042082533,0.33305144186408125,0.3333371097682895
961.5,0.33333714418901056,0.0002856679042082533,0.33305144186408125,0.3333371097682895
962.0,0.33333714418901056,0.0002856679042082533,0.33305144186408125,0.3333371097682895
962.5,0.33333714418901056,0.0002856679042082533,0.33305144186408125,0.3333371097682895
963.0,0.33333714418901056,0.0002856679042082533,0.33305144186408125,0.3333371097682895
963.5,0.33333714418901056,0.0002856679042082533,0.33305144186408125,0.3333371097682895
964.0,0.33333714418901056,0.0002856679042082533,0.33305144186408125,0.3333371097682895
964.5,0.33333714418901056,0.0002856679042082533,0.33305144186408125,0.3333371097682895
965.0,0.33333714418901056,0.0002856679042082533,0.33305144186408125,0.3333371097682895
965.5,0.33333714418901056,0.0002856679042082533,0.33305144186408125,0.3333371097682895
966.0,0.33333714418901056,0.0002856679042082533,0.33305144186408125,0.3333371097682895
966.5,0.33333714418901056,0.0002856679042082533,0.33305144186408125,0.3333371097682895
967.0,0.33333714418901056,0.0002856679042082533,0.33305144186408125,0.3333371097682895
967.5,0.33333714418901056,0.0002856679042082533,0.33305144186408125,0.3333371097682895
968.0,0.33333714418901056,0.0002856679042082533,0.33305144186408125,0.3333371097682895
968.5,0.33333714418901056,0.0002856679042082533,0.33305144186408125,0.3333371097682895
969.0,0.33333714418901056,0.0002856679042082533,0.33305144186408125,0.3333371097682895
969.5,0.33333714418901056,0.0002856679042082533,0.33305144186408125,0.3333371097682895
970.0,0.33333714418901056,0.0002856679042082533,0.33305144186408125,0.3333371097682895
970.5,0.33333714418901056,0.0002856679042082533,0.33305144186408125,0.3333371097682895
971.0,0.33333714418901056,0.0002856679042082533,0.33305144186408125,0.3333371097682895
971.5,0.33333714418901056,0.0002856679042082533,0.33305144186408125,0.3333371097682895
972.0,0.33333714418901056,0.0002856679042082533,0.33305144186408125,0.3333371097682895
972.5,0.33333714418901056,0.0002856679042082533,0.33305144186408125,0.3333371097682895
973.0,0.33333714418901056,0.0002856679042082533,0.33305144186408125,0.3333371097682895
973.5,0.33333714418901056,0.0002856679042082533,0.33305144186408125,0.3333371097682895
974.0,0.33333714418901056,0.0002856679042082533,0.33305144186408125,0.3333371097682895
974.5,0.33333714418901056,0.0002856679042082533,0.33305144186408125,0.3333371097682895
975.0,0.33333714418901056,0.0002856679042082533,0.33305144186408125,0.3333371097682895
975.5,0.33333714418901056,0.0002856679042082533,0.33305144186408125,0.3333371097682895
976.0,0.33333714418901056,0.0002856679042082533,0.33305144186408125,0.3333371097682895
976.5,0.33333714418901056,0.0002856679042082533,0.33305144186408125,0.3333371097682895
977.0,0.33333714418901056,0.0002856679042082533,0.33305144186408125,0.3333371097682895
977.5,0.33333714418901056,0.0002856679042082533,0.33305144186408125,0.3333371097682895
978.0,0.33333714418901056,0.0002856679042082533,0.33305144186408125,0.3333371097682895
978.5,0.33333714418901056,0.0002856679042082533,0.33305144186408125,0.3333371097682895
979.0,0.33333714418901056,0.0002856679042082533,0.33305144186408125,0.3333371097682895
979.5,0.33333714418901056,0.0002856679042082533,0.33305144186408125,0.3333371097682895
980.0,0.33333714418901056,0.0002856679042082533,0.33305144186408125,0.3333371097682895
980.5,0.33333714418901056,0.0002856679042082533,0.33305144186408125,0.3333371097682895
981.0,0.33333714418901056,0.0002856679042082533,0.33305144186408125,0.3333371097682895
981.5,0.33333714418901056,0.0002856679042082533,0.33305144186408125,0.3333371097682895
982.0,0.33333714418901056,0.0002856679042082533,0.33305144186408125,0.3333371097682895
982.5,0.33333714418901056,0.0002856679042082533,0.33305144186408125,0.3333371097682895
983.0,0.33333714418901056,0.0002856679042082533,0.33305144186408125,0.3333371097682895
983.5,0.33333714418901056,0.0002856679042082533,0.33305144186408125,0.3333371097682895
984.0,0.33333714418901056,0.0002856679042082533,0.33305144186408125,0.3333371097682895
984.5,0.33333714418901056,0.0002856679042082533,0.33305144186408125,0.3333371097682895
985.0,0.33333714418901056,0.0002856679042082533,0.33305144186408125,0.3333371097682895
985.5,0.33333714418901056,0.0002856679042082533,0.33305144186408125,0.3333371097682895
986.0,0.33333714418901056,0.0002856679042082533,0.33305144186408125,0.3333371097682895
986.5,0.33333714418901056,0.0002856679042082533,0.33305144186408125,0.3333371097682895
987.0,0.33333714418901056,0.0002856679042082533,0.33305144186408125,0.3333371097682895
987.5,0.33333714418901056,0.0002856679042082533,0.33305144186408125,0.3333371097682895
988.0,0.33333714418901056,0.0002856679042082533,0.33305144186408125,0.3333371097682895
988.5,0.33333714418901056,0.0002856679042082533,0.33305144186408125,0.3333371097682895
989.0,0.33333714418901056,0.0002856679042082533,0.33305144186408125,0.3333371097682895
989.5,0.33333714418901056,0.0002856679042082533,0.33305144186408125,0.3333371097682895
990.0,0.33333714418901056,0.0002856679042082533,0.33305144186408125,0.3333371097682895
990.5,0.33333714418901056,0.0002856679042082533,0.33305144186408125,0.3333371097682895
991.0,0.33333714418901056,0.0002856679042082533,0.33305144186408125,0.3333371097682895
991.5,0.33333714418901056,0.0002856679042082533,0.33305144186408125,0.3333371097682895
992.0,0.33333714418901056,0.0002856679042082533,0.33305144186408125,0.3333371097682895
992.5,0.33333714418901056,0.0002856679042082533,0.33305144186408125,0.3333371097682895
993.0,0.33333714418901056,0.0002856679042082533,0.33305144186408125,0.3333371097682895
993.5,0.33333714418901056,0.0002856679042082533,0.33305144186408125,0.3333371097682895
994.0,0.33333714418901056,0.0002856679042082533,0.33305144186408125,0.3333371097682895
994.5,0.33333714418901056,0.0002856679042082533,0.33305144186408125,0.3333371097682895
995.0,0.33333714418901056,0.0002856679042082533,0.33305144186408125,0.3333371097682895
995.5,0.33333714418901056,0.0002856679042082533,0.33305144186408125,0.3333371097682895
996.0,0.33333714418901056,0.0002856679042082533,0.33305144186408125,0.3333371097682895
996.5,0.33333714418901056,0.0002856679042082533,0.33305144186408125,0.3333371097682895
997.0,0.33333714418901056,0.0002856679042082533,0.33305144186408125,0.3333371097682895
997.5,0.33333714418901056,0.0002856679042082533,0.33305144186408125,0.3333371097682895
998.0,0.33333714418901056,0.0002856679042082533,0.33305144186408125,0.3333371097682895
998.5,0.33333714418901056,0.0002856679042082533,0.33305144186408125,0.3333371097682895
999.0,0.33333714418901056,0.0002856679042082533,0.33305144186408125,0.3333371097682895
999.5,0.33333714418901056,0.0002856679042082533,0.33305144186408125,0.3333371097682895
1000.0,0.33333714418901056,0.0002856679042082533,0.33305144186408125,0.3333371097682895
1000.5,0.33333714418901056,0.0002856679042082533,0.33305144186408125,0.3333371097682895
1001.0,0.33333714418901056,0.0002856679042082533,0.33305144186408125,0.3333371097682895
1001.5,0.33333714418901056,0.0002856679042082533,0.33305144186408125,0.3333371097682895
1002.0,0.33333714418901056,0.0002856679042082533,0.33305144186408125,0.3333371097682895
1002.5,0.33333714418901056,0.0002856679042082533,0.33305144186408125,0.3333371097682895
1003.0,0.33333714418901056,0.0002856679042082533,0.33305144186408125,0.3333371097682895
1003.5,0.33333714418901056,0.0002856679042082533,0.33305144186408125,0.3333371097682895
1004.0,0.33333714418901056,0.0002856679042082533,0.33305144186408125,0.3333371097682895
1004.5,0.33333714418901056,0.0002856679042082533,0.33305144186408125,0.3333371097682895
1005.0,0.33333714418901056,0.0002856679042082533,0.33305144186408125,0.3333371097682895
1005.5,0.33333714418901056,0.0002856679042082533,0.33305144186408125,0.3333371097682895
1006.0,0.33333714418901056,0.0002856679042082533,0.33305144186408125,0.3333371097682895
1006.5,0.33333714418901056,0.0002856679042082533,0.33305144186408125,0.3333371097682895
1007.0,0.33333714418901056,0.0002856679042082533,0.33305144186408125,0.3333371097682895
1007.5,0.33333714418901056,0.0002856679042082533,0.33305144186408125,0.3333371097682895
1008.0,0.33333714418901056,0.0002856679042082533,0.33305144186408125,0.3333371097682895
1008.5,0.33333714418901056,0.0002856679042082533,0.33305144186408125,0.3333371097682895
1009.0,0.33333714418901056,0.0002856679042082533,0.33305144186408125,0.3333371097682895
1009.5,0.33333714418901056,0.0002856679042082533,0.33305144186408125,0.3333371097682895
1010.0,0.33333714418901056,0.0002856679042082533,0.33305144186408125,0.3333371097682895
1010.5,0.33333714418901056,0.0002856679042082533,0.33305144186408125,0.3333371097682895
1011.0,0.33333714418901056,0.0002856679042082533,0.33305144186408125,0.3333371097682895
1011.5,0.33333714418901056,0.0002856679042082533,0.33305144186408125,0.3333371097682895
1012.0,0.33333714418901056,0.0002856679042082533,0.33305144186408125,0.3333371097682895
1012.5,0.33333714418901056,0.0002856679042082533,0.33305144186408125,0.3333371097682895
1013.0,0.33333714418901056,0.0002856679042082533,0.33305144186408125,0.3333371097682895
1013.5,0.33333714418901056,0.0002856679042082533,0.33305144186408125,0.3333371097682895
1014.0,0.33333714418901056,0.0002856679042082533,0.33305144186408125,0.3333371097682895
1014.5,0.33333714418901056,0.0002856679042082533,0.33305144186408125,0.3333371097682895
1015.0,0.33333714418901056,0.0002856679042082533,0.33305144186408125,0.3333371097682895
1015.5,0.33333714418901056,0.0002856679042082533,0.33305144186408125,0.3333371097682895
1016.0,0.33333714418901056,0.0002856679042082533,0.33305144186408125,0.3333371097682895
1016.5,0.33333714418901056,0.0002856679042082533,0.33305144186408125,0.3333371097682895
1017.0,0.33333714418901056,0.0002856679042082533,0.33305144186408125,0.3333371097682895
1017.5,0.33333714418901056,0.0002856679042082533,0.33305144186408125,0.3333371097682895
1018.0,0.33333714418901056,0.0002856679042082533,0.33305144186408125,0.3333371097682895
1018.5,0.33333714418901056,0.0002856679042082533,0.33305144186408125,0.3333371097682895
1019.0,0.33333714418901056,0.0002856679042082533,0.33305144186408125,0.3333371097682895
1019.5,0.33333714418901056,0.0002856679042082533,0.33305144186408125,0.3333371097682895
1020.0,0.33333714418901056,0.0002856679042082533,0.33305144186408125,0.3333371097682895
1020.5,0.33333714418901056,0.0002856679042082533,0.33305144186408125,0.3333371097682895
1021.0,0.33333714418901056,0.0002856679042082533,0.33305144186408125,0.3333371097682895
1021.5,0.33333714418901056,0.0002856679042082533,0.33305144186408125,0.3333371097682895
1022.0,0.33333714418901056,0.0002856679042082533,0.33305144186408125,0.3333371097682895
1022.5,0.33333714418901056,0.0002856679042082533,0.33305144186408125,0.3333371097682895
1023.0,0.33333714418901056,0.0002856679042082533,0.33305144186408125,0.3333371097682895
1023.5,0.33333714418901056,0.0002856679042082533,0.33305144186408125,0.3333371097682895
1024.0,0.33333714418901056,0.0002856679042082533,0.33305144186408125,0.3333371097682895
1024.5,0.33333714418901056,0.0002856679042082533,0.33305144186408125,0.3333371097682895
1025.0,0.33333714418901056,0.0002856679042082533,0.33305144186408125,0.3333371097682895
1025.5,0.33333714418901056,0.0002856679042082533,0.33305144186408125,0.3333371097682895
1026.0,0.33333714418901056,0.0002856679042082533,0.33305144186408125,0.3333371097682895
1026.5,0.33333714418901056,0.0002856679042082533,0.33305144186408125,0.3333371097682895
1027.0,0.33333714418901056,0.0002856679042082533,0.33305144186408125,0.3333371097682895
1027.5,0.33333714418901056,0.0002856679042082533,0.33305144186408125,0.3333371097682895
1028.0,0.33333714418901056,0.0002856679042082533,0.33305144186408125,0.3333371097682895
1028.5,0.33333714418901056,0.0002856679042082533,0.33305144186408125,0.3333371097682895
1029.0,0.33333714418901056,0.0002856679042082533,0.33305144186408125,0.3333371097682895
1029.5,0.33333714418901056,0.0002856679042082533,0.33305144186408125,0.3333371097682895
1030.0,0.33333714418901056,0.0002856679042082533,0.33305144186408125,0.3333371097682895
1030.5,0.33333714418901056,0.0002856679042082533,0.33305144186408125,0.3333371097682895
1031.0,0.33333714418901056,0.0002856679042082533,0.33305144186408125,0.3333371097682895
1031.5,0.33333714418901056,0.0002856679042082533,0.33305144186408125,0.3333371097682895
1032.0,0.33333714418901056,0.0002856679042082533,0.33305144186408125,0.3333371097682895
1032.5,0.33333714418901056,0.0002856679042082533,0.33305144186408125,0.3333371097682895
1033.0,0.33333714418901056,0.0002856679042082533,0.33305144186408125,0.3333371097682895
1033.5,0.33333714418901056,0.0002856679042082533,0.33305144186408125,0.3333371097682895
1034.0,0.33333714418901056,0.0002856679042082533,0.33305144186408125,0.3333371097682895
1034.5,0.33333714418901056,0.0002856679042082533,0.33305144186408125,0.3333371097682895
1035.0,0.33333714418901056,0.0002856679042082533,0.33305144186408125,0.3333371097682895
1035.5,0.33333714418901056,0.0002856679042082533,0.33305144186408125,0.3333371097682895
1036.0,0.33333714418901056,0.0002856679042082533,0.33305144186408125,0.3333371097682895
1036.5,0.33333714418901056,0.0002856679042082533,0.33305144186408125,0.3333371097682895
1037.0,0.33333714418901056,0.0002856679042082533,0.33305144186408125,0.3333371097682895
1037.5,0.33333714418901056,0.0002856679042082533,0.33305144186408125,0.3333371097682895
1038.0,0.33333714418901056,0.0002856679042082533,0.33305144186408125,0.3333371097682895
1038.5,0.33333714418901056,0.0002856679042082533,0.33305144186408125,0.3333371097682895
1039.0,0.33333714418901056,0.0002856679042082533,0.33305144186408125,0.3333371097682895
1039.5,0.33333714418901056,0.0002856679042082533,0.33305144186408125,0.3333371097682895
1040.0,0.33333714418901056,0.0002856679042082533,0.33305144186408125,0.3333371097682895
1040.5,0.33333714418901056,0.0002856679042082533,0.33305144186408125,0.3333371097682895
1041.0,0.33333714418901056,0.0002856679042082533,0.33305144186408125,0.3333371097682895
1041.5,0.33333714418901056,0.0002856679042082533,0.33305144186408125,0.3333371097682895
1042.0,0.33333714418901056,0.0002856679042082533,0.33305144186408125,0.3333371097682895
1042.5,0.33333714418901056,0.0002856679042082533,0.33305144186408125,0.3333371097682895
1043.0,0.33333714418901056,0.0002856679042082533,0.33305144186408125,0.3333371097682895
1043.5,0.33333714418901056,0.0002856679042082533,0.33305144186408125,0.3333371097682895
1044.0,0.33333714418901056,0.0002856679042082533,0.33305144186408125,0.3333371097682895
1044.5,0.33333714418901056,0.0002856679042082533,0.33305144186408125,0.3333371097682895
1045.0,0.33333714418901056,0.0002856679042082533,0.33305144186408125,0.3333371097682895
1045.5,0.33333714418901056,0.0002856679042082533,0.33305144186408125,0.3333371097682895
1046.0,0.33333714418901056,0.0002856679042082533,0.33305144186408125,0.3333371097682895
1046.5,0.33333714418901056,0.0002856679042082533,0.33305144186408125,0.3333371097682895
1047.0,0.33333714418901056,0.0002856679042082533,0.33305144186408125,0.3333371097682895
1047.5,0.33333714418901056,0.0002856679042082533,0.33305144186408125,0.3333371097682895
1048.0,0.33333714418901056,0.0002856679042082533,0.33305144186408125,0.3333371097682895
1048.5,0.33333714418901056,0.0002856679042082533,0.33305144186408125,0.3333371097682895
1049.0,0.33333714418901056,0.0002856679042082533,0.33305144186408125,0.3333371097682895
1049.5,0.33333714418901056,0.0002856679042082533,0.33305144186408125,0.3333371097682895
1050.0,0.33333714418901056,0.0002856679042082533,0.33305144186408125,0.3333371097682895
1050.5,0.33333714418901056,0.0002856679042082533,0.33305144186408125,0.3333371097682895
1051.0,0.33333714418901056,0.0002856679042082533,0.33305144186408125,0.3333371097682895
1051.5,0.33333714418901056,0.0002856679042082533,0.33305144186408125,0.3333371097682895
1052.0,0.33333714418901056,0.0002856679042082533,0.33305144186408125,0.3333371097682895
1052.5,0.33333714418901056,0.0002856679042082533,0.33305144186408125,0.3333371097682895
1053.0,0.33333714418901056,0.0002856679042082533,0.33305144186408125,0.3333371097682895
1053.5,0.33333714418901056,0.0002856679042082533,0.33305144186408125,0.3333371097682895
1054.0,0.33333714418901056,0.0002856679042082533,0.33305144186408125,0.3333371097682895
1054.5,0.33333714418901056,0.0002856679042082533,0.33305144186408125,0.3333371097682895
1055.0,0.33333714418901056,0.0002856679042082533,0.33305144186408125,0.3333371097682895
1055.5,0.33333714418901056,0.0002856679042082533,0.33305144186408125,0.3333371097682895
1056.0,0.33333714418901056,0.0002856679042082533,0.33305144186408125,0.3333371097682895
1056.5,0.33333714418901056,0.0002856679042082533,0.33305144186408125,0.3333371097682895
1057.0,0.33333714418901056,0.0002856679042082533,0.33305144186408125,0.3333371097682895
1057.5,0.33333714418901056,0.0002856679042082533,0.33305144186408125,0.3333371097682895
1058.0,0.33333714418901056,0.0002856679042082533,0.33305144186408125,0.3333371097682895
1058.5,0.33333714418901056,0.0002856679042082533,0.33305144186408125,0.3333371097682895
1059.0,0.33333714418901056,0.0002856679042082533,0.33305144186408125,0.3333371097682895
1059.5,0.33333714418901056,0.0002856679042082533,0.33305144186408125,0.3333371097682895
1060.0,0.33333714418901056,0.0002856679042082533,0.33305144186408125,0.3333371097682895
1060.5,0.33333714418901056,0.0002856679042082533,0.33305144186408125,0.3333371097682895
1061.0,0.33333714418901056,0.0002856679042082533,0.33305144186408125,0.3333371097682895
1061.5,0.33333714418901056,0.0002856679042082533,0.33305144186408125,0.3333371097682895
1062.0,0.33333714418901056,0.0002856679042082533,0.33305144186408125,0.3333371097682895
1062.5,0.33333714418901056,0.0002856679042082533,0.33305144186408125,0.3333371097682895
1063.0,0.33333714418901056,0.0002856679042082533,0.33305144186408125,0.3333371097682895
1063.5,0.33333714418901056,0.0002856679042082533,0.33305144186408125,0.3333371097682895
1064.0,0.33333714418901056,0.0002856679042082533,0.33305144186408125,0.3333371097682895
1064.5,0.33333714418901056,0.0002856679042082533,0.33305144186408125,0.3333371097682895
1065.0,0.33333714418901056,0.0002856679042082533,0.33305144186408125,0.3333371097682895
1065.5,0.33333714418901056,0.0002856679042082533,0.33305144186408125,0.3333371097682895
1066.0,0.33333714418901056,0.0002856679042082533,0.33305144186408125,0.3333371097682895
1066.5,0.33333714418901056,0.0002856679042082533,0.33305144186408125,0.3333371097682895
1067.0,0.33333714418901056,0.0002856679042082533,0.33305144186408125,0.3333371097682895
1067.5,0.33333714418901056,0.0002856679042082533,0.33305144186408125,0.3333371097682895
1068.0,0.33333714418901056,0.0002856679042082533,0.33305144186408125,0.3333371097682895
1068.5,0.33333714418901056,0.0002856679042082533,0.33305144186408125,0.3333371097682895
1069.0,0.33333714418901056,0.0002856679042082533,0.33305144186408125,0.3333371097682895
1069.5,0.33333714418901056,0.0002856679042082533,0.33305144186408125,0.3333371097682895
1070.0,0.33333714418901056,0.0002856679042082533,0.33305144186408125,0.3333371097682895
1070.5,0.33333714418901056,0.0002856679042082533,0.33305144186408125,0.3333371097682895
1071.0,0.33333714418901056,0.0002856679042082533,0.33305144186408125,0.3333371097682895
1071.5,0.33333714418901056,0.0002856679042082533,0.33305144186408125,0.3333371097682895
1072.0,0.33333714418901056,0.0002856679042082533,0.33305144186408125,0.3333371097682895
1072.5,0.33333714418901056,0.0002856679042082533,0.33305144186408125,0.3333371097682895
