time_ns,X01,X02,X03,X04,X05,X06,X07,X08,X09,X10,X11,X12,X13,X14,X15,X16,X_guard,Y01,Y02,Y03,Y04,Y05,Y06,Y07,Y08,Y09,Y10,Y11,Y12,Y13,Y14,Y15,Y16,Y_guard
0.0,0.0,0.0,0.0,0.0,0.0,0.0,0.0,0.0,0.0,0.0,0.0,0.0,0.0,0.0,0.0,0.0,0.0,0.0,0.0,0.0,0.0,0.0,0.0,0.0,0.0,0.0,0.0,0.0,0.0,0.0,0.0,0.0,0.0,0.0
0.5,-4.7327889619448594e-8,-5.220934826728756e-8,-1.5080876247830735e-7,-6.283302453777041e-7,-2.337971546059739e-6,-6.9014442482473625e-6,-2.2467484647053606e-5,-7.618699796790443e-5,-0.00024813391110688177,0.0001774865604959586,0.004588864361051347,-0.00026510574846469383,-0.00014152412733282568,-2.0008745217791497e-5,-3.0686994423678993e-6,-7.483376481280497e-7,0.00220149647433232,-0.0024687973754283525,-0.0008227819762561256,-0.00021041823928089661,-5.301060520810303e-5,-1.3619230840681542e-5,-3.6915667844638002e-6,-1.0911014607722035e-6,-3.677178193601214e-7,-1.5215715569277995e-7,-6.339737506769035e-8,-3.024530675725764e-8,-1.5009206966243774e-8,-6.8522381833757994e-9,-2.921224167564141e-9,-1.825471098887438e-9,-1.5806710515847449e-9,-0.0024531723149233352
1.0,-9.036532728412271e-8,-9.908489204149726e-8,-2.8720580929822747e-7,-1.2033036734143504e-6,-4.492975838955075e-6,-1.3289299267386383e-5,-4.3293382421000845e-5,-0.00014648143078265234,-0.00046966906940828997,0.0004530011076941591,0.008865016464740487,-0.00043420155963148595,-0.0002701773879391189,-3.857514187918689e-5,-5.911536278411341e-6,-1.4366772661711513e-6,0.004436768433838813,-0.004961492431848071,-0.0016226752286951347,-0.00040942164886393934,-0.0001026829001226454,-2.6364515330136003e-5,-7.153860099185989e-6,-2.119289232794972e-6,-7.165191600836386e-7,-2.973994698791886e-7,-1.2425426490467007e-7,-5.937180863630049e-8,-2.9486562863092173e-8,-1.3480553825282466e-8,-5.7556300591628185e-9,-3.5935324055140592e-9,-3.098670774150191e-9,-0.0048983197918111105
1.5,-1.3281500056312838e-7,-1.4522825686044406e-7,-4.2163211573759417e-7,-1.7710078262873107e-6,-6.623202484675044e-6,-1.9607913548132443e-5,-6.389827819209084e-5,-0.000215982967633135,-0.0006876062500512852,0.0007420341143795371,0.013098849270639102,-0.0005901328926720288,-0.0003970951021978142,-5.694829332684462e-5,-8.72410935127483e-6,-2.1168861884252363e-6,0.006678012202513542,-0.007458305791065412,-0.002419694852973039,-0.0006069262312258119,-0.00015191522249642455,-3.8994552168061e-5,-1.0585889299020306e-5,-3.139178896058362e-6,-1.062835486510099e-6,-4.41735608607328e-7,-1.8477764770563052e-7,-8.835173349157877e-8,-4.389441248206731e-8,-2.0079742968057808e-8,-8.578848616386062e-9,-5.3541427592279495e-9,-4.608409310418661e-9,-0.007343184191654816
2.0,-1.7526539923972098e-7,-1.9137124798972485e-7,-5.560613017855634e-7,-2.3387811776937134e-6,-8.753808974949614e-6,-2.5928003595314716e-5,-8.450880128991568e-5,-0.0002855066086230321,-0.0009056245992551037,0.0010309727170316114,0.017333555077498054,-0.0007461232901339804,-0.0005240578125610812,-7.532817224361386e-5,-1.1537489242108927e-5,-2.797239310926901e-6,0.008921167281459105,-0.00995611136053264,-0.003217059679982165,-0.000804528188849504,-0.00020117263149278762,-5.163094788519637e-5,-1.4019554644102777e-5,-4.159512766425884e-6,-1.4092844068227487e-6,-5.861179090000892e-7,-2.4531831914907904e-7,-1.1733976411534715e-7,-5.830585886407756e-8,-2.668066454711553e-8,-1.1402742425340306e-8,-7.115192060913466e-9,-6.118474481680101e-9,-0.009788838758209321
2.5,-2.177190292328371e-7,-2.3751642630263892e-7,-6.905099196961639e-7,-2.9066582829367898e-6,-1.08848762026006e-5,-3.2249660852992645e-5,-0.00010512522745348536,-0.0003550509356660065,-0.0011237181745627136,0.0013199703390864806,0.02156939319253328,-0.0009022080466106219,-0.0006510736448887252,-9.371552425028695e-5,-1.435197490264642e-5,-3.477770925198437e-6,0.011165691646564403,-0.012454884289974892,-0.004014760705999737,-0.0010022209490173893,-0.00025045399039173415,-6.427324948173995e-5,-1.7454811115819522e-5,-5.180278534120303e-6,-1.7558671519993114e-6,-7.305491407573493e-7,-3.0587809272898286e-7,-1.4633643356492333e-7,-7.272172357684445e-8,-3.328356860480567e-8,-1.4227548476714456e-8,-8.876747973129615e-9,-7.628972762012137e-9,-0.01223539081585011
3.0,-2.601766379218087e-7,-2.8366518763999746e-7,-8.249729576315224e-7,-3.474616105147719e-6,-1.3016416125697311e-5,-3.8573023190671224e-5,-0.00012574791683171092,-0.0004246166015319594,-0.0013418854903598566,0.0016089915508950225,0.025806481744587603,-0.001058357809965704,-0.000778136656723714,-0.00011210978661419042,-1.7167451676105084e-5,-4.158481207093803e-6,0.013411490218516923,-0.014954660594283273,-0.004812807114822987,-0.0012000095087956087,-0.00029975896155366006,-7.692181992026614e-5,-2.0891610881893295e-5,-6.201516645552529e-6,-2.102582578989044e-6,-8.75027237595073e-7,-3.664580235691049e-7,-1.7534192868514027e-7,-8.714172635311852e-8,-3.988829439961748e-8,-1.705318639975314e-8,-1.0638821830213691e-8,-9.139820002546967e-9,-0.014682804349686085
3.5,-3.026342246290353e-7,-3.2981249818218214e-7,-9.594396005730705e-7,-4.0426658989799706e-6,-1.5148302129388215e-5,-4.489767418617208e-5,-0.0001463754907295423,-0.0004942047992141585,-0.0015601308684334654,0.0018979833205300875,0.030044610406696978,-0.0012145900474214123,-0.0009052549964351596,-0.00013051169651512654,-1.9983920265900764e-5,-4.839341316563485e-6,0.0156587992550023,-0.017455439553159962,-0.005611237082236483,-0.0013979064733960478,-0.0003490919793120324,-8.957721067879495e-5,-2.4330278920443036e-5,-7.223198612380964e-6,-2.449436227191701e-6,-1.0195557165924695e-6,-4.270545286450006e-7,-2.043544359820307e-7,-1.0156523521772932e-7,-4.6494666077590514e-8,-1.987943294235812e-8,-1.2401289984849746e-8,-1.0650977048301208e-8,-0.017130972755639573
4.0,-3.450950646345304e-7,-3.7596235860679356e-7,-1.093924268545566e-6,-4.610802212960771e-6,-1.728065942169316e-5,-5.122398524305972e-5,-0.0001670094347612375,-0.000563815146054386,-0.001778453138299579,0.002187033974512106,0.03428413068419857,-0.0013708754968787247,-0.001032422046286822,-0.000148920899431511,-2.2801425690647338e-5,-5.520374466330263e-6,0.017907194500603345,-0.019957209641839804,-0.006410032600794674,-0.0015959022988725645,-0.00039845079273615716,-0.00010223915164564311,-2.7770559188102307e-5,-8.245353274655126e-6,-2.7964266897755986e-6,-1.164128862495824e-6,-4.876690147883537e-7,-2.3337541724164096e-7,-1.1599236007940216e-7,-5.310274134080553e-8,-2.270649006181211e-8,-1.416419571359836e-8,-1.2162521522312096e-8,-0.019579978147662297
4.5,-3.875569817455334e-7,-4.2211364784483374e-7,-1.2284175533621244e-6,-5.179031026124774e-6,-1.9413455645483426e-5,-5.755177347321525e-5,-0.0001876488147905586,-0.000633446471568681,-0.0019968506792880977,0.002476143692915533,0.038525114606874584,-0.0015272022734235781,-0.0011596370859808791,-0.00016733720403423483,-2.5619899015592304e-5,-6.201568698324826e-6,0.020156723494976308,-0.0224599708603228,-0.007209197271986671,-0.0017940007667887248,-0.0004478343213793014,-0.00011490762593883042,-3.121256985873254e-5,-9.267957419652232e-6,-3.14355132893133e-6,-1.3087509837271674e-6,-5.483018776705753e-7,-2.6240343265966976e-7,-1.304231668833722e-7,-5.971239928966473e-8,-2.5534245101671688e-8,-1.5927541077248132e-8,-1.3674381983908192e-8,-0.02202972832763303
5.0,-4.3002250386272583e-7,-4.6826814641765235e-7,-1.3629267529621045e-6,-5.747337215031382e-6,-2.1546609204521353e-5,-6.388117674614367e-5,-0.00020829381089196105,-0.0007030995860920932,-0.0022153276331114986,0.0027653005908263055,0.04276756217472503,-0.0016836055816120252,-0.0012869036269692136,-0.00018576134187577354,-2.8439386666181224e-5,-6.882947225269955e-6,0.022407030410997095,-0.024963747698734894,-0.008008745141620002,-0.001992203137665717,-0.0004972466169167141,-0.00012758284176944606,-3.465628560936343e-5,-1.0291022302025754e-5,-3.490808386119291e-6,-1.4534169805216464e-6,-6.089502596648078e-7,-2.9143918565195896e-7,-1.4485747977567897e-7,-6.632370037396701e-8,-2.8362649976869543e-8,-1.7691297224758675e-8,-1.5186551563794164e-8,-0.024480246345082078
5.5,-4.724855200609817e-7,-5.144197873636134e-7,-1.4974393817143138e-6,-6.31571550406178e-6,-2.3680167931084186e-5,-7.021200936006276e-5,-0.00022894472694108854,-0.0007727744896246227,-0.0024338845399931477,0.0030544812585652057,0.04701145033821959,-0.0018400562493822725,-0.0014142248205547966,-0.00020419331295612716,-3.1260039173404255e-5,-7.564469952462663e-6,0.024658517174850417,-0.0274685632066064,-0.008808726630542213,-0.0021905256182045375,-0.0005466876793483953,-0.00014026533936085657,-3.8101934346727734e-5,-1.1314594347221253e-5,-3.838209291846911e-6,-1.5981284355649055e-6,-6.696155236392447e-7,-3.2048122542333475e-7,-1.5929468326746088e-7,-7.293628189491891e-8,-3.1191576918512525e-8,-1.945538035072696e-8,-1.6698957447439512e-8,-0.02693143423950564
6.0,-5.146481337312755e-7,-5.602433727463297e-7,-1.6306665180155337e-6,-6.877081440564729e-6,-2.578330814298186e-5,-7.644257426622051e-5,-0.0002492445428205761,-0.00084118621587033,-0.002648697338795734,0.0033102046326928267,0.05135477417545376,-0.0020122439839688673,-0.0015391599375675813,-0.0002222861813274395,-3.403280594377719e-5,-8.236830688315217e-6,0.026857557613683972,-0.029988424295385077,-0.009599998998497908,-0.0023853616772101364,-0.0005952056351024938,-0.00015271476433356362,-4.1487542321494696e-5,-1.2322077161866013e-5,-4.180941626632142e-6,-1.741243664209036e-6,-7.297071080311593e-7,-3.492799932221542e-7,-1.736194281515263e-7,-7.950051456761583e-8,-3.4001165419940775e-8,-2.1207189419798502e-8,-1.8200097686742654e-8,-0.029388030129977222
6.5,-5.565287655759659e-7,-6.057283513281731e-7,-1.7628979691926086e-6,-7.434311995333415e-6,-2.787100978398251e-5,-8.262708513038036e-5,-0.0002693917681083218,-0.0009090532168881051,-0.002861492043175366,0.0035633439383838113,0.055706110605660525,-0.002183357754502772,-0.0016630003819652914,-0.00024024221562186758,-3.678504703988481e-5,-8.904362474413437e-6,0.029047513656385717,-0.03251368473663791,-0.010388616348681493,-0.0025789962794485408,-0.0006433902280208207,-0.000165078530138713,-4.485077041783722e-5,-1.332346417482526e-5,-4.521852817802811e-6,-1.8837041885583603e-6,-7.895580802416693e-7,-3.7797377620657675e-7,-1.8789446131914315e-7,-8.604360629700327e-8,-3.680240360596513e-8,-2.2953574493276997e-8,-1.969572875119065e-8,-0.031845945606058815
7.0,-5.983928671483727e-7,-6.511953488425591e-7,-1.8950914359142232e-6,-7.991485573418912e-6,-2.9958674847359384e-5,-8.881205743533247e-5,-0.00028954259488517785,-0.000976935794346282,-0.0030743470724975954,0.0038166190202142537,0.060059267948761444,-0.0023544302879863637,-0.001786886745349158,-0.0002582050927456052,-3.9538106912032355e-5,-9.571917473234438e-6,0.031238270670265588,-0.0350401322287015,-0.011177729263766655,-0.002772766477751948,-0.0006916098454207452,-0.00017745069191535073,-4.821616222130928e-5,-1.432537593600253e-5,-4.862906450681456e-6,-2.0262014663854214e-6,-8.494206148500799e-7,-4.066709883432284e-7,-2.0217090131844368e-7,-9.258724207458089e-8,-3.960392205923897e-8,-2.4700117560548094e-8,-2.1191421639296618e-8,-0.03430458426115376
7.5,-6.402407022294366e-7,-6.966411119912191e-7,-2.027245159640773e-6,-8.548558563039022e-6,-3.2046224550538196e-5,-9.499740114384908e-5,-0.0003096956275741139,-0.0010448337681704058,-0.0032872627869113334,0.004070100107221805,0.0644143268781126,-0.0025254792317162826,-0.001910820828463736,-0.000276175330412712,-4.2292053088140635e-5,-1.0239518194085162e-5,0.03342969035814176,-0.037567812870636444,-0.011967328379881707,-0.0029666796551730337,-0.0007398654326931588,-0.0001898317898868434,-5.158383590577232e-5,-1.532786871866517e-5,-5.204094435985895e-6,-2.1687354976902196e-6,-9.09293964477059e-7,-4.353716296321091e-7,-2.1644870418593783e-7,-9.913158126800037e-8,-4.24057125366079e-8,-2.644678152741701e-8,-2.268713101371138e-8,-0.03676389135262757
8.0,-6.820767111316593e-7,-7.420732024944531e-7,-2.1593709225876094e-6,-9.10558512721357e-6,-3.413379676302394e-5,-0.0001011832963303857,-0.00032985253186384355,-0.0011127480387327533,-0.0035002390063421243,0.004323776394939135,0.06877137382945266,-0.0026964278739744804,-0.0020347963287030823,-0.00029415259098358385,-4.5046874313556174e-5,-1.0907150568648767e-5,0.03562136647204258,-0.040096726662442767,-0.012757396409878918,-0.0031607205053830797,-0.0007881534783861789,-0.00020222104748210157,-5.4953445390632145e-5,-1.633085248558543e-5,-5.545422049334942e-6,-2.3113068100346357e-6,-9.691795359542904e-7,-4.640771948318827e-7,-2.307281117208212e-7,-1.0567665684987929e-7,-4.5207829992434575e-8,-2.8193640582273316e-8,-2.418292556738824e-8,-0.03922394467264504
8.5,-7.238914417046659e-7,-7.874815087495344e-7,-2.2914504359428437e-6,-9.662499144853422e-6,-3.6221197342044274e-5,-0.00010736950664721947,-0.0003500122948355545,-0.0011806762650654035,-0.0037132818533214557,0.004577582336264435,0.0731301840698611,-0.002867388221072286,-0.002158819908822051,-0.0003121373921722804,-4.780260997956613e-5,-1.1574820927667834e-5,0.03781384643831282,-0.04262687936650302,-0.013548008264731785,-0.0033549156794015016,-0.0008364811404594121,-0.0002146200516072645,-5.832552527192856e-5,-1.7334428528644526e-5,-5.886893511223649e-6,-2.4539115346315406e-6,-1.0290730208597425e-6,-4.927840349728697e-7,-2.450082006898014e-7,-1.1222190828571867e-7,-4.801002163665082e-8,-2.9940535357465345e-8,-2.567865692354806e-8,-0.0416845857556853
9.0,-7.656906531656617e-7,-8.328702952150042e-7,-2.4234896787411316e-6,-1.0219344227740772e-5,-3.8308538834133894e-5,-0.00011355618965949897,-0.00037017518660093,-0.0012486204279873667,-0.003926392048147149,0.004831565470853961,0.07749103419370161,-0.003038301568737203,-0.002282894990235297,-0.0003301304092580098,-5.0559296663794274e-5,-1.2242533491637411e-5,0.04000665774158121,-0.04515828826996495,-0.014339163224142484,-0.003549264997153844,-0.0008848475185405812,-0.00022702839709480723,-6.169988422055259e-5,-1.833858700002068e-5,-6.228507414820331e-6,-2.596554243683905e-6,-1.0889761777330201e-6,-5.214943042660858e-7,-2.5928912496509376e-7,-1.1876757737471415e-7,-5.081245782778084e-8,-3.1687501573328804e-8,-2.7174402018298544e-8,-0.044145843413661255
9.5,-8.074711801433582e-7,-8.782375395703172e-7,-2.5554879475666315e-6,-1.077609364607363e-5,-4.0395756525035354e-5,-0.00011974314278346174,-0.0003903410495948215,-0.0013165815179081483,-0.004139564548734452,0.005085754970769508,0.08185412588436437,-0.003209108312324455,-0.0024070127492945,-0.0003481304492475043,-5.331681619237917e-5,-1.2910265047834719e-5,0.04219975140159584,-0.0476909418480634,-0.015130842560367641,-0.0037437601752151536,-0.0009332509919595862,-0.00023944617398195757,-6.507655037313789e-5,-1.934329413575348e-5,-6.5702605947537005e-6,-2.739229309864995e-6,-1.1488883910852618e-6,-5.502058924640053e-7,-2.7357057680226747e-7,-1.2531341132679758e-7,-5.361495446870976e-8,-3.34344705369104e-8,-2.867005369063253e-8,-0.046607683072277424
10.0,-8.492372870962965e-7,-9.235896604850303e-7,-2.6874522765777622e-6,-1.1332780460396562e-5,-4.248292638365956e-5,-0.00012593055734821677,-0.0004105095686869319,-0.0013845554831524991,-0.004352787110020387,0.0053402217853465465,0.08621947642899712,-0.003379862474170696,-0.0025311807491267915,-0.0003661377597431402,-5.607534863977634e-5,-1.3578061318289477e-5,0.044392917091392675,-0.050224822813650635,-0.015923034748642106,-0.003938400133138697,-0.0009816903902324665,-0.00025187227931267546,-6.845539992849632e-5,-2.0348552749506298e-5,-6.912143906617813e-6,-2.8819390192762963e-6,-1.20881071604023e-6,-5.789214813395254e-7,-2.8785334754414476e-7,-1.3185975085901734e-7,-5.641769840427058e-8,-3.518159886814367e-8,-3.0165746578738496e-8,-0.04907015659297701
10.5,-8.910574691420775e-7,-9.689990218638744e-7,-2.8195599265666707e-6,-1.188990550278897e-5,-4.4571373645452575e-5,-0.00013212124701713146,-0.00043068862213468983,-0.0014525667238091415,-0.0045661335625317165,0.005594930259842887,0.09058760444203172,-0.0035505572114466182,-0.0026554476098351607,-0.0003841635053611594,-5.883671725984787e-5,-1.4246552563595988e-5,0.04658627005862325,-0.05275940102752962,-0.01671640534415346,-0.00413345966454359,-0.0010302435955612322,-0.00026432764674241447,-7.184156500861004e-5,-2.1355724654348956e-5,-7.25457517942273e-6,-3.0248217689846936e-6,-1.2687923917068546e-6,-6.076615578790401e-7,-3.0214699924982565e-7,-1.384110362838751e-7,-5.9222437183195415e-8,-3.692993619535512e-8,-3.1662555040406156e-8,-0.051533119916195594
11.0,-9.290545860873789e-7,-1.0097265353263144e-6,-2.9385624118599466e-6,-1.2395942859419163e-5,-4.647741955212596e-5,-0.0001377836432521797,-0.00044914742430891515,-0.0015144297723683705,-0.004754272472462265,0.005903866355872946,0.09476803436740287,-0.003656663203167411,-0.0027668303233259034,-0.00040064702581422924,-6.136198013210585e-5,-1.485618337808779e-5,0.04877655743832315,-0.055331088985201095,-0.017480203392282352,-0.004315290566297456,-0.0010750697998842085,-0.00027581788261851515,-7.497546828585449e-5,-2.229385770114527e-5,-7.5762985932592896e-6,-3.160197313120898e-6,-1.3260074449404848e-6,-6.351863076977905e-7,-3.158654766143201e-7,-1.4471780776758073e-7,-6.193114321339831e-8,-3.861547717237226e-8,-3.309391560388189e-8,-0.0539948789014557
11.5,-9.663537386636e-7,-1.0496010691535256e-6,-3.055196671867659e-6,-1.2892849878422083e-5,-4.835115053502455e-5,-0.00014335324486937048,-0.00046730563719827244,-0.0015752245292202584,-0.0049380550211650005,0.006222491538056434,0.09891748572404291,-0.003751369041258475,-0.0028759885770676718,-0.0004168658818363063,-6.384638298494218e-5,-1.5455402231288462e-5,0.05096655669889421,-0.05791053887220308,-0.018239299336228847,-0.004494927801034242,-0.0011192738469633812,-0.00028714659170801907,-7.806694151951827e-5,-2.3220311231303433e-5,-7.894478901500429e-6,-3.2942662623308576e-6,-1.3827370533162554e-6,-6.624964717212851e-7,-3.294815630103346e-7,-1.5098104440519906e-7,-6.462274744594611e-8,-4.0289799216255443e-8,-3.451357363583239e-8,-0.05645688566916659
12.0,-1.004431220868833e-6,-1.0904538785627962e-6,-3.17440596141844e-6,-1.3398902710200797e-5,-5.025513402644961e-5,-0.00014900544438837518,-0.00048572360748970977,-0.001636950811230524,-0.0051263617604880895,0.006510704305596943,0.1031705274322602,-0.003869807612139653,-0.0029872495602264867,-0.0004333115416351042,-6.636709334987168e-5,-1.6064799511720765e-5,0.05312625158949561,-0.06048938370903453,-0.019001975160350973,-0.004676314639180809,-0.0011639961483255253,-0.0002986117972348032,-8.119438462567114e-5,-2.415667026334659e-5,-8.215665609049653e-6,-3.4294448500313428e-6,-1.439877544470649e-6,-6.899884247764089e-7,-3.431844333358379e-7,-1.572808806483389e-7,-6.732850242687496e-8,-4.197352944702343e-8,-3.594366200581289e-8,-0.058922165470180914
12.5,-1.0458904626607625e-6,-1.1355416909749324e-6,-3.3047221871121052e-6,-1.3944208959618364e-5,-5.228832093970653e-5,-0.00015500777617682144,-0.0005052345847075079,-0.0017025785863939728,-0.005333658791740856,0.00666965098539508,0.10785325848443991,-0.004088976592095597,-0.003107270085199362,-0.0004506940387887177,-6.903920131327523e-5,-1.6717297894446872e-5,0.055158303943645556,-0.0630610947162363,-0.01977795488524653,-0.0048646318228223176,-0.0012107977694254988,-0.00031062654498120447,-8.446714219009768e-5,-2.513334065045475e-5,-8.549167721158069e-6,-3.5692445281048917e-6,-1.4987410527296657e-6,-7.182505742148736e-7,-3.572576960655678e-7,-1.6373675430877264e-7,-7.009462477516924e-8,-4.369744780319363e-8,-3.741865633322866e-8,-0.06139948288839749
13.0,-1.087308378771983e-6,-1.180582550379625e-6,-3.434934658969097e-6,-1.4489223994877403e-5,-5.4320781927814654e-5,-0.00016100911755576234,-0.0005247446165344146,-0.0017682124840889093,-0.005541001201756411,0.006828845447644006,0.11253827144011991,-0.0043080097959120826,-0.0032273239239465072,-0.0004680827935296603,-7.171186075469879e-5,-1.7369651373509553e-5,0.05719038510970839,-0.06563428089337767,-0.020554552625673416,-0.0050531161155585435,-0.0012576398172407352,-0.0003226513543878077,-8.77422688590796e-5,-2.611054281993935e-5,-8.882780972969495e-6,-3.7090572193715147e-6,-1.5576020111062555e-6,-7.465089427931881e-7,-3.7132838693112585e-7,-1.7019155086369853e-7,-7.286037892923378e-8,-4.5421047424060486e-8,-3.88932302597702e-8,-0.06387725553483761
13.5,-1.1286872553039804e-6,-1.2255796221481619e-6,-3.565047949192387e-6,-1.5033945002314548e-5,-5.635257889136807e-5,-0.0001670093672333167,-0.0005442543782496381,-0.0018338532246131552,-0.0057483731439826715,0.006988364043912859,0.11722588899272446,-0.004526848159167702,-0.0033474137775847557,-0.0004854776257834766,-7.438505479216215e-5,-1.8021855728413763e-5,0.059222224255703004,-0.06820898833951922,-0.021331764059844695,-0.0052417556324754234,-0.0013045215714734125,-0.00033468568523124624,-9.101967459538912e-5,-2.7088288026453866e-5,-9.216503254236411e-6,-3.8488815169995285e-6,-1.6164619143590827e-6,-7.747649813065266e-7,-3.8539723133009907e-7,-1.7664521535875394e-7,-7.562566047577959e-8,-4.714432556190587e-8,-4.0367405767182556e-8,-0.06635551798379673
14.0,-1.1700287628693793e-6,-1.2705341372582667e-6,-3.695061706074055e-6,-1.557840855955357e-5,-5.8383700575713307e-5,-0.00017300890786770248,-0.0005637641399648614,-0.0018994997275199774,-0.00595577605901528,0.007148225501945012,0.12191624943943542,-0.0047454920420113645,-0.003467534604029353,-0.0005028782654384832,-7.705884532625942e-5,-1.867392924797139e-5,0.06125356783679605,-0.07078525162895641,-0.022109609356099385,-0.00543056189833811,-0.0013514436623841253,-0.00034672967256736177,-9.429934251704604e-5,-2.806654531970125e-5,-9.550338785453865e-6,-3.988721289776063e-6,-1.6753211141960678e-6,-8.030176785946162e-7,-3.9946348188315544e-7,-1.8309789067528173e-7,-7.839053536004182e-8,-4.88673096939111e-8,-4.184120208949267e-8,-0.06883424142336197
14.5,-1.2113288568270891e-6,-1.3154410838720661e-6,-3.824971709119049e-6,-1.612256542748555e-5,-6.041404568896913e-5,-0.00017900719923555312,-0.0005832727311961241,-0.00196515145258601,-0.00616323191593781,0.007308364274638657,0.1266090300868285,-0.004963994386332993,-0.003587692525811786,-0.0005202858379600271,-7.973318171104997e-5,-1.9325845202380437e-5,0.06328481921976786,-0.07336301890024606,-0.022888094276820065,-0.005619542116124824,-0.001398406990345151,-0.0003587838791288278,-9.758153710840692e-5,-2.9045365345622117e-5,-9.884279829047597e-6,-4.128570910374384e-6,-1.7341766210998832e-6,-8.312660674606746e-7,-4.1352727048076533e-7,-1.8954931303234125e-7,-8.11548442143688e-8,-5.0589859686451445e-8,-4.3314520308847774e-8,-0.07131337399209015
15.0,-1.2525907904753783e-6,-1.3603048583385717e-6,-3.9547839373620256e-6,-1.666644233591247e-5,-6.244374928697719e-5,-0.00018500462399508656,-0.0006027812774087728,-0.0020308116411514514,-0.006370715144177578,0.00746886247594551,0.13130463430168404,-0.005182295767562267,-0.003707884661740767,-0.0005376994879944446,-8.24081145924744e-5,-1.9977624694116167e-5,0.06531554622592523,-0.07594234777721394,-0.023667217381411088,-0.005808685481368235,-0.0014454119155054006,-0.000370847652145743,-0.00010086599388511519,-3.0024694644612487e-5,-1.0218332715760185e-5,-4.2684338958736996e-6,-1.7930301936101337e-6,-8.595107633935631e-7,-4.2758833334198804e-7,-1.9599941648469725e-7,-8.391867496574078e-8,-5.2312096439124706e-8,-4.478741812732864e-8,-0.07379289840283351
15.5,-1.29367168247137e-6,-1.4049521565797466e-6,-4.084008813377053e-6,-1.720811755275438e-5,-6.446583911191301e-5,-0.00019098086749679013,-0.000622223556221792,-0.0020962434953073,-0.006577344819498206,0.007631095874705704,0.13599693090894072,-0.00539849099795984,-0.003827638496445025,-0.0005550602861761687,-8.507466838439066e-5,-2.0627030860801478e-5,0.06734585257815451,-0.07852482867745114,-0.024445744079405446,-0.00599748058261468,-0.001492314108188779,-0.0003828845265408657,-0.00010414304509984043,-3.1001902441423825e-5,-1.0551677966135866e-5,-4.408001798427357e-6,-1.851765416404992e-6,-8.876999774019254e-7,-4.41622182802829e-7,-2.0243762781297693e-7,-8.667775216474398e-8,-5.4031217279436006e-8,-4.6257125845057976e-8,-0.07627275126938374
16.0,-1.3305246935498948e-6,-1.4444781478573188e-6,-4.198693380525105e-6,-1.769184396571263e-5,-6.6277720146669e-5,-0.00019634125636063313,-0.0006396492262261152,-0.0021545186503776253,-0.006756142907272293,0.007839755349288895,0.1405164021379638,-0.005553761277674188,-0.0039327537185115755,-0.0005705993611286774,-8.746387937818049e-5,-2.1208885190530126e-5,0.06936610357278783,-0.08115894052557354,-0.02518495980346311,-0.006169865138581152,-0.0015346924704007152,-0.0003937558014947482,-0.00010711545535444853,-3.1895457212658445e-5,-1.0859804351749378e-5,-4.5383757042200545e-6,-1.9070783452752673e-6,-9.143755284455968e-7,-4.5493542669718e-7,-2.085665340065461e-7,-8.931360519638853e-8,-5.567067627565727e-8,-4.764675131782304e-8,-0.07875477079178271
16.5,-1.3673286413734503e-6,-1.48394681074378e-6,-4.313242891831521e-6,-1.8175163804314288e-5,-6.808853198934537e-5,-0.0002016996644054655,-0.0006570719700205362,-0.002212793085150128,-0.006934960443087575,0.008048798742611243,0.145038293567669,-0.005708795659851812,-0.004037886948023678,-0.000586144063407921,-8.985343363890115e-5,-2.1790479256397287e-5,0.07138607221067492,-0.08379483294991208,-0.0259248785381951,-0.006342426167514029,-0.0015771133301841528,-0.0004046374307298228,-0.00011009026285024568,-3.278952125696257e-5,-1.1168023588254013e-5,-4.668748203181068e-6,-1.962382305593559e-6,-9.410435177689682e-7,-4.682442742425194e-7,-2.1469328598909957e-7,-9.194864490346595e-8,-5.7309536269325705e-8,-4.9035695356491314e-8,-0.08123713029475371
17.0,-1.4040873947291667e-6,-1.5233655311054693e-6,-4.427677394647793e-6,-1.8658137562321753e-5,-6.989843220509071e-5,-0.00020705658683603984,-0.0006744918776422829,-0.0022710648188057985,-0.007113780139796323,0.008258337700835167,0.14956328515920034,-0.005863511670392086,-0.004143037824832421,-0.0006016922321204333,-9.224325801130507e-5,-2.2371863704343577e-5,0.07340528597644448,-0.08643250595046674,-0.026665442659775655,-0.006515146382265581,-0.0016195712853054266,-0.00041552761350153436,-0.00011306710743832083,-3.368403830106885e-5,-1.1476325827827987e-5,-4.7991199987262395e-6,-2.0176778249217482e-6,-9.677058797656048e-7,-4.815496486721398e-7,-2.2081843330426384e-7,-9.458296470839271e-8,-5.894794014178419e-8,-5.04240788606606e-8,-0.08371989892688762
17.5,-1.4407966451950124e-6,-1.5627276264918895e-6,-4.541981413825401e-6,-1.914072584844788e-5,-7.170728573806336e-5,-0.00021241155095691046,-0.000691909039128583,-0.0023293369126103796,-0.007292616403354979,0.008468249053033098,0.15409083524859563,-0.006017973775950083,-0.004248210670724736,-0.0006172459831410665,-9.46334031413329e-5,-2.295298788842838e-5,0.0754241943359375,-0.08907199986391558,-0.02740672707917827,-0.006688045230877003,-0.001662073898891668,-0.00042642846568473515,-0.00011604636052223851,-3.4579078686561467e-5,-1.1784715290966351e-5,-4.929486518652598e-6,-2.0729647274058753e-6,-9.943601524800602e-7,-4.948500112638868e-7,-2.269413824449223e-7,-9.721642172982596e-8,-6.058567906645467e-8,-5.1811775435296835e-8,-0.08620296144053295
18.0,-1.4774565686249481e-6,-1.6020360864203682e-6,-4.656160928399001e-6,-1.9622930069524356e-5,-7.351512072489702e-5,-0.00021776471433322596,-0.0007093234994980503,-0.0023876088263405054,-0.007471462030785321,0.0086786199552415,0.15862134720263524,-0.006172117509870731,-0.00435340368495607,-0.0006328039659114043,-9.702389153829154e-5,-2.3533865876968534e-5,0.07744229596186981,-0.0917133319774063,-0.02814874043997681,-0.006861122713348296,-0.001704617749528222,-0.0004373389968699199,-0.000119027909555464,-3.547461146314338e-5,-1.2093187053758212e-5,-5.0598519834551926e-6,-2.128240375236532e-6,-1.021006247985354e-6,-5.081458895796421e-7,-2.330621114293299e-7,-9.984895551796677e-8,-6.22228079976998e-8,-5.3198796071272535e-8,-0.0886863120733071
18.5,-1.5159267327238965e-6,-1.643620624159128e-6,-4.77623401260358e-6,-2.012552772268788e-5,-7.538884045314213e-5,-0.00022329358535950997,-0.0007272797588855479,-0.0024478048356278066,-0.007659969012902943,0.00879482776376776,0.16349484769239167,-0.006389757657699354,-0.004462963144584725,-0.000648823659585682,-9.949012375310108e-5,-2.413699431541823e-5,0.07931540451741291,-0.09435376515921509,-0.028897343085251544,-0.0070375654272442495,-0.0017481754193493246,-0.00044851860431025756,-0.00012208080183703372,-3.639001714408938e-5,-1.240777150021579e-5,-5.192530631253727e-6,-2.1843863243175236e-6,-1.0480443219685213e-6,-5.216312505377969e-7,-2.3926287594749353e-7,-1.025125275301294e-7,-6.388055580580927e-8,-5.4608930512176676e-8,-0.09117709617960489
19.0,-1.5566845809945167e-6,-1.6880824843989938e-6,-4.903759084236766e-6,-2.0653947771405886e-5,-7.734582773508262e-5,-0.00022904446568013678,-0.0007459207513901402,-0.0025104354515536674,-0.007860687924295754,0.008791729762835085,0.16880022723148957,-0.006687653388861803,-0.004578036844190154,-0.0006654239133045393,-0.00010205168288279876,-2.4768191859621297e-5,0.08100626043682732,-0.09699256182437217,-0.029654145600932602,-0.0072182305269731135,-0.0017930094569111159,-0.00046003666168973527,-0.00012522342747071718,-3.733042222405488e-5,-1.2730059756973358e-5,-5.328131268459324e-6,-2.2416306572355713e-6,-1.0755776886313344e-6,-5.353560806266131e-7,-2.455649323468842e-7,-1.0521529299373038e-7,-6.556436846812123e-8,-5.6048350132934276e-8,-0.09367703094943412
19.5,-1.5973854525819467e-6,-1.7324827957526975e-6,-5.031137141959005e-6,-2.1181899345173216e-5,-7.930162202375533e-5,-0.00023479307256076272,-0.000764557872293939,-0.002573063366362696,-0.008061423402538473,0.008789021443024143,0.1741084879618757,-0.006985272525660581,-0.004693131072283511,-0.0006820292541267649,-0.00010461360216140747,-2.5399091155507413e-5,0.08269652283083637,-0.09963324278863175,-0.030411711632305043,-0.007399088666518289,-0.0018378883330123301,-0.00047156552353654383,-0.0001283685516374709,-3.8271367527386935e-5,-1.3052428203136899e-5,-5.463721354427294e-6,-2.29886021842094e-6,-1.1031005040565195e-6,-5.490749316807735e-7,-2.5186406517418217e-7,-1.0791694837920593e-7,-6.724738429217484e-8,-5.7486956429124735e-8,-0.09617719621456641
20.0,-1.6380279406545025e-6,-1.7768148757697411e-6,-5.158361855027719e-6,-2.1709382443989873e-5,-8.12561332819325e-5,-0.00024053945102000166,-0.0007831910765783304,-0.0026356880398315245,-0.008262167524355055,0.00878669055927196,0.17941942243777734,-0.007282613627500044,-0.00480825015065173,-0.0006986398621268143,-0.00010717582531565987,-2.6029678134759746e-5,0.08438630694709155,-0.10227582533914156,-0.031170055585325304,-0.007580141286475421,-0.0018828143886208894,-0.0004831055950182082,-0.00013151624186521571,-3.921283617210532e-5,-1.3374879652369779e-5,-5.599297723786348e-6,-2.3560741286038273e-6,-1.130612328609176e-6,-5.627874959558473e-7,-2.581602964111325e-7,-1.1061730684172306e-7,-6.892955931447998e-8,-5.8924628501150227e-8,-0.09867742486590705
20.5,-1.6771827042215361e-6,-1.8193746995732324e-6,-5.280492078861801e-6,-2.2216238576659983e-5,-8.313497950483304e-5,-0.00024606269471955084,-0.000801093448685015,-0.002695747732756001,-0.008453485108574351,0.00879681074367189,0.18468188375144567,-0.00756199266255082,-0.0049182767234179905,-0.0007145935585131458,-0.00010963807338314114,-2.6636132323309733e-5,0.08607180385070985,-0.10494150351901789,-0.0319128151746675,-0.0077550994665601105,-0.0019260945637060436,-0.0004942231668086211,-0.0001345530850109377,-4.012364714077232e-5,-1.3687963009420838e-5,-5.73139886717872e-6,-2.4119742338480904e-6,-1.1575368888608638e-6,-5.762193973100212e-7,-2.6433483670744203e-7,-1.1326876691235877e-7,-7.058019053262695e-8,-6.03313392852616e-8,-0.10117964730161914
21.0,-1.7135322454112535e-6,-1.85858028493484e-6,-5.392965106603062e-6,-2.2683815968720935e-5,-8.486935536847014e-5,-0.00025115898188507446,-0.0008175930407832397,-0.0027508726653015505,-0.008626642544103892,0.008830733169601764,0.18984874713817032,-0.007807030778637105,-0.0050184913992521625,-0.000729277775006712,-0.00011190766429252855,-2.719641992332712e-5,0.0877491296958347,-0.10764990400331619,-0.03262487567083353,-0.007918153284539629,-0.0019661625706537253,-0.0005045169429836677,-0.0001373742214682599,-4.097490692426791e-5,-1.3982927781217408e-5,-5.856819318613077e-6,-2.4653590998958425e-6,-1.1833422265811809e-6,-5.891170543323065e-7,-2.7027821697272204e-7,-1.1582725519227184e-7,-7.217092699092725e-8,-6.167924340590666e-8,-0.10368556918694534
21.5,-1.7498165447816389e-6,-1.8977135943186968e-6,-5.5052689628343566e-6,-2.3150854544247024e-5,-8.660222873586903e-5,-0.00025625214025693356,-0.00083408678046166,-0.002805986433230858,-0.008799778370698773,0.008865075529161897,0.1950182957951756,-0.008051684255686411,-0.005118706435235245,-0.0007439646475984971,-0.0001141771651646882,-2.7756305169482966e-5,0.08942605793656179,-0.11036047114346323,-0.03333770544507352,-0.008081384295783374,-0.0020062725349495416,-0.0005148203531420843,-0.00014019754132835527,-4.182660282558545e-5,-1.427793897845954e-5,-5.9822147987850485e-6,-2.5187235668841807e-6,-1.2091334959846608e-6,-6.020069298168414e-7,-2.76218168085773e-7,-1.1838428168613857e-7,-7.376069625244502e-8,-6.302614735715159e-8,-0.10619166394374882
22.0,-1.7860357781866525e-6,-1.9367758587025263e-6,-5.617400482184397e-6,-2.361734445541647e-5,-8.833349268782174e-5,-0.00026134221485374197,-0.0008505734972363152,-0.002861087415873824,-0.00897288538538077,0.008899901208560632,0.20019051819769637,-0.008295954534294383,-0.00521892219151615,-0.0007586541312698871,-0.00011644665478219438,-2.8315807757420842e-5,0.09110255976097821,-0.1130732856128151,-0.0340513217845352,-0.0082447975423761,-0.002046425356965771,-0.0005251338024513959,-0.000143023123373798,-4.267873203106157e-5,-1.4572999414810601e-5,-6.107580383783741e-6,-2.5720660521274607e-6,-1.2349109608522445e-6,-6.14889155654096e-7,-2.8215442626565424e-7,-1.2093973648523367e-7,-7.534941588563625e-8,-6.437199068919747e-8,-0.10869782784914322
22.5,-1.822186604401046e-6,-1.975760395635831e-6,-5.729352278786843e-6,-2.408326459975401e-5,-9.00632091249224e-5,-0.0002664290030917372,-0.0008670534612188887,-0.0029161779541983703,-0.009145971511425929,0.008935157626056959,0.2053652760485508,-0.008539871146671721,-0.005319144430477454,-0.0007733471263931597,-0.00011871609938108669,-2.8874888295853607e-5,0.0927787273672052,-0.11578832436184149,-0.034765767907087894,-0.008408403828785138,-0.002086623737819245,-0.0005354577410977413,-0.00014585096760458816,-4.3531325490993317e-5,-1.4868104869775541e-5,-6.2329157219012336e-6,-2.625383917816276e-6,-1.2606731264252677e-6,-6.277626327568176e-7,-2.8808661782269975e-7,-1.2349349868995928e-7,-7.693698147721195e-8,-6.571667448419155e-8,-0.11120398022977247
23.0,-1.8582728922119494e-6,-2.014673360007227e-6,-5.8411317385080355e-6,-2.4548647334388376e-5,-9.179132177390361e-5,-0.0002715125499895332,-0.0008835267624466081,-0.00297125390649202,-0.009319032427047314,0.008970892321307133,0.21054286899163283,-0.008783403840309904,-0.005419368830332223,-0.0007880426425588095,-0.00012098547645205818,-2.943357492141493e-5,0.09445440517091319,-0.11850562196483785,-0.03548101211962743,-0.00857219667233009,-0.0021268640760208546,-0.0005457914037646843,-0.00014868113029399308,-4.438432693211333e-5,-1.5163252529690993e-5,-6.358220813137527e-6,-2.678679625906073e-6,-1.2864209599005131e-6,-6.406280645408479e-7,-2.940150065378503e-7,-1.260457111816583e-7,-7.852350843133366e-8,-6.706027567824151e-8,-0.11371014413516688
23.5,-1.8942951691812438e-6,-2.0535147518167144e-6,-5.952739564763815e-6,-2.501348421832946e-5,-9.351792067199316e-5,-0.00027659292307505073,-0.0008999936710311567,-0.0030263186941694277,-0.009492063810457996,0.009007152113669589,0.21572313568023035,-0.009026565580569725,-0.005519596471527192,-0.0008027410399157475,-0.0001232548422683762,-2.9991862006778082e-5,0.0961294894492158,-0.1212252245208648,-0.036197074590492824,-0.008736168870032734,-0.0021671476320917872,-0.0005561350605639086,-0.00015151345387686416,-4.523776167739194e-5,-1.545843958089359e-5,-6.483497767740146e-6,-2.7319524729810092e-6,-1.3121540216430796e-6,-6.534851432617562e-7,-2.9993952646587056e-7,-1.2859628603335055e-7,-8.010895827994753e-8,-6.840279427134739e-8,-0.11621634261485674
24.0,-1.930254666286653e-6,-2.0922868571657787e-6,-6.064183846836364e-6,-2.5477811829201046e-5,-9.524301144651776e-5,-0.00028167030242274535,-0.0009164541869725346,-0.003081371056709405,-0.00966506782255144,0.009043954290292054,0.22090660625354042,-0.009269254085160454,-0.005619818710488495,-0.0008174420483522905,-0.00012552411804746645,-3.054977768857673e-5,0.09780351344912434,-0.12394708593086173,-0.036913929388962485,-0.008900321142190894,-0.002207472065064122,-0.0005664879461789779,-0.00015434783706132018,-4.6091584708215246e-5,-1.5753661802888278e-5,-6.6087416617981974e-6,-2.785202634895046e-6,-1.337872575433908e-6,-6.663342645909536e-7,-3.058603534607211e-7,-1.3114526720852605e-7,-8.169334750936234e-8,-6.974424125438168e-8,-0.11872248347072083
24.5,-1.9661464596172835e-6,-2.130984752143528e-6,-6.1754571988593416e-6,-2.594157952106251e-5,-9.696650406024967e-5,-0.00028674453046746847,-0.0009329075899729195,-0.00313641225463314,-0.009838045903923289,0.00908121169513806,0.22609277362189625,-0.009511589643818374,-0.005720049232874752,-0.0008321463881662605,-0.00012779342759051713,-3.110730227116732e-5,0.0994769439236275,-0.12667133296724534,-0.03763166006958377,-0.009064677258632695,-0.002247842417022613,-0.0005768519063730614,-0.00015718462874161874,-4.694587762082091e-5,-1.604892763666516e-5,-6.733949681648315e-6,-2.838425891153132e-6,-1.3635746868794328e-6,-6.791738018793057e-7,-3.1177685005179523e-7,-1.3369242389886176e-7,-8.327652224736271e-8,-7.108445176425647e-8,-0.12122847450463793
25.0,-2.004328399075032e-6,-2.1725657728030784e-6,-6.294107272815848e-6,-2.643040288521084e-5,-9.876947703678443e-5,-0.0002920266094524695,-0.0009499933244238448,-0.0031936798931248597,-0.010022459433518148,0.00894941952293373,0.231989880703007,-0.009848919519845092,-0.0058253366061207755,-0.0008473779859859777,-0.00013015110867261166,-3.169176768050093e-5,0.10075347301102837,-0.12939627148953808,-0.03835669168892944,-0.009232752272729787,-0.002289344176785103,-0.000587517176149835,-0.00016010177864769074,-4.7822727672643174e-5,-1.6351223408365538e-5,-6.861872886647991e-6,-2.8926770138101275e-6,-1.3897438664439491e-6,-6.92240586448067e-7,-3.1778914308783197e-7,-1.3627669676572782e-7,-8.488449239378846e-8,-7.245293079827578e-8,-0.12374445750994265
25.5,-2.040876127678192e-6,-2.212352907211939e-6,-6.406786753106694e-6,-2.6890566274298643e-5,-0.00010045569423822478,-0.0002969401435549526,-0.0009658261908505258,-0.0032465940515800547,-0.010194231016038047,0.008720703355495303,0.23828415424081853,-0.010218750674198761,-0.0059226855770698845,-0.0008614314466804896,-0.00013233646975543202,-3.224008595655332e-5,0.10174552479539394,-0.13217980191786843,-0.039043605147531746,-0.009388106106991494,-0.002327603515901594,-0.0005973645927682744,-0.0001628052927216014,-4.864051330305658e-5,-1.663545264758372e-5,-6.983126302635202e-6,-2.9443759679389143e-6,-1.4147686763607482e-6,-7.047600255648851e-7,-3.235594610742707e-7,-1.387609636834527e-7,-8.642947934518689e-8,-7.376485629769723e-8,-0.1262743163324915
26.0,-2.0764659797587063e-6,-2.2510149279817533e-6,-6.516222079534905e-6,-2.733741822199519e-5,-0.00010209279613192349,-0.00030170860517421156,-0.0009811845610869256,-0.003297861249065111,-0.010360279112063865,0.008498106118055269,0.24455360343449065,-0.010578862850039387,-0.006016865237601934,-0.0008750600216972143,-0.00013445711658080178,-3.27727827735898e-5,0.1027354675477365,-0.13498169129708742,-0.039719382801805016,-0.00953940898630194,-0.002364790511635495,-0.0006069371707489844,-0.00016543648439231595,-4.943801804791764e-5,-1.6913353957888582e-5,-7.101981070601688e-6,-2.995147819988137e-6,-1.4393718764073358e-6,-7.170755180510554e-7,-3.292402254313433e-7,-1.4120871892263634e-7,-8.795111618789752e-8,-7.5054618702664e-8,-0.1288059038698133
26.5,-2.111973708039684e-6,-2.2895870873777707e-6,-6.6254386436363e-6,-2.7783578008503353e-5,-0.00010372782716938376,-0.00030647247489485496,-0.000996532216893222,-0.0033491057571687728,-0.010526255898605301,0.008275963388540954,0.25082478134293573,-0.010938521238252116,-0.0061110225689015,-0.0008886885066767113,-0.00013657715565488417,-3.33049084169627e-5,0.10372581366685943,-0.13778635814470827,-0.04039602481346476,-0.00969088761828097,-0.0024020173038240646,-0.0006165190225641533,-0.00016806952182619954,-5.023583229574912e-5,-1.719124964086671e-5,-7.2207739379740915e-6,-3.04588203928982e-6,-1.4639522154390632e-6,-7.293790524679143e-7,-3.349154284069163e-7,-1.4365411112422625e-7,-8.947120331758155e-8,-7.634286436722177e-8,-0.1313372493870669
27.0,-2.147403181308256e-6,-2.328071143939596e-6,-6.734442776153455e-6,-2.822903719283303e-5,-0.00010536076484129869,-0.00031123184275411045,-0.0010118690682321878,-0.0034003254149975732,-0.01069216137566235,0.008054333511075944,0.2570977801642749,-0.011297675417989402,-0.006205156850670759,-0.0009023168115817528,-0.00013869662074163962,-3.383648258231558e-5,0.104716586202293,-0.14059368721307944,-0.04107348220225907,-0.009842535520248183,-0.0024392820917227475,-0.0006261089777298204,-0.0001707043487499848,-5.103392228259061e-5,-1.7469124221369578e-5,-7.339511235494988e-6,-3.0965821429231735e-6,-1.4885125071192976e-6,-7.416714641217739e-7,-3.405853337819303e-7,-1.4609727217869277e-7,-9.098986163383681e-8,-7.762967572291452e-8,-0.1338684450823735
27.5,-2.1827522893168955e-6,-2.366465690835545e-6,-6.8432316634230025e-6,-2.8673795774984216e-5,-0.00010699166542093559,-0.0003159866862426712,-0.001027195295178278,-0.0034515173413602247,-0.01085799266204373,0.007833140854388925,0.2633721850069628,-0.011656347718483732,-0.006299265201718426,-0.0009159443061517445,-0.0001408155456050285,-3.4367474319351406e-5,0.10570806174840092,-0.14340375917555703,-0.04175177225533569,-0.009994353412501402,-0.0024765848753315447,-0.0006357078015624216,-0.00017334094265436477,-5.183227675378863e-5,-1.7746986140387295e-5,-7.458187335837644e-6,-3.1472449655169087e-6,-1.5130509929084346e-6,-7.539516978888713e-7,-3.462496777754446e-7,-1.4853811415905565e-7,-9.250696474162924e-8,-7.891497583363453e-8,-0.1363993641833164
28.0,-2.2180199769418407e-6,-2.404769848795816e-6,-6.9518046020291e-6,-2.9117836872976712e-5,-0.00010862039385245286,-0.0003207368477953885,-0.0010425102674708987,-0.003502683697150193,-0.01102374759685597,0.007612473294814188,0.26964841076254487,-0.012014516530800441,-0.006393352664129251,-0.0009295717106845083,-0.00014293387397178352,-3.4897903323713744e-5,0.10670000980988009,-0.1462166431807319,-0.042430929546990064,-0.010146351379210135,-0.0025139272753205546,-0.000645315133913046,-0.00017597939357656727,-5.263092384597686e-5,-1.802481992277134e-5,-7.576800128754532e-6,-3.197866989991816e-6,-1.5375660901208298e-6,-7.662192701708154e-7,-3.519081966065185e-7,-1.5097643922960942e-7,-9.402246318203243e-8,-8.019869875414663e-8,-0.1389299029670093
28.5,-2.253208881992498e-6,-2.442986431483776e-6,-7.0601651090509585e-6,-2.9561194250770925e-5,-0.00011024713021030599,-0.00032548243995879713,-0.0010578145253334161,-0.0035538252026653004,-0.011189427620694716,0.00739229553775845,0.2759264343814907,-0.012372150882133184,-0.006487409874031551,-0.0009431988451055889,-0.0001450516170965581,-3.542779491837291e-5,0.10769219989142749,-0.1490322700800132,-0.04311093679007447,-0.01029851429412012,-0.002551305870275123,-0.0006549307947072378,-0.0001786196114793645,-5.34298297951949e-5,-1.830262978901676e-5,-7.69534820741397e-6,-3.248452788550868e-6,-1.5620595572960882e-6,-7.784751481643887e-7,-3.5756111009260276e-7,-1.5341241225344198e-7,-9.553641190940902e-8,-8.148099286122996e-8,-0.14146013058204304
29.0,-2.2883204113005512e-6,-2.4811182525627924e-6,-7.168318108399469e-6,-3.0003859467376755e-5,-0.00011187178445726722,-0.0003302236653166595,-0.0010731078886913748,-0.003604938616565347,-0.011355024810283927,0.007172719229384132,0.28220627891333083,-0.012729277423501375,-0.006581444754701366,-0.0009568252592288475,-0.0001471688199979661,-3.595711815303186e-5,0.10868457436921733,-0.151850720546757,-0.04379179110339761,-0.010450845038422646,-0.002588721020344161,-0.0006645546488891555,-0.00018126149507087524,-5.422897771946253e-5,-1.8580415739123555e-5,-7.813834385479325e-6,-3.299000954362381e-6,-1.5865312185802488e-6,-7.907187163807294e-7,-3.632084402154422e-7,-1.558460112488083e-7,-9.704881092375904e-8,-8.276175923703176e-8,-0.14399004702841767
29.5,-2.323355092427882e-6,-2.5191637293472212e-6,-7.2762664137380005e-6,-3.044587472774471e-5,-0.00011349446913987129,-0.0003349604338317479,-0.001088391888177647,-0.003656027540339444,-0.011520545648303997,0.006953632723528813,0.288488013506656,-0.013085826286016273,-0.006675447942267012,-0.0009704507729798286,-0.00014928535887481943,-3.648588428234406e-5,0.10967714476801478,-0.15467202915525868,-0.04447348960576821,-0.010603340730926421,-0.002626173625899946,-0.0006741865614029576,-0.00018390498807783213,-5.502836761877976e-5,-1.8858167925269943e-5,-7.93226006978228e-6,-3.3495111357184336e-6,-1.6109803705574703e-6,-8.029498868928575e-7,-3.6885007706631165e-7,-1.582771482887281e-7,-9.855962725246488e-8,-8.404098689067952e-8,-0.14651961773183772
30.0,-2.356870922898688e-6,-2.5554571731235507e-6,-7.379076266351783e-6,-3.086635139503508e-5,-0.00011503652548501859,-0.00033945660036496165,-0.0011028841002830205,-0.003704399860877645,-0.011677086533376457,0.006742146800291862,0.29473429792237066,-0.013429157683496389,-0.006764343497976436,-0.0009833622915146935,-0.0001512934366561855,-3.698903482035928e-5,0.11066648823256939,-0.15752704770183276,-0.04513310953929705,-0.01074857870257513,-0.002661753277043922,-0.0006833416367585565,-0.0001864227215869189,-5.5792333496301196e-5,-1.912479207279819e-5,-8.046420240420229e-6,-3.398354924945133e-6,-1.6346689541556864e-6,-8.14813698481577e-7,-3.7432898305851707e-7,-1.6064127397883874e-7,-1.0002778800488576e-7,-8.528065839409547e-8,-0.14905296855822792
30.5,-2.387729072465007e-6,-2.588687240908603e-6,-7.472864810793782e-6,-3.1248868929835606e-5,-0.00011643586156951696,-0.0003435259229106845,-0.0011159710113375569,-0.0037479314199026976,-0.011817631764714452,0.00654375373056648,0.300915905356047,-0.01374923930787608,-0.006844115041173837,-0.0009949962718249087,-0.00015310777683272462,-3.7446772831624366e-5,0.11164986186877478,-0.1604402893619595,-0.04575253397316371,-0.01088069500879939,-0.0026939550915513516,-0.00069163775696135,-0.00018871393268562155,-5.649275560033285e-5,-1.9371532061308892e-5,-8.153001105362195e-6,-3.4442524569182236e-6,-1.6570157720355648e-6,-8.260296640799485e-7,-3.7952177465704815e-7,-1.6288755553369367e-7,-1.0142093605229637e-7,-8.645071371091288e-8,-0.15159333796659624
31.0,-2.4185824739743935e-6,-2.6219011301292936e-6,-7.566599895631799e-6,-3.1631133234933065e-5,-0.0001178342860270843,-0.0003475925443395747,-0.0011290510795627835,-0.003791446412077843,-0.01195810136478113,0.006345874233188226,0.3070986652662387,-0.014068770624719718,-0.006923898109136391,-0.001006639976155722,-0.00015492353509560092,-3.790460932110732e-5,0.1126345262786773,-0.1633550061920258,-0.0463742287857655,-0.011013398357748625,-0.002726299344953093,-0.0006999684064409884,-0.0001910138661407632,-5.719531608852375e-5,-1.9618839002988128e-5,-8.259740238868578e-6,-3.4901967660447983e-6,-1.6793791201877269e-6,-8.372522242018373e-7,-3.847174678459268e-7,-1.6513512302063452e-7,-1.028147765246763e-7,-8.762119767175892e-8,-0.15413283149281298
31.5,-2.4516340499895756e-6,-2.657889643138179e-6,-7.667357884234893e-6,-3.203681566023754e-5,-0.00011930546056467961,-0.00035184637567427945,-0.0011426913594191168,-0.003836910530159481,-0.012108733646819239,0.005903170188027927,0.3145682343543476,-0.014497006407677227,-0.007008087238876481,-0.0010187416998641368,-0.00015681779456642818,-3.838733266307508e-5,0.11273415787342451,-0.16627276556009252,-0.04700246966497416,-0.011149291905751762,-0.0027596141996700596,-0.0007085584531737959,-0.00019338326331711967,-5.7917617238900455e-5,-1.987237398853115e-5,-8.368933590247192e-6,-3.537082597275695e-6,-1.7021750690826296e-6,-8.486867762730651e-7,-3.900031103355827e-7,-1.674176854457076e-7,-1.0423195061943524e-7,-8.881821909432618e-8,-0.1566823861390082
32.0,-2.485923637886422e-6,-2.695446421766479e-6,-7.772090875760306e-6,-3.24557391853491e-5,-0.00012081780462466698,-0.00035620613580744073,-0.001156649650763889,-0.0038834896692696657,-0.012265209705087713,0.005318212004946798,0.32278523056168573,-0.014988201982665279,-0.007094816859034974,-0.0010311068725009699,-0.00015875719645232233,-3.8884211545444325e-5,0.11232100656745657,-0.169193671189046,-0.04763483929129886,-0.011287088480600777,-0.0027935009708577414,-0.0007173007978773549,-0.00019579326728319472,-5.8651341862548874e-5,-2.0129480919719104e-5,-8.479504229844157e-6,-3.584493880140457e-6,-1.725209827655842e-6,-8.602380074470606e-7,-3.953380358976585e-7,-1.6971928406200086e-7,-1.0566186313545529e-7,-9.002983639561192e-8,-0.15923757639536323
32.5,-2.5201279366124433e-6,-2.7329080634021685e-6,-7.876589629810382e-6,-3.287385800273757e-5,-0.00012232770642485143,-0.00036056026861386716,-0.0011705935361522202,-0.003930030632595281,-0.012421556109748218,0.004733749746916157,0.3310012356392206,-0.015478760814378628,-0.007181491736558989,-0.0010434685336859204,-0.0001606954278542556,-3.9380401080288555e-5,0.11191090932425415,-0.1721177922274771,-0.0482681539483661,-0.011425045681864114,-0.0028274208757452374,-0.0007260506156708178,-0.00019820473435422085,-5.938524093332607e-5,-2.0386530170808027e-5,-8.590001714193568e-6,-3.6318622546388665e-6,-1.7482208459443917e-6,-8.717761375010014e-7,-4.0066676260762793e-7,-1.7201834378673995e-7,-1.0709012702059598e-7,-9.123987101125348e-8,-0.16179219041346063
33.0,-2.554248528853284e-6,-2.7702752714610893e-6,-7.980855553216805e-6,-3.32912115036901e-5,-0.00012383523349315378,-0.00036490875158425186,-0.0011845229255468823,-0.0039765294584983065,-0.01257776853901382,0.004149895060098423,0.3392166414289676,-0.01596862671958716,-0.007268108269959418,-0.0010558256029722553,-0.00016263255630014886,-3.987593503156818e-5,0.11150331295508993,-0.17504511715062074,-0.04890241363617589,-0.01156315702686137,-0.0028613715733646268,-0.0007348068711260654,-0.00020061746194643558,-6.0119263805291446e-5,-2.0643516114471184e-5,-8.700422526216219e-6,-3.6791859622313175e-6,-1.771207068824516e-6,-8.833009905809272e-7,-4.059894223559614e-7,-1.7431475471119956e-7,-1.085166653387496e-7,-9.244820753708932e-8,-0.16434611294564883
33.5,-2.588285414608944e-6,-2.8075482217972013e-6,-8.084886535732047e-6,-3.370775466959282e-5,-0.00012534032955630669,-0.00036925167475582247,-0.0011984377289106479,-0.004022990828914585,-0.012733846992884518,0.0035665777154559454,0.3474311021879721,-0.01645786740628614,-0.007354670781023193,-0.0010681788906950244,-0.0001645686155539625,-4.037076838066931e-5,0.1110986554010397,-0.1779756690080072,-0.04953762987949337,-0.011701431879464232,-0.0028953559449071973,-0.0007435700594478503,-0.00020303156260637357,-6.085346112438559e-5,-2.0900444378035305e-5,-8.81076385224874e-6,-3.7264681682890995e-6,-1.794168144588294e-6,-8.948124787598578e-7,-4.1130610306963907e-7,-1.766086377349775e-7,-1.0994152205340632e-7,-9.365495038640845e-8,-0.1668993324671627
34.0,-2.6222364836318975e-6,-2.8447260351407025e-6,-8.188687501267005e-6,-3.4123535332722967e-5,-0.00012684302837827054,-0.00037358890307273747,-0.0012123382163552,-0.004069411502503916,-0.01288979723374289,0.0029837732228627737,0.35564466401529454,-0.016946436775414964,-0.007441180710345957,-0.001080528666965911,-0.0001665036843982708,-4.086495458719594e-5,0.11069700581069439,-0.18090960914634865,-0.050173848777379154,-0.01183987240056617,-0.0029293729099262155,-0.000752340405729242,-0.0002054470363340349,-6.158779349932138e-5,-2.1157313554668714e-5,-8.921032023033706e-6,-3.7737060591488445e-6,-1.8171051283594885e-6,-9.06310514110813e-7,-4.1661632115026976e-7,-1.7889987195847596e-7,-1.1136468617369356e-7,-9.486003361397571e-8,-0.16945187202753256
34.5,-2.655843054746303e-6,-2.8815141561078162e-6,-8.291377773187672e-6,-3.453475504753453e-5,-0.00012832895776656458,-0.0003778775563052774,-0.0012260818589489985,-0.004115308519576612,-0.013044087908419237,0.00240255626666942,0.36385184112272234,-0.017432400107023578,-0.007526734804458849,-0.001092743207320706,-0.0001684177858231651,-4.1353904566195794e-5,0.1102973615294857,-0.1838533683846004,-0.05080622992846901,-0.011977048078692572,-0.0029630655608508523,-0.0007610273325191164,-0.00020783993322683606,-6.231550251069026e-5,-2.1411966971400282e-5,-9.030390677135157e-6,-3.820570084488644e-6,-1.8398643237766543e-6,-9.177212379703979e-7,-4.2188736776120713e-7,-1.8117468581841613e-7,-1.1277740896507828e-7,-9.605565370029554e-8,-0.1720044922612585
35.0,-2.6855971931488314e-6,-2.9139416264173126e-6,-8.381158254162782e-6,-3.489107737638439e-5,-0.0001296072613076501,-0.0003815426567169835,-0.0012377741833828008,-0.004154227651498109,-0.013176484410496276,0.0018352767131839993,0.37197654701071564,-0.01789028334833704,-0.0075994935280606826,-0.0011030928065769623,-0.00017004845005507915,-4.177664623249694e-5,0.10989402932342805,-0.1868948922056446,-0.05137082817331182,-0.012094121685200947,-0.002991708023670577,-0.000768433434725528,-0.00020989363737336817,-6.294684355172506e-5,-2.163590362514974e-5,-9.127793372172603e-6,-3.862681480692953e-6,-1.8604274549355499e-6,-9.280607474298186e-7,-4.2667908043941073e-7,-1.832494767892014e-7,-1.1406407743942814e-7,-9.713783699124377e-8,-0.1745690982507435
35.5,-2.715262349447365e-6,-2.946271849486673e-6,-8.470689725929877e-6,-3.5246547165233926e-5,-0.00013088279620398208,-0.0003852012744482911,-0.0012494488605199624,-0.004193093481380774,-0.013308697956926513,0.0012686992700006307,0.3801004231156179,-0.018347382905620102,-0.007672161494136937,-0.0011134335821848982,-0.00017167743734362623,-4.219861976869877e-5,0.10949326713999953,-0.189940276823015,-0.05193630230030624,-0.01221130261608481,-0.003020368854084764,-0.0007758432284582778,-0.00021194785923395992,-6.357808892820537e-5,-2.1859715070879352e-5,-9.225090554833772e-6,-3.904741175832885e-6,-1.880961570190969e-6,-9.383850455216591e-7,-4.31463846886176e-7,-1.8532127824265882e-7,-1.1534878953846784e-7,-9.821818480647965e-8,-0.17713282835807684
36.0,-2.744839754619627e-6,-2.978501132382727e-6,-8.559976408984006e-6,-3.5601158786756394e-5,-0.00013215566374744173,-0.0003888533644805862,-0.001261105350137117,-0.004231908170118073,-0.013440728547709946,0.0007027768926678108,0.38822337723930794,-0.018803723268998714,-0.007744748786857121,-0.001123766614591247,-0.00017330474768880631,-4.261981954747456e-5,0.10909562816792745,-0.19298953376147682,-0.05250272145804322,-0.012328603116407134,-0.003049049852837969,-0.0007832568037545933,-0.0002140025537899974,-6.420926677676486e-5,-2.208339286759901e-5,-9.322290666108764e-6,-3.946747763076758e-6,-1.9014671971047933e-6,-9.486943960268602e-7,-4.3624162313801285e-7,-1.8739017810576858e-7,-1.166316221983051e-7,-9.929675210036585e-8,-0.1796957286823192
36.5,-2.7743272984180925e-6,-3.0106300026673563e-6,-8.649009862335066e-6,-3.595489817263497e-5,-0.00013342577390080133,-0.00039249874673941344,-0.0012727440123831758,-0.004270669196667628,-0.013572579064037865,0.00013753304713802397,0.39634510973789183,-0.01925928282953821,-0.007817243161158258,-0.0011340915436470977,-0.00017493033607200555,-4.30401949228837e-5,0.10870096258526482,-0.19604268607056033,-0.05307003378507954,-0.01244601166140277,-0.0030777501195579137,-0.0007906737104283358,-0.0002160576760228667,-6.484033770611639e-5,-2.2306928574318613e-5,-9.419383858175796e-6,-3.98870124242457e-6,-1.9219431046992992e-6,-9.589876558946788e-7,-4.410121454139806e-7,-1.894559565610801e-7,-1.1791245451934208e-7,-1.0037341797330453e-7,-0.18225758025293265
37.0,-2.8037288496298913e-6,-3.042662153273731e-6,-8.737802044052371e-6,-3.6307790645839946e-5,-0.00013469320544663512,-0.00039613764631784215,-0.001284364307034772,-0.00430937656102944,-0.013704237981145116,-0.00042696139603583114,0.40446610465150584,-0.01971405150306909,-0.007889653260614216,-0.0011444082793152224,-0.00017655424751183778,-4.345981623651038e-5,0.10830885550046615,-0.19909979137409128,-0.053638279618093254,-0.012563535454049932,-0.003106468753872321,-0.0007980938584422777,-0.00021811327095118174,-6.54713073435867e-5,-2.253034047985005e-5,-9.51637505494576e-6,-4.030600910460481e-6,-1.9423901722442887e-6,-9.692658802488778e-7,-4.4577567749501987e-7,-1.9151883342604398e-7,-1.1919137442855901e-7,-1.0144825936140341e-7,-0.18481855594139446
37.5,-2.8330415945916556e-6,-3.0745951222464036e-6,-8.826343809729977e-6,-3.665982495171786e-5,-0.0001359578683477154,-0.00039976979310418905,-0.0012959666842780446,-0.004348032063948064,-0.013835711061414275,-0.00099071239056544,0.4125860392867258,-0.020168035051973926,-0.007961974043140238,-0.0011547166415211657,-0.00017817644824434263,-4.3878632842413966e-5,0.10791972180507695,-0.20216090729589548,-0.0542074474323192,-0.012681170172561691,-0.00313520539563228,-0.0008055171577591911,-0.0002201691134818731,-6.61021475525421e-5,-2.2753599040727962e-5,-9.613262849586968e-6,-4.072445712060726e-6,-1.9628076963239207e-6,-9.795281018926748e-7,-4.505318237097197e-7,-1.9357856690146456e-7,-1.2046829399897567e-7,-1.0252119932855477e-7,-0.18737840220287127
38.0,-2.8641271233288542e-6,-3.1088268541902576e-6,-8.92062333842959e-6,-3.7030359094236554e-5,-0.00013727839934861912,-0.0004035421278541542,-0.0013079791810937519,-0.0043880871055349486,-0.01397436407037372,-0.0018509075360715929,0.4228164811148744,-0.02071840597423542,-0.008037391386003293,-0.0011653551702412953,-0.00017985792723667225,-4.431709725961224e-5,0.10585496792980552,-0.2052288458786702,-0.054781951212810966,-0.012801076710404227,-0.0031646223586851738,-0.0008131226023878576,-0.00022227402630169225,-6.674702794170092e-5,-2.2981370717647212e-5,-9.711953499030851e-6,-4.114991819255301e-6,-1.9835509019383313e-6,-9.899514057642563e-7,-4.5535650900551017e-7,-1.9566496423364046e-7,-1.2176309571899699e-7,-1.0361475817257048e-7,-0.18994771029653867
38.5,-2.8965647931680577e-6,-3.144813256951617e-6,-9.019280223913064e-6,-3.7415017826859685e-5,-0.00013864159674082638,-0.00040742151686792285,-0.0013203059078343326,-0.004429215751025612,-0.014118533120054493,-0.0029395476568861672,0.4346703935605882,-0.021342930116682254,-0.008115186431976965,-0.0011762480541298397,-0.00018158487502901936,-4.4770603521172735e-5,0.10250287473741974,-0.2083031691813397,-0.055360828641678274,-0.012922773908632399,-0.003194569460935103,-0.0008208691353524199,-0.00022441688981301116,-6.740275218947777e-5,-2.3212594759518285e-5,-9.81202354694061e-6,-4.158071819073844e-6,-2.004540303097391e-6,-1.0004960488685578e-6,-4.6023263158473633e-7,-1.9777147486254437e-7,-1.2307137224873883e-7,-1.0472391306470483e-7,-0.19252404849694935
39.0,-2.9289333524007994e-6,-3.1807233390941362e-6,-9.11774859395092e-6,-3.779901253492811e-5,-0.00014000271202214176,-0.0004112957287410955,-0.001332618228618472,-0.004470302979391507,-0.014262548026001345,-0.004027568321573771,0.4465230152326048,-0.02196674116428525,-0.008192905846679319,-0.00118713427526353,-0.0001833105060269105,-4.522350484510923e-5,0.09915489588619358,-0.21138175664711575,-0.05594065110128812,-0.013044576270342594,-0.003224532769886028,-0.0008286188196199538,-0.000226560135982548,-6.80584089093338e-5,-2.344371610267645e-5,-9.912012702028558e-6,-4.201109965649796e-6,-2.025507546657432e-6,-1.0110289097575082e-6,-4.6510321476420786e-7,-1.9987554551774688e-7,-1.2437812104719913e-7,-1.0583165013428293e-7,-0.1950997528352766
39.5,-2.957561146186558e-6,-3.212501556581601e-6,-9.203937433637521e-6,-3.8130298887134676e-5,-0.00014116346070773653,-0.00041456858197007655,-0.001342956032997892,-0.0045047605866031706,-0.01438677779137188,-0.0051055930532357486,0.45830717979961294,-0.022567776394754737,-0.00825878644637831,-0.0011962291157137591,-0.00018476285152925105,-4.5612476923674614e-5,0.09580834034346382,-0.21457165029473896,-0.056445481914047746,-0.013146190124696115,-0.0032495447516081195,-0.0008351152757143326,-0.00022836923149057025,-6.861774830479637e-5,-2.3643480574436417e-5,-9.999504267854273e-6,-4.2390891454911306e-6,-2.044108851033395e-6,-1.0204022775581417e-6,-4.6945107204620124e-7,-2.0175960088666428e-7,-1.2554631890655913e-7,-1.0681703681086846e-7,-0.19768729310741598
40.0,-2.9857178272122343e-6,-3.2437592463460934e-6,-9.288618149759186e-6,-3.8455217919140785e-5,-0.0001423004508198568,-0.00041777111612417906,-0.0013530660431910857,-0.004538458279612561,-0.014508711247285687,-0.0061819891915220505,0.47008267774322604,-0.023165674007911335,-0.008323309284682721,-0.0012051228129971784,-0.00018618433677177775,-4.599392808005889e-5,0.0924659106666588,-0.21777797825747025,-0.05694305212476102,-0.013245705031196157,-0.0032740305557711967,-0.0008414779364882639,-0.0002301422895981826,-6.916653646263111e-5,-2.383973359431385e-5,-1.0085560161946763e-5,-4.276477456025307e-6,-2.062431251028063e-6,-1.0296383913426332e-6,-4.7373680891666077e-7,-2.0361732212500226e-7,-1.2669798649363557e-7,-1.0778770670913768e-7,-0.20027531741969176
40.5,-3.0137939671240184e-6,-3.2749276022986703e-6,-9.373068848900564e-6,-3.877935193906738e-5,-0.00014343489738029297,-0.00042096716759788306,-0.0013631583160504113,-0.004572100509689654,-0.014630448782191895,-0.007257807290806151,0.48185628562535404,-0.02376286428860667,-0.008387732721887687,-0.0012140062460366332,-0.00018760391997786808,-4.637461954733396e-5,0.08912861527272942,-0.2209894232159295,-0.057441544316686535,-0.013345290526882759,-0.0032985260839548717,-0.000847841407597245,-0.00023191512261272557,-6.971507139076279e-5,-2.40358121670625e-5,-1.0171499992425348e-5,-4.313809141584213e-6,-2.0807242834113335e-6,-1.0388590299786037e-6,-4.780153357747413e-7,-2.0547214177299256e-7,-1.278477196871469e-7,-1.0875656311343962e-7,-0.20286216620592193
41.0,-3.0417927312931986e-6,-3.3060090863947782e-6,-9.457300785715126e-6,-3.9102695319587734e-5,-0.0001445668228983519,-0.000424156916465644,-0.0013732324013897299,-0.0046056883572811805,-0.014751990396090505,-0.008332999451282882,0.49362781904975456,-0.02435928817241934,-0.008452053156504097,-0.0012228792347576682,-0.00018902154487425468,-4.675453162985626e-5,0.0857963734883196,-0.22420586992246508,-0.05794090086599851,-0.01344493796818206,-0.00332302629407439,-0.0008542047886689984,-0.00023368748293182281,-7.026329681592405e-5,-2.4231719106345738e-5,-1.025733642077518e-5,-4.351089126078744e-6,-2.0989890033069696e-6,-1.0480648089549153e-6,-4.82287092255344e-7,-2.0732405983063525e-7,-1.2899559542320083e-7,-1.0972371593249956e-7,-0.20544813911000048
41.5,-3.0697106026405654e-6,-3.3370019400948125e-6,-9.541304815796927e-6,-3.942525650169194e-5,-0.00014569614859145935,-0.00042734022767162034,-0.0013832882091718139,-0.004639221462238231,-0.014873330326598936,-0.009407607450225923,0.5053976007098517,-0.02495495142173191,-0.00851627563061671,-0.0012317421393091945,-0.0001904372677342049,-4.7133686836932724e-5,0.08246878770903159,-0.2274275488723801,-0.05844121397081819,-0.013544660320454854,-0.0033475333470232176,-0.0008605686199268906,-0.0002354596406671576,-7.081126901138225e-5,-2.442743753018336e-5,-1.0343055378679423e-5,-4.3883117821821635e-6,-2.1172234763214057e-6,-1.057254761074785e-6,-4.865515507965875e-7,-2.0917283449873464e-7,-1.3014150379307208e-7,-1.1068901129410211e-7,-0.2080328673394425
42.0,-3.0975514499532494e-6,-3.3679075702304566e-6,-9.62508938013607e-6,-3.974701578973643e-5,-0.00014682295324218957,-0.00043051719125303977,-0.0013933262796200295,-0.004672699104262983,-0.014994471454908481,-0.010481608238104968,0.5171652618131609,-0.025549894373222422,-0.008580395822438589,-0.001240594149356162,-0.00019185105479375833,-4.7512076727573244e-5,0.07914636502453208,-0.23065429871896242,-0.058942402957789485,-0.013644444618340345,-0.003372044721758978,-0.000866932361147555,-0.00023723134821635358,-7.135890356723636e-5,-2.4622978693228835e-5,-1.0428663900296494e-5,-4.4254806269736805e-6,-2.135429285140286e-6,-1.066429589754055e-6,-4.908090631063926e-7,-2.1101870757648638e-7,-1.3128547776937822e-7,-1.1165257009784508e-7,-0.21061655834002077
42.5,-3.125308942488673e-6,-3.3987217563066597e-6,-9.708641113831558e-6,-4.006797318372121e-5,-0.00014794713555866138,-0.000433687537098219,-0.001403345802399327,-0.004706120923206525,-0.015115412340423491,-0.011555027025343789,0.5289306640625,-0.02614409109616928,-0.00864441517256538,-0.0012494362553080764,-0.00019326295107152886,-4.7889675978807525e-5,0.07582915729626429,-0.2338863038584545,-0.05944458307456394,-0.013744305267794975,-0.0033965647400686027,-0.0008732970027404969,-0.0002390028306724802,-7.190629052071413e-5,-2.481833415449206e-5,-1.051415635829966e-5,-4.4625903848344826e-6,-2.1536039678081644e-6,-1.0755883277959423e-6,-4.950589257689176e-7,-2.128613493377146e-7,-1.3242744041601156e-7,-1.1261418351715043e-7,-0.21319884331925038
43.0,-3.152990466113177e-6,-3.4294508290659985e-6,-9.79197478861607e-6,-4.038815400661659e-5,-0.00014906881934206292,-0.00043685158033745527,-0.0014133473177330733,-0.004739485838622125,-0.015236148661357038,-0.012627817712881774,0.5406944989437783,-0.026737573283676656,-0.008708336562188371,-0.001258268187053254,-0.00019467297907682345,-4.826653242291281e-5,0.07251657099882282,-0.237123541241326,-0.05994768517255063,-0.013844226422266657,-0.003421089800462982,-0.0008796611941473001,-0.00024077388545177495,-7.245336234389475e-5,-2.501351798228987e-5,-1.0599532752688918e-5,-4.499645276259619e-6,-2.1717496345725665e-6,-1.0847317665432696e-6,-4.993019740904747e-7,-2.1470102356336e-7,-1.3356747965995234e-7,-1.1357404938772365e-7,-0.2157799527724344
43.5,-3.1805882832525e-6,-3.460088106057975e-6,-9.875077743004455e-6,-4.070751323980867e-5,-0.00015018782451793866,-0.0004400089158032236,-0.0014233299252489901,-0.004772796011403248,-0.015356684739496052,-0.01370008042211619,0.5524559827729655,-0.02733032076740553,-0.008772156389818452,-0.0012670891342566452,-0.0001960810487724143,-4.8642606668601944e-5,0.06920929761811685,-0.24036610306569817,-0.06045177840034047,-0.013944229690690054,-0.003445623144282315,-0.0008860261958891531,-0.0002425446476100795,-7.30001471734119e-5,-2.520850766731533e-5,-1.0684789566385061e-5,-4.536640025630278e-6,-2.1898629442082433e-6,-1.0938579716024712e-6,-5.035370210568305e-7,-2.1653737854550163e-7,-1.3470540865636754e-7,-1.1453196987385926e-7,-0.21835958705567882
44.0,-3.2044699544993052e-6,-3.486715209335539e-6,-9.946326030210066e-6,-4.0975894520109873e-5,-0.00015111321589017564,-0.00044258668163391757,-0.0014314193199768527,-0.004799835271345525,-0.015459374718795731,-0.014765042192626216,0.5641615484416305,-0.02790443846826467,-0.008825081712889888,-0.0012742019852122512,-0.0001972268625328548,-4.8956695910306855e-5,0.06590688768830544,-0.2437356908515861,-0.060873221774835964,-0.014024148174643156,-0.003465341657310094,-0.0008911741644234096,-0.000243987719277961,-7.34506990884366e-5,-2.537132311173436e-5,-1.0756853815967223e-5,-4.568164661706754e-6,-2.205376077184504e-6,-1.1016979807948418e-6,-5.0718550713806e-7,-2.1812397694029476e-7,-1.3568723429025367e-7,-1.1535536208024018e-7,-0.22094832590339408
44.5,-3.229736299830801e-6,-3.515474366029764e-6,-1.0022447582368044e-5,-4.1256613714277205e-5,-0.00015206614739945288,-0.00044521320262344224,-0.0014396025334960385,-0.004827145723417806,-0.01556469234455028,-0.016099736769754,0.5786794334019779,-0.02853793752157436,-0.008878800804161233,-0.0012813639964942124,-0.00019839473541409587,-4.9283390363897805e-5,0.06017284450934372,-0.24714061356743297,-0.061288994964876206,-0.014103193657635921,-0.0034849351986657455,-0.0008962974627572605,-0.00024542462339574117,-7.389947839553982e-5,-2.5533530804866032e-5,-1.0828709151044353e-5,-4.599585895654478e-6,-2.2208434881310447e-6,-1.1095182064166603e-6,-5.108211998436656e-7,-2.1970314550525832e-7,-1.3666578464412618e-7,-1.161814470503907e-7,-0.22355340686809622
45.0,-3.2579049389257893e-6,-3.5483182585176383e-6,-1.0108510510618952e-5,-4.156716618112927e-5,-0.00015310346630044574,-0.00044804235239403486,-0.0014483486597631633,-0.0048562655636191,-0.015677926043369258,-0.017836876146022647,0.5973817300940568,-0.02926402077574024,-0.00893613723109496,-0.0012889791651434768,-0.00019965374847913438,-4.96427233125508e-5,0.05083153831274488,-0.2505691390023131,-0.06171421846234186,-0.014185337861859186,-0.003505398859790445,-0.0009016511663569425,-0.00024692453106364454,-7.436686164482843e-5,-2.570199327166347e-5,-1.0903198778449229e-5,-4.632078080221426e-6,-2.236823513372337e-6,-1.1175972890682811e-6,-5.145694390839681e-7,-2.2132744259282586e-7,-1.3767439503436542e-7,-1.1704174660672392e-7,-0.22618172175934667
45.5,-3.2860433311395776e-6,-3.5811308490005505e-6,-1.0194491139216366e-5,-4.187741758600102e-5,-0.00015413979479193327,-0.0004508689361036364,-0.0014570886634988007,-0.004885362354290089,-0.015791084831214743,-0.019574691161648384,0.6160921402208034,-0.02999005216846293,-0.008993428279265896,-0.0012965898319313534,-0.00020091206375565774,-5.0001746758233386e-5,0.04149028973997179,-0.254004809791588,-0.062140525287731896,-0.014267561298842877,-0.0035258704441911864,-0.0009070063105522686,-0.0002484244837501618,-7.483416611154274e-5,-2.587037976954999e-5,-1.0977630725755072e-5,-4.664541424738857e-6,-2.252787535903227e-6,-1.1256678428028196e-6,-5.183136776466699e-7,-2.2295000312253383e-7,-1.3868192831909685e-7,-1.1790106797540206e-7,-0.2288094834618698
46.0,-3.314142683774143e-6,-3.613902993072556e-6,-1.0280371179348393e-5,-4.218731728295185e-5,-0.0001551749753087669,-0.000453692548584722,-0.0014658202937722566,-0.0049144368157285935,-0.015904164386299803,-0.02131333019798256,0.6348079900367022,-0.030716037462125013,-0.009050671787780577,-0.0013041960868950698,-0.00020216956869713128,-5.03604044276782e-5,0.03215177829892254,-0.25744757983619715,-0.06256788662913343,-0.014349859646800061,-0.003546352833059259,-0.0009123631654549221,-0.00024992463902044154,-7.530135803172236e-5,-2.603866778921865e-5,-1.105199655197178e-5,-4.696971005295879e-6,-2.2687339730380706e-6,-1.1337291642044337e-6,-5.220536517508305e-7,-2.2457076114914703e-7,-1.3968824161697753e-7,-1.1875932322944489e-7,-0.23143662282707467
46.5,-3.3421970177948295e-6,-3.646628359991078e-6,-1.0366136562698197e-5,-4.2496794930397564e-5,-0.00015620880526718417,-0.0004565130547814499,-0.0014745434605463034,-0.004943485706594415,-0.016017166149220077,-0.023052876809572524,0.6535266518952983,-0.03144200834983065,-0.009107868476936825,-0.0013117978399973982,-0.00020342619577563422,-5.0718668184251586e-5,0.022818425630874863,-0.26089767963144356,-0.06299634282322449,-0.014432247311687182,-0.0035668471068413957,-0.0009177220011765863,-0.00025142497436517674,-7.576847679665441e-5,-2.6206862957996185e-5,-1.112629414685183e-5,-4.729364359937045e-6,-2.284660362821421e-6,-1.1417801102223803e-6,-5.257887019440982e-7,-2.2618936496474457e-7,-1.406932579918998e-7,-1.196163914692546e-7,-0.23406288631012792
47.0,-3.370198595627377e-6,-3.6792967502264097e-6,-1.045175704238458e-5,-4.2805771745763873e-5,-0.00015724103706480874,-0.00045932950930292874,-0.0014832553726668804,-0.004972502544207155,-0.016130069951636555,-0.024793434719304664,0.6722453137538944,-0.03216801957421433,-0.009165016185841172,-0.0013193949111638833,-0.00020468185495393874,-5.107647612735944e-5,0.013493249783703207,-0.26435483258296355,-0.06342589963238765,-0.01451472573409988,-0.0035873539858354182,-0.0009230828177172612,-0.0002529255348029814,-7.623548864237852e-5,-2.637494839390239e-5,-1.1200513662573435e-5,-4.761717268167306e-6,-2.300565122567635e-6,-1.1498190981710155e-6,-5.295181687741211e-7,-2.2780563871536594e-7,-1.4169674663554055e-7,-1.2047208584999818e-7,-0.2366881125643174
47.5,-3.3981421416529718e-6,-3.7119021847438955e-6,-1.0537220660338228e-5,-4.3114199896773546e-5,-0.00015827153564579899,-0.0004621419121491585,-0.0014919568404690377,-0.005001490569907013,-0.016242888758910026,-0.026535117734234857,0.690961440164157,-0.03289412011552793,-0.009222117075387084,-0.0013269870302828417,-0.000205936501213431,-5.14337832383879e-5,0.004178637464240959,-0.26781920003746934,-0.0638565858685358,-0.014597303557612025,-0.003607875630934793,-0.0009284464254119965,-0.0002544264103710831,-7.670242170552832e-5,-2.6542926910600633e-5,-1.1274651582057382e-5,-4.794027268031213e-6,-2.316445438613344e-6,-1.157845688415438e-6,-5.332420522408994e-7,-2.2941940654705074e-7,-1.4269865259353712e-7,-1.2132635141731298e-7,-0.2393121632924613
48.0,-3.4260202700052736e-6,-3.744436222553433e-6,-1.0622509127747256e-5,-4.342201748283248e-5,-0.0001593001546996598,-0.0004649498131340004,-0.0015006457930965367,-0.005030442220566856,-0.016355606724488412,-0.028278013730697403,0.7096722190833884,-0.033620298449006325,-0.009279164662894166,-0.0013345735670936792,-0.0002071899094610416,-5.179052198941614e-5,-0.0051227224557421356,-0.2712908050444911,-0.06428841881881668,-0.014679977901032324,-0.0036284131225862533,-0.0009338127342235646,-0.0002559276685974029,-7.716923659481672e-5,-2.6710778812447343e-5,-1.1348693133570997e-5,-4.82628802878619e-6,-2.3322999041268654e-6,-1.1658581224160432e-6,-5.369592092936898e-7,-2.310303607153681e-7,-1.4369875604843897e-7,-1.22178979344621e-7,-0.2419347388506656
48.5,-3.4496620764500064e-6,-3.7725204517473986e-6,-1.0694704212676002e-5,-4.3673508341939066e-5,-0.0001601150816480919,-0.000467120610695231,-0.0015072656902301708,-0.005052646481378561,-0.016450007516451832,-0.030016576415462435,0.7283248209881278,-0.034329641981787555,-0.00932480633438894,-0.0013403078580550916,-0.00020815708936161145,-5.2078612981606106e-5,-0.014404538895068212,-0.2749313861581854,-0.06461615432785357,-0.014739962863057761,-0.0036436373373532945,-0.0009378351473736259,-0.0002570630830580374,-7.7526419904657e-5,-2.6840938879824117e-5,-1.1406841004137906e-5,-4.851828706296009e-6,-2.3449232289708274e-6,-1.1722628115831094e-6,-5.399381753839439e-7,-2.3232457991914535e-7,-1.4450121064265215e-7,-1.228636667396862e-7,-0.24456097928418855
49.0,-3.473102002548127e-6,-3.800387325446231e-6,-1.0766297877059963e-5,-4.3922582264213045e-5,-0.0001609212974947385,-0.0004692669181305116,-0.001513808335422389,-0.005074602239441656,-0.016543729787866876,-0.031756280051977614,0.7469651605427445,-0.03503857926659714,-0.009370035995529498,-0.0013459781325475687,-0.00020911393749029614,-5.2363940956369266e-5,-0.02366765100069997,-0.2785846906126086,-0.06494169436912882,-0.01479931828478672,-0.003658707768535326,-0.0009418178541062462,-0.0002581872878838162,-7.788006925330782e-5,-2.6969810289378613e-5,-1.1464407149803602e-5,-4.877117560934444e-6,-2.3574225767726624e-6,-1.178604984667231e-6,-5.428881255707216e-7,-2.3360646736394513e-7,-1.452959386534775e-7,-1.2354164970250872e-7,-0.24718546795340823
49.5,-3.4964571670373042e-6,-3.828156424343046e-6,-1.0837650269810166e-5,-4.4170806460150056e-5,-0.0001617248347338593,-0.00047140647277371043,-0.001520331892722323,-0.005096503254870274,-0.01663729503435671,-0.03349745885843237,0.765593053350996,-0.035747672135736284,-0.009415186423909629,-0.0013516370623493483,-0.00021006873727204937,-5.264843045944894e-5,-0.03290996954880452,-0.2822462006998206,-0.06526808148064282,-0.014858701077832916,-0.0036737781997173576,-0.0009457994803921334,-0.00025931083993969365,-7.823332468908719e-5,-2.7098467860517184e-5,-1.152184527378608e-5,-4.90234205302335e-6,-2.3698881606140885e-6,-1.1849298361362468e-6,-5.458300304388082e-7,-2.3488488169302573e-7,-1.4608846848979705e-7,-1.2421758836304088e-7,-0.24980797436302163
50.0,-3.5197145567244633e-6,-3.85581930744774e-6,-1.0908731847461257e-5,-4.4418104960839195e-5,-0.0001625254007444641,-0.0004735387344014609,-0.0015268358219066055,-0.005118346286324215,-0.016730697493538754,-0.035240248250817244,0.7842055029739426,-0.036456943638735306,-0.009460251857146756,-0.0013572854577954803,-0.00021102135365102948,-5.2932030844904505e-5,-0.0421290267990435,-0.2859160547170034,-0.06559541362289936,-0.014918142935300522,-0.0036888554737286986,-0.0009497814668269316,-0.00026043398682804627,-7.858623123060901e-5,-2.722689471125963e-5,-1.1579142011184347e-5,-4.927496906943912e-6,-2.382316287561936e-6,-1.1912350798886708e-6,-5.487628348644406e-7,-2.361594492167212e-7,-1.4687850339805252e-7,-1.2489127389470458e-7,-0.2524281758196044
50.5,-3.5466279502496617e-6,-3.888870355901041e-6,-1.099277878590941e-5,-4.4702901153225913e-5,-0.000163428361592336,-0.0004759109002225709,-0.0015339883792796524,-0.005142192105872394,-0.016831726466060765,-0.03716975900701886,0.8056733745102436,-0.03721110986438763,-0.009509096693056227,-0.001363471735640235,-0.00021208890255124187,-5.325781929889114e-5,-0.05385759589895381,-0.28962458584603945,-0.06593601076984694,-0.014981406693011972,-0.0037049573713919186,-0.0009540325745354966,-0.00026163069413147664,-7.896099993649567e-5,-2.7362741192301955e-5,-1.163958934813828e-5,-4.953951673340221e-6,-2.395373444126362e-6,-1.1978603778491388e-6,-5.518362345314638e-7,-2.374908835148816e-7,-1.4770645681653296e-7,-1.2560802166493682e-7,-0.2550820756894944
51.0,-3.578903834445239e-6,-3.929793682748458e-6,-1.1095813028176746e-5,-4.5042937998505156e-5,-0.0001644831814794742,-0.000478641144098472,-0.0015421162199037673,-0.005169062816124308,-0.016944275881948787,-0.03937269193528282,0.8312711686886329,-0.03803229259940433,-0.009563661413970671,-0.001370466457753023,-0.0002133273421097378,-5.364575594933732e-5,-0.06920780516102955,-0.2933870067769307,-0.06629630950282348,-0.015050461645212778,-0.0037226154724996977,-0.000958692541295308,-0.00026293907010663313,-7.936896424279113e-5,-2.7509847954140688e-5,-1.1704819912816823e-5,-4.9823795211729324e-6,-2.409384608426303e-6,-1.2049704172516247e-6,-5.55122417490648e-7,-2.389087280528648e-7,-1.4859183754397732e-7,-1.2638935180214934e-7,-0.2577876756558606
51.5,-3.61129894762601e-6,-3.970868244001873e-6,-1.119928690534524e-5,-4.538474463804251e-5,-0.0001655444277737436,-0.0004813909260527965,-0.0015503099677786007,-0.005196178427635723,-0.017057915828739407,-0.0415916875049787,0.8569321185800605,-0.03886012800510556,-0.00961878436569721,-0.0013775287077866293,-0.00021457588834704948,-5.403593790315069e-5,-0.08457436230247474,-0.2971633496241267,-0.06665995618007695,-0.015120324771569936,-0.0037404824599758736,-0.0009634053599078129,-0.00026426108672179485,-7.978055817483055e-5,-2.7657995771425368e-5,-1.1770400075168768e-5,-5.010933280441336e-6,-2.423448880622304e-6,-1.2121048124276348e-6,-5.584191956509501e-7,-2.403308590311343e-7,-1.4947990004431872e-7,-1.2717320984004354e-7,-0.2604965025564695
52.0,-3.6456590529610023e-6,-4.014805004315794e-6,-1.1309721082268885e-5,-4.5747206380360075e-5,-0.00016666379309853037,-0.0004842812111010364,-0.0015588966381153671,-0.005224539794230389,-0.017176378889746536,-0.043899544776386364,0.8838456721464313,-0.03971418513272104,-0.00967631815423418,-0.0013849258062702651,-0.0002158918274493376,-5.4449563300141395e-5,-0.10100200457155165,-0.30096855048326565,-0.06703301282807779,-0.015192819866168895,-0.003759051377679646,-0.0009683010441298932,-0.00026563242122846066,-8.020653555400422e-5,-2.781089305247425e-5,-1.183793573356107e-5,-5.040279437655589e-6,-2.4378905354174603e-6,-1.2194297453698075e-6,-5.617995923694527e-7,-2.417869518055184e-7,-1.5039040590636432e-7,-1.2798186328636307e-7,-0.2632261892820053
52.5,-3.6800420193108547e-6,-4.059161000471461e-6,-1.1420758086569e-5,-4.6108064334558215e-5,-0.0001677680434237074,-0.0004871127918767785,-0.0015672673991799714,-0.005252212916256078,-0.0172939516626456,-0.04625258777076744,0.9113253221771148,-0.04057968635213339,-0.009732950850195755,-0.0013921295047886783,-0.00021718440189102264,-5.486050446227958e-5,-0.11789633068073192,-0.30483469430053345,-0.06738730715840965,-0.015262083704738099,-0.0037769331312611744,-0.0009730249373214123,-0.0002669554282531277,-8.061712782188485e-5,-2.7958087037877372e-5,-1.1902906034378127e-5,-5.068482544126827e-6,-2.4517682265614093e-6,-1.2264708500197917e-6,-5.650460323335721e-7,-2.4318400161267676e-7,-1.5126492765175003e-7,-1.2876332531404595e-7,-0.26596451958140577
53.0,-3.691598789884605e-6,-4.075556920329249e-6,-1.1457239342375104e-5,-4.619666940766159e-5,-0.0001679486243386283,-0.00048737444006064146,-0.001567574786275535,-0.005252648696438424,-0.017309792452348323,-0.047648565286596015,0.9301500579741786,-0.04100205458903241,-0.009736493274884642,-0.0013922658211515029,-0.00021732654816434462,-5.4957333873405914e-5,-0.12880343757007057,-0.3084861086934715,-0.06748027167651588,-0.015261709149870628,-0.0037768618217767906,-0.0009731109228739205,-0.0002670256122721646,-8.066079587734718e-5,-2.7983246815708828e-5,-1.1917878943987843e-5,-5.0761469631396755e-6,-2.455901849756068e-6,-1.2286786085664326e-6,-5.66112894348215e-7,-2.436650501215251e-7,-1.5156005456089815e-7,-1.2901277415696362e-7,-0.2682737598246318
53.5,-3.6634793898985464e-6,-4.041725431999411e-6,-1.1361837865407733e-5,-4.581911798870456e-5,-0.00016658725020028312,-0.0004834168537145655,-0.0015547522245216946,-0.005208212443348865,-0.017145808009582705,-0.04707948390810871,0.9310916773862349,-0.04054126854749605,-0.009649323552756871,-0.0013809332854798192,-0.00021557662962426593,-5.4522493454624876e-5,-0.12724917316724887,-0.3113611457571162,-0.067235122634565,-0.015157156480403104,-0.003748839355307403,-0.0009659332451143293,-0.00026514601761480833,-8.014192821576155e-5,-2.7825391859806555e-5,-1.185948276762876e-5,-5.054291481225332e-6,-2.446191018205305e-6,-1.2240528580634165e-6,-5.641362079056234e-7,-2.42884830062438e-7,-1.5104977033112276e-7,-1.284893558345161e-7,-0.26972486605456947
54.0,-3.6353111025114796e-6,-4.007838725525987e-6,-1.1266284450618521e-5,-4.544094475014332e-5,-0.0001652235688579767,-0.0004794525145764077,-0.0015419075136098256,-0.005163696237201057,-0.016981516719944887,-0.04650923564714968,0.9320354173550793,-0.040079494257347824,-0.009561967993791009,-0.00136957688994278,-0.00021382319963230467,-5.4086820191487085e-5,-0.1256926960095178,-0.3142461632673834,-0.06699013493932626,-0.015052397805758474,-0.003720753862778586,-0.0009587392706165141,-0.00026326212367982664,-7.962180003298733e-5,-2.7667123295389274e-5,-1.1800922695378523e-5,-5.032368823098092e-6,-2.4364492363575004e-6,-1.2194116324118797e-6,-5.621525752315933e-7,-2.4210162048602304e-7,-1.505376396347625e-7,-1.279643548264244e-7,-0.271173321588522
54.5,-3.6070977965105336e-6,-3.973901021404028e-6,-1.1170584021918364e-5,-4.506216094663136e-5,-0.0001638576703489367,-0.00047548142264616815,-0.0015290402933910174,-0.005119100798292823,-0.016816905618074078,-0.045937780167040865,0.9329813700788331,-0.03961670002548356,-0.009474426597987057,-0.0013581969046520682,-0.00021206612313261927,-5.365033096597274e-5,-0.12413414439405919,-0.31714109207568214,-0.06674522791744358,-0.014947408635810783,-0.003692602823147961,-0.0009515280990081971,-0.0002613735252996946,-7.910036631041063e-5,-2.7508443936120346e-5,-1.1742205761395553e-5,-5.010383209253006e-6,-2.4266780868982983e-6,-1.2147562505165255e-6,-5.601624359610263e-7,-2.4131572913671097e-7,-1.500237833714152e-7,-1.274379030231589e-7,-0.2726193569217924
55.0,-3.57883982360363e-6,-3.9399130230493774e-6,-1.1074733765643889e-5,-4.468278346014887e-5,-0.00016248957718247012,-0.00047150380301691616,-0.0015161511040886362,-0.005074425046177429,-0.01665198766933107,-0.045365128992547445,0.9339292589631325,-0.03915290890143357,-0.009386700085642834,-0.0013467924292354064,-0.0002103055351810513,-5.321301452342837e-5,-0.12257352984563821,-0.3200460013306033,-0.06650038428176926,-0.01484219473294261,-0.0036643855161177068,-0.0009442992801032398,-0.0002594803575302539,-7.857762704803144e-5,-2.7349345341009677e-5,-1.1683327745184797e-5,-4.988334639690074e-6,-2.4168779215356195e-6,-1.2100865365233937e-6,-5.581659219843923e-7,-2.405270241240315e-7,-1.4950826748631603e-7,-1.2690994547035692e-7,-0.27406278765813824
55.5,-3.5505382389145315e-6,-3.9058736753382716e-6,-1.097874141936936e-5,-4.430280384970576e-5,-0.0001611192443399631,-0.0004675195206328101,-0.0015032396755909991,-0.005029668620705965,-0.016486751348950713,-0.044791267717712954,0.9348793606023413,-0.03868810071685883,-0.009298782694375767,-0.0013353638238417058,-0.00020854134574037304,-5.277488211850746e-5,-0.12101084083948971,-0.3229609371312075,-0.06625565589374646,-0.014736748894175734,-0.003636100140943268,-0.0009370529039388697,-0.00025758248531566283,-7.805354285456263e-5,-2.7189833137383993e-5,-1.1624290756993783e-5,-4.966221355869691e-6,-2.4070483885615432e-6,-1.2054023145785234e-6,-5.561628574477311e-7,-2.3973554941147474e-7,-1.4899098207073967e-7,-1.2638050414976352e-7,-0.27550359074802916
56.0,-3.522193042443238e-6,-3.871785088518235e-6,-1.0882602059183885e-5,-4.392223055629211e-5,-0.0001597467506039899,-0.00046352857549385,-0.0014903060979353337,-0.004984832962474074,-0.016321198097528647,-0.04421621362968514,0.9358315827983383,-0.03822228987771579,-0.009210678025674964,-0.0013239112685454217,-0.00020677353230127754,-5.233594500586346e-5,-0.11944613499943943,-0.32588592252702514,-0.06601100241669715,-0.014631071119510154,-0.0036077474179224667,-0.0009297891505895424,-0.00025567995367453537,-7.75281643759448e-5,-2.7029912952570037e-5,-1.1565091279743301e-5,-4.944045116331462e-6,-2.3971889604141884e-6,-1.200703936389836e-6,-5.541533742415131e-7,-2.3894137094427586e-7,-1.484720150516664e-7,-1.258496120339963e-7,-0.27694176619146527
56.5,-3.4938035307739075e-6,-3.837646559173427e-6,-1.0786319905582511e-5,-4.3541069207234685e-5,-0.00015837205095593662,-0.0004595311026558775,-0.0014773502810844121,-0.004939916270737202,-0.016155330796256168,-0.0436399407977424,0.9367860177492447,-0.03775544757209155,-0.00912238391864696,-0.0013124341330859597,-0.0002050021398823787,-5.1896180676189436e-5,-0.1178794353750177,-0.3288211419142985,-0.06576644113776907,-0.01452515996835023,-0.0035793259064596586,-0.0009225072997574359,-0.00025377262755102984,-7.700143533891061e-5,-2.6869553836270763e-5,-1.1505731423680876e-5,-4.921803459119941e-6,-2.3873001646554364e-6,-1.1959908743954496e-6,-5.521371206578171e-7,-2.3814433485021944e-7,-1.4795131147473353e-7,-1.2531719218694755e-7,-0.2783770604436131
57.0,-3.462764603336232e-6,-3.800856503812748e-6,-1.0682409207176227e-5,-4.3127438182917246e-5,-0.00015687556470268802,-0.00045517568681895554,-0.0014632473899518616,-0.004891353791573977,-0.015980193262013782,-0.043060181724340896,0.9377223818683912,-0.03728014608884506,-0.009028168243223807,-0.001299945519409871,-0.00020307178673787418,-5.141671555640114e-5,-0.11630353898800391,-0.33190860344924233,-0.0654466865286006,-0.014405963644160245,-0.0035479047147168852,-0.0009144622033456302,-0.00025165184566981844,-7.64077129770982e-5,-2.6684817140556175e-5,-1.1435524191921211e-5,-4.894801786906589e-6,-2.3750698734131105e-6,-1.1900985357421943e-6,-5.495718070460636e-7,-2.371085770048336e-7,-1.4728257183570787e-7,-1.2466246591039633e-7,-0.27978623957792437
57.5,-3.4296590401551875e-6,-3.761996295629491e-6,-1.0572540576589432e-5,-4.268842228769896e-5,-0.00015528384157177904,-0.0004505405253153913,-0.0014482470077330253,-0.004839933890950643,-0.01579776199202523,-0.04247741468723447,0.9386452850618391,-0.03679798737033256,-0.008929286478509355,-0.0012866623271988239,-0.00020101668701431183,-5.090616508372961e-5,-0.11471997863216342,-0.3351177895537316,-0.06506817866668241,-0.014276330204528623,-0.0035141241874579576,-0.000905816738699138,-0.0002493633919612158,-7.576147640219628e-5,-2.648100662087386e-5,-1.13568492402573e-5,-4.864088541003693e-6,-2.3610150973309743e-6,-1.1832877118534371e-6,-5.465788605659525e-7,-2.3588691954149265e-7,-1.464985269529807e-7,-1.239124707507639e-7,-0.2811739826490512
58.0,-3.3965084583602643e-6,-3.7230822761343327e-6,-1.0462512974022378e-5,-4.2248759249906164e-5,-0.00015368967618106715,-0.0004458976656288539,-0.0014332206947925948,-0.004788419991461532,-0.015614974894912582,-0.04189337992596122,0.9395702166139539,-0.0363147424427044,-0.008830185022959175,-0.0012733493326653887,-0.00019895717546658932,-5.039465233818642e-5,-0.11313435534336055,-0.33833886921585865,-0.0646892328636884,-0.014146358224920635,-0.0034802532628223615,-0.0008971481344851122,-0.0002470689507769674,-7.511357976590759e-5,-2.627668401445867e-5,-1.1277987179979457e-5,-4.833302843269085e-6,-2.3469277882661525e-6,-1.176460885254278e-6,-5.435788799274228e-7,-2.3466231652431392e-7,-1.4571266857628624e-7,-1.2316089290548736e-7,-0.2825582452411018
58.5,-3.363314264783146e-6,-3.684118665822323e-6,-1.0352332026801801e-5,-4.180844062854876e-5,-0.0001520930460212454,-0.0004412471977965709,-0.0014181683610933425,-0.004736809211915353,-0.015431817564719393,-0.0413080399850344,0.9404973609209781,-0.03583039690000413,-0.008730858114190693,-0.0012600059955861994,-0.00019689320707609286,-4.988219420175178e-5,-0.11154668064636046,-0.3415718424356236,-0.06430972234720189,-0.014016034739975482,-0.0034462872588742538,-0.000888455580368503,-0.00024476822949608286,-7.44639724222915e-5,-2.6071857762300717e-5,-1.1198940121335205e-5,-4.8024471556582115e-6,-2.332810408174091e-6,-1.1696194627764002e-6,-5.405723926923561e-7,-2.3343492182551283e-7,-1.4492509562347725e-7,-1.224078422832919e-7,-0.2839391426017277
59.0,-3.3300747008842285e-6,-3.6451019476142535e-6,-1.0241997031511856e-5,-4.1367463609963386e-5,-0.00015049392858300684,-0.0004365891218185425,-0.0014030894664119017,-0.004685104433503396,-0.015248292882636955,-0.04072142655755818,0.9414267179829117,-0.03534496802937948,-0.008631310794288659,-0.0012466330362590778,-0.00019482484937074322,-4.936879630175242e-5,-0.10995697759069345,-0.3448168705597385,-0.06392976236487444,-0.013885369833862673,-0.003412230857549477,-0.0008797398866843601,-0.00024246145321163166,-7.381270501728864e-5,-2.5866519423409892e-5,-1.1119710174572071e-5,-4.771520423047312e-6,-2.318659967537463e-6,-1.1627627410039622e-6,-5.375587833718906e-7,-2.3220458157287397e-7,-1.4413573115844605e-7,-1.2165320897545227e-7,-0.2853164211860956
59.5,-3.2967932837427202e-6,-3.6060349351734915e-6,-1.0131510801815915e-5,-4.092585070345697e-5,-0.00014889236888496538,-0.00043192339267615463,-0.0013879847310460946,-0.004633303135183282,-0.015064399408069622,-0.040133513712810966,0.9423581034035121,-0.03485843278130016,-0.008531537300870497,-0.0012332295543117466,-0.00019275201231331264,-4.885444738353487e-5,-0.10836526922588982,-0.3480736769938397,-0.0635492549562022,-0.013754349100625767,-0.0033780797370611,-0.0008709997929114949,-0.00024014839683054437,-7.315972127763166e-5,-2.566066337045946e-5,-1.1040296636274213e-5,-4.740525107391831e-6,-2.3044798075815163e-6,-1.1558913354258253e-6,-5.345387553818682e-7,-2.3097147162035782e-7,-1.433446301355553e-7,-1.2089713586331135e-7,-0.286690265390448
60.0,-3.2634682548190173e-6,-3.5669169250841946e-6,-1.0020871227466447e-5,-4.048359346803942e-5,-0.0001472883556724675,-0.00042725023546247683,-0.0013728540649586933,-0.004581408198146302,-0.01488014578459126,-0.03954433026270564,0.9432917937771431,-0.03437081132410516,-0.008431542676020965,-0.0012197963600792552,-0.00019067476343172194,-4.8339158701752605e-5,-0.10677156707671474,-0.35134276882759397,-0.06316829231930643,-0.013622986946221204,-0.003343835698153677,-0.0008622364695338684,-0.0002378292404272765,-7.25050437126275e-5,-2.545429804443953e-5,-1.096069458253074e-5,-4.7094573399046396e-6,-2.290266411227042e-6,-1.149004190918227e-6,-5.31511649269937e-7,-2.2973539413225886e-7,-1.4255171561869723e-7,-1.2013946907465372e-7,-0.2880602142241786
60.5,-3.2301020760685657e-6,-3.52775037930181e-6,-9.91008323237435e-6,-4.0040705972027564e-5,-0.0001456819902373945,-0.0004225693800658258,-0.0013576976482241535,-0.004529419262243542,-0.01469552913101058,-0.03895384451413803,0.9442276047075623,-0.03388209501422064,-0.008331322597953128,-0.0012063327332637822,-0.00018859309147131766,-4.7822941511059095e-5,-0.10517590571746366,-0.3546238925161679,-0.0627868053055962,-0.013491266083501256,-0.003309498020529387,-0.0008534489261419751,-0.00023550375890875872,-7.18486498129692e-5,-2.5247426259013462e-5,-1.0880913157747591e-5,-4.678321692788709e-6,-2.276022943845328e-6,-1.142102714312851e-6,-5.284780805249588e-7,-2.2849661288951774e-7,-1.417571085074697e-7,-1.1938038446343985e-7,-0.2894266134302422
61.0,-3.1964376490011677e-6,-3.4882848817866376e-6,-9.798441993866081e-6,-3.9594225427895515e-5,-0.00014406218674607867,-0.0004178493134564864,-0.0013424142789984757,-0.004477019396433297,-0.014509775847466691,-0.03836188071443955,0.9451640610248301,-0.03339165863313704,-0.00823038510325452,-0.0011927519680149966,-0.00018649315320833212,-4.7302199949670775e-5,-0.10357736316692433,-0.357934796197897,-0.062397187570070574,-0.013358015308207256,-0.003274804515780999,-0.0008445708953361857,-0.00023315306696646882,-7.118440016518907e-5,-2.5037707046259568e-5,-1.0799877542518416e-5,-4.646635974484448e-6,-2.261509716488263e-6,-1.1350651267420759e-6,-5.253811164272336e-7,-2.2723017861149372e-7,-1.4094539959858708e-7,-1.1860727549887901e-7,-0.29078367757653184
61.5,-3.158184488689431e-6,-3.4443270189974602e-6,-9.674088624263817e-6,-3.9094257143148844e-5,-0.00014224369360240924,-0.0004125518831241527,-0.0013252977518156577,-0.004418874795343221,-0.014309926335545104,-0.03776512261243745,0.9460750706606401,-0.03288901464456518,-0.008120350247063306,-0.0011775774537976776,-0.00018413992896901157,-4.671624329875243e-5,-0.10196066911126912,-0.3615726805165455,-0.06186953195992553,-0.013203162801229702,-0.003235324271856118,-0.0008344679980839848,-0.00023045397597137174,-7.040777280251425e-5,-2.4785774442004294e-5,-1.0699544417083804e-5,-4.606326377959049e-6,-2.2427077627434113e-6,-1.1258536325120494e-6,-5.212656501539929e-7,-2.2551839417859552e-7,-1.398586111320492e-7,-1.1760956805418851e-7,-0.29203900109605124
62.0,-3.1198880683034206e-6,-3.400317455143907e-6,-9.549573469017929e-6,-3.859357981523358e-5,-0.00014042247683260017,-0.00040724580921795434,-0.0013081512422359963,-0.004360620708984191,-0.014109667694460589,-0.037167004588147305,0.9469882008532383,-0.03238518936756515,-0.008010058964847439,-0.0011623670147264831,-0.00018178140378790678,-4.61291977601109e-5,-0.10034191212265153,-0.3652247402963321,-0.061340666249439436,-0.013047846422454741,-0.0031957258990884187,-0.0008243355686210794,-0.00022774732184914303,-6.96291027202347e-5,-2.453324252745176e-5,-1.0599003080560002e-5,-4.5659397573989685e-6,-2.2238722208921104e-6,-1.1166264872795415e-6,-5.171430617953535e-7,-2.2380366419185954e-7,-1.3876996520805395e-7,-1.1661033287821648e-7,-0.2932896686104489
62.5,-3.0815480361352155e-6,-3.3562547833942933e-6,-9.424896528128411e-6,-3.80922046988032e-5,-0.00013859855894595834,-0.000401931181775119,-0.0012909748402967194,-0.004302257497505119,-0.0139089984836175,-0.03656754392871684,0.9479036359988671,-0.03188021737643239,-0.007899512697202562,-0.001147121281062008,-0.00017941772397551292,-4.5541099911369945e-5,-0.09872116134966248,-0.3688910446858478,-0.06081057315146455,-0.01289206761247802,-0.003156011198222457,-0.0008141739670963806,-0.00022503310459978272,-6.884838991835038e-5,-2.4280114116265335e-5,-1.049825705002622e-5,-4.525477871343809e-6,-2.205003970204163e-6,-1.1073836910445525e-6,-5.130137030592362e-7,-2.2208601063303087e-7,-1.3767952777183646e-7,-1.1560953699834532e-7,-0.2945357031692551
63.0,-3.0431675575561033e-6,-3.31214287253575e-6,-9.300064835753686e-6,-3.759015430316464e-5,-0.00013677200747040462,-0.00039660818087010227,-0.001273768636035055,-0.0042437851609060055,-0.013707912940633261,-0.03596671182223317,0.948821191701284,-0.03137408138401919,-0.00778870928323521,-0.0011318396225436576,-0.00017704881074925564,-4.495196382084642e-5,-0.09709846289136259,-0.37257134014025917,-0.06027921232932284,-0.01273581052474745,-0.0031161762076202114,-0.0008039822931376108,-0.00022231121167675606,-6.806564002418806e-5,-2.402639483577175e-5,-1.0397309139145825e-5,-4.484943181749017e-6,-2.186104593365214e-6,-1.0981264747848053e-6,-5.088777937630917e-7,-2.2036571926479522e-7,-1.3658749665910225e-7,-1.14607345277663e-7,-0.2957772661191819
63.5,-3.0047459291502427e-6,-3.267981019152435e-6,-9.175075578230385e-6,-3.708742300099117e-5,-0.00013494279989663207,-0.0003912767164656763,-0.001256533619860508,-0.004185204779633582,-0.013506424030868668,-0.03536454860537434,0.9497409601586103,-0.030866784271516828,-0.00767765448532796,-0.0011165225793947986,-0.00017467472038240232,-4.4361764165570005e-5,-0.09547379369822154,-0.37626585715486927,-0.059746635644457494,-0.012579096768197696,-0.0030762245287707926,-0.0007937615371542755,-0.00021958173311729086,-6.72808642924012e-5,-2.3772079058644273e-5,-1.0296158644502977e-5,-4.444332874951226e-6,-2.167172331835658e-6,-1.0888539592304978e-6,-5.047352020164496e-7,-2.1864252630621195e-7,-1.354936630432733e-7,-1.136036478074442e-7,-0.2970140808658657
64.0,-2.9662813923780292e-6,-3.223766761288902e-6,-9.049926645310984e-6,-3.65839910966392e-5,-0.00013311091371533373,-0.0003859367435432273,-0.0012392684412146622,-0.004126514913092207,-0.01330452022955857,-0.03476102258503617,0.950662941370846,-0.030358334682499172,-0.007566345422289523,-0.001101170151615431,-0.00017229541911099254,-4.377051501385755e-5,-0.0938471364830916,-0.3799747801259205,-0.059212854621633663,-0.012421911936872315,-0.003036154360929645,-0.0007835110688857802,-0.00021684471394000098,-6.649402333170265e-5,-2.351716819171459e-5,-1.0194800642186782e-5,-4.403647302658356e-6,-2.1482075373234164e-6,-1.079565704746729e-6,-5.005857080018592e-7,-2.16916431757281e-7,-1.3439807088783974e-7,-1.1259842260594387e-7,-0.2982459860625944
64.5,-2.927775002363225e-6,-3.1795032643164394e-6,-8.924620850658849e-6,-3.6079886726742425e-5,-0.0001312763939451235,-0.0003805882621027552,-0.00122197382039534,-0.004067715561281878,-0.013102204417894253,-0.0341561510483664,0.9515870431398697,-0.029848735498157513,-0.007454782814417721,-0.00108578251928001,-0.00016991092944433322,-4.3178216365709046e-5,-0.09221853158265082,-0.38369810905341295,-0.0586778577360862,-0.012264266114940817,-0.0029959667845435014,-0.0007732311584438082,-0.00021410010912627253,-6.570517341535977e-5,-2.3261662234982695e-5,-1.0093237945860606e-5,-4.362885409746645e-6,-2.129209858120568e-6,-1.07026232682236e-6,-4.964293996463009e-7,-2.1518752354498266e-7,-1.33300709201929e-7,-1.1159169165490707e-7,-0.29947295865983764
65.0,-2.889230627892961e-6,-3.1351908799429676e-6,-8.799163821600714e-6,-3.55751127049642e-5,-0.00012943927434996177,-0.0003752315872745572,-0.0012046502976259077,-0.0040088096053938855,-0.012899480917662652,-0.03354992823298244,0.9525132654656816,-0.029337966550152826,-0.007342963060223444,-0.0010703588720534863,-0.00016752124012777092,-4.258488791676806e-5,-0.09058805967025527,-0.38743545209533137,-0.05814156431445903,-0.012106137693468537,-0.002955658918421074,-0.0007629211755677653,-0.00021134771609234305,-6.491425827010521e-5,-2.3005565408943644e-5,-9.99147758968287e-6,-4.322051768419065e-6,-2.110181580328599e-6,-1.060944440946253e-6,-4.922665846942055e-7,-2.134558895962971e-7,-1.3220172086688396e-7,-1.1058357585393162e-7,-0.30069529830148933
65.5,-2.847374395785285e-6,-3.0877029247514433e-6,-8.664847270014423e-6,-3.5033440301785654e-5,-0.00012746638986999535,-0.00036948464608264474,-0.0011860983069209533,-0.003946097955963042,-0.012687611075686544,-0.0329399541065412,0.9534261190639162,-0.028819026543654706,-0.007225212373762333,-0.0010538806187782403,-0.0001649622920776782,-4.194663370483951e-5,-0.08894155680953196,-0.3915002367647753,-0.0575011907387356,-0.01193339803067579,-0.002912152389745338,-0.0007517874871135838,-0.00020835724211891611,-6.404463370581048e-5,-2.2719123223486984e-5,-9.875543404291763e-6,-4.274809657064269e-6,-2.0879446711740105e-6,-1.0499956854408061e-6,-4.873374861093897e-7,-2.1138817674742049e-7,-1.3089502702278627e-7,-1.0940670619614626e-7,-0.3017615465239096
66.0,-2.8038647847413297e-6,-3.038621380970197e-6,-8.526074579069982e-6,-3.447319490671878e-5,-0.00012542500956901252,-0.00036354023074095345,-0.001166922538302096,-0.003881444023455018,-0.012470982946297914,-0.032327409957470854,0.9543336251711197,-0.028295427650843502,-0.0071043845750053845,-0.001036860251354667,-0.00016231657064933431,-4.1285602887951715e-5,-0.08728620869155376,-0.395735449661301,-0.05680810288720261,-0.011753118290281727,-0.0028669888159299547,-0.0007402281926837933,-0.00020524434002504609,-6.313490318387657e-5,-2.2417353606836312e-5,-9.752504015482085e-6,-4.224363486549826e-6,-2.064107666833163e-6,-1.0382344846380172e-6,-4.820267844303677e-7,-2.0915327074563307e-7,-1.294850519495338e-7,-1.0814589924485707e-7,-0.3027475823808653
66.5,-2.760314375578547e-6,-2.9894895429562586e-6,-8.387140102481914e-6,-3.3912223586503116e-5,-0.00012338078184070183,-0.0003575866316020309,-0.0011477144463184737,-0.00381667016135962,-0.012253913994642183,-0.03171348283658215,0.9552432518351114,-0.027770627301265106,-0.006983276580395655,-0.0010197998173647417,-0.00015966501931049312,-4.0623426910073374e-5,-0.08562893593779504,-0.3999872121205863,-0.05611295786508981,-0.011572263752225663,-0.002821686944932736,-0.0007286344590143855,-0.00020212268181077662,-6.222285983065463e-5,-2.2114919965630932e-5,-9.629245160929747e-6,-4.173839236876936e-6,-2.0402384812175508e-6,-1.026458072467648e-6,-4.767095321913185e-7,-2.069155510804782e-7,-1.2807336230016683e-7,-1.0688360852577647e-7,-0.30372762535994147
67.0,-2.716727916353869e-6,-2.9403105760809156e-6,-8.248050170992797e-6,-3.335056010509906e-5,-0.00012133377421298415,-0.0003516238936844909,-0.001128474211044542,-0.003751776369676849,-0.012036397738038954,-0.031098158337918652,0.9561549990558912,-0.02724463413849338,-0.006861889830528789,-0.0010026991367340088,-0.00015700760429719423,-3.9960131094174806e-5,-0.08396976159778606,-0.4042551092510857,-0.05541570381095402,-0.011390830094720661,-0.0027762437154879383,-0.0007170059259564495,-0.00019899217743888002,-6.130846988218429e-5,-2.1811836368187677e-5,-9.505772467961485e-6,-4.123241831956493e-6,-2.016338697012818e-6,-1.0146676799074221e-6,-4.713862129906333e-7,-2.046753474781318e-7,-1.2666011194690073e-7,-1.0562003187460999e-7,-0.3047019751050321
67.5,-2.6731006590103637e-6,-2.891080787410999e-6,-8.108797750444211e-6,-3.278817069854621e-5,-0.00011928395292189907,-0.0003456520620069475,-0.001109201112182479,-0.003686762288257795,-0.011818434176488226,-0.030481453748628092,0.9570689590315804,-0.026717430875380595,-0.00674022216451132,-0.0009855582094624683,-0.00015434433686409112,-3.929567886263222e-5,-0.08230865685961397,-0.4085396020434054,-0.054716392586238435,-0.011208821639553657,-0.0027306612884890275,-0.0007053428636216685,-0.0001958528494186632,-6.039177272975265e-5,-2.150808874618971e-5,-9.382081716082247e-6,-4.072566347877605e-6,-1.9924053247016364e-6,-1.0028619880526358e-6,-4.660561673759604e-7,-2.024323082306729e-7,-1.252451909810102e-7,-1.0435496046477958e-7,-0.30567042417036444
68.0,-2.6294359447732794e-6,-2.8418033423177967e-6,-7.969389874994574e-6,-3.222508913080498e-5,-0.00011723132922210002,-0.0003396710690414798,-0.0010898956899556508,-0.0036216279171024566,-0.011600024750585643,-0.02986334890037145,0.9579850395640578,-0.026189034799074477,-0.0066182764635345365,-0.0009683773056618037,-0.00015167521701118378,-3.8630109606732776e-5,-0.08064566205995681,-0.4128403217050604,-0.05401495504235213,-0.011026230463448607,-0.0026849369628191714,-0.0006936448668425177,-0.00019270467524081918,-5.9472734609399315e-5,-2.1203685540627138e-5,-9.258179236034613e-6,-4.021815950011558e-6,-1.968442057217176e-6,-9.91042403734973e-7,-4.607199668726712e-7,-2.0018674108253235e-7,-1.2382870931122057e-7,-1.030885811411182e-7,-0.3066331800017112
68.5,-2.5857330702267744e-6,-2.7924768339696245e-6,-7.829823730980521e-6,-3.1661295706231786e-5,-0.00011517593687754743,-0.00033368102733462236,-0.0010705584845874245,-0.0035563750569553893,-0.011381172341522493,-0.02924386396148774,0.9589032406533232,-0.025659448790766322,-0.0064960527275984385,-0.0009511565153692424,-0.00014900031226639302,-3.7963417699149725e-5,-0.07898077719881455,-0.4171576370285357,-0.05331149490218148,-0.010843070972361953,-0.0026390745200419352,-0.0006819127909726606,-0.00018954778996118965,-5.855140053973817e-5,-2.089862534466827e-5,-9.134060103907687e-6,-3.970989583234592e-6,-1.9444466084579505e-6,-9.79208047684631e-7,-4.5537734769982514e-7,-1.979384481980046e-7,-1.2241055702880656e-7,-1.0182079498577311e-7,-0.3075898968561178
69.0,-2.5419929146406516e-6,-2.743103372614009e-6,-7.690103538897102e-6,-3.109681293413358e-5,-0.00011311779839754825,-0.00032768207194221703,-0.0010511888658172055,-0.0034910022672209494,-0.011161879110192244,-0.028623001813168254,0.9598236544974981,-0.025128678612838698,-0.006373552397298669,-0.0009338963788081512,-0.00014631961137506538,-3.7295603139883084e-5,-0.0773140541376304,-0.4214909948251038,-0.05260591420522269,-0.010659331641528541,-0.002593071619189398,-0.0006701458256770477,-0.00018638211479720033,-5.762775926611575e-5,-2.0592916599303214e-5,-9.009729243612361e-6,-3.920089357794232e-6,-1.9204205611096046e-6,-9.673597112444322e-7,-4.500285736383628e-7,-1.956876933580304e-7,-1.2099090998772858e-7,-1.0055168992572455e-7,-0.3085408974270086
69.5,-2.496219359709687e-6,-2.6918050138071585e-6,-7.545094363098778e-6,-3.0510580544205232e-5,-0.00011098043841177604,-0.00032145775336873495,-0.00103111569614929,-0.003423467503573599,-0.010937420623180009,-0.027999333384534024,0.9607388130487632,-0.024592900924452123,-0.0062477012415306805,-0.0009160356039006905,-0.00014354173780568058,-3.660131200832903e-5,-0.07563569106364178,-0.42613575177610463,-0.051833754939975336,-0.010467125930094646,-0.002545231058518332,-0.0006579029235955091,-0.0001830769719674148,-5.665716920554458e-5,-2.0268761476901364e-5,-8.876653517571101e-6,-3.865196544035504e-6,-1.8943852064090012e-6,-9.544869375575525e-7,-4.44197168382408e-7,-1.932247487330117e-7,-1.1944035066395796e-7,-9.917674276322194e-8,-0.309291735876723
70.0,-2.4475431593073097e-6,-2.6377645641947983e-6,-7.392555120713401e-6,-2.9893403484562012e-5,-0.0001087304531087328,-0.00031491341997849615,-0.0010100439235883178,-0.0033528718343314085,-0.010705718821269148,-0.02737224210064937,0.9616454893728758,-0.02405045760002021,-0.006117143659793358,-0.0008973280288661715,-0.00014062645617208451,-3.5869435961513e-5,-0.07394151024948074,-0.431222045529645,-0.05096617638164416,-0.010262937344092978,-0.002494797605762309,-0.000644988163720445,-0.00017957464760884058,-5.562000786970029e-5,-1.9918357688944864e-5,-8.73110341499039e-6,-3.8046028965864656e-6,-1.8654781565340265e-6,-9.401491245260501e-7,-4.3767540444116307e-7,-1.9045839008095807e-7,-1.1770253984491113e-7,-9.765042930425024e-8,-0.30975712894312923
70.5,-2.3988331949445236e-6,-2.583679095968559e-6,-7.239860423426974e-6,-2.927551175442347e-5,-0.00010647760912370826,-0.00030835956515142205,-0.0009889378468435697,-0.003282149752821447,-0.010473553867858702,-0.026743767844946364,0.9625541940556552,-0.023506805615842882,-0.00598629039580008,-0.0008785769658506457,-0.0001377048944418524,-3.513637254875592e-5,-0.07224550852242553,-0.43632650231306647,-0.05009561290913838,-0.010058082482605903,-0.002444207488229988,-0.0006320349579491284,-0.00017606259922966857,-5.458031986415206e-5,-1.9567261739799984e-5,-8.58533314325118e-6,-3.743933983642349e-6,-1.8365412114857728e-6,-9.25798122447513e-7,-4.3114796920969315e-7,-1.876896354186931e-7,-1.1596332219418059e-7,-9.612290684930034e-8,-0.3102156762990346
71.0,-2.3500891149134076e-6,-2.5295475540046786e-6,-7.087014491734548e-6,-2.8656913794779704e-5,-0.00010422192896600936,-0.00030179634645266116,-0.0009677979161011849,-0.0032112998184480697,-0.010240923602055207,-0.026113896211468562,0.963465111493344,-0.022961953615494003,-0.005855146131486691,-0.0008597832251891629,-0.0001347770863789446,-3.44021555340182e-5,-0.07054771469438904,-0.4414489377301265,-0.04922209333437087,-0.009852568548611643,-0.0023934612461447356,-0.0006190437114490843,-0.00017254092812177998,-5.35381389528603e-5,-1.9215470815803348e-5,-8.439346219432679e-6,-3.6831915637427587e-6,-1.807575074680082e-6,-9.114337554679806e-7,-4.2461473079752794e-7,-1.8491852870970693e-7,-1.1422265374827624e-7,-9.459413143488215e-8,-0.31066758539021194
71.5,-2.30131039165208e-6,-2.475370114157117e-6,-6.934011698309388e-6,-2.8037618046620822e-5,-0.00010196335636236876,-0.0002952235387891441,-0.0009466239512867078,-0.00314032311165801,-0.010007827303560838,-0.02548263872498112,0.9643780572896997,-0.022415895836591,-0.005723707985661902,-0.0008409461766211288,-0.0001318430094740542,-3.3666753967002797e-5,-0.06884809995345839,-0.4465895361770676,-0.04834561189495905,-0.009646389059429803,-0.002342558879506552,-0.0006060139740341739,-0.00016900958926656094,-5.2493442626518066e-5,-1.8862986323786646e-5,-8.293139829871518e-6,-3.6223749334718527e-6,-1.7785785151392311e-6,-8.970558477334926e-7,-4.1807560127768723e-7,-1.8214501499963694e-7,-1.1248054549807058e-7,-9.306411405186819e-8,-0.31111283316713084
72.0,-2.252497376868462e-6,-2.4211464247179534e-6,-6.780853449983179e-6,-2.7417596373313145e-5,-9.970194758605381e-5,-0.0002886412772167125,-0.0009254159524001384,-0.00306922035274909,-0.009774265692673421,-0.024849998266675322,0.9652932158409648,-0.021868642363303378,-0.005591977038772445,-0.0008220664504071377,-0.00012890270874579506,-3.293018754335329e-5,-0.06714665853725099,-0.4517480671585867,-0.04746618875924194,-0.009439551938336422,-0.002291501108613259,-0.0005929464660022194,-0.0001654686839558927,-5.1446236512452094e-5,-1.850981107741324e-5,-8.146716788231066e-6,-3.5614840928296307e-6,-1.749552587986983e-6,-8.826645750980093e-7,-4.1153084443111163e-7,-1.793691382519732e-7,-1.107369864526911e-7,-9.153287118656724e-8,-0.31155153487744286
72.5,-2.203647960315028e-6,-2.3668754305634253e-6,-6.627539043340078e-6,-2.6796868470500243e-5,-9.743768012775755e-5,-0.00028204956173536643,-0.0009041739194414767,-0.0029979919018702206,-0.009540248853562461,-0.024215986361316322,0.9662103105527757,-0.02132020472039629,-0.0054599576126052535,-0.000803144226621645,-0.00012595620670347415,-3.219245063574293e-5,-0.06544339044576686,-0.45692494556622926,-0.0465839074817669,-0.009232067269501008,-0.0022402911748050564,-0.0005798413674276761,-0.000161918302227003,-5.039656562927626e-5,-1.8155942263019768e-5,-8.000072874016273e-6,-3.500517283276489e-6,-1.720495007121851e-6,-8.682590582917284e-7,-4.0497975684195936e-7,-1.765906896401377e-7,-1.0899184472166744e-7,-9.000030392112654e-8,-0.31198313733242067
73.0,-2.154765131509106e-6,-2.3125587143791765e-6,-6.474070588627611e-6,-2.6175437151845487e-5,-9.517055398748e-5,-0.00027544843736371965,-0.0008828982125596338,-0.002926637759021402,-0.009305771023845385,-0.023580610211882347,0.9671295258213746,-0.02077058434846538,-0.005327651147755972,-0.0007841797753763343,-0.00012300357087501228,-3.145356293981529e-5,-0.063738336015684,-0.4621194799140861,-0.04569870755751688,-0.009023930731136633,-0.0021889267371140216,-0.0005666987683477718,-0.00015835842157058486,-4.9344418722337104e-5,-1.7801393948923065e-5,-7.85321301113803e-6,-3.439476966767873e-6,-1.6914082344992823e-6,-8.538405282923733e-7,-3.984230858895624e-7,-1.7380987799070842e-7,-1.0724531814070514e-7,-8.846651666883515e-8,-0.31240819372079165
73.5,-2.1046089441754667e-6,-2.2570502359048658e-6,-6.317358683468352e-6,-2.5540773174373764e-5,-9.285560682460981e-5,-0.00026871221213182296,-0.0008612026620847582,-0.0028539975244112965,-0.009068207438258606,-0.02294302995111287,0.9680470815237915,-0.020217659250126866,-0.0051933422549613655,-0.0007648572460762324,-0.00011999261343227053,-3.069851918883194e-5,-0.06202492613086528,-0.46766187777331947,-0.044769298634140156,-0.008810649105429289,-0.0021364521404047387,-0.0005532677800273607,-0.00015471366957235192,-4.826351617578293e-5,-1.7435471400663572e-5,-7.700931922366612e-6,-3.3759595713721663e-6,-1.661073778027224e-6,-8.387860224450013e-7,-3.915672433869266e-7,-1.7089774739630295e-7,-1.0541755802088116e-7,-8.686678967680613e-8,-0.31256057416564387
74.0,-2.051065282001416e-6,-2.1983930922684535e-6,-6.152117157810764e-6,-2.487146455985902e-5,-9.041587931872135e-5,-0.0002616259221584055,-0.0008384256744672885,-0.002778084256497755,-0.008823062718094656,-0.022301842438850517,0.968956615989662,-0.019657820733292225,-0.005054105804766053,-0.0007446356500383591,-0.00011683414124650177,-2.9901675654862222e-5,-0.060292022105790335,-0.4741172214289086,-0.04372461324732109,-0.008584505121513436,-0.0020812252857173676,-0.0005391188348528122,-0.00015085491033839314,-4.710886188504199e-5,-1.7039882992689702e-5,-7.534327880223352e-6,-3.305855741741254e-6,-1.6274109336454703e-6,-8.220324156316296e-7,-3.8391073780229984e-7,-1.676339968079504e-7,-1.0337220060672847e-7,-8.509054927196173e-8,-0.31198426675940566
74.5,-1.997491548800126e-6,-2.1396933919736088e-6,-5.986730025073913e-6,-2.4201466597819255e-5,-8.797334940411894e-5,-0.0002545302007853805,-0.0008156145627404988,-0.0027020434958697085,-0.008577454846431121,-0.021659313732043495,0.9698681788141994,-0.019096816774581495,-0.004914573312165874,-0.0007243701158333401,-0.00011366927641756225,-2.9103664450595025e-5,-0.05855743546500307,-0.48059155789746977,-0.042676225529696646,-0.008357655245731965,-0.0020258349234243893,-0.0005249299581677532,-0.0001469861569721533,-4.5951627464993125e-5,-1.6643596796200715e-5,-7.367509296248326e-6,-3.23567910857071e-6,-1.5937192492142004e-6,-8.052660594061242e-7,-3.762488247083888e-7,-1.6436796011811183e-7,-1.0132550230612725e-7,-8.331317680724686e-8,-0.31140086009783324
75.0,-1.943888096279518e-6,-2.080952014290134e-6,-5.821197636965718e-6,-2.353079898389805e-5,-8.552806209941645e-5,-0.00024742509303136176,-0.0007927695970160723,-0.002625875602676069,-0.008331388865352757,-0.0210154668802221,0.9707815856011612,-0.01853465745816418,-0.004774750539543405,-0.0007040611836845422,-0.00011049808647337277,-2.830449683068382e-5,-0.05682116620850347,-0.4870847488818212,-0.041624172936753565,-0.008130101638978341,-0.001970283394493725,-0.0005107019603072336,-0.00014310756703878098,-4.479183823860664e-5,-1.6246611404364925e-5,-7.200476170441535e-6,-3.165431782108059e-6,-1.5599997798571775e-6,-7.884873934033864e-7,-3.6858157005042875e-7,-1.610997692172576e-7,-9.927751807344013e-8,-8.153468876897029e-8,-0.3108103541809266
75.5,-1.8902515832143427e-6,-2.0221656179927806e-6,-5.655510849080237e-6,-2.285940825849141e-5,-8.307986546679206e-5,-0.00024031037380327992,-0.0007698898769217316,-0.0025495798566190137,-0.008084857571881343,-0.020370278833856035,0.9716971129449112,-0.01797134134344464,-0.004634634245558448,-0.0006837087185361234,-0.00010732053764997292,-2.7504153099485034e-5,-0.05508313366293547,-0.4935971631744477,-0.04056851021112632,-0.007901852944826432,-0.0019145706989253757,-0.000496434661196798,-0.00013921907301035533,-4.362948576489244e-5,-1.584891696936054e-5,-7.033219358397034e-6,-3.0951077833186464e-6,-1.526249536057073e-6,-7.716949228647522e-7,-3.6090829239432276e-7,-1.578290943792118e-7,-9.722798412772644e-8,-7.975494227578914e-8,-0.3102123571666706
76.0,-1.8365841198521257e-6,-1.963336137475114e-6,-5.489676343867966e-6,-2.2187330999223127e-5,-8.062887205278045e-5,-0.00023318624568489742,-0.0007469761677739123,-0.0024731564377729986,-0.007837869609590743,-0.019723776964262533,0.9726144842510858,-0.017406877073996737,-0.0044942291121468445,-0.0006633128554439257,-0.00010413671998459047,-2.6702650138978873e-5,-0.05334341273927257,-0.5001282936856826,-0.03950921142209333,-0.00767290772268059,-0.0018586980972405288,-0.00048212846600397116,-0.00013532078743341106,-4.246459536682083e-5,-1.545052755950441e-5,-6.865747301104926e-6,-3.0247123878212854e-6,-1.4924706280614134e-6,-7.54889527060024e-7,-3.532295852471875e-7,-1.5455613343967998e-7,-9.517715325905432e-8,-7.797405273186498e-8,-0.3096074913923834
76.5,-1.7828865854626696e-6,-1.9044644520069357e-6,-5.323694824744747e-6,-2.1514575647083296e-5,-7.817508185738163e-5,-0.00022605275369482817,-0.0007240286946656841,-0.0023966078671804007,-0.007590427139374425,-0.019075956949654662,0.9735338839159271,-0.016841270412203048,-0.004353534779159684,-0.0006428742246685432,-0.00010094665598653234,-2.590000201748217e-5,-0.05160198615036702,-0.506677771623041,-0.038446311143950036,-0.00744327389581686,-0.0018026659495880956,-0.0004677834647659809,-0.0001314127440719086,-4.129718392637201e-5,-1.5051448802123256e-5,-6.698062812228577e-6,-2.9542455956159763e-6,-1.4586635834320794e-6,-7.380718214780632e-7,-3.4554544860902286e-7,-1.5128095234389728e-7,-9.312493754044355e-8,-7.619203662350661e-8,-0.3089959643038378
77.0,-1.72915739736033e-6,-1.845549330610523e-6,-5.1575645331709765e-6,-2.084112532009171e-5,-7.571850613524906e-5,-0.00021890987532376523,-0.0007010474125784329,-0.0023199328843200315,-0.00734252800033892,-0.01842683031479758,0.974455127543193,-0.01627452712044615,-0.004212554127788256,-0.0006223926911541343,-9.775039067441243e-5,-2.5096208734994928e-5,-0.04985888270813173,-0.5132455969865228,-0.03737983242622675,-0.007212953625128709,-0.0017464756965637207,-0.0004533999275945104,-0.0001274950217084222,-4.012725707087272e-5,-1.4651680697217089e-5,-6.530163781520463e-6,-2.883707054994798e-6,-1.4248282263151109e-6,-7.212413225204788e-7,-3.3785586049808385e-7,-1.4800351811924618e-7,-9.107137543994798e-8,-7.440887196896896e-8,-0.3083776837029126
77.5,-1.6744237314358218e-6,-1.7857000729761275e-6,-4.988916364591288e-6,-2.015750500685859e-5,-7.322543157191435e-5,-0.00021166473717127682,-0.0006777497396728423,-0.002242293422675925,-0.00709231454440114,-0.01777580065309461,0.9753759101798527,-0.01570515906342567,-0.004070076337393677,-0.0006016426666265528,-9.451013092187957e-5,-2.4280007197057374e-5,-0.04810865407984062,-0.5203840365222574,-0.036276583945283,-0.006978727899649352,-0.00168944737702338,-0.0004387985903690949,-0.0001235129452363962,-3.8935425846058075e-5,-1.4243207117852128e-5,-6.358097011949361e-6,-2.8112627850040747e-6,-1.3900326186470305e-6,-7.039215978448845e-7,-3.2993638729732876e-7,-1.446254075022296e-7,-8.895542914697794e-8,-7.257477561113203e-8,-0.30725065386907574
78.0,-1.6165674267353609e-6,-1.7229794718752815e-6,-4.812596742840332e-6,-1.9443087741237392e-5,-7.062260725527012e-5,-0.00020411538573550313,-0.0006535212619066959,-0.0021618653280137167,-0.006835738697801112,-0.01712160312157023,0.9762906999386329,-0.015129946509877,-0.003923467999138501,-0.0005801328179339268,-9.114375152256554e-5,-2.3426911498214542e-5,-0.04633960262886347,-0.5292975203868485,-0.0350640605223503,-0.006733578857698469,-0.0016301013191661086,-0.00042358914170740594,-0.00011934749669538885,-3.767942621448609e-5,-1.3808559435011757e-5,-6.173248473115918e-6,-2.7329163285383107e-6,-1.3522468781622066e-6,-6.850738781068216e-7,-3.2129780328874773e-7,-1.4093210064282701e-7,-8.664397721346243e-8,-7.058128961987985e-8,-0.3045204831034035
78.5,-1.5586750719730046e-6,-1.660210862643229e-6,-4.636113928614066e-6,-1.872792907531888e-5,-6.801679482812969e-5,-0.00019655613020467614,-0.0006292575345658824,-0.002081307579743538,-0.00657870330119061,-0.016466134984687734,0.9772073336598376,-0.014553618935299785,-0.003776570101158857,-0.0005585793462044523,-8.777101324404114e-5,-2.257260873778709e-5,-0.04456877348286148,-0.5382311495409271,-0.03384745445136217,-0.006487728245668901,-0.0015705951751178845,-0.00040834066190748416,-0.00011517215531398162,-3.642082394429924e-5,-1.3373168945042388e-5,-5.9881579592328775e-6,-2.6544831760700375e-6,-1.314424560053606e-6,-6.662095401694947e-7,-3.126516795416118e-7,-1.3723565039388115e-7,-8.43306238589994e-8,-6.858624292472856e-8,-0.30178222195259397
79.0,-1.5007470188566745e-6,-1.5973947728418513e-6,-4.45947179069962e-6,-1.8012037450093156e-5,-6.540803930910692e-5,-0.00018898710563463748,-0.000604958872780699,-0.0020006216184610326,-0.006321215557547855,-0.015809400564234063,0.9781259957397093,-0.013976182102076597,-0.003629386605092766,-0.0005369828366801097,-8.439193296828658e-5,-2.171712283191364e-5,-0.04279618392898237,-0.5471848317863718,-0.03262681183137923,-0.006241182546241046,-0.001510930385474352,-0.000393053376062399,-0.00011098699987474886,-3.515961903549753e-5,-1.2937045495765807e-5,-5.802826173716081e-6,-2.5759650861388606e-6,-1.2765666315180116e-6,-6.473283642154536e-7,-3.0399816992813635e-7,-1.3353603477364694e-7,-8.201535809271634e-8,-6.658966300285948e-8,-0.29903593956523794
79.5,-1.4427834432403307e-6,-1.5345308507632273e-6,-4.282669273973232e-6,-1.729540864506517e-5,-6.279630130691471e-5,-0.00018140819947885242,-0.0005806249164022348,-0.0019198052832727346,-0.006063266103001159,-0.015151376810678902,0.9790463173857629,-0.013397633129016151,-0.0034819135493022076,-0.0005153427491375327,-8.100652757728208e-5,-2.0860439712277352e-5,-0.041021819561269705,-0.5561580600335159,-0.03140207215738441,-0.005993930234649751,-0.0014511045192303613,-0.00037772692402323927,-0.00010679190657650236,-3.389581430174433e-5,-1.2500190494013696e-5,-5.617255226813054e-6,-2.497362410452701e-6,-1.238673268409384e-6,-6.284312295145004e-7,-2.9533751624751715e-7,-1.298333746817222e-7,-7.969829531877479e-8,-6.459159381776271e-8,-0.29628211998147186
80.0,-1.3847832020732301e-6,-1.471618568845476e-6,-4.1057046198952955e-6,-1.6578041253403233e-5,-6.018158644887976e-5,-0.00017381947926524183,-0.0005562559355421729,-0.0018388601948487434,-0.005804862140528745,-0.01449209253593514,0.9799685751923621,-0.012817974897309733,-0.003334154535276292,-0.0004936597138373153,-7.761480269835435e-5,-2.000256359937328e-5,-0.039245680379723494,-0.5651513874710866,-0.030173313221542496,-0.005745986437149278,-0.00139112090776334,-0.00036236195855990637,-0.00010258704423904419,-3.262942662501983e-5,-1.2062599719291006e-5,-5.431444415107954e-6,-2.4186739180338346e-6,-1.2007441190198018e-6,-6.095172128333426e-7,-2.8666941075532325e-7,-1.261275492185091e-7,-7.737931463757693e-8,-6.25919694242031e-8,-0.2935204405078715
80.5,-1.3267473504791358e-6,-1.4086591580663202e-6,-3.928581345545021e-6,-1.5859946529760822e-5,-5.756395100826943e-5,-0.0001662210800496473,-0.0005318523353680383,-0.0017577881539336145,-0.005546008712215366,-0.013831556383576638,0.9808925847632647,-0.012237227575296362,-0.003186113884801951,-0.00047193418096559643,-7.42168708780381e-5,-1.914351700250836e-5,-0.037467789433874035,-0.5741643070094175,-0.028940586885296687,-0.005497357276271117,-0.0013309804514455652,-0.00034695881731200434,-9.837249164494863e-5,-3.136048976928446e-5,-1.1624283722835366e-5,-5.245395497140387e-6,-2.339901015713946e-6,-1.162779359203226e-6,-5.905868417338617e-7,-2.779939413785349e-7,-1.224186133383703e-7,-7.505847649892168e-8,-6.059081729936197e-8,-0.29075083199584595
81.0,-1.2686736902835416e-6,-1.3456498926893732e-6,-3.751293120179832e-6,-1.5141096337504258e-5,-5.49432936932025e-5,-0.00015861275422969254,-0.000507413395582009,-0.0016765868195594258,-0.005286697534636068,-0.013169752507051312,0.981818530494713,-0.011655373875828308,-0.003037787276092253,-0.00045016574535485123,-7.081263082445208e-5,-1.8283276005543972e-5,-0.035688109268234576,-0.583197095242872,-0.02770386721792538,-0.005248036629483779,-0.0012706825200164426,-0.00033151716263992906,-9.41481868936216e-5,-3.008896434325106e-5,-1.1185232656824985e-5,-5.059104604123222e-6,-2.261041241537588e-6,-1.1247776700549526e-6,-5.716393688367258e-7,-2.693108882997016e-7,-1.1870644614170798e-7,-7.273568748039253e-8,-5.858807149800413e-8,-0.2879733405444557
81.5,-1.2094667392397395e-6,-1.281598692596679e-6,-3.5712344915214984e-6,-1.441120814385731e-5,-5.2283475811387836e-5,-0.00015089604609682482,-0.0004826420383510993,-0.0015943763479365322,-0.005024943466993257,-0.012505565885330616,0.9827447528205249,-0.011070524457718311,-0.0028879053643102734,-0.0004281206703618214,-6.736260684055144e-5,-1.7409574443029852e-5,-0.033899137260690555,-0.5937356170930891,-0.026427410160306718,-0.00499476262810007,-0.0012095241028016426,-0.0003158454628509337,-8.98527808689999e-5,-2.8791828953247417e-5,-1.0735444651404536e-5,-4.867480412193115e-6,-2.1796759001325445e-6,-1.0854956761475235e-6,-5.520338064560448e-7,-2.603146393172826e-7,-1.1485516747144639e-7,-7.032752136405827e-8,-5.651779777582825e-8,-0.28375979420641756
82.0,-1.1477698719697326e-6,-1.2152738766491503e-6,-3.3851729120687776e-6,-1.3657513544458636e-5,-4.953967007805573e-5,-0.00014294874136901693,-0.00045716942617180124,-0.0015100655779017422,-0.004758267964481227,-0.011837508383114172,0.9836697765707609,-0.010480251197008208,-0.002734888536332237,-0.0004055096663737225,-6.381785243839655e-5,-1.65072311942671e-5,-0.03209119837089608,-0.6075917500383544,-0.02506743024843337,-0.004733518531315276,-0.0011466398520051894,-0.0002997073477128481,-8.541069294570796e-5,-2.7440665599262607e-5,-1.0262564910727686e-5,-4.664239659342701e-6,-2.0928188153961813e-6,-1.0433972931362891e-6,-5.30978372134831e-7,-2.5062770192339745e-7,-1.1069699066755815e-7,-6.77309167382147e-8,-5.429857025370339e-8,-0.2763703222361216
82.5,-1.085970305986815e-6,-1.1488341401384586e-6,-3.1987743964278084e-6,-1.2902403672386151e-5,-4.6790535266305743e-5,-0.00013498534248674744,-0.00043164301674891817,-0.0014255688809916333,-0.0044909751667356924,-0.011167843176158893,0.9845971974721488,-0.00988855966988647,-0.002581500935050296,-0.00038284319945332507,-6.026466830079289e-5,-1.560298450223629e-5,-0.030279914418015957,-0.6214863756992306,-0.023702962881128595,-0.004471502635414146,-0.0010835749865298545,-0.000283523786284052,-8.095637684142122e-5,-2.608591482448434e-5,-9.788484439208788e-6,-4.460508625650514e-6,-2.005754398840432e-6,-1.001199640564373e-6,-5.098733469967665e-7,-2.4091757378847624e-7,-1.0652858136134542e-7,-6.51281242511373e-8,-5.20743803526317e-8,-0.2689581464784743
83.0,-1.0240706791003934e-6,-1.0822818570930702e-6,-3.0120435168015634e-6,-1.2145891189125009e-5,-4.4036116394751743e-5,-0.00012700579317674897,-0.0004060624949521529,-0.0013408843664244224,-0.00422305715048061,-0.010496540011956252,0.985526831128446,-0.009295426826822793,-0.002427736618007418,-0.0003601203017004307,-5.6702913744572065e-5,-1.4696825925947315e-5,-0.02846531997634565,-0.6354195401747781,-0.022333838068106383,-0.004208687929228353,-0.0010203242842164284,-0.00026729349553404976,-7.64895455624762e-5,-2.4727506287328426e-5,-9.313187058283484e-6,-4.256285552576949e-6,-1.9184833538811375e-6,-9.589028942857355e-7,-4.887188629323218e-7,-2.3118438680298918e-7,-1.0235001648891593e-7,-6.25191439028261e-8,-4.9845277531539564e-8,-0.2615234974287788
83.5,-9.620756514404204e-7,-1.0156214238619966e-6,-2.824990648573709e-6,-1.1388014079130668e-5,-4.127653445091853e-5,-0.0001190103860600117,-0.0003804284460234858,-0.0012560134747957535,-0.0039545175172050915,-0.009823601771697537,0.9864587697377738,-0.008700854828710643,-0.0022735954051291475,-0.0003373408830778116,-5.313263378834797e-5,-1.378879204302396e-5,-0.026647504362815096,-0.6493907363753304,-0.02095992327456748,-0.003945061087248188,-0.0009568850439480785,-0.00025101593523947494,-7.201007530768473e-5,-2.336543576729982e-5,-8.836681208941872e-6,-4.051577474280427e-6,-1.8310091975975073e-6,-9.165096041828034e-7,-4.6751623884619995e-7,-2.2142862456532763e-7,-9.816151586772025e-8,-5.990414605180528e-8,-4.761141016720611e-8,-0.25406683607764113
84.0,-8.999911141145716e-7,-9.488582039910321e-7,-2.6376300359150435e-6,-1.0628821581512059e-5,-3.8511930117974466e-5,-0.00011099945877613978,-0.000354741612770046,-0.0011709578267757267,-0.0036853562669091353,-0.009149019811808884,0.9873931054982534,-0.008104842234954373,-0.002119077836638851,-0.00031450483103893315,-4.955381155014038e-5,-1.2878910990099892e-5,-0.024826591468649687,-0.6633990884187358,-0.019581071559756184,-0.0036806033817302786,-0.0008932535741984664,-0.0002346903851025054,-6.751784790318538e-5,-2.1999686382418314e-5,-8.358975332174056e-6,-3.846394590290652e-6,-1.7433379090241975e-6,-8.740228476998849e-7,-4.46267277241496e-7,-2.1165118832703893e-7,-9.396346417829687e-8,-5.7283388983579266e-8,-4.5373003572518195e-8,-0.24658922270345543
84.5,-8.378206721290361e-7,-8.819961541942869e-7,-2.4499688888379456e-6,-9.86834323973454e-6,-3.574239061948396e-5,-0.00010297321390889562,-0.0003290026929803485,-0.0010857183227366192,-0.0034155752003372977,-0.008472801335268511,0.9883296540136424,-0.007507395528234384,-0.0019641844527598954,-0.00029161230314894384,-4.59665004895533e-5,-1.196721512430384e-5,-0.023002667729588075,-0.6774445963049943,-0.018197182081977407,-0.0034153047285051144,-0.0008294277140741262,-0.0002183162823904677,-6.301274517511673e-5,-2.0630246878030437e-5,-7.880072241643405e-6,-3.6407411211026758e-6,-1.655471774262694e-6,-8.314437678877231e-7,-4.2497254964358136e-7,-2.0185229790557366e-7,-8.975594934762604e-8,-5.4656894679893134e-8,-4.313009346781152e-8,-0.23909051900903985
85.0,-7.75568458051885e-7,-8.150384398430496e-7,-2.2620158241864776e-6,-9.10660156310505e-6,-3.296799473802129e-5,-9.493176400481394e-5,-0.0003032115515985518,-0.001000294242380609,-0.0031451681949580903,-0.00779491825046136,0.989268507482062,-0.006908493099616013,-0.0018089096711841595,-0.0002686623089983384,-4.237059087371538e-5,-1.1053710776378381e-5,-0.021175783566477795,-0.6915268451425605,-0.016808064682606125,-0.003149139917148924,-0.0007654024214903034,-0.0002018925241473218,-5.849453077575591e-5,-1.9257066608195578e-5,-7.399966310023181e-6,-3.434620232087788e-6,-1.5674134311224038e-6,-7.887743870668631e-7,-4.0363302324923863e-7,-1.9203243689932313e-7,-8.553917470684956e-8,-5.202483899470734e-8,-4.088282548214711e-8,-0.23157157782701568
85.5,-7.105208694192038e-7,-7.4552354512573e-7,-2.0674603225894023e-6,-8.319386385178638e-6,-3.010530047276229e-5,-8.664978527410513e-5,-0.00027668433337053145,-0.0009125708813393584,-0.0028683382938995824,-0.007104724555577396,0.9902218360555136,-0.006297810200117866,-0.0016498324374057734,-0.0002451017498970032,-3.8672266724966805e-5,-1.0107585518786915e-5,-0.019309313275662793,-0.7107776284577983,-0.01536006005509022,-0.002875130162138233,-0.0006993974803797789,-0.00018485785205918855,-5.375215181591287e-5,-1.7787625287234602e-5,-6.8735432588802006e-6,-3.203692328286135e-6,-1.4668958348832642e-6,-7.395231442137697e-7,-3.788342735986155e-7,-1.8050759481026979e-7,-8.053536017058175e-8,-4.8925352491736636e-8,-3.829952255978173e-8,-0.2190559825148107
86.0,-6.424641117785587e-7,-6.732443140769023e-7,-1.8657607538484916e-6,-7.504613484815889e-6,-2.714709077716954e-5,-7.810781842092012e-5,-0.00024936217645864114,-0.0008223666345244809,-0.0025845679631766234,-0.00640111459345976,0.9911906539133308,-0.005674319685045686,-0.001486664992444825,-0.00022088743048492154,-3.4864192822908706e-5,-9.126446330835452e-6,-0.017398917783062982,-0.735382909861216,-0.013851154246719222,-0.002592896046595271,-0.0006313095280050872,-0.0001671803029102141,-4.8774055393800994e-5,-1.621704120920504e-5,-6.298483926183867e-6,-2.946719046108132e-6,-1.3533058707121185e-6,-6.833677869458934e-7,-3.504073929626866e-7,-1.6719549396666176e-7,-7.470697740457243e-8,-4.5335903882296625e-8,-3.536338789977296e-8,-0.20137012401016097
86.5,-5.740792546111787e-7,-6.006226074400715e-7,-1.6631143873844441e-6,-6.6860365115803895e-6,-2.417514196335369e-5,-6.95263364794031e-5,-0.00022191394491858352,-0.0007317461005870669,-0.0022994881310131614,-0.005694250325782062,0.992163989479088,-0.005047938254664671,-0.0013227403343984367,-0.0001965605195195293,-3.103834500935863e-5,-8.140639275357443e-6,-0.0154797231322689,-0.7601291621919846,-0.012335169351353027,-0.0023093340620173428,-0.0005628972615360134,-0.00014941636304120643,-4.3770453113263465e-5,-1.463783747344939e-5,-5.720019357397117e-6,-2.688133358966638e-6,-1.23896756001222e-6,-6.268325411599253e-7,-3.217851385766826e-7,-1.5378968494387168e-7,-6.883649959677712e-8,-4.172102514154269e-8,-3.2407664757199426e-8,-0.18357532190052045
87.0,-5.054300010142414e-7,-5.277198861744198e-7,-1.459674216142864e-6,-5.8642157361901776e-6,-2.1191278692008504e-5,-6.090980754698151e-5,-0.00019435152366442264,-0.0006407410176499012,-0.0020131708271914016,-0.004984256364067516,0.9931416583565427,-0.0044187923212425945,-0.0011580889858868186,-0.00017212497863884778,-2.7195629283920877e-5,-7.150676439085756e-6,-0.013553046027699266,-0.7849866054569486,-0.01081104797178885,-0.002024356872293524,-0.0004941474004814632,-0.00013156422045295692,-3.874160383133009e-5,-1.3050447384126236e-5,-5.138456241826996e-6,-2.428131871589451e-6,-1.123982898080637e-6,-5.699722732915304e-7,-2.929963504901195e-7,-1.4030402723215858e-7,-6.293012010386591e-8,-3.808451636365173e-8,-2.943541409006044e-8,-0.16570059554454422
87.5,-4.365822522594309e-7,-4.545992378882636e-7,-1.2555986845421286e-6,-5.039734993793993e-6,-1.819744379768919e-5,-5.226307112464732e-5,-0.00016668818193259915,-0.0005493871755110173,-0.0017257028475989027,-0.004271290813688065,0.9941234761494524,-0.003787041430747041,-0.0009927508334018672,-0.00014758601874743344,-2.3337135941150325e-5,-6.1571043761295135e-6,-0.011620269441172436,-0.8099255518610744,-0.009277869567410103,-0.0017378982100241854,-0.00042505094111866103,-0.00011362333492209904,-3.368803651671395e-5,-1.1455369663067455e-5,-4.5541156888053135e-6,-2.166914705783579e-6,-1.0084544077763204e-6,-5.128418937398633e-7,-2.640698687525134e-7,-1.2675235834003642e-7,-5.699397732814622e-8,-3.4430180390518766e-8,-2.6449702351791586e-8,-0.14777442263692528
88.0,-3.6759674390834217e-7,-3.8131904609647674e-7,-1.0510334875884823e-6,-4.213127825307882e-6,-1.519538034485186e-5,-4.3590398353392266e-5,-0.00013893534319638486,-0.00045771509679062486,-0.0014371536109382653,-0.003555471083188705,0.9951092584615747,-0.003152806953361027,-0.000826756129452109,-0.00012294754521004021,-1.946375691233445e-5,-5.160414422454251e-6,-0.009682654614174835,-0.8349176043830249,-0.007734638686626699,-0.0014498757811831563,-0.0003555952557264138,-9.559211954249355e-5,-2.861003253575178e-5,-9.853017215372211e-6,-3.967289264198517e-6,-1.9046677391852316e-6,-8.924778415807424e-7,-4.554930156423201e-7,-2.3503295072773613e-7,-1.1314774641494219e-7,-5.1033890936622157e-8,-3.0761608489742646e-8,-2.345343388045865e-8,-0.12982420906919728
88.5,-2.985350907923727e-7,-3.079383317845398e-7,-8.461261667547539e-7,-3.384933047266705e-6,-1.218686938240809e-5,-3.489615885242595e-5,-0.00011110479107796245,-0.0003657560919346766,-0.0011475972178479337,-0.00283692430513503,0.9960990052929097,-0.0025162176423202468,-0.0006601365671417144,-9.82136659751846e-5,-1.557640101074092e-5,-4.161100024273028e-6,-0.0077414743129580405,-0.8599338128127361,-0.006180389410059258,-0.0011602136843874376,-0.0002857692247070935,-7.746931379295188e-5,-2.3507926714384305e-5,-8.243836006684246e-6,-3.3782787334027605e-6,-1.641583883589038e-6,-7.761526449085453e-7,-3.9797909860288177e-7,-2.0591366710422667e-7,-9.950368824834145e-8,-4.5055878432003324e-8,-2.7082515576238154e-8,-2.0449569342349124e-8,-0.11187762580249244
89.0,-2.213705048313944e-7,-2.2715049478565864e-7,-6.223253162262618e-7,-2.4849281286162373e-6,-8.931781623928929e-6,-2.5531848234172314e-5,-8.120955027122152e-5,-0.00026716287402588074,-0.0008377399509406882,-0.002069627410335483,0.997154858177162,-0.0018360115970369553,-0.0004818696089741687,-7.172121337173208e-5,-1.1394240716162765e-5,-3.065520354470638e-6,-0.005657431222160778,-0.8927048052185612,-0.004514836112538133,-0.0008487970627326619,-0.0002099181274993182,-5.7359392054131385e-5,-1.7628640645490313e-5,-6.283174783801745e-6,-2.6143693050026354e-6,-1.283364618067655e-6,-6.113266181960432e-7,-3.146645919000589e-7,-1.631674710752617e-7,-7.908941197154194e-8,-3.5925664452046686e-8,-2.154560662812013e-8,-1.6140618375249296e-8,-0.08669354764356353
89.5,-1.3627480633565282e-7,-1.390831940842573e-7,-3.799051362908589e-7,-1.5140104521167241e-6,-5.432714784118344e-6,-1.5502940480712678e-5,-4.926304195042463e-5,-0.0001619697247387059,-0.000507654605315171,-0.0012536605319227697,0.9982768171143316,-0.0011122860577171302,-0.00029199534402513073,-4.3477668930576645e-5,-6.919309603798785e-6,-1.8751473106961596e-6,-0.0034313914999140713,-0.9328225127159648,-0.002738351007962875,-0.0005157446753222417,-0.00012810503518113195,-3.529727751574848e-5,-1.0991533036453486e-5,-3.981787719822902e-6,-1.6815150423915184e-6,-8.334145632226391e-7,-3.997835800546894e-7,-2.0651049346429524e-7,-1.0730511947813532e-7,-5.216076311527321e-8,-2.3763244595305483e-8,-1.4221272688500409e-8,-1.0575028058337372e-8,-0.05467689721605929
90.0,-4.121556865252566e-8,-4.191614610154964e-8,-1.1427682775897157e-7,-4.5487607598552353e-7,-1.6305404307258814e-6,-4.64838888676235e-6,-1.4764047157458309e-5,-4.853260931291609e-5,-0.00015210323148263545,-0.00037560960857529655,0.9994837827192693,-0.00033325483611703277,-8.749938780987731e-5,-1.3032762103030329e-5,-2.076273595525959e-6,-5.651648216838653e-7,-0.001027730476460068,-0.9795601375153418,-0.0008227221915368948,-0.00015502019005959847,-3.8611854558804965e-5,-1.0697667703617736e-5,-3.35998183223236e-6,-1.2299058054295281e-6,-5.242189855295096e-7,-2.6134670422949866e-7,-1.259064678175887e-7,-6.517812173027163e-8,-3.3909768071707926e-8,-1.6512673148945862e-8,-7.536557384211292e-9,-4.504274571319026e-9,-3.333804349063648e-9,-0.016689941602171007
90.5,-1.1717786861666167e-12,-1.191696204623576e-12,-3.248944919744671e-12,-1.2932343346591581e-11,-4.635703704085668e-11,-1.3215589347934627e-10,-4.1974880637414963e-10,-1.379804956428042e-9,-4.3243670396807845e-9,-1.06787585394068e-8,1.0000000921981211,-9.474591675836641e-9,-2.487648843548537e-9,-3.705276005452837e-10,-5.90294433004876e-11,-1.6067906991507517e-11,-2.921886367634012e-8,-0.9999994468112726,-2.33903874879143e-8,-4.407297981418655e-9,-1.0977535792093604e-9,-3.041399183524807e-10,-9.552595572565535e-11,-3.4966854520965054e-11,-1.4903821714862297e-11,-7.430226289895797e-12,-3.579588455122273e-12,-1.853049100535452e-12,-9.640730644146142e-13,-4.694643046247118e-13,-2.1426845276242877e-13,-1.2805898503408893e-13,-9.478184224384648e-14,-4.745033123668317e-7
91.0,0.0,0.0,0.0,0.0,0.0,0.0,0.0,0.0,0.0,0.0,1.0000000921981211,0.0,0.0,0.0,0.0,0.0,0.0,-1.0000000921981211,0.0,0.0,0.0,0.0,0.0,0.0,0.0,0.0,0.0,0.0,0.0,0.0,0.0,0.0,0.0,0.0
