time_ns,X01,X02,X03,X04,X05,X06,X07,X08,X09,X10,X11,X12,X13,X14,X15,X16,X_guard,Y01,Y02,Y03,Y04,Y05,Y06,Y07,Y08,Y09,Y10,Y11,Y12,Y13,Y14,Y15,Y16,Y_guard
0.0,0.0,0.0,0.0,0.0,0.0,0.0,0.0,0.0,0.0,0.0,0.0,0.0,0.0,0.0,0.0,0.0,0.0,0.0,0.0,0.0,0.0,0.0,0.0,0.0,0.0,0.0,0.0,0.0,0.0,0.0,0.0,0.0,0.0,0.0
0.5,5.92467491649619e-10,1.5184328316360413e-9,5.561239648714283e-9,3.770039086420021e-8,4.4393110134022656e-7,6.5047163066096895e-6,9.921228012289526e-5,0.0012445002344079609,0.004155574608425359,0.0012445096883168753,9.921850394626399e-5,6.5031835634902885e-6,4.4149649118458754e-7,3.747133558526005e-8,5.4832673078108144e-9,1.5033516372024508e-9,2.427448743524426e-9,-4.649185018170211e-10,-6.299004714940063e-10,-1.2985169784008706e-9,-1.9239875443755954e-8,-3.6691396892509703e-7,-6.186298243814005e-6,-9.793842216993026e-5,-0.0012422971134819652,-0.004163461149279084,-0.001242254165724325,-9.792796659685694e-5,-6.181458039406203e-6,-3.6324044563624656e-7,-1.878176625973469e-8,-1.1681430767297505e-9,-5.861874101259909e-10,-2.345109763311671e-9
1.0,2.06652325865775e-9,6.642271989229869e-9,2.599500995526777e-8,1.3626378249050628e-7,1.1351145417049663e-6,1.4012720255783317e-5,0.00020228029197796594,0.002494987944461788,0.008291979210614437,0.0024950104537687272,0.0002022919968175744,1.4008859909643219e-5,1.1305017164680443e-6,1.355384508488289e-7,2.5713192992752242e-8,6.63880505587651e-9,8.060582952366036e-9,-4.823744760460476e-11,2.346370279004838e-9,1.2261090414870102e-8,2.2314107669373198e-8,-4.871518282906302e-7,-1.137498963140289e-5,-0.00019211535907584013,-0.002479744461728007,-0.008349969667970594,-0.00247966000680837,-0.000192091656775633,-1.1366392482983741e-5,-4.79479232068621e-7,2.2966697595076597e-8,1.2402628123580149e-8,2.4588268259327418e-9,-1.4805272013398121e-9
1.5,3.8210901780721514e-9,1.2912059186875477e-8,5.115879670747773e-8,2.5420248321344753e-7,1.904965987502178e-6,2.184185112215961e-5,0.00030660278127272685,0.003747750985298272,0.012423660819984274,0.0037477826784024426,0.0003066200234018424,2.1835731404335477e-5,1.8984630838981928e-6,2.5287065324387614e-7,5.063369678153327e-8,1.293128222292866e-8,1.4715910037371733e-8,6.486619767671633e-10,6.468454774831748e-9,3.055683479593712e-8,8.320952738386233e-8,-5.290040157572156e-7,-1.6248433251395325e-5,-0.00028512924009219397,-0.003716073367530846,-0.012545056933722827,-0.003715945154518519,-0.00028509495841772534,-1.623625149584609e-5,-5.171738802019248e-7,8.400473899307894e-8,3.066488056833324e-8,6.660909074391351e-9,4.014760085306698e-10
2.0,5.10997296977184e-9,1.727801019276965e-8,6.846251317723359e-8,3.3996762476405665e-7,2.544432009072282e-6,2.9144887432591074e-5,0.00040895651654534467,0.004998236984644772,0.016568356770403074,0.004998280922811917,0.0004089784856289175,2.91365083430829e-5,2.5357337446258686e-6,3.3818127825192184e-7,6.775859725067892e-8,1.730452567274581e-8,1.967642190973443e-8,8.790784924432812e-10,8.682875851013774e-9,4.0989269334872133e-8,1.1194509217020384e-7,-7.015672210587071e-7,-2.1654147418424083e-5,-0.00038020078689310127,-0.004955819726350444,-0.016730939513606966,-0.004955654057851371,-0.0003801549129255589,-2.1637816916239586e-5,-6.858647373305167e-7,1.1296935356292435e-7,4.112720753282894e-8,8.939841763811747e-9,5.865475329336983e-10
2.5,6.84120884279297e-9,2.3449971755612022e-8,9.32315709857197e-8,4.5623520728245695e-7,3.3078066655786377e-6,3.694989676291849e-5,0.0005132242181870152,0.006251799015840375,0.02070492055841083,0.006251853758474851,0.0005132524448579172,3.6938810929250864e-5,3.297016618272509e-6,4.538841717215283e-7,9.22807835758554e-8,2.349832335158513e-8,2.6245266627316333e-8,1.5514315525452316e-9,1.2704478698997869e-8,5.887930763827699e-8,1.7116078095766646e-7,-7.502795154864694e-7,-2.6557358190012122e-5,-0.0004733613160441649,-0.006193112030490287,-0.02093002803376074,-0.006192895220845848,-0.0004733024316972116,-2.6537904521489793e-5,-7.305145414906281e-7,1.7233197932522686e-7,5.8984831005427705e-8,1.304180368936193e-8,2.379593969336106e-9
3.0,8.915700312301846e-9,3.102746120990983e-8,1.2378337196203854e-7,5.961919669061899e-7,4.1670498671713554e-6,4.5140929452602236e-5,0.0006189298593745851,0.007507566238818212,0.02483627515256945,0.0075076332265156635,0.0006189638484280635,4.512704121022066e-5,4.154467868008102e-6,5.931703122670331e-7,1.2254967949327837e-7,3.110862880353633e-8,3.406229940066508e-8,2.566815239712849e-9,1.81308428250785e-8,8.255712018141473e-8,2.54106686768485e-7,-7.026851246853745e-7,-3.106792223867693e-5,-0.0005649853599035487,-0.0074282103074641385,-0.025140779616249293,-0.0074279481190569095,-0.0005649157611264923,-3.104510342876717e-5,-6.786329630238998e-7,2.5526996071695203e-7,8.258106929265536e-8,1.8556087926379052e-8,5.4225372416519466e-9
3.5,1.0461189409188949e-8,3.6443334548161546e-8,1.4541787139331397e-7,6.996656242572334e-7,4.878075965018971e-6,5.2727500027400126e-5,0.0007222916064305608,0.008759971831860499,0.028983781705089928,0.008760046742833993,0.0007223328884994875,5.271151279214646e-5,4.863307046003392e-6,6.960951294074697e-7,1.4396701027425372e-7,3.65391804520505e-8,3.995870467675625e-8,3.053612661823346e-9,2.1394737668632982e-8,9.731692226823093e-8,3.005550812727285e-7,-8.028267011935527e-7,-3.617417539984798e-5,-0.0006588439476814154,-0.008666637080673724,-0.029341922425791575,-0.008666325191716773,-0.0006587611134318787,-3.614790141132303e-5,-7.747898646419322e-7,3.01915003912484e-7,9.734159677705849e-8,2.1893723281448582e-8,6.539448942073615e-9
4.0,1.4156463634774225e-8,5.064684186507793e-8,2.0330623646894205e-7,9.512908797531059e-7,6.1886462458941156e-6,6.271310690846688e-5,0.0008343565319960211,0.010022810938855313,0.03308973859804275,0.010022896654296138,0.0008344029912055439,6.269289355083535e-5,6.1727019190067975e-6,9.465534619851955e-7,2.0132721996137428e-7,5.082754829576312e-8,5.36694362238359e-8,5.690983464271203e-9,3.345081121664286e-8,1.4835524802191852e-7,4.954986485970569e-7,-2.982004407056104e-7,-3.879934583095625e-5,-0.000742786735566361,-0.009888084993621734,-0.03360654652298757,-0.009887724124412882,-0.0007426912961049383,-3.8771628433123816e-5,-2.6542688980192125e-7,4.963990208746308e-7,1.4806280288566749e-7,3.409138124937675e-8,1.5487664376893376e-8
4.5,1.887839938486853e-8,6.905022810397563e-8,2.785240531423526e-7,1.2737559576679213e-6,7.785947464429e-6,7.38465702695789e-5,0.0009506120602529934,0.011290993935391982,0.037176665222536764,0.011291085413215383,0.0009506669829619255,7.38207577218462e-5,7.769083773036378e-6,1.267562908742273e-6,2.75861646162678e-7,6.934798183165816e-8,7.111816077030284e-8,9.356151285746242e-9,4.9707078300360194e-8,2.1672088215324543e-7,7.613958598162383e-7,4.953142657195108e-7,-4.0241013480817445e-5,-0.0008220227823516754,-0.011101728479667733,-0.037902414258513206,-0.011101327273780846,-0.0008219129369338113,-4.0212466052291615e-5,5.333661611734965e-7,7.615420823843638e-7,2.1596312743760758e-7,5.052407931436551e-8,2.8177151525761718e-8
5.0,2.3390357263014845e-8,8.659717807823404e-8,3.501881030739884e-7,1.581555079061009e-6,9.321648447445151e-6,8.469595492246288e-5,0.001065288065423418,0.012554279627036473,0.04128037190509347,0.012554390552901069,0.0010653502811477985,8.466469512245087e-5,9.303842178824444e-6,1.5739653979813584e-6,3.4688429075526777e-7,8.700657708906594e-8,8.780273391332004e-8,1.281259041662916e-8,6.511123677549653e-8,2.8157162425893264e-7,1.0130470977347693e-6,1.2331845145953926e-6,-4.187307047609836e-5,-0.0009014769443212319,-0.012312822831721464,-0.04220551954655489,-0.012312369044093567,-0.0009013550339148484,-4.1843980010542626e-5,1.2762986300822652e-6,1.0124701208904881e-6,2.803743225691159e-7,6.609673885624361e-8,4.0108210768049803e-8
5.5,2.7620395139215677e-8,1.0298909176298589e-7,4.170931491640669e-7,1.8697549248525023e-6,1.0776042296717174e-5,9.518892158194251e-5,0.0011782159077797052,0.013812952531428495,0.04540078661593065,0.013813063457293093,0.0011782863168918114,9.515305300133466e-5,1.0757213261462411e-5,1.8608707827698788e-6,4.131826406817467e-7,1.0350009039947566e-7,1.0345979786078443e-7,1.5987709235048957e-8,7.936241974972549e-8,3.416840913086522e-7,1.2454115525394498e-6,1.894400681557522e-6,-4.378819607445841e-5,-0.0009816219619393708,-0.013522888598485296,-0.04651159822400603,-0.013522381508818565,-0.0009814869961349627,-4.375818835464489e-5,1.9424905848557135e-6,1.2442000066788354e-6,3.4009331638229803e-7,8.050832262416047e-8,5.101617365010544e-8
6.0,3.3968346674569245e-8,1.28041950386479e-7,5.197240703730785e-7,2.3039721171976575e-6,1.282082994403796e-5,0.00010803436404628696,0.0012995493556077387,0.015080872619260114,0.049482720135922156,0.015080999391676796,0.001299627958107571,0.00010799173141894383,1.28017068809613e-5,2.2931481300771596e-6,5.149034736818688e-7,1.287241648352252e-7,1.2682090841199966e-7,2.128275304229429e-8,1.0227941112378978e-7,4.375505041657438e-7,1.6241535907358021e-6,3.152622579627887e-6,-4.3246509602963024e-5,-0.0010518309212883433,-0.014715259528952423,-0.050882500824251206,-0.01471469193426864,-0.001051681099341355,-4.321759358453607e-5,3.2063945002426193e-6,1.6216907560195087e-6,4.3525385144208855e-7,1.0365580908146622e-7,6.96441583691328e-8
6.5,3.976661994528543e-8,1.508490989804887e-7,6.130917962876871e-7,2.700238969750995e-6,1.4710971618527012e-5,0.00012024710365652678,0.0014183709448557966,0.01634472014320581,0.0535825228042833,0.016344855559196358,0.0014184578307805825,0.00012019784203829002,1.4691427912776924e-5,2.6876393851916958e-6,6.07427891929074e-7,1.5168271269832155e-7,1.481827792501938e-7,2.6028548602789944e-8,1.2294943950890235e-7,5.241495671786165e-7,1.9650150152356604e-6,4.257164822379268e-6,-4.3319901198238765e-5,-0.001124293602485311,-0.015910734943032624,-0.05524408853306151,-0.015910122689883874,-0.0011241320756987143,-4.329203186258449e-5,4.316526085273377e-6,1.9614668098753852e-6,5.212195764163515e-7,1.2453747770799679e-7,8.626854549418133e-8
7.0,4.565486449852383e-8,1.740218479583023e-7,7.079560833693316e-7,3.102592831291821e-6,1.6625185589956012e-5,0.00013254357788858098,0.0015373274999082628,0.01760799863187208,0.05768600187272824,0.017608147013223423,0.001537422038997408,0.0001324877097887575,1.660514808628494e-5,3.0881875782664808e-6,7.014474645116313e-7,1.7501036703355858e-7,1.6987113395686123e-7,3.086378513620829e-8,1.4398777203246095e-7,6.122621612657098e-7,2.3121099350720736e-6,5.388087269447722e-6,-4.327346731168626e-5,-0.0011961005425525216,-0.017104210810358792,-0.05961435439003198,-0.017103543814575566,-0.00119592515003285,-4.3246200099992605e-5,5.452940099819189e-6,2.3074512119514705e-6,6.086976014871117e-7,1.457873405642481e-7,1.0322116403643526e-7
7.5,4.998888427200319e-8,1.9084304863772724e-7,7.766062601995612e-7,3.397566395786414e-6,1.8100629861711374e-5,0.0001430224255852829,0.0016487746800540797,0.018857195298117094,0.06184050683888784,0.018857352323042302,0.0016488749815258014,0.00014296188680426952,1.8079677917445894e-5,3.3818172667952103e-6,7.694806577215742e-7,1.9193633270992973e-7,1.8590625644214114e-7,3.414638507094802e-8,1.586752706643453e-7,6.741876386843194e-7,2.552283888406984e-6,6.087340999766059e-6,-4.493435872915648e-5,-0.0012738255395629975,-0.018302933327020834,-0.0639608043198139,-0.018302198623242335,-0.0012736355610124294,-4.4906663840630984e-5,6.1570945283077274e-6,2.5469472482687936e-6,6.702112289303154e-7,1.6064032876380125e-7,1.1452299033100309e-7
8.0,5.434837539256846e-8,2.0776558516186936e-7,8.456770357397298e-7,3.694252777855922e-6,1.9583302434657635e-5,0.00015353248243605623,0.0017603695212534188,0.020107083450271283,0.06599625071730138,0.020107247678174713,0.0017604779260756386,0.00015346701411682312,1.9561429015639326e-5,3.6771435943344928e-6,8.37926096578334e-7,2.0896290883343116e-7,2.02033339557871e-7,3.745348640827299e-8,1.7346397325047644e-7,7.36537891344429e-7,2.794165031990076e-6,6.793428414988014e-6,-4.657017196503291e-5,-0.0013514838189877052,-0.019502007349020044,-0.0683096802126605,-0.019501223664989645,-0.0013512813252624788,-4.65419593624478e-5,6.868160720858329e-6,2.7881325377303307e-6,7.321388165964506e-7,1.7559303714980983e-7,1.2591445818191726e-7
8.5,6.111634037389878e-8,2.345369546322484e-7,9.553796601878462e-7,4.156861240410012e-6,2.1735235789841395e-5,0.00016668536826923175,0.0018811182673243957,0.0213659782063925,0.07011161181861901,0.021366164043230593,0.0018812351356460248,0.00016661258442524337,2.1713335641021094e-5,4.137723757308595e-6,9.466478955619645e-7,2.3591901288927726e-7,2.2692254408940762e-7,4.317374097034223e-8,1.9811548917270139e-7,8.395620659725273e-7,3.2026832782609945e-6,8.18061861814509e-6,-4.537534137506859e-5,-0.00141722738202605,-0.020675672145048295,-0.07274368954569191,-0.02067483371838342,-0.0014170108424932935,-4.5348397734662195e-5,8.261047185502744e-6,3.195265758208638e-6,8.343926629507379e-7,2.00484725618538e-7,1.4609117224443917e-7
9.0,6.838608264966708e-8,2.633620565616472e-7,1.0735339139028258e-6,4.653955368026866e-6,2.4025314389038662e-5,0.00018036995769627506,0.0020035033499726357,0.02262547080970603,0.07422409749103097,0.02262567393369185,0.0020036294020914958,0.00018028898046456074,2.400350849794117e-5,4.632587704998849e-6,1.0637583680946122e-6,2.6494307159319566e-7,2.5363579382585344e-7,4.9396448765509955e-8,2.2481658300413015e-7,9.510654349757915e-7,3.645955542738344e-6,9.710810448287838e-6,-4.357053951734502e-5,-0.0014801979785239229,-0.02184232988386356,-0.0772018778360142,-0.02184141654622519,-0.0014799671230719528,-4.354652208684074e-5,9.797263772330976e-6,3.6370411537745207e-6,9.450579999054126e-7,2.274476440153521e-7,1.6810140564399025e-7
9.5,7.641845958847609e-8,2.953052030822819e-7,1.2045544347081479e-6,5.203490201777742e-6,2.6525794514356423e-5,0.000194866491588581,0.0021284334249006658,0.02388586810708406,0.07833048656267702,0.023886075552856816,0.002128567400295569,0.0001947775798261706,2.650446975969476e-5,5.179693643847801e-6,1.1936165821482497e-6,2.97110629749127e-7,2.8312364536874965e-7,5.638411579325829e-8,2.5464605284697206e-7,1.0754695384456492e-6,4.142178841542982e-6,1.1458420377573578e-5,-4.0844738415901034e-5,-0.0015390220005346569,-0.022998577878554423,-0.08169458856035215,-0.022997606917090286,-0.0015387736778605021,-4.082320826381355e-5,1.155100748775769e-5,4.131470038766587e-6,1.0685057216112888e-6,2.575584801949358e-7,1.9289464886747638e-7
10.0,8.548249477721762e-8,3.3146706413269447e-7,1.3529685828159493e-6,5.824106613179708e-6,2.931298412315075e-5,0.0002104971794203329,0.0022573143333826902,0.02515048346850807,0.08242041826968467,0.025150708201428555,0.00225745605197918,0.00021039863367455243,2.9292576622746862e-5,5.79756145784772e-6,1.3407207941045573e-6,3.335296552349726e-7,3.1636360493907844e-7,6.440535348275919e-8,2.8869577594174585e-7,1.217286964861558e-6,4.709728155003754e-6,1.3497542713704067e-5,-3.6908637203298663e-5,-0.001592776206324828,-0.024144282153725983,-0.08622467986046367,-0.024143236281288356,-0.0015925127573964098,-3.689146541576731e-5,1.3596766552356074e-5,4.696976632622613e-6,1.209224500409201e-6,2.919249162725046e-7,2.2145423329832015e-7
10.5,9.67365712260833e-8,3.765863324220087e-7,1.5383291204552816e-6,6.595559648921843e-6,3.2708802882278076e-5,0.00022853163614013763,0.0023945242256556394,0.026423333274633864,0.08647379342162717,0.02642358105708465,0.0023946754881982715,0.00022842149810128342,3.269004418860749e-5,6.565630711682613e-6,1.5244473846702418e-6,3.7897579207329864e-7,3.575701665715666e-7,7.461986374890775e-8,3.317105339409564e-7,1.396086567089952e-6,5.428808012532684e-6,1.6155869353934e-5,-3.0398942822776173e-5,-0.0016357014546581625,-0.025266918170848283,-0.09083226944384618,-0.025265814674584886,-0.0016354214388798372,-3.0387682541979765e-5,1.6262457956450222e-5,5.4133402498782225e-6,1.3866108522843288e-6,3.353289489949465e-7,2.580005990332865e-7
11.0,1.0614967103090891e-7,4.141759517774256e-7,1.6926170546235096e-6,7.239746470060593e-6,3.5584378098433113e-5,0.00024440182299772416,0.002522605243406267,0.027676663009781853,0.09059310175500968,0.02767691079223264,0.0025227660498950417,0.0002442818709010444,3.556666046020848e-5,7.206959554255909e-6,1.6773791330953738e-6,4.168363144548098e-7,3.920786267039549e-7,8.299480969813622e-8,3.6720329265354985e-7,1.543873268266819e-6,6.021226241374304e-6,1.8303368375650707e-5,-2.590489497807811e-5,-0.001685591442707442,-0.02639638549251499,-0.09540991192497876,-0.02639518979813037,-0.0016852921589623766,-2.589801557114477e-5,1.8416642242327917e-5,6.003602157456637e-6,1.5332469409978821e-6,3.7115095028501805e-7,2.878502920815817e-7
11.5,1.156659641379091e-7,4.521918850964965e-7,1.8486524495968645e-6,7.890912583182225e-6,3.8486038787667486e-5,0.0002603445123329624,0.002650482416873252,0.02892708562292001,0.09472136483091602,0.02892735069251853,0.0026506529473826245,0.00026021447606677377,3.846951414271064e-5,7.855254323911091e-6,1.8320393500979033e-6,4.5512376628883656e-7,4.269616777538758e-7,9.14743502857867e-8,4.031237062162458e-7,1.6934340721238236e-6,6.621002903337565e-6,2.0483000839855014e-5,-2.1246562956683226e-5,-0.001734336697443014,-0.027520732937262496,-0.1000033836710489,-0.027519468094286962,-0.0017340215671458633,-2.124431483965266e-5,2.06028403900001e-5,6.601159542438847e-6,1.6816339196687918e-6,4.0740117795056355e-7,3.180826433478458e-7
12.0,1.2506444608227116e-7,4.897240002068418e-7,2.0026964743219293e-6,8.533805822587805e-6,4.1352590585403213e-5,0.00027611743647526396,0.002777321461104194,0.03017370218236641,0.09886265089144519,0.03017398165792137,0.0027775009953363424,0.00027597776622570534,4.13370647909418e-5,8.495343044355196e-6,1.9847226168769003e-6,4.929242345428493e-7,4.6141419434509157e-7,9.98373271748311e-8,4.3856399450338587e-7,1.8410152879478888e-6,7.212801422822511e-6,2.2631899659097014e-5,-1.6685601976612902e-5,-0.0017830513395211487,-0.028642582389163108,-0.10460451938594575,-0.028641257041170518,-0.0017827178416295354,-1.6687630627900812e-5,2.2758295044888184e-5,7.19080631286356e-6,1.828057137163204e-6,4.431707527786718e-7,3.478910326971771e-7
12.5,1.3418160565338152e-7,5.261071734664979e-7,2.151993321384278e-6,9.15730448040177e-6,4.413952977815784e-5,0.0002915582583029825,0.0029027377370621143,0.031417328065255615,0.1030165911441123,0.03141760754081058,0.0029029246543469385,0.0002914089540700538,4.412499439320175e-5,9.116061099346311e-6,2.1327051314387436e-6,5.295683311163433e-7,4.948465381481676e-7,1.0791893772713367e-7,4.7285683569850066e-7,1.9838602290547867e-6,7.785298915022809e-6,2.4702943006130863e-5,-1.2430486204580958e-5,-0.0018328039307608705,-0.02976553533732711,-0.10920352301928932,-0.02976411491002201,-0.00183245224534925,-1.2436812726662598e-5,2.483585764994434e-5,7.761202701944238e-6,1.969792439779576e-6,4.777812741533643e-7,3.7667496281808236e-7
13.0,1.452192443449703e-7,5.703455672861046e-7,2.3336645308600634e-6,9.912647886533752e-6,4.745208942457989e-5,0.00030897798585027364,0.003033672934932651,0.03265876136157448,0.10716133463418735,0.03265907253023361,0.003033871016833717,0.0003088176745662516,4.7439394175466096e-5,9.868055542655222e-6,2.3127755423124282e-6,5.741278782312468e-7,5.352635374799191e-7,1.1793036964156431e-7,5.150249887685492e-7,2.1592133574390338e-6,8.491269563215017e-6,2.732589908416898e-5,-5.779762223385432e-6,-0.0018708821149751138,-0.030850978056109563,-0.1139100411867447,-0.03084947983663968,-0.0018705115217456645,-5.7925545438853995e-6,2.7465912600658453e-5,8.464532023650282e-6,2.1437498152796237e-6,5.203297553764054e-7,4.124946560249228e-7
13.5,1.5535967613027356e-7,6.10914680293657e-7,2.5001943626320076e-6,1.0605753058978437e-5,5.050816114575481e-5,0.0003252967381765475,0.003159493478043202,0.0338869786334542,0.11134855840861617,0.03388730420806977,0.003159701283964866,0.00032512566744380845,5.049699090218616e-5,1.055813813722746e-5,2.4778355866828173e-6,6.149897441194812e-7,5.724138736420978e-7,1.270465949885097e-7,5.535314227468433e-7,2.3194653786763863e-6,9.135761666829132e-6,2.9702932542904626e-5,-6.325943961745167e-8,-0.0019116129759935453,-0.031934591218423986,-0.11861523400620752,-0.0319330209691719,-0.0019112272565098328,-8.106520265802246e-8,2.9849732615436312e-5,9.10659804602584e-6,2.3027393809348073e-6,5.591885567279786e-7,4.450569183951148e-7
14.0,1.6641794468959923e-7,6.552385831015393e-7,2.6822072563529734e-6,1.1362100942932587e-5,5.381854864405721e-5,0.00034260997419270867,0.0032886479196231532,0.03511834504741196,0.11552305884231613,0.035118673503218824,0.0032888643691186817,0.000342427986446104,5.380929169157841e-5,1.131114549934864e-5,2.658254540106141e-6,6.596375699225374e-7,6.129054350530858e-7,1.3708438301526483e-7,5.95799065195024e-7,2.49524178754347e-6,9.843867182101367e-6,3.234075883183955e-5,6.748706642594582e-6,-0.0019475201825721025,-0.033005489683583425,-0.12336131669243297,-0.03300383876097526,-0.0019471139346004614,6.724516171793203e-6,3.249455929882937e-5,9.812037615257448e-6,2.4771224988731373e-6,6.018396047734602e-7,4.809749579293445e-7
14.5,1.7904709469600162e-7,7.059864750486487e-7,2.8907042840816463e-6,1.222650827192828e-5,5.756351207678412e-5,0.00036161926397744264,0.003423428607491208,0.03635438763483053,0.11967522428114968,0.03635473337778512,0.003423658022347534,0.0003614240182490507,5.7556641110840884e-5,1.2171760010125054e-5,2.864926907141043e-6,7.107579645213989e-7,6.591127337775337e-7,1.4869658055917847e-7,6.444998411883761e-7,2.697557020999964e-6,1.0660758067563942e-5,3.5424511373223136e-5,1.543832188781655e-5,-0.0019751018267743898,-0.034054298055135955,-0.1281759832560836,-0.03405256069678914,-0.001974679732250663,1.5406284109883438e-5,3.558588903566141e-5,1.062579900363961e-5,2.677806862700292e-6,6.509717065683395e-7,5.226300570697403e-7
15.0,1.9284334347451111e-7,7.615066478113303e-7,3.1188783148624386e-6,1.3171059284865675e-5,6.162865914606976e-5,0.00038184405633690134,0.0035617509997503275,0.03759012193478126,0.12382048638565663,0.03759047055892714,0.003561990498776162,0.000381635620154643,6.162482693656334e-5,1.311220026088265e-5,3.0911035886388892e-6,7.666914380546603e-7,7.095640919838112e-7,1.6148126240273842e-7,6.979855594824538e-7,2.919616082013554e-6,1.155872255271115e-5,3.8842777538695726e-5,2.5568740988245904e-5,-0.0019958197530302755,-0.03508212847291883,-0.13305306794780258,-0.035080307560024664,-0.001995376229646343,2.5527838763873743e-5,3.901212349579053e-5,1.1520261181310225e-5,2.898069751361706e-6,7.049273945717563e-7,5.685587591573236e-7
15.5,2.0646222155214798e-7,8.163015109140797e-7,3.3440529804935627e-6,1.4103337098194394e-5,6.564336848583106e-5,0.0004018559556713277,0.0036991045914387777,0.03882332654878092,0.12797614382833153,0.03882368381650066,0.003699356695676498,0.00040163365375599474,6.564259191474166e-5,1.4040423585298918e-5,3.314311151868267e-6,8.218916445362784e-7,7.593684395060528e-7,1.7408832075535755e-7,7.507456164086783e-7,3.138690022048273e-6,1.2444515130130907e-5,4.221217599880299e-5,3.5510142404147147e-5,-0.002017151012881645,-0.03611060427755027,-0.1379297838470367,-0.03610870269130004,-0.002016689301977705,3.5459617451058416e-5,4.238932705807902e-5,1.2402612648431627e-5,3.115368621519505e-6,7.581534644932095e-7,6.138404945243611e-7
16.0,2.2088468628386852e-7,8.743829086839342e-7,3.5827909103873275e-6,1.50909104308513e-5,6.988025593973719e-5,0.00042273153711301685,0.003839305520417827,0.04005904356158392,0.13212160185384605,0.040059429641216546,0.003839570590016345,0.00042249500931569817,6.988276572746092e-5,1.5023713115478931e-5,3.550958178172119e-6,8.804070498805572e-7,8.120994805288009e-7,1.8750180140717287e-7,8.067988025255253e-7,3.371350087360493e-6,1.338598940217603e-5,4.5810035483354526e-5,4.6416512181211455e-5,-0.0020341203291970797,-0.037126339454305136,-0.14284622561175297,-0.03712435143231625,-0.0020336391702519443,4.635662898376269e-5,4.599546152659413e-5,1.3340423530772373e-5,3.346135794801294e-6,8.146959642550466e-7,6.620603978628253e-7
16.5,2.354645622919491e-7,9.331086353649275e-7,3.824170870183097e-6,1.60893051128193e-5,7.416060886534319e-5,0.000443776343524276,0.003980056036635108,0.04129539731766162,0.1362670368298303,0.041295786278485534,0.0039803340715944225,0.00044352536475190225,7.416646128514742e-5,1.601775365338585e-5,3.790233869476981e-6,9.395700374342433e-7,8.654029261928581e-7,2.0107291315279878e-7,8.634968451153926e-7,3.6066623821044254e-6,1.4338390535908524e-5,4.945264347010149e-5,5.751255663320017e-5,-0.0020502413147525846,-0.03813983306423775,-0.14777207158483407,-0.03813774708174507,-0.002049739447245065,5.744271588109411e-5,4.9646291037700686e-5,1.4289047321434108e-5,3.579536205287066e-6,8.718907063562435e-7,7.108570582281202e-7
17.0,2.4868535096658636e-7,9.862818611712613e-7,4.042630376479957e-6,1.6993451919800564e-5,7.805003703000683e-5,0.00046310733632378705,0.004112276786043565,0.04250423281574538,0.14049177371483196,0.04250463042014315,0.0041125677863636766,0.00046284370732091343,7.805895634288154e-5,1.691796133165273e-5,4.0067871188424145e-6,9.931382312357786e-7,9.137581931173891e-7,2.132922135225956e-7,9.146604997885281e-7,3.819165363052461e-6,1.5197942185347894e-5,5.272643646264724e-5,6.724099468248488e-5,-0.0020697597650602864,-0.03914636571601798,-0.1527040602577417,-0.0391442077037431,-0.0020692400701816708,6.716142428245429e-5,5.2927680921338476e-5,1.5145253525129618e-5,3.7903182793780036e-6,9.235054264379683e-7,7.547334566701125e-7
17.5,2.641204927113819e-7,1.0485110383795917e-6,4.298422975167407e-6,1.8049719436741307e-5,8.254818438223121e-5,0.0004847653862933018,0.004251593549446037,0.04371566714837112,0.14469373766389138,0.04371607339634276,0.004251896074531302,0.0004844868111106204,8.25608627493648e-5,1.7969646797799632e-5,4.260345668816135e-6,1.0558331576583968e-6,9.701720557071472e-7,2.2773690179856973e-7,9.749051650530261e-7,4.0691291063663825e-6,1.6211202857717648e-5,5.6633714507713776e-5,7.968994133241947e-5,-0.0020762644145423913,-0.040107585872408126,-0.15776271762444533,-0.04010534142439459,-0.002075727072367135,7.959949330981045e-5,5.684321988205175e-5,1.615454974581468e-5,4.0382333240525236e-6,9.842716745492015e-7,8.067267024017353e-7
18.0,2.795454349264705e-7,1.1106995053960747e-6,4.554033389151817e-6,1.9105068292592587e-5,8.703895993643297e-5,0.0005063373606730804,0.004389769721247278,0.044920117473314175,0.148914855772635,0.04492054100843355,0.004390088092884628,0.0005060435241802942,8.705557743228094e-5,1.902043611216401e-5,4.513733640448205e-6,1.118488956574812e-6,1.0265492527461483e-6,2.421750395145166e-7,1.0351173852618186e-6,4.318967289952533e-6,1.7224192011572444e-5,6.054328287476139e-5,9.220638776653843e-5,-0.002081619828849401,-0.04105981959317026,-0.16284459739293217,-0.04105748006584421,-0.0020810608777394827,9.210506212135096e-5,6.076118984791447e-5,1.7163519581549116e-5,4.2860280846180875e-6,1.0450060051666106e-6,8.586985818771618e-7
18.5,2.953539366110754e-7,1.1744570293747947e-6,4.816116635712972e-6,2.0186689730137136e-5,9.163384666255594e-5,0.000528292308401125,0.004528883360663929,0.046123274143368816,0.1531384286563562,0.04612371208444463,0.0045292128969175215,0.0005279833456540756,9.165445393305891e-5,2.0097353104558235e-5,4.773528323567886e-6,1.182724011983171e-6,1.084320004494844e-6,2.569998361260329e-7,1.096905432810326e-6,4.575303980793658e-6,1.8263895492269192e-5,6.456404159076264e-5,0.00010521521966262887,-0.00208440414008057,-0.04200182220366786,-0.1679560381840363,-0.0419993875970293,-0.002083825560855001,0.00010510204286733782,6.479020947956246e-5,1.819909682491755e-5,4.54026648600296e-6,1.107327769485125e-6,9.120806342615462e-7
19.0,3.1230652218071173e-7,1.242896665050859e-6,5.097476641712232e-6,2.1346480363355303e-5,9.653406650998442e-5,0.0005512985758190789,0.004669454882872429,0.0473139783046757,0.15738388706910286,0.04731443353289924,0.004669799545380284,0.0005509732262965776,9.655926567910301e-5,2.1252117128170507e-5,5.0524422009770964e-6,1.2516801307411171e-6,1.1462548901003382e-6,2.729816638704198e-7,1.1634066302801996e-6,4.85108589916701e-6,1.9383851686363135e-5,6.89226987678839e-5,0.0001197901084523907,-0.002078034366365646,-0.04290182568875685,-0.17317666460019945,-0.042899304646379637,-0.0020774347184287817,0.00011966350485551033,6.915748209391476e-5,1.9314576480593925e-5,4.813782701949699e-6,1.174400228545565e-6,9.69689248658694e-7
19.5,3.289523085345742e-7,1.3100845722363435e-6,5.37365493491247e-6,2.248474365814935e-5,0.00010134158177678318,0.0005738437175750732,0.004807011958695611,0.04849179777854159,0.16166495700617212,0.048492270293912856,0.004807371027159907,0.000573502386444645,0.00010137123778867577,2.238547480088346e-5,5.326214108582349e-6,1.3193736180629346e-6,1.2070718720791653e-6,2.886623417075127e-7,1.228668936598607e-6,5.121768756102759e-6,2.0483227339756094e-5,7.32031811220048e-5,0.00013413404049830135,-0.0020712397970101626,-0.04379139061780855,-0.17842103203257764,-0.04378877161492754,-0.002070620160808736,0.0001339953268942876,7.344655737595976e-5,2.0409562819133713e-5,5.082237137498452e-6,1.2402221021661675e-6,1.026204315202699e-6
20.0,3.458076688458192e-7,1.3781296795521077e-6,5.65337668541605e-6,2.363743963918657e-5,0.00010620705850895077,0.0005966157081264023,0.004945339393039485,0.04967070634271443,0.165944494149476,0.0496711788580857,0.0049457135877580445,0.00059625808025775,0.00010624129516480552,2.3533180749938566e-5,5.603498874901825e-6,1.387933098213055e-6,1.2686532032971476e-6,3.045529671916541e-7,1.2947893223170968e-6,5.395997884005218e-6,2.1597128530283347e-5,7.754322310228723e-5,0.00014872994172609105,-0.0020633093179892917,-0.04467731083988063,-0.18367835330098778,-0.044674585232921955,-0.00206267023374667,0.00014857745242623043,7.77951641475326e-5,2.151901138738203e-5,5.3542037283455855e-6,1.3069098806880931e-6,1.0834857533064044e-6
20.5,3.6338414030369043e-7,1.449120252778658e-6,5.945242558721329e-6,2.4839622331529944e-5,0.00011127063965149156,0.000620144596632874,0.005085993389348609,0.0508508826310541,0.17021743912711243,0.0508513724335731,0.005086379829130144,0.0006197698166723338,0.00011130968204437786,2.4730159571883903e-5,5.892821548230879e-6,1.4594623121205053e-6,1.3328551981609393e-6,3.211688363904927e-7,1.3638668682347432e-6,5.682412987951966e-6,2.2761069316968457e-5,8.20894897254212e-5,0.00016421165170986486,-0.002051097748863013,-0.04554705605406055,-0.18898160075853238,-0.04554423248659808,-0.00205044263799385,0.00016404562306188025,8.235013624512537e-5,2.2678256169906917e-5,5.6382539482320185e-6,1.376576625300273e-6,1.143411243632661e-6
21.0,3.8064073340747834e-7,1.5188080998660935e-6,6.231718508138397e-6,2.601972620742919e-5,0.00011624330570330432,0.0006432865051344442,0.00522485852601665,0.052025769052188565,0.174508328164092,0.05202625885470756,0.005225259731903537,0.000642895068286769,0.00011628708630530136,2.590516790342475e-5,6.176805647028177e-6,1.5296746436450236e-6,1.3958970844475524e-6,3.3746548668759964e-7,1.431639489838769e-6,5.963461029025363e-6,2.3903105734338214e-5,8.654791940555112e-5,0.00017935533943133053,-0.0020399606840127904,-0.046417567665123144,-0.19428301577841767,-0.046414654780730744,-0.002039284324357877,0.00017917555759680595,8.681723200842693e-5,2.3815713350146197e-5,5.916975793116403e-6,1.444928861557987e-6,1.2021766253817388e-6
21.5,3.994337625638371e-7,1.594776131516587e-6,6.5440829741990816e-6,2.7305193335448146e-5,0.00012163553398181304,0.0006680036599542439,0.005368149892801244,0.05319989483882293,0.1787902970328432,0.05320042497801997,0.0053685683858358604,0.0006675941706424033,0.00012168469430816858,2.718509492827326e-5,6.486452114275936e-6,1.6062203555556403e-6,1.464528664721463e-6,3.553113664129012e-7,1.505722630814033e-6,6.270521036222622e-6,2.5151972729273794e-5,9.144866822169267e-5,0.00019643275669334158,-0.0020189386120015402,-0.04724421890120492,-0.1996996093012415,-0.04724121669988258,-0.0020182422640820643,0.0001962373533998011,9.172707458457198e-5,2.5059538260327364e-5,6.221491545213673e-6,1.5196409442228494e-6,1.2665971187914066e-6
22.0,4.194718377602785e-7,1.6758356628843844e-6,6.877442996307443e-6,2.8676193016173256e-5,0.00012736974616065126,0.0006940277951721698,0.00551548213036759,0.05437662522238187,0.1830581711138123,0.054377149599196324,0.005515915389507559,0.0006935992629866585,0.00012742495023592,2.8550163406619852e-5,6.816902808462385e-6,1.6878966067627838e-6,1.5376928808263242e-6,3.744110628945635e-7,1.5849142414137857e-6,6.5986462376359e-6,2.6487275462856466e-5,9.670585754054551e-5,0.00021504428451515035,-0.0019904065348230458,-0.04803964666729607,-0.20520047190686366,-0.04803655226785251,-0.0019896923595324745,0.0002148327420485344,9.699362777511158e-5,2.6389461269551534e-5,6.546885382913031e-6,1.599502030850087e-6,1.3355928926174375e-6
22.5,4.4042576038281453e-7,1.760636487261046e-6,7.226225410748465e-6,3.0110052750189858e-5,0.00013335522973285341,0.0007210073154138295,0.005665689436690685,0.05555459451819474,0.1873178510867577,0.055555124657391784,0.0056661399829783824,0.000720558389796231,0.00013341663512218396,2.9977841522218236e-5,7.162657721120065e-6,1.7733465081075166e-6,1.614191639729497e-6,3.9443309141711254e-7,1.667866313104093e-6,6.94226909687692e-6,2.7886234516463612e-5,0.00010222545473237052,0.00023479160945581165,-0.001956257215079224,-0.048810964624687266,-0.21076638028700906,-0.04880776073997475,-0.001955520890630624,0.0002345623971832483,0.00010252301651545522,2.7782714213849553e-5,6.887650967004436e-6,1.6831538254490792e-6,1.4079576766180307e-6
23.0,4.600513701149884e-7,1.8400185476999808e-6,7.552627243349199e-6,3.145179314555719e-5,0.00013895668201936335,0.0007462720766528495,0.005806809105541771,0.056696341477131915,0.19167534174155612,0.05669688890347668,0.005807272977339177,0.0007458044683104916,0.00013902386104592382,3.131376888906848e-5,7.486221270798916e-6,1.853332626900644e-6,1.685853535450117e-6,4.1313749017739766e-7,1.7454216026017312e-6,7.2636576847727565e-6,2.9194779311422135e-5,0.00010738776169514728,0.00025324289352151924,-0.0019248949076834043,-0.049570988312228566,-0.21634828504118675,-0.049567692229394826,-0.0019241411160126193,0.00025299727196419707,0.00010769457480338405,2.9085955253360496e-5,7.206367278117068e-6,1.761365050219247e-6,1.4755292092182665e-6
23.5,4.820233113146486e-7,1.928994672659931e-6,7.918580741905734e-6,3.295462139603595e-5,0.00014520078627364513,0.0007739679330785469,0.005955063324320353,0.057839511744565475,0.19601177665042013,0.05784008798282312,0.005955543762967665,0.0007734794811179631,0.0001452748644027825,3.281007506786156e-5,7.84899603316611e-6,1.9429905376653115e-6,1.766055251198773e-6,4.342074324503496e-7,1.8326128098629752e-6,7.624773089169016e-6,3.066645186743347e-5,0.00011322397479838114,0.0002746220306687485,-0.0018788367239730235,-0.050267228187030895,-0.22209769073209734,-0.05026382838131078,-0.0018780600628463884,0.00027435727620052786,0.00011354078203889898,3.055158406045862e-5,7.564460808056719e-6,1.849288337517901e-6,1.5517365781089511e-6
24.0,5.034820666941856e-7,2.015872684017589e-6,8.275889963181718e-6,3.442189619620401e-5,0.00015129827615717746,0.0008010346543752895,0.006100293012544108,0.05897195245564164,0.2003800314358714,0.05897252293151671,0.0061007914586369725,0.0008005250436661827,0.00015137914084235708,3.4271010684462834e-5,8.2031827915201e-6,2.03053222186976e-6,1.8443872876397793e-6,4.5476484835553026e-7,1.9177101240169785e-6,7.977253360690666e-6,3.210293674937188e-5,0.00011891958351581839,0.0002954631953801273,-0.0018344168576589163,-0.050964234458715896,-0.22784340849815898,-0.050960725167726824,-0.0018336223691611852,0.00029518054601288993,0.00011924606975832015,3.1982213708929425e-5,7.914000097943578e-6,1.935099794605347e-6,1.6260770813553536e-6
24.5,5.25304663917922e-7,2.104239650858493e-6,8.639311868123418e-6,3.5914049407866784e-5,0.00015749390661896534,0.0008284521607113749,0.006246262086482207,0.06010216888704329,0.20475291917691418,0.06010276241244866,0.006246771337042403,0.000827922201588795,0.00015758155786018717,3.575672060701422e-5,8.563449172995242e-6,2.1195762264584485e-6,1.9240417458634724e-6,4.756913817237241e-7,2.0043053622062112e-6,8.335907513056277e-6,3.356484870716164e-5,0.00012472153745389056,0.0003167866895206025,-0.0017872647216312836,-0.05164602804039901,-0.23362877145634678,-0.05164242655128871,-0.0017864516854646344,0.00031648551499375405,0.00012505773646233665,3.343815788671689e-5,8.269667546644672e-6,2.0224216613592157e-6,1.7017691981418795e-6
25.0,5.463138926110239e-7,2.1892866707798036e-6,8.989041783703418e-6,3.7349875892577216e-5,0.0001634544161151183,0.0008548175820411152,0.006386622921577753,0.06121000422451792,0.20918718781716153,0.06121058046277556,0.006387149459285679,0.0008542680848401119,0.00016354870760188723,3.718628669073214e-5,8.910133297980012e-6,2.2052790057983284e-6,2.0007397473038502e-6,4.958123280990339e-7,2.087602459366948e-6,8.680975188436466e-6,3.497149750275194e-5,0.00013030503856811639,0.0003373209848504772,-0.0017417519834466572,-0.052319811910300815,-0.23942745704305135,-0.05231608364877384,-0.0017409185988665346,0.0003370011951267899,0.00013065073650409087,3.483904711339409e-5,8.611845589746521e-6,2.1064191848444796e-6,1.7745317638010416e-6
25.5,5.666080111739004e-7,2.271416097643062e-6,9.326724999575816e-6,3.8736108746773525e-5,0.00016920961822267745,0.0008802815506465486,0.006522413466992335,0.062300707998592685,0.2136696991243391,0.06230132457352837,0.006522953690358879,0.0008797114349203888,0.00016931008851420122,3.8566534882945955e-5,9.244877642465142e-6,2.2880350003227186e-6,2.0748319447580783e-6,5.152228244740707e-7,2.167989173482012e-6,9.014036962227879e-6,3.632931235693733e-5,0.00013569473454959444,0.00035713464471868875,-0.0016980718629958046,-0.0529898559939105,-0.2452306142386353,-0.052986024009497146,-0.0016972217314913194,0.0003567974327914304,0.00013604944746299812,3.61913331190625e-5,8.942128870962609e-6,2.187482233291486e-6,1.8447078694097045e-6
26.0,5.895137808671125e-7,2.3642175738049776e-6,9.708392104623541e-6,4.0301425646979285e-5,0.00017567862421724372,0.0009084413238882659,0.006666176268701467,0.06339512850942929,0.21812425135125565,0.0633957623715127,0.006666732338620096,0.0009078498693391276,0.00017578648881609707,4.0125059599782764e-5,9.623221107660104e-6,2.3815488608784725e-6,2.158435203663982e-6,5.372728887956668e-7,2.2591103650516973e-6,9.39131826950164e-6,3.7868667585251914e-5,0.00014183467698601436,0.00038022388144202105,-0.0016374406137495243,-0.0535687103732475,-0.2512612011497474,-0.05356478619071292,-0.001636573375171765,0.00037986629859198254,0.00014219949657823383,3.772435479113703e-5,9.316248324027235e-6,2.279362058846612e-6,1.9245383574478217e-6
26.5,6.127647079212247e-7,2.458432739955061e-6,1.0095880679178454e-5,4.189050112065952e-5,0.00018224179789739072,0.0009369544032117031,0.0068109352422985065,0.0644896181688568,0.22257827343897518,0.06449028084285309,0.006811508599364866,0.0009363410696162198,0.0001823574844804055,4.170723034355936e-5,1.0007336099837481e-5,2.476491007301112e-6,2.243295994241162e-6,5.596729024985856e-7,2.351652984183811e-6,9.774463251233101e-6,3.943206838070446e-5,0.00014807448196267072,0.0004037497987199766,-0.0015745207982481065,-0.054135285115314034,-0.257324518393894,-0.054131262972275655,-0.0015736335714057854,0.0004033718224378511,0.00014844932945113167,3.9281331993121754e-5,9.696177991945578e-6,2.372677204427042e-6,2.005648710610193e-6
27.0,6.364099874816767e-7,2.5542622454622e-6,1.0490017236854735e-5,4.350642738385503e-5,0.00018890983118391468,0.0009658215089146825,0.006956092540591144,0.06557890439681777,0.22704347454889304,0.0655795324965186,0.006956680303613945,0.0009651854859378042,0.00018903315967663538,4.3316209671900715e-5,1.0398048429195615e-5,2.573058044318436e-6,2.329594742653053e-6,5.824767208582189e-7,2.445829286608631e-6,1.0164333591828533e-5,4.102323721993006e-5,0.0001544316279564019,0.0004278293098927985,-0.001508129867542186,-0.054678706604188304,-0.26344515981991123,-0.05467457497588097,-0.0015072249934032244,0.0004274299497690806,0.00015481667216090636,4.086592248739433e-5,1.0082778152292229e-5,2.4676371120996884e-6,2.088237643872143e-6
27.5,6.615643138403574e-7,2.656260356194483e-6,1.0909576649887324e-5,4.522574170748633e-5,0.0001959878152230715,0.0009962046614586406,0.007105217959585507,0.06666501555197908,0.2315055870217499,0.06666569551312311,0.007105824450351681,0.0009955441483558126,0.00019611960721520138,4.5028081855925185e-5,1.0813949376434719e-5,2.6758425739619127e-6,2.4213892790373537e-6,6.068092376961629e-7,2.546216575063067e-6,1.0579792793918953e-5,4.2719541404542606e-5,0.00016122537572218213,0.0004538460170394344,-0.0014312582433763947,-0.05516274674061202,-0.2697131799427044,-0.055158488339888005,-0.0014303320304144545,0.00045342401255293554,0.0001616210668288689,4.2555203768241804e-5,1.049473715715358e-5,2.5688588275965246e-6,2.1764192606387183e-6
28.0,6.87832587111595e-7,2.7628122052329723e-6,1.134789757025386e-5,4.702153421510742e-5,0.0002033709354270981,0.0010277428115602707,0.007257813773486549,0.0677531896401028,0.23595594423415078,0.06775386960124681,0.007258436110804808,0.0010270577182942646,0.00020351146103032047,4.681609458433537e-5,1.124846903759187e-5,2.783221640030423e-6,2.51724041458163e-6,6.322678793334259e-7,2.651182397232135e-6,1.101411338839286e-5,4.44932438410661e-5,0.0001683390820314517,0.0004812541144852192,-0.0013472477474961756,-0.05560932562790608,-0.2760764868237821,-0.05560494621714797,-0.0013463037972003672,0.0004808087003195034,0.0001687456338787367,4.4321587866346644e-5,1.0925401396081527e-5,2.674693720038204e-6,2.2687177944737078e-6
28.5,7.14276978124237e-7,2.8700869899029278e-6,1.1789200270374015e-5,4.882943954352526e-5,0.00021080272075272758,0.0010594713003613798,0.007411048491555759,0.06884236062041223,0.24040514897003634,0.06884304634393883,0.007411688836319569,0.0010587601863365518,0.0002109520925135771,4.861618636958189e-5,1.1685931790631343e-5,2.891324345146241e-6,2.613734999767243e-6,6.579043972516978e-7,2.756873968696036e-6,1.1451416466036232e-5,4.627919696789133e-5,0.00017550304036846335,0.0005088760503469277,-0.0012622216316868532,-0.05605077599470709,-0.28245525993969506,-0.056046281336297445,-0.0012612596739454932,0.000508406506204173,0.00017592067804941597,4.610013543118883e-5,1.1359024905456157e-5,2.781258406415807e-6,2.36166593283865e-6
29.0,7.397270468809273e-7,2.9733032410193426e-6,1.2213759563210507e-5,5.056819909468878e-5,0.0002179419751253733,0.0010898281620348328,0.007556014910925551,0.06988793917653063,0.24496416166829918,0.06988862490005723,0.007556668221050159,0.0010890924678468273,0.00021810019304385,5.034740530292073e-5,1.210679533663473e-5,2.995340907636726e-6,2.7066024211643327e-6,6.825642662370448e-7,2.8585506183885915e-6,1.1872172389415816e-5,4.799808080102742e-5,0.00018240600329151328,0.0005356203483310711,-0.0011778858313027465,-0.056467096611092095,-0.2888828519607959,-0.056462521279326376,-0.0011769046055946466,0.0005351276196021688,0.0001828341528188066,4.781189506867861e-5,1.177622646858685e-5,2.8837768690171017e-6,2.4510720207319337e-6
29.5,7.649899630601943e-7,3.075764551083487e-6,1.2635180214560645e-5,5.229408894960974e-5,0.00022502788244057277,0.0011199428235656186,0.007699635093665915,0.07092680455694746,0.24954246682342807,0.07092751333000437,0.007700306411236074,0.0011191836296611682,0.00022519456385845863,5.206586145922497e-5,1.252455681877554e-5,3.098596374186324e-6,2.798790870420072e-6,7.070400600892764e-7,2.9594744372764022e-6,1.228981851135856e-5,4.970435379495073e-5,0.00018925915311830642,0.0005621846168783136,-0.0010939538478851318,-0.05688246067196941,-0.2953138322628517,-0.05687772975587413,-0.0010929535342847473,0.0005616685685074221,0.00018969783700124735,4.95110888855695e-5,1.2190358324983688e-5,2.985535290801273e-6,2.5398051155185233e-6
30.0,7.913564507683508e-7,3.1827386254810494e-6,1.3075194960274364e-5,5.4095323082183426e-5,0.0002324084816022222,0.0011510850799767993,0.007845011362496459,0.07195504410389326,0.2541381513244076,0.07195577592648048,0.007845701407809992,0.001150300675648577,0.00023258421176149767,5.38592848622907e-5,1.2960752016467991e-5,3.2063969621980656e-6,2.8950039134149825e-6,7.326489689357556e-7,3.064972041821912e-6,1.2726265531922394e-5,5.1488030668111726e-5,0.00019643784379670988,0.0005902593049398002,-0.0010006827530183822,-0.0572242563944929,-0.30191692340770154,-0.05721941023074608,-0.0009996653323447236,0.0005897188564801864,0.00019688710705391229,5.128733768744051e-5,1.2623126480694624e-5,3.091903020743157e-6,2.6327061250220613e-6
30.5,8.185328338914227e-7,3.293022271414538e-6,1.3528857380151749e-5,5.595191885517443e-5,0.00024000706089227222,0.0011830072388548144,0.007992056561380715,0.07297848934853546,0.2587405432387061,0.07297919812159236,0.007992763173544155,0.0011821972639539091,0.00024019224496046223,5.570787294933803e-5,1.3410469680304254e-5,3.3175394788744585e-6,2.994169016844196e-6,7.59087424877232e-7,3.1738210711459377e-6,1.3176496689323213e-5,5.332836909416579e-5,0.00020385360249579852,0.0006194141246040782,-0.0009010273884430392,-0.05751800537109375,-0.3086341788761565,-0.05751306700922571,-0.0008999936710311567,0.0006188485557579202,0.00020431367022033184,5.3120017321808463e-5,1.3069542310569222e-5,3.2016492569734682e-6,2.7286506390193437e-6
31.0,8.456428321444196e-7,3.4030431915310934e-6,1.3981408402999003e-5,5.7803528816678376e-5,0.0002475760854623109,0.0012146677495489667,0.008135995115758429,0.0739787006666293,0.26339857671916306,0.07397945553874681,0.008136718294771776,0.0012138319339636949,0.00024777081347664316,5.755143020628442e-5,1.3859090015427223e-5,3.428414697530947e-6,3.0930967174267843e-6,7.854799389715372e-7,3.2824474693560167e-6,1.3625788083159311e-5,5.516534800615916e-5,0.00021126454420320216,0.0006486966170573163,-0.0007984330286792397,-0.057772950463424635,-0.31543766263748585,-0.057767885329139915,-0.0007973806735612115,0.0006481059728432278,0.00021173541639506638,5.494930367815531e-5,1.3515043699849408e-5,3.3111725103819117e-6,2.8244502493532043e-6
31.5,8.722878725259505e-7,3.511172274740981e-6,1.4426147289506618e-5,5.962264096628863e-5,0.0002550055298200187,0.0012456341632543374,0.008275263979355735,0.07495235316342817,0.26812338468891617,0.07495308498601538,0.00827600372521899,0.001244772597021927,0.00025520962170603773,5.936271474440652e-5,1.429996011480464e-5,3.5373847143797715e-6,3.1903284824146607e-6,8.114233220508181e-7,3.3892175531594414e-6,1.4067413651150878e-5,5.6971325975170306e-5,0.0002185575821608575,0.0006776294949551723,-0.0006951914363037063,-0.05800308849876381,-0.32229358408026104,-0.05799792540397529,-0.0006941223342613151,0.0006770135052614702,0.00021903889867114156,5.6747741029341775e-5,1.3952918654572207e-5,3.418822215695576e-6,2.9186253208003016e-6
32.0,9.010719125555811e-7,3.6280398929542285e-6,1.4906899660285506e-5,6.158837311397507e-5,0.0002630178751902278,0.0012787837096211413,0.008420818161748327,0.07592860449476904,0.27282703318984847,0.07592935936688656,0.008421575915057133,0.0012778950421831758,0.00026323211877367646,6.131992711941641e-5,1.4776539822809646e-5,3.65516677318743e-6,3.2953614807966254e-6,8.395427220368764e-7,3.504801085753383e-6,1.4545297492126684e-5,5.8926174872951567e-5,0.00022646755520310647,0.000709279831442588,-0.0005772245254401354,-0.05813173368978356,-0.3293913411950057,-0.05812648992163897,-0.000576138406361698,0.0007086360652641227,0.00022695981123656305,5.869439653939711e-5,1.4426746599803879e-5,3.5353536011364166e-6,3.0207809966811602e-6
32.5,9.299262941693971e-7,3.74519731849432e-6,1.5388836583342076e-5,6.355887723473264e-5,0.0002710497136202464,0.0013120084370731226,0.00856662804986775,0.0769051554700039,0.2775317880682355,0.076905916104504,0.008567402370026464,0.0013110927584668302,0.0002712742214476594,6.328197336809152e-5,1.5254291421607181e-5,3.7732358256585647e-6,3.400649819129183e-6,8.677329911690014e-7,3.620674425674169e-6,1.502436588538017e-5,6.088591954499213e-5,0.00023439744898199675,0.0007410133623284515,-0.00045888747153325385,-0.05825932436479182,-0.3364947684942055,-0.058253965348995705,-0.00045778280478589846,0.0007403424949444313,0.0002349007345758536,6.064588029579093e-5,1.4901753469986498e-5,3.652177255859548e-6,3.1231934193442956e-6
33.0,9.590766379986736e-7,3.863562860742796e-6,1.5875756504222346e-5,6.55495553218346e-5,0.0002791590065754432,0.0013454838281671806,0.008712513569258491,0.07787582881501073,0.28224979642654835,0.07787660673665857,0.008713308778054044,0.0013445401479830555,0.0002793939812305831,6.526398537202184e-5,1.5736980999614536e-5,3.892527414862843e-6,3.507018252486909e-6,8.96232587417582e-7,3.737785777476619e-6,1.5508514347843533e-5,6.286654159921894e-5,0.0002424165021256738,0.0007731820881546805,-0.0003375463705408609,-0.05835756722533811,-0.3436663763040502,-0.058352104486655614,-0.00033642455170161776,0.0007724832191928275,0.00024293101986369337,6.261827519833141e-5,1.5381791170270063e-5,3.770249825409892e-6,3.22675100299797e-6
33.5,9.88273671054453e-7,3.9821267662586765e-6,1.6363479725994012e-5,6.754331155666052e-5,0.0002872782936629212,0.0013789541771764841,0.008857708323037877,0.07883815246766428,0.286988434114485,0.07883894191407725,0.008858521539278982,0.0013779828555634374,0.0002875235325620254,6.724922746149795e-5,1.6220479505840023e-5,4.012014905379078e-6,3.613560077849652e-6,9.247865225399459e-7,3.855109560863309e-6,1.5993526604960692e-5,6.485088894374421e-5,0.00025045327009391206,0.0008054668269488746,-0.00021501995195434892,-0.058443616884352574,-0.3508675797108077,-0.0584380504227837,-0.00021388199394203024,0.000804740406595328,0.00025097892993886664,6.459424908067525e-5,1.5862675783227217e-5,3.888533419712793e-6,3.3305087084586526e-6
34.0,1.0181131865547863e-6,4.1033137094488316e-6,1.6862022890245088e-5,6.958116352378061e-5,0.0002955725681025456,0.0014130817979484166,0.00900482987349127,0.07980185332975359,0.2917210328254815,0.07980265430093171,0.009005661817475748,0.001412082564794765,0.0002958285439410599,6.927817699772354e-5,1.6714691035336957e-5,4.134150404831974e-6,3.722444629673691e-6,9.539982394014241e-7,3.975085573681712e-6,1.6489431959804813e-5,6.687990038056388e-5,0.0002586751095838057,0.0008385675731382342,-8.800758043264695e-5,-0.05849156566977141,-0.35815833054280355,-0.05848593005961162,-8.685266165754946e-5,0.0008378119807228941,0.00025921191153569525,6.661474074481837e-5,1.6354370490841995e-5,4.0094910493385035e-6,3.4366893297866033e-6
34.5,1.04972029813872e-6,4.231718402592257e-6,1.739031210361651e-5,7.173993548777889e-5,0.0003043471686429488,0.0014489962975424223,0.00915698054333828,0.08076755373859694,0.2964373355185517,0.08076836623454021,0.009157829774470487,0.0014479664517313333,0.0003046145792093882,7.142764136330238e-5,1.72383841295977e-5,4.263565906540144e-6,3.837785835510114e-6,9.850279345061755e-7,4.102379573210849e-6,1.701537598475949e-5,6.903207711762892e-5,0.0002674080003784502,0.0008739384279510406,5.182966004685693e-5,-0.05842461254661537,-0.3657130215463321,-0.05841882135212601,5.300285637918916e-5,0.0008731527631016296,0.0002679566422257899,6.87578687404938e-5,1.687583094322069e-5,4.137826104313585e-6,3.5495604908943536e-6
35.0,1.0806774534847802e-6,4.357486341452491e-6,1.7907703998765916e-5,7.385365507393806e-5,0.00031292965224862456,0.0014839841339883487,0.009303097998627724,0.08169291746940498,0.3012510455266947,0.08169375301487856,0.009303968838694592,0.0014829249360410108,0.0003132084975429892,7.353227844411153e-5,1.775128823167608e-5,4.390320034410658e-6,3.950760398746617e-6,1.015430358533953e-6,4.22708465073404e-6,1.7530608393274405e-5,7.114092343883572e-5,0.00027597389462491174,0.0009087741915192849,0.00019176239063372426,-0.05832863430242164,-0.373326880694156,-0.05832278548410652,0.00019295212005200342,0.000907958454235803,0.00027653397120017657,7.085780137615261e-5,1.73866768505458e-5,4.263550079683703e-6,3.660167004699253e-6
35.5,1.1114256063988293e-6,4.482405609099526e-6,1.842161117183478e-5,7.595281113850746e-5,0.0003214468363548694,0.0015186069595129468,0.00944622909914691,0.08259513370940333,0.30612039710099603,0.0825959462053466,0.009447119387254975,0.001517518769578271,0.0003217368912840898,7.562234637600417e-5,1.8260732934644215e-5,4.5162226774046065e-6,4.062970348963024e-6,1.0456423327225484e-6,4.350978689791573e-6,1.8042485508223676e-5,7.323632044914626e-5,0.000284491281314919,0.0009435119945837291,0.00033290630200838396,-0.05820623553411478,-0.38099799487525965,-0.05820030028006101,0.00033411286838825374,0.0009426663649406317,0.0002850626125436535,7.29443691108162e-5,1.7894178718958735e-5,4.38845457559806e-6,3.770090150013791e-6
36.0,1.143769282296165e-6,4.6138501138035266e-6,1.896239023689417e-5,7.816101354054454e-5,0.0003303936105840516,0.001554774013530812,0.009592826993083666,0.08348894839560517,0.31099793125855596,0.08348978970346134,0.009593736008935105,0.0015536550308642432,0.00033069564046456375,7.78210442231861e-5,1.87968145887117e-5,4.648701906811975e-6,4.181012319924248e-6,1.0775055755998974e-6,4.48150805048532e-6,1.8581565120609146e-5,7.544343114979678e-5,0.0002934753759750067,0.0009803766570422585,0.0004868820714806502,-0.057961172927902545,-0.38894819276930703,-0.0579551339509624,0.00048810572242448695,0.000979499874518357,0.0002940585245898843,7.514212156710668e-5,1.8428653771243427e-5,4.520045390797165e-6,3.886108393597999e-6
36.5,1.176267445897768e-6,4.745929099596879e-6,1.9505787415716943e-5,8.037967151565494e-5,0.0003393777727720601,0.001591016338671082,0.009738601586609809,0.08437043158309337,0.3159037702393316,0.08437129594047985,0.009739532931693731,0.0015898663831981647,0.0003396920252062403,8.003010197888689e-5,1.9335494660898997e-5,4.781825465130482e-6,4.2996191338064805e-6,1.1095394847458763e-6,4.612707063060513e-6,1.9123357104480806e-5,7.766192593243187e-5,0.00030251047672461885,0.0010175302489646612,0.0006434018878418153,-0.0576859384865199,-0.39696698606554476,-0.057679801549075954,0.000644642285710015,0.0010166213231504503,0.0003031053977070258,7.735120745944113e-5,1.8965820092539053e-5,4.652313243744057e-6,4.002765338766611e-6
37.0,1.2086376757431337e-6,4.877488612791022e-6,2.004704198988543e-5,8.258933702264307e-5,0.00034832177835648876,0.0016270305094762151,0.00988247963597047,0.08523701324923881,0.3208462579732935,0.08523786608186013,0.009883426827606477,0.0016258499413458602,0.0003486477806488913,8.223026855834661e-5,1.9872054637738946e-5,4.9144274406022535e-6,4.4177599346934845e-6,1.1414596163794352e-6,4.743415794793933e-6,1.9663116216569508e-5,7.987218230872717e-5,0.0003115161353007544,0.0010546284679919932,0.0008007615714635014,-0.0573901669136347,-0.4050305415496365,-0.05738394354045211,0.0008020189413491332,0.0010536876689991562,0.0003121229186879184,7.955209996404965e-5,1.9500954948883403e-5,4.784083429982835e-6,4.119018874949919e-6
37.5,1.2400975096351792e-6,5.005352027444141e-6,2.0573049322265874e-5,8.473604962544859e-5,0.00035699967891428047,0.0016617987451236413,0.010018715325439085,0.08605502379264716,0.3259066901538307,0.08605588238765106,0.010019681965116288,0.0016605884647081265,0.00035733754361144004,8.43677354633268e-5,2.0393482732988917e-5,5.04329885015675e-6,4.532583074762382e-6,1.172495114664882e-6,4.870478722219021e-6,2.0187808161325684e-5,8.202139344460294e-5,0.0003202839830490758,0.0010909200434958467,0.0009573712449779683,-0.05706467297142006,-0.4131520896519779,-0.05705835740011624,0.0009586452717507354,0.0010899482716966611,0.00032090168345010533,8.169218920328825e-5,2.0021170355222015e-5,4.912180026987528e-6,4.2320729241765515e-6
38.0,1.2717043574381721e-6,5.1338122904390724e-6,2.1101514389597757e-5,8.689281263380253e-5,0.0003657182087710977,0.0016967274271109313,0.010155530134356635,0.08687416952542308,0.33096541666912527,0.08687505116995728,0.010156512620585922,0.0016954867141124345,0.0003660678683450935,8.651521338256824e-5,2.091736574952696e-5,5.172774142211477e-6,4.64794151428693e-6,1.2036800008897426e-6,4.998144477020578e-6,2.0714991604993712e-5,8.418075065058163e-5,0.0003290932929407794,0.0011273863812587773,0.001114790443207202,-0.05673415423159873,-0.4212882050574726,-0.05672774069979111,0.0011160792360853213,0.001126383726690471,0.0003297222479952786,8.384238512134264e-5,2.0543829428195234e-5,5.040880858200374e-6,4.345670713848938e-6
38.5,1.3052055920302598e-6,5.2700048520755915e-6,2.166183012624882e-5,8.91791167035924e-5,0.0003749497032237557,0.0017335517528914253,0.010297562060399359,0.08769523989397954,0.33600736312635715,0.08769614458804405,0.010298564714967665,0.0017322788065653914,0.0003753121705934,8.879161898463155e-5,2.1472823696374173e-5,5.310047853996926e-6,4.770240909630978e-6,1.2368457061252655e-6,5.133710646849925e-6,2.1274443546990975e-5,8.647232189819532e-5,0.0003384517849031892,0.0011663121759351287,0.0012866771833414037,-0.05623187615432048,-0.42980574409046923,-0.0562254049986871,0.001287982002846064,0.0011652752171830468,0.0003390925123252177,8.612422672103179e-5,2.1098495328804517e-5,5.177547522114303e-6,4.466614626865733e-6
39.0,1.3388584127362672e-6,5.406820640147993e-6,2.2224727399039486e-5,9.147566250803968e-5,0.0003842199136843494,0.0017704812421539399,0.010439266971230867,0.08850915338337602,0.34106638928554567,0.08851001774076249,0.01044028907384037,0.0017691760625003687,0.0003845950988124144,9.107828320333245e-5,2.2030829415400582e-5,5.4479528815004405e-6,4.893097058613855e-6,1.2701797036009522e-6,5.26993204853596e-6,2.1836565655523915e-5,8.877486643294193e-5,0.00034785817667076595,0.0012054871036206848,0.0014605560871769655,-0.05570155832342511,-0.4383860700440191,-0.05569496039537505,0.0014618757628242056,0.0012044169211315604,0.00034851067646032375,8.841694594329937e-5,2.165579341149402e-5,5.314871879840365e-6,4.5881916141401965e-6
39.5,1.3729496373657103e-6,5.545430138617124e-6,2.279500069034784e-5,9.380215131804302e-5,0.0003936066098083542,0.0018078083358142312,0.010581512825726742,0.08931529341867683,0.3461410660758119,0.08931614625129815,0.01058255077488833,0.0018064705626842118,0.0003939946252413747,9.339474974442104e-5,2.2596160507004066e-5,5.587665336009599e-6,5.017561216211211e-6,1.3039815605384527e-6,5.408003433886072e-6,2.2406226975049858e-5,9.110837814671035e-5,0.00035739494234413537,0.0012452767154601406,0.001638481264027944,-0.05511958073273166,-0.4470819663425227,-0.055112942468003565,0.0016398168762644973,0.0012441724088616962,0.00035805932704775713,9.074053668003428e-5,2.2220560363592338e-5,5.454063806626552e-6,4.711507093667804e-6
40.0,1.4080824450029797e-6,5.688290730726503e-6,2.3382793256613422e-5,9.619983706589551e-5,0.00040327458223187314,0.00184616131364759,0.010726352472679853,0.09011893834232204,0.3512150744296993,0.09011983727400397,0.010727414191669568,0.0018447902267433006,0.0004036760132118294,9.578208683840818e-5,2.317884768108947e-5,5.731665110074861e-6,5.145840349626865e-6,1.3388751188625112e-6,5.550425797925975e-6,2.299366220606778e-5,9.351470746842756e-5,0.00036723493089128477,0.0012864352533104196,0.0018246197268321795,-0.05443937180625708,-0.45599655658456856,-0.05443264134340776,0.0018259693848762628,0.0012852962823792886,0.000367911380583426,9.313660175778715e-5,2.2802953509855846e-5,5.597636255567888e-6,4.83887284161281e-6
40.5,1.4442450534327243e-6,5.835357749570173e-6,2.39879011072421e-5,9.866793755318103e-5,0.00041322180511728157,0.0018855520605680805,0.010874113647599234,0.09092414487164546,0.35627963247616123,0.09092502651617966,0.01087519625522579,0.0018841458591449657,0.0004136371018303125,9.823952916885791e-5,2.3778702422211178e-5,5.879905426542744e-6,5.277891198786544e-6,1.3748433207389632e-6,5.697137943477429e-6,2.359863500085482e-5,9.599284147928129e-5,0.0003773728976436972,0.0013289228306796255,0.0020184660966302693,-0.05366990933605551,-0.4651109401553059,-0.05366309819985012,0.0020198317813008935,0.0013277477548201638,0.00037806190752911063,9.560420704031999e-5,2.3402722434244846e-5,5.745534360228709e-6,4.970220274930634e-6
41.0,1.4801638403462859e-6,5.981436117448116e-6,2.4588955875790012e-5,0.00010111924609748979,0.00042309767349969226,0.0019245927427470504,0.011019484154047203,0.09170856648701556,0.3613938622604324,0.09170945389393233,0.011020580447332376,0.0019231523271773876,0.00042352665587134234,0.00010068029210286558,2.4374551913529365e-5,6.027151113010245e-6,5.409051875198355e-6,1.4105821211239903e-6,5.84289344348396e-6,2.4199648971283904e-5,9.84549657455744e-5,0.00038744927893232363,0.0013712145770784592,0.0022123664887650136,-0.05288602938464761,-0.47425579520510763,-0.052879172149381606,0.002213748019987723,0.001370003306253439,0.00038815071395516753,9.805576318700508e-5,2.3998559264077882e-5,5.892465971522821e-6,5.100741898050121e-6
41.5,1.5153566141840735e-6,6.124577724186315e-6,2.5177906264531288e-5,0.00010352057272573973,0.00043276006361509016,0.001962597816732355,0.01115787929638635,0.09243464397879886,0.366643531084781,0.09243557748477625,0.011159001520393117,0.001961124447537333,0.00043320264160813163,0.00010307123068596301,2.495839268959541e-5,6.171439287570668e-6,5.5375634875497425e-6,1.445635794479051e-6,5.985793778588405e-6,2.4788816012104473e-5,0.00010086907766016588,0.0003973406787365225,0.0014129166696727096,0.002406424265973878,-0.05205859158334415,-0.4834889299559809,-0.05205166519948723,0.0024078200230785727,0.0014116693839565865,0.0003980539536548165,0.00010045957709367182,2.4582650456183628e-5,6.03652131543959e-6,5.228797696935987e-6
42.0,1.550660527724874e-6,6.268176551221721e-6,2.5768753062382206e-5,0.00010592958628230945,0.00044245302136931174,0.0020007174180713665,0.011296581285597695,0.0931597822022222,0.3718965420910239,0.09316069842105186,0.011297720796752193,0.001999210555027619,0.00044290910494651677,0.00010546985619738022,2.5544110179127525e-5,6.3161881995075056e-6,5.6664802674260385e-6,1.480804476324255e-6,6.12915766473263e-6,2.537988790302478e-5,0.00010329098904961186,0.000407264491942714,0.001454760570900678,0.002601234574332338,-0.051225287676577844,-0.49273783058558346,-0.05121831519366031,0.0026026427565744637,0.001453477630442363,0.0004079895167192304,0.00010287115671123263,2.5168635243735646e-5,6.181041617227825e-6,5.357274490203202e-6
42.5,1.586746287973896e-6,6.414968886179146e-6,2.637275655013917e-5,0.00010839166552998869,0.0004523488329976707,0.0020394678202280466,0.01143509095529055,0.09385901275358172,0.3772024056702582,0.09385995202194168,0.011436252075379709,0.002037925662591018,0.00045281896238240593,0.00010792127728822369,2.614286899836762e-5,6.4641629764950885e-6,5.798286679580673e-6,1.5168605172539585e-6,6.2759211596405396e-6,2.598462857058401e-5,0.00010576884732145557,0.0004174270388583042,0.0014977934137211826,0.002805033119063363,-0.05022568140865453,-0.5023429847555938,-0.050218622489998345,0.002806457508006485,0.001496473557999487,0.00041816457880947886,0.00010533839059020097,2.5768162193075046e-5,6.328987554165892e-6,5.489130141466766e-6
43.0,1.6233664684087668e-6,6.56394181024632e-6,2.6985732810374834e-5,0.00011089031114679089,0.0004623899196930162,0.002078760246495826,0.01157518023810718,0.09455967813820278,0.3825028987089313,0.09456061740656274,0.011576361526535357,0.002077182974339972,0.00046287413990389544,0.00011040914094700193,2.67505415031557e-5,6.614334521156784e-6,5.932058435597448e-6,1.553485797453683e-6,6.424931364747333e-6,2.6598502389433882e-5,0.00010828403727885819,0.0004277445398428649,0.0015415111697332376,0.0030128073476232433,-0.049168088284864166,-0.5120761099178626,-0.049161000554295106,0.0030142452421505284,0.0015401543087109337,0.0004284939196894896,0.00010784277608027271,2.6376726629150597e-5,6.479196379867205e-6,5.623107646617284e-6
43.5,1.6591761379398609e-6,6.70963963015382e-6,2.7585217554763725e-5,0.00011333304364515575,0.0004721906069902495,0.002116861660314831,0.011706974571204978,0.09518955265287186,0.3879671586604277,0.09519052073314471,0.011708170985887417,0.0021152510743847066,0.0004726890530831144,0.00011284131658041225,2.734484066595844e-5,6.761209155767706e-6,6.062884637776458e-6,1.5893670395466856e-6,6.570795894209351e-6,2.719926453699158e-5,0.00011074602648930967,0.0004378583766182384,0.0015846130711074321,0.0032214862702476294,-0.04803493015715723,-0.5219626066547867,-0.04802781649586657,0.0032229369500612563,0.0015832192948217478,0.00043861973141615487,0.00011029420842576963,2.6972272244825105e-5,6.626230689874229e-6,5.754438901370745e-6
44.0,1.6954305421369673e-6,6.857149449269938e-6,2.8192195084700053e-5,0.00011580608492531446,0.0004821095131675282,0.0021553635597229004,0.011839274553373861,0.09581149236673314,0.3934472305897139,0.09581245468462342,0.011840492576990963,0.002153717679199495,0.0004826219600493094,0.0001153036884490817,2.7946536949754123e-5,6.909914078399134e-6,6.195349095451147e-6,1.625738562481461e-6,6.718561053276062e-6,2.7807719240195803e-5,0.00011323951747482276,0.00044810492826732624,0.0016283430721824622,0.0034344430416372246,-0.046829920881104256,-0.5320052409100028,-0.04682276976432685,0.003435908487556204,0.0016269118404100308,0.00044887830303514835,0.00011277697372652613,2.757546821119562e-5,6.775186731961199e-6,5.8876152158773915e-6
44.5,1.7329046694038497e-6,7.00963382521965e-6,2.881963638830761e-5,0.00011836234311322791,0.0004923578205425573,0.0021950811417801503,0.01197493472488265,0.09643514350821965,0.39891646923975643,0.09643608853896218,0.011976167154456194,0.0021933992463656423,0.0004928849885110769,0.00011784892833124835,2.8568547883062566e-5,7.063637169646352e-6,6.332299939365185e-6,1.6634182630281254e-6,6.871472402641781e-6,2.8437054139249635e-5,0.00011581821744175475,0.0004587054612773423,0.0016736611498806772,0.0036569725710819856,-0.045474862043951216,-0.5423737033256231,-0.04546770228359995,0.0036584491816172068,0.0016721921024725876,0.0004594910360895255,0.00011534459911444395,2.8199327721336456e-5,6.929322024891744e-6,6.0256873046433455e-6
45.0,1.770427684071741e-6,7.1623186746842914e-6,2.9447913349935296e-5,0.00012092191016926145,0.0005026183729805615,0.0022348284361225603,0.012110380247640466,0.09705401187216767,0.4043978319427398,0.09705495690291022,0.01211163068465956,0.002233110525816949,0.000503160397091661,0.00012039745457222815,2.919137477874756e-5,7.2175607344085e-6,6.469433671398106e-6,1.701155291965901e-6,7.024598293839265e-6,2.9067250019293898e-5,0.0001184005751710644,0.0004693218858580575,0.0017190647629452616,0.003880189984946813,-0.0441076244112228,-0.5527703322672772,-0.04410047041325411,0.003881679560842831,0.001717557179603692,0.0004701194356215324,0.00011791581473681862,2.882407353543803e-5,7.0836824108916826e-6,6.1639837830628515e-6
45.5,1.8082139521184464e-6,7.316080453802812e-6,3.0080641527010236e-5,0.00012349950718015343,0.0005129486142328499,0.00227480658591694,0.012246033936468856,0.09766617282279669,0.4098936697507553,0.09766712937830438,0.01224730166063568,0.002273053381018048,0.0005135054494679154,0.00012296386445757125,2.9818610684929296e-5,7.372573186893838e-6,6.607541634371994e-6,1.7391916243443857e-6,7.1788693460272876e-6,2.9702057493597358e-5,0.00012100169440770797,0.00048001727308751593,0.0017648470725897935,0.004106027121990469,-0.04269087926858862,-0.563274464218278,-0.042683710864663486,0.0041075289429494625,0.0017633002330169217,0.0004808274280628769,0.00012050578061187375,2.9453366229541353e-5,7.239186551050477e-6,6.303412760987743e-6
46.0,1.8460225536181307e-6,7.4699414145550335e-6,3.0713760803293244e-5,0.00012607867984253113,0.0005232833573465261,0.0023147717703505227,0.012381088337509293,0.09826739677129555,0.41541481594304663,0.09826838790109871,0.012382377670610779,0.002312983090783894,0.0005238551387613993,0.00012553188375836053,3.0446240503982475e-5,7.527683414181193e-6,6.74572837992017e-6,1.7772606655595166e-6,7.333257868660901e-6,3.033733484968318e-5,0.00012360474944474834,0.0004907228795423248,0.001810700151495343,0.00433264938366017,-0.041260586764517146,-0.5738097130351917,-0.041253406835826865,0.004334164530128871,0.0018091144158400797,0.0004915452345620469,0.0001230975922500979,3.0083123178100298e-5,7.394815899229122e-6,6.442971167427536e-6
46.5,1.8847589606132213e-6,7.627576201298806e-6,3.136244807898818e-5,0.00012872105863879455,0.0005338686290464373,0.0023556587559218855,0.012518708439391905,0.09887023418691583,0.4209273877100642,0.09887119074242352,0.01252001505964112,0.0023538338813896987,0.0005344555367155738,0.00012816283908135222,3.108930326660594e-5,7.686607562163085e-6,6.887356235766699e-6,1.816367245141383e-6,7.491636165949513e-6,3.0988616323002876e-5,0.0001262728901428038,0.0005016977873453561,0.0018577649514120512,0.004566699716619854,-0.03967420572240547,-0.5846771055838133,-0.03966703731848034,0.004568228908896086,0.0018561386990042972,0.0005025325224838948,0.00012575424194696087,3.0728737933398016e-5,7.554461048448914e-6,6.586471516245081e-6
47.0,1.924096612299137e-6,7.787660282003916e-6,3.2021202642211744e-5,0.00013140435935507367,0.0005446160127749256,0.002397151151812689,0.01265805725604746,0.09947455829724085,0.4264344275898084,0.099475549427044,0.012659385485231336,0.0023952875612725665,0.0005452183618286225,0.0001308345475045576,3.174235172052038e-5,7.848001403165727e-6,7.031211106168539e-6,1.8561404870873671e-6,7.652580524229212e-6,3.16502408228612e-5,0.00012898312324483588,0.0005128467371096424,0.001905605872232028,0.004805395970531821,-0.037994606617354196,-0.5957447524517324,-0.037987443975811636,0.0048069384883177605,0.0019039389229973276,0.0005136942125159088,0.00012845271393611713,3.138461411899671e-5,7.716694064550889e-6,6.732492907439834e-6
47.5,1.9628379432051202e-6,7.945350638599195e-6,3.267013189295628e-5,0.00013404701951767384,0.0005551875988162176,0.0024377494780318614,0.012790726030701237,0.10000423650367023,0.4321084382670884,0.10000521610870822,0.012792065784650267,0.002435848432004992,0.0005558054792917027,0.0001334658292124999,3.2385673340173646e-5,8.006989561989228e-6,7.172898048945784e-6,1.8953993561989952e-6,7.811293647458546e-6,3.230246487340898e-5,0.00013165516930764535,0.0005238505918813976,0.0019530292003896662,0.00504518131475074,-0.036234351443380025,-0.6069770190650963,-0.036227237782089375,0.005046735357301833,0.0019513215543280195,0.0005247105824623224,0.00013111315645119936,3.203115175587893e-5,7.876676853374772e-6,6.876724105317067e-6
48.0,2.0016429332447915e-6,8.103309700046062e-6,3.332020911835472e-5,0.00013669402397651327,0.0005657721952369206,0.002478326015241917,0.01292211987820997,0.10051208680489992,0.43783094515613197,0.10051306640993793,0.01292348412228495,0.0024763876938027557,0.0005664057421900354,0.00013610138768876067,3.3030097915866943e-5,8.166248535911843e-6,7.314829077020153e-6,1.934769365013636e-6,7.970367623014753e-6,3.295604510969986e-5,0.00013433261760412027,0.0005348808275608858,0.002000635124045196,0.005287069568461162,-0.034417322395071163,-0.6183294198304145,-0.03441025195164983,0.005288634775628496,0.0019988885819011586,0.0005357533333164688,0.00013377895618133315,3.267900900088048e-5,8.037023308188893e-6,7.0214054893330865e-6
48.5,2.041303628656079e-6,8.264761924563578e-6,3.398464165425373e-5,0.0001393992600124048,0.0005765832803040473,0.002519667148590088,0.013054458756461244,0.1010010595408091,0.4435898703030589,0.10100206219537741,0.013055840287683954,0.002517690651366358,0.0005772327188278613,0.00013879496390365763,3.3688787764833055e-5,8.329033733449674e-6,7.459946578858122e-6,1.9751427965266827e-6,8.133216127978351e-6,3.3624627799065814e-5,0.0001370710998863612,0.0005461679394511658,0.002049462672806939,0.005537531887296464,-0.03240000157197797,-0.6301054248636943,-0.03239300315833884,0.00553910825908004,0.002047673813165855,0.0005470526902697238,0.00013650562107743092,3.334175052509567e-5,8.201167505133189e-6,7.169952143400097e-6
49.0,2.080892048089616e-6,8.425929969080986e-6,3.4647929029162196e-5,0.00014209976909383907,0.0005873730715668093,0.0025608888925742527,0.013185757524657466,0.10147605273658776,0.44938120308959595,0.1014770438663909,0.013187160664814837,0.0025588753000126865,0.0005880380415124115,0.00014148374563617647,3.434633245280862e-5,8.491534750987396e-6,7.604802410002922e-6,2.0154578445248555e-6,8.29579944516957e-6,3.429212160070857e-5,0.00013980509156186774,0.0005574383494356968,0.002098252405933023,0.0057882686396019695,-0.03037186763798002,-0.6419059545972196,-0.030364929729357948,0.005789857616597432,0.0020964221291671706,0.0005583357504847547,0.00013922773909352698,3.400339472059757e-5,8.365051438215997e-6,7.318293400041287e-6
49.5,2.1202504505428663e-6,8.586176538845563e-6,3.530746016347516e-5,0.00014478451040576232,0.0005980936692200398,0.0026017413038501567,0.013314032482596683,0.10191481207072554,0.455254223411537,0.1019158032005287,0.01331544858811485,0.0025996891753551103,0.0005987743506618858,0.00014415697343760027,3.5000157477812464e-5,8.65311148010892e-6,7.748829617286016e-6,2.055594224899197e-6,8.457566799984238e-6,3.495608706848859e-5,0.0001425247560635074,0.000568655592437237,0.002146911585078859,0.006039900001802473,-0.028293413698133024,-0.6538103916133639,-0.028286550700484445,0.0060414997832652665,0.0021450409716349712,0.0005695655986981809,0.00014193558620902348,3.466154997352387e-5,8.528108154268783e-6,7.466036049801057e-6
50.0,2.158904206176539e-6,8.743577088113997e-6,3.5955292085506407e-5,0.00014742125062063743,0.0006086121783155689,0.002641654626840551,0.01343637074588649,0.10229345822982558,0.46126365085382837,0.10229446088439388,0.013437804138552386,0.0026395655830821242,0.0006093086162722723,0.0001467822339059363,3.564238176875244e-5,8.811818272595679e-6,7.890268957686928e-6,2.0950581397287257e-6,8.61655566222358e-6,3.560856434873944e-5,0.00014519774751720833,0.0005796897897547465,0.002194932400279895,0.006290440112802558,-0.02619530715250897,-0.6657521688686037,-0.026188516184642595,0.0062920506987326815,0.002193020549785695,0.00058061186100421,0.00014459692909638328,3.5308312703475494e-5,8.688363868439306e-6,7.611344177332169e-6
50.5,2.1982140729367013e-6,8.903643583423062e-6,3.661408604001711e-5,0.00015010255926325243,0.0006193074755077996,0.002682222700551197,0.013560573139939783,0.1026738215789334,0.46726662442763406,0.10267485880779716,0.013562029582135987,0.0026800963813804787,0.0006200196249607466,0.0001494520065287449,3.6295486495934226e-5,8.973224071667634e-6,8.034172363781857e-6,2.135302494434792e-6,8.778442597731363e-6,3.627251293453925e-5,0.00014791699559666958,0.0005909146409020323,0.0022438051477299717,0.00654619554018326,-0.02395126826813574,-0.6780009658675179,-0.023944589666729608,0.006547816210282893,0.002241851159813181,0.0005918490922703124,0.0001473042810071271,3.596640886947108e-5,8.851539461769366e-6,7.759675586151573e-6
51.0,2.238048336206966e-6,9.06584002190126e-6,3.728166425156089e-5,0.00015281952264805935,0.0006301440411103816,0.002723318572490957,0.013686311208949708,0.10305577534563232,0.4732642966094694,0.10305680104973093,0.013687782057102353,0.0027211533572378474,0.0006308725323201667,0.00015215724256463641,3.69572882565847e-5,9.136775992473087e-6,8.180039003491402e-6,2.176163568980204e-6,8.942634626952903e-6,3.694558060331287e-5,0.00015067303513832323,0.0006022913848525448,0.0022933528142393177,0.00680603217502375,-0.02159722117859071,-0.6904819177356731,-0.021590663587218686,0.00680766220899507,0.0022913588497934026,0.0006032380362651859,0.00015004830057887511,3.663357347249985e-5,9.017035623961706e-6,7.910387354179811e-6
51.5,2.2780802593287923e-6,9.228846795429276e-6,3.7952579467858434e-5,0.00015554993534376254,0.0006410317028397159,0.002764560304739684,0.013811746752874368,0.10342494814777663,0.4792899509210961,0.10342597385187524,0.013813240650557319,0.0027623576339998275,0.0006417764457691112,0.00015487584912884993,3.7622398885355254e-5,9.30115090981351e-6,8.326662518646782e-6,2.2172924691074025e-6,9.107771343650054e-6,3.762228352515719e-5,0.00015344369447483396,0.0006137304795832793,0.0023432199328327465,0.0070683833695610486,-0.01916670727225589,-0.7031237092263029,-0.01916028221568312,0.007070024928297521,0.002341182750517508,0.0006146897812264203,0.0001528068499082525,3.7304317055331974e-5,9.183480694124706e-6,8.062169017703511e-6
52.0,2.3183210969556494e-6,9.392704702125935e-6,3.862701739069198e-5,0.0001582946414493722,0.0006519753227061015,0.0028059963373259114,0.013937468975332209,0.10378706779364733,0.48533035693211857,0.10378807044821564,0.013938975838375956,0.002803754950578119,0.0006527364073923347,0.00015760867032039563,3.829101815234498e-5,9.46638962180773e-6,8.474064715139095e-6,2.258673719667866e-6,9.273837272674296e-6,3.830268922799304e-5,0.00015622928873649895,0.0006252320601500774,0.0023933766111506436,0.007332630387966006,-0.016687370138946257,-0.7158697767920364,-0.016681097785511766,0.0073342849120632755,0.002391296751189448,0.000626203741912035,0.00015558021036159595,3.797871840054175e-5,9.35086763809995e-6,8.214927022415706e-6
52.5,2.3593967133328273e-6,9.559954480012019e-6,3.931541389749129e-5,0.0001610960147352017,0.0006631416496553449,0.002848231360271258,0.014065012110684214,0.10414229562995657,0.49138141182614237,0.10414333285882034,0.014066537701471335,0.0028459507172921635,0.0006639194362473272,0.00016039795610839867,3.897345250646874e-5,9.635051155288413e-6,8.624611883860341e-6,2.301079495401991e-6,9.443652408135622e-6,3.899779913558701e-5,0.00015907412749402832,0.0006369789021252865,0.002444657134145408,0.007604217961475568,-0.01398806989733186,-0.7290761434779787,-0.01398198338073546,0.007605882569742347,0.0024425342363893444,0.0006379635042294275,0.00015841256770842744,3.8667694521994746e-5,9.522029814898427e-6,8.371688166683894e-6
53.0,2.4006218055763993e-6,9.727811305769621e-6,4.0006328633004445e-5,0.00016390759599172817,0.000674349348710743,0.0028906291705243898,0.014193173261567545,0.10449917150768269,0.49742933198404454,0.10450018568701615,0.01419471469890675,0.002888309631462904,0.0006751439722643158,0.00016319744986709872,3.965839664831623e-5,9.804330991294089e-6,8.775706310106549e-6,2.3436433638465728e-6,9.614095693943724e-6,3.969547791783543e-5,0.00016192929802344284,0.0006487681066161557,0.0024961132297342996,0.0078766273948001,-0.01127856807766364,-0.7423062972791966,-0.011272678202372663,0.00787829992634292,0.0024939481945556456,0.0006497654940066381,0.00016125518929922328,3.935919449948833e-5,9.693825065954575e-6,8.529041587090924e-6
53.5,2.4419626097259567e-6,9.89614434405216e-6,4.0699204491884686e-5,0.00016672717930687157,0.0006855872102374396,0.0029331175582286454,0.014321135610251988,0.10484471854126345,0.5035021456346771,0.10484580186918784,0.014322705859504077,0.0029307576824891242,0.000686398715771217,0.00016600484439253447,4.0345279404223866e-5,9.974089853488067e-6,8.927239667838074e-6,2.386366555979335e-6,9.785093974851049e-6,4.039528664325299e-5,0.0001647931796546429,0.0006605941363331774,0.0025477540817145494,0.008150408995475655,-0.008526377807571088,-0.755627588923244,-0.008520692496861576,0.008152093051783629,0.0025455458286665717,0.0006616040388983182,0.00016410644320923035,4.00528272338144e-5,9.866186566763413e-6,8.687033005666517e-6
54.0,2.4823566161523773e-6,1.0060695818768887e-5,4.137661927056096e-5,0.00016948330888575297,0.0006965589217188856,0.0029743720757637137,0.014441186207658935,0.10508620847027828,0.5098038411212472,0.10508725722390719,0.014442769422271821,0.002971973844165168,0.0006973869941025703,0.00016874905529339147,4.101684739042265e-5,1.0140036905235034e-5,9.075286896657368e-6,2.4282041475672014e-6,9.952432383133206e-6,4.107994097777364e-5,0.00016759534076621525,0.0006721782360192152,0.002598541560850115,0.008422530309671362,-0.005751620246564513,-0.7689900931274782,-0.005746144182372309,0.0084242230095532,0.0025962909903050908,0.0006732003386287171,0.00016689634800317425,4.0731432192095094e-5,1.0034845286580732e-5,8.841800669438889e-6
54.5,2.5231835750294595e-6,1.0226996688684308e-5,4.206121451815089e-5,0.0001722685992717743,0.0007076470963544355,0.0030160623734811283,0.014562541984719452,0.10532950778742212,0.5161002813149075,0.10533057959058134,0.014564142486480067,0.0030136257860235577,0.0007084916455507999,0.00017152234821881412,4.169554519959447e-5,1.0307761488814369e-5,9.224989966368387e-6,2.4706020098731056e-6,1.0121762865079494e-5,4.1772299122594274e-5,0.00017042824959106676,0.0006838875324704496,0.0026498834892342096,0.008697945545807346,-0.0028577681034353203,-0.7826009790702889,-0.0028525281168542958,0.008699649050156516,0.002647588800447585,0.0006849221952732236,0.00016971667412544667,4.141763966879456e-5,1.020551858936912e-5,8.998800271677467e-6
55.0,2.5639310479164124e-6,1.0392988759045154e-5,4.274461395880967e-5,0.00017504880255442732,0.0007187092052125499,0.0030575698956261947,0.01468180601690471,0.1055354438159401,0.5224782246477294,0.10553652714386447,0.01468342236521741,0.003055094232011778,0.0007195706814077325,0.000174290542786215,4.237302750619157e-5,1.0475177272839129e-5,9.37443980637634e-6,2.5130269536889213e-6,1.0290987834649503e-5,4.2463866628008664e-5,0.00017325744438027326,0.000695585664305442,0.0027012549498290094,0.008974807139970025,0.00012154049968791513,-0.7963877329293335,0.00012650643545695302,0.008976518567595237,0.002698917763470883,0.0006966327072270327,0.0001725334212679157,4.210305931975114e-5,1.0376077938791128e-5,9.156024263569596e-6
55.5,2.6049277058653423e-6,1.0559998672129165e-5,4.343214948461855e-5,0.0001778458653079779,0.0007298386168984128,0.0030993248400731387,0.01480171831712982,0.105739489782973,0.5288599020044609,0.10574055006136707,0.014803356274377183,0.0030968091999295975,0.0007307167049621167,0.00017707558556986,4.305464589793876e-5,1.0643615823497946e-5,9.524828003117326e-6,2.555763862430599e-6,1.0461341083229848e-5,4.315983751659307e-5,0.00017610435399404106,0.0007073564561832348,0.002752951804964924,0.00925360201348711,0.00316009456657571,-0.8102991386482723,0.003164771820483251,0.009255323525281831,0.0027505705003651967,0.0007084159242422559,0.00017536775943375785,4.279284014892722e-5,1.0547779635540308e-5,9.314469385363185e-6
56.0,2.645219716994694e-6,1.0724183667192286e-5,4.410817994091806e-5,0.00018059559098903505,0.0007407681009200405,0.0031401405161601177,0.014915402922385409,0.10585946258821516,0.5354258373064577,0.10586052286660923,0.014917056726184857,0.0031375867002320073,0.0007416632960570182,0.00017981342633685316,4.372483800275088e-5,1.0809216091234878e-5,9.672631146639495e-6,2.597869103746292e-6,1.0629016427700254e-5,4.384461565230188e-5,0.00017890564849729624,0.0007189494245362066,0.002804034065984167,0.009531509480087418,0.006238472065536637,-0.8242885439777662,0.006242845713912181,0.009533238915158183,0.002801609903664027,0.0007200207324906778,0.00017815666256354294,4.347152670344557e-5,1.0716779512040925e-5,9.470661466215312e-6
56.5,2.685719939213235e-6,1.088923034666168e-5,4.4787772495040724e-5,0.00018335959882534523,0.0007517498065337674,0.0031810699993029823,0.015028030130438214,0.10594844529996106,0.5420575559679475,0.10594952862788544,0.015029695459002814,0.0031784780075903027,0.0007526614334648109,0.00018256551549513894,4.439856125508911e-5,1.0975696332189972e-5,9.821298084815464e-6,2.6403854916215483e-6,1.0797936114794898e-5,4.453376059355692e-5,0.00018172371243422124,0.0007306133422246513,0.002855508529167521,0.009812998987756828,0.009489779746064247,-0.8386341106495468,0.009493803329698269,0.009814739227294922,0.0028530415091269686,0.0007316973004096224,0.00018096214379788886,4.415452941756954e-5,1.088702654482915e-5,9.628618417414654e-6
57.0,2.726358734352621e-6,1.10548404622204e-5,4.5469660998471196e-5,0.00018613301555195605,0.0007627694628389941,0.003222151825435212,0.015141223492579157,0.10603922587507081,0.5486854484074065,0.10604028615346488,0.015142913311269709,0.0032195209376401413,0.0007636981968433116,0.0001853270022890719,4.507457201574504e-5,1.1142736492155181e-5,9.970474296060933e-6,2.6830529380488433e-6,1.096743893362244e-5,4.522525494372377e-5,0.0001845512640440212,0.0007423165161443981,0.002907143618765194,0.01009522824128949,0.012751536066798646,-0.8530034644366031,0.012755205263904215,0.010096974243210162,0.002904633921078685,0.0007434124042620472,0.00018377719148768398,4.483984496298153e-5,1.1057860226429481e-5,9.787143728614213e-6
57.5,2.7670977662494714e-6,1.122085715213571e-5,4.615325458190232e-5,0.00018891329761718334,0.0007738163103870034,0.0032633298113266865,0.01525457387964531,0.10612569618801336,0.5553226528571091,0.10612675646640743,0.015256282426079234,0.003260659307151403,0.0007747616112412283,0.0001880953094030075,4.57522737880848e-5,1.1310193777714612e-5,1.0120024021118429e-5,2.7258394376073718e-6,1.1137389124925402e-5,4.591853034280218e-5,0.000187386097414616,0.0007540494023493049,0.002958914664576781,0.010378259906595928,0.01603137186286673,-0.867411818028937,0.01603467514867869,0.01038001383179264,0.0029563608486486708,0.0007551573554554734,0.0001865993746277789,4.5526933116314994e-5,1.1229148314663651e-5,9.94612696352682e-6
58.0,2.8079162841364515e-6,1.1387194599674907e-5,4.6838184655432974e-5,0.00019169902693468997,0.0007848836864229416,0.00330456686163957,0.015367742751660304,0.10620269314400019,0.5619802791906627,0.10620379952145487,0.015369468585241958,0.0033018556606373398,0.0007858460943504403,0.00019086901875060852,4.643130642319734e-5,1.1477982372135555e-5,1.0269884655978025e-5,2.768761168861497e-6,1.1307764882812686e-5,4.661337013871288e-5,0.00019022694077016364,0.0007658077690896671,0.0030108142835496053,0.010662254610090457,0.019348167580780305,-0.8818978946374623,0.019351094871129154,0.010664020060052324,0.0030082168896032606,0.0007669281023146522,0.00018942765779005437,4.62155547161837e-5,1.140086830022472e-5,1.0105677855023804e-5
58.5,2.844287455363306e-6,1.1535409241464563e-5,4.744843166220224e-5,0.00019418002525485175,0.0007947216041138526,0.0033409264152503807,0.015462788930472291,0.10621735264527474,0.5685859979819675,0.10621842444843396,0.015464529170010385,0.0033381820805483352,0.0007956992283328422,0.00019333925762205325,4.7036305947786374e-5,1.1627489188826697e-5,1.0403503419049196e-5,2.8071784009183463e-6,1.1459907398663259e-5,4.723327082449576e-5,0.00019276130865707858,0.0007763139430849934,0.003057475896760416,0.010922300851597167,0.022492349688019997,-0.8957514921343939,0.02249490386409702,0.0109240684624525,0.00305483960673168,0.0007774447206283984,0.00019195068098627188,4.682988434849909e-5,1.1554205919590602e-5,1.0248702694732257e-5
59.0,2.8804331818128462e-6,1.1682701705085547e-5,4.805491117372254e-5,0.00019664549215322536,0.0008044968558942443,0.003377032063878915,0.015556757543742477,0.1062236797413437,0.5751952664009394,0.10622474001973778,0.015558509308045724,0.003374251714285767,0.0008054896964047251,0.00019579412263685843,4.76375492317799e-5,1.1776075937596692e-5,1.0536304812912135e-5,2.8453902355493734e-6,1.161116994129567e-5,4.784946310196038e-5,0.00019528041523388866,0.0007867579013559393,0.003103885045584595,0.011181296898879313,0.025639917195023367,-0.909592919479324,0.025642089613254697,0.011183069551819401,0.0031012098594734674,0.0007878991232177642,0.00019445855541891922,4.7440559032100206e-5,1.1706652311084854e-5,1.0391000905876073e-5
59.5,2.9070963351523046e-6,1.1791336544285728e-5,4.85020810653796e-5,0.00019846086775788366,0.0008116523844958072,0.0034027899139957487,0.015613071868066701,0.10612434779049046,0.581637010833648,0.10612543111841484,0.015614839478922034,0.0033999857945744725,0.0008126565696969854,0.00019760164249339493,4.808087565927707e-5,1.1885677973579425e-5,1.063442006819738e-5,2.873874708357354e-6,1.1723307087972445e-5,4.830528219480889e-5,0.00019714438843222904,0.0007945237022872418,0.0031390550273422747,0.011388200287372323,0.02835446037914818,-0.9219526308180702,0.028356278410851057,0.0113899758215037,0.0031363495887226206,0.000795672217164515,0.00019631408762715735,4.789227017643228e-5,1.1819666617316421e-5,1.049746500378829e-5
60.0,2.9099078882721975e-6,1.1802739618498033e-5,4.854867533074405e-5,0.00019864130236230948,0.0008122167378393905,0.0034024600175932454,0.015573360408540939,0.10572183384275868,0.5877555547524075,0.10572289412115275,0.01557512369760934,0.0033996522966828592,0.000813223354045718,0.0001977813117813848,4.812707601177008e-5,1.1897247757346248e-5,1.064528643612235e-5,2.8779648956237784e-6,1.173719814401739e-5,4.8358212830076764e-5,0.00019736207593963945,0.0007955626418583343,0.0031460480387477357,0.01146528656028909,0.0300245947708176,-0.9306981758048527,0.030026167901260975,0.011467058492931354,0.00314333863849006,0.0007967101663261021,0.00019653049210407222,4.7944559296452386e-5,1.1833644896925756e-5,1.0514140883151138e-5
60.5,2.9052127633817785e-6,1.1783631327154053e-5,4.846967891804041e-5,0.00019830901997327084,0.0008107084341999987,0.0033938189647709136,0.015500947427893694,0.10514666738827062,0.5939615024900868,0.105147750716195,0.015502703513983874,0.003391018446838748,0.0008117145101829598,0.00019745044747868334,4.804876613292809e-5,1.1878045911695302e-5,1.0628656278789224e-5,2.8744358583451937e-6,1.172035414826834e-5,4.8285046327870416e-5,0.00019706484054150537,0.0007945032638365408,0.003144343814100744,0.011503543738512114,0.03139694363689134,-0.9384027118048999,0.03139829203441424,0.011505299824602295,0.0031416354942898016,0.0007956471868151984,0.00019623415707821571,4.787189362632544e-5,1.1816647556523182e-5,1.0502779310473503e-5
61.0,2.8954540995537695e-6,1.174387004327738e-5,4.8305574815799105e-5,0.0001976294865060789,0.0008078002317434351,0.0033796442239306126,0.015408282553681435,0.10451090371860838,0.6000847485130287,0.1045119524722373,0.01541002711500646,0.0033768523495723113,0.0008088038767212467,0.0001967738402213935,4.788609137167743e-5,1.1838024363957143e-5,1.0593503775508382e-5,2.8657296804705594e-6,1.1682646838649882e-5,4.8126276931373734e-5,0.00019641783302284078,0.0007920141846751879,0.003136644550680754,0.011514111227859542,0.03254877188414605,-0.9453352729359422,0.03254990419232233,0.01151585867037586,0.0031339437939969434,0.0007931521651968135,0.0001955895355460867,4.771435098705695e-5,1.1778617379033313e-5,1.047237486412518e-5
61.5,2.8570421431157344e-6,1.15873241442568e-5,4.766034553238272e-5,0.00019498624110149832,0.0007969764964458085,0.0033341505736382707,0.015200509765717199,0.10351511791033327,0.6058149539451945,0.10351617818872734,0.015202232718107564,0.0033313950743199833,0.0007979666358394565,0.0001941419620168173,4.724643314172854e-5,1.1680243266718266e-5,1.045349799659317e-5,2.8276360197009635e-6,1.152676777784738e-5,4.748324793271068e-5,0.00019379261757311865,0.0007814426436525097,0.0030950794047099224,0.01136837192892668,0.0324002637603852,-0.9478390051158894,0.03240132691997055,0.011370089839232293,0.003092413582470482,0.0007825652278081888,0.0001929753946753787,4.707681425928709e-5,1.1621474279962998e-5,1.033368236258671e-5
62.0,2.813702758705508e-6,1.1410685875129484e-5,4.6932310136063224e-5,0.00019200513099975816,0.0007847910381155792,0.0032832809805509906,0.014973218347370804,0.10246493521053625,0.6114548974166824,0.1024659493898697,0.014974919690826509,0.003280567978804205,0.0007857659612177362,0.00019117365971072563,4.6524691910361956e-5,1.1502203089818133e-5,1.0295458745740331e-5,2.784477061454173e-6,1.135053819332418e-5,4.675683602015418e-5,0.00019082690383732498,0.0007694788569770191,0.0030476683216152595,0.011195485325378233,0.03202190572041399,-0.9495603440391333,0.03202293718689518,0.011197175864366606,0.003045042836053854,0.0007705842440221965,0.0001900221736049364,4.635660928811912e-5,1.1443816761280835e-5,1.0176320501189577e-5
62.5,2.7685151491708085e-6,1.1226630085949811e-5,4.617388998903897e-5,0.00018889985956094057,0.0007720972295974317,0.0032302501338486223,0.01473499857046813,0.10128172214657878,0.6173395347018976,0.1012827478506774,0.01473666389903273,0.0032275814304178934,0.0007730563061475033,0.0001880818038188439,4.577283603997389e-5,1.1316684899103245e-5,1.0130604098795765e-5,2.7395041696051995e-6,1.1166959320085287e-5,4.6000233499665275e-5,0.00018773818799376128,0.0007570209459955958,0.002998316396039058,0.011015376295568,0.03160230342715168,-0.9511314000247828,0.03160329167576355,0.01101703802264349,0.002995733768198065,0.0007581082355579941,0.00018694641186751628,4.5606472566048545e-5,1.1258749460120576e-5,1.0012281816621561e-5
63.0,2.71931121103308e-6,1.1026214954536127e-5,4.5348074163374945e-5,0.00018551952439132413,0.0007582941624333131,0.0031728243899849604,0.014480479894447902,0.10004217603055372,0.623179041006774,0.10004314411082657,0.014482122173482197,0.0031702043066572207,0.0007592357717611999,0.00018471602091616374,4.495417536025321e-5,1.1114668089817657e-5,9.951049467588119e-6,2.6904168226432584e-6,1.0966834699414288e-5,4.517581606469486e-5,0.00018437250638296237,0.0007434314471357179,0.002944229412655096,0.010813478976938299,0.031002257885889704,-0.9520827924376888,0.03100322596616255,0.010815111171803086,0.0029416928838747144,0.0007444996488058315,0.00018359494488404956,4.478913430811055e-5,1.1057004169349944e-5,9.833085927493262e-6
63.5,2.670161084207253e-6,1.0826011551290841e-5,4.452315026899839e-5,0.00018214283572943189,0.0007445057263187051,0.003115460231585085,0.014226230609813125,0.09880392068822579,0.6290123700375283,0.09880491181802893,0.01422784119574325,0.00311288732776469,0.0007454301835547041,0.00018135381699328697,4.413638410251306e-5,1.0912868636027204e-5,9.771688979152827e-6,2.6413824077234166e-6,1.0766923917159213e-5,4.435230181566538e-5,0.00018101042626127376,0.0007298565793253504,0.0028901998730224425,0.010611797027357395,0.030402851969093713,-0.9530339082562311,0.030403802762218834,0.01061340113060712,0.0028877094433026732,0.000730905513028724,0.00018024704562573274,4.397265703116299e-5,1.085547412382692e-5,9.654078553810581e-6
64.0,2.6209773692749778e-6,1.0625688567352439e-5,4.3697728356205804e-5,0.00017876409872060817,0.0007307086016116185,0.0030580510545713305,0.0139716010079283,0.09755628418706334,0.634862525225406,0.09755725226733619,0.013973184222541186,0.003055525690407191,0.0007316155916254326,0.00017798966601535992,4.3318103267346986e-5,1.0710941863969374e-5,9.592200469034316e-6,2.592319856169901e-6,1.05668998849536e-5,4.352830080287334e-5,0.00017764642159384184,0.0007162745535553763,0.002836148544380672,0.010410119399563423,0.029804051102468254,-0.9539825347255004,0.029804984608445644,0.010411691809708978,0.0028337045738704254,0.000717304084236168,0.00017689728934959344,4.3155721127086535e-5,1.0653826607858306e-5,9.474969888246672e-6
64.5,2.571771848451605e-6,1.0425280470097174e-5,4.2871985685789334e-5,0.00017538408993594235,0.0007169059846336388,0.003000610364527861,0.013716670321553855,0.09630060339982416,0.6407268328248914,0.09630154266818412,0.01371822472425386,0.002998132720094433,0.0007177955974624956,0.00017462416447901655,4.2499504488220385e-5,1.050893419908973e-5,9.412628252430625e-6,2.543239015804497e-6,1.036680129066875e-5,4.270399310077425e-5,0.000174281268951756,0.0007026881159612419,0.0027820862311971153,0.01020847634606491,0.029205869691969765,-0.9549302392135574,0.029206783029608135,0.010210019944297584,0.002779688539821936,0.0007036981535822243,0.00017354627255226551,4.233848416102977e-5,1.0452108750305508e-5,9.295791584514418e-6
65.0,2.522532036105942e-6,1.0224749978485425e-5,4.204577031992714e-5,0.0001720021340962263,0.0007030949041562498,0.002943126816763979,0.013461343471377278,0.09503123119158327,0.6466164488086528,0.09503215893517808,0.013462871943355686,0.0029406965319123514,0.000703967319874605,0.00017125677216089024,4.168042738632133e-5,1.0306802733021921e-5,9.232920979985298e-6,2.4941321490529442e-6,1.0166597184007622e-5,4.1879257721843314e-5,0.000170914315565115,0.0006890949705936398,0.002728004830121274,0.010006850579714127,0.028608304856406957,-0.9558760075410687,0.0286092009068976,0.01000836320514045,0.0027256530577322506,0.0006900856502106543,0.00017019355630226366,4.152080544982432e-5,1.0250279753049695e-5,9.116514802564307e-6
65.5,2.4733040059756296e-6,1.0024275760141024e-5,4.1219796929114536e-5,0.00016862121368462946,0.0006892879653913377,0.002885656234360894,0.013205980606309597,0.0937562925217735,0.6525144548214454,0.09375720874060317,0.013207477385183835,0.002883273129016611,0.0006901429138875079,0.00016789040401622967,4.086161476877881e-5,1.0104729650468985e-5,9.053250285163747e-6,2.445041109157833e-6,9.966455681356419e-6,4.1054775572615445e-5,0.00016754844262520713,0.0006755063721060393,0.002673944677831183,0.009805344382801805,0.028011371001736275,-0.9568204850948829,0.028012241121505323,0.009806828196315247,0.0026716400849495048,0.000676477693719086,0.0001668418867350345,4.0703394036638774e-5,1.0048518987130543e-5,8.937290776802335e-6
66.0,2.4241283803255358e-6,9.824019600707599e-6,4.039471265592604e-5,0.00016524387225283596,0.0006754956576759362,0.0028282466971982284,0.01295088857322301,0.0924827137742518,0.6584060991638737,0.09248360694355115,0.012952355099588723,0.0028259114916591127,0.0006763330939313076,0.0001645276486153329,4.0043660318563353e-5,9.902872516579499e-6,8.873776546777915e-6,2.39600247374294e-6,9.766529423952822e-6,4.0231182541011686e-5,0.00016418617117440953,0.0006619324496865632,0.002619943409888046,0.009604055715831745,0.027415068127957715,-0.9577642250637274,0.0274159296041529,0.009605509276836661,0.002617684015694702,0.0006628845483514838,0.00016349380740226214,3.988686330008723e-5,9.846968542548104e-6,8.75826370747608e-6
66.5,2.374748764081304e-6,9.622981242858031e-6,3.956650240273634e-5,0.00016185383557192867,0.0006616502279961577,0.002770588297138041,0.012694099518467653,0.09116580767213758,0.6643856544148886,0.09116670084143694,0.01269553291113355,0.002768301171478548,0.0006624703771037998,0.00016115218671066884,3.922261927963384e-5,9.700228260362977e-6,8.693525533886834e-6,2.3467835880185724e-6,9.56586809699449e-6,3.9404564821287944e-5,0.00016081172218855775,0.0006483107174991481,0.0025657721516589025,0.00940239753607897,0.026819361660775823,-0.9587048302964502,0.026820202968631985,0.009403818683681892,0.0025635590366006257,0.0006492431880484175,0.00016013355053443563,3.906732475739591e-5,9.64468302841093e-6,8.578565579436696e-6
67.0,2.324810459804679e-6,9.419790432532389e-6,3.872962606637499e-5,0.00015842853806170092,0.0006476579025792931,0.0027122565986886847,0.012432874869724055,0.08974434313817327,0.6705821518451426,0.08974521325794231,0.012434282331668357,0.002710018273206636,0.0006484604944275225,0.00015774168906975368,3.8392985312780227e-5,9.495413966274333e-6,8.511169197381083e-6,2.2970635185068827e-6,9.363170381173986e-6,3.85695623847293e-5,0.0001574031490933859,0.0006345546047493051,0.002511118113814524,0.009199558788195838,0.02622417092683452,-0.9596406412268693,0.026224994947542955,0.009200950403588056,0.002508952718486959,0.0006354676272573788,0.00015673941715966538,3.8239477466780615e-5,9.440334395609594e-6,8.39701113699066e-6
67.5,2.2748943131270723e-6,9.216695286761238e-6,3.789314645654845e-5,0.00015500490624018666,0.0006336722849358964,0.002653948129844089,0.012171689117062848,0.08831905238217817,0.6767834435777002,0.0883199052147995,0.012173066326498625,0.002651758604539485,0.0006344573195247132,0.00015433278958963123,3.756375088612479e-5,9.290693226492658e-6,8.328887422954567e-6,2.2473678926956977e-6,9.16056973673966e-6,3.773495667470546e-5,0.0001539962416869276,0.000620805514903227,0.002456494328478672,0.008996862659281474,0.025629611173785344,-0.9605746081948641,0.02563041790734605,0.0089982218612717,0.002454376112658452,0.0006216989993328775,0.00015334687069103436,3.741201846171002e-5,9.236085647857802e-6,8.215544621524853e-6
68.0,2.2247504355706657e-6,9.012727905346188e-6,3.705318071780968e-5,0.00015156704853668674,0.0006196271076663383,0.0025953655876782005,0.011908639953935974,0.08684769137748419,0.6830785007995421,0.0868485211605752,0.011909987631161047,0.0025932232418809415,0.0006203945399771285,0.00015090978802871128,3.673106128085416e-5,9.085097437403713e-6,8.145743964121781e-6,2.1974712658077026e-6,8.957150316265414e-6,3.689698019596745e-5,0.0001505756711311571,0.0006070028979252472,0.002401681284890074,0.008793737232865164,0.025035633421376394,-0.9615059014173433,0.025036417105406793,0.008795067622942507,0.0023996095282793764,0.0006078765291461772,0.00014994072860101198,3.658121401089556e-5,9.03101038649183e-6,8.033329671603316e-6
68.5,2.174661600303884e-6,8.808988430663899e-6,3.621412660600196e-5,0.00014813293863279222,0.0006055972817441128,0.0025368462516461975,0.011645874588150992,0.08537793231514645,0.6893665970632317,0.08537873904870716,0.011647194894058827,0.0025347525259519273,0.0006063471567954901,0.00014749047799412937,3.5899283302514575e-5,8.879723927720796e-6,7.962800978803923e-6,2.147628977793491e-6,8.753951768365512e-6,3.605992378515059e-5,0.0001471588371203385,0.0005932152271270752,0.002346927665871796,0.008590834378475869,0.024442301055816004,-0.9624359960642466,0.024443073215081254,0.008592135236342507,0.002344902908693988,0.0005940692752509679,0.00014653832305594152,3.575133525532898e-5,8.826157404531885e-6,7.85131730544423e-6
69.0,2.1238362886506804e-6,8.6024085628122e-6,3.5363654648249245e-5,0.00014465233575541446,0.0005913737857449811,0.0024774378880273178,0.011377323790259231,0.08377289555944345,0.695936635181623,0.08377369653062158,0.011378608801573785,0.0024753945831805916,0.0005921059684811042,0.0001440248775698267,3.50561747017944e-5,8.671492439472423e-6,7.777084424821631e-6,2.097124951326055e-6,8.548060544622989e-6,3.5211773099676e-5,0.0001436970295142551,0.0005792502730274489,0.0022915342423130737,0.008386349750069333,0.023849455611583328,-0.9633594524464218,0.023850207602509558,0.008387619635129623,0.002289557565014888,0.0005800843328867794,0.0001430910789714479,3.4910446635005696e-5,8.618586423759014e-6,7.666854238492125e-6
69.5,2.0729872367128144e-6,8.395744285059479e-6,3.4512859119209276e-5,0.00014117046110219465,0.0005771447974749562,0.002417999992197734,0.01110845101924101,0.08215578661224274,0.702528662551926,0.08215655877150797,0.011109707938940503,0.002416005667602908,0.0005778591078213695,0.0001405580728976028,3.4212762225430536e-5,8.463174431075502e-6,7.591272909700691e-6,2.0466047462942555e-6,8.342101089543807e-6,3.43633466751914e-5,0.00014023405142421088,0.0005652814923456428,0.0022361323552549427,0.008181904017745188,0.023257235385860203,-0.9642816180548999,0.023257970089638702,0.008183142929999129,0.0022342024973151906,0.0005660952037915002,0.00013964273193091425,3.4069285089335774e-5,8.410947211649482e-6,7.482322940203358e-6
70.0,2.022194633896257e-6,8.189310024287046e-6,3.366300898106077e-5,0.00013769243554046147,0.0005629313856453334,0.0023586280036188684,0.010839878612414588,0.08054046976602329,0.7091132679734705,0.08054121887575824,0.010841104559307733,0.002356682479201487,0.0005636280486951062,0.00013709501602498426,3.337026700332446e-5,8.255086439658868e-6,7.405666792005571e-6,1.9961395835520816e-6,8.136369541197384e-6,3.3515854386944786e-5,0.0001367749449349602,0.0005513278829367139,0.002180790613064953,0.007977683738639347,0.022665670631155148,-0.9652023084934385,0.022666380844807696,0.007978893838980407,0.0021789084748559126,0.0005521217411738508,0.00013619815519929292,3.322905767990383e-5,8.20353520285687e-6,7.297997039340414e-6
70.5,1.9713891937405863e-6,7.982834965395783e-6,3.281302378707062e-5,0.0001342138472460548,0.0005487156328477888,0.0022992380075944514,0.010571072829093819,0.0789151033245905,0.7157156215333507,0.0789158351471777,0.010572267803180614,0.0022973414634289697,0.0005493942884520101,0.00013363143018365267,3.2527650793693575e-5,8.046961167202616e-6,7.220003697627261e-6,1.9456682659212917e-6,7.930609152801447e-6,3.2668243924836736e-5,0.00013331534324095688,0.0005373729229693686,0.002125448870874964,0.007773530447230959,0.022074733976150927,-0.9661221691488859,0.022075432665038325,0.0077747074138722035,0.002123615172694457,0.000538146927997785,0.00013275319580945363,3.238870928294709e-5,7.996096464262269e-6,7.113645112091321e-6
71.0,1.92058181919135e-6,7.77636342358373e-6,3.196306954337751e-5,0.00013073542777145017,0.0005345000151060859,0.002239844049932013,0.01030211722382606,0.07728145057701272,0.7223322197029598,0.07728213630053932,0.010303279784510863,0.0022379964860184316,0.0005351611584695084,0.00013016804692608352,3.168506272069637e-5,7.838838004993889e-6,7.034329348595481e-6,1.895199761953869e-6,7.724862832722347e-6,3.182070099064951e-5,0.0001298560229132903,0.0005234194486162814,0.0020701175730033945,0.007569472235135081,0.021484455673356072,-0.9670400014456665,0.02148513419390445,0.0075706196695656215,0.002068330694181321,0.0005241732853056801,0.0001293084727673372,3.1548411531930966e-5,7.788671793984503e-6,6.929300922416488e-6
71.5,1.8697821822163742e-6,7.569943231128134e-6,3.1113329138100325e-5,0.0001272579199237766,0.0005202881339093349,0.0021804605365879945,0.010033100393243427,0.07563856649254744,0.7289640766616314,0.07563924645369147,0.01003423486231317,0.0021786617728518577,0.0005209314499016615,0.000126705541531485,3.084268567245172e-5,7.630760564814882e-6,6.848674695207273e-6,1.8447456780112041e-6,7.519177006405646e-6,3.097340003151188e-5,0.0001263977042497825,0.0005094702060128987,0.0020148075239175755,0.007365535753371132,0.020894808351453336,-0.9679570039593561,0.020895472466045277,0.007366653655590968,0.0020130681847517584,0.000510204189493577,0.00012586476264403305,3.070837545160801e-5,7.581304100389927e-6,6.745006675266427e-6
72.0,1.8189911620854612e-6,7.363571574365625e-6,3.0263827894209376e-5,0.00012378143624956875,0.0005060802593692191,0.0021210887280835844,0.009764033862111072,0.0739867334279409,0.7356111924093656,0.07398741338908492,0.009765136638076644,0.002119339484822714,0.0005067059730835191,0.00012324410532896612,3.0000561853910142e-5,7.422738694487382e-6,6.663043254541847e-6,1.7943079484868626e-6,7.313557301178079e-6,3.0126366370394152e-5,0.00012294056732488904,0.0004955257353825872,0.0019595192638408743,0.007161727484619509,0.020305806416399168,-0.9688722547087425,0.020306453243843378,0.00716281225313953,0.0019578280045546795,0.0004962396855800893,0.00012242215547676893,2.9868598228314853e-5,7.374002527884487e-6,6.560766591136189e-6
72.5,1.7682572944916988e-6,7.157428527751718e-6,2.941528610952671e-5,0.00012030885794011488,0.000491888141343961,0.002061783547127715,0.00949526913576616,0.07233675585052399,0.74225079401022,0.07233743004928543,0.009496343820116672,0.0020600843645654774,0.0004924962977988482,0.00011978652947258734,2.915936373061644e-5,7.214948247971851e-6,6.4776207283814505e-6,1.7439263163759089e-6,7.108164799267432e-6,2.9280278100167878e-5,0.00011948722321821483,0.0004815968411926777,0.0019042934896002363,0.006958144669086191,0.01971746427415001,-0.9697869522694015,0.0197180909332552,0.006959198464799863,0.00190264886959802,0.00048229080312561773,0.00011898339740099144,2.9029760768586416e-5,7.166933786022699e-6,6.3767319044317725e-6
73.0,1.7175047863781272e-6,6.951238352276407e-6,2.85665670640519e-5,0.00011683566062472017,0.0004776935022763255,0.0020024601786518383,0.009226246542800949,0.07067082799813539,0.7489199451089266,0.07067149643451426,0.009227288813749469,0.002000809256043679,0.00047828378634150295,0.00011632832335561425,2.8318010855837532e-5,7.007105045268182e-6,6.292115902567558e-6,1.6935374742525763e-6,6.902745567554794e-6,2.8434077283406907e-5,0.00011603344018005532,0.000467666506407124,0.0018490669950617764,0.0067546324427394345,0.019129773281131985,-0.9706996214713935,0.01913038265308945,0.006755657426540225,0.001847470635013638,0.00046834052509411584,0.00011554418913907515,2.8190799507669812e-5,6.959836907527238e-6,6.192664157182788e-6
73.5,1.6662317505415833e-6,6.743121520810257e-6,2.7710262382138532e-5,0.00011333177186931368,0.00046337137049418564,0.0019425490471531618,0.008953268794494814,0.06887385204119265,0.755857945929121,0.06887447437851091,0.008954280092636985,0.0019409480051691798,0.0004639440072627226,0.00011283960587308487,2.7469131431550777e-5,6.797321821672678e-6,6.104605638188538e-6,1.642715327970661e-6,6.695569203069203e-6,2.75806425381283e-5,0.00011255035002426078,0.00045362087895142706,0.0017934286702435541,0.006550133408376457,0.018542612427311003,-0.971607957361688,0.018543205952716378,0.006551128859966543,0.0017918803900750383,0.0004542747743180151,0.00011207578630605853,2.7344680287146495e-5,6.750961793783568e-6,6.006973629586646e-6
74.0,1.615016570658032e-6,6.535238223403602e-6,2.6854903091116616e-5,0.00010983185600658198,0.00044906526533858656,0.001882705803724214,0.008680595011869586,0.06707884105670849,0.7627883865033752,0.067079446106879,0.008681576777801053,0.001881153381843221,0.00044962002971741366,0.00010935482751926987,2.662119458449211e-5,6.5877728355525125e-6,5.917305695146232e-6,1.5919503342258967e-6,6.488624262395582e-6,2.6728161624731254e-5,0.00010907114272391328,0.00043959105302920155,0.00173785265118694,0.006345862708423073,0.017956108485103733,-0.972515186874528,0.017956683282765735,0.006346826466908988,0.001736351550525769,0.0004402246900195442,0.00010861125507383549,2.6499500830187897e-5,6.542321620931078e-6,5.821488499416325e-6
74.5,1.5636434739179842e-6,6.326780235254152e-6,2.5997301310390865e-5,0.00010632285763850025,0.0004347214345845571,0.0018226841065098513,0.008406642700610204,0.06523840521037398,0.7698097805242163,0.06523905059722256,0.008407594934330966,0.001821182645699769,0.000435258461629516,0.0001058610229333722,2.577104901169002e-5,6.377646345026183e-6,5.729394483737355e-6,1.5410585497756379e-6,6.281165124741566e-6,2.5873576091135375e-5,0.00010558338188692883,0.00042552777827686416,0.0016821603040320634,0.006141362233464451,0.01737021823664086,-0.973420019236216,0.017370771425368203,0.006142296459739662,0.0016807078234738813,0.000426141291946803,0.00010513820406893588,2.5652228007683942e-5,6.333160216939773e-6,5.635525046473543e-6
75.0,1.5123102960269617e-6,6.1184917703225895e-6,2.5140402945506968e-5,0.00010281677422566717,0.00042038935368875,0.0017627104891751108,0.008132866862317227,0.06339605049064152,0.7768315894366031,0.06339667282795979,0.008133789563827284,0.001761258188691384,0.000420908553362613,0.0001023701220480697,2.4921584345422843e-5,6.167687970886058e-6,5.541625362328533e-6,1.49020879442193e-6,6.073879027384646e-6,2.501969678704472e-5,0.00010209852475053954,0.00041147629840136295,0.0016265163969057205,0.005937056959215608,0.016784990662174284,-0.9743238374185706,0.01678552224196696,0.0059379594923866475,0.0016251116360782496,0.00041206959871367026,0.0001016680117460176,2.4805652973695104e-5,6.12417396349309e-6,5.449714938184286e-6
75.5,1.4605588494909765e-6,5.9086557905389465e-6,2.4277401744779142e-5,9.928608814034937e-5,0.0004059550355208244,0.0017022643564690997,0.007855883537822619,0.061446019890085087,0.7840739362549566,0.061446665276933654,0.007856776707121973,0.001700862116684006,0.00040645645284220533,9.88547310368172e-5,2.4066089998559288e-5,5.956170827240382e-6,5.35224049473097e-6,1.4390128705470495e-6,5.8651864500519375e-6,2.4160021336417183e-5,9.859015664305212e-5,0.00039733253036741044,0.0015705431336002407,0.0057319759242124065,0.01620030763286118,-0.9752237832798338,0.01620082768788871,0.00573284784472601,0.0015691868128013035,0.00039790552728485846,9.81744772718032e-5,2.395333806643673e-5,5.913763996382494e-6,5.262602103755913e-6
76.0,1.408688701531678e-6,5.698397409542269e-6,2.3412757364644746e-5,9.574879557344488e-5,0.0003914930759239773,0.0016416862291871962,0.007577907642929215,0.059457173880493534,0.7913930841082892,0.05945778469304664,0.00757876983942222,0.0016403344102496468,0.00039197684594871775,9.533276730793841e-5,2.3208956692784213e-5,5.744224248223254e-6,5.162391372677783e-6,1.387723744073123e-6,5.656117896951757e-6,2.3298808218759354e-5,9.507557596684943e-5,0.00038316463235641893,0.001514487576268591,0.005526753350687171,0.015616252703248915,-0.9761217007824301,0.015616752589937423,0.005527593217947692,0.001513180055647098,0.0003837172808603938,9.46747077195666e-5,2.3099496746801537e-5,5.702974888133138e-6,5.075137561406614e-6
76.5,1.3568768491602735e-6,5.488374321144693e-6,2.2549083698372106e-5,9.221547027188846e-5,0.00037704750310258204,0.0015811759899750216,0.0073002450775884065,0.05747054062581134,0.7987043029231967,0.05747113415121672,0.007301074860679419,0.0015798740516616498,0.00037751319815385016,9.181474833510073e-5,2.235278706671248e-5,5.5325168305923575e-6,4.9727539787929946e-6,1.3364924735521892e-6,5.447284988158599e-6,2.243856581496328e-5,9.15649456740146e-5,0.0003690126034068197,0.0014584951350335989,0.005321760912316083,0.015032844601080857,-0.9770183275113293,0.015033328641217281,0.005322569806770256,0.0014572356942917286,0.00036954494851593525,9.117887729604439e-5,2.224661347954295e-5,5.492423182730408e-6,4.887883340394029e-6
77.0,1.305089264635413e-6,5.278462020742209e-6,2.1685884134376876e-5,8.868408077072882e-5,0.0003626097410106947,0.0015206956431224627,0.007022645178158118,0.055478323622412555,0.8060234507765295,0.05547893443496566,0.007023446149336247,0.001519444485805546,0.0003630576086908669,8.829869892662025e-5,2.149708591559142e-5,5.320919849248631e-6,4.783201346517149e-6,1.285290658569633e-6,5.238570604934793e-6,2.157880876809809e-5,8.805634121880431e-5,0.00035486894791940187,0.0014025378083174322,0.005116928740210403,0.014450103494696026,-0.9779138478627738,0.0144505630447065,0.0051177077423049605,0.001401326987678551,0.00035538083206850955,8.768506708281998e-5,2.1394221196541974e-5,5.281991058020794e-6,4.700734280049801e-6
77.5,1.2532982509583235e-6,5.068552182295171e-6,2.0822730995827212e-5,8.515298951788611e-5,0.0003481728117631641,0.0014602135855625764,0.006744901219163417,0.05347438593285322,0.8133635276033799,0.053475002507788895,0.006745669776939554,0.0014590121287953817,0.0003486028295629334,8.478291962982305e-5,2.064144525823276e-5,5.109326736692035e-6,4.593625853226444e-6,1.234093415790049e-6,5.0298780276020845e-6,2.071914879261907e-5,8.454809128517831e-5,0.0003407270481579253,0.0013465927266642407,0.004912196329353079,0.013867984725629456,-0.9788078930442787,0.013868431310279131,0.004912942918045643,0.0013454297157932985,0.0003412186289121737,8.419161701850661e-5,2.0541910509778653e-5,5.071580035786434e-6,4.513597881190726e-6
78.0,1.2015586745646695e-6,4.858856182264057e-6,1.9960454313416496e-5,8.16254828721735e-5,0.00033375058109306495,0.0013997922130941985,0.006467423050065055,0.05147060959000602,0.8206996399110178,0.05147117430349851,0.006468159914737022,0.0013986405469139536,0.0003341627940310452,8.127069680352226e-5,1.9786658547706113e-5,4.897946759135521e-6,4.404233599762542e-6,1.1829490171255843e-6,4.8213985852694585e-6,1.986035964595227e-5,8.104345409531608e-5,0.0003265996218808108,0.001290705538948497,0.0047076818085869275,0.013286530071154823,-0.9797011084426926,0.013286957928061125,0.004708397064324232,0.001289590697994405,0.0003270708992401999,8.070172905201639e-5,1.9690476279154285e-5,4.8613839070917615e-6,4.326651756316874e-6
78.5,1.1498270995262166e-6,4.6492199725795005e-6,1.9098474472491044e-5,7.809923112032276e-5,0.00031933348254494794,0.0013393882178107778,0.00618992255173421,0.04945463428324443,0.8280571421827795,0.04945515289767631,0.006190624121812895,0.0013382858019941163,0.0003197277105466837,7.775968947979619e-5,1.893216164450631e-5,4.686626571925565e-6,4.214857524863003e-6,1.1318235227618692e-6,4.612999332342803e-6,1.900190391839451e-5,7.754016183654347e-5,0.0003124780030048866,0.0012348443719915753,0.004503302343662412,0.012705720803528754,-0.9805929408692882,0.012706127051500395,0.004503987707040101,0.0012337781511404724,0.0003129290444973372,7.721322540790292e-5,1.8839368433480536e-5,4.651268671218902e-6,4.13976999399255e-6
79.0,1.0981543476375388e-6,4.439820462325728e-6,1.8237468159090716e-5,7.45769803977805e-5,0.0003049325906978273,0.0012790524707459972,0.005912735022807049,0.04744092071164411,0.8354064388217523,0.0474414364448847,0.005913407780972852,0.0012780002056651965,0.0003053090813656948,7.425272820399247e-5,1.807863967566332e-5,4.475546601225603e-6,4.025695640087308e-6,1.0807563239860482e-6,4.404838537386537e-6,1.8144434379847028e-5,7.404089311638627e-5,0.000298372478283424,0.0011790469513919058,0.004299156975530066,0.012125571328707693,-0.9814837591165503,0.012125963170722892,0.004299810285654673,0.0011780287203831976,0.00029880308132517375,7.372868902913753e-5,1.7989231301668547e-5,4.441391893316432e-6,3.9531020700841514e-6
79.5,1.0465390999939327e-6,4.230654486131452e-6,1.737742552539373e-5,7.105866880395262e-5,0.00029054786053308906,0.0012187842516020347,0.005635858302390107,0.045429460231631184,0.8427475298279362,0.04542997596487178,0.005636500087749562,0.0012177817771081838,0.0002909065688484745,7.074967229294272e-5,1.7226072945533563e-5,4.264703681664344e-6,3.836747593727537e-6,1.0297461898203974e-6,4.19690916624224e-6,1.7287913045854366e-5,7.054550725167611e-5,0.00028428268756751205,0.0011233113863677057,0.004095237780913846,0.011546070121926483,-0.9823732865901151,0.011546442515900488,0.00409586191897666,0.0011223415953875307,0.00028469307725163026,7.024804113314592e-5,1.714004237441138e-5,4.231750759720982e-6,3.766641302141178e-6
80.0,9.946856581608785e-7,4.020683450506173e-6,1.6514348355754986e-5,6.752841039546667e-5,0.00027611399255130225,0.0011582863474900629,0.005357328138322628,0.04333345983683883,0.85025891076402,0.04333394963935783,0.0053579400313224675,0.001157333303434251,0.0002764548059676709,6.723473146782902e-5,1.6370502629759087e-5,4.0530462065582185e-6,3.6468383296198714e-6,9.785707529319108e-7,3.988315418835313e-6,1.6428658237900258e-5,6.703905243527854e-5,0.00027014965647296964,0.0010674250990242396,0.003891003095851564,0.010967153076678964,-0.983260693506892,0.010967505302313952,0.0038915962611080295,0.001066503477960915,0.0002705396752343077,6.675638055873422e-5,1.6288146702994754e-5,4.021433995209431e-6,3.5795376121187496e-6
80.5,9.427856150283014e-7,3.8105784141630206e-6,1.56508167794824e-5,6.399645253430681e-5,0.000261672876572681,0.0010977493672212446,0.005078415856260548,0.04120978271853167,0.8578233056198074,0.04121023506556393,0.005078993535113839,0.001096846293826838,0.0002619958175993398,6.37180968173681e-5,1.551447931418246e-5,3.8412512136550105e-6,3.456728240289357e-6,9.273731584444057e-7,3.7796333927402325e-6,1.556904328103512e-5,6.353113451392989e-5,0.0002560112456540687,0.0010115242256498768,0.003686799743744542,0.010388845403388908,-0.9841461642631231,0.010389180341876166,0.003687361936194659,0.0010106511346523136,0.0002563809160019336,6.326326813402493e-5,1.5435886662172046e-5,3.8110271934701235e-6,3.39233860924975e-6
81.0,8.9086499698235e-7,3.6004262489584637e-6,1.4787152961031547e-5,6.0464044487008155e-5,0.000247229779775049,0.0010371981610704404,0.004799282802916006,0.03906785613460483,0.865422827959781,0.039068259501385184,0.0047998284285162155,0.0010363448782629836,0.00024753482590269106,6.020100635344168e-5,1.465832657009093e-5,3.6294087401824774e-6,3.26652248640435e-6,8.761707279729879e-7,3.5709344846649473e-6,1.4709367830407583e-5,6.0022991499511856e-5,0.00024187220457457345,0.0009556262334668024,0.0034826673409729925,0.009811131255504228,-0.9850308974343844,0.009811451788035044,0.00348319820046785,0.0009548011323116337,0.00024222141396243045,5.976991373426604e-5,1.4583560500260206e-5,3.6006024546268485e-6,3.205113579994602e-6
81.5,8.389364655081779e-7,3.3902712700905395e-6,1.3923531347531206e-5,5.693188966941257e-5,0.00023278767338692243,0.0009766458744729033,0.004520017935070026,0.036911074128395845,0.8730489955567882,0.0369114515644546,0.004520530426970422,0.0009758422922151686,0.00023307480210624072,5.6684191628525264e-5,1.380221884461328e-5,3.4175638047544977e-6,3.076271010489622e-6,8.249740127552852e-7,3.3622598444362063e-6,1.3849785230671171e-5,5.651524239796526e-5,0.00022773509929547496,0.0008997403963094751,0.0032786310979606883,0.009234022157790078,-0.9859136022469789,0.009234321081386231,0.003279130624500286,0.0008989636451456122,0.00022806398277916578,5.627695887470533e-5,1.3731332816566225e-5,3.3902009285063543e-6,3.0179015639325284e-6
82.0,7.869216776663983e-7,3.1798416073363715e-6,1.3058916510862166e-5,5.339587450567689e-5,0.000218329540372255,0.000916014985375534,0.004240109841268948,0.0347158282184889,0.8807511344056835,0.034716188367399925,0.004240591360362995,0.0009152614638164324,0.00021859884172047733,5.316354469410242e-5,1.2945127743788716e-5,3.20544277860859e-6,2.8856655405524816e-6,7.737246292764237e-7,3.1533748828707506e-6,1.2989341649944328e-5,5.3004049372456945e-5,0.00021358464599736149,0.0008438111612083689,0.003074548755887772,0.008657484976546642,-0.9867952928802398,0.008657768053590711,0.0030750173096210213,0.0008430825799613561,0.00021389313604896522,5.278055446385617e-5,1.2878251186040232e-5,3.1795873225095407e-6,2.8304801058035424e-6
82.5,7.347019320336984e-7,2.968721190225502e-6,1.2191700442409947e-5,4.9849634489264016e-5,0.0002038292699349971,0.000855186914749376,0.003958775917929105,0.03244680364326408,0.8886018966259913,0.032447132099070936,0.003959225023621158,0.0008544831837772243,0.00020408065387489573,4.963270667096279e-5,1.208546073415128e-5,2.9926239639475628e-6,2.6942321501694777e-6,7.223338152498592e-7,2.943921033743195e-6,1.2126559914959162e-5,4.948335179209349e-5,0.00019939714238002582,0.0007877528127226584,0.0028702000836951496,0.008081493060754506,-0.9876742175698641,0.008081754528863913,0.002870637484547595,0.0007870725814669514,0.00019968521649023558,4.927471865339942e-5,1.2022849690067805e-5,2.968395156982802e-6,2.64250629038474e-6
83.0,6.825334917939637e-7,2.7578082807879796e-6,1.1325336913958057e-5,4.63068693471099e-5,0.000189343180361111,0.0007944185388052211,0.0036777175085061986,0.03018000622890507,0.8964445454116314,0.030180302991607757,0.003678134560945171,0.0007937648685317025,0.00018957666940199285,4.610535196307202e-5,1.1226644154266649e-5,2.780013360375724e-6,2.502986044254368e-6,6.709935152734379e-7,2.7346734613112635e-6,1.1264622982400062e-5,4.59661290859888e-5,0.00018522367331556683,0.0007317496570575634,0.0026660523745948815,0.00750606153666793,-0.9885524968726397,0.007506305717629608,0.0026664588026409784,0.000731117775793162,0.00018549124144715486,4.577232113957765e-5,1.1168285962363024e-5,2.75741032327545e-6,2.4547176491863057e-6
83.5,6.304172801804867e-7,2.547106571956974e-6,1.0459840697239172e-5,4.276765504812546e-5,0.00017487160929020078,0.000733710757915347,0.0033969407355317178,0.027915476312089904,0.9042796339513312,0.027915747144070996,0.003397326094866519,0.0007331070132846198,0.00017508723719602626,4.2581522775380634e-5,1.0368685038293237e-5,2.5676157159500073e-6,2.311932322572005e-6,6.197046086169621e-7,2.525634979238323e-6,1.0403551251326443e-5,4.245241783176664e-5,0.0001710643288412123,0.0006758024595295194,0.002462109230076078,0.006931206250839003,-0.9894300385904456,0.006931433864950773,0.0024624839650180044,0.0006752190182936515,0.00017131144726744593,4.227343789130179e-5,1.0314579698569465e-5,2.5466368660285755e-6,2.2671166441636862e-6
84.0,5.782959688021562e-7,2.3364138316779517e-6,9.594435221163889e-6,3.922889374894318e-5,0.00016040181645453875,0.0006730059932726027,0.0031160645614577926,0.025636912112509735,0.9121406301630948,0.02563715125138666,0.0031164167870927793,0.0006724520392288254,0.00016059954946134747,3.905814940115476e-5,9.510817366379265e-6,2.3552268642223135e-6,2.120843957659431e-6,5.68423527461727e-7,2.316630085271831e-6,9.542620203421195e-6,3.893931432883185e-5,0.00015690764046507658,0.000619869577920689,0.002258263325763253,0.006356916398800392,-0.9903061973364331,0.0063571224039775005,0.0022586070878988307,0.0006193345767133546,0.00015713433169526277,3.877513144401625e-5,9.46101200769675e-6,2.3358968210341885e-6,2.079537620886125e-6
84.5,5.262164227394359e-7,2.1258992314608796e-6,8.72977536588097e-6,3.5693216224811587e-5,0.00014594460632145584,0.0006123534052033439,0.0028354116797087055,0.023357325090022245,0.9200004277992825,0.02335753973877322,0.0028357327524628885,0.0006118494668395858,0.00014612453446647552,3.553785136098948e-5,8.653689687930925e-6,2.1430182628040948e-6,1.9299040134894885e-6,5.171877287013113e-7,2.1078100138177863e-6,8.682450251456835e-6,3.5429297414611116e-5,0.0001427635010275596,0.0005639868470477193,0.00205460721992654,0.005783202785019428,-0.9911817106955721,0.005783390422602074,0.0020549203694046805,0.0005635000157572351,0.0001429697650616983,3.527991439910814e-5,8.608199082022346e-6,2.125342653676012e-6,1.8921214383759527e-6
85.0,4.741880062157204e-7,1.915592490625075e-6,7.865974381340954e-6,3.216105577988927e-5,0.00013150182465412105,0.0005517610520394547,0.0025550339517276454,0.02107927518308703,0.9278534949726208,0.021079462460520764,0.00255532243100538,0.0005513069942998742,0.00013166393668269822,3.202104789072653e-5,7.797412439235388e-6,1.9310187517448674e-6,1.7391490676859533e-6,4.6600301551641025e-7,1.8991979775989704e-6,7.823137763403693e-6,3.1922791952272916e-5,0.00012863347492549356,0.0005081601193304148,0.0018511563989691143,0.005210079455303641,-0.9920560254791352,0.0052102498057385585,0.0018514391158642725,0.000507721412938167,0.00012881935678219866,3.178819473776572e-5,7.756233772437379e-6,1.91499863180059e-6,1.704891309355951e-6
85.5,4.222147199086102e-7,1.7055103152967833e-6,7.0030948715537694e-6,2.8632657202889192e-5,0.0001170744280980793,0.0004912334356423231,0.002274954607119373,0.01880359937777332,0.9356988175037765,0.018803759283889818,0.0022752115733673927,0.0004908290334338508,0.00011721870150090705,2.8507992220068986e-5,6.942046114055051e-6,1.7192450371708755e-6,1.5485967056448725e-6,4.1487268516878255e-7,1.6908089242020222e-6,6.964739715944964e-6,2.8420017407559917e-5,0.00011451854131373033,0.00045239281618343017,0.0016479231079539504,0.004637568378736605,-0.9929295104796072,0.004637720721725971,0.001648174491893849,0.00045200241476387414,0.00011468401848369495,2.830020318038514e-5,6.905180793199295e-6,1.7048789995787187e-6,1.5178609504350362e-6
86.0,3.7025730442143187e-7,1.4955292559957576e-6,6.14069931186578e-6,2.5106368873414676e-5,0.00010265572013451613,0.00043074021346619485,0.0019949770045784663,0.016518448774908243,0.943559352724934,0.016518584190898793,0.0019952019175734042,0.0004303854667888307,0.00010278219993020833,2.4997043983273635e-5,6.087164442389753e-6,1.5075738454558338e-6,1.358082767694153e-6,3.637742942967241e-7,1.482551761275422e-6,6.1068889260111976e-6,2.491948253888738e-5,0.00010041273522593104,0.00039666368882101467,0.0014448508935392442,0.0040656529884684125,-0.9938019813007458,0.004065785883416582,0.0014450709445238833,0.00039632123222523946,0.00010055783021846206,2.4814423162411348e-5,6.05466592708023e-6,1.4948916095351165e-6,1.3309375986490634e-6
86.5,3.183075165997887e-7,1.2856302325672885e-6,5.2787293187621135e-6,2.1581986800871586e-5,8.82449635836293e-5,0.00037027724379859304,0.0017150564856399583,0.014219261008086882,0.9514450580331855,0.014219373374547123,0.0017152495254562701,0.0003699723327267926,8.835368916347307e-5,2.148800059657803e-5,5.232708337308777e-6,1.2959847775403286e-6,1.1675687418164534e-6,3.1270575463445436e-7,1.27441919087981e-6,5.249552684765748e-6,2.1421060731403776e-5,8.6315645867244e-5,0.00034097163428712827,0.001241946868665989,0.003494419720237709,-0.9946728847538236,0.0034945331671446833,0.0012421363069931907,0.0003406773701175102,8.644036430966819e-5,2.1330756205626486e-5,5.2046642028177975e-6,1.2850283723876016e-6,1.144109911417583e-6
87.0,2.6767364396429496e-7,1.0810489449762597e-6,4.438598980716348e-6,1.814690055578857e-5,7.419932487327887e-5,0.00031134600995890685,0.001442222076600412,0.011977854812253278,0.9591321685883214,0.011977944849481035,0.0014423841436103752,0.00031108951640633297,7.429071265945262e-5,1.806786193813442e-5,4.399899503052955e-6,1.0897560900476764e-6,9.81880500321797e-7,2.6293097255931567e-7,1.071559777342661e-6,4.413937221300926e-6,1.8011269319993852e-5,7.257568917245663e-5,0.0002866907782424973,0.0010441865805772856,0.0029376792043357457,-0.9955219372521714,0.0029377750039460797,0.001044345676358733,0.00028644328841269915,7.268057691546725e-5,1.7935341207192383e-5,4.376194037474534e-6,1.0804819918077248e-6,9.620155973129221e-7
87.5,2.1868602817968165e-7,8.831406996959646e-7,3.6259113566167763e-6,1.482408088589723e-5,6.0612757850629685e-5,0.0002543391868066932,0.0011782516525591247,0.009802737624983774,0.966580762603852,0.009802812535957267,0.0011783842773956115,0.0002541297151963156,6.068738745778709e-5,1.4759508718446663e-5,3.594294924772938e-6,8.90254695812561e-7,8.022171913665857e-7,2.1478374087001307e-7,8.753346303179635e-7,3.6056505184159177e-6,1.4713004490309972e-5,5.9285248964574765e-5,0.00023418723456449019,0.0008529196873172172,0.0023993356350325385,-0.9963428693235461,0.002399414147495143,0.0008530497911113267,0.00023398503346025405,5.9370919386785916e-5,1.4650981501870285e-5,3.574819098651589e-6,8.826245683220038e-7,7.858702468367862e-7
88.0,1.6976100541412087e-7,6.854947845611913e-7,2.8143177200052493e-6,1.1505763780809602e-5,4.704463439135393e-5,0.00019740932297490516,0.0009146242703555934,0.007628062700577013,0.9740241013264728,0.0076281174432114894,0.0009147270028324646,0.00019724671574157532,4.710255365177224e-5,1.145564118158241e-5,2.7897755412829425e-6,6.910169945911609e-7,6.227784479188865e-7,1.6670213568058101e-7,6.793775286925028e-7,2.7984683542565817e-6,1.1419249259588222e-5,4.601301034501672e-5,0.00018175604705363962,0.0006619220053681434,0.0018617834929613188,-0.9971623262249811,0.0018618445382017383,0.0006620229371004595,0.0001815991459296189,4.6079511278705656e-5,1.1371114513530111e-5,2.7745402575642143e-6,6.850373444465352e-7,6.099626948786872e-7
88.5,1.2190147080413683e-7,4.922312380481523e-7,2.0208560335492078e-6,8.261837824908988e-6,3.378089584882886e-5,0.00014175225915865597,0.0006567693999166575,0.0054794787640297885,0.9813435257741692,0.005479518020261091,0.0006568432754620325,0.00014163545836494768,3.382248179339931e-5,8.22584473969713e-6,2.0032335323171853e-6,4.96196569002647e-7,4.4720576586500035e-7,1.197015817222267e-7,4.878311521399012e-7,2.009457003977994e-6,8.199660084984094e-6,3.303988946438556e-5,0.00013051053728581916,0.00047529117398391676,0.001336821526559098,-0.9979626059172017,0.0013368653746890157,0.00047536351889641983,0.00013039786694993426,3.308764014539402e-5,8.165095637347043e-6,1.9922753686248536e-6,4.918954009471568e-7,4.379904028478436e-7
89.0,9.230211685943414e-8,3.7268479249167207e-7,1.5300124591030743e-6,6.255048701365189e-6,2.5575507848644544e-5,0.00010732229337591419,0.0004972951920010892,0.004156285902524643,0.9858605883272753,0.004156319756522279,0.0004973512401753682,0.00010723393309152379,2.5606995555389322e-5,6.227796964820058e-6,1.516669891560816e-6,3.75687542830079e-7,3.386300795407701e-7,9.062418980936145e-8,3.6932774038642103e-7,1.521321052961119e-6,6.207797445604448e-6,2.5013743075359263e-5,9.880503048709512e-5,0.00035980877289239015,0.0010118991406662587,-0.998457617630051,0.0010119320942916178,0.0003598635380361736,9.871973146844846e-5,2.504988739497712e-5,6.181631783119141e-6,1.5083136630675044e-6,3.724052726215151e-7,3.316039884226605e-7
89.5,6.291630457709698e-8,2.5400627415706026e-7,1.0427413578637597e-6,4.262881131218099e-6,1.7429922856503024e-5,7.314305313584307e-5,0.00033897445101032086,0.002841336669518508,0.9903472255003777,0.0028413584585276256,0.0003390125142483553,7.308282385780011e-5,1.745137000552117e-5,4.244305677374324e-6,1.0336473340793228e-6,2.560531043481318e-7,2.3083481111133252e-7,6.175883930476152e-8,2.5168889264781535e-7,1.036746848059475e-6,4.230469839472965e-6,1.7046171530315883e-5,6.733118384806412e-5,0.00024517323945584253,0.0006893791731030559,-0.9989494024086575,0.000689401412298312,0.00024521064992397574,6.727307044487345e-5,1.7070807966761e-5,4.212640709837397e-6,1.0278828412553246e-6,2.537869183231269e-7,2.259921887115747e-7
90.0,3.952207303151567e-8,1.5955352930639086e-7,6.549863645587443e-7,2.677664772700237e-6,1.0948324311535884e-5,4.5943887077069356e-5,0.00021292987276780282,0.00178610738310569,0.9939339168122168,0.0017861181875730209,0.00021295362008662383,4.590603205012411e-5,1.0961787690748982e-5,2.665994576321988e-6,6.492735727991223e-7,1.6083918662046806e-7,1.4500528502944868e-7,3.879227909559153e-8,1.5809182019614447e-7,6.512054164817956e-7,2.657257448150312e-6,1.0707092069066903e-5,4.22920390198238e-5,0.00015399565644494715,0.00043299001869478255,-0.9993400458482817,0.00043300397446508496,0.0001540192124346592,4.225555424693848e-5,1.072256932783523e-5,2.64606029892571e-6,6.456381438744572e-7,1.5940984562981952e-7,1.4195343846345485e-7
90.5,1.718422232976175e-8,6.937826718091178e-8,2.848136898557855e-7,1.16436635326943e-6,4.760818302721415e-6,1.9978086134908424e-5,9.258027298212772e-5,0.0007752520440208227,0.9973649776954305,0.0007752558255843886,9.2590559735399e-5,1.9961614949555556e-5,4.766671777649408e-6,1.1592916476053505e-6,2.82329554828531e-7,6.993725196686307e-8,6.304550228367512e-8,1.686845181428608e-8,6.874496761035579e-8,2.831716534999562e-7,1.155489597053146e-6,4.65592528409198e-6,1.8390831101426905e-5,6.696962810535085e-5,0.00018832470175002636,-0.9997128950505099,0.00018833097059200898,6.697994299525581e-5,1.837499299033171e-5,4.662662249317342e-6,1.1506219594275123e-6,2.8075108967940926e-7,6.931807566750682e-8,6.172661406650655e-8
91.0,7.734292798021069e-9,3.1229748218805665e-8,1.282121660293353e-7,5.24164910436667e-7,2.143187786021982e-6,8.993195454249568e-6,4.166545025621656e-5,0.00034757775572491554,0.9988163605197319,0.00034757924133917357,4.1670078732455965e-5,8.985777934197213e-6,2.145822781765569e-6,5.218807873076948e-7,1.2709403159434477e-7,3.148134577730277e-8,2.837287973147589e-8,7.593581465539294e-9,3.094679919641966e-8,1.2747501919968927e-7,5.201668266820359e-7,2.0959826039988827e-6,8.279457688331604e-6,3.0153656091394742e-5,8.482186073082812e-5,-0.9998704616396809,8.482455059300737e-5,3.0158219853376693e-5,8.272305356051627e-6,2.099009402366383e-6,5.179741915759948e-7,1.2638494446226523e-7,3.120459011158684e-8,2.778665956339779e-8
91.5,4.876242104964894e-9,1.9689043552974897e-8,8.083170157114432e-8,3.304600364280994e-7,1.351172234609813e-6,5.669772605273839e-6,2.6268535645346627e-5,0.000219220953945667,0.9992534718124528,0.00021922171926210294,2.6271436532278434e-5,5.665096648465111e-6,1.3528322959965899e-6,3.290197924919021e-7,8.012675250257194e-8,1.9847665199172173e-8,1.7888447374606285e-8,4.787359605752582e-9,1.9510327844076517e-8,8.036628757846849e-8,3.2793769712793413e-7,1.3214056985030722e-6,5.2197419213879505e-6,1.9010025557704562e-5,5.3473784844320706e-5,-0.9999181280683535,5.347546741501442e-5,1.9012909562656167e-5,5.215232322425821e-6,1.323313801901083e-6,3.2655544103519974e-7,7.967908327359414e-8,1.9672867736330374e-8,1.751814976665529e-8
92.0,2.0224579312385613e-9,8.166069225321968e-9,3.352491992238763e-8,1.3705785104897986e-7,5.603963656919331e-7,2.3515334034906955e-6,1.0894987101911419e-5,9.094684573278687e-5,0.9996901221145676,9.094687949674727e-5,1.0896174467852468e-5,2.3495907447894536e-6,5.610840426043261e-7,1.3646033226394198e-7,3.3232499515599774e-8,8.231849597407901e-9,7.4194166647974445e-9,1.9855440554556894e-9,8.091851297781445e-9,3.3331675653865e-8,1.3601113530368265e-7,5.480488677849583e-7,2.164866358852098e-6,7.88427726154601e-6,2.2177559146348083e-5,-0.9999659788932685,2.2178248493873102e-5,7.885477992388056e-6,2.16299703125237e-6,5.488402545705348e-7,1.3543792832867885e-7,3.304667683375234e-8,8.159269309874196e-9,7.265634437160583e-9
92.5,8.618827894582209e-14,3.4800204846039247e-13,1.4286847971870946e-12,5.840803503827915e-12,2.3881633830612215e-11,1.0021202800108903e-10,4.6429648712483426e-10,3.875755686848389e-9,0.9999996312075151,3.875757060707456e-9,4.6434714817789753e-10,1.0012925299235515e-10,2.3910941035143833e-11,5.815339482201482e-12,1.416223298419002e-12,3.508053196707196e-13,3.1618298529898814e-13,8.461517824107081e-14,3.4483917064575226e-13,1.4204498604532322e-12,5.796197358934003e-12,2.335543775833193e-11,9.22571049431184e-11,3.3599331306457896e-10,9.451101948721233e-10,-0.9999996312075151,9.451396469758533e-10,3.3604444638169624e-10,9.217743185055726e-11,2.338916438841414e-11,5.7717704399033826e-12,1.4083044901445684e-12,3.4771227102705797e-13,3.096294410861432e-13
93.0,0.0,0.0,0.0,0.0,0.0,0.0,0.0,0.0,0.9999996312075151,0.0,0.0,0.0,0.0,0.0,0.0,0.0,0.0,0.0,0.0,0.0,0.0,0.0,0.0,0.0,0.0,-0.9999996312075151,0.0,0.0,0.0,0.0,0.0,0.0,0.0,0.0
