time_ns,X01,X02,X03,X04,X05,X06,X07,X08,X09,X10,X11,X12,X13,X14,X15,X16,X_guard,Y01,Y02,Y03,Y04,Y05,Y06,Y07,Y08,Y09,Y10,Y11,Y12,Y13,Y14,Y15,Y16,Y_guard
0.0,0.0,0.0,0.0,0.0,0.0,0.0,0.0,0.0,0.0,0.0,0.0,0.0,0.0,0.0,0.0,0.0,0.0,0.0,0.0,0.0,0.0,0.0,0.0,0.0,0.0,0.0,0.0,0.0,0.0,0.0,0.0,0.0,0.0,0.0
0.5,3.3567803559277564e-8,1.542986502689436e-7,6.505348853305477e-7,2.6798332278867144e-6,1.0883198555817777e-5,4.357490632289126e-5,0.00016491588914142275,0.0005129123292300636,0.000911799082223022,0.0006573646810479755,0.00023254479796504685,4.845881255011544e-5,-3.9275248852921396e-5,-0.00020259875365254382,-0.0008866262039749284,-0.007868152370625752,0.015659744285744844,-1.1067499133710415e-6,-2.147944108090642e-6,-1.1642156815961048e-5,-8.419920265494516e-5,-0.0003444284110631107,-0.000489293628588904,0.0003965688346015723,-0.006132517696507388,0.0008555497647772383,0.00014239262643177343,2.4520735793783587e-5,2.7486450584701e-6,2.627689890799836e-7,-2.3168379762518574e-9,-1.3645160551115398e-7,-2.17632135394623e-7,-0.0029938871046567613
1.0,6.704243749212699e-8,3.0820571773142476e-7,1.2994427698188859e-6,5.3530561053996e-6,2.174024833113045e-5,8.705354596732966e-5,0.0003295760050280937,0.0010258501389955826,0.001825022553389166,0.0013151555082949267,0.00046481570268325575,9.681470129425072e-5,-7.846429268759183e-5,-0.0004046966752256872,-0.0017708334677889268,-0.015704368176417047,0.031272046875737584,-2.2123372562094577e-6,-4.292887444199933e-6,-2.3263460165874475e-5,-0.0001682349764868572,-0.0006881747451073453,-0.0009781210444124804,0.0007693461421033047,-0.012223393535325894,0.0016983601621990837,0.0002840851683991193,4.894623470990679e-5,5.481068995919112e-6,5.220329889104761e-7,-5.4832673078108144e-9,-2.7298460942425756e-7,-4.3510600222482874e-7,-0.005982588785292519
1.5,1.0027170843892137e-7,4.594949242205913e-7,1.936151049580999e-6,7.97441015385789e-6,3.2386385197005604e-5,0.00012973966105106735,0.0004920036591071737,0.0015377488741341674,0.0027463681027968486,0.00197453531253734,0.0006948521310109026,0.0001450095584565419,-0.00011519475465814872,-0.0005976927784634501,-0.002617455681285109,-0.022942812421170605,0.045936745819368394,-3.2408615247855734e-6,-6.2971249267774045e-6,-3.4233884396329746e-5,-0.0002480912334609248,-0.0010159961946781307,-0.0014473438443013908,0.0009830057440927743,-0.017984970818833643,0.002453180598348289,0.0004226321360135727,7.34728932650788e-5,8.442856264483532e-6,8.67088838111823e-7,1.780756416980647e-8,-3.941013429206979e-7,-6.362917696567551e-7,-0.008838978418770873
2.0,1.3414872096277482e-7,6.115806832054231e-7,2.57454242759871e-6,1.0600063831649519e-5,4.304379078466727e-5,0.00017245747486630236,0.0006545246817914381,0.002049904575520772,0.003668173922512827,0.0026343861015181527,0.0009254382816326222,0.00019434312769293425,-0.00014878368269640872,-0.0007803880376037874,-0.003422123787986548,-0.029531228218193862,0.05955726070346429,-4.176034597719364e-6,-8.119465051685935e-6,-4.437739406557602e-5,-0.00032285004404016134,-0.0013241013371332174,-0.0018823863516401309,0.001233845138837924,-0.023725725732901305,0.003218638572808119,0.0005649970647431573,9.936286738631948e-5,1.1944373805087139e-5,1.3771179917175604e-6,8.777027237130571e-8,-4.935696185777509e-7,-8.178596649307679e-7,-0.011545830262751737
2.5,1.6806047563469234e-7,7.637547648418976e-7,3.213246122250204e-6,1.3226923164194084e-5,5.3705883935499044e-5,0.00021519338616431659,0.0008171147630293924,0.00256226970349914,0.004590347814415877,0.0032945053815121375,0.0011561391396825048,0.0002437470947867794,-0.00018223162369065415,-0.0009626047488785943,-0.004224791267487218,-0.03611581059020812,0.07315715202031899,-5.108018031518265e-6,-9.934660581888748e-6,-5.448622533381886e-5,-0.00039739123463990823,-0.0016313128601028119,-0.002315597411729058,0.0014872210623634546,-0.029467804554365915,0.003984995478949878,0.000707594964799564,0.0001253225134398642,1.5469554958026575e-5,1.893950495418735e-6,1.5956505873167374e-7,-5.922724019449058e-7,-9.987966841216173e-7,-0.014246705795702978
3.0,2.0200768686138837e-7,9.160165976046435e-7,3.852263892075086e-6,1.5854991668570798e-5,6.437259430791676e-5,0.00025794751874629827,0.0009797707064994512,0.0030748354344209516,0.005512876813145202,0.003954889911179096,0.0013869497531130235,0.00029322140346481,-0.0002155330290967244,-0.0011443222037254863,-0.005025365201368073,-0.04269584067998696,0.08673504256049672,-6.0366746600931145e-6,-1.1742400607583746e-5,-6.45587687856121e-5,-0.0004717045860348151,-0.0019375888962760073,-0.0027468966213237845,0.0017431853761125547,-0.03521124041692728,0.004752261040794165,0.000850431418490914,0.00015135388539997113,1.901934722444082e-5,2.4178217297414277e-6,2.332652227536654e-7,-6.901794901044527e-7,-1.1790760095003328e-6,-0.01694127512122209
3.5,2.3627085270067492e-7,1.0695073857700896e-6,4.496302995887047e-6,1.850338467028206e-5,7.51198992538308e-5,0.00030100052990582056,0.0011432785822185505,0.0035880238628099334,0.006433267247640834,0.00461515739244997,0.0016187897621684924,0.0003431673271418338,-0.0002485686333518014,-0.0013254878204034535,-0.00582373970584927,-0.049270514635160974,0.10028914022301619,-6.96007677232931e-6,-1.3535379451837425e-5,-7.456487039064713e-5,-0.0005456592291143365,-0.00224232655637574,-0.0031722892087031706,0.002112806023427727,-0.04111938246067197,0.005565466117282649,0.0009958527959725647,0.0001778464618046118,2.26810037121852e-5,2.969900466884371e-6,3.14086230205839e-7,-7.859652079754365e-7,-1.3583259737214744e-6,-0.019629161523548138
4.0,2.7125381078188426e-7,1.2258946645183326e-6,5.152260074307551e-6,2.12002430234971e-5,8.605919733328401e-5,0.000344765285350765,0.001308788885882974,0.004102445080921369,0.007347852441839581,0.005274728345726912,0.0018529942388620982,0.00039415759262361556,-0.000281206903320785,-0.0015061701172428188,-0.006620333634114337,-0.0558444250746436,0.11382850347328763,-7.876644496246047e-6,-1.530521732172577e-5,-8.44710531821784e-5,-0.000619131812876445,-0.00254491196658316,-0.0035863455688845353,0.002759581426119156,-0.04743345554501629,0.006490232000898379,0.0011471979027428295,0.0002053432009011237,2.657288117081017e-5,3.5784037057816802e-6,4.0893686662380246e-7,-8.78013325770726e-7,-1.5362767288827105e-6,-0.02231206490554118
4.5,3.0540689204192054e-7,1.3813629304691923e-6,5.806597537752185e-6,2.389396414205747e-5,9.699419050778507e-5,0.00038853085113075924,0.0014743341239917675,0.004617002075172263,0.008262646522406726,0.005934283812600681,0.0020867004495372945,0.00044373177509653605,-0.00031784681034952494,-0.0016997942751628035,-0.007467480224424979,-0.06295674949254154,0.1284204696240382,-8.911566859465712e-6,-1.7304543203187494e-5,-9.541644565648542e-5,-0.000699040392734493,-0.002872846277818939,-0.004045694616265888,0.003358030607332996,-0.053780812151122306,0.0074028666285949896,0.0012939545323121223,0.00023117359851422266,2.9796703501950576e-5,3.9814156128425615e-6,4.453157754249173e-7,-9.973671672770083e-7,-1.7390171772156056e-6,-0.025195323448526895
5.0,3.3958830777133656e-7,1.5369161338829563e-6,6.461248724662285e-6,2.658893312032129e-5,0.00010793406257456523,0.0004323154597844242,0.0016399485106914785,0.005131765434749177,0.009177784905332814,0.006594096065648013,0.00232050426056738,0.0004933145111060934,-0.00035458542068919386,-0.00189391057656971,-0.008317123366986878,-0.07012377620823794,0.14308337070430513,-9.947552084022419e-6,-1.9308586191284693e-5,-0.00010639224257714078,-0.0007791628110084649,-0.003201702570266954,-0.004506876101306558,0.003955356304018879,-0.06013236953412658,0.008315702219383955,0.0014406693846077357,0.0002569829724346403,3.301212704793924e-5,4.3823380231452136e-6,4.812632265340345e-7,-1.1168747930717162e-6,-1.9418492454619027e-6,-0.028084449537571103
5.5,3.7366553002917787e-7,1.6923993474204555e-6,7.115921365755562e-6,2.9284467644921962e-5,0.00011887733354669323,0.0004761162301204716,0.0018056278142324026,0.00564672471533369,0.010093253184661404,0.0072541308907223614,0.0025543152745756857,0.0005426877755052733,-0.00039201911842714983,-0.002090412144214365,-0.009176484767763997,-0.07740603328831606,0.1579544551422949,-1.1002744078140965e-5,-2.1351992329892075e-5,-0.0001175535386962833,-0.0008604561634294216,-0.0035352418790050863,-0.004976562863030103,0.004544551999187182,-0.06649282403582893,0.009226704652215778,0.0015866248629244433,0.0002825133885141586,3.611617454319202e-5,4.749456026627938e-6,5.077390074786193e-7,-1.2407573136948386e-6,-2.1486033845884203e-6,-0.031009774913960713
6.0,4.076673768832154e-7,1.847844752356455e-6,7.77067349283897e-6,3.198069433071102e-5,0.0001298243973370405,0.0005199338374181097,0.001971371944577312,0.0061618770357345165,0.01100904847920121,0.00791438612693026,0.002788154380199052,0.0005919118932366731,-0.00042996089624134076,-0.002288645487897706,-0.010042822973245581,-0.08477284180793877,0.17297923384836433,-1.2072468643552227e-5,-2.342482375999592e-5,-0.0001288524792273599,-0.0009426161241675432,-0.003872232494757615,-0.0054524654348091055,0.005127701154288208,-0.07286033745618745,0.010136737564179113,0.001732065238261151,0.00030784608284152164,3.913907598692845e-5,5.091715665967443e-6,5.272005894291707e-7,-1.367922851905857e-6,-2.358331565894299e-6,-0.0339621950132249
6.5,4.4310959956392063e-7,2.0040414054115555e-6,8.424267094030842e-6,3.466555100283234e-5,0.00014071064098003768,0.0005634942533746587,0.0021363604825068816,0.00667684315914834,0.011928551866928977,0.0085759782358959,0.0030226502173616807,0.0006453245428033466,-0.0004530243372989205,-0.002432112067127516,-0.010673689338015645,-0.08978265721992423,0.18361925430528347,-1.2782151920557742e-5,-2.4685540498203382e-5,-0.00013610663235727753,-0.000998759287721801,-0.004103171501274916,-0.00572835642765656,0.005890181057402735,-0.07901997292509973,0.011072242368023922,0.0018933312770463189,0.00033899434923765525,4.441303755311447e-5,6.098172196898936e-6,7.275435327920849e-7,-1.4142752301476873e-6,-2.497858670329129e-6,-0.03614627054450735
7.0,4.801698984983419e-7,2.159728081981311e-6,9.06983331363547e-6,3.730840249454147e-5,0.00015140827914019006,0.0006063076304525047,0.0022991708398225445,0.007190795103228704,0.012856823440044669,0.009239827037938051,0.003256642206197779,0.0007037040510206424,-0.0004567887037542291,-0.002504515143679708,-0.010998604160781354,-0.09151114149756302,0.1883539044244772,-1.3012423537378944e-5,-2.488618846026072e-5,-0.00013811562176557467,-0.001021216643180732,-0.004197950449594918,-0.005754691956626684,0.006819884942737591,-0.08480539926949585,0.012004487824223913,0.0020721758240299284,0.00037724740825751036,5.2542389114457675e-5,7.957357947019652e-6,1.1618699304466881e-6,-1.3540019006876336e-6,-2.5430024922276733e-6,-0.03734013537265743
7.5,5.174172181197164e-7,2.316150355667686e-6,9.71841226329076e-6,3.9963504676552336e-5,0.0001621544023474898,0.0006493013070789349,0.0024624987311233568,0.0077051979537456775,0.013784088757102943,0.009903732743508146,0.003491264455628179,0.0007623755499675555,-0.00046034643477183457,-0.002576363590908915,-0.011320994339680744,-0.09322440156043477,0.19305976568031888,-1.324009392241697e-5,-2.5077843954195788e-5,-0.0001400800765100923,-0.0010434207239179813,-0.004291604292716865,-0.005776810141848654,0.007866487762358973,-0.09074559744751345,0.012972030754896089,0.002252604846147612,0.0004157789074042052,6.073754382097469e-5,9.832820739720883e-6,1.6002432552934413e-6,-1.2926018749028894e-6,-2.5876970072572325e-6,-0.038530384305740774
8.0,5.552318426175465e-7,2.4748462452088956e-6,1.0376343126563507e-5,4.265659694135009e-5,0.00017305115783682764,0.0006928519990148861,0.0026273876878790264,0.008220610661809178,0.014707200836919225,0.010567230040213132,0.0037277335486743386,0.0008218751212981533,-0.000463544917250688,-0.0026476179725093783,-0.01164085051084213,-0.09492263332954706,0.19773684959757365,-1.3462528079928228e-5,-2.5250540984361194e-5,-0.00014195989626051796,-0.0010652047809877425,-0.004383356549588575,-0.005789156766816569,0.009298210777905052,-0.09719944288363269,0.014054776678632754,0.0024377781098702885,0.0004551011810129863,6.911304309468975e-5,1.1752425690161857e-5,2.049648602495921e-6,-1.228255152229636e-6,-2.631421335986914e-6,-0.03971692514563615
8.5,5.930718780126636e-7,2.6336235551338e-6,1.1034592637212614e-5,4.535096379565328e-5,0.000183952910392306,0.0007364225441595578,0.0027923481341935357,0.008736221451773744,0.015630626966585924,0.011230974399071085,0.003964312126989451,0.0008814398795816473,-0.0004666014560399819,-0.0027183346517856747,-0.011958197884689286,-0.09660598662684691,0.2023851561762415,-1.3683386585953732e-5,-2.541827471234647e-5,-0.00014381138804816048,-0.0010868029111821846,-0.004474297030814825,-0.005799608288214646,0.010733334319469072,-0.10365598511479772,0.015138862356318448,0.0026231804283003792,0.0004944826090804039,7.750572259692628e-5,1.3676480449218405e-5,2.5001387927805007e-6,-1.1635372897728242e-6,-2.674897886486302e-6,-0.04089968010017879
9.0,6.309371924145974e-7,2.79248263715032e-6,1.1693161498653926e-5,4.804659398480845e-5,0.00019485969377788532,0.0007800128524757223,0.002957380070066884,0.009252033204830666,0.016554377230272553,0.01189497086216676,0.004201003071764805,0.0009410703650414043,-0.00046951560095357753,-0.0027885145291100815,-0.012273045104796073,-0.09827466889810706,0.20700476608967852,-1.3902607539899399e-5,-2.5580901641319887e-5,-0.00014563398914034634,-0.001108212053235564,-0.004564414211630461,-0.005808137334725648,0.01217207807788676,-0.110115258715304,0.016224162456132132,0.002808798475928177,0.0005339201753593283,8.591508712293158e-5,1.5604875284019192e-5,2.9516862170753884e-6,-1.0984524201005247e-6,-2.718122086552425e-6,-0.04207860307030808
9.5,6.688276099693874e-7,2.95142138101093e-6,1.2352035642570599e-5,5.074344530386507e-5,0.00020577137293772396,0.000823622023591102,0.0031224802541588727,0.00976803871800172,0.017478440103213953,0.012559207904735,0.004437803501809111,0.0010007663976029687,-0.00047228771214038583,-0.0028581579646315097,-0.012585402255332001,-0.09992886453956996,0.21159574848647564,-1.4120143109487983e-5,-2.5738312038410105e-5,-0.00014742729436955062,-0.0011294303163660977,-0.0046537012492061745,-0.005814713653841047,0.013614666065780778,-0.11657736740803791,0.017310544443274553,0.002994613525010308,0.0005734101883234214,9.434033759230934e-5,1.753742871327703e-5,3.404254473610767e-6,-1.0330032689491247e-6,-2.761088133004587e-6,-0.04325358745194634
10.0,7.067438340928755e-7,3.1104426003789975e-6,1.3011233357774527e-5,5.34415909080707e-5,0.00021668809418231698,0.0008672509128593607,0.0032876528281819786,0.010284243033371663,0.018402824228983993,0.013223697051540962,0.00467471305697346,0.0010605279772663405,-0.00047491783461902075,-0.0029272669391689704,-0.012895274378381828,-0.10156864269982652,0.21615824166381467,-1.433600736303632e-5,-2.5890612822825093e-5,-0.00014919181019517952,-0.0011504599515044798,-0.004742166787115829,-0.0058193901874507665,0.015060648097012339,-0.12304209222246153,0.018398274827939865,0.0031806626708846077,0.0006129609764162508,0.0001027834717060504,1.94746246870911e-5,3.857963670641634e-6,-9.671583584597013e-7,-2.803784947043279e-6,-0.044424615957945855
10.5,7.446854251501603e-7,3.269544009153036e-6,1.3670741982780555e-5,5.614096889683127e-5,0.00022760976747443669,0.0009108994302432703,0.003452895631242735,0.010800645430642672,0.01932751952341316,0.013888428218415136,0.004911733898151317,0.0011203550139942918,-0.0004774060134080962,-0.0029958412726480074,-0.013202678761093278,-0.10319430302277072,0.22069238391887747,-1.4550125738465173e-5,-2.6037626733772703e-5,-0.0001509267487914901,-0.0011712969970126886,-0.004829797139700806,-0.0058221330815571674,0.01651024314211935,-0.1295095253566961,0.019487234040689614,0.0033669298869245363,0.0006525695684093003,0.00011124384232158028,2.1416356286253453e-5,4.312792705692734e-6,-9.009150508228476e-7,-2.8462014498689923e-6,-0.04559155317231608
11.0,7.826522952142619e-7,3.4287263107488883e-6,1.4330561517588683e-5,5.88415848974735e-5,0.00023853632528616223,0.0009545670355194645,0.003618207222745498,0.011317240147432172,0.0202525274270971,0.014553402845953167,0.005148863504300305,0.0011802470576006841,-0.0004797530588426619,-0.003063885466930009,-0.013507629809422796,-0.10480600685511471,0.22519812915260337,-1.476249260844781e-5,-2.6179387535213343e-5,-0.00015263229023293787,-0.0011919421731885467,-0.0049165948280034824,-0.005822950259436293,0.01796343823574101,-0.13597965528597644,0.02057740767556735,0.0035534139126089043,0.000692235244004748,0.00011972152259414649,2.336263335858587e-5,4.768741930471986e-6,-8.342723788417808e-7,-2.8883367622119244e-6,-0.04675439333267442
11.5,8.207439336633124e-7,3.588379900958783e-6,1.4992301377645072e-5,6.155000037297021e-5,0.0002494937433577016,0.000998349618335505,0.0037838562737778953,0.011834202216110921,0.021177157894722284,0.015218556107351067,0.005386414124526286,0.0012403402443738863,-0.00048191971469141567,-0.0031313892577710107,-0.013810139048135533,-0.10640406536551761,0.2296757078602955,-1.4972242771498747e-5,-2.6313002781205307e-5,-0.0001542974724870434,-0.001212350461418175,-0.005002356728038039,-0.005820405807379869,0.01955055974401376,-0.14261144309605717,0.02169455502328556,0.0037409279641788173,0.0007320907630949222,0.0001282464949205923,2.532095009646747e-5,5.227780557628665e-6,-7.666684891128198e-7,-2.9299977964234855e-6,-0.047912983735882625
12.0,8.588661707014836e-7,3.747611089955644e-6,1.565186346225508e-5,6.424884376569097e-5,0.0002604112749373445,0.001041974996151881,0.003949007238866339,0.012350965482590782,0.022104902930130052,0.015884372042745263,0.005623479984318022,0.00130054939909644,-0.00048309303482493604,-0.0031951741509567214,-0.014095062935820519,-0.10772120772531746,0.23376001548190853,-1.5153015015528641e-5,-2.638958788440307e-5,-0.0001556937923244119,-0.0012310899996685477,-0.0050822085844426,-0.005809934117642774,0.021514333627015082,-0.14965421555625708,0.02286557200451992,0.003928900845461381,0.0007722081554620288,0.00013690471108946555,2.7322232880801232e-5,5.699330842364411e-6,-6.92679473969894e-7,-2.965521351560905e-6,-0.049036377506313726
12.5,8.964168823681479e-7,3.9038443206345205e-6,1.6298508018345272e-5,6.689420504512384e-5,0.0002711139776915582,0.001084789858843985,0.004111782661737632,0.012866275188065728,0.023041545084235893,0.01655149315779303,0.0058578648956160535,0.001360039606555351,-0.00048325339112757196,-0.0032543412148052114,-0.014357899611089886,-0.1086783855703302,0.23734248872970165,-1.5300690137367595e-5,-2.6409272273321525e-5,-0.00015681136815929702,-0.001247973420468702,-0.005155823742154862,-0.005798055326110287,0.02341428336059939,-0.1565422680442787,0.023987375357359918,0.004112603441105868,0.0008118441637909304,0.00014555033330110624,2.933373207682209e-5,6.1755254301960014e-6,-6.134974913744768e-7,-2.9939805013985793e-6,-0.05011540093090599
13.0,9.339895757798702e-7,4.06014683777382e-6,1.694541424512863e-5,6.954062988930959e-5,0.000281820732121021,0.0011276205680881741,0.004274616068583601,0.013381739037274593,0.023978411971262215,0.017218792906700666,0.0060923373230994645,0.0014195795145639841,-0.00048331448138660537,-0.0033131492101894046,-0.01461913722519428,-0.10963408824540337,0.24091447444120562,-1.544715679079024e-5,-2.6425523992931736e-5,-0.0001579100249216996,-0.001264734480676334,-0.0052289087606700885,-0.0057848785579024484,0.02531737359268788,-0.16343328239694463,0.02511028220646331,0.004296468103760318,0.0008515206888723229,0.00015420796422799908,3.13484050851214e-5,6.652506788646707e-6,-5.340353294565508e-7,-3.0222349572262735e-6,-0.05119222312535404
13.5,9.715846026445713e-7,4.216517937957701e-6,1.7592583549436847e-5,7.218809016161455e-5,0.00029253176331880227,0.0011704675740705876,0.004437505298510779,0.01389734982723916,0.0249154963882308,0.01788627849244639,0.006326895826172613,0.0014791693932340224,-0.0004832776111418387,-0.0033716017385984117,-0.014878795946472722,-0.11058838489912788,0.24447622616125378,-1.5592429044113418e-5,-2.643834585689706e-5,-0.00015898994268607517,-0.0012813745308498602,-0.005301464360286102,-0.005770404173168171,0.027223595679706676,-0.17032731623808062,0.026234301195403962,0.0044804980747649315,0.0008912381808923451,0.00016287763763410447,3.336625753302589e-5,7.130276676256131e-6,-4.5429043833368945e-7,-3.050284367336067e-6,-0.05226687866395334
14.0,1.0092013474733897e-6,4.372955510938635e-6,1.824001452443823e-5,7.483659711669219e-5,0.00030324684619183266,0.0012133304266050864,0.004600452512412633,0.014413108998555071,0.02585279977573729,0.018553941271456348,0.006561542925877874,0.0015388084322304164,-0.00048314354570970795,-0.0034297020413724317,-0.015136888740286005,-0.11154124095720827,0.2480276747412552,-1.573650830416881e-5,-2.6447788511158117e-5,-0.00016005120023499802,-0.0012978952816966077,-0.005373495583087656,-0.005754658102629048,0.02913291504736033,-0.1772243695676867,0.027359423680608005,0.0046646875917371305,0.0009309968199254523,0.00017155930850080853,3.538723314726821e-5,7.60883368619259e-6,-3.742649722169083e-7,-3.0781311936834067e-6,-0.053339356021938726
14.5,1.0468398981933058e-6,4.5294630737958355e-6,1.888771701795457e-5,7.748615075454251e-5,0.0003139660932866468,0.0012562096659150368,0.004763455909544608,0.014929016551222326,0.0267903192525904,0.01922178556551746,0.00679627574102396,0.0015984978920743544,-0.0004829133205183323,-0.0034874548004473083,-0.015393444418547017,-0.1124928869149476,0.25156907372604326,-1.587938050263958e-5,-2.6453798496110923e-5,-0.00016109392136965634,-0.0013142961029559825,-0.005445008191457328,-0.005737642867327457,0.031045317289692398,-0.18412440781146738,0.028485655424458023,0.00484904169676167,0.0009707965159344169,0.00018025305561068555,3.7411421965076126e-5,8.088186259446187e-6,-2.9395284216282636e-7,-3.1057687538177947e-6,-0.054409626387397325
15.0,1.0845029805407064e-6,4.686046605563956e-6,1.9535706505134386e-5,8.013688613100715e-5,0.00032468995478938354,0.001299106912670539,0.004926521972587102,0.01544508112881479,0.027728057699981414,0.01988981425582102,0.00703110435578038,0.0016582386731381143,-0.0004825870706235534,-0.0035448639774610627,-0.015648488911977346,-0.11344348411905801,0.2551006766604513,-1.6020987959426697e-5,-2.645629702918119e-5,-0.00016211766715856478,-0.0013305764544046176,-0.005515995702714718,-0.005719339739520024,0.03296625073942893,-0.19103363129307496,0.02961356690282908,0.005033572995050436,0.0010106396999243882,0.0001889595542429437,3.943899561991504e-5,8.568402627353582e-6,-2.13329164836038e-7,-3.1331826277144724e-6,-0.05547765518603368
15.5,1.1222793128386456e-6,4.843029325822329e-6,2.0185312441918784e-5,8.27941660884644e-5,0.00033543979203232827,0.0013421014896692466,0.005089884438183373,0.01596156491973969,0.02866577597903341,0.02055816131776193,0.007266311847191203,0.001718144942626492,-0.0004821338682376366,-0.0036019256107756737,-0.015902033745342152,-0.11439306714383497,0.2586224835444793,-1.6160154563242574e-5,-2.645199212422904e-5,-0.0001631117231716202,-0.001346696539587845,-0.005586286685978178,-0.005698561668395996,0.03509856566921822,-0.19817903178696186,0.030764239792377208,0.0052188915788587125,0.0010506302748561987,0.0001977033395421469,4.147661405297564e-5,9.051493152390794e-6,-1.316906123216689e-7,-3.1600780841357037e-6,-0.05654344241784778
16.0,1.1601106874262099e-6,5.000211464471868e-6,2.0835721679594583e-5,8.54546705041407e-5,0.0003462025721267631,0.001385147027738865,0.005253428418830803,0.016478535631992305,0.02960424336782035,0.021227107667490794,0.007501782247307077,0.0017781513335121363,-0.0004815739717368273,-0.003658648704113917,-0.016154099086980445,-0.11534165903880877,0.2621346096257789,-1.629782570497867e-5,-2.644338231432474e-5,-0.00016408396766625142,-0.0013626849903440907,-0.0056560082738133,-0.00567623819829474,0.037252656642764,-0.20535110058741268,0.031918620775113295,0.005404564549195442,0.0010907019733302182,0.00020646898137838818,4.3519890763068125e-5,9.536029196983017e-6,-4.9579540215533936e-8,-3.186701318626137e-6,-0.05760699384522222
16.5,1.1979936751511702e-6,5.157575436116525e-6,2.148686387657759e-5,8.811812363902607e-5,0.0003569771470980342,0.001428238394757412,0.005417132665743641,0.016995916914003494,0.030543304282012664,0.021896542379143014,0.007737480981832545,0.001838249562370093,-0.0004809104874054831,-0.003715038659709458,-0.016404712308209467,-0.11628944420022186,0.2656373775977743,-1.6433959179684474e-5,-2.643043383550788e-5,-0.00016503456946226046,-0.001378543427343455,-0.0057251673090493935,-0.005652392018597652,0.0394374294223382,-0.2125588039617164,0.03307718236640861,0.005590571737721608,0.0011308495731872374,0.0002152552867583998,4.556858658880626e-5,1.002198684499163e-5,3.3015932615570654e-8,-3.213038262868936e-6,-0.05866826336909637
17.0,1.2117319141044717e-6,5.21631698965396e-6,2.1731033583602156e-5,8.911928133842087e-5,0.0003610444438061325,0.0014447141269902809,0.005482310254768303,0.0172218210387446,0.03098728433476474,0.022198119552474006,0.007832643128593882,0.001858817126455624,-0.0004902729184966073,-0.003773604274876528,-0.0166545159146865,-0.117236779895794,0.2691306722128139,-1.6715637833060096e-5,-2.7004187628401732e-5,-0.00016838638533998472,-0.001404239421884819,-0.00583576975992439,-0.005828023316997055,0.03929491129526559,-0.21450775699673102,0.03321987336495852,0.0056403223481423185,0.0011411042732054374,0.00021689018274001845,4.5865273322583684e-5,1.0078559064072784e-5,1.0691380869576797e-8,-3.265467362641568e-6,-0.059727366237121764
17.5,1.2237428275311192e-6,5.26772472962422e-6,2.1944717248040744e-5,8.999565306747067e-5,0.0003646091752181961,0.0014592215553871455,0.005540590271848927,0.017431107892730804,0.03141151670242724,0.022480984828983547,0.007918389542225264,0.0018766958187714084,-0.0004997262421691526,-0.003829911036073621,-0.01689228046336563,-0.11803053657093797,0.27240907605681175,-1.699128821267102e-5,-2.7586174200308648e-5,-0.00017174370474325567,-0.001429602998981303,-0.00594591122019327,-0.00601572320540506,0.03900039880297335,-0.21610248485000472,0.03328356209838498,0.005679841488149591,0.0011493399784284057,0.00021809058156978687,4.6061135243253044e-5,1.0111172236164531e-5,-1.5733105672915183e-8,-3.316382359814608e-6,-0.0607709567712513
18.0,1.2350398618052644e-6,5.31570788956841e-6,2.2143859900196514e-5,9.081213878540835e-5,0.00036793352974145435,0.0014728155561084114,0.0055961090272286865,0.01763825402158985,0.03184559410072165,0.022764759121344527,0.008000888132976981,0.0018936338021315836,-0.0005083591466223726,-0.003881982446077007,-0.017108574374564825,-0.11853587447336433,0.2752911201776695,-1.7240960038410573e-5,-2.8124017207644137e-5,-0.00017487028124109135,-0.0014533836315765841,-0.006051162938697101,-0.006205612078894301,0.03865807006006154,-0.21757094737626276,0.03330657129201284,0.0057146156662540495,0.0011569221934523107,0.0002192219218458654,4.6250337222731726e-5,1.0143567349345302e-5,-3.8976758143272296e-8,-3.3618131753766283e-6,-0.061787567830157784
18.5,1.2463365443714886e-6,5.3636699470373435e-6,2.2342898446807688e-5,9.162816868988049e-5,0.00037125601599223665,0.0014864014534791792,0.0056515939286108105,0.0178452762592235,0.03227941219180012,0.023048360542228214,0.008083344226157196,0.001910578088097702,-0.0005169342921939862,-0.003933829843457732,-0.017323953507530004,-0.11904568398467004,0.27817233451543616,-1.748985951355577e-5,-2.8660031333790804e-5,-0.00017798678482407168,-0.001477096466139364,-0.00615611681405151,-0.006394799742453768,0.03831662008049265,-0.21903814217835393,0.0333296784461445,0.005749403169868216,0.0011645100808215646,0.00022035621084115297,4.644047333844839e-5,1.017620373415983e-5,-6.208391084611484e-8,-3.4070962736118596e-6,-0.06280308979875732
19.0,1.2576326993758314e-6,5.411611253738943e-6,2.25418300742109e-5,9.244374278088711e-5,0.0003745764764053944,0.0014999796976855875,0.0057070467767398525,0.018052177486823043,0.032712973856853934,0.023331799175804115,0.008165758542063733,0.0019275283165208522,-0.0005254523541632015,-0.003985459350747284,-0.017538436590004543,-0.11956013797633237,0.2810527651691725,-1.7737951467314516e-5,-2.919420813775855e-5,-0.0001810932042375432,-0.0015007416827440981,-0.006260776087596697,-0.006583304563677923,0.03797605174545795,-0.22050420755346015,0.03335287779839737,0.005784202558396446,0.0011721035504989393,0.0002214935160835704,4.66315464040664e-5,1.0209095458924951e-5,-8.505421344738093e-8,-3.45222743402525e-6,-0.06381749962751959
19.5,1.268928326818293e-6,5.459530754549446e-6,2.2740660409732887e-5,9.325886668575495e-5,0.0003778951135646901,0.00151354974850427,0.005762466131020169,0.018258956263792838,0.033146279095883094,0.023615067819094008,0.00824812747920748,0.0019444841272521236,-0.0005339146380698213,-0.004036872408541308,-0.0177520452309231,-0.12007919034929074,0.283932458237939,-1.7985255595330384e-5,-2.9726556060537472e-5,-0.00018418967453734752,-0.0015243207219864307,-0.006365147242013061,-0.0067711294237580546,0.03763633912423586,-0.22196907435299046,0.0333761635863889,0.0058190120310941855,0.0011797028725961183,0.00022263372502658304,4.682355641958577e-5,1.0242248150967398e-5,-1.0788368999893324e-7,-3.4972066566168002e-6,-0.06483081460359233
20.0,1.2802238663337742e-6,5.507429504592613e-6,2.293938663971028e-5,9.407352914983053e-5,0.00038121185994220285,0.0015271116959724542,0.005817854152345225,0.01846561114953724,0.03357933079007889,0.023898176556267407,0.008330454639077547,0.0019614455202915156,-0.0005423220442861229,-0.00408807513937129,-0.01796478951445519,-0.12060279500448452,0.286811505919857,-1.8231769083940012e-5,-3.0257106052424612e-5,-0.00018727627450605894,-0.001547834124089728,-0.006469230997598423,-0.006958292330139713,0.03729749086040024,-0.22343271952741456,0.033399541572501655,0.005853833028557077,0.0011873076869641907,0.00022377692770741858,4.7016475248372806e-5,1.0275649852217864e-5,-1.3057523659568315e-7,-3.5420339413865095e-6,-0.06584302320221039
20.5,1.2915185265794532e-6,5.555306800452604e-6,2.313800595047971e-5,9.488773580044058e-5,0.0003845265354634772,0.0015406660803135067,0.005873207959523734,0.018672140703460603,0.034012114533484884,0.02418111242196351,0.008412736420184823,0.0019784123155645733,-0.0005506757432960672,-0.004139072585321985,-0.018176704014896267,-0.1211311017638607,0.2896900234625779,-1.8477489119480025e-5,-3.078585529975661e-5,-0.00019035324049140032,-0.0015712830595379509,-0.00657303671822447,-0.007144806248183697,0.036959455092507906,-0.22489518917579304,0.033423003113161764,0.005888664110189478,0.0011949177234914729,0.00022492314663538399,4.721036760468498e-5,1.03093132241615e-5,-1.5312451733841794e-7,-3.586706826378932e-6,-0.06685409661146088
21.0,1.302813098898152e-6,5.60316334554526e-6,2.3336522562536226e-5,9.570150351956531e-5,0.00038783945525881026,0.0015542121812296057,0.0059285300735980725,0.01887855356913679,0.034444650494440086,0.024463884059756184,0.0084949757037206,0.0019953839728479297,-0.0005589766804905456,-0.004189867627584682,-0.018387804578798416,-0.12166408757788898,0.2925681491632836,-1.872240585412864e-5,-3.131283475283049e-5,-0.00019342065127594594,-0.0015946682486289217,-0.006676565844486847,-0.007330684143250802,0.03662224046413272,-0.22635652939718656,0.0334465539707518,0.00592350599628921,0.001202533702475787,0.0002260723367918654,4.740520816555196e-5,1.0343234046303253e-5,-1.7553010341370888e-7,-3.6312232013465413e-6,-0.06786405211849154
21.5,1.3141065281661076e-6,5.650997381330977e-6,2.3534932255384785e-5,9.651478728859086e-5,0.0003911503942351327,0.0015677505389441175,0.005983817973525863,0.01908483822180065,0.03487692138579677,0.02474648858845414,0.00857717104908923,0.0020123599519182188,-0.000567226071372133,-0.004240465308244135,-0.01859810705271372,-0.12220174092180419,0.2954458599724438,-1.896653194937101e-5,-3.1838047225309644e-5,-0.00019647863066088396,-0.0016179907718093733,-0.006779823418470308,-0.007515938980701827,0.03628583833170081,-0.22781664799347384,0.03347018550169792,0.0059583579665584505,0.0012101547235448555,0.0002272245431954767,4.760097160800346e-5,1.0377411615227284e-5,-1.9779523712895202e-7,-3.6755865833685476e-6,-0.06887288972330237
22.0,1.3253995177991621e-6,5.69881101805728e-6,2.373323924952043e-5,9.732764338078456e-5,0.0003944594424296722,0.0015812804331592203,0.006039073820200571,0.01929100042383476,0.0353089358511288,0.025028920245674803,0.008659321735992893,0.00202934025277544,-0.0005754252214806318,-0.0042908713896829195,-0.018807644570342005,-0.12274414246896242,0.298323340286301,-1.9209857557385348e-5,-3.2361523667491095e-5,-0.00019952729119274913,-0.0016412515294515835,-0.006882813761961784,-0.0077005866070888555,0.03595021412091673,-0.22927561411324585,0.03349390634957397,0.005993216779657001,0.0012177809667731339,0.0002283796082810693,4.779768044134641e-5,1.0411859295834587e-5,-2.19911246685722e-7,-3.719790289994453e-6,-0.06988058637636306
22.5,1.3366920677973155e-6,5.746602145476644e-6,2.3931439324448116e-5,9.814002677753252e-5,0.00039776650980520106,0.0015948025841727358,0.006094295812877643,0.01949703873464348,0.035740685246862317,0.025311187674992033,0.008741427764431587,0.002046324695345138,-0.0005835749411510917,-0.004341088753092325,-0.01901642433466148,-0.12329113087265153,0.3012005440057945,-1.9452412221637016e-5,-3.288329784333526e-5,-0.0002025669254925316,-0.0016644525023745626,-0.00698554479823732,-0.007884644309559617,0.03561534766344145,-0.23073345080603286,0.03351769346484965,0.006028087117520704,0.0012254125221978502,0.0002295375545579501,4.7995306528947147e-5,1.0446553171986539e-5,-2.418911452770931e-7,-3.7638420587985176e-6,-0.07088718241435163
23.0,1.347490116458645e-6,5.7922689570536065e-6,2.4120787614421903e-5,9.891621520872203e-5,0.0004009285722254266,0.0016077704660121769,0.006147793052419795,0.019701529845730415,0.036178704114839026,0.02559379220368999,0.008821410354890853,0.0020625931618797094,-0.0005916568627890504,-0.004390281492849851,-0.01921986813271514,-0.12379113280881207,0.30400820729235506,-1.9691635508461663e-5,-3.340336975284213e-5,-0.0002055855360996327,-0.0016874150567184401,-0.007087720484892047,-0.00807232655067098,0.03526010830236706,-0.23213596862608574,0.03352226591542408,0.006059792106605368,0.001232470090295613,0.000230579690450628,4.816674303792395e-5,1.0475061209225223e-5,-2.647368388610619e-7,-3.807161571711212e-6,-0.07188983122027533
23.5,1.3573951787087402e-6,5.8338313371933476e-6,2.4292834688349434e-5,9.962131924859707e-5,0.0004038052166336613,0.0016196463763533762,0.006197896248624404,0.019903080701107707,0.03662944056116202,0.025877278376922146,0.008897308856699041,0.0020776752979013496,-0.0005988645679640986,-0.004434617264393233,-0.019397948803858454,-0.12401913876259796,0.30644477314099083,-1.9906115439633227e-5,-3.387940220332218e-5,-0.00020835559893950955,-0.0017086348504818459,-0.007184807267433927,-0.008264334900501632,0.034866151492761344,-0.23342538240092758,0.03349104532662475,0.006086168692551351,0.0012387235359122746,0.00023151711304742403,4.8321505777785424e-5,1.0500344788244845e-5,-2.853431201855064e-7,-3.8454280969239435e-6,-0.07287652398884477
24.0,1.3672998013239342e-6,5.875374373397438e-6,2.446478891138584e-5,0.0001003260181209472,0.00040668015033456855,0.001631514723567444,0.006247969192320487,0.02010450334347267,0.03707990617550392,0.026160585916294433,0.008973161259446619,0.0020927581542208116,-0.0006060381940484407,-0.004478828064264488,-0.01957560161809547,-0.12425364468393009,0.30888495776588465,-2.012000168783427e-5,-3.4354328884098825e-5,-0.000211119876887503,-0.0017298168286095934,-0.007281733423561488,-0.008455940603849752,0.034472788208561,-0.2347138511450269,0.03345989388641634,0.006112544558199511,0.0012449788723107192,0.00023245608878639889,4.8476859386954064e-5,1.0525795780234826e-5,-3.058463950526093e-7,-3.883569414116825e-6,-0.07386285948969447
24.5,1.3772041601581876e-6,5.916897713957957e-6,2.4636655910857853e-5,0.0001010303230804259,0.0004095534183467623,0.0016433765881011134,0.006298012603805865,0.02030581361937739,0.03753010095786472,0.02644372922776329,0.00904897260521834,0.0021078422710614623,-0.0006131781462096015,-0.0045229185743994585,-0.01975284530316955,-0.12449455837468726,0.3113287381175061,-2.0333319576035092e-5,-3.4828152608835446e-5,-0.0002138787075832171,-0.0017509626117717823,-0.007378501114168196,-0.008647159507267424,0.03407999828142702,-0.23600135180885337,0.03342881447599014,0.006138919703549849,0.001251235919416491,0.00023339655013963174,4.863273633750904e-5,1.0551408557868436e-5,-3.262481142575445e-7,-3.921585171581935e-6,-0.07484888382188504
25.0,1.3871077276496188e-6,5.958403469122429e-6,2.480842724577538e-5,0.00010173421161772622,0.00041242506568885644,0.001655230889507651,0.006348025042484894,0.020506991360482854,0.03798001626467056,0.02672669966775485,0.009124741453418558,0.002122927108199935,-0.0006202860000990669,-0.004566891315840522,-0.019929704349206653,-0.12474201813205131,0.3137761833444463,-2.0546029712948555e-5,-3.530090714149245e-5,-0.0002166320910266519,-0.001772072920266235,-0.007475120423423559,-0.008838007457306738,0.033687750018255226,-0.23728797659052822,0.03339780133296356,0.006165296289495831,0.0012574944971551348,0.00023433874470949893,4.878920978469791e-5,1.05771936723833e-5,-3.4654106778793285e-7,-3.959472203947987e-6,-0.07583448750014751
25.5,1.3970112951410502e-6,5.99989023205917e-6,2.4980108543465145e-5,0.00010243772875146203,0.0004152949122863954,0.0016670781680104235,0.00639800794895322,0.020708053853936786,0.03842965209592145,0.02700949435507783,0.00920046924464292,0.0021380123054873185,-0.0006273621158657478,-0.004610750970523523,-0.020106181637398066,-0.12499578193595402,0.31622731649623537,-2.0758174303525166e-5,-3.577259248206983e-5,-0.00021938013976434206,-0.0017931484743907732,-0.007571585588945003,-0.009028489496052445,0.0332960491814282,-0.23857367939099083,0.03336685445733661,0.006191669994250525,0.0012637537051543729,0.0002352823573657033,4.8946212200599854e-5,1.060314057254179e-5,-3.6673101486097964e-7,-3.997236138541713e-6,-0.07681978000975087
26.0,1.4069138075087185e-6,6.041358706184024e-6,2.515169417660042e-5,0.000103140818208366,0.00041816304817660695,0.0016789182435349756,0.006447958442019552,0.020908989574974036,0.03887901997638253,0.027292119052114802,0.009276152377402314,0.002153097682849158,-0.0006344079791239021,-0.004654501139937571,-0.02028230742025231,-0.12525597655881207,0.3186821606224037,-2.0969740686279768e-5,-3.6243273344825045e-5,-0.00022212312390797087,-0.001814190894815497,-0.007667914618178077,-0.009218628673034853,0.032904881364989494,-0.2398584141111806,0.03333596232434414,0.006218041538111753,0.0012700148939726215,0.00023622750065477953,4.910380548580896e-5,1.0629252775423117e-5,-3.868150538863372e-7,-4.034870996328459e-6,-0.07780470948925192
26.5,1.4168160560954464e-6,6.082806781249464e-6,2.53231841451812e-5,0.00010384350249774506,0.00042102956339671894,0.001690751116081307,0.006497880843470824,0.021109804285977182,0.03932810838128865,0.02757457375886577,0.009351795173483673,0.0021681832402854527,-0.0006414241300968965,-0.004698146506018509,-0.020458088900747615,-0.12552250980250426,0.3211407618220119,-2.1180724640717318e-5,-3.671289345649074e-5,-0.00022486108847615221,-0.0018352000014659501,-0.007764104629931493,-0.009408431470934358,0.03251420911345237,-0.24114229599874906,0.03330513357756001,0.006244412361675159,0.0012762773433120588,0.0002371741520674207,4.926193336705787e-5,1.0655526060532226e-5,-4.0679325080924076e-7,-4.0723795909715926e-6,-0.07878926441388548
27.0,1.426717513339352e-6,6.124237270918858e-6,2.5494584076534225e-5,0.00010454578161959921,0.0004238943228908896,0.0017025769657238732,0.006547770831520103,0.021310490783968,0.03977692595421368,0.027856849831756868,0.009427392590802242,0.002183268257498381,-0.0006484122344734446,-0.004741690310106537,-0.02063354480662735,-0.12579531251843962,0.32360309704552964,-2.139113179416455e-5,-3.7181511903997634e-5,-0.00022759416852472772,-0.0018561775950866883,-0.007860157064800897,-0.009597910134813937,0.032124061238729705,-0.24242520980604465,0.033274365335792935,0.006270780304047276,0.0012825406930237738,0.0002381223566222407,4.9420612726326794e-5,1.0681973792770117e-5,-4.2666483626861316e-7,-4.10976086734735e-6,-0.0797734620707993
27.5,1.4366182671674159e-6,6.165646658112995e-6,2.5665891156996123e-5,0.00010524766682858194,0.0004267573716777329,0.001714395612388219,0.006597630567060857,0.02151105771252036,0.04022545828920117,0.028138964557935825,0.009502947510549309,0.0021983523743390318,-0.0006553726524024571,-0.00478513795443532,-0.020808705390400035,-0.1260745114790349,0.3260693045901388,-2.1600955112463037e-5,-3.764912587368236e-5,-0.00023032240907231127,-0.0018771238557521671,-0.00795608056636015,-0.009787086993906072,0.031734365711039283,-0.24370724773118863,0.03324365759904291,0.006297147526121572,0.0012888053032566774,0.00023907202428201174,4.957984356361574e-5,1.0708587531146686e-5,-4.464283594692807e-7,-4.147011660084444e-6,-0.08075726212331535
28.0,1.4465182296526575e-6,6.207038459911087e-6,2.5837105386566898e-5,0.0001059491243607328,0.0004296187547758627,0.0017262068759998886,0.006647459329795261,0.021711497868656032,0.040673716911016275,0.028420897769063622,0.009578461373320519,0.0022134357708818602,-0.0006623068244795785,-0.004828491239749413,-0.020983572092661325,-0.1263598646642218,0.3285393153072484,-2.181020725709794e-5,-3.81157803841588e-5,-0.0002330460127026653,-0.0018980402240580303,-0.008051878015800545,-0.009975962048210767,0.031345142698720144,-0.244988409774181,0.03321300460492736,0.006323508265515468,0.0012950707238246306,0.00024002304250019915,4.9739608996944486e-5,1.0735365165414406e-5,-4.660838643747334e-7,-4.184136893093766e-6,-0.08174071067049424
28.5,1.4560705288580627e-6,6.246986148985851e-6,2.600234339514528e-5,0.00010662623807742876,0.0004323822674074202,0.0017376414238506213,0.006696077271890784,0.021910681825390035,0.041126481716006184,0.028702891485208472,0.009652437400241633,0.0022279807448026996,-0.0006693597556601119,-0.004871792303471407,-0.021158175165919738,-0.1266514296978262,0.3310131522463888,-2.20209745594562e-5,-3.8589924866519306e-5,-0.00023580007142530828,-0.0019190722001643339,-0.008148189037588068,-0.010167787442394613,0.030946382943236934,-0.24624161273691228,0.03317215795603404,0.006347687222806348,0.0013008887494078576,0.00024087112565775293,4.987460856531322e-5,1.0756141959135267e-5,-4.871273406266355e-7,-4.221498473825952e-6,-0.08272377890042308
29.0,1.4644213058786e-6,6.2816399304348175e-6,2.6145437873022073e-5,0.00010721252674062447,0.00043478108424794637,0.0017476694101293282,0.0067401904714071495,0.02210545900004868,0.04159716176842635,0.028985660241809857,0.009720833279935255,0.002240886861103899,-0.0006755419368110034,-0.0049096439540206125,-0.021304143519560014,-0.12669989133529433,0.33315549084066987,-2.2210045703588296e-5,-3.9024337608468496e-5,-0.00023830240856844852,-0.0019382510300489351,-0.008239299509100323,-0.010366673916128107,0.03051288754558275,-0.2473836708645086,0.03309697038817622,0.006365287700088363,0.0013055918439997647,0.00024153753619899924,4.9972327094063656e-5,1.0768016321961614e-5,-5.076709519959198e-7,-4.254638152675326e-6,-0.08370315920550297
29.5,1.4727730500959197e-6,6.316278236735263e-6,2.628845356832458e-5,0.00010779850027352302,0.0004371784604928285,0.001757691453951003,0.006784278460499744,0.022300116605268865,0.042067542176952535,0.02926825324574266,0.00978919530563124,0.002253795678521931,-0.0006816908492062387,-0.004947377835875912,-0.021449698422250432,-0.12675178735277803,0.33529912020864805,-2.2398352938116136e-5,-3.945736321437755e-5,-0.00024079790288227923,-0.001957385381543024,-0.008330255836878658,-0.010565319090091209,0.03007978110875248,-0.24852494530807448,0.03302190094916122,0.00638290330362464,0.0013103009710859316,0.0002422070755339101,5.007105854162637e-5,1.0780160796471233e-5,-5.280661865860629e-7,-4.28761041855434e-6,-0.08468271238206017
30.0,1.481124530532299e-6,6.35090177130303e-6,2.643139329471617e-5,0.000108384124912164,0.00043957439614206645,0.0017677070150922793,0.00682833619708381,0.02249465320045494,0.042537637347541186,0.029550676259389456,0.009857514833755724,0.002266702154972042,-0.0006878239600680026,-0.004985063457777133,-0.02159519281992379,-0.12681012571398226,0.3374481662162481,-2.258621280016856e-5,-3.988978388266261e-5,-0.00024329085364442577,-0.001976504966931761,-0.008421153100235584,-0.010763803637639993,0.029647014652494218,-0.2496654591171403,0.03294687760920683,0.006400513144778341,0.0013150094679115043,0.00024287744771317774,5.017014451077337e-5,1.0792418520931391e-5,-5.483771431656537e-7,-4.320474710101627e-6,-0.08566241538056434
30.5,1.4894758351147175e-6,6.385507017058908e-6,2.6574254238533468e-5,0.00010896942316585437,0.0004419688011584325,0.001777716453702068,0.006872368002946283,0.022689061582628695,0.04300743575542715,0.029832917757985095,0.009925794745499993,0.0022796059303053194,-0.0006939418096196616,-0.005022702620468831,-0.02174062239079317,-0.1268746759236039,0.3396024214176973,-2.2773657646874285e-5,-4.0321661513917756e-5,-0.0002457815534758784,-0.0019956101463640564,-0.008511993460064569,-0.010962131160263568,0.02921458529561668,-0.2508052583907666,0.032871911893078205,0.006418115062656,0.0013197172444392546,0.00024354831509719801,5.0269506218930383e-5,1.0804777537272776e-5,-5.686124825422452e-7,-4.3532384131835304e-6,-0.08664230853769354
31.0,1.4978266121352547e-6,6.420098897913791e-6,2.6717033586113113e-5,0.00010955435001598024,0.00044436185561638227,0.0017877197697803693,0.006916370996895874,0.02288335903893785,0.04347693740061043,0.03011498350391215,0.009994036481459695,0.0022925073646706757,-0.0007000454332893348,-0.005060299645737939,-0.02188601882796273,-0.1269455301797642,0.34176216240735935,-2.2960669189421433e-5,-4.075297078517269e-5,-0.00024826995735802317,-0.002014701279988822,-0.008602782678748186,-0.011160312462429265,0.028782464226206984,-0.25194432007942313,0.03279700091958406,0.006435709777555437,0.0013244236704085888,0.00024422006034418897,5.036922244867169e-5,1.081724558306965e-5,-5.887671489144741e-7,-4.385893086809946e-6,-0.08762235727915231
31.5,1.5061768615939106e-6,6.454673193372628e-6,2.6859736964781838e-5,0.00011013896173580896,0.00044675346947868784,0.0017977164231038165,0.00696034806012387,0.023077523960447745,0.04394614228309101,0.0303968792595532,0.010062234279252251,0.002305405017472466,-0.0007061356414120723,-0.005097857414775745,-0.022031385012623767,-0.12702259628434195,0.3439271817394614,-2.3147258682463464e-5,-4.1183753901377905e-5,-0.00025075635791185037,-0.0020337799884761567,-0.008693524357775546,-0.011358374195156501,0.028350642800691266,-0.2530826672326402,0.032722141807533106,0.006453298009774476,0.0013291294661173288,0.0002448923458145464,5.046924255405668e-5,1.0829820548074483e-5,-6.088382406919925e-7,-4.418442248060084e-6,-0.08860255584255806
32.0,1.514526583490685e-6,6.4892320136829445e-6,2.700235874721291e-5,0.00011072320205207318,0.0004491435076895077,0.001807707494119143,0.007004295591141162,0.023271570753114822,0.044415041759295046,0.030678587737760516,0.010130392460664593,0.002318299428934057,-0.0007122127040995572,-0.00513537664788007,-0.02217672238537192,-0.12710567831632955,0.3460974563644732,-2.3333441601148906e-5,-4.1614038999167094e-5,-0.0002532408676838947,-0.002052846992123883,-0.008784222098635762,-0.011556308435169232,0.0279191267814521,-0.2542202998504178,0.032647328794542754,0.006470876878121828,0.0013338338212304246,0.0002455651489989635,5.0569549653105145e-5,1.0842488363970442e-5,-6.288358694775272e-7,-4.45089222767652e-6,-0.08958295032697142
32.5,1.5228756019716177e-6,6.5237725451813726e-6,2.7144896119742955e-5,0.0001113071047287333,0.0004515320602860696,0.001817691902379615,0.007048216471139038,0.023465493654556503,0.04488365023517897,0.030960123344490536,0.010198508864803257,0.002331190418980993,-0.0007182785121335723,-0.005172863827731314,-0.02232205831752443,-0.12719483389955272,0.34827296323286444,-2.35192052839926e-5,-4.204384014685708e-5,-0.0002557234416555422,-0.002071902290932001,-0.008874879502817944,-0.011754138952295585,0.027487870069428873,-0.25535721793275584,0.032572558999421734,0.006488447823193138,0.0013385369158223316,0.00024623862746258875,5.067016062779729e-5,1.0855264505906048e-5,-6.487535726380312e-7,-4.483235288084994e-6,-0.09056349463333176
33.0,1.5312237411827479e-6,6.558296898115438e-6,2.7287354709698715e-5,0.00011189065851113588,0.0004539191722869873,0.0018276703681830552,0.007092109259521853,0.02365929122417715,0.0453519619483602,0.031241480317360685,0.010266585652561706,0.0023440776274643634,-0.0007243338308305538,-0.005210323276116409,-0.022467417299207242,-0.12729009760830698,0.35045393283993814,-2.3704531442182662e-5,-4.247311513949737e-5,-0.0002582041698640207,-0.0020909475055706107,-0.008965501612406843,-0.011951885914874581,0.02705687266462159,-0.2564934214796545,0.032497849709317767,0.006506008684094939,0.0013432389299675056,0.0002469127586961153,5.077112612407373e-5,1.0868162338782292e-5,-6.685826454024615e-7,-4.515469670745901e-6,-0.09154415418734363
33.5,1.5395717045399178e-6,6.5928071827326655e-6,2.7429734517080186e-5,0.00011247385214462741,0.0004563049337294887,0.0018376421712316415,0.007135973235991786,0.023852966343168046,0.04581997401764746,0.031522655775179674,0.010334619942748655,0.0023569606942352573,-0.0007303785701532738,-0.005247756433630998,-0.022612792127442143,-0.1273912735215847,0.3526401807894519,-2.38894538396795e-5,-4.290193150500877e-5,-0.0002606833674396273,-0.0021099826360397107,-0.009056090588295929,-0.012149539959034531,0.026626120161073807,-0.25762893354064387,0.03242318075589183,0.006523563062316342,0.0013479398636659467,0.00024758754269954303,5.0872378614013646e-5,1.0881162166955608e-5,-6.883324959577031e-7,-4.547599596154294e-6,-0.09252495203853733
34.0,1.5479106993451039e-6,6.627266117993438e-6,2.757190611337247e-5,0.00011305616791514832,0.00045868691360842424,0.001847599388249331,0.007179782469827243,0.024046488759020664,0.046287810334266134,0.031803658361521374,0.010402578601664287,0.0023698264738584215,-0.000736417682149259,-0.005285166541615281,-0.02275820297056815,-0.1274983040155601,0.35483163793281486,-2.4074016088265306e-5,-4.3330486199826995e-5,-0.0002631618897360257,-0.002129012904498512,-0.00914666803941986,-0.012347202646768345,0.026195445449690803,-0.2587632470260574,0.03234837638647535,0.006541061257307623,0.0013526289124503237,0.00024826039090257397,5.097336661959703e-5,1.0894123307257621e-5,-7.080383830228285e-7,-4.5796342087161144e-6,-0.09350591123644318
34.5,1.5545799607956878e-6,6.654631807904949e-6,2.7684593331237574e-5,0.00011351786756443473,0.00046058390796004464,0.0018556703253455032,0.007217347441843269,0.024233054538507836,0.04678216801669302,0.03208503550273054,0.010462570766667945,0.002380283757639075,-0.0007419106283216678,-0.005317624602072909,-0.022877746478308363,-0.1274311376842487,0.35678384095160265,-2.424574521823232e-5,-4.373996425701412e-5,-0.0002654707593860223,-0.0021465730451024913,-0.009233389736302309,-0.012555809539610526,0.025731856009030992,-0.2597833270392749,0.03223804692847491,0.006549763895593741,0.0013556113956197872,0.00024859305594983057,5.099556079623923e-5,1.0887466179730309e-5,-7.306182953273016e-7,-4.609346493876052e-6,-0.094494177135456
35.0,1.5612567839665716e-6,6.681990463658042e-6,2.77972355304888e-5,0.00011397935337530523,0.0004624797318277042,0.001863736220356921,0.007254887923733346,0.0244194993079609,0.047276194362121764,0.032366248416036275,0.01052253700095001,0.0023907707537048893,-0.0007472753614817501,-0.005349579894650739,-0.022994891394301123,-0.12735176662664038,0.3587177426433275,-2.4414911100871615e-5,-4.414318191320875e-5,-0.00026774548241739185,-0.00216391637606203,-0.009319433632934202,-0.012764014506267997,0.025268586380604172,-0.26080218542738626,0.03212818134227188,0.006558611313742093,0.0013586428590411507,0.0002489439085170942,5.102272390238828e-5,1.0881987977153945e-5,-7.526896819416039e-7,-4.638572015273427e-6,-0.09548367042195761
35.5,1.567932727867653e-6,6.709338568173507e-6,2.7909804574492476e-5,0.00011444055781983897,0.0004643743852114029,0.0018717967131346735,0.007292404635795294,0.02460582306737986,0.04776990665770009,0.03264726540833442,0.010582465059447505,0.0024012532479093154,-0.0007526367632644055,-0.005381537348122035,-0.02311218901343216,-0.12727783525818423,0.3606573836680986,-2.4583750598560287e-5,-4.454618291732408e-5,-0.000270020002864999,-0.0021812591667982025,-0.009405482571650848,-0.012972220913521113,0.024805489623654645,-0.2618203753791187,0.032018370498703326,0.006567449368018758,0.0013616720715318201,0.00024929503119604105,5.1050050201012646e-5,1.0876587150320186e-5,-7.746969258238271e-7,-4.667707499443044e-6,-0.0964736823228911
36.0,1.5746090234766554e-6,6.736671900956292e-6,2.802232015889217e-5,0.00011490144713407556,0.0004662678681111408,0.0018798521638276715,0.007329897578029114,0.02479203157914729,0.04826331354700186,0.032928115291537836,0.010642356382756075,0.002411731060177898,-0.0007579955089488419,-0.005413499123380263,-0.02322965950404049,-0.1272092168064636,0.36260264877826426,-2.4752280593278545e-5,-4.494896164203338e-5,-0.000272294185673002,-0.0021986014173110088,-0.009491545916323936,-0.013180430201965517,0.02434254268865211,-0.2628380812907147,0.03190859999181281,0.006576278058423737,0.00136469966335239,0.0002496462889308296,5.1077584710726206e-5,1.0871245410417141e-5,-7.966443793594927e-7,-4.696757870295797e-6,-0.09746425893731708
36.5,1.5812853190856577e-6,6.763995385917292e-6,2.813477102903441e-5,0.0001153621001005893,0.0004681601355083039,0.0018879027525103705,0.007367365309839162,0.024978121962071907,0.048756383336922914,0.03320877789730752,0.010702211691173542,0.002422204010436182,-0.0007633524538887232,-0.005445468461765623,-0.023347299984934827,-0.1271458997467133,0.36455353797382456,-2.4920495457699653e-5,-4.5351560292287175e-5,-0.0002745682334251634,-0.00221594384789827,-0.00957762222635782,-0.013388668302322803,0.02387975710036171,-0.2638551187659318,0.031798898633513206,0.00658509810525485,0.0013677254544284048,0.0002499979068145291,5.110529366756854e-5,1.0865981046256702e-5,-8.185263272948856e-7,-4.725718907336634e-6,-0.09845535416617494
37.0,1.5879610871327788e-6,6.791304099145613e-6,2.8247151557592467e-5,0.00011582244919145935,0.00047005127744012006,0.001895947938959404,0.007404810712416727,0.025164085572579837,0.04924914195818483,0.03348925610683476,0.010762029544104263,0.0024326722787586224,-0.0007687083183818713,-0.0054774500452139585,-0.023465147911601918,-0.1270878610294031,0.3665101895519614,-2.5088389564496873e-5,-4.57539225948181e-5,-0.00027684223615871093,-0.0022332886194534533,-0.0096637179844329,-0.013596949620549413,0.02341708820031849,-0.26487167220101254,0.03168923473070035,0.006593910228809921,0.0013707492646854089,0.00025034974979129803,5.11332164628268e-5,1.086080671932402e-5,-8.403412748713418e-7,-4.754587445194267e-6,-0.09944694495993439
37.5,1.5946366793259392e-6,6.81860015088878e-6,2.8359475812883174e-5,0.00011628252817064613,0.0004719412488879754,0.0019039879032492278,0.007442230184272697,0.025349925291862373,0.049741572123639895,0.033769555682502124,0.01082180850095259,0.0024431347846984863,-0.0007740639127633362,-0.0055094438737252685,-0.023583177353320165,-0.12703495083258592,0.3684723730173716,-2.5255976981987045e-5,-4.615612170487372e-5,-0.00027911621638295153,-0.0022506348316042803,-0.009749836792038287,-0.013805266953667125,0.02295453598852244,-0.2658875802492447,0.031579622689330684,0.006602712988493306,0.001373771274197858,0.0002507016828052947,5.11612911959069e-5,1.0855683741747792e-5,-8.620964321012403e-7,-4.783371221442957e-6,-0.10043906589289087
38.0,1.6013113922492975e-6,6.84588213431511e-6,2.8471732540253065e-5,0.00011674232578349618,0.00047382991479602826,0.0019120228254542971,0.007479625886300539,0.02553564976349338,0.05023367959567067,0.03404967086192704,0.010881548561718529,0.0024535922485535958,-0.0007794193270703457,-0.0055414517480441095,-0.023701407037832946,-0.12698707695814057,0.37044013446911583,-2.542325771017017e-5,-4.6558157622454026e-5,-0.00028139028664441986,-0.0022679824843507518,-0.009835978649173979,-0.014013643351206246,0.02249208173723019,-0.2669029351087495,0.03147005386583034,0.006611504943709359,0.0013767905825934742,0.0002510537958937469,5.118956851274946e-5,1.0850636029666644e-5,-8.837896008100755e-7,-4.8120663672955735e-6,-0.10143169391551407
38.5,1.6079866327345371e-6,6.873150752840445e-6,2.858392173970214e-5,0.00011720184203000947,0.00047571745523873415,0.0019200521653512453,0.007516995657606788,0.025721241700325127,0.05072547589904232,0.03432960452630081,0.010941251887295542,0.0024640434098027624,-0.0007847760018985438,-0.0055734779899574115,-0.023819845608714123,-0.12694418178224132,0.3724134508576638,-2.5590251444689818e-5,-4.6960055670529334e-5,-0.0002836648746199478,-0.0022853346389586113,-0.009922150038520375,-0.01422209033793193,0.022029719684059167,-0.2679177598290573,0.031360528260199326,0.006620285374160259,0.0013798075500211686,0.00025140599901942687,5.121796400345344e-5,1.0845655845506313e-5,-9.054215723406692e-7,-4.840677454955088e-6,-0.10242484055256916
39.0,1.6146608180960139e-6,6.900407413296469e-6,2.869604622489376e-5,0.0001176610881648395,0.00047760387021609303,0.0019280771834612612,0.007554343819978374,0.02590672415188792,0.05121694950898969,0.03460935379443212,0.011000921358874918,0.00247448970904163,-0.0007901334870617916,-0.005605524040060822,-0.02393850026894192,-0.1269061961562972,0.3743922530344246,-2.5756941303565783e-5,-4.736179896711943e-5,-0.0002859394851047827,-0.0023026896747577585,-0.010008354561566585,-0.014430612235631107,0.021567436863648568,-0.26893198526157713,0.0312510545160115,0.006629058601632939,0.001382822356555397,0.00025175824716372073,5.1246539568612944e-5,1.0840746706346011e-5,-9.269930501088635e-7,-4.869201319050212e-6,-0.10341851732882128
39.5,1.6213341241876885e-6,6.927650708851498e-6,2.8808105995827932e-5,0.00011812001916937238,0.0004794888896164217,0.0019360962591142452,0.0075916638907349,0.026092082712225323,0.05170808313836504,0.034888921547512275,0.01106054761258497,0.002484929165451188,-0.0007954937633790998,-0.00563759422014127,-0.02405739406804664,-0.1268731316050734,0.3763765179498678,-2.59233244731347e-5,-4.7763415648857994e-5,-0.0002882146133036772,-0.0023200490323438384,-0.0100945950995039,-0.01463923065323844,0.021105215988850665,-0.2699457036044302,0.031141623989692988,0.006637818863744822,0.0013858349121589316,0.00025211065287316313,5.1275283953574486e-5,1.0835908612185735e-5,-9.484976154451013e-7,-4.897635497625501e-6,-0.10441263204614921
40.0,1.6267564052046245e-6,6.94957055331537e-6,2.889805600002093e-5,0.00011848846276000907,0.00048100898813264965,0.0019426815819524206,0.007624062886771118,0.02627110841411118,0.05222156328737196,0.03516803407236889,0.01111376753746563,0.0024936164974085876,-0.000800050637513129,-0.005664279453704004,-0.024149227718572242,-0.1266935066153996,0.3781572324631798,-2.607568153081704e-5,-4.813393572305985e-5,-0.00029025438418921385,-0.0023355727109304007,-0.010175399549778134,-0.014854068122241432,0.02062619920943799,-0.2708871847193047,0.031013661641008543,0.006640936312718694,0.0013877444216852102,0.000252258403963913,5.125656746485442e-5,1.0818570115099861e-5,-9.71465021951456e-7,-4.923786036670208e-6,-0.10542393018832019
40.5,1.6316692372980975e-6,6.9693878878279395e-6,2.897930615708187e-5,0.00011882135290033507,0.0004823858824381295,0.0019487034518192903,0.007654523561368176,0.026447578499324373,0.052743531425914016,0.035446844072140236,0.011164431125375799,0.002501489352603693,-0.0008047776820076197,-0.005690852680955409,-0.02424036988318867,-0.12651268305014987,0.37993578032064296,-2.6230075680777384e-5,-4.851460749469135e-5,-0.00029233323123159727,-0.0023512287442417662,-0.010256877478515994,-0.015072880194626546,0.020140248843190173,-0.2718030578060093,0.030876888609364675,0.006641264768525553,0.00138903078355818,0.0002522603397643098,5.120247760027917e-5,1.0792591561228487e-5,-9.964319759152627e-7,-4.950267884576429e-6,-0.10643661130230953
41.0,1.6365827728074122e-6,6.9891960779345645e-6,2.9060505668202196e-5,0.00011915400669293821,0.0004837618763713318,0.001954722260420416,0.007684966228519682,0.026623944861651188,0.053265159583884066,0.035725469675669135,0.011215060138990512,0.0025093562653417676,-0.000809511119145281,-0.005717465884735937,-0.024331827538251156,-0.12633618127183252,0.38171986006537956,-2.638422504202477e-5,-4.8895284893649584e-5,-0.00029441300115556516,-0.0023668941414248185,-0.010338407268697041,-0.015291824801810919,0.019654330170046527,-0.2727184468525774,0.030740181845120434,0.006641588182247657,0.0013903156147982779,0.000252262478148469,5.114855092817923e-5,1.0766685459188824e-5,-1.021343447954543e-6,-4.976669543076678e-6,-0.10745005305079895
41.5,1.6414964841706875e-6,7.0089958270510875e-6,2.914166297437201e-5,0.00011948651417504625,0.00048513705996948425,0.0019607367472346095,0.007715388007034348,0.026800190213943895,0.05378643047413437,0.03600391088295559,0.011265656018905409,0.002517217775846176,-0.0008142503186655189,-0.005744117624449946,-0.024423579074825046,-0.12616379383467474,0.3835092873011471,-2.653813242822255e-5,-4.9275934155974144e-5,-0.0002964937614890384,-0.0023825683622561915,-0.010419996123299498,-0.015510907706177126,0.019168433105837542,-0.27363337490853945,0.030603524061128092,0.006641902952395897,0.0013915985552565928,0.00025226470656985605,5.109473117528725e-5,1.0740822265515514e-5,-1.0462038344183087e-6,-5.002997342913533e-6,-0.10846429000808393
42.0,1.6464103713879231e-6,7.028785728345825e-6,2.9222769634601214e-5,0.00011981877405477794,0.00048651129817674525,0.0019667478126341484,0.0077457881766143525,0.0269763145562025,0.05430737290857782,0.036282173456382176,0.011316220205716135,0.0025250737040424633,-0.0008189962709778385,-0.0057708115015865456,-0.024515636017675486,-0.12599545159008568,0.3853041081270062,-2.6691803466697474e-5,-4.965659467295217e-5,-0.00029857580485300714,-0.002398252307108162,-0.010501646203216829,-0.015730147635468542,0.01868253316043727,-0.27454784197389537,0.030466921019770228,0.006642211960161561,0.0013928791547469861,0.00025226695750054994,5.1041074614870585e-5,1.0715027303178866e-5,-1.0710130473795794e-6,-5.029249877255309e-6,-0.10947932217416446
42.5,1.6513244344591195e-6,7.048567892066301e-6,2.9303834089879905e-5,0.00012015083135074719,0.0004878846360117287,0.001972754376172299,0.007776168898153161,0.027152320769618286,0.05482794655053637,0.03656024298999245,0.011366750538529227,0.00253292404993063,-0.000823749696380062,-0.005797548956741379,-0.02460800124799377,-0.12583111996376983,0.38710427644389633,-2.6845257853093103e-5,-5.003730583587082e-5,-0.0003006590187009368,-0.002413945435757363,-0.010583360389640323,-0.015949540267898236,0.018196628893250064,-0.2754618480486452,0.030330375602238127,0.006642510883757715,0.0013941575033066856,0.0002522691409033231,5.0987485582374736e-5,1.0689266104802624e-5,-1.0957710868383552e-6,-5.055430663181216e-6,-0.1104951149747451
43.0,1.6562342770352644e-6,7.068334580638257e-6,2.9384842271891246e-5,0.00012048268606295398,0.0004892570734744345,0.0019787569780724285,0.0078065308919485965,0.027328205972999963,0.05534819173668807,0.036838122364977695,0.011417239814366459,0.0025407313580239287,-0.0008286516832080853,-0.005824916672490515,-0.024703530026346534,-0.12568473239679712,0.3889292460553956,-2.6999652003053453e-5,-5.0420566177800344e-5,-0.0003027564359215451,-0.0024297222990283794,-0.010665464977483375,-0.016170226555216348,0.01770932436709678,-0.27637587717292533,0.03019376679849769,0.006642779554845343,0.001395427658478659,0.000252268420605501,5.093272606591804e-5,1.0663075119347011e-5,-1.120751757411078e-6,-5.0818228255676e-6,-0.11150928278343915
43.5,1.6611435920495282e-6,7.088093531635953e-6,2.9465799807961973e-5,0.00012081430442743791,0.0004906286105648629,0.0019847556183345367,0.007836869836213725,0.027503975928730114,0.05586805660558972,0.037115814462529206,0.011467693075312589,0.002548529842468907,-0.0008335740184495816,-0.005852381628445628,-0.024799591825087626,-0.12554265509199158,0.39076020854477433,-2.7153854823904816e-5,-5.080402347616559e-5,-0.000304855878979778,-0.0024455150088514804,-0.010747657441660717,-0.016391200961663285,0.01722186281601828,-0.27728949140565995,0.030057209856200435,0.006643038862061285,0.0013966952025710275,0.00025226763277975815,5.08780397047089e-5,1.0636923525178541e-5,-1.1456942676743803e-6,-5.108153439067822e-6,-0.11252380785985296
44.0,1.6660532587717127e-6,7.107841931396021e-6,2.954671513908219e-5,0.00012114572020815939,0.0004919992472830135,0.001990750477033079,0.00786719005273548,0.027679630636808734,0.056387598781067076,0.037393327926220854,0.011518112482261082,0.002556323644978042,-0.0008385013057386046,-0.005879879718100557,-0.024895884119131774,-0.12540327458223188,0.3925948589590021,-2.7307781905746172e-5,-5.118739636462981e-5,-0.0003069564249940509,-0.002461316182173991,-0.010829911851450756,-0.01661234679899187,0.016734378215409476,-0.2782026676973187,0.02992070477534637,0.006643293127192472,0.0013979618462911184,0.00025226711506569854,5.0823567181915676e-5,1.0610850010168516e-5,-1.1705711844104295e-6,-5.134398235835338e-6,-0.11353902442217594
44.5,1.67096398061766e-6,7.1275804833343025e-6,2.962758545158853e-5,0.00012147695591442535,0.0004933690286475006,0.0019967408338702336,0.007897488660322576,0.02785516721604454,0.056906766401676974,0.037670642587713604,0.011568498755509759,0.0025641115050301453,-0.0008434339952612932,-0.005907413102348766,-0.02499241267086156,-0.1252664756198664,0.3944333816943212,-2.7461430434914155e-5,-5.157072423448015e-5,-0.0003090576913061459,-0.0024771256389214554,-0.010912226766257848,-0.01683366982958468,0.016246861921696505,-0.2791153829983714,0.029784260199509357,0.006643538748749793,0.001399226419154971,0.0002522669124819361,5.0769269106251234e-5,1.0584847540158519e-5,-1.1953847057937316e-6,-5.160556864162226e-6,-0.11455488637134748
45.0,1.675881384914105e-6,7.1473176284409e-6,2.970841355914436e-5,0.00012180800029158232,0.0004947379546583239,0.0020027277692927334,0.007927768540166295,0.028030582785246234,0.05742559404171486,0.037947787258920354,0.01161887206339764,0.0025719573490569237,-0.0008481255650880473,-0.005933965080814419,-0.025084339960104028,-0.12511084519124102,0.39624512087542485,-2.7611229872595507e-5,-5.194281996016776e-5,-0.00031109278025583917,-0.002492498955337663,-0.01099310396661211,-0.017054360438689724,0.015759482484569723,-0.28002604689122684,0.029648720317736854,0.006644078972116337,0.0014005863414430187,0.0002522995509769981,5.072340076603558e-5,1.0560698570891809e-5,-1.2194866341260175e-6,-5.186077494320553e-6,-0.11557583074195148
45.5,1.6801834762028877e-6,7.164411336813809e-6,2.9778257124913783e-5,0.00012209400354555366,0.0004959246903387802,0.0020079909854785194,0.007955460389935358,0.028202108746208814,0.05795691452717853,0.038224133840140256,0.011665823956630742,0.002579037876647765,-0.0008519086592867296,-0.00595573068025249,-0.02515330991716183,-0.12485455746376983,0.3979142756620563,-2.774764752730142e-5,-5.227726886999931e-5,-0.0003128720734414737,-0.0025060184052343457,-0.011067958036578314,-0.017275928370542037,0.015266899615976385,-0.2809031276184266,0.029508351559365265,0.006642656383917771,0.0014016071835313319,0.0002522958369413531,5.066954162185646e-5,1.0533497480287292e-5,-1.2432492522415888e-6,-5.209579672720677e-6,-0.1166188104635279
46.0,1.6832737578501153e-6,7.17652626785807e-6,2.9827518743150544e-5,0.00012229591202879962,0.0004967718055961355,0.002011906344364777,0.007978344251742176,0.028366486471585278,0.05851182620691028,0.03849912338026341,0.011706265798148072,0.002584119397707936,-0.000856211178252344,-0.005977668791018944,-0.0252225823993049,-0.12460062078838982,0.3995874410669609,-2.789108527210904e-5,-5.264125561786202e-5,-0.00031477413238715547,-0.0025200492665846904,-0.011144973000010695,-0.017506445282535612,0.014762745883169491,-0.28173175823292346,0.02935130934700865,0.006634900216969839,0.0014011310666709508,0.00025193204152259945,5.05276879695247e-5,1.0484842909922052e-5,-1.2721627207861206e-6,-5.234274140972745e-6,-0.11766271216631656
46.5,1.6863652704750663e-6,7.188638385238964e-6,2.98767634794071e-5,0.00012249767420155044,0.0004976182905928967,0.0020158186419852913,0.008001210826401263,0.028530740305736345,0.059066340282244265,0.03877391699937895,0.01174667882775252,0.002589196596981175,-0.0008605218005684567,-0.005999651920399277,-0.02529211418866391,-0.12434882771932827,0.4012643865948357,-2.8034297923847267e-5,-5.300528175701187e-5,-0.00031667769945640216,-0.002534092012849099,-0.011222064315012215,-0.017737178283875804,0.014258521561176034,-0.2825600200549353,0.029194339164434244,0.006627142609426262,0.001400654049438292,0.00025156838115968734,5.038600876432171e-5,1.0436250240150895e-5,-1.3010243124123155e-6,-5.258896157393102e-6,-0.1187075243255523
47.0,1.6894576623698195e-6,7.200744171877282e-6,2.9925968824376514e-5,0.0001226993238277666,0.0004984642803849051,0.0020197289587867945,0.008024062995103911,0.02869489041700104,0.05962047980271077,0.03904852622225205,0.011787067367231018,0.00259426875416966,-0.0008648410664584341,-0.006021681869138044,-0.02536193697834303,-0.12409927045470638,0.4029451583447413,-2.8177279855189368e-5,-5.3369336032795404e-5,-0.00031858252704683747,-0.002548145743655294,-0.011299237743965448,-0.017968151864688562,0.013754207922252643,-0.28338789003493203,0.02903742948687689,0.006619381400393576,0.0014001755015727617,0.00025120512596430014,5.024453777020792e-5,1.0387736352954025e-5,-1.3298240034444275e-6,-5.283437632699567e-6,-0.11975318931740936
47.5,1.692551285242296e-6,7.2128457380205485e-6,2.9975154473702354e-5,0.00012290084965279455,0.0004993096849349331,0.002023636214322554,0.008046899317254472,0.028858919518231625,0.060174250530692384,0.03932294816769142,0.01182742565420099,0.0025993373098690343,-0.0008691691559967317,-0.006043764039468909,-0.02543203636238582,-0.1238518683211681,0.4046298024157383,-2.8320014184155132e-5,-5.373342969986607e-5,-0.00032048877272360994,-0.0025622127999711973,-0.011376492566572576,-0.018199364584378246,0.013249784798060299,-0.28421536817291354,0.028880597601484315,0.006611618750765245,0.0013996969537072312,0.0002508424109922795,5.0103303123816986e-5,1.033931109615323e-5,-1.3585631127871596e-6,-5.307901380555507e-6,-0.12079973019141806
48.0,1.6956459632385354e-6,7.2249423802529216e-6,3.002431198639452e-5,0.0001231022741859413,0.0005001546392988223,0.0020275416691137586,0.00806972051315077,0.02902283625300197,0.060727623654276225,0.03959717707331447,0.01186775945104501,0.002604400463334743,-0.0008735071496300827,-0.006065897350945142,-0.025502426746748727,-0.12360662131871342,0.406318272708766,-2.846251779272477e-5,-5.409755150357042e-5,-0.00032239639146810573,-0.0025762922814245312,-0.011453833824918349,-0.01843083373009258,0.01274523057966434,-0.28504250056794045,0.028723826221108795,0.006603855380839092,0.0013992176855438785,0.0002504798760947144,4.99622710611885e-5,1.0290954774104936e-5,-1.387243223126156e-6,-5.3322856424213175e-6,-0.12184716999710866
48.5,1.698741872212498e-6,7.23703339515856e-6,3.0073446989779746e-5,0.00012330355240859294,0.0005009989634021171,0.0020314435224158527,0.008092525862494985,0.029186652146077227,0.06128061069822743,0.03987122158269508,0.011908065156273972,0.0026094589348646087,-0.0008778551373957147,-0.006088082523864562,-0.02557310813143174,-0.12336343724922111,0.4080106153228852,-2.860479349456165e-5,-5.4461746462522314e-5,-0.0003243055633547803,-0.002590385088387573,-0.011531263679896236,-0.018662572267192368,0.012240548148256054,-0.28586924112095213,0.028567121108132906,0.006596086968828184,0.0013987373369337929,0.000250117813892595,4.982146971895616e-5,1.0242687082452717e-5,-1.4158642465344369e-6,-5.35659112171284e-6,-0.1228954626354206
49.0,1.7018384846023023e-6,7.249122299816673e-6,3.0122548229204564e-5,0.0001235047180847099,0.0005018427472820454,0.0020353432148244805,0.008115315365287113,0.029350335504353228,0.0618332174249286,0.04014507305225937,0.011948342769887873,0.002614512724458631,-0.0008822130292564,-0.0061103195582271706,-0.025644074754052292,-0.12312225848886542,0.4097066919609139,-2.8746852544319235e-5,-5.4825975185434626e-5,-0.0003262164234394753,-0.002604490860711412,-0.011608778530017128,-0.018894572992699383,0.011735720936985534,-0.2866955667824183,0.028410482262556647,0.006588315675625988,0.001398255907876974,0.0002497558417277034,4.968079217791197e-5,1.0194481994810422e-5,-1.4444319861926971e-6,-5.380826611128098e-6,-0.12394465420541446
49.5,1.7049358004079485e-6,7.2612055771480515e-6,3.0171626959322444e-5,0.00012370573745033173,0.0005026859459199934,0.0020392400260418205,0.008138088301229333,0.029513920902125425,0.062385449596762295,0.04041873436319864,0.011988593732482357,0.0026195612918934433,-0.0008865819956960995,-0.006132614216415543,-0.025715332376992955,-0.12288303893858572,0.4114065487219128,-2.8888686501007427e-5,-5.519027143626775e-5,-0.00032812879164773533,-0.0026186108589172363,-0.01168638557825924,-0.019126866159122156,0.011230741022576738,-0.28752154670092994,0.02825390392199744,0.0065805429418281484,0.0013977737585223334,0.0002493942072024158,4.954035098459065e-5,1.0146357799989939e-5,-1.4729392320885579e-6,-5.404981559429464e-6,-0.12499469860802964
50.0,1.7080346988992388e-6,7.273281820321011e-6,3.0220677552806648e-5,0.0001239066667787258,0.0005035286943718026,0.002043134316216783,0.00816084611091729,0.029677388171054805,0.06293728416419822,0.04069221127789546,0.012028815162866137,0.0026246039168712236,-0.0008909615865286744,-0.006154962896940571,-0.025786889643827592,-0.12264580164791233,0.413110277804003,-2.9030295364626225e-5,-5.555462396036822e-5,-0.00033004278052609494,-0.002632744182632769,-0.011764088426111688,-0.019359454647651972,0.010725586796095005,-0.28834713477742635,0.02809739184883786,0.006572765886243377,0.0013972904386837317,0.00024903302286326706,4.940009549305158e-5,1.009831801507048e-5,-1.5013844894633553e-6,-5.429059835404067e-6,-0.12604556126897068
50.5,1.7111488966850895e-6,7.285367911315757e-6,3.026971689163738e-5,0.0001241075060698921,0.0005043709026002452,0.002047026085349368,0.008183588794350985,0.02984073731114137,0.06348875570153181,0.040965506677541126,0.012069066845758444,0.0026298448038245257,-0.0008945539818789663,-0.006174080321435842,-0.025843770122239956,-0.1223569218845886,0.4147388654172961,-2.916113071121118e-5,-5.588389010227699e-5,-0.0003317416479580352,-0.0026454295276515075,-0.01183671389461644,-0.019589166266680485,0.01022120256798505,-0.28916689132275536,0.027943766729349097,0.006565956910931452,0.0013971145059406937,0.000248774368417227,4.928515734449254e-5,1.0055581282182762e-5,-1.5279412511567335e-6,-5.4515434676651865e-6,-0.12711564723818683
51.0,1.7142768110798565e-6,7.29745681597387e-6,3.0318750603141382e-5,0.00012430825532383068,0.000505212660642549,0.0020509153334395762,0.008206314910934771,0.030003979847150267,0.06403981810970248,0.0412386292057095,0.012109331494011548,0.002635251539351357,-0.0008974792013715762,-0.006190462775100754,-0.025888224022626156,-0.12202427106321398,0.41630411292130853,-2.9282810397198554e-5,-5.618334829447133e-5,-0.00033325785236416265,-0.002656885144213535,-0.0119050391851235,-0.0198165009028962,0.009717437796002069,-0.2899815539218868,0.027792613671985638,0.006559966193945386,0.001397200131344291,0.00024860280247973533,4.919175497534772e-5,1.0017368216574011e-5,-1.5528887732579089e-6,-5.472662824901029e-6,-0.12820229429492777
51.5,1.7157320026026931e-6,7.302681085431324e-6,3.0339408519584967e-5,0.00012439294659118998,0.0005055843793373454,0.0020529193820550003,0.008222036131199033,0.03015514154808759,0.06462875665854831,0.041508228036932354,0.012139875002858142,0.0026378417303194812,-0.0009011257991329781,-0.006207076444366548,-0.02593301502239308,-0.12169317608513501,0.4178730483501699,-2.9414312582001586e-5,-5.652356521420609e-5,-0.00033494321421193935,-0.0026690412504075155,-0.01197627808032079,-0.020055206160530942,0.009202633019300386,-0.29074122034170835,0.027623355208566902,0.006545766242681313,0.0013952524460334433,0.00024793612182680573,4.897690926793839e-5,9.949518834716244e-6,-1.584968580287569e-6,-5.495466511370192e-6,-0.1292900016300628
52.0,1.7169810932838665e-6,7.307049297809241e-6,3.0356532474839075e-5,0.00012446317562884074,0.0005058975288154856,0.002054687713208155,0.008236876427226916,0.030304718593816383,0.06522202275670907,0.04177720741202824,0.012169192564811592,0.002640078615205886,-0.0009048720681055075,-0.006223770786988411,-0.025978111428436555,-0.12136359085129107,0.4194456256048197,-2.9546855822250563e-5,-5.686893113790322e-5,-0.00033665090529219984,-0.0026812969377753956,-0.012047960678976469,-0.020295595474473658,0.008686287525557319,-0.2914937183576048,0.027451921445725547,0.0065305485105946704,0.0013930524764104192,0.00024720846346137747,4.874714551735501e-5,9.878051081767975e-6,-1.6178912553497312e-6,-5.51842002541367e-6,-0.13037872314453125
52.5,1.718231414942763e-6,7.311418213602999e-6,3.037365080276645e-5,0.00012453335964787764,0.0005062104081819424,0.0020564546037656665,0.008251707359383114,0.03045418615427622,0.06581486243855918,0.04204600239088168,0.01219848851783038,0.002642311178305358,-0.0009086309422899229,-0.00624052995641426,-0.02602351900313916,-0.12103556146074278,0.4210219829824396,-2.9679188037746982e-5,-5.7214392726154844e-5,-0.00033836044213562933,-0.0026935672111741728,-0.012119745559922878,-0.020536337734349184,0.008169712977106837,-0.29224593977913754,0.027280556831475112,0.006515334379997138,0.0013908528669363063,0.00024648141284723654,4.8517663133108365e-5,9.806683917285091e-6,-1.6507513264019684e-6,-5.541297570546228e-6,-0.13146844731356802
53.0,1.719484198557106e-6,7.315787129396758e-6,3.0390763503367085e-5,0.00012460353241226105,0.0005065231975111716,0.002058220774025355,0.00826652748707198,0.030603547110658397,0.06640728722886377,0.042314610092301384,0.012227765743105794,0.0026445410402879976,-0.0009124022416117689,-0.00625734891055934,-0.02606922910292703,-0.12070898419060376,0.4226018899877266,-2.9811323296807683e-5,-5.755989933302035e-5,-0.00034007157713985154,-0.0027058527909016683,-0.012191637044946952,-0.02077740989062721,0.007652913695735874,-0.29299783850724603,0.02710928153415461,0.0065001245711865385,0.0013886537976855599,0.0002457548799471553,4.828845086054499e-5,9.73540467978244e-6,-1.6835544207710154e-6,-5.564106884342126e-6,-0.13255916261240794
53.5,1.7207383890031327e-6,7.3201560451905175e-6,3.040787339030436e-5,0.00012467363764872365,0.0005068356266914898,0.0020599855036894,0.008281336089995692,0.030752798581771622,0.06699929712762286,0.04258302763509606,0.01225702280004219,0.0026467662203347934,-0.0009161871365550062,-0.00627423413210405,-0.026115250371374032,-0.12038387056563916,0.42418553101692313,-2.994323627646236e-5,-5.790552974107402e-5,-0.00034178442285140117,-0.002718152236362238,-0.012263629371666116,-0.02101884219581627,0.007135860869531545,-0.2937493914923999,0.02693806674185116,0.00648491548267376,0.0013864547284348134,0.000245029089854203,4.805950307233816e-5,9.664216182923389e-6,-1.7162968455237023e-6,-5.586841284350866e-6,-0.1336508575162859
54.0,1.7219945138427246e-6,7.324524960984276e-6,3.0424974836251525e-5,0.00012474373163053276,0.000507148010853194,0.002061748612683345,0.00829613532904772,0.030901949211189755,0.0675908748476887,0.04285125501926572,0.012286255366852636,0.0026489881590413904,-0.0009199850868962683,-0.006291181299261456,-0.02616158280848016,-0.12006008228866716,0.42577276777284745,-3.0074957927008048e-5,-5.825118828576137e-5,-0.000343499046798199,-0.0027304680685982605,-0.012335729743058587,-0.021260627446938136,0.006618559540578606,-0.2945006678831901,0.026766941266477648,0.0064697099956500925,0.001384256289444661,0.0002443037049287756,4.783078600452746e-5,9.593115613044569e-6,-1.7489826453011202e-6,-5.609506749607105e-6,-0.1347435550747321
54.5,1.7232522213679605e-6,7.328895283609719e-6,3.0442062213881857e-5,0.00012481376933907453,0.0005074601699218289,0.0020635117216772905,0.008310924483930237,0.03105099611772151,0.06818203191382648,0.04311929224481035,0.012315469205919709,0.0026512052357376883,-0.0009237959125610996,-0.00630819401352067,-0.026208214889480268,-0.1197376539339832,0.42736364635456003,-3.0206476993791286e-5,-5.859698188629035e-5,-0.00034521556152677967,-0.002742799567311912,-0.012407933837337437,-0.02150278293114054,0.006100996023218438,-0.2952516446300864,0.026595882058503766,0.006454506669519891,0.0013820580305289646,0.00024357892775463553,4.760234467572676e-5,9.522105783809348e-6,-1.7816121718111895e-6,-5.632104335234604e-6,-0.13583723223821634
55.0,1.7245115115788408e-6,7.333264902819319e-6,3.0459152405175557e-5,0.00012488376202900243,0.0005077721489160083,0.0020652723096288585,0.008325701393749779,0.03119992489541045,0.06877276256365358,0.04338713354934738,0.012344665757839053,0.0026534188910193315,-0.0009276210541451445,-0.006325275156072979,-0.02625516678271337,-0.11941653940252667,0.42895807456393975,-3.0337787849485335e-5,-5.894285426939362e-5,-0.0003469338995092225,-0.002755147812949927,-0.012480254619863459,-0.02174532737616686,0.005583143666431623,-0.29600232173308866,0.026424897761503374,0.006439305504283156,0.0013798600417249513,0.00024285482585970368,4.7374195967916276e-5,9.451195136207828e-6,-1.814176104794006e-6,-5.654625600243263e-6,-0.13693183138291282
55.5,1.7257737913070488e-6,7.33763452202892e-6,3.047623696914252e-5,0.00012495375471893033,0.0005080838577985043,0.0020670323573570596,0.008340470380293279,0.03134875571259559,0.06936307255955261,0.04365478757645068,0.01237384214141938,0.0026556541552356363,-0.0009313527370867772,-0.006341980303162174,-0.026300502327633767,-0.11909106850984233,0.4305474318766522,-3.0467556817654035e-5,-5.9284140381208e-5,-0.0003486247086092785,-0.002767309321377573,-0.012551934337327847,-0.02198773640520263,0.005065202713012695,-0.2967518233100453,0.026254385979874256,0.006424238314441323,0.0013777035600829341,0.000242144769772302,4.714955027099823e-5,9.381044177715513e-6,-1.846456209484634e-6,-5.676894338964695e-6,-0.13803042962111736
56.0,1.7270555908248684e-6,7.342014692476149e-6,3.0493335601426322e-5,0.00012502375866351172,0.0005083956116996143,0.0020687911445640725,0.008355227842071626,0.03149748280689436,0.0699529503767584,0.043922262969694106,0.012403093435973199,0.0026582407447146507,-0.0009336844311740103,-0.006352956921672533,-0.026320912686719634,-0.1186936139340127,0.4320270734251086,-3.0579461837103e-5,-5.956386353854326e-5,-0.00034993153144225614,-0.00277683904163787,-0.012613871306451066,-0.022223609451801036,0.004549618934216456,-0.2974902841619855,0.026089135253537458,0.006410899839372433,0.001376091443519938,0.00024161325750754318,4.696834753647312e-5,9.319795650117707e-6,-1.8756929855354783e-6,-5.696680019764382e-6,-0.13916935301259206
56.5,1.728338973028332e-6,7.3463941595075355e-6,3.0510420165393286e-5,0.00012509372884413267,0.0005087071405076548,0.0020705492114732635,0.008369974499382642,0.03164609465354159,0.07054241906480127,0.04418955396669509,0.012432324562188,0.002660822472183366,-0.0009360298109198625,-0.006363996926391233,-0.02634160828374304,-0.11829718506228168,0.4335101263040502,-3.0691164272789505e-5,-5.984367110577955e-5,-0.00035124015501978895,-0.0027863829877801533,-0.012675920642034525,-0.022459882983988506,0.004033737312270795,-0.2982284684195619,0.025923953675791575,0.0063975664063882975,0.0013744791468824865,0.00024108230797545787,4.678738959066097e-5,9.258630829005083e-6,-1.9048701470937255e-6,-5.716398172643249e-6,-0.1403094173558169
57.0,1.7289906878058103e-6,7.348180835745846e-6,3.051678467193039e-5,0.00012511976085760802,0.0005088403505861219,0.0020715833790712844,0.008381913435783272,0.031788998860246824,0.07114840850369088,0.044454493911604866,0.01245754507012958,0.002662313128526117,-0.0009386590780448337,-0.006375170186207014,-0.026362617930616856,-0.11790167817176289,0.4349966366125378,-3.080645694293284e-5,-6.0138903175596025e-5,-0.0003526134928547724,-0.002796198486201353,-0.012739116691750702,-0.022700409154517414,0.003514784340411875,-0.2989489736873938,0.025753413082249575,0.006381321529607398,0.0013721120681647447,0.00024036565666112295,4.656080809334614e-5,9.186342893185211e-6,-1.9367088583435898e-6,-5.736707898245117e-6,-0.1414505189279055
57.5,1.728399642644692e-6,7.344862823219818e-6,3.0502055144201953e-5,0.00012505944716966405,0.0005086226855880185,0.002071195138545195,0.008388334890866928,0.03192077878738818,0.07178734724615275,0.044714962247635305,0.012474901366449916,0.0026616616191460648,-0.0009418326202115984,-0.00638653792643475,-0.02638395027091496,-0.11750708173769119,0.43648655825151056,-3.092899479624728e-5,-6.046447779116674e-5,-0.00035411290531792307,-0.0028065374610647333,-0.012804472194337413,-0.02294892774967989,0.0029900693461253924,-0.2996350890560093,0.025572266823575576,0.006359340200971621,0.001368257574444451,0.00023928282394149872,4.624415841797688e-5,9.092083763545013e-6,-1.973824946946968e-6,-5.758251415233597e-6,-0.14259273840221393
58.0,1.7278112352929806e-6,7.341551141436367e-6,3.0487342498453723e-5,0.0001249992347736013,0.0005084053357202121,0.0020708063577957385,0.008394752744461475,0.03205245211045187,0.0724258077108608,0.044975243306232,0.012492249019196386,0.002661007588723635,-0.0009450201181486654,-0.006397974094955582,-0.02640557937391575,-0.11711337271053625,0.43797979902284745,-3.10513272521359e-5,-6.079007491604439e-5,-0.00035561375837671794,-0.0028168910219590108,-0.012869937182193076,-0.023197865558174803,0.0024650239152130405,-0.30032092783026104,0.02539119835706636,0.006337370397100996,0.00136440578184099,0.0002382010266499937,4.5927874518845377e-5,8.99793647702367e-6,-2.0108814210577494e-6,-5.779724590637892e-6,-0.14373598358062098
58.5,1.7272251140427553e-6,7.338242976732124e-6,3.047264392102233e-5,0.00012493906739615242,0.0005081881659268612,0.002070418657493015,0.008401165555971266,0.03218403899777692,0.0730638071849627,0.04523532556262982,0.012509582265986417,0.0026603517575566503,-0.0009482220220421736,-0.006409475810578222,-0.026427502358427942,-0.11672047041694203,0.43947649722373017,-3.1173448683271954e-5,-6.11157283141894e-5,-0.0003571162996335332,-0.0028272591688841852,-0.012935517417700269,-0.02344724562953246,0.0019396125730070824,-0.30100651305967946,0.025210222088678364,0.006315406355612948,0.0013605560600937674,0.00023712021976799404,4.561194514129817e-5,8.903908771195441e-6,-2.0478687845620684e-6,-5.801127072750082e-6,-0.14488030056218726
59.0,1.726641982309858e-6,7.334941142770459e-6,3.0457967852897873e-5,0.00012487894503731742,0.0005079712212265799,0.0020700313173392026,0.008407574045694127,0.032315527924598166,0.07370133414369336,0.045495229185167754,0.012526906869202582,0.0026596937654961993,-0.0009514381518176675,-0.006421045234196136,-0.026449713462068956,-0.11632838638167367,0.44097651455697695,-3.129536190331883e-5,-6.144140984896807e-5,-0.0003586203940325273,-0.002837642261989167,-0.013001210019667702,-0.02369706364196593,0.0014138412619645502,-0.30169186779379487,0.025029338018411597,0.006293456720081341,0.001356708409202783,0.00023604049333272745,4.5296449067909555e-5,8.810002052892011e-6,-2.08478897185349e-6,-5.8224581581543216e-6,-0.14602564324785217
59.5,1.7260616642403277e-6,7.331644232719686e-6,3.0443297412100156e-5,0.0001248188676970963,0.0005077543665635262,0.002069643797110935,0.00841397677303441,0.03244691600972432,0.07433838282467015,0.04575493400550681,0.01254421130407973,0.0026590327121700044,-0.0009546687775868303,-0.006432683806404967,-0.026472224209603948,-0.11593705145614025,0.4424798049235272,-3.141706409861314e-5,-6.176714202968736e-5,-0.000360126131610928,-0.002848041021571779,-0.013067017869286667,-0.02394734696679245,0.0008876746874921632,-0.3023768767849556,0.024848540383883472,0.006271512126634488,0.0013528628291680374,0.0002349617122883523,4.4981282193134916e-5,8.716220542608431e-6,-2.1216453241572638e-6,-5.843718550266456e-6,-0.1471720001128505
60.0,1.7254836322722838e-6,7.328350839748123e-6,3.042864666694601e-5,0.00012475884663014253,0.0005075377820121557,0.002069257177254945,0.008420377339481228,0.032578211896729256,0.07497497051504083,0.046014451548412126,0.012561505654787369,0.0026583691378014324,-0.0009579138093124344,-0.006444392247502537,-0.026495017313885184,-0.11554644259081147,0.4439865066205627,-3.153855245549153e-5,-6.209289671971358e-5,-0.0003616334223315075,-0.0028584534668130096,-0.013132939525961515,-0.02419808551984251,0.0003611157082719025,-0.303061701379874,0.024667832066285287,0.006249579057952788,0.00134901931998953,0.00023388410172793802,4.466653455420203e-5,8.622560019849651e-6,-2.158429400483287e-6,-5.8649068422548e-6,-0.148319348107652
60.5,1.7249082381136469e-6,7.325063074103295e-6,3.0414015617435432e-5,0.00012469890434576306,0.0005073213775352408,0.0020688705573989547,0.008426771423247645,0.032709406942039096,0.07561108569004024,0.046273770289118554,0.012578791361921143,0.0026577034025393946,-0.0009611741473667571,-0.006456169116893204,-0.02651811294325169,-0.11515649063709639,0.445496435251841,-3.165982416029063e-5,-6.241868517370022e-5,-0.0003631423337221866,-0.002868882478904148,-0.013198980752074827,-0.02444930235064642,-0.00016585041929227708,-0.30374627242995894,0.024487213065617033,0.006227653912547131,0.0013451780617417166,0.00023280750408633598,4.4352155505170276e-5,8.529033849516664e-6,-2.1951473557201757e-6,-5.886022682411433e-6,-0.14946771028178696
61.0,1.7243455054401632e-6,7.3217844528644105e-6,3.0399401449905062e-5,0.00012463902958930438,0.0005071051981513953,0.002068484477766331,0.008433161185227132,0.03284050978922772,0.07624673411205096,0.04653292480192155,0.012596133252285039,0.0026573311886398453,-0.0009632620206412232,-0.006463180495893127,-0.026521383095363837,-0.11471962136444368,0.4469314068105646,-3.176648451122272e-5,-6.26928541595482e-5,-0.000364326795962642,-0.0028770486753872874,-0.01325618968629405,-0.02469367058975819,-0.0006897452194525035,-0.30442047119140625,0.02431120397100996,0.006207205377676696,0.0013417951830204159,0.00023188025569627653,4.407389545278607e-5,8.442860484978584e-6,-2.2293931559808663e-6,-5.905169661626715e-6,-0.1506562938863057
61.5,1.7237882242394539e-6,7.318512162368103e-6,3.0384815419008363e-5,0.00012457921110611307,0.0005068892888792332,0.002068098938357074,0.008439546625419686,0.03297151179472125,0.07688189849392525,0.04679188627490825,0.012613489548605375,0.0026570491920425094,-0.0009649898350418875,-0.006468735432696847,-0.026518599864579398,-0.11426824241246342,0.4483448501079824,-3.1868384143737145e-5,-6.29507095251919e-5,-0.00036540965119157313,-0.002884510240525998,-0.013310691741297972,-0.024936206391210643,-0.0012129585728544482,-0.305091235572838,0.024136701739446636,0.0061872307987731745,0.001338558704831449,0.00023100099714861176,4.380734586733706e-5,8.359104057273116e-6,-2.262808573840248e-6,-5.9236469889605516e-6,-0.15185830384222762
62.0,1.723233404994191e-6,7.315244092366847e-6,3.037023782910177e-5,0.00012451947140549604,0.0005066734696442987,0.002067713939171183,0.008445928464123129,0.03310241872090227,0.07751660188519342,0.047050651826887335,0.012630832879564914,0.002656765754849529,-0.0009667317852873097,-0.006474355916602374,-0.026516075941010905,-0.11381730140155896,0.4497615203396431,-3.1970050242192074e-5,-6.320857614548905e-5,-0.0003664939019975345,-0.0028919845909510496,-0.013365309043953427,-0.025179246401138534,-0.001736620221613397,-0.3057617464094364,0.023962296027791465,0.006167267744634807,0.001335325467982681,0.00023012313417797723,4.354123802703673e-5,8.275486202488494e-6,-2.296153298407523e-6,-5.942049050799309e-6,-0.15306142017560423
62.5,1.7226810477043746e-6,7.311980242860641e-6,3.0355671493848644e-5,0.00012445975421418597,0.0005064578304838198,0.0020673285798363814,0.008452303820146174,0.033233224805388206,0.07815083276109033,0.04730923586381526,0.012648160363972366,0.0026564779958696163,-0.0009684882315264008,-0.006480041227311886,-0.02651381132465835,-0.11336676375743486,0.45118118701024357,-3.2071488433914244e-5,-6.346638649251886e-5,-0.00036757936830607063,-0.002899472086811354,-0.013420035831877833,-0.025422796381924448,-0.0022607481731749014,-0.3064320037012014,0.023787981073661875,0.0061473140543681255,0.0013320944820646072,0.0002292462391075411,4.3275563490894985e-5,8.19200481037719e-6,-2.329425219435166e-6,-5.960375143727147e-6,-0.15426560831214006
63.0,1.720860959213576e-6,7.303515336619763e-6,3.031960032947834e-5,0.0001243119693594757,0.0005058834830079554,0.0020654714719766576,0.008452717991393858,0.033349907290179205,0.07882512372065888,0.04756069759587867,0.012656752076393888,0.002653958214013598,-0.0009708032687264987,-0.0064859246199224655,-0.026511837708625908,-0.1129166064305608,0.45260412671414746,-3.2180278728015474e-5,-6.37549895714417e-5,-0.0003687926424594084,-0.002907487020751861,-0.013476920632077128,-0.02567398728200676,-0.0027889476081755945,-0.3070723657521596,0.023605078728897694,0.006121860890230023,0.0013273728398037821,0.0002279980980377543,4.2918278889173465e-5,8.086154794494912e-6,-2.368067016999527e-6,-5.979957537348537e-6,-0.15547085672706995
63.5,1.7184633663166146e-6,7.2926771053284674e-6,3.027372917559932e-5,0.00012412400539187865,0.0005051453578148004,0.002062942866472319,0.008450407275980693,0.03346008404504136,0.07951743365054405,0.047808802740091284,0.012661347576498625,0.002650417409994811,-0.0009733807644455094,-0.0064919355052475486,-0.02651014068695714,-0.11246679484664134,0.4540300628569911,-3.229230192132587e-5,-6.405763283056795e-5,-0.00037006502605276887,-0.0029157495570687007,-0.013534851304714053,-0.025928955423867955,-0.0033192418493172915,-0.307698944183995,0.023418293978872615,0.006093901809968977,0.0013219723168456663,0.00022658111465661548,4.251942522486171e-5,7.970180514400819e-6,-2.409123289441054e-6,-6.00006819626716e-6,-0.15667711932133332
64.0,1.7160698180607439e-6,7.2818473150272746e-6,3.0227894599344074e-5,0.0001239361989894302,0.0005044079079008535,0.002060416061712536,0.008448100162056637,0.0335701686017823,0.0802092307283799,0.04805672636925274,0.012665940195412074,0.002646876245827113,-0.0009759728461954169,-0.006498011937674439,-0.02650870297250431,-0.11201725985708554,0.4554590415378352,-3.24040718849332e-5,-6.436020856177339e-5,-0.0003713383775463277,-0.002924025058746338,-0.01359289434381122,-0.026184468110882625,-0.003850075773602166,-0.3083253612691182,0.02323161439232956,0.0060659600168556605,0.0013165758455627994,0.0002251657069269624,4.21211286658967e-5,7.854372943861247e-6,-2.450098844914728e-6,-6.020103589690704e-6,-0.1578844076196953
64.5,1.7136797868840823e-6,7.271031593042918e-6,3.018209378704924e-5,0.00012374852764282342,0.000503671043228887,0.002057890877622852,0.008445793768430404,0.03368018112874103,0.08090050342940132,0.04830445983978917,0.012670527051942946,0.002643334721510504,-0.0009785788837156266,-0.006504156078096603,-0.026507518802884843,-0.11156800146189341,0.4568911088557402,-3.2515599873490924e-5,-6.466270551040453e-5,-0.00037261287701454045,-0.0029323129855614053,-0.013651055511751204,-0.026440533986624635,-0.004381426151425457,-0.30895147871034745,0.02304503564748159,0.006038034790592251,0.0013111840562157761,0.0002237520549232506,4.172338077128834e-5,7.738737710202929e-6,-2.4909880560938147e-6,-6.040059497124119e-6,-0.15909272162215587
65.0,1.7112930969326699e-6,7.260223608632822e-6,3.0136335179704915e-5,0.00012356102511601864,0.0005029346737616732,0.0020553678544266347,0.008443488815399816,0.03379010145757854,0.08159125175360826,0.04855199162693542,0.012675112467878174,0.0026397926569705285,-0.0009811994172295054,-0.0065103657656205745,-0.026506585296907453,-0.11111896203723919,0.4583262187116456,-3.262686056402875e-5,-6.496505614854058e-5,-0.0003738883894015655,-0.0029406133375139035,-0.01370932616496014,-0.02669714728871141,-0.004913304507552317,-0.3095774348048645,0.02285856494730693,0.006010127931923305,0.0013057961384695463,0.00022234015864548007,4.132620686400693e-5,7.623274110010024e-6,-2.5317928573718783e-6,-6.059936621983246e-6,-0.160301980655359
65.5,1.7089106274763082e-6,7.249426878876196e-6,3.00906187773111e-5,0.000123373668899709,0.0005021988895364399,0.002052846812049428,0.008441186023262692,0.03389994399425126,0.08228146993861818,0.0487993476614131,0.012679690680835182,0.002636250052207186,-0.000983834086588142,-0.006516643161139819,-0.02650590533576343,-0.11067011853359257,0.45976427890743016,-3.2737870838526875e-5,-6.526736739538947e-5,-0.0003751650272539375,-0.002948926474752743,-0.013767720709394473,-0.026954342591438408,-0.0054457464967249385,-0.3102031604040785,0.02267219220763607,0.005982237640104265,0.0013004133528452986,0.00022092988303780916,4.0929595689399006e-5,7.507994101351842e-6,-2.5725120177711966e-6,-6.079735667683927e-6,-0.1615122769174259
66.0,1.7065373024258908e-6,7.238640700357198e-6,3.0044936138877695e-5,0.00012318647024854793,0.0005014637805904146,0.0020503281106401426,0.008438884671721214,0.03400970009518534,0.08297118103396137,0.04904653658679605,0.012684330839404886,0.0026329476667675007,-0.0009855205739012658,-0.006519100817308685,-0.02649005590248684,-0.11019147198726044,0.4611524599196327,-3.283698494430755e-5,-6.552737239984588e-5,-0.00037617567262620725,-0.0029553576538569977,-0.013818347562115718,-0.027204536599334993,-0.005974462025115137,-0.3108194817949278,0.022489739328712854,0.005955571854582726,0.0012954069228330767,0.00021964208056919523,4.0562646154010406e-5,7.39880145338907e-6,-2.611188458565769e-6,-6.097944290166175e-6,-0.16276108894463392
66.5,1.7041711873878525e-6,7.227866479907511e-6,2.9999295705394804e-5,0.00012299942916253542,0.0005007292568863699,0.0020478110299009572,0.0084365854810732,0.034119381285145925,0.08366035622772493,0.04929353535355398,0.012689002691078761,0.0026297999652851022,-0.0009865902161670236,-0.006519079928671846,-0.026464329745474177,-0.10969326791446375,0.46250897087719506,-3.292822079265946e-5,-6.575961780151933e-5,-0.0003770124110930636,-0.0029605596447279084,-0.013863928008295619,-0.027450354077664746,-0.006500965158744881,-0.31142960286212473,0.02230988960611856,0.005929713162770804,0.0012906492656811486,0.00021843483891011725,4.0215319106946176e-5,7.293661184091222e-6,-2.648496403840013e-6,-6.115085127400487e-6,-0.16403552052477696
67.0,1.7018085894290233e-6,7.217100700447927e-6,2.9953700290525786e-5,0.00012281255689632496,0.0004999953634429194,0.002045296290129693,0.008434289171616477,0.034228970276985286,0.08434898975752632,0.04954034972406946,0.012693674542752638,0.002626653344249437,-0.000987673364016945,-0.006519120265349881,-0.026438831202573287,-0.10919513299025797,0.4638683399765153,-3.301912744239738e-5,-6.599161560081643e-5,-0.00037784946469021706,-0.0029657700990982287,-0.01390961073676625,-0.02769677660616503,-0.007028084867310308,-0.312039447334958,0.022130149368793223,0.005903877160340278,0.0012858972808745693,0.00021722993821896095,3.9868698289387175e-5,7.188734049793457e-6,-2.6857062226043185e-6,-6.132133817159517e-6,-0.16531092018519283
67.5,1.699449684403364e-6,7.2063461756418115e-6,2.9908135825953816e-5,0.0001226258309406096,0.0004992619652042216,0.00204278353117744,0.00843199574335104,0.03433848147665986,0.08503710467289581,0.0497869796983425,0.012698339191448292,0.0026235069032882275,-0.0009887690270415246,-0.006519218225853681,-0.02641354010544515,-0.10869691739269614,0.4652305672175935,-3.310974709847182e-5,-6.622338830704416e-5,-0.0003786869909828163,-0.00297098811659568,-0.013955395747527615,-0.027943812828409707,-0.007555835556767859,-0.31264910741154883,0.021950521497928123,0.005878060605950947,0.0012811501580782887,0.0002160268382723598,3.952271335974921e-5,7.0840024650997265e-6,-2.7228202009601716e-6,-6.149098800433367e-6,-0.16658736859923765
68.0,1.6970944723108743e-6,7.195602905489167e-6,2.986261637999572e-5,0.00012243925129538938,0.000498529242244732,0.0020402723928952867,0.008429701594787783,0.0344479033594045,0.08572469521145086,0.050033407989225356,0.012703002399548302,0.0026203599221036513,-0.0009898785557991788,-0.006519380292863644,-0.0263884708600462,-0.1081987017951343,0.4665956986994902,-3.320004318325901e-5,-6.645494717485595e-5,-0.00037952483240571267,-0.002976216038188185,-0.014001294565344866,-0.02819149443750295,-0.008084244598434771,-0.3132585600423669,0.021771004552927624,0.0058522624191560775,0.0012764087976645847,0.00021482610180298728,3.917743747327983e-5,6.97949597347539e-6,-2.759831304749153e-6,-6.165972339647774e-6,-0.1678648311926159
68.5,1.6947427772975941e-6,7.1848659660790985e-6,2.98171250706713e-5,0.00012225281796066423,0.0004977969694713811,0.0020377632354321436,0.008427410327415811,0.03455723592521921,0.08641176137319144,0.050279657646248345,0.012707658404670093,0.0026172124006957087,-0.0009910006897687193,-0.006519599983699372,-0.026363600416846145,-0.10770037094992094,0.46796368832314483,-3.329004664705599e-5,-6.668626969494489e-5,-0.00038036321405197557,-0.0029814515229078216,-0.014047295665452847,-0.028439812789870893,-0.00861330262843936,-0.3138677591283516,0.021591597093196073,0.005826485481146959,0.0012716723892984073,0.00021362725611539767,3.88328312386919e-5,6.875185734870931e-6,-2.79674586471384e-6,-6.182760062129476e-6,-0.16914325034150185
69.0,1.6907143147712928e-6,7.167254543646585e-6,2.9743224202326056e-5,0.00012194989896252796,0.0004965888949679464,0.0020332795615642814,0.008416759283521024,0.034643184742538594,0.08716312996210289,0.05051170303022033,0.012699710638501492,0.0026110480919345268,-0.0009928594182985427,-0.0065200552119229135,-0.02633897487490559,-0.10720192485705603,0.46933435169231497,-3.3389776945114136e-5,-6.695810334019791e-5,-0.000381369154979095,-0.0029873730913029697,-0.014096052625028029,-0.02869746620201272,-0.00914591244700452,-0.3144429371076048,0.0214030850689937,0.005793850947722928,0.0012649973893813856,0.00021193971086484788,3.836731063455253e-5,6.741339768482839e-6,-2.8407603524782866e-6,-6.201215583572215e-6,-0.1704226721449561
69.5,1.6865687335073228e-6,7.149161281362401e-6,2.966731156467311e-5,0.0001216387415580519,0.0004953472365785581,0.002028656329993395,0.008405511112731748,0.03472737603317215,0.08791863594170424,0.05074256136338156,0.012690855297077098,0.0026046671536033607,-0.0009947836939301735,-0.006520583910524305,-0.026314562541120363,-0.10670331741747899,0.4707079193023036,-3.348988708772688e-5,-6.723261559297671e-5,-0.0003823873859878033,-0.0029933517433005158,-0.014145102025518965,-0.028956433437381985,-0.009679445687377561,-0.3150154643908728,0.02121403282142478,0.005760743178629803,0.0012581879638833221,0.0002102190994424042,3.78938161084299e-5,6.605589655410848e-6,-2.885188272903783e-6,-6.219706275807046e-6,-0.17170300440485745
70.0,1.6824279003002852e-6,7.131082790810896e-6,2.959146645494098e-5,0.00012132784301060564,0.000494106613617289,0.002024036699911619,0.008394272305814162,0.03481149817521478,0.0886735483959002,0.05097322953791777,0.012682004277439636,0.0025982890964634828,-0.0009967209349226016,-0.006521173114142749,-0.02629034036596016,-0.10620454863118982,0.4720842067568684,-3.358968210004248e-5,-6.75068352247653e-5,-0.000383405842089581,-0.002999338138499649,-0.014194265233065786,-0.029216066227938833,-0.010213679057233643,-0.3155878072778984,0.021025092940316098,0.0057276631410028275,0.0012513859214379349,0.00020850100906233773,3.742109815339668e-5,6.470078703725086e-6,-2.929507515581713e-6,-6.238105523982437e-6,-0.17298430474503163
70.5,1.6782923427120617e-6,7.11301907199207e-6,2.95156776184762e-5,0.00012101720332018919,0.0004928668910282976,0.002019420671318953,0.00838303926127915,0.03489556269343166,0.08942787308707338,0.05120373636574183,0.012673160460780394,0.00259191284006816,-0.0009986703309407766,-0.0065218199415869585,-0.026266314111807555,-0.10570550325053696,0.47346326015506984,-3.368914791374408e-5,-6.778075660823695e-5,-0.0003844244782658142,-0.0030053326370492804,-0.01424353072290334,-0.029476378979639704,-0.010748646410570405,-0.31615996576868155,0.02083627550983717,0.005694606152906159,0.001244591081970768,0.0002067853947060346,3.694919334707663e-5,6.334806210009713e-6,-2.9737157944105902e-6,-6.256414031514228e-6,-0.17426650401688776
71.0,1.6741657536758217e-6,7.094971531737607e-6,2.943995349626887e-5,0.000120706833741456,0.0004916282038674254,0.002014808424289853,0.008371818461807113,0.03497955230067504,0.09018159272807602,0.05143405303494088,0.01266438579271207,0.002585778423666594,-0.0009996694740572005,-0.006518681603976247,-0.02622789630717021,-0.10518285515085088,0.4748003634081146,-3.37764193104113e-5,-6.801153890495934e-5,-0.00038517318283323075,-0.003009391155127672,-0.014284326950949125,-0.02972766784022582,-0.011278058106805622,-0.3167215906241149,0.02065155081158318,0.005662804643913338,0.0012381796210193922,0.0002051944143822546,3.650769861443165e-5,6.205896112583915e-6,-3.0157733793029973e-6,-6.273081469886973e-6,-0.17559411086344648
71.5,1.6700470780678026e-6,7.076938059799981e-6,2.936429408831899e-5,0.00012039671176509915,0.0004903905971532862,0.002010199598675408,0.008360605585611119,0.035063481402901366,0.0909347418932036,0.05166421411981035,0.01265565434251307,0.0025798080550940017,-0.0010000287225959525,-0.006512991971479802,-0.02617978617503924,-0.10464408390471583,0.4761099455219741,-3.385526941261983e-5,-6.821287902820506e-5,-0.00038573866164216103,-0.0030121378307976393,-0.014319406895479047,-0.02997309923892295,-0.011804012373494958,-0.3172760240260928,0.020469638156026513,0.005631862450222234,0.0012320305285497015,0.00020368874433177476,3.608712346892342e-5,6.081385177833076e-6,-3.0563288196651236e-6,-6.2885981199424435e-6,-0.17695277695209238
72.0,1.665933150516716e-6,7.058920766426717e-6,2.9288696580963194e-5,0.00012008683739111863,0.0004891538908114246,0.0020055949147734396,0.008349402793584633,0.03514734135653677,0.09168728600816065,0.05189418504605481,0.012646931535887935,0.0025738412880105194,-0.001000398505490352,-0.006507356361320012,-0.026131828746046543,-0.10410497844039134,0.47742229357947036,-3.3933717160966824e-5,-6.841377459263874e-5,-0.00038630337513465533,-0.003014886127137706,-0.014354576156938904,-0.030219250935442137,-0.012330792821786195,-0.31783027303182826,0.020287862357056034,0.005600950148890746,0.0012258898095421922,0.00020218613554703866,3.566747964598981e-5,5.957162643577397e-6,-3.096754128096507e-6,-6.304009257621635e-6,-0.17831235349718538
72.5,1.6618237951686014e-6,7.040921058449501e-6,2.9213155346874744e-5,0.00011977721061951444,0.0004879181748790683,0.002000993832360582,0.00833820792483419,0.03523113792396384,0.09243923083532973,0.05212398886320454,0.012638218813432307,0.002567875781448226,-0.001000778552628716,-0.006501769011114299,-0.026084012495426974,-0.10356545808452133,0.4787371770853002,-3.4011765369115636e-5,-6.861416932499301e-5,-0.00038686759342239704,-0.0030176380249668823,-0.014389837616519985,-0.030466154622887556,-0.012858416738827063,-0.31838429154226067,0.020106216211693523,0.0055700655790254065,0.001219757463996864,0.00020068640795359077,3.5248834673551635e-5,5.8332341371436136e-6,-3.137049304597147e-6,-6.319314882924549e-6,-0.17967292117208153
73.0,1.6577195395853405e-6,7.022937529036645e-6,2.9137687268033847e-5,0.00011946784270494006,0.0004866835393934452,0.0019963961713623784,0.008327020259061969,0.035314868223991276,0.09319058213709344,0.0523535909969641,0.012629510412763613,0.002561914416598409,-0.0010011691341227276,-0.006496232802053953,-0.026036351829136967,-0.10302554588663614,0.4800547804357062,-3.408939152775934e-5,-6.881408573457482e-5,-0.0003874309113378611,-0.0030203917235406144,-0.014425185511839715,-0.030713804538876628,-0.013386884844915384,-0.3189381026069203,0.019924705482321562,0.0055392141428598825,0.0012136338520626288,0.0001991898766817283,3.483115478764848e-5,5.709605285858459e-6,-3.177212238919519e-6,-6.3345142924353434e-6,-0.1810343877786596
73.5,1.6536202079129724e-6,7.0049673645247865e-6,2.9062281089787037e-5,0.00011915874490204895,0.00048544984929871344,0.0019918024720021964,0.0083158441180549,0.0353985293754278,0.09394133991345179,0.05258302025924637,0.012620809215073138,0.002555955932939881,-0.0010015699798607033,-0.006490743412352041,-0.02598882081645493,-0.10248514964861452,0.48137496533350643,-3.4166609705214774e-5,-6.901350693940396e-5,-0.0003879936440113448,-0.0030231486634545454,-0.014460631367663242,-0.030962238138896103,-0.01391624323911177,-0.3194917523248678,0.019743325847153218,0.00550839151860724,0.001207519243851169,0.00019769642918491653,3.4414448429270455e-5,5.586275738014015e-6,-3.2172429310636218e-6,-6.349606782738175e-6,-0.182396707217859
74.0,1.6495259760054577e-6,6.987014785408974e-6,2.8986928371144205e-5,0.0001188498834468807,0.000484217149613487,0.0019872121940566695,0.008304676620621695,0.035482121378273404,0.09469147535249185,0.0528122593629036,0.012612112339169597,0.002550000510547096,-0.001001981720103238,-0.0064853044434976725,-0.025941433863337308,-0.10194429241998679,0.4826977317787009,-3.424340864682846e-5,-6.921239917552003e-5,-0.00038855561136839255,-0.003025907764261943,-0.01449616798101235,-0.031211452541754683,-0.014446502005585731,-0.3200451715475123,0.019562081627975417,0.005477598786714214,0.0012014124688785241,0.00019620608797246236,3.3998732480397756e-5,5.463246197026122e-6,-3.257133643455196e-6,-6.364589540169678e-6,-0.1837600062620964
74.5,1.6453144495063137e-6,6.968578959609807e-6,2.8909589206163976e-5,0.00011853281734933305,0.00048295082102369326,0.0019824805576635633,0.008292873820509436,0.03556351791335737,0.09544681422299849,0.053039804326083365,0.012602427214654191,0.002543824136797395,-0.0010024566664796582,-0.006479927420256001,-0.025894176563827653,-0.1014028820026317,0.4840231258703503,-3.432050865042246e-5,-6.941372241678555e-5,-0.0003891289234161377,-0.0030287162054701516,-0.01453198551051206,-0.03146205279762291,-0.014977790797945235,-0.32059626276759584,0.019380426839039046,0.005446364512256265,0.00119517559011177,0.00019468346841385717,3.3575245193304255e-5,5.338383906062276e-6,-3.297408420896422e-6,-6.379590586413069e-6,-0.18512407746559903
75.0,1.6394980797639787e-6,6.943561975194248e-6,2.8805039102757446e-5,0.0001181041613626336,0.0004812275084844169,0.0019758311283192245,0.008272580869968564,0.035616615387608276,0.0962779860482115,0.05324705417782879,0.012579550555825594,0.0025346961626473512,-0.001003638765242885,-0.0064747700878500574,-0.025847097898177872,-0.1008609644956099,0.4853510093112727,-3.4406786823920975e-5,-6.965357033687776e-5,-0.0003898611961894885,-0.003032172554569302,-0.014570374503236522,-0.03172120731042591,-0.01551147530086091,-0.321118841718691,0.019191790923611275,0.0054089306344438535,0.0011871133866266901,0.00019269573904596426,3.3036431472107006e-5,5.185343479889577e-6,-3.3444437279937132e-6,-6.396160953399638e-6,-0.18648898997695784
75.5,1.6336871614944178e-6,6.9185667966697875e-6,2.870057903657867e-5,0.00011767588803415211,0.00047950554650355684,0.0019691871012085514,0.008252303045681956,0.035669678287563726,0.0971085009618108,0.05345413692047949,0.012556688302953438,0.00252557449110325,-0.0010048298677288873,-0.006469651651526506,-0.025800125836605754,-0.10031839007697436,0.4866813821014681,-3.449264013425101e-5,-6.989280487835587e-5,-0.00039059261360917567,-0.0030356310645619188,-0.01460886001586914,-0.031981159913215755,-0.016046090428562684,-0.3216412362735437,0.01900328178060019,0.005371533131671456,0.0011790608171249805,0.00019071147611134,3.2498692570316105e-5,5.03262592158829e-6,-3.3913358899671864e-6,-6.412624401178245e-6,-0.18785481294476375
76.0,1.6278869703164454e-6,6.893589906957214e-6,2.8596200566637553e-5,0.00011724795234527473,0.0004777850251183409,0.001962548476331544,0.0082320432288409,0.03572268356369341,0.09793834167664865,0.05366106407880063,0.012533921129393794,0.0025167521033042147,-0.0010048460744298837,-0.006459904581398402,-0.025736310330762603,-0.09975273155373748,0.4879675458925368,-3.45627369297235e-5,-7.007734743129811e-5,-0.00039098508588497014,-0.003036630117641115,-0.014635894233726663,-0.03222655673761742,-0.016570575287695018,-0.3221490174261825,0.018820023608711912,0.005335712720980457,0.0011714893165311784,0.0001888842155926177,3.199983849626293e-5,4.888258261037737e-6,-3.435344046989056e-6,-6.426922734995623e-6,-0.18928697246079
76.5,1.6220948684206543e-6,6.868634119719897e-6,2.8491906506597457e-5,0.00011682038805996183,0.00047606603436599684,0.0019559159739860237,0.008211798538254107,0.0357756629091015,0.09876752547987278,0.053867841415174776,0.01251120005489476,0.002508044963156709,-0.0010044307326982388,-0.006448459769303705,-0.025666306026032325,-0.09917807218891617,0.4892389118851492,-3.4626654920441145e-5,-7.024108575730166e-5,-0.0003912507407254683,-0.0030367136721884736,-0.014658733437068514,-0.032467113160654856,-0.017091995999892313,-0.3226513358401388,0.018638805320255705,0.005300502042395831,0.0011641045531477453,0.0001871179665503545,3.151620071370076e-5,4.747238156478571e-6,-3.4781701136886894e-6,-6.440331247773055e-6,-0.19074420986578905
77.0,1.6163089214134793e-6,6.843701545205361e-6,2.8387708111111852e-5,0.00011639316141425303,0.0004743483041348414,0.0019492881535763467,0.008191571855112866,0.03582858751187512,0.09959602932195288,0.054074440117689054,0.012488496267543458,0.002499344125615146,-0.0010040226839820425,-0.0064370545735892215,-0.0255963852758494,-0.09860277896201142,0.4905127672270346,-3.469002706046551e-5,-7.040401937558211e-5,-0.00039151432470972805,-0.003036792544799989,-0.014681638907809992,-0.032708562752991645,-0.017614485634057542,-0.323153423758792,0.018457735413150846,0.005265333141084884,0.0011567317647156038,0.0001853557579286869,3.103390504856484e-5,4.606615833577973e-6,-3.52082454692291e-6,-6.453611035451428e-6,-0.19220233467770487
77.5,1.610529305148881e-6,6.818788666334397e-6,2.82835913118639e-5,0.00011596629491745525,0.0004726320144993301,0.0019426660955492463,0.008171361018523709,0.035881474659161985,0.10042384167812382,0.054280877473491196,0.012465812648531173,0.002490649590679526,-0.0010036210279090166,-0.006425683952170197,-0.0255265336742574,-0.09802673662537174,0.49178911191819297,-3.4752853349796596e-5,-7.056615391346623e-5,-0.00039177588285636323,-0.0030368667354756613,-0.014704612086546746,-0.03295090839581907,-0.01813810325461212,-0.3236553272812028,0.018276834055736345,0.005230206017047617,0.0011493702309369322,0.00018359792736721904,3.055290366857794e-5,4.4664028986973345e-6,-3.5633048847362713e-6,-6.466758580951532e-6,-0.19366130079747687
78.0,1.604755843772899e-6,6.79390111043374e-6,2.817956454984371e-5,0.00011553981107887544,0.00047091716545946287,0.0019360492596813559,0.008151167469082283,0.03593431570738824,0.10125098559791589,0.05448713043305089,0.012443146316666617,0.002481960998200938,-0.0010032262146653006,-0.006414347184748808,-0.025456739696491162,-0.09744994517899712,0.49306789985956384,-3.4815119720117566e-5,-7.072740496105297e-5,-0.0003920351450536907,-0.0030369333630242018,-0.014727651532683128,-0.03319417025747616,-0.018662858945725547,-0.32415704640737114,0.01809608107967319,0.005195118149241652,0.0011420214824446019,0.00018184420475426757,3.0073264101660864e-5,4.326598648420814e-6,-3.6056051480941184e-6,-6.4797689603624745e-6,-0.19512107365080958
78.5,1.5989888889934542e-6,6.769032546760813e-6,2.8075619384061172e-5,0.00011511361986128586,0.0004692037570152398,0.001929438186196042,0.00813098904589512,0.03598711641893646,0.10207747260609422,0.05469324509542874,0.012420497271949792,0.002473279068477204,-0.001002837884101983,-0.006403044271325056,-0.02538701486731584,-0.09687238157335724,0.49434922324926833,-3.487683461241852e-5,-7.088782316428297e-5,-0.00039229233639477963,-0.0030369960289347206,-0.014750760127410428,-0.03343836850630193,-0.01918878151931071,-0.32465860418682735,0.017915485128535243,0.005160073499305011,0.0011346841686801967,0.0001800948376922089,2.9594980720486885e-5,4.1872094134909865e-6,-3.6477295574915012e-6,-6.492647097595149e-6,-0.196581653237703
79.0,1.5932280891026254e-6,6.744187195810666e-6,2.7971767069169763e-5,0.00011468784506587464,0.00046749174414804695,0.001922832334869938,0.008110828630153506,0.03603987391261536,0.10290323355406793,0.05489915807441642,0.012397869836167627,0.0024646038015083242,-0.0010024560362190639,-0.00639177449160112,-0.025317341899583706,-0.09629399394700895,0.495632897691064,-3.493797551739252e-5,-7.104737475919579e-5,-0.0003925471867679469,-0.0030370518520159303,-0.014773936430133002,-0.03368350026110508,-0.019715879618941477,-0.3251599545205108,0.017735049083513796,0.005125068465748582,0.0011273593700904501,0.00017834975865312213,2.9118070407036207e-5,4.04824117294251e-6,-3.689667561690793e-6,-6.5053845516594515e-6,-0.19804297040956617
79.5,1.5874736199543736e-6,6.719363650751618e-6,2.7868004791506108e-5,0.00011426239665541404,0.00046578126191372597,0.0019162320658519549,0.008090683340666158,0.036092585307233645,0.10372833759042792,0.05510492123145711,0.012375261128128836,0.0024559348371453876,-0.001002080761053771,-0.006380537845576998,-0.02524772079329476,-0.09571477653756963,0.49691901538307215,-3.499852836672273e-5,-7.120603160915778e-5,-0.00039279978621042027,-0.0030371011924167413,-0.014797179000255204,-0.03392961162094623,-0.02024421230903925,-0.3256610974084215,0.01755476141984369,0.005090105569614744,0.001120046906600906,0.00017660899014631428,2.8642541602298933e-5,3.9096932233595415e-6,-3.7314223260632813e-6,-6.517986949882118e-6,-0.1995051173645204
80.0,1.5817251298407774e-6,6.694561911583667e-6,2.7764332551070212e-5,0.00011383733090317142,0.0004640720852192075,0.0019096370189931819,0.008070555338326537,0.036145253483982606,0.10455277319040904,0.05531051151702051,0.012352671147833418,0.002447272175388394,-0.0010017109781593715,-0.006369333612954869,-0.025178137142492566,-0.09513466595883095,0.49820757632529267,-3.505850160139925e-5,-7.136377120486199e-5,-0.00039304999966635807,-0.003037144410286065,-0.014820492159563969,-0.03417670834820796,-0.020773781030199678,-0.3261621019991503,0.01737464374645959,0.005055185531201319,0.001112746328025426,0.00017487275726485468,2.8168433697562203e-5,3.77158033647476e-6,-3.7729899818218368e-6,-6.530446554688889e-6,-0.20096793275585348
80.5,1.575829449962273e-6,6.669152421128354e-6,2.765814770924721e-5,0.00011340192212439016,0.0004623204559718014,0.001902861897678894,0.008049583867237286,0.036194444062846665,0.10538564491848211,0.05551307078934868,0.012328721245249953,0.0024383276971085195,-0.0010014138553077721,-0.006358171877904241,-0.02510858230360325,-0.09455361611173232,0.4994984883196044,-3.511882373033333e-5,-7.152434134591382e-5,-0.0003933130884458651,-0.003037241290343132,-0.014844103522171066,-0.03442547040403429,-0.021304631881483373,-0.326660455893894,0.01719413567165594,0.0050197447174625456,0.001105285843333449,0.00017309619896001326,2.7684568008267267e-5,3.6311771276089e-6,-3.815030333026118e-6,-6.542932185881808e-6,-0.20243150878168664
81.0,1.5684569485237952e-6,6.637664010967733e-6,2.752684810820663e-5,0.00011286351075705444,0.0004601458318283911,0.0018942917941920346,0.008020299438983651,0.03621041450615736,0.10630633535702062,0.05568786114004083,0.012291562521205567,0.0024270053356435723,-0.001000149552555603,-0.006340871764814025,-0.025017164985218797,-0.0939473846527745,0.5007369856820005,-3.516490309530154e-5,-7.164315109526643e-5,-0.0003932498823119795,-0.0030344605806010725,-0.014852770145566081,-0.034654666289822215,-0.021815557854413265,-0.3271131256195714,0.017015720782323187,0.004981040594440933,0.0010968272059345534,0.00017111029284598244,2.7149265738952555e-5,3.4769208471535557e-6,-3.85900156071629e-6,-6.553676862866137e-6,-0.2040045700764728
81.5,1.5610921846595776e-6,6.6062037374407865e-6,2.739566105370075e-5,0.00011232553832120405,0.0004579729183923082,0.001885729253832307,0.00799104022115379,0.03622637054351161,0.10722627668582421,0.05586251319355115,0.012254434049669709,0.00241569323842259,-0.0009988856999895723,-0.0063235817358933185,-0.024925718854921463,-0.0933401678263961,0.5019780184927304,-3.5210250907794226e-5,-7.176069469610369e-5,-0.0003931825794842308,-0.0030316615032645513,-0.01486145549670447,-0.03488488211732617,-0.022327881205117955,-0.3275655648499457,0.016837501813998033,0.0049423940952450845,0.001088385225422793,0.0001691301040959142,2.6615750145876157e-5,3.3232009212776253e-6,-3.902742419718256e-6,-6.564254126880104e-6,-0.2055785764020015
82.0,1.5537351583696203e-6,6.574772303963356e-6,2.72645837320662e-5,0.00011178802732614592,0.00045580189573800816,0.0018771737363763447,0.007961806213747698,0.03624230065014427,0.10814541128106708,0.056037009662731896,0.012217334390046733,0.0024043906851477495,-0.0009976237382053248,-0.006306310434715985,-0.02483426696224155,-0.09273197715736228,0.5032214023555514,-3.525485028583118e-5,-7.187693275713848e-5,-0.00039311131501846083,-0.0030288451387803,-0.014870175422138318,-0.03511618415394578,-0.022841653795040627,-0.3280178196840776,0.016659451395363244,0.004903798016896781,0.0010799585512397513,0.00016715554267258083,2.6083990278741025e-5,3.1700307148821043e-6,-3.946249744660724e-6,-6.574657647181134e-6,-0.2071533203125
82.5,1.5463860455078842e-6,6.543370413951283e-6,2.713363021161981e-5,0.00011125100028118699,0.0004536328989213327,0.0018686254218986027,0.007932595976169736,0.036258236519159506,0.10906379676657502,0.05621136783473081,0.01218027074531486,0.002393099296489151,-0.0009963633970911769,-0.006289051378601627,-0.02474278049526618,-0.09212276078422985,0.5044671833695241,-3.5298709670402494e-5,-7.199189341500446e-5,-0.00039303599887744177,-0.0030260136480417857,-0.014878919837698115,-0.03534856087491592,-0.023356888589542078,-0.32846984402290647,0.016481599778927346,0.004865257401480775,0.0010715489841299835,0.0001651866761039031,2.555405366546798e-5,3.017411283090756e-6,-3.989523183835777e-6,-6.584893754511801e-6,-0.20872880180796827
83.0,1.5390446702204082e-6,6.511993143493675e-6,2.7002777983054653e-5,0.00011071438965840642,0.0004514655227747569,0.0018600846705479925,0.007903410228717723,0.03627413781387928,0.10998141009281769,0.05638557618478274,0.012143234471900225,0.0023818174517766947,-0.000995103776274851,-0.006271808169039355,-0.02465125945399535,-0.09151245532079046,0.5057153615346488,-3.534183750249828e-5,-7.210556541504817e-5,-0.00039295663106117366,-0.003023165230304453,-0.014887698827553371,-0.03558205261691459,-0.023873625925300346,-0.32892170701502316,0.016303919593373094,0.004826768647507958,0.0010631539130138846,0.00016322336933403936,2.502584464150253e-5,2.865324688799612e-6,-4.032563792367176e-6,-6.594962448872108e-6,-0.21030509003699727
83.5,1.5317113842151136e-6,6.48064682333311e-6,2.6872049555677663e-5,0.00011017827424037852,0.00044930003740996393,0.0018515505819522362,0.00787424897139166,0.036290044870981635,0.11089822821026482,0.0565596289505051,0.012106232772781049,0.0023705464115315695,-0.0009938455960541693,-0.006254576484242234,-0.024559715363194214,-0.09090107805419184,0.5069659368509253,-3.538417188152446e-5,-7.22178868566755e-5,-0.0003928730314952009,-0.0030202991652704798,-0.014896500866938934,-0.03581667378589826,-0.024391932069715055,-0.32937336256136707,0.016126428125848222,0.004788334636169618,0.0010547759489710597,0.0001612657911827917,2.4499503890013045e-5,2.71382298478097e-6,-4.075358205353926e-6,-6.6048510687769e-6,-0.21188204670240512
84.0,1.52438601163804e-6,6.449326529558692e-6,2.6741428047508632e-5,0.00010964260900848942,0.00044713648784556776,0.0018430240564836116,0.007845113644787191,0.0363059259973624,0.11181430874274216,0.05673353765666305,0.012069266368255154,0.002359285455455953,-0.0009925873257962598,-0.006237354883614624,-0.024468113648567314,-0.0902885598358431,0.5082188171202322,-3.5425746571441435e-5,-7.232887462186669e-5,-0.0003927851551609097,-0.0030174163533121436,-0.01490533604002431,-0.03605244166901465,-0.024911776770277685,-0.32982481066193825,0.015949122495161443,0.004749955727614665,0.0010464143717036868,0.00015931407670600177,2.3975003274365855e-5,2.562880320502642e-6,-4.117909588167314e-6,-6.6145652415529115e-6,-0.21345967180419184
84.5,1.5170678490733452e-6,6.418033669002107e-6,2.66109190858743e-5,0.00010910741647204604,0.0004449747840443407,0.0018345054542910297,0.007816002808308674,0.03632180136136058,0.11272957101689364,0.056907308065639164,0.012032330216237785,0.002348035303847667,-0.0009913301359850836,-0.006220144087454344,-0.024376457191305937,-0.08967490642812677,0.5094740023425699,-3.546653906294226e-5,-7.243848931933458e-5,-0.0003926930020583,-0.0030145146335359787,-0.014914197143831283,-0.03628936490983761,-0.02543323205677044,-0.330276074366267,0.01577200126071711,0.004711629400800723,0.0010380690011373098,0.0001573681583757487,2.345231043743223e-5,2.4125079506180978e-6,-4.1602179408073425e-6,-6.6241049672001435e-6,-0.21503801144141804
85.0,1.5097575999368713e-6,6.386771758742563e-6,2.6480531111764764e-5,0.00010857267412174144,0.0004428148359690548,0.0018259933347788463,0.007786917182253927,0.036337656557019746,0.11364404960701473,0.05708092289028571,0.011995423596431121,0.0023367952364088907,-0.0009900723159133127,-0.006202941934867928,-0.024284743110218797,-0.0890600141081565,0.5107315386169987,-3.550655216969032e-5,-7.254673094907916e-5,-0.00039259657218737186,-0.003011596166835451,-0.014923089940742424,-0.036527480963853914,-0.025956306572767183,-0.3307271536743533,0.015595073066089088,0.0046733585369190785,0.001029740377495296,0.00015542794615480476,2.2931506975449825e-5,2.262714843679321e-6,-4.202278339363117e-6,-6.633466025223545e-6,-0.21661704256455344
85.5,1.502457726184065e-6,6.355535171453326e-6,2.6350255684189926e-5,0.0001080383932122291,0.000440656733656938,0.00181748895846825,0.007757855326027309,0.03635350599029633,0.11455776756263572,0.05725441094251558,0.011958591887597951,0.002325726599851764,-0.0009881708197003044,-0.006183261237475807,-0.024184696623926076,-0.08843616128327983,0.5119729402202133,-3.553588742395902e-5,-7.262141120217718e-5,-0.0003923035910482493,-0.003007239805607637,-0.01492449884328237,-0.036752669112559894,-0.02646878982958837,-0.33116792984239285,0.015421363162130027,0.004636024060206111,0.0010216981622747784,0.00015358380365587793,2.2435860477635506e-5,2.1188916269903637e-6,-4.242105040913082e-6,-6.641189531167108e-6,-0.2182500095886046
86.0,1.4951698105005699e-6,6.324323203718554e-6,2.6220081548496315e-5,0.00010750457374350902,0.0004385007022010596,0.0018089916050614187,0.007728819400522284,0.03636934101761648,0.11547071335899145,0.05742776069756361,0.01192185021599254,0.0023149104276812688,-0.0009853029539217762,-0.006159856600343641,-0.02407217025756836,-0.08779946987002278,0.5131889873400916,-3.554946334970682e-5,-7.264622208575107e-5,-0.0003917172686210932,-0.003000729753891867,-0.014914650931459179,-0.03695795975422931,-0.02696470047411962,-0.331593378072779,0.015252395699031404,0.004600071474864764,0.0010140797522853148,0.00015188175115700574,2.1977226314587896e-5,1.9838039557874383e-6,-4.278672113451893e-6,-6.646517202753315e-6,-0.2199636730182567
86.5,1.4878903358071773e-6,6.293142186280824e-6,2.6090025586664138e-5,0.00010697122697023467,0.0004363463814525086,0.0018005019948561746,0.007699808685441032,0.03638516163898019,0.11638286394655165,0.057600954868282074,0.011885142398384762,0.002304105420127016,-0.000982430226132949,-0.006136444039935432,-0.023959525762367824,-0.0871615107325989,0.5144075238092428,-3.556206574792948e-5,-7.266923785209656e-5,-0.00039112477864383573,-0.002994191610561037,-0.014904784291892613,-0.03716451523887427,-0.02746247236822307,-0.33201857275833174,0.015083637122301177,0.0045641804749872025,0.0010064813305604133,0.00015018664277932436,2.1520834641244116e-5,1.8494109077283443e-6,-4.314941289381678e-6,-6.651631035923598e-6,-0.2216781201319392
87.0,1.4790886692320113e-6,6.2557303113159454e-6,2.5934227418683446e-5,0.0001063321877462266,0.00043375695580082,0.001790146993366253,0.0076617690371602685,0.03635732933113582,0.11741029675993675,0.05773182433897635,0.01183352657675383,0.0022903925702651103,-0.0009802192719681386,-0.006113180581176389,-0.023846791950237353,-0.086522232009565,0.5156284113304853,-3.558279963328399e-5,-7.272738501924763e-5,-0.00039067715856603983,-0.002988229165264487,-0.014897159219148295,-0.03737877791021526,-0.027961949927569157,-0.3324221469844576,0.014910594214125342,0.004523017975498903,0.0009972108274788295,0.00014805806142325847,2.0956645896967804e-5,1.6887354301541954e-6,-4.357442729670296e-6,-6.658122860728074e-6,-0.22339339702871272
87.5,1.4702908714439754e-6,6.218327580757011e-6,2.5778471455653267e-5,0.00010569333985132753,0.0004311681604097257,0.0017797941527697976,0.007623729388879505,0.0363293644884922,0.11843726858271574,0.05786244026483726,0.011781902831846854,0.0022766835019667705,-0.000978005076463129,-0.006089902716460905,-0.02373391263794683,-0.08588160488900821,0.5168517421019402,-3.56025487364599e-5,-7.278374269649702e-5,-0.00039022350599398427,-0.0029822375479061436,-0.014889519740447537,-0.03759437745431399,-0.02846337517222609,-0.3328254215666895,0.01473775442993533,0.004481901935220125,0.000987955360614281,0.00014593518617650174,2.0394415462395215e-5,1.528699709288213e-6,-4.399657176295436e-6,-6.664400143700784e-6,-0.2251094345599863
88.0,1.4615023059888639e-6,6.1809593175743285e-6,2.562285617579146e-5,0.00010505505468910194,0.0004285816609679392,0.0017694503158961177,0.0075857221540007345,0.03630142557657017,0.11946335299857794,0.05799294094304664,0.011730323025107023,0.002262989739997149,-0.0009757839480915818,-0.006066607564597691,-0.02362087486013545,-0.08523957750948534,0.5180774239254862,-3.562131024379385e-5,-7.283826023790411e-5,-0.000389763415760144,-0.0029762153178903633,-0.014881851449833896,-0.03781127353449242,-0.028966713527898414,-0.3332284656536183,0.014565132175687577,0.004440856123978998,0.0009787206023121168,0.00014381962645450028,1.9834513334259167e-5,1.3693783951366146e-6,-4.441561064826398e-6,-6.670460774594203e-6,-0.22682627882482062
88.5,1.4527235004285582e-6,6.143626928599579e-6,2.546738439276139e-5,0.00010441732100489637,0.00042599745747546057,0.0017591160229685804,0.007547750213715245,0.03627351835775231,0.12048852695799306,0.058123314848839334,0.011678793639214738,0.002249310383983969,-0.0009735556167418143,-0.006043297286480215,-0.023507681497994506,-0.0845961498709964,0.5193055029001841,-3.563904195033532e-5,-7.289079133297381e-5,-0.0003892964376783803,-0.0029701606744725897,-0.014874155787903017,-0.03802952953695891,-0.02947207447985508,-0.33363127924524405,0.014392731773169019,0.004399876580137501,0.0009695070027584756,0.00014171162985963045,1.9277026736124045e-5,1.210809208373919e-6,-4.483148416228525e-6,-6.676297015834071e-6,-0.2285438145755641
89.0,1.443953663420236e-6,6.10632830358524e-6,2.5312042038246223e-5,0.00010378015005336428,0.0004234155499322897,0.0017487901935404522,0.007509809966533926,0.0362456255448909,0.12151281351049141,0.058253590794128236,0.011627307471191775,0.002235645974150597,-0.0009713198123021429,-0.006019963958832432,-0.02339430518020676,-0.08395122401303755,0.5205358868279126,-3.5655749483411046e-5,-7.294140350962693e-5,-0.0003888227518231487,-0.0029640734375783683,-0.014866424111081035,-0.038249139699330865,-0.029979463790478663,-0.33403383929203645,0.014220550341188368,0.004358966545035832,0.0009603142018044463,0.00013961103882674365,1.8721900801554188e-5,1.052983268375123e-6,-4.524417823670134e-6,-6.6819116810837545e-6,-0.2302621570598683
89.5,1.4351931466718184e-6,6.069062739115467e-6,2.515684599422616e-5,0.00010314355308915913,0.000420835803282585,0.0017384740881329216,0.0074719021327546,0.03621776442513365,0.12253618960654267,0.05838374572938303,0.011575867402229423,0.0022219968706459437,-0.0009690763546981121,-0.0059966108229945435,-0.023280757431537364,-0.08330482298513914,0.5217686679067929,-3.567139345173389e-5,-7.298998984865552e-5,-0.00038834217811999365,-0.0029579534271332434,-0.014858665062941813,-0.03847015588305148,-0.03048893908359493,-0.3344361688435258,0.014048592201532555,0.004318125658525081,0.000951142919747851,0.00013751804468494888,1.8169236822430822e-5,8.959237878630078e-7,-4.565360846161122e-6,-6.687295625937309e-6,-0.23198114493102107
90.0,1.4264413346944438e-6,6.0318316420219456e-6,2.5001779378721e-5,0.00010250748509366707,0.0004182584876380298,0.001728166626299256,0.007434031034164198,0.03618991771133285,0.12355866677091201,0.05851377965460371,0.011524465509051642,0.002208331200291383,-0.0009669516561974931,-0.005973722999549704,-0.02316859985766454,-0.08265833552150208,0.5230070269720072,-3.568724281748256e-5,-7.30393696407537e-5,-0.0003878675918924844,-0.002951875374036253,-0.014851368446004355,-0.03869698919198304,-0.031007081000106212,-0.3348392129304546,0.013876737784763117,0.00427733375226623,0.0009419870340572023,0.00013542952989523504,1.761739021251569e-5,7.389564548261757e-7,-4.606332005285785e-6,-6.6927513192067334e-6,-0.23368710981755098
90.5,1.4177073718940564e-6,5.9946321986413076e-6,2.4846861887374312e-5,0.00010187205861342278,0.0004156834679427824,0.001717868528337277,0.007396190908380146,0.03616210845301879,0.12458027957789487,0.05864374443123348,0.01147320335365134,0.0021950418855488482,-0.000963381950228596,-0.005945331380446512,-0.0230387143137952,-0.08199603608007518,0.5242133471900963,-3.567644960480514e-5,-7.300841371638537e-5,-0.00038693413093370975,-0.0029424189440793503,-0.014825334001523851,-0.03888449712102147,-0.031490101194813894,-0.3352160727509559,0.013712362940577942,0.004238699858282268,0.0009334995847454244,0.00013356887681966823,1.7126694355396346e-5,5.970635430977378e-7,-4.64148978418544e-6,-6.693979483266611e-6,-0.23554229736328125
91.0,1.4089835206963955e-6,5.957469332884446e-6,2.4692073824542528e-5,0.00010123714984723809,0.00041311069917822894,0.0017075796141725293,0.007358383916295908,0.036134319363043746,0.12560094735413518,0.058773582435446566,0.011421993779992048,0.002181795968750092,-0.0009596898836671765,-0.005916481291779578,-0.02290723691173911,-0.0813310340812199,0.525419483011943,-3.5662586685393875e-5,-7.296924752231091e-5,-0.00038595848753373066,-0.002932668452536592,-0.014797821505912481,-0.03907069122683245,-0.03197314443905188,-0.33559067371748724,0.013548773221018811,0.004200297900197009,0.0009250834449180303,0.00013173318656549714,1.6643024215705446e-5,4.570635673632209e-7,-4.6758920944709434e-6,-6.694664610296578e-6,-0.23740864088167957
91.5,1.4002689897586391e-6,5.920338120840468e-6,2.4537432072205846e-5,0.00010060281506838035,0.0004105401363257555,0.0016972997037305573,0.007320612939102772,0.0361065562037903,0.12662075077298904,0.05890329942962554,0.011370829585095547,0.002168566438726788,-0.0009559874628245651,-0.005887596628817187,-0.022775514608423517,-0.08066438404094776,0.526628062084002,-3.5647564536675226e-5,-7.292782477021578e-5,-0.0003849742905971147,-0.002922875283347876,-0.014770236980518906,-0.03925881861199785,-0.03245929648868987,-0.33596504418871553,0.01338543128391047,0.0041619722936808885,0.0009166916151421308,0.0001299058247548936,1.6162020022055173e-5,3.1789626013149937e-7,-4.70993917975631e-6,-6.695100728118528e-6,-0.23927452340947178
92.0,1.391564394569649e-6,5.883242431296502e-6,2.4382919748384067e-5,9.996906553150304e-5,0.0004079720494970454,0.001687029157160272,0.00728287437531163,0.03607881609406716,0.1276396206858655,0.05903290693853557,0.011319714370450944,0.0021553531154044807,-0.0009522719865839287,-0.005858669468283293,-0.022643522913722472,-0.0799960513849633,0.5278389461090918,-3.563137190399573e-5,-7.288407793217916e-5,-0.0003839815851424756,-0.0029130369154708262,-0.014742581865938768,-0.039448859108178636,-0.03294856598730174,-0.33633911501604985,0.013222329926274694,0.004123723759031728,0.0009083228348965371,0.00012808682515181804,1.5683714131574258e-5,1.7954720137781518e-7,-4.743634557120749e-6,-6.695295574306721e-6,-0.2411400601943094
92.5,1.3828691196405636e-6,5.8461829676683935e-6,2.4228562176047494e-5,9.933591249125962e-5,0.0004054062135990293,0.0016767676143127626,0.007245169665518124,0.03605109903387433,0.12865756861752975,0.05916239919979407,0.011268645254866955,0.002142156899155447,-0.0009485422844613066,-0.005829697649284432,-0.022511251743466472,-0.07932596696467559,0.5290522733843939,-3.561400597369203e-5,-7.283792822562675e-5,-0.00038298014607674407,-0.002903154609426631,-0.01471484175621563,-0.03964085017086156,-0.03344100767752195,-0.3367129322985508,0.013059479232280997,0.004085551215802795,0.0008999775543673881,0.00012627625528419126,1.5208075593965651e-5,4.20509876211714e-8,-4.776977171440499e-6,-6.695244928366108e-6,-0.24300508988948027
93.0,1.3730939255402708e-6,5.804705349137596e-6,2.4055957996773214e-5,9.862780345890817e-5,0.00040253118986089423,0.0016651681182607784,0.007200700638877661,0.03598342849408752,0.1297823972212224,0.05924688725313031,0.011206057856810418,0.0021268619151273882,-0.0009452757338382687,-0.0058007920976852,-0.022378711181825023,-0.07865414806723235,0.5302679056127266,-3.5601918475865595e-5,-7.281566089373701e-5,-0.00038207693762649583,-0.0028936542413025824,-0.014688604187749303,-0.0398391308741267,-0.03393623836090918,-0.33707271241709547,0.012894242911900639,0.004043834807289331,0.0008904713338235354,0.00012416245128813106,1.465711669484294e-5,-1.1377536919983695e-7,-4.81459479553912e-6,-6.696074255643655e-6,-0.24486968164357534
93.5,1.3630064148061946e-6,5.761948217190464e-6,2.3878075385021658e-5,9.789800670932067e-5,0.0003995666240997545,0.0016531800215337932,0.007154255115013468,0.035903973881931825,0.13093814676982038,0.05931799505412399,0.011140097304053177,0.0021109595399608785,-0.0009421338847756745,-0.005771868898789328,-0.022245875298076527,-0.07798050249451237,0.5314858888931505,-3.5590534393881024e-5,-7.279866073967107e-5,-0.00038119623848318696,-0.002884233646162327,-0.01466274837712867,-0.040040687491886565,-0.03443461530518316,-0.33742811312488197,0.012728475011727601,0.004001125468228159,0.0008806388183662899,0.00012196517152728631,1.4085805161752009e-5,-2.743902760754787e-7,-4.853223579910407e-6,-6.696987992822223e-6,-0.24673367410988245
94.0,1.3529295432367263e-6,5.719231179946319e-6,2.370034752475531e-5,9.716888523894134e-5,0.0003966046694182197,0.0016412021890507725,0.007107854249614243,0.035824585537175754,0.13209285908955462,0.05938905099367447,0.011074203018695565,0.0020950766128355644,-0.0009389769094588173,-0.005742892397854624,-0.022112719602095036,-0.07730503024651565,0.5327062232256656,-3.557790667268805e-5,-7.277919581649526e-5,-0.00038030631052403293,-0.002874764250844627,-0.014636801808982457,-0.04024429263665237,-0.03493638917398597,-0.3377833294364261,0.012562966418770504,0.003958499323565434,0.0008708317834444997,0.00011977694050783117,1.3517386074602785e-5,-4.341148893036556e-7,-4.8914788504696686e-6,-6.697644279802674e-6,-0.24859709033793193
94.5,1.3428638383937477e-6,5.676554940821001e-6,2.3522787077459322e-5,9.644042779311673e-5,0.00039364541585351767,0.0016292362414818155,0.007061494441190875,0.03574528074696705,0.13324652265565992,0.05946003778463404,0.011008367077461542,0.002079213854049268,-0.0009358034573292804,-0.005713861874583264,-0.02197923689090233,-0.07662766217465126,0.5339287242140295,-3.556405782159362e-5,-7.275718734163532e-5,-0.00037940710873041986,-0.0028652476760195823,-0.014610774567480174,-0.04045000681344116,-0.03544159742280436,-0.3381382000050156,0.012397721454816282,0.0039159570935989796,0.0008610508593187592,0.00011759783701233994,1.2951848178741795e-5,-5.929434166945449e-7,-4.929352517934724e-6,-6.698044523416689e-6,-0.2504597920305419
95.0,1.3328162465086967e-6,5.633918092982826e-6,2.334539122947033e-5,9.571263437184682e-5,0.00039068886340564834,0.0016172807382312786,0.007015177130339009,0.03566603358058411,0.13439911441860602,0.05953096695176784,0.010942649985368157,0.0020636030194262365,-0.0009316931678449279,-0.005681308374664214,-0.021834716335884394,-0.07594038280475536,0.5351363813048763,-3.5529829606728974e-5,-7.267842164932781e-5,-0.0003782011951204513,-0.0028535021395841753,-0.014571787727563403,-0.04062328741989827,-0.03591562830069274,-0.3384742621568755,0.012237505610255677,0.0038748615818081306,0.0008517237228209158,0.00011557799811809805,1.243117695893766e-5,-7.399331477225907e-7,-4.962448585001904e-6,-6.694981850841254e-6,-0.2524432271628942
95.5,1.3227851848959293e-6,5.5913227466793216e-6,2.316815998078833e-5,9.498552748443857e-5,0.00038773514713045333,0.0016053362195225282,0.006968901596760822,0.035586875731131104,0.1355507035269838,0.05960184425745846,0.010877039497352439,0.002048175140450008,-0.0009269226353694305,-0.005646271287854705,-0.021682369024731963,-0.07524557776321457,0.5363346341873584,-3.548095627403691e-5,-7.255909981324233e-5,-0.00037677802167990416,-0.0028401841930032136,-0.014523733778662552,-0.0407747660518773,-0.036369378473103224,-0.3387970708288095,0.01208088189093368,0.0038348018582854025,0.0008427217107525044,0.00011367249524845457,1.1942779864789497e-5,-8.783427002386744e-7,-4.992080329047949e-6,-6.689413611037133e-6,-0.2545104012388477
96.0,1.3127653779366315e-6,5.5487674950788025e-6,2.2991091924581642e-5,9.42590958762385e-5,0.0003847840869534772,0.0015934026853555638,0.006922669281051959,0.035507778386695145,0.1367012093074372,0.05967266393932331,0.010811489514353772,0.0020327695907062632,-0.0009221281529913497,-0.005611152447242391,-0.021529609703225313,-0.0745487616501546,0.5375353764191135,-3.543055793579972e-5,-7.243667732012597e-5,-0.0003753428282694514,-0.002826801239543811,-0.014475499755306187,-0.040928520824974036,-0.03682715943212596,-0.3391194876587283,0.011924554934314371,0.0037948357734795424,0.0008337496810809363,0.00011177754924376566,1.1457743691533714e-5,-1.0156934360588065e-6,-5.021258721583919e-6,-6.683536571678438e-6,-0.2565770221260739
96.5,1.3027564739228826e-6,5.506251634765428e-6,2.2814187060850264e-5,9.353331141061293e-5,0.0003818356828747199,0.0015814797755814751,0.00687647730202113,0.03542875883442398,0.13785067785902685,0.05974342023497982,0.01074600075666998,0.002017385649897181,-0.0009173079199661301,-0.005575942488955587,-0.02137640667826027,-0.07384989989127998,0.5387387462973234,-3.5378668355977786e-5,-7.23110585054242e-5,-0.00037389525474018203,-0.002813352018684779,-0.014427084216898662,-0.041084557501571056,-0.037288988464908655,-0.3394415817952228,0.011768524020099928,0.003754964047688372,0.000824806643396706,0.0001098931150854174,1.0976135263675289e-5,-1.151992565195366e-6,-5.049988686520707e-6,-6.677350732765169e-6,-0.2586431128741031
97.0,1.2927585607816625e-6,5.463777627694643e-6,2.2637449610089248e-5,9.280823036082922e-5,0.0003788900699500231,0.0015695683905725393,0.006830329261157448,0.03534980843074372,0.13899910918175273,0.059814107382045414,0.01068057538519453,0.002002024218395037,-0.0009124611259587221,-0.005540638891951916,-0.02122275418745427,-0.07314892333799979,0.5399446516238671,-3.5325245329620617e-5,-7.21822827604242e-5,-0.0003724354136386307,-0.0027998340093837405,-0.014378481401057401,-0.0412428904876248,-0.03775494048242482,-0.3397632379906415,0.011612787707694708,0.003715187041060802,0.0008158934980720912,0.00010801918151875638,1.049786313715478e-5,-1.2872341965406773e-6,-5.078268113610788e-6,-6.670856797713168e-6,-0.26070876568105644
97.5,1.2827720781478726e-6,5.421342660203081e-6,2.2460873944971857e-5,9.208380208094675e-5,0.0003759472031607729,0.0015576674498820233,0.006784222997567445,0.03527093005684567,0.14014644565178908,0.059884742667667815,0.0106152126796296,0.0019866858364231996,-0.0009075871407085315,-0.005505239135188999,-0.021068633503063927,-0.07244583199031403,0.5411530462996837,-3.52702888567282e-5,-7.205025442057146e-5,-0.00037096287728796554,-0.0027862482920874283,-0.014329686985995474,-0.04140359757530005,-0.03822509615803053,-0.34008452539357537,0.011457352479779108,0.003675506194192477,0.000807010155069864,0.00010615618747526786,1.0023048299496988e-5,-1.4213925674895326e-6,-5.106086803324453e-6,-6.664049139195699e-6,-0.26277368090304004
98.0,1.2727967622405722e-6,5.378950249369951e-6,2.2284471320151563e-5,9.136006033492593e-5,0.00037300703748835537,0.0015457778538822047,0.00673816139244241,0.03519212371272983,0.14129275641772682,0.05995529727993415,0.010549912639975187,0.0019713703239072128,-0.000902684883768825,-0.005469737816433172,-0.020914025897345874,-0.07174056246201438,0.5423640686219553,-3.5213776427993604e-5,-7.191490595794517e-5,-0.0003694774656137311,-0.002772592705902376,-0.014280696649925947,-0.0415666816457881,-0.0386995217591254,-0.34040542095449394,0.011302221937842239,0.003635921146934486,0.0007981576948367577,0.00010430385158861512,9.551720294167268e-6,-1.5544661832832679e-6,-5.133445107369625e-6,-6.656924240133554e-6,-0.26483795073817507
98.5,1.2628326130597614e-6,5.336597933239807e-6,2.2108227667311526e-5,9.063698261345981e-5,0.0003700696404606914,0.0015338992424241726,0.006692139403697587,0.03511339804197006,0.14243799538050533,0.0600258000307573,0.010484676706826939,0.001956078040995987,-0.0008977538149162362,-0.005434132774790969,-0.0207589212861306,-0.07103305136689246,0.5435775341944392,-3.5155668652129675e-5,-7.177623737254531e-5,-0.00036797913359731344,-0.002758866710605218,-0.014231504630466242,-0.0417322003229147,-0.039178335414552255,-0.34072592467339735,0.01114739536158628,0.003596432979733562,0.000789335036926039,0.0001024624552251349,9.08391218171019e-6,-1.6864305122943984e-6,-5.160332122800753e-6,-6.6494778800316806e-6,-0.26690143688927964
99.0,1.2523552340953373e-6,5.292149086193015e-6,2.1923341847438465e-5,8.987839646029688e-5,0.00036698521264009966,0.0015213783053833192,0.006642729133997799,0.03500986819540986,0.1436513802796332,0.060063555161398344,0.010413483190392439,0.0019397773411338783,-0.0008930212781508523,-0.005398471549918645,-0.020603302382270375,-0.070323275655418,0.5447934430171356,-3.5099105577454464e-5,-7.16467976029906e-5,-0.00036651884230962334,-0.002745271629437219,-0.014182852834373082,-0.041902101291990713,-0.03966117409420878,-0.34103995147428484,0.010991821836488844,0.0035553785249185705,0.0007799816095576906,0.00010048302053684915,8.582205053002452e-6,-1.8264809581155683e-6,-5.1889762710048355e-6,-6.642258723246727e-6,-0.2689643237525963
99.5,1.2411448078967204e-6,5.244681881768826e-6,2.1725992905679425e-5,8.906864102513408e-5,0.0003636892423528919,0.0015079327760506253,0.006588441727744848,0.0348707902107354,0.14496281788068235,0.060054456359310095,0.010333766389829515,0.0019221720018415653,-0.000887999451772684,-0.005360592888201112,-0.020440623119158327,-0.06960625662904492,0.5460043270422252,-3.503057036515089e-5,-7.149303652728792e-5,-0.0003649181154559386,-0.002730448440482609,-0.014126127940290284,-0.04204831598748613,-0.04011687195193011,-0.34133150498312403,0.010838248578443267,0.003512949381710179,0.0007701482837653952,9.840813513248709e-5,8.06180394488159e-6,-1.969863308925643e-6,-5.216698241040245e-6,-6.632862494431233e-6,-0.2711260239523343
100.0,1.2299582978367266e-6,5.197264268161487e-6,2.1528840920356106e-5,8.82596959250211e-5,0.0003603965134058834,0.0014945002120787284,0.0065342069032329085,0.0347318447608602,0.14627306843092075,0.06004538060675215,0.010254191487937535,0.0019048347934135137,-0.0008819969399097823,-0.005319067358610493,-0.02026681381409982,-0.06887889988832964,0.5472056685617683,-3.493650959877809e-5,-7.127303618858949e-5,-0.00036297968147024285,-0.0027132109933029128,-0.014054762272676312,-0.04215040523840222,-0.04052718528447915,-0.34160102314099083,0.010690162549206137,0.003472101652370119,0.0007608208771558687,9.6516779362255e-5,7.5955180243062826e-6,-2.098093730794249e-6,-5.238078213845495e-6,-6.618897579722894e-6,-0.27344773399145583
100.5,1.2187845371888663e-6,5.1498913214601055e-6,2.1331874636815033e-5,8.745148800471037e-5,0.0003571068007060048,0.0014810798031325786,0.006480023219866335,0.03459302032101911,0.1475820512569923,0.060036316378959356,0.01017469149701905,0.001887525856674978,-0.0008759537312199342,-0.005277395968710908,-0.020092370646957906,-0.06814904227357617,0.5484099143221299,-3.4840518659335246e-5,-7.104883223682012e-5,-0.0003610245005601843,-0.0026958793671829824,-0.013983065268064193,-0.04225505010599096,-0.040942572394886766,-0.34186996506059997,0.010542432347093103,0.0034313684503837656,0.000751530250753881,9.46386365551963e-5,7.133461039772206e-6,-2.2249943450138287e-6,-5.2588919368980516e-6,-6.604544379469851e-6,-0.27576925963433485
101.0,1.2076234380261595e-6,5.102564800204287e-6,2.113509686871958e-5,8.664404540083559e-5,0.00035382021679979076,0.0014676722695099982,0.006425888516751661,0.03445433129716856,0.1488898470322531,0.06002725791354914,0.01009527001856317,0.0018702462720726913,-0.0008698677548469013,-0.005235570435077402,-0.019917273449393556,-0.06741666649763678,0.5496171104223706,-3.474258910583225e-5,-7.082046406326697e-5,-0.00035905237014200033,-0.002678451581303807,-0.013911032604666996,-0.04236227363978268,-0.04136303328315297,-0.34213837684101206,0.010395060132997633,0.003390751216346764,0.0007422760444105212,9.277360541942977e-5,6.675622440041732e-6,-2.3505595242576476e-6,-5.279139761905836e-6,-6.589806410751314e-6,-0.2780906008809715
101.5,1.1964755279104875e-6,5.055285056101952e-6,2.093850761606974e-5,8.583737936805022e-5,0.00035053673917793434,0.0014542775211737594,0.006371805675080175,0.03431577192692598,0.15019638660811224,0.06001821673528666,0.01001592921346336,0.0018529962196811088,-0.0008637380203811784,-0.005193587516369776,-0.019741503493663406,-0.06668173798621602,0.5508271646643693,-3.464270968361564e-5,-7.058780786674188e-5,-0.0003570631551598494,-0.002660926375144198,-0.013838657079506496,-0.04247209600811638,-0.041788680315738,-0.3424061662841059,0.010248049508408838,0.003350251751003669,0.0007330592935539084,9.092187165673765e-5,6.222088745263408e-6,-2.474786454862338e-6,-5.298815006418351e-6,-6.574680156488073e-6,-0.28041171163230505
102.0,1.1853404551339293e-6,5.008051737445179e-6,2.0742108285697204e-5,8.503149553368099e-5,0.00034725645787766335,0.0014408954680866345,0.006317774694851878,0.03417734797267395,0.1515017045588652,0.06000917555702417,0.009936668361421798,0.001835775699500231,-0.0008575640776366265,-0.005151444331396742,-0.019565043492619724,-0.06594421640263583,0.5520401231471865,-3.4540849442388355e-5,-7.03508242559577e-5,-0.0003550564504462066,-0.0026433032084807887,-0.013765931489604477,-0.04258457483481785,-0.0422195999283805,-0.3426733794889421,0.01010140911690058,0.0033098700543544805,0.0007238797280723595,8.908367161484283e-5,5.772870506674861e-6,-2.5976505172734355e-6,-5.3179130982326234e-6,-6.559161396185077e-6,-0.2827324996902143
102.5,1.1742179559155443e-6,4.960864492526047e-6,2.0545897470770285e-5,8.42263770157477e-5,0.0003439792153338291,0.0014275261102486233,0.006263795576066769,0.034039045028456026,0.15280576631021645,0.06000015166590941,0.009857483860949375,0.0018185852517534238,-0.0008513434055708686,-0.00510913007569097,-0.019387867515540915,-0.06520402107354017,0.5532559397717617,-3.4437019636803884e-5,-7.010951885824116e-5,-0.0003530321659638442,-0.0026255792001222914,-0.013692851513174006,-0.04269970435750448,-0.042655829576567224,-0.34293999340599035,0.009955133196090283,0.0032696043256546436,0.0007147369878169633,8.725875206404222e-5,5.327945214969154e-6,-2.7191747483597603e-6,-5.336434389056576e-6,-6.543255053753219e-6,-0.2850531033518811
103.0,1.163108294036273e-6,4.913724024760399e-6,2.0349876578120665e-5,8.342203506890381e-5,0.0003407051240929664,0.001414169357622498,0.006209866878129204,0.0339008890249938,0.1541086294859918,0.05999112777479466,0.009778378593237378,0.0018014250565151434,-0.0008450757340722213,-0.0050666465499970125,-0.01920996115647054,-0.06446112318701615,0.5544745223399735,-3.433116399359487e-5,-6.986378475438432e-5,-0.00035098987403593034,-0.0026077547102176172,-0.013619401303662994,-0.04281756524953237,-0.04309752484462773,-0.343206031084781,0.009809226067764881,0.0032294606874356457,0.0007056327834950473,8.544747315324686e-5,4.887445815740396e-6,-2.839294609717822e-6,-5.354362700325845e-6,-6.526944247212295e-6,-0.2873731999238812
103.5,1.152011557423096e-6,4.866630334148234e-6,2.0154044200916663e-5,8.26184640658226e-5,0.0003374342066643822,0.0014008254803199423,0.006155990041634828,0.033762856912756975,0.15541021341283515,0.05998211540844505,0.009699353278583631,0.0017842958340832113,-0.0008387593524333574,-0.0050239840302942745,-0.019031308568856507,-0.06371549393115086,0.555696009149004,-3.4223285326424686e-5,-6.961357692577328e-5,-0.00034892957466246496,-0.0025898263173521107,-0.013545580861071445,-0.042938169035666655,-0.04354472606924005,-0.3434714003271927,0.009663699976987348,0.0031894358983572874,0.0006965660346598784,8.364974484522898e-5,4.451319904508367e-6,-2.9580401723748607e-6,-5.371700845703798e-6,-6.510238120968249e-6,-0.28969301990151763
104.0,1.1409360112121549e-6,4.81958623435292e-6,1.995841159381175e-5,8.181569214313773e-5,0.00033416653057599714,0.0013874945683781835,0.006102165786881462,0.0336249573353194,0.15671054114027685,0.05997313185400833,0.009620441770985767,0.0017673209354596557,-0.0008319141821558742,-0.004979373104982866,-0.01884668615289325,-0.06296259254847408,0.5569174498589737,-3.4098386809544984e-5,-6.932236276724547e-5,-0.0003466749974608061,-0.002570557090090841,-0.0134635058054391,-0.04303035851331636,-0.043961499032657315,-0.34372393098122406,0.009521302139651019,0.0031503266078107667,0.0006877993799048248,8.196475440101681e-5,4.050090804898667e-6,-3.0664203750402907e-6,-5.384574762441421e-6,-6.490336376554656e-6,-0.2921185680746672
104.5,1.1298915032252353e-6,4.772594539037824e-6,1.9762980163637606e-5,8.101373055550267e-5,0.00033090205080919756,0.0013741763516855383,0.006048391952975639,0.033487190292681095,0.1580096587673775,0.05996417134910192,0.009541677204143605,0.0017506447803577988,-0.000823980191683121,-0.004930753001993877,-0.01865003908508854,-0.06219711764701544,0.5581361246253068,-3.3938944947503484e-5,-6.894746463284392e-5,-0.00034402099260750856,-0.0025485037316728574,-0.013363998101917279,-0.04305815912805655,-0.04430665710541417,-0.34394940148667624,0.009385241482553165,0.0031130580383485176,0.0006796379553947564,8.050777198144677e-5,3.719364723410131e-6,-3.1539509804452296e-6,-5.388448473482514e-6,-6.463971647386104e-6,-0.2947732977276482
105.0,1.1188604480662914e-6,4.725650675999974e-6,1.956773724890908e-5,8.021254553895702e-5,0.0003276407223453695,0.001360871640577057,0.005994672501555383,0.03334956154722461,0.15930753171984163,0.059955228131343234,0.00946299259035969,0.0017340031995514008,-0.0008159834452626208,-0.004881904204446384,-0.018452477239049813,-0.06142854258373064,0.5593581646230645,-3.377704394367887e-5,-6.85670967368561e-5,-0.00034134425335420225,-0.0025263169380833374,-0.013263941531455048,-0.04308853840899972,-0.044657750432224794,-0.34417399610997684,0.009249615885339835,0.0030759277660681044,0.000671520333995992,7.906687808901161e-5,3.393824575215668e-6,-3.2398549367158793e-6,-5.391624747716408e-6,-6.437132112524301e-6,-0.29742920290667485
105.5,1.1068185843426026e-6,4.674599919569456e-6,1.935558281051068e-5,7.93419361924837e-5,0.00032409185999469816,0.0013463000156368015,0.005934019103151073,0.033149134356449735,0.16078912095360887,0.05984816882545494,0.009371785598939279,0.0017153647731077996,-0.0008083671961666234,-0.004832923232248543,-0.018254007817755293,-0.06065687312100229,0.5605836620503682,-3.36187303606477e-5,-6.820560289473692e-5,-0.00033874397821656886,-0.002504390532156492,-0.013164753640166222,-0.043125100726447436,-0.04501397516071976,-0.34438674327470026,0.009112698073833731,0.0030358248246760526,0.0006623707509112862,7.735434188043243e-5,3.0011008282577525e-6,-3.3418910319036227e-6,-5.398411655466542e-6,-6.410872192316185e-6,-0.300086352760338
106.0,1.0946855403404132e-6,4.623172132247705e-6,1.9141876636765155e-5,7.84649510848198e-5,0.00032051639164322454,0.0013316107120398667,0.005872705191643937,0.03294241752509264,0.16228837765235554,0.059731094498648746,0.009279371388369097,0.0016965541954847261,-0.0008007313189549749,-0.0047837135654921975,-0.01805458616274001,-0.05988201129832657,0.5618125247090965,-3.3458540064150475e-5,-6.784100276826011e-5,-0.00033613067019021763,-0.0024823686867682234,-0.013065153738523178,-0.04316470846308682,-0.045376279202832916,-0.3445975081798173,0.008976055416095653,0.002995544509945319,0.0006531558458178425,7.562871650986801e-5,2.6063027079822072e-6,-3.4440755478339972e-6,-5.404922472498748e-6,-6.384235241216835e-6,-0.3027444937438043
106.5,1.0825670922169422e-6,4.571795694282408e-6,1.8928378674108816e-5,7.758881570349287e-5,0.00031694445725294037,0.0013169356343249179,0.0058114503445582085,0.03273589085236057,0.16378618223069297,0.05961413541949408,0.00918705081651578,0.0016777810733483998,-0.0007930272835619139,-0.0047342546756894205,-0.017854184902686726,-0.05910393982855575,0.5630448447973706,-3.3295851234582976e-5,-6.747077531504847e-5,-0.0003334937949195009,-0.002460208364123664,-0.012964974717431198,-0.043206987064050406,-0.04574478644978964,-0.34480737415325247,0.008839853580624675,0.0029554068141833534,0.0006439865895988718,7.391964110723075e-5,2.21681748756019e-6,-3.5445841755211533e-6,-5.410718970743551e-6,-6.357115746849974e-6,-0.3054038333028465
107.0,1.0704627124103085e-6,4.520471660797329e-6,1.8715094549868402e-5,7.671352442117616e-5,0.00031337601180523184,0.0013022748725291826,0.005750255282191712,0.03252956298182738,0.16528253468862114,0.059497280063225785,0.009094823883379333,0.001659046667220009,-0.0007852531091684301,-0.004684539359861991,-0.017652782428660783,-0.05832257803833377,0.5642805301170695,-3.313067512659868e-5,-6.709486426183464e-5,-0.0003308330372741215,-0.00243790812362717,-0.012864206492720773,-0.04325189619266014,-0.04611951130754638,-0.34501629509594506,0.008704109134270705,0.0029154135381347103,0.0006348632973846712,7.222708753588697e-5,1.832662400679826e-6,-3.643416211549249e-6,-5.4157993916613454e-6,-6.329515819463125e-6,-0.30806430228887366
107.5,1.058373192263334e-6,4.469198976668706e-6,1.8502017229885494e-5,7.583910537450336e-5,0.00030981107780940584,0.0012876284266526605,0.005689120004544445,0.03232344831944953,0.16677744655090515,0.05938055724175675,0.009002695631044508,0.001640350977099554,-0.0007774083455883845,-0.004634562936074064,-0.017450348488153647,-0.057537908640512885,0.5655195345691324,-3.296298641722728e-5,-6.671323584465823e-5,-0.0003281482847075448,-0.0024154661645341855,-0.012762843302009328,-0.043299507878698254,-0.04650056902375466,-0.3452242710078951,0.008568818475544632,0.0028755666626184007,0.0006257865994358351,7.05511570877179e-5,1.4538895001134124e-6,-3.7405498500271866e-6,-5.420160218172923e-6,-6.3014312385612385e-6,-0.3107259698504768
108.0,1.0462982679950776e-6,4.417979752144064e-6,1.8289155155150193e-5,7.496557544545464e-5,0.0003062496777747693,0.0012729964767698074,0.0056280452319142325,0.03211752957807927,0.168270837144189,0.05926393814317409,0.008910662458022195,0.0016216950834337677,-0.000769490741891083,-0.004584321082538708,-0.017246872996995816,-0.0567498855360325,0.5667618120544987,-3.2792751342508365e-5,-6.632582253559839e-5,-0.00032543915456155275,-0.0023928815864724335,-0.01266087362053171,-0.043349853815268895,-0.04688806332130086,-0.3454312788395723,0.008433993849509432,0.002835866907932247,0.0006167564507337496,6.889211987440679e-5,1.0805332532372e-6,-3.8359734845935754e-6,-5.423789140501051e-6,-6.272857783649263e-6,-0.31338869769047395
108.5,1.0342530630461399e-6,4.366818207718454e-6,1.8076518173484282e-5,7.409294588868351e-5,0.00030269190173855,0.0012583793830295343,0.005567031684598894,0.031911815401290476,0.16976279866659388,0.05914745734177327,0.008818769022777362,0.0016032385321902364,-0.0007608847135503487,-0.004531562148264168,-0.017035765230115445,-0.05595120778616822,0.568009667526199,-3.259570486956133e-5,-6.587744276869333e-5,-0.0003224593049810012,-0.002368485459388203,-0.012547533317635067,-0.04335070088550764,-0.04721693401970532,-0.3456201466908988,0.008303342629055242,0.0027974102072125116,0.0006081461456246967,6.739710798076272e-5,7.60306092823245e-7,-3.914907996703131e-6,-5.42013595032638e-6,-6.2390846788342985e-6,-0.3162313040649783
109.0,1.0222451391368205e-6,4.31571926730277e-6,1.7864113319046187e-5,7.322120544953649e-5,0.0002991377722100549,0.0012437766052084747,0.0055060779220027865,0.03170630002670058,0.1712532850190592,0.059031103312789136,0.008727034053053381,0.0015850592956081978,-0.000751293858012404,-0.004475208927857552,-0.016813848674117258,-0.05513831423848777,0.5692643456588699,-3.2360232196005447e-5,-6.53417268908636e-5,-0.00031909069716030015,-0.002341478612847919,-0.01241767082329603,-0.0432772074581273,-0.047456637610121435,-0.34578266892908566,0.00817864467010037,0.0027607187763801872,0.0006001345430616165,6.613650238225828e-5,5.159464635213786e-7,-3.970274561031347e-6,-5.406059895915027e-6,-6.197858179759043e-6,-0.3193391183351822
109.5,1.0102522507411205e-6,4.264672731367303e-6,1.765192089619233e-5,7.235036538266703e-5,0.0002955871541334423,0.0012291884134183117,0.005445184664423733,0.031500994979074715,0.17274234230064553,0.05891486453145652,0.008635397764131022,0.0015669247174911268,-0.0007416107593346218,-0.004418514646432191,-0.016590660072165312,-0.054321542607333365,0.5705232188060565,-3.212172357967613e-5,-6.47989543453084e-5,-0.00031569165675661713,-0.002314288450511921,-0.012286951174548746,-0.04320570205273585,-0.04770252999942468,-0.3459437620963935,0.008054488375107688,0.0027241991365784244,0.0005921773229841019,6.489584002970208e-5,2.779658267266058e-7,-4.023652920482562e-6,-5.391132004919189e-6,-6.15605628652515e-6,-0.32245158861050793
110.0,9.98275013347902e-7,4.213680358451659e-6,1.743994934591282e-5,7.148039755144149e-5,0.00029204013754594,0.0012146150777707287,0.005384352992308464,0.031295897377221604,0.17422985526370138,0.05879874676015802,0.00854385871541464,0.0015488355181368456,-0.0007318333466607639,-0.00436147390175442,-0.016366174934133663,-0.053500812219348916,0.5717862408686981,-3.1880142442949586e-5,-6.424906885876036e-5,-0.0003122620036954966,-0.002286913171635654,-0.012155372930797565,-0.043136250936732914,-0.047954717791692726,-0.34610356449000423,0.007930885268842346,0.0026878520081050445,0.0005842752507085886,6.367497461259905e-5,4.642175812466954e-8,-4.075002980353789e-6,-5.375340319269553e-6,-6.1136733718058854e-6,-0.325568760990016
110.5,9.863125476873622e-7,4.162740038308312e-6,1.7228187413554177e-5,7.061131321051329e-5,0.0002884966999382411,0.0012000560580423592,0.0053235814650613375,0.031090998577567384,0.17571591610634796,0.05868274423651105,0.008452420508393349,0.0015307915174708987,-0.0007219598192462749,-0.0043040780502503736,-0.01614035580453556,-0.05267607121309125,0.5730534579458554,-3.16355000404793e-5,-6.369201415795214e-5,-0.0003088014228466414,-0.0022593504352511956,-0.012022915923703473,-0.0430688022486753,-0.04821326149194262,-0.346261937812736,0.007807831749815235,0.002651677030811137,0.0005764280111047797,6.24740243048106e-5,-1.787375917255856e-7,-4.124346194828205e-6,-5.358691521416618e-6,-6.0707122492646165e-6,-0.3286907507213581
111.0,9.74367667422869e-7,4.111863025590732e-6,1.701668433822534e-5,6.974325304305085e-5,0.000284957404043019,0.00118551468561063,0.0052628841284898835,0.03088641959014616,0.17720060550194133,0.05856666680189058,0.008361057932643372,0.0015127894741530864,-0.000711989006607194,-0.004246320969388564,-0.015913186836818916,-0.05184731382617778,0.5743248700375283,-3.138779355860188e-5,-6.3127784615557e-5,-0.0003053095990797544,-0.0022315986206884473,-0.011889567908203494,-0.04300334158260657,-0.04847812940707019,-0.34641890511411916,0.0076853328601111095,0.002615673304324424,0.0005686352440237639,6.129285405049512e-5,-3.97517965555056e-7,-4.171682915613731e-6,-5.3411845562366204e-6,-6.02717573256471e-6,-0.3318177652503068
111.5,9.621924184701684e-7,4.060049766387644e-6,1.680133498507324e-5,6.885944761538433e-5,0.000281352763629752,0.0011706821327843334,0.0052005239843962055,0.030662576957771786,0.17874561551834522,0.05841425754512545,0.008266644175319153,0.0014943548019559002,-0.0007020222456433622,-0.004188218145572167,-0.01568464354085778,-0.05101445938525243,0.5756003849455957,-3.1138407319694126e-5,-6.256199630365631e-5,-0.0003018096494530623,-0.0022037483053985317,-0.011755649416828443,-0.04294069007804387,-0.048749203408232626,-0.34657200009441086,0.00756304933945578,0.0025791397987895864,0.0005606487618472281,6.00647068725972e-5,-6.267109821097548e-7,-4.221136918083238e-6,-5.323817570809151e-6,-5.983300872844872e-6,-0.334949481883438
112.0,9.492990698699145e-7,4.005340544163641e-6,1.6574097904193796e-5,6.792688702888719e-5,0.00027754598964016964,0.0011549530792812567,0.0051330785376787905,0.030380675439748157,0.18047558649068873,0.058151642721585274,0.008162780110569519,0.0014745128478888658,-0.0006922695031699097,-0.004129816038010704,-0.015454723035460872,-0.0501774617912546,0.5768800026700576,-3.0890126850489765e-5,-6.200601642225444e-5,-0.00029834778557371157,-0.002175981724730431,-0.011621810878511642,-0.042882515944743085,-0.049026137752475336,-0.3467164745503682,0.0074402796177705606,0.0025406532057102352,0.000551965436546464,5.865442001027283e-5,-9.003722775738765e-7,-4.281065837561724e-6,-5.308610423724097e-6,-5.939584985105293e-6,-0.3380861080665243
112.5,9.364215481261022e-7,3.950686540083223e-6,1.6347088730047118e-5,6.699526057862803e-5,0.0002737429972141531,0.0011392393321068986,0.005065698998212094,0.03009903899132305,0.18220390942161538,0.057889258393348166,0.00805902264989755,0.0014547195139248206,-0.0006824130378100807,-0.004071030371858995,-0.015223373459184997,-0.04933628646988883,0.5781637232109139,-3.06387204012842e-5,-6.144264786084974e-5,-0.0002948536883668237,-0.002148019403129186,-0.011487040995110918,-0.04282634135819634,-0.049309629688090065,-0.3468594968859163,0.007318076770471302,0.0025023454265652107,0.0005433389247364148,5.726457722597612e-5,-1.1674415114760579e-6,-4.338934452039418e-6,-5.292527172208012e-6,-5.895281041721923e-6,-0.34122782819580816
113.0,9.235968704974093e-7,3.896108153205804e-6,1.6120349667583708e-5,6.606467518381482e-5,0.0002699441014819995,0.0011235421517824479,0.0049983893276341375,0.02981768778083548,0.18393044601394332,0.057627162184239876,0.007955456068148426,0.0014352540955442676,-0.0006714009446319856,-0.004008047170149236,-0.014979260205502236,-0.048474141838327274,0.5794676351403182,-3.0331789119186e-5,-6.075962545108219e-5,-0.0002908622030044971,-0.002116860399793642,-0.011332175522772566,-0.042657048320482144,-0.04944336306292485,-0.3469698119379602,0.007203097790029474,0.0024662444598725197,0.0005354860578058709,5.619010108655313e-5,-1.3280966779177733e-6,-4.3624106040533934e-6,-5.260937821874085e-6,-5.8399236217996506e-6,-0.34477450552303623
113.5,9.108092980543742e-7,3.841606086947227e-6,1.5893896191952092e-5,6.513526590028918e-5,0.0002661498426670754,0.0011078642394247373,0.004931161410858984,0.029536737055936967,0.18565533456485436,0.05736515817325281,0.007852023461794205,0.0014159768549697276,-0.0006597494520809716,-0.003942736326027493,-0.014727931008238087,-0.04759900879643835,0.5807844087076331,-2.999551695549236e-5,-6.001284542940895e-5,-0.0002866041174107808,-0.002083991589502986,-0.011166703665004395,-0.042431649844812125,-0.04950517037844009,-0.3470628398422748,0.007092046593611334,0.0024313424289046457,0.0005280505134259826,5.528395517174931e-5,-1.432182614795661e-6,-4.36767743016928e-6,-5.221169152131073e-6,-5.77875633873158e-6,-0.3485286977716083
114.0,8.980362335630774e-7,3.787152908089658e-6,1.5667641079587877e-5,6.42066388151797e-5,0.0002623587801737368,0.0010921990223161403,0.0048639885968672185,0.02925596784608962,0.1873784252524016,0.057103609390489286,0.007748723390239243,0.001396759939337785,-0.0006479659199354512,-0.003876938920726949,-0.014474839962501181,-0.04671885671932532,0.582106529765979,-2.9655471669223013e-5,-5.9257016666346084e-5,-0.0002823056726297223,-0.0020508719354957973,-0.01099995688009118,-0.04220643576538455,-0.04957169708528548,-0.3471538624374528,0.006981681841017617,0.002396655226762201,0.0005206828571158234,5.440235565616285e-5,-1.5284317078524666e-6,-4.370503755021852e-6,-5.180362592313405e-6,-5.716892322272153e-6,-0.3522954750637273
114.5,8.852824250804514e-7,3.732766202029145e-6,1.5441658892570306e-5,6.327911468611023e-5,0.00025857228706970675,0.001076552893099828,0.004796896456231523,0.028975581834683607,0.1890998217994713,0.05684212975631668,0.007645518397996793,0.001377595965595764,-0.0006360496729162164,-0.003810648111418295,-0.014219965459356856,-0.04583365679507529,0.5834339522162953,-2.9311712347308674e-5,-5.8492161671200544e-5,-0.0002779668461520146,-0.00201750089754871,-0.010831921482374302,-0.0419812879533566,-0.049642793361514,-0.3472427644758426,0.006872004972843965,0.0023621772711370646,0.0005133822335217295,5.354498178216986e-5,-1.616970659866704e-6,-4.370928618190332e-6,-5.138537838064652e-6,-5.654346695861968e-6,-0.35607497569657526
115.0,8.725458502859507e-7,3.678438582899347e-6,1.5215911646443912e-5,6.235255845723915e-5,0.0002547896880757773,0.001060922610435601,0.0047298741844845685,0.028695483942406414,0.19081946658223778,0.05658091519174259,0.00754243153459716,0.0013584910562751517,-0.0006239977848133652,-0.0037438548943787542,-0.013963280127487874,-0.04494334563747994,0.5847665838604608,-2.8964191157472097e-5,-5.771823542535845e-5,-0.0002735872328101328,-0.0019838754143959806,-0.010662582345599494,-0.041756220814684726,-0.04971857445477719,-0.3473296381555655,0.006763023192068601,0.002327914324411813,0.0005061496780718202,5.2712041760859534e-5,-1.6977016960363554e-6,-4.36892915865986e-6,-5.095683283023424e-6,-5.591114183882212e-6,-0.3598672918682732
115.5,8.59824047224129e-7,3.6241616097101634e-6,1.499036979774334e-5,6.142682944539811e-5,0.0002510104204592748,0.0010453058333555376,0.0046629077358188225,0.02841557332756296,0.19253724435304947,0.05632019619207008,0.007439481527783719,0.001339447912492781,-0.0006118076895659063,-0.0036765549478213954,-0.01370476812034215,-0.04404790595939152,0.5861044707975359,-2.8612936236346956e-5,-5.693518728287919e-5,-0.00026916678758546304,-0.0019499940454419647,-0.010491929385597253,-0.041531162319586715,-0.04979896545410156,-0.34741432212990936,0.0066547444219675666,0.0022938669268098124,0.0004989855058963926,5.190364813876656e-5,-1.7706304436881557e-6,-4.3645064315542e-6,-5.051804202808534e-6,-5.527195489748727e-6,-0.36367267712365464
116.0,8.471213243170177e-7,3.5699504059021927e-6,1.4765095247062672e-5,6.0502209016923816e-5,0.0002472355871762394,0.0010297076939816201,0.004596022320658058,0.028136054554734707,0.194253351032914,0.0560595175290756,0.0073366273205806125,0.0013204600515682532,-0.0005994787569132456,-0.0036087367469810647,-0.013444387660646007,-0.043147277255792996,0.5874476130275208,-2.825794758393325e-5,-5.614301161643602e-5,-0.0002647049702546388,-0.00191585607038884,-0.010319943874624201,-0.04130606925019325,-0.049883966359487115,-0.34749688554746505,0.00654716434075393,0.002260034177958785,0.0004918888166231692,5.1119502667574004e-5,-1.8358202102478718e-6,-4.3576709881109774e-6,-5.006901300835825e-6,-5.462596240788248e-6,-0.36749124671037103
116.5,8.344356592440714e-7,3.515797585609096e-6,1.4540055637273183e-5,5.9578539606667717e-5,0.0002434646705126114,0.0010141256712714712,0.004529204973641479,0.027856821019843984,0.19596770594847526,0.05579912122282737,0.007233889801624678,0.0013015312550651342,-0.0005870089610177585,-0.00354039597007083,-0.013182127223634288,-0.042241416308815026,0.5887960105504154,-2.789918299528047e-5,-5.5341573370187305e-5,-0.0002602016457618183,-0.0018814573475241301,-0.0101466114067239,-0.0410809214381653,-0.04997364055714218,-0.3475772362101114,0.006440292312299377,0.0022264155376353653,0.00048486046560581355,5.0359909222925536e-5,-1.893202060963002e-6,-4.348403484394543e-6,-4.960969301486483e-6,-5.39731080967404e-6,-0.37132309282654363
117.0,8.217762843382143e-7,3.46170174199919e-6,1.4315231272731303e-5,5.865571992274858e-5,0.00023969717526363822,0.0009985572441827135,0.004462445970748487,0.027577771881195715,0.19768021690161205,0.05553920895671556,0.00713130786699831,0.0012827329225050359,-0.00057414777329321,-0.0034706286433240077,-0.01291520069733127,-0.04132482004309709,0.5901569009187358,-2.7521381160283738e-5,-5.449963525342797e-5,-0.00025553537639606393,-0.001846057410686758,-0.009967377538767466,-0.04082209538116916,-0.05001765939764386,-0.3476479752186202,0.006335756209681761,0.0021935308807926237,0.00047809016128321066,4.970569309871362e-5,-1.914338476033009e-6,-4.327193738223023e-6,-4.909641399214275e-6,-5.32823220863263e-6,-0.3752887875652025
117.5,8.092043967776878e-7,3.407709300518036e-6,1.4090750175120247e-5,5.773421140595866e-5,0.00023593469959011252,0.0009830089854329733,0.004395770882551764,0.027299126109327793,0.19939102218950622,0.05527939465110756,0.007028938420229448,0.001264387837349468,-0.0005596708224979412,-0.0033950002531990906,-0.012629938269669915,-0.040370367805043016,0.5915670711828502,-2.704913590069624e-5,-5.346251330887083e-5,-0.00025010667178566,-0.0018059928251537311,-0.009759743047985065,-0.04036288535126747,-0.049766529002578594,-0.3476722694235626,0.006241583031830111,0.0021639284410505497,0.00047251249007948217,4.955602871687391e-5,-1.7589386172727696e-6,-4.247092259231831e-6,-4.83137055995151e-6,-5.240011903994753e-6,-0.3799863970891947
118.0,7.962979470573794e-7,3.3523793138135956e-6,1.3860811977408084e-5,5.6790368029358165e-5,0.00023207959811853137,0.0009670464653983217,0.004326663348609947,0.026984886100285002,0.2012300981135527,0.054934493004375355,0.00692192809459306,0.0012454232960669295,-0.0005451604228725606,-0.0033187315183103626,-0.012342298859195766,-0.03940934933204305,0.5929842946032383,-2.6574290816157244e-5,-5.2421975576985636e-5,-0.00024465768628970374,-0.001765718272805574,-0.009550722704193023,-0.039900693288382444,-0.04951406749713817,-0.3476903402553224,0.006147845634160805,0.002133618128623847,0.0004666690289794138,4.934180764273214e-5,-1.6179675759685725e-6,-4.16997572536555e-6,-4.753303711282883e-6,-5.151321717574517e-6,-0.3847127724270086
118.5,7.829401681475409e-7,3.295247879138166e-6,1.362352730464359e-5,5.581650849195406e-5,0.00022809995265165485,0.0009505279654822681,0.004254296827172224,0.026623166940003364,0.20324050119636283,0.05447623952998135,0.006808705200241412,0.0012256108742105998,-0.0005306645642594629,-0.003241830361933867,-0.012052271661441492,-0.038441784792436214,0.5944084789817787,-2.6097614036766065e-5,-5.1380841348466556e-5,-0.00023919949448720926,-0.0017252769715116103,-0.009340462007551394,-0.039435775618538754,-0.04926002709887179,-0.3477011043859753,0.00605439851651379,0.0021022768899393225,0.00046044254951246557,4.90313649087514e-5,-1.4994699673957876e-6,-4.097829176129892e-6,-4.675938519916506e-6,-5.062299870584847e-6,-0.38946795967770487
119.0,7.696008539035511e-7,3.2381804553043446e-6,1.3386500082077216e-5,5.484366750068895e-5,0.00022412444889725514,0.0009340266626767161,0.004182005216707996,0.026261819453397905,0.20524882982144543,0.05401844128381089,0.006695612679795556,0.00120587111239707,-0.0005159843544225318,-0.0031642452827753257,-0.011759826423898565,-0.03746764249311833,0.5958395782194109,-2.5616435395987012e-5,-5.032831741063616e-5,-0.00023368831577617955,-0.0016844962298690012,-0.00912834150193321,-0.03896664276584037,-0.049004851511237846,-0.347708849028158,0.005961827281018398,0.002071201801300049,0.00045429984968594554,4.875069073319795e-5,-1.3716430424394655e-6,-4.022833441026801e-6,-4.5973761147872915e-6,-4.972479998322592e-6,-0.3942520279898744
119.5,7.562806198142717e-7,3.181174580356686e-6,1.3149721868718859e-5,5.3871861937543054e-5,0.00022015315438325312,0.0009175426470188936,0.004109788877366172,0.025900843640468633,0.20725501484020958,0.05356112131539428,0.006582654134744604,0.0011862043707752516,-0.0005011174974124598,-0.0030859669169630527,-0.01146494369852579,-0.03648690226575039,0.5972775001180136,-2.5130816794414173e-5,-4.926449942804895e-5,-0.0002281242401938424,-0.0016433751475054693,-0.008914346061084205,-0.038493101690470995,-0.048748339050846155,-0.34771345893421923,0.005870136609610474,0.0020403898014402823,0.0004482403442578733,4.84995769049826e-5,-1.2345847517555844e-6,-3.9450268562196606e-6,-4.517635488122972e-6,-4.8818779276441955e-6,-0.3990654614036537
120.0,7.429791141717815e-7,3.1242334196664776e-6,1.2913199698726937e-5,5.2901091802516375e-5,0.0002161860466003418,0.0009010760085460283,0.0040376492497423986,0.025540251025980693,0.20925919454983713,0.05310429114949667,0.006469829565088555,0.0011666105593079166,-0.00048606282274528574,-0.0030069914829334824,-0.011167605477877615,-0.03549955546675852,0.5987221985785263,-2.464077792769112e-5,-4.818940991001187e-5,-0.00022250720021227695,-0.0016019131841976478,-0.008698470642919627,-0.03801510053098742,-0.0484903744700452,-0.3477149341041588,0.005779322900800907,0.002009843231327944,0.00044226389817240736,4.8277843349649825e-5,-1.0883527754431765e-6,-3.864419621238175e-6,-4.4367229706661214e-6,-4.790499285876391e-6,-0.4039083060181033
120.5,7.296973041728634e-7,3.0673587317733245e-6,1.2676950454081653e-5,5.193141899620298e-5,0.00021222339566020446,0.0008846278277048531,0.003965589215027962,0.025180079065420836,0.21126125370267654,0.05264785858799684,0.006357131767849187,0.0011470895879578374,-0.0004708188448067518,-0.0029273117777083935,-0.010867790153019377,-0.03450558192780371,0.600173535303767,-2.4146397578392143e-5,-4.710311638444572e-5,-0.0002168372408500971,-0.0015601103399455368,-0.008480704442972144,-0.03753246065352979,-0.04823075896663608,-0.34771332063703736,0.00568939119667445,0.0019795593898462023,0.0004363697461131116,4.80852087008629e-5,-9.330681010270407e-7,-3.7810567546962252e-6,-4.3546607200157606e-6,-4.698361658415225e-6,-0.4087809306257081
121.0,7.164336510953631e-7,3.010544889350492e-6,1.2440943184485969e-5,5.0962747854048394e-5,0.00020826481890462317,0.0008681963937880409,0.0038936044514359305,0.024820275897345874,0.21326121534825812,0.05219191006663343,0.006244564344515613,0.0011276420869856083,-0.0004553838979081445,-0.002846921318607388,-0.010565477555612064,-0.03350494995578178,0.6016316485909177,-2.3647633541566728e-5,-4.6005573832736635e-5,-0.00021111420454215428,-0.0015179646339301255,-0.008261033055285312,-0.03704516188975907,-0.04796948389704494,-0.34770848023567313,0.005600338616039818,0.0019495384570695122,0.0004305581131730555,4.792166733129507e-5,-7.686960852769656e-7,-3.6949319258512326e-6,-4.271443108845153e-6,-4.605460121349806e-6,-0.41368351962271055
121.5,7.032951181107327e-7,2.95385625494751e-6,1.2205312945781518e-5,4.999544415229037e-5,0.0002043113067431032,0.0008517845879868798,0.0038216996409021473,0.02446087033366869,0.21525903338752125,0.05173651473399735,0.006132278557630464,0.0011087658722234996,-0.00043794265146341926,-0.0027592320816754575,-0.01023924890961892,-0.032443559421873526,0.6031799777396856,-2.3011810334787627e-5,-4.463252017775331e-5,-0.00020436780510352096,-0.001469864585968663,-0.008007319672230147,-0.03627262230726167,-0.047239928807376735,-0.34764903549701426,0.005524271564541266,0.001923799874919419,0.0004263516639294581,4.8456775457837434e-5,-3.5303814622947773e-7,-3.522958007171255e-6,-4.148585553030593e-6,-4.484548213753816e-6,-0.41967939394118203
122.0,6.90191711954705e-7,2.8972391931064358e-6,1.1969948598265288e-5,4.902918713330502e-5,0.00020036200382198092,0.0008353897992217649,0.0037498704616396807,0.024101836443667684,0.21725475391952653,0.05128159191673256,0.006020149795670524,0.0010900480329450164,-0.00041999796185968866,-0.002669691319191924,-0.009906783925082388,-0.031365875751230295,0.6047494663572743,-2.2351757265920004e-5,-4.320779359502735e-5,-0.00019741497281094693,-0.0014205141910253335,-0.007746447969419358,-0.035448155014176384,-0.046430040342209926,-0.3475779737950812,0.005451034923334496,0.0018989620251958104,0.0004224647117885578,4.912340546482639e-5,1.0814263495571596e-7,-3.335872254252794e-6,-4.018886574738156e-6,-4.3588446374431114e-6,-0.4258841431032855
122.5,6.771086608946009e-7,2.8406886040624174e-6,1.1734852252184804e-5,4.806402181570624e-5,0.0001964170902157118,0.0008190131079394292,0.0036781194346909075,0.02374319295508624,0.21924833084521336,0.050827193476282215,0.005908163652679351,0.0010714205010059737,-0.00040180364404200067,-0.0025792195717733793,-0.009571074719155304,-0.03027949952647045,0.6063284052822885,-2.168643139190184e-5,-4.1769018391107863e-5,-0.00019039319451121764,-0.0013707074874117296,-0.0074829572637275625,-0.03461119775685659,-0.04560538289049961,-0.3475024635337991,0.0053789284294105365,0.0018744576733638152,0.0004186817526457173,4.982632047460158e-5,5.803526248332687e-7,-3.1455349616053603e-6,-3.8878447756036175e-6,-4.232248426429094e-6,-0.43214836005357815
123.0,6.640456132224994e-7,2.7842030809837704e-6,1.1500014763134124e-5,4.7099897553553396e-5,0.00019247645337776116,0.0008026542440281893,0.0036064458397580055,0.02338494130851999,0.22123976416458177,0.0503732790759683,0.005796316167018925,0.0010528826461457775,-0.00038335870760084997,-0.002487814318377446,-0.009232114809157265,-0.02918444515355044,0.6079165179203644,-2.1015946666099512e-5,-4.031638589510385e-5,-0.0001833031229742344,-0.0013204473563191393,-0.007216848275452582,-0.033761583426207574,-0.04476568562026471,-0.34742255081222856,0.005307942718897701,0.0018502815972642236,0.00041500085070053975,5.056493524518258e-5,1.0633699946229282e-6,-2.952011898610167e-6,-3.7554939195873872e-6,-4.1047820900187034e-6,-0.4384719064948782
123.5,6.510022172304799e-7,2.727781041184851e-6,1.126542980037067e-5,4.6136814346846494e-5,0.00018853994699763387,0.000786311946966857,0.003534847155798598,0.023027054132651707,0.22322909997669232,0.04991983142864308,0.005684605177795779,0.0010344340181782886,-0.0003646637152689101,-0.002395475018780757,-0.00888990635598174,-0.028080776018678602,0.6095137120733809,-2.0340410007720986e-5,-3.885010150444111e-5,-0.00017614532093267066,-0.0012697370390877623,-0.006948133969955214,-0.032899165081473634,-0.043910683461906685,-0.34733823563036964,0.00523806374598846,0.001826430915705747,0.00041142074543183666,5.133848446013344e-5,1.5569381624055052e-6,-2.7553899371236835e-6,-3.6218681223577962e-6,-3.976470951182244e-6,-0.44485524341779176
124.0,6.379788685899531e-7,2.671424770767145e-6,1.1031110025379593e-5,4.517478907756575e-5,0.00018460777365909243,0.0007699881075372148,0.003463326264003973,0.022669563120585556,0.2252162230338935,0.04946690815813232,0.005573036807541401,0.0010160753374013295,-0.0003457194548719239,-0.00230220743536589,-0.008544476010648146,-0.026968613131889044,0.6111197572460347,-1.9659977575083152e-5,-3.737044658545641e-5,-0.00016892104890771503,-0.0012185831084352246,-0.006676834515574475,-0.03202385340572484,-0.0430401949003744,-0.34724951798822223,0.005169287909193702,0.001802901486975909,0.0004079397711508944,5.2146337858859865e-5,2.060829749010121e-6,-2.5557464528885133e-6,-3.487010292281197e-6,-3.847350884127653e-6,-0.45129777153453077
124.5,6.246839135074904e-7,2.6140124973168545e-6,1.0792540915287873e-5,4.419550198352589e-5,0.00018060413327101855,0.000753343150334776,0.0033898674109190973,0.022275548687154072,0.22736132757181127,0.0488985413150845,0.005457683632381013,0.000997259987805185,-0.00032664290727805513,-0.0022080382191522604,-0.00819582737464559,-0.025847991067477222,0.6127345151411443,-1.8976277072444062e-5,-3.588382784963735e-5,-0.00016165615883838733,-0.001167088476912853,-0.006403319425093083,-0.031136400389887416,-0.04215379640054847,-0.34715406988322556,0.005101286032408746,0.0017789454618609565,0.0004042850250203804,5.291419784648181e-5,2.5562333925050372e-6,-2.3577157253247555e-6,-3.3520511703233702e-6,-3.717705717147117e-6,-0.45779990573664087
125.0,6.1102955689333e-7,2.5552072846457316e-6,1.0548370504847466e-5,4.319344953918025e-5,0.0001765061788868688,0.0007362755133666301,0.0033138619448843318,0.021833921127088842,0.22971270235643645,0.04817969273224338,0.005337346716589798,0.0009778205001462262,-0.00030746992981325823,-0.0021129761937881885,-0.007843970532143585,-0.024718973211651483,0.6143577091643457,-1.8289926098912866e-5,-3.439242588609367e-5,-0.00015435935057181967,-0.001115288529151156,-0.006127704666460389,-0.0302368953508913,-0.04125106730850082,-0.34705115373040973,0.0050339468296200845,0.0017543312646110972,0.0004003720521206582,5.361887983685174e-5,3.0372166595340135e-6,-2.162780027465158e-6,-3.2173755249498115e-6,-3.587654679225831e-6,-0.4643615077269401
125.5,5.975806416684812e-7,2.4965798603286375e-6,1.030467841717952e-5,4.2193045901567914e-5,0.00017241408817717676,0.0007192293052586904,0.003237946876226235,0.021392792013116474,0.2320614725441371,0.047461714269171305,0.005217385075963876,0.0009592276325398702,-0.00028531176806216514,-0.0020069676223478288,-0.007454435630867488,-0.023478846535581837,0.616155249834781,-1.737838779826539e-5,-3.245427608039804e-5,-0.0001454578763228529,-0.001054530957674332,-0.005804778225832475,-0.02891546865964584,-0.03957967959862101,-0.3468757929038425,0.004985699840902922,0.0017362418851823605,0.00039896094366863056,5.543333818725229e-5,3.924903184107964e-6,-1.8266212895760182e-6,-3.0171657909619485e-6,-3.411621699430431e-6,-0.4726760725960631
126.0,5.841674687610967e-7,2.4380284049224637e-6,1.006126558560079e-5,4.119375366098571e-5,0.00016832639803699136,0.00070220119463353,0.0031621110403285647,0.020952116686772004,0.2344077994816253,0.04674449932179062,0.005097593065475049,0.0009408046651822923,-0.00026260946632512025,-0.0018989384354421378,-0.007057920323397818,-0.022219268937125308,0.6179781449885526,-1.6444154488896316e-5,-3.046618937725747e-5,-0.0001363504756793515,-0.0009925152059768261,-0.005474821318312354,-0.02753639509310535,-0.03780959956235396,-0.3466891147578951,0.004940269216670011,0.0017190431540105998,0.0003978612739874157,5.7373454743641744e-5,4.855418237336993e-6,-1.4764125236616754e-6,-2.810653275177108e-6,-3.2312064389402772e-6,-0.48123081357097336
126.5,5.707767611971614e-7,2.379548522078199e-6,9.81814115451722e-6,4.019562627703762e-5,0.0001642434348512632,0.0006851927121240207,0.003086362720616274,0.020511958534263772,0.2367514987726586,0.046028068058440334,0.004977958440060342,0.0009224937041360446,-0.00023957641283190863,-0.0017896714167292384,-0.006657125726567294,-0.020948376900479872,0.6198132102943259,-1.5504687765663844e-5,-2.8462416500843542e-5,-0.00012715859760690671,-0.0009299123215171146,-0.005141338552953253,-0.026130771348843763,-0.03599791800507606,-0.34649639763500756,0.004896250376168335,0.0017022492302148364,0.00039688396489872315,5.9354178089749776e-5,5.79743238104074e-6,-1.1230992319293073e-6,-2.602932642683882e-6,-3.0499910429300137e-6,-0.489895593003564
127.0,5.57406848364051e-7,2.321136694716633e-6,9.57528613170108e-6,3.9198576526159244e-5,0.00016016486098038827,0.0006682023270972906,0.003010694534036688,0.02007225128819215,0.23909259346676737,0.04531248386532879,0.004858483000464309,0.0009042938490288495,-0.00021621818989065117,-0.0016791878149948812,-0.0062521339543276325,-0.01966647006953951,0.6216598925633733,-1.4560351997974055e-5,-2.6443731208582297e-5,-0.00011788521333403457,-0.0008667402217035207,-0.004804407361771045,-0.024698663694260704,-0.03414455425343124,-0.3462977337333011,0.004853600821826393,0.001685845707838629,0.00039602356915027353,6.137349364260532e-5,6.750196477347631e-6,-7.669068591562283e-7,-2.394105537071419e-6,-2.868051304456601e-6,-0.49866916621919843
127.5,5.440581259331765e-7,2.2627932745456875e-6,9.332704737647423e-6,3.820264379963774e-5,0.00015609078897090118,0.0006512305797767063,0.0029351090016321835,0.019633032404043883,0.241431267960194,0.044597625732421875,0.004739158103113088,0.0008862015884088246,-0.00019254094254214237,-0.0015675090590992723,-0.005843025319885992,-0.018373855291176418,0.6235177769041493,-1.3611503114242928e-5,-2.441085942562253e-5,-0.0001085332378159837,-0.0008030160136093186,-0.004464110218866354,-0.02324015424330789,-0.032249505426228224,-0.3460931922013666,0.0048122809372639725,0.0016698176407021698,0.00039527517971315413,6.342929115468282e-5,7.713027157767302e-6,-4.080631362212389e-7,-2.184275712176392e-6,-2.6854614338913532e-6,-0.5075501502460583
128.0,5.307302861601069e-7,2.2045208993747696e-6,9.090406820178032e-6,3.7207856234106774e-5,0.00015202136513329704,0.0006342781904600898,0.002859608644445137,0.019194313406584125,0.24376722260904457,0.043883603144988556,0.004619993472027274,0.0008682166521642863,-0.00016855285291945466,-0.001454668102667771,-0.005429922994169944,-0.017070958981701256,0.6253860796326237,-1.265861803041124e-5,-2.236477889998442e-5,-9.910668896404278e-5,-0.0007387641423418443,-0.00412056237189071,-0.021755467728905808,-0.030312898295883687,-0.34588302658403747,0.004772251466249771,0.001654152783742484,0.00039463357442815497,6.55192352853873e-5,8.685118307744988e-6,-4.683664707632966e-8,-1.9735680243107307e-6,-2.5023130511476736e-6,-0.5165362401311131
128.5,5.17422757519471e-7,2.1463178106642743e-6,8.848387455382015e-6,3.621419413392277e-5,0.00014795652193965507,0.0006173446189240747,0.0027841932824010937,0.01875608421164337,0.24610061876003114,0.04317033831086404,0.0045009811839308266,0.00085033642921563,-0.00014426009982734288,-0.0013406869147839502,-0.005012907650535561,-0.015758069260242844,0.6272643397581902,-1.1702011876776139e-5,-2.0306177572361293e-5,-8.960823413108411e-5,-0.0006740007695834803,-0.003773841973157808,-0.02024474388883193,-0.02833483370409271,-0.3456671907822531,0.0047334709916590206,0.0016388361907797638,0.00039409380124774945,6.764133958838137e-5,9.66579816515172e-6,3.165622539691672e-7,-1.7620758519274411e-6,-2.3186740358543e-6,-0.5256260529025444
129.0,5.042702441449837e-7,2.0882624392805684e-6,8.606783809348535e-6,3.522199513868983e-5,0.0001438969571784904,0.0006004311256898494,0.0027088616549788645,0.018318331853860816,0.24843152556174472,0.04245790325983053,0.004382275022408753,0.0008330843059678092,-0.00011776727582032587,-0.0012185544765967978,-0.0045668646648211065,-0.014353582145944463,0.6292846771885621,-1.0585466546099352e-5,-1.7927509375209174e-5,-7.896182152619895e-5,-0.0006029223657446686,-0.003395653923472609,-0.01849588814818967,-0.02589718740872386,-0.34540550946469034,0.004707987214863481,0.001628114557698414,0.0003953170020054474,7.0544342395042e-5,1.0933577198411403e-5,7.80102061079618e-7,-1.5041879533010668e-6,-2.102779359570803e-6,-0.5358370409271148
129.5,4.913462969556091e-7,2.0304031450627795e-6,8.365695063711292e-6,3.423154061474469e-5,0.00013984345867554588,0.0005835396915764247,0.002633621865528948,0.017881082263958056,0.2507598047170034,0.04174637866524411,0.004263970426922478,0.0008167511026664804,-8.802622939344619e-5,-0.0010843950456002687,-0.004077956755715915,-0.012812941456129184,0.6315186837648697,-9.225401464635872e-6,-1.5063516604306115e-5,-6.65847808572821e-5,-0.0005223644374000341,-0.002970403414838624,-0.016381322797331566,-0.0227434584741506,-0.34507550933930087,0.004702391581232815,0.0016242957187203122,0.0003992014781225844,7.463117155423697e-5,1.263773502089826e-5,1.3961353665639806e-6,-1.1755594578529412e-6,-1.8376717765975935e-6,-0.5477642508792013
130.0,4.784375171703244e-7,1.9726113787658084e-6,8.124883463915741e-6,3.324220874248314e-5,0.00013579452956191004,0.0005666672553180568,0.002558466891147579,0.017444335441935098,0.2530855023248678,0.04103563199230551,0.004145817814276658,0.0008005178406879621,-5.7993012162493796e-5,-0.0009491360799783666,-0.003585354439081382,-0.011263733544018334,0.6337591903087235,-7.868359664460683e-6,-1.2198828858551302e-5,-5.416826449132038e-5,-0.0004414243460421836,-0.0025423275379976118,-0.014228251765501824,-0.019517186905322118,-0.344739977326638,0.004697791759341144,0.00162070935586428,0.0004031337189890467,7.872226622709695e-5,1.4338994066700834e-5,2.0099991617381033e-6,-8.482247199919469e-7,-1.573509760369797e-6,-0.5598305877962141
130.5,4.655425858844263e-7,1.914883447456486e-6,7.884334941645043e-6,3.225395168962795e-5,0.00013174998976312735,0.0005498132316727653,0.002483393130345647,0.017008058254092122,0.255408618385338,0.04032568340935376,0.004027816104024559,0.0007843801982453223,-2.7683524139157954e-5,-0.0008128377245992332,-0.0030892766854554144,-0.009706641972245047,0.6360052748389114,-6.515017128197808e-6,-9.334940193192837e-6,-4.171850750633597e-5,-0.00036014105528142876,-0.002111626895893016,-0.012037647454760226,-0.01621986948111266,-0.344399305268717,0.004694100593152003,0.0016173271974408013,0.0004071037304725532,8.281369291223429e-5,1.6036053719927538e-5,2.621277376131529e-6,-5.223693535733529e-7,-1.3104240583070185e-6,-0.5720308424843042
131.0,4.5252759030702163e-7,1.8567364561593784e-6,7.642164342443028e-6,3.125922883835444e-5,0.00012767884396354238,0.000532838873272576,0.002407561256085998,0.016552586569886913,0.2578399058915337,0.039528567265167694,0.0039082834007516725,0.0007681062394398577,2.837016949221897e-6,-0.0006755742151571544,-0.0025899480476840385,-0.008142354625229388,0.6382559231760999,-5.166586896466524e-6,-6.475741904667858e-6,-2.92519163734243e-5,-0.00027859368533166153,-0.0016786502927451695,-0.009811010245470122,-0.012853268049994985,-0.3440528016796285,0.004691113518083924,0.0016138231286109395,0.0004109922132463253,8.687192399696281e-5,1.772020287879284e-5,3.227753018864692e-6,-1.9860034052344472e-7,-1.0486360705454814e-6,-0.5843592064618344
131.5,4.39129540840237e-7,1.7972204417800615e-6,7.394661147743914e-6,3.024316997776579e-5,0.00012352001315877516,0.0005154715023732257,0.002329324487472949,0.016039708589859238,0.26059363327717855,0.038474394115436475,0.003783963238004471,0.0007512520807387245,3.346252702514211e-5,-0.0005374137548521566,-0.0020875383359788046,-0.0065713483401295646,0.640510536032501,-3.8246706471387354e-6,-3.62711876990932e-6,-1.6792951675070015e-5,-0.00019688886277985357,-0.0012438254053859191,-0.007549961528028966,-0.00941879727689161,-0.34369899138943305,0.004688500637734404,0.001609588497715054,0.0004145765502647331,9.083580732165506e-5,1.9375829932102625e-5,3.8255502686489745e-6,1.2210057045999926e-7,-7.884312080630183e-7,-0.5968112081199254
132.0,4.2574547176330924e-7,1.7377730104453255e-6,7.147442133044909e-6,2.9228281601137986e-5,0.0001193659543270791,0.0004981241647570515,0.0022511782963110243,0.015527429897619517,0.2633443411743533,0.03742133022435122,0.003659796498693368,0.0007344824669944555,6.43206991007681e-5,-0.0003983793932145456,-0.001582239509709292,-0.004994209439372729,0.6427683758231448,-2.487767818369804e-6,-7.824192007896673e-7,-4.315284204604582e-6,-0.00011493584135507889,-0.0008068967982001175,-0.005254736119526751,-0.005918845309231577,-0.3433407555894189,0.0046866037334200115,0.001605499186904769,0.00041817898476592,9.47922400657504e-5,2.1024785789568258e-5,4.4200006658577126e-6,4.409857233564209e-7,-5.295453821745028e-7,-0.6093810389769402
132.5,4.12682863726109e-7,1.6785800397913802e-6,6.9008463447817865e-6,2.821538811183768e-5,0.00011521855825023709,0.00048079992168979704,0.002173126464163789,0.015015730324828733,0.2660919834839974,0.036369591681258556,0.003536138289644639,0.0007189881405441422,9.972330891833925e-5,-0.00024242467300409276,-0.0010155076526803192,-0.0032147457232288004,0.6453447601226161,-8.064216837073111e-7,2.7504392964287107e-6,1.0600038508679212e-5,-1.9800434243552995e-5,-0.0003070630065624087,-0.002641393338805599,-0.0018322710904470022,-0.3428951390200151,0.004712042131452762,0.0016109970401060906,0.0004254953648748715,0.00010040586988731454,2.3287431170933195e-5,5.229958684782967e-6,8.598351260236383e-7,-2.0157301983461234e-7,-0.6237641302840587
133.0,3.997192175051597e-7,1.6195061222686688e-6,6.6546156293405865e-6,2.7203836739963636e-5,0.00011107609171161479,0.0004634952617195798,0.0020951589068617343,0.014504568094213204,0.26883669850329256,0.03531903154540278,0.0034127498321302706,0.0007039905044607525,0.00013687939937381225,-7.989362805091362e-5,-0.00042524780751715255,-0.001362493751272334,0.6480257892896761,9.621401019169305e-7,6.469508936893183e-6,2.6251259752270677e-5,7.967273859459108e-5,0.0002150575199876307,0.00011083837092102835,0.0025060299299994983,-0.342416722968986,0.004746663966567855,0.0016195163625964946,0.0004339092537715716,0.0001064783744401442,2.5710414566122153e-5,6.093582408530835e-6,1.3030844415591473e-6,1.4338599977975435e-7,-0.6388452535669609
133.5,3.8627118155011325e-7,1.560139935463667e-6,6.407986077117055e-6,2.619175077204978e-5,0.00010693450303596312,0.00044620239662619877,0.002017263559416342,0.013993960492920659,0.2715782326874056,0.034269384747185376,0.0032886403564960213,0.00068596640202214,0.00016260957429776378,3.9480404303693336e-5,9.61128343740799e-6,2.3805456140340274e-6,0.6500020099190427,2.2531322096657356e-6,9.135879137274723e-6,3.7447397464891934e-5,0.00015155842747212897,0.0005941425205357485,0.0021261844750257415,0.005670529477906011,-0.34214492290761894,0.004723772181484995,0.0016094465990441084,0.0004357277806792014,0.00010987031315748785,2.7235411670272804e-5,6.669001890138197e-6,1.6165996080101256e-6,3.9572394741389595e-7,-0.6499980914988907
134.0,3.71411126219524e-7,1.4998214994627544e-6,6.159714048902794e-6,2.517600704175828e-5,0.00010278640917060598,0.0004289057949878658,0.0019394065678299734,0.0134838095604473,0.27431640164009397,0.03322013267217446,0.0031622428548300015,0.0006593994773766785,0.00015630430100187434,3.794978550013459e-5,9.239042808056957e-6,2.288572585879856e-6,0.6500019177209214,2.1656846073301358e-6,8.781247820108679e-6,3.599366201284789e-5,0.0001456730427878861,0.0005710453155177598,0.0020432465026025684,0.005447801506411273,-0.3424545933472786,0.004538551558180518,0.0015467338691665326,0.0004187951995526916,0.00010560419174119425,2.617812982768811e-5,6.41012305444461e-6,1.553848408320159e-6,3.80369039038562e-7,-0.6499981836970119
134.5,3.5656705161759186e-7,1.4395673380843912e-6,5.911705801629228e-6,2.4161349385526605e-5,9.864273838406242e-5,0.0004116275609439954,0.0018616324104931419,0.012974198851340487,0.2770516433024334,0.032172053242017856,0.003035985811239283,0.0006328619048674661,0.00015000602810044303,3.6420857708259655e-5,8.867212270141727e-6,2.1967015530227535e-6,0.6500018716218608,2.078332317841107e-6,8.427000567992289e-6,3.454149939862623e-5,0.00013979407325612095,0.0005479731408490875,0.001960398387332697,0.0052253169955803905,-0.3427639641430443,0.004353532618266218,0.0014840900177681914,0.0004018811210764859,0.00010134271849678363,2.512199595975732e-5,6.151528398751132e-6,1.4911659675287335e-6,3.65030814807727e-7,-0.6499982297960725
135.0,3.4173979305062904e-7,1.3793816718236288e-6,5.663980327524087e-6,2.314784814493894e-5,9.450378329732267e-5,0.00039436913509023153,0.0017839466697139683,0.012465165821086964,0.27978372717912103,0.03112517238743716,0.0029098740877341648,0.000606355035052919,0.0001437150031958462,3.4893696896979455e-5,8.495812926137556e-6,2.1049356808340083e-6,0.6500017794237396,1.9910797375476614e-6,8.07315989023249e-6,3.309100528678145e-5,0.00013392183400713064,0.0005249273921067621,0.0018776448111519713,0.005003086029582874,-0.34307296614632504,0.0041687265263583365,0.0014215176559286896,0.00038498635558563416,9.708609600801843e-5,2.4067071967074517e-5,5.893228122587471e-6,1.4285551872261971e-6,3.497101979546834e-7,-0.6499983219941937
135.5,3.269287130480289e-7,1.3192617749440797e-6,5.416524261686377e-6,2.2135448453559617e-5,9.036935258127772e-5,0.0003771294819984551,0.0017063452037799755,0.011956683818667317,0.2825127454682779,0.03007948722724108,0.002783904983197814,0.0005798779225421456,0.00013743106872293525,3.3368249606690016e-5,8.124830004311761e-6,2.0132732107740156e-6,0.650001733324679,1.9039238769324705e-6,7.719711015096604e-6,3.164211777671947e-5,0.00012805609994784583,0.0005019071689185059,0.0017949836131669243,0.004781102485887234,-0.34338162240665127,0.0039841246388830085,0.001359014532717333,0.00036811029532884905,9.283422861034417e-5,2.301331705152088e-5,5.635215191795207e-6,1.3660140450920042e-6,3.3440655100882457e-7,-0.6499983680932544
136.0,3.1213436115341786e-7,1.25920993354723e-6,5.1693502656012506e-6,2.112419955049757e-5,8.623961505572961e-5,0.0003599093444757951,0.0016288321544036405,0.011448773012420562,0.28523860597178297,0.029035015048577348,0.0026580815588959756,0.0005534315127260375,0.00013115439350151224,3.184456648333195e-5,7.754275462733655e-6,1.9217173082140637e-6,0.6500016411265578,1.816868253074744e-6,7.366665900653943e-6,3.0194890328044257e-5,0.00012219709617133586,0.0004789133716565965,0.001712416414047656,0.004559372126876048,-0.34368993292402283,0.0037997352392651882,0.0012965833492509548,0.00035125366060395256,8.858724010494901e-5,2.1960773418046915e-5,5.377498047364443e-6,1.3035444755197201e-6,3.19120445495522e-7,-0.6499984602913755
136.5,2.9735686925726623e-7,1.1992264114140205e-6,4.9224558773132605e-6,2.011410002892111e-5,8.211455383869816e-5,0.00034270879005017236,0.0015514069813615966,0.010941442766218386,0.2879614239372876,0.027991712633576638,0.0025324016539351817,0.000527015310399842,0.0001248848874943494,3.032263064492505e-5,7.384146487739871e-6,1.8302655111987065e-6,0.6500015489284365,1.7299112832888375e-6,7.014023843488665e-6,2.874930043144889e-5,0.00011634473264037302,0.0004559457302093506,0.0016299435739430775,0.004337894952549315,-0.34399789769843986,0.003615555086164676,0.0012342231151200493,0.00033441618129926144,8.43450573365854e-5,2.0909425591504105e-5,5.1200742273397315e-6,1.2411460388744436e-6,3.0385174952430535e-7,-0.6499985063904362
137.0,2.825952701627916e-7,1.1393072518303405e-6,4.6758270285055715e-6,1.9105079547246056e-5,7.79939325824605e-5,0.0003255266932562399,0.0014740643724574063,0.010434649862191468,0.29068129156291306,0.026949582863430244,0.0024068622070496895,0.0005006284602098955,0.00011862234811768431,2.8802377377211867e-5,7.014426197350205e-6,1.7389151819185368e-6,0.650001502829376,1.6430492746415815e-6,6.661767961620564e-6,2.7305305881982843e-5,0.00011049879551654135,0.000433003209148649,0.001547560590991801,0.004116659077992972,-0.3443055167299023,0.0034315766164543407,0.001171931039170556,0.00031759711460764675,8.010753962208497e-5,1.9859229960110254e-5,4.862932125359683e-6,1.1788160094197874e-6,2.885997157158426e-7,-0.6499985985885574
137.5,2.6785061899375655e-7,1.0794568511452018e-6,4.429481304574229e-6,1.8097226735868483e-5,7.387804953533357e-5,0.0003083643596338001,0.0013968106302970126,0.009928429594933086,0.293397955303826,0.025908637262903312,0.0022814709614410863,0.00047427271788213907,0.00011236720304834878,2.7283922040390463e-5,6.6451441350300144e-6,1.6476726511161313e-6,0.6500014106312547,1.5562889095834735e-6,6.309920764356581e-6,2.5862982648557048e-5,0.00010465965620340538,0.0004100873841259775,0.0014652743980603637,0.0038956825106525707,-0.3446127669688798,0.0032478131556438897,0.001109712073450002,0.000300797721050297,7.587496832778446e-5,1.881025967911291e-5,4.6060903819441076e-6,1.1165585197238223e-6,2.7336550910262183e-7,-0.6499986907866786
138.0,2.527802643081978e-7,1.0185915093272475e-6,4.179493996829605e-6,1.707544066349545e-5,6.970615770521481e-5,0.000290953140604532,0.0013180220235150385,0.009375845917762226,0.2964993618046049,0.02453462883064754,0.00215289725998017,0.0004474975371288749,0.00010602199824194893,2.5743466669699216e-5,6.27013697117297e-6,1.554792040672007e-6,0.6500013184331335,1.4683850541474506e-6,5.953492923130442e-6,2.440203296363894e-5,9.874719282291446e-5,0.00038691468289251416,0.0013824098960150404,0.0036750138706310997,-0.3449181962949632,0.0030639182404809126,0.0010469716121062772,0.0002838020913550501,7.158871796376035e-5,1.774770081088262e-5,4.345904951324276e-6,1.0534883209495747e-6,2.579268063151269e-7,-0.6499987368857393
138.5,2.3767647538840592e-7,9.57632876983267e-7,3.929197186114565e-6,1.60525164642903e-5,6.55297696410349e-5,0.00027352101042911724,0.0012390812538181546,0.00881722614484251,0.2996518921636023,0.023115356883253575,0.002023986098989619,0.00042068575624252733,9.966945540148686e-5,2.420121336811619e-5,5.894641988429598e-6,1.4617593165520814e-6,0.6500012723340729,1.3803927441693144e-6,5.596714077399216e-6,2.2939662378720285e-5,9.282929907212445e-5,0.0003637249871323116,0.001299532158497237,0.003454566722189912,-0.3452231185313798,0.0028801529789259065,0.0009842092717162073,0.0002667928435291048,6.729843280646736e-5,1.668411354869154e-5,4.085463477338009e-6,9.90355606092382e-7,2.4247203487199463e-7,-0.6499988290838604
139.0,2.2258745820129296e-7,8.967338591318836e-7,3.679144108988727e-6,1.5030592522412269e-5,6.13574501340843e-5,0.0002561058747804417,0.0011602173759137756,0.00825914299380023,0.3028012647369477,0.02169755002162968,0.0018952054919793167,0.00039390107656173476,9.332333896815597e-5,2.266051883603871e-5,5.519524739993303e-6,1.368820586374024e-6,0.6500011801359517,1.2924878336095289e-6,5.2402904566681275e-6,2.147874364409922e-5,8.69172971324258e-5,0.00034055822835588024,0.001216736624968376,0.0032343381841377188,-0.3455277411239025,0.002696570492943248,0.0009215094171622009,0.0002498005452112849,6.301242441749285e-5,1.5621580003431556e-5,3.825281212089465e-6,9.272857590260553e-7,2.2703260668691282e-7,-0.6499988751829211
139.5,2.0751231149531157e-7,8.358905869859673e-7,3.4293199937194134e-6,1.4009605530435585e-5,5.718896283664012e-5,0.000238706743249,0.0010814256178288302,0.007701565491829034,0.3059476408713534,0.02028111748825027,0.0017665476957476752,0.00036714201247223916,8.698327191106502e-5,2.112128740891229e-5,5.144766233636353e-6,1.2759703986650597e-6,0.6500011340368911,1.2046650468492796e-6,4.8841991999223155e-6,2.0019190943043036e-5,8.101080997292728e-5,0.00031741319106064534,0.0011340185234553863,0.0030143154711881792,-0.3458320871220615,0.0025131601581400613,0.0008588680868062368,0.00023282409344555028,5.873042831248027e-5,1.4560039681340272e-5,3.5653419770142824e-6,8.64274910963464e-7,2.1160764249007912e-7,-0.6499990134801029
140.0,1.9245182661328387e-7,7.751067534786877e-7,3.1797399637472233e-6,1.2989617388954336e-5,5.302454972375196e-5,0.0002213245837349906,0.0010027106614991616,0.007144518849352696,0.30909083617057687,0.018866150040640933,0.0016380211737941038,0.0003404100495882985,8.064961437912506e-5,1.9583613344459737e-5,4.7703868684181635e-6,1.1832142048979634e-6,0.6500010418387698,1.1169295715804006e-6,4.5284624647607975e-6,1.8561090092284443e-5,7.511020899719342e-5,0.0002942911807864094,0.0010513828060057949,0.0027945120889254567,-0.3461361334763265,0.0023299318786114006,0.0007962891522491087,0.00021586456867863404,5.44526977211327e-5,1.3499555889843453e-5,3.305661598968902e-6,8.013267548377781e-7,1.9619802155129588e-7,-0.6499991056782242
140.5,1.7740586067386692e-7,7.143814353767524e-7,2.9304008537008685e-6,1.1970606995493264e-5,4.886413764017226e-5,0.00020395908110811632,0.0009240710663291263,0.006588000185179926,0.3122308967336787,0.01745264047582344,0.0015096239452995922,0.0003137048727796157,7.43223213537222e-5,1.8047491015354314e-5,4.3963831272595235e-6,1.0905512137299128e-6,0.6500009496406486,1.0292804406061093e-6,4.173075678980602e-6,1.7104424209843228e-5,6.921539291334297e-5,0.00027119185989356835,0.0009688281220611849,0.002574924796009352,-0.3464398801866975,0.002146884393836076,0.0007337718931929943,0.0001989217458174668,5.0179170742856054e-5,1.2440118781119316e-5,3.046236912582036e-6,7.384405872331555e-7,1.8080354603485758e-7,-0.6499991517772847
141.0,1.6237377620645407e-7,6.537120827977345e-7,2.6812908813649974e-6,1.0952537069012752e-5,4.470755776609899e-5,0.00018660958259847588,0.00084550377105298,0.006031985369333688,0.3153680069569014,0.01604050667984608,0.001381349797695425,0.00028702531156222984,6.800107207723254e-5,1.6512831791199948e-5,4.022737073056467e-6,9.979770288118962e-7,0.650000903541588,9.417134334313545e-7,3.818022312309447e-6,1.5649125767798582e-5,6.332612537365305e-5,0.00024811426048192375,0.0008863512302813573,0.0023555433281959005,-0.34674330420364424,0.001964008700091313,0.0006713133834279916,0.00018199483703630568,4.590966448953144e-5,1.1381674192148034e-5,2.7870563114922934e-6,6.756135505227389e-7,1.654235345066674e-7,-0.649999243975406
141.5,1.47356584371318e-7,5.931027843462151e-7,2.4324281596975384e-6,9.935477247681142e-6,4.055508865420552e-5,0.00016927725869003018,0.000767013907792705,0.005476508255811616,0.3185018902458813,0.014629875425125538,0.0012532090852627941,0.00026037341428307247,6.168637863638898e-5,1.4979762286848171e-5,3.649478249274352e-6,9.054983325944117e-7,0.6500007652444062,8.542353204336141e-7,3.46332909454932e-6,1.4195300278526779e-5,5.744282280030207e-5,0.0002250600482401891,0.0008039577129744331,0.0021363844324094653,-0.34704647467575767,0.0017813184830357302,0.0006089180797968746,0.00016508508034703234,4.164448283680256e-5,1.0324304422583104e-5,2.5281377328036416e-6,6.128501729460101e-7,1.5005911902659587e-7,-0.6499992900744666
142.0,1.3235362571610694e-7,5.32550902212787e-7,2.1838005547752192e-6,8.919376885557822e-6,3.64065530436997e-5,0.00015196134406634328,0.0006885981001522606,0.0049215457950834065,0.32163266184826994,0.013220679003666535,0.0011251960456191232,0.00023374792042095494,5.537794278287456e-5,1.3448212160714804e-5,3.276589070517131e-6,8.131115200712692e-7,0.650000673046285,7.66841881117837e-7,3.1089791437200187e-6,1.2742888655097103e-5,5.156522633626022e-5,0.00020202816523093832,0.000721644283781599,0.0019174382045549928,-0.3473493224544468,0.0015988050990954628,0.0005465834612572661,0.00014819174419717127,3.7383445710213885e-5,9.2679602333156e-6,2.269470625278453e-6,5.501475968761116e-7,1.347095961788011e-7,-0.6499993822725878
142.5,1.1736470240511541e-7,4.720556450546283e-7,1.9354056046425936e-6,7.904230355316059e-6,3.226189184765081e-5,0.00013466160237969227,0.000610255447759369,0.004367091144319747,0.3247603909126581,0.011812900848619167,0.000997308968057085,0.00020714858237350095,4.907568573411498e-5,1.1918164530819636e-5,2.904065492143714e-6,7.208154921552161e-7,0.6500006269472243,6.795321922507305e-7,2.7549689427423334e-6,1.129186627795509e-5,4.569325719895319e-5,0.0001790183751064485,0.0006394095921444389,0.0016987015833667398,-0.3476518705892419,0.0014164671977120943,0.00048430840234381915,0.0001313145809843461,3.312648839550796e-5,8.212628259444525e-6,2.011051647691478e-6,4.87505250787672e-7,1.193747901093226e-7,-0.649999474470709
143.0,1.0239062776291051e-7,4.1162044202396785e-7,1.687256850054617e-6,6.89008759948062e-6,2.8121347041108457e-5,0.00011737895651166172,0.0005319900022892793,0.003813173115433523,0.3278849391418641,0.010406625234828614,0.0008695555057410387,0.00018057689700962194,4.2779992961991586e-5,1.0389707324142903e-5,2.5319298476070798e-6,6.286151727571454e-7,0.6500005347491031,5.923113096336583e-7,2.4013188906756772e-6,9.842318260417605e-6,3.9827264282638576e-5,0.0001560319946611756,0.0005572585450918652,0.0014801877142799585,-0.34795414212967335,0.0012343144128689953,0.0004220968196759411,0.00011445459237271566,2.8873852867734395e-5,7.158367587900594e-6,1.752895220067476e-6,4.2492638797895966e-7,1.0405558008796273e-7,-0.6499995205697696
143.5,8.74305609877438e-8,3.5124153424240084e-7,1.4393398709865316e-6,5.87689234478416e-6,2.3984659767042834e-5,0.00010011248358066708,0.00045379744195505933,0.0032597582145760065,0.33100639873400917,0.00900175852357801,0.000741928365655536,0.00015403146875228767,3.649050150392999e-5,8.862758241031105e-6,2.1601606827240518e-6,5.365059457105947e-7,0.6500004886500425,5.051740455747866e-7,2.048008588460637e-6,8.394165116494516e-6,3.396689587939542e-5,0.00013306766208204978,0.00047518641566942103,0.001261883631933852,-0.3482561140262108,0.0010523366603966567,0.00035994497670868014,9.761082171673502e-5,2.4625311220160424e-5,6.105122648832301e-6,1.4949870982356482e-6,3.624078430786864e-7,8.875107035861038e-8,-0.6499996127678909
144.0,7.239472313736231e-8,2.907032368274186e-7,1.1910255498947784e-6,4.86256283204271e-6,1.9844206404559922e-5,8.283009656966633e-5,0.00037549251516059805,0.002701065871650719,0.3342138100246648,0.007516234302808871,0.0006139978451311048,0.0001274495866723651,3.019285042210288e-5,7.333498436878815e-6,1.7876203982243906e-6,4.4408835874437115e-7,0.6500003964519213,4.1796002126217246e-7,1.6944125235598433e-6,6.944863294501679e-6,2.8102124092982255e-5,0.00011008930620470076,0.0003931000153463773,0.0010437357641779044,-0.3485576940807331,0.0008704484949659365,0.000297773505625768,8.075589207183919e-5,2.0373521198228767e-5,5.051041348328043e-6,1.236871644584434e-6,2.998377729679973e-7,7.343093160852182e-8,-0.6499996588669514
144.5,5.73050025344075e-8,2.3007272599191823e-7,9.425534878004894e-7,3.848006819400182e-6,1.5703557492472974e-5,6.554681481371474e-5,0.0002971488498488942,0.002138253785332164,0.3374923521658445,0.005962708925552599,0.00048590363692661067,0.0001008564949575868,2.389293996859173e-5,5.803415284483635e-6,1.414700269170128e-6,3.514764091883451e-7,0.6500003042538001,3.307452495702264e-7,1.340835978448661e-6,5.495660302434623e-6,2.2237938955381197e-5,8.711599803943289e-5,0.0003110627528403821,0.0008258840288640509,-0.34885876704558866,0.0006887724122251989,0.00023563161177217421,6.390398992872671e-5,1.6122103986693292e-5,3.9970268723287615e-6,9.78770786811938e-7,2.3727029670322499e-7,5.8108814501378046e-8,-0.6499997510650727
145.0,4.224685321279219e-8,1.695690498254023e-7,6.946010741593705e-7,2.83557301235253e-6,1.157156551915173e-5,4.829964361342058e-5,0.00021896857959626304,0.0015766015585815798,0.34076388724981116,0.004412587315654467,0.0003580859555578664,7.432067817431562e-5,1.7606589965679856e-5,4.276623766520413e-6,1.0425830892993424e-6,2.5906374613301453e-7,0.6500002581547394,2.43715454262943e-7,9.880098901137574e-7,4.049532644428155e-6,1.6386200057685914e-5,6.41914731696293e-5,0.00022919953229564194,0.0006084950849008704,-0.3491591946235956,0.000507482048968174,0.0001736215324200172,4.708785788800421e-5,1.187971441407218e-5,2.9452496104144976e-6,7.212178020532668e-7,1.7483556819685772e-7,4.281920289973872e-8,-0.6499998432631939
145.5,2.7193886087574288e-8,1.0913419850266276e-7,4.4701566773373916e-7,1.8248003218154173e-6,7.446647798952019e-6,3.108220439392995e-5,0.00014091482290328448,0.0010148821640590887,0.3440503814789464,0.002845363674567185,0.00023044713314206218,4.7827719111456974e-5,1.1330412059257038e-5,2.7521848228402727e-6,6.709686759015225e-7,1.6673692179213523e-7,0.6500001659566182,1.5683655264460992e-7,6.358043904053301e-7,2.6059543412865288e-6,1.054482599242036e-5,4.130823599607923e-5,0.00014749141213036735,0.0003915591182305373,-0.3494589768147541,0.00032656095089148897,0.00011172710588691458,3.0301834858976462e-5,7.644823254325239e-6,1.8953267285133236e-6,4.6411808087769054e-7,1.1251031977175158e-7,2.7555384128206772e-8,-0.6499998893622545
146.0,1.2154957054294028e-8,4.877525564104465e-8,1.9977568244994857e-7,8.155045407652585e-7,3.327881098581405e-6,1.3890507380587817e-5,6.297489014817148e-5,0.00045363154836291635,0.3473394111564152,0.0012732748718780333,0.00010298829514454499,2.1374058484851052e-5,5.063532606847697e-6,1.2299562755161812e-6,2.998643708795174e-7,7.452083598742166e-8,0.650000073758497,7.008917330239486e-8,2.84135706892963e-7,1.1645788727806504e-6,4.712387418593885e-6,1.8460225887889227e-5,6.591179197108278e-5,0.00017497883237380636,-0.3497582288667154,0.00014593331790402578,4.9929379336423387e-5,1.3541593427384368e-5,3.4164042237392003e-6,8.470055244840524e-7,2.07410448088713e-7,5.027996104462438e-8,1.2314385155763118e-8,-0.6499999815603758
146.5,0.0,0.0,0.0,0.0,0.0,0.0,0.0,0.0,0.35000001843962425,0.0,0.0,0.0,0.0,0.0,0.0,0.0,0.6500000276594363,0.0,0.0,0.0,0.0,0.0,0.0,0.0,-0.35000001843962425,0.0,0.0,0.0,0.0,0.0,0.0,0.0,0.0,-0.6500000276594363
