time_ns,Q_total,Q_electron,Q_hole,Q_no_trapping
0.0,0.0,1.6564598976665394e-10,-1.6564598976665394e-10,0.0
0.5,3.864724200297698e-5,1.7354064815174058e-5,2.1293174846835006e-5,3.864723966200906e-5
1.0,7.730186143130333e-5,3.468436126532511e-5,4.26174939083909e-5,7.730185517371602e-5
1.5,0.00011596310985052333,5.199400533632209e-5,6.396910361382897e-5,0.00011596310895015105
2.0,0.00015445324814571714,6.928078427325563e-5,8.517245874033954e-5,0.00015445324301359517
2.5,0.00019242706795833623,8.654838600097466e-5,0.00010587868159721265,0.0001924270675981873
3.0,0.0002304193341479921,0.0001037960729345094,0.00012662325887251476,0.00023041933180702418
3.5,0.0002684241380216132,0.0001210208947339807,0.00014740324022636674,0.00026842413496034744
4.0,0.0003064547600702937,0.0001382265393242375,0.0001682282142633758,0.00030645475358761327
4.5,0.00034450309694353547,0.00015541079395037043,0.00018909228030378365,0.00034450307425415406
5.0,0.00038256322869361346,0.00017257144585747014,0.00020999175042274134,0.0003825631962802115
5.5,0.00042064325867102585,0.00018971218297038554,0.00023093105013006763,0.00042064323310045317
6.0,0.0004587387750516125,0.00020683079253420728,0.0002519079666708531,0.0004587387592050604
6.5,0.0004968564405902274,0.00022393170005875412,0.0002729247128000072,0.0004968564128587613
7.0,0.0005349836950935986,0.00024100605452438855,0.0002939776005926809,0.0005349836551170695
7.5,0.0005731271562979661,0.00025805680627098975,0.00031507031797372323,0.000573127124244713
8.0,0.0006112794861692677,0.00027507731703382967,0.0003362021273581643,0.000611279444391994
8.5,0.0006494428456009695,0.00029207127473775715,0.0003573715535760646,0.0006494428283138218
9.0,0.0006876232220687175,0.0003090445800625306,0.00037857859662742413,0.0006876231766899547
9.5,0.0007258161137111237,0.0003259883819885124,0.0003998276820220616,0.000725816064010574
10.0,0.000764012696879868,0.0003429048932706121,0.00042110774598543016,0.0007640126392560423
10.5,0.0008022254867496087,0.00035979632666373904,0.0004424291147071069,0.000802225441370846
11.0,0.0008404442190763814,0.00037665973182801393,0.0004637844123373939,0.0008404441441654079
11.5,0.0008786827595932606,0.000393501747028165,0.0004851810147259891,0.0008786827617541541
12.0,0.0009169229207802395,0.0004103135212445547,0.0005066093332682851,0.0009169228545128399
12.5,0.0009551821698595029,0.00042710169274191124,0.0005280804317388289,0.0009551821244807402
13.0,0.0009934488019914425,0.0004438647863502949,0.0005495839839480435,0.0009934487702983384
13.5,0.0010317272290002184,0.0004606013268997662,0.000571125890575687,0.001031727217475453
14.0,0.0010700189815187023,0.0004773127895602647,0.0005927061516217594,0.001070018941182024
14.5,0.0011083239695096664,0.0004939984367468206,0.0006143255046712308,0.0011083239414180514
15.0,0.0011466371508883565,0.0005106582684594339,0.0006359787866293123,0.0011466370550887463
15.5,0.0011849597861759613,0.0005272922846981046,0.0006576674726659437,0.0011849597573640484
16.0,0.001223297997903968,0.0005439019606327723,0.0006793959882909437,0.001223297948923716
16.5,0.0012616435926846507,0.0005604850835085276,0.000701158432824554,0.0012616435163330816
17.0,0.0013000001720071199,0.0005770401781554309,0.0007229599693615631,0.001300000147516994
17.5,0.001338374578700685,0.0005935753580081499,0.0007447991227320313,0.0013383744807401812
18.0,0.0013767614105316807,0.0006100861975568659,0.0007666751553509891,0.001376761352907855
18.5,0.0014151512135911924,0.0006265660585368508,0.000788585116878557,0.0014151511754154078
19.0,0.0014535580336867502,0.0006430230543827722,0.0008105349079944936,0.0014535579623772658
19.5,0.0014919780892547884,0.0006594564475096605,0.0008325215783589196,0.00149197802586858
20.0,0.001530411380295307,0.0006758691882573946,0.0008545421776319558,0.0015304113658893505
20.5,0.0015688513340906794,0.0006922502128514278,0.0008766011313234211,0.001568851344174849
21.0,0.001607303172800116,0.0007086076347264279,0.0008986954890934362,0.0016073031238198641
21.5,0.001645773379104015,0.000724943666637304,0.0009208296764518199,0.0016457733430891238
22.0,0.001684254750024156,0.0007412538830742375,0.000943000743058693,0.0016842546261329305
22.5,0.0017227411630290513,0.0007575360712823191,0.0009652050009892066,0.0017227410722715256
23.0,0.0017612409015436547,0.0007737961319413069,0.00098744466299827,0.0017612407949395771
23.5,0.0017970483468738568,0.0007873278657970472,0.0010097204666708532,0.0017970483324679003
24.0,0.0018307030020883797,0.0007986763481422133,0.0010320265113271975,0.0018307028594694108
24.5,0.0018643803466842975,0.0008100137667128327,0.0010543664848921522,0.0018643802516049848
25.0,0.0018980836220018093,0.0008213401215089052,0.0010767433377055964,0.0018980834592145016
25.5,0.00193180742580725,0.0008326539373604912,0.001099153381842681,0.0019318073192031722
26.0,0.0019655564400364624,0.0008439574270225004,0.0011215988300583154,0.0019655562570808157
26.5,0.00199932814364707,0.0008552505904949324,0.0011440774695975903,0.001999328060092523
27.0,0.0020331221764901615,0.000866531215022878,0.0011665907756304452,0.0020331219906533234
27.5,0.0020669381784168255,0.0008777993006063372,0.0011891387481568804,0.0020669380487632174
28.0,0.0021007756092036958,0.0008890563224152496,0.001211719174421986,0.0021007754968372355
28.5,0.0021346411316056266,0.0009003059683744641,0.0012343350047656417,0.0021346409731401055
29.0,0.0021685205197406318,0.000911540125049313,0.0012569803385080887,0.002168520463557402
29.5,0.0022024310607564415,0.0009227639555345849,0.001279666977008844,0.002202430932543429
30.0,0.0022363621302601794,0.0009339774598302798,0.0013023845940783305,0.00223636205390861
30.5,0.0022703169695920456,0.0009451806379363976,0.0013251361400564272,0.0022703167779928248
31.0,0.0023042892761460966,0.0009563705395130592,0.0013479186646032548,0.0023042892041163143
31.5,0.0023382920152831294,0.0009675508524851136,0.0013707410187384513,0.002338291871223565
32.0,0.002372316723503735,0.0009787193640976514,0.001393597301782258,0.0023723166658799096
32.5,0.002406360699691081,0.0009898760743506725,0.0014164845633947956,0.002406360637745468
33.0,0.002440427545334277,0.001001021720829147,0.0014394057539159437,0.0024404274747450907
33.5,0.0024745203216990676,0.001012157778703014,0.0014623623485156417,0.0024745201272186558
34.0,0.0025086336265517867,0.0010232805600474248,0.00148535287202395,0.0025086334320713745
34.5,0.0025427762835407543,0.0010343930152022587,0.0015083832251206266,0.0025427762403228854
35.0,0.0025769360476029964,0.0010454944065825457,0.0015314416064461552,0.002576936013028701
35.5,0.0026111239032802986,0.0010565869469431953,0.0015545368670201733,0.0026111238139633684
36.0,0.002645333908115629,0.0010676662107743885,0.0015776675316727413,0.00264533374244713
36.5,0.002679566602332354,0.0010787358860009746,0.00160083065006398,0.0026795665360649546
37.0,0.0027138223460793855,0.0010897930222830744,0.0016240291725337684,0.002713822194816843
37.5,0.0027481000589099896,0.001100839832375597,0.0016472601487422277,0.002748099981117825
38.0,0.0027824015415687216,0.001111874841108603,0.0016705265290292367,0.00278240137013784
38.5,0.0028167264339066704,0.001122899523652032,0.0016938268382248561,0.002816726361876888
39.0,0.0028510772569662135,0.0011339131424209143,0.001717164026668965,0.0028510771690898793
39.5,0.002885453110375073,0.0011449164350002194,0.0017405366191916235,0.002885453054191843
40.0,0.0029198482317506725,0.0011559079262200079,0.0017639401902830132,0.0029198481165030213
40.5,0.002954269103773411,0.0011668883536652497,0.0017873806406228925,0.002954268994288142
41.0,0.0029887159065177435,0.0011778591925058841,0.0018108564950413213,0.0029887156875472052
41.5,0.0030231832377500046,0.0011888197051569413,0.0018343633280284814,0.0030231830331854228
42.0,0.0030576757794060377,0.0011997684164484822,0.001857907040264131,0.003057675456712613
42.5,0.003092187048805444,0.0012107053263805065,0.0018814817310685117,0.003092187057449018
43.0,0.0031267210075862457,0.001221633385292893,0.0019050874004416236,0.0031267207857345164
43.5,0.0031612783760462644,0.0012325496428457633,0.001928728473893285,0.0031612781167390486
44.0,0.0031958591541854996,0.0012434570493789958,0.0019524020010836176,0.0031958590504626134
44.5,0.003230460820961575,0.0012543526545527118,0.0019761079820126205,0.0032304606365653322
45.0,0.0032650830162255784,0.0012652364583669111,0.0019998464166802944,0.0032650828750472056
45.5,0.003299726100126422,0.0012761099359915335,0.002023615829916699,0.0032997257659082325
46.0,0.0033343915132597493,0.0012869738250115487,0.0020474176968917745,0.0033343915219033234
46.5,0.0033690803360722937,0.001297826650257017,0.0020712534927754605,0.0033690801430324773
47.0,0.0034037896873727667,0.0013086676741429686,0.002095121742397817,0.0034037894165407853
47.5,0.0034385231686502784,0.001319499109424313,0.0021190239209287836,0.0034385230303530965
48.0,0.0034732818603515625,0.0013303231688559596,0.002142958553198421,0.0034732817220543806
48.5,0.0035080531572647326,0.001341130263833301,0.0021669226888668502,0.003508052952700151
49.0,0.0035428561472820733,0.0013519307205459143,0.002190925178953708,0.0035428558994996225
49.5,0.00357767534400041,0.0013627179007290712,0.0022149571724393575,0.003577675073168429
50.0,0.0036125222721848965,0.0013734977050625305,0.002239024570003557,0.0036125222750660875
50.5,0.0036473897288573113,0.0013842664456214428,0.0022631229461364875,0.0036473893917579304
51.0,0.003682278074166566,0.0013950241224058085,0.002287253776008089,0.0036822778984138974
51.5,0.0037171923501974147,0.0014057707354156272,0.0023114214851281795,0.0037171922205438065
52.0,0.003752128235162925,0.0014165077598208386,0.0023356201728170012,0.00375212793263784
52.5,0.0037870860892120083,0.0014272359332064128,0.002359849839074554,0.003787085772280967
53.0,0.003822068073238131,0.00143795304281744,0.0023841149094106567,0.003822067952228097
53.5,0.003857069505305449,0.0014486568758990109,0.0024084124334854302,0.003857069309384441
54.0,0.0038920972282432717,0.001459353333130884,0.002432743886468814,0.003892097219599698
54.5,0.003927148360860311,0.0014700387265882103,0.002457109268360808,0.003927147994949018
55.0,0.003962221822709835,0.0014807130562709899,0.002481508579161412,0.003962221635432402
55.5,0.003997319774685309,0.0014913763221792223,0.0025059432940405663,0.003997319616219789
56.0,0.004032436814553068,0.001502029261897878,0.0025304075123185115,0.00403243677421639
56.5,0.00406757618365331,0.001512670400257017,0.0025549056595050674,0.004067576059762085
57.0,0.004102745805262079,0.0015233063755213674,0.0025794392107701732,0.004102745586291541
57.5,0.004137936675656598,0.001533928336671292,0.002604008166113829,0.004137936502785121
58.0,0.004173153476772711,0.0015445451347264277,0.0026286081000262158,0.004173153234752643
58.5,0.004208387925185466,0.0015551457059122284,0.0026532419628472127,0.004208387668759441
59.0,0.004243649744915458,0.0015657381636633614,0.0026779112297467596,0.004243649393410121
59.5,0.004278934974324667,0.0015763202952249172,0.0027026144255549167,0.004278934720779834
60.0,0.0043142425329663605,0.0015868935757668357,0.002727348599931805,0.004314242175698641
60.5,0.0043495792636698465,0.0015974580052891168,0.002752121128727122,0.004349579134016238
61.0,0.00438493256122324,0.001608007683112002,0.0027769246360911702,0.004384932319203172
61.5,0.004420305666966741,0.0016185477723302797,0.0028017576468540102,0.00442030541918429
62.0,0.0044557039831340135,0.0016290804856988598,0.0028266231113555206,0.004455703597054381
62.5,0.004491127149576147,0.0016396028728778629,0.0028515239799355814,0.004491126852813444
63.0,0.004526567243017099,0.001650114196282319,0.0028764528767444937,0.0045265670730268125
63.5,0.004562025343903602,0.0016606151934971981,0.002901409801782258,0.0045620249952794565
64.0,0.004597507574767144,0.0016711051269375306,0.002926402130898572,0.004597507257836103
64.5,0.004633014655905548,0.001681587684528165,0.0029514269137535572,0.004633014598281722
65.0,0.004668538303893859,0.0016920584407592828,0.002976479724837394,0.004668538165596677
65.5,0.004704090763795052,0.0017025210835557329,0.00300156941516972,0.0047040904987254535
66.0,0.00473966231158853,0.0017129734001626062,0.003026688608900838,0.004739662009063444
66.5,0.0047752522269764695,0.0017234131778249928,0.003051838781200687,0.0047752519590256795
67.0,0.004810868073086004,0.0017338448420527119,0.003077022882409146,0.004810867724461858
67.5,0.004846508769470399,0.0017442661800908539,0.0031022423876961554,0.0048465085677870095
68.0,0.004882164231960147,0.0017546771919394188,0.003127486970872137,0.0048821641628115555
68.5,0.004917851027405154,0.0017650823031082254,0.0031527684332966085,0.0049178507364048335
69.0,0.004953553669402247,0.001775474137747576,0.003178079399119871,0.0049535535368674475
69.5,0.004989281521823111,0.0017858541710274098,0.0032034272441916235,0.0049892814152190336
70.0,0.005025030983178637,0.0017962275660425154,0.003228803117492228,0.005025030683534743
70.5,0.005060806735404669,0.001806590634868044,0.0032542158700413215,0.005060806504909365
71.0,0.0050965994146295185,0.001816942639919026,0.003279656650819267,0.005096599290738293
71.5,0.005132418744873785,0.0018272843187804309,0.003305134310845702,0.005132418629626133
72.0,0.0051682618449461785,0.0018376200969620774,0.0033306414742709286,0.005168261571233006
72.5,0.005204124032910857,0.0018479411234443282,0.0033561825666047654,0.005204123690049094
73.0,0.005240011791448219,0.0018582540364919112,0.0033817575878472127,0.005240011624339124
73.5,0.0052759204386224196,0.0018685580985198568,0.0034073621124884514,0.005275920211008308
74.0,0.005311855736816038,0.0018788518343582255,0.0034330035163781794,0.005311855350736405
74.5,0.00534781372439105,0.0018891374567619264,0.003458675898836639,0.005347813355598565
75.0,0.005383793681049635,0.0018994127529760503,0.0034843807350337687,0.005383793488009819
75.5,0.005419796687238526,0.0019096769854156273,0.0035101195001395087,0.005419796485555136
76.0,0.005455822022659901,0.0019199294164956877,0.0035358921941538593,0.005455821610649547
76.5,0.005491875089547425,0.0019301759468959897,0.0035616988170768197,0.005491874763972809
77.0,0.005527950485667434,0.001940412151106715,0.0035875378937384513,0.005527950044845166
77.5,0.005564047850871014,0.0019506380291278629,0.0036134094241387534,0.005564047453266616
78.0,0.005600173307689655,0.001960856531299313,0.0036393163586176053,0.005600172889916918
78.5,0.005636320733591869,0.001971061756941307,0.003665258697175007,0.005636320454116314
79.0,0.005672486166939635,0.0019812581315636637,0.0036912275887913213,0.0056724857203549845
79.5,0.005708680052051372,0.0019914449175814125,0.0037172348348260644,0.005708679752407477
80.0,0.00574489554609777,0.002001623590164494,0.0037432715842595993,0.005744895174424094
80.5,0.005781133729525563,0.0020117926741429685,0.0037693407874318046,0.005781133461574773
81.0,0.0058173906406967305,0.0020219521695168355,0.0037954380188328623,0.005817390188349698
81.5,0.005853666999909093,0.0020321050266259746,0.003821561803292832,0.005853666829918807
82.0,0.005889964247758295,0.002042241656865778,0.0038477224670012914,0.0058899641238670695
82.5,0.005926280223350871,0.0020523731240107935,0.0038739067334287837,0.005926279857439577
83.0,0.005962621769516129,0.002062493527381262,0.0039001278791047653,0.0059626214064860275
83.5,0.005998983123871495,0.0020726058173170625,0.003926377053009599,0.005998982870326661
84.0,0.006035367527757167,0.002082708518648256,0.003952658680653104,0.006035367199301359
84.5,0.0060717713796840335,0.002092803106544781,0.0039789683365254605,0.006071771443070242
85.0,0.0061081990014390285,0.0021028881058367,0.004005310446136488,0.006108198551973187
85.5,0.0061446439103417525,0.002112959828599162,0.004031683534316246,0.006144643362915408
86.0,0.006181114029668249,0.002123024913096896,0.004058089076234675,0.006181113989331571
86.5,0.0062176021564402965,0.002133080408990023,0.004084521171212017,0.006217601580202039
87.0,0.006254114053040473,0.002143126316278543,0.004110987195097968,0.006254113511376511
87.5,0.006290645397681844,0.0021531641101323945,0.004137481247212771,0.006290645357345167
88.0,0.006327204113640454,0.0021631930529666093,0.004164010703406125,0.006327203756372734
88.5,0.006363781557342437,0.0021732116696112466,0.00419056966299827,0.006363781332609517
89.0,0.006400381330276904,0.002183218484896367,0.004217162551499025,0.006400381036395393
89.5,0.006437005593337321,0.0021932171867468206,0.004243787893738451,0.006437005080485272
90.0,0.006473648584141112,0.0022032070375776363,0.004270441264206729,0.006473648301784366
90.5,0.006510314624475208,0.0022131887749737844,0.0042971256132437385,0.006510314388217523
91.0,0.006547005154935255,0.002223160923765325,0.0043238438911893575,0.006547004814954683
91.5,0.006583718734925607,0.0022331234839522585,0.004350594622873648,0.006583718106825906
92.0,0.006620455364446266,0.0022430786682894944,0.004377376333126669,0.006620455001416163
92.5,0.006657210001412475,0.0022530205760972737,0.004404189021948421,0.006657209598045694
93.0,0.006693988408206813,0.002262953632885416,0.004431034164508844,0.00669398779739426
93.5,0.0067307963472118554,0.0022728815265787693,0.004457914711147817,0.0067307962377265865
94.0,0.006767623013960271,0.002282797618912606,0.004484824761185581,0.006767622380098187
94.5,0.00680447200994117,0.0022927055978117753,0.004511765789792076,0.006804471387603852
95.0,0.00684134909753713,0.002302604725691307,0.004538743697647061,0.006841348423338368
95.5,0.00687824707376993,0.002312495740136171,0.004565751108900838,0.006878246849037009
96.0,0.006915165218341747,0.002322374215636549,0.004592790973893285,0.006915165189529834
96.5,0.006952106412443869,0.0023322445777022587,0.004619861817454464,0.006952106395156722
97.0,0.006989073537267587,0.0023421053511633616,0.004646968065094192,0.006989073416257553
97.5,0.007027337198171011,0.002351958748774766,0.004675378362960505,0.007027337111735272
98.0,0.0070705464239206916,0.0023618025577815636,0.004708743756653859,0.007070546314435423
98.5,0.007113795986348408,0.0023716389909386633,0.004742156355785279,0.007113795346723943
99.0,0.0071570765215824735,0.0023814643603212162,0.004775611734844947,0.007157076095166163
99.5,0.0072003851484316,0.002391280878684132,0.0048091039931531035,0.007200384871837236
100.0,0.007243724748087073,0.0024010855956875304,0.004842639031389508,0.00724372462707704
100.5,0.007287101082931472,0.002410885149596141,0.004876215374384222,0.007287100523980363
101.0,0.007330378736974249,0.002420673639730204,0.0049097046823525,0.007330378322082704
101.5,0.007373497205198351,0.0024304562291845096,0.004943040572647062,0.007373496801831571
102.0,0.0074166574506961324,0.0024402277548642676,0.004976429569059448,0.007416657323923716
102.5,0.007459852990787195,0.0024499896919394186,0.005009862820570022,0.0074598525125094415
103.0,0.007503085986365004,0.002459743515579902,0.005043341802348723,0.007503085317928626
103.5,0.007546358598323027,0.0024694870130308084,0.0050768709399053695,0.007546357952936178
104.0,0.007589665784576509,0.0024792223970470473,0.005110442857390264,0.007589665254437311
104.5,0.007633015468401491,0.002488950405213588,0.0051440649306531035,0.007633015335866692
105.0,0.007676400446819755,0.002498667349605582,0.00517773273418407,0.007676400083789652
105.5,0.007719826482213876,0.002508376918147878,0.005211449218323044,0.007719826136470921
106.0,0.007763289252796922,0.0025180776356705367,0.005245211432730143,0.00776328906840068
106.5,0.00780679452095147,0.002527768764588588,0.005279025278085128,0.007806794042673716
107.0,0.007850337244592765,0.002537450304902032,0.005312886328878179,0.007850336633780212
107.5,0.007893917423720807,0.0025471237317808084,0.005346793109939358,0.007893916841720167
108.0,0.007937540100420349,0.0025567883076399473,0.005380751521948421,0.007937539829588369
108.5,0.007981206715287039,0.0025664447700644187,0.00541476156490537,0.007981206334969789
109.0,0.008024906463853542,0.0025760916438842827,0.005448814387790566,0.008024906031674849
109.5,0.008068651591182835,0.002585731141854449,0.0054829203167935875,0.008068651458648036
110.0,0.008112432733403232,0.0025953588384650984,0.005517073451234675,0.008112432289699774
110.5,0.00815625637319513,0.00260497915922605,0.005551276741453708,0.008156255900679758
111.0,0.00820011602787813,0.0026145913665523344,0.005585524286770929,0.008200115653323263
111.5,0.008244016019239166,0.0026241954604439505,0.005619820512696155,0.008244015973140105
112.0,0.008287962109660815,0.0026337907033159294,0.005654171319909146,0.008287962023225076
112.5,0.008331947096164853,0.002643375619998331,0.005688570807730143,0.008331946427728474
113.0,0.008375970978751283,0.002652953160831035,0.005723017500989206,0.008375970661820241
113.5,0.008420037358909215,0.0026625196378891923,0.005757517300366095,0.008420036938255286
114.0,0.008464146236638648,0.0026720787390976516,0.005792067255520929,0.00846414599461858
114.5,0.00850829689164176,0.002681628989286473,0.005826667366453708,0.00850829635574018
115.0,0.008552489323918553,0.002691171126040627,0.005861317633164433,0.00855248875920506
115.5,0.00859672497406467,0.0027007066245300533,0.005896018055653104,0.008596724680183156
116.0,0.00864100096088882,0.002710231796829902,0.00593076863391972,0.008641000430749623
116.5,0.008685323767071405,0.002719748118110114,0.00596557526864404,0.008685323386754155
117.0,0.008729683308442914,0.0027292541132007482,0.006000429108806427,0.008729683222007175
117.5,0.008774086067683748,0.0027387527324416847,0.006035333104746759,0.008774085837188444
118.0,0.00881853060419826,0.0027482432382479535,0.006070287256465037,0.00881853049471299
118.5,0.008863024841262494,0.0027577256306195548,0.0061052989398109585,0.008863024570430514
119.0,0.008907556533813477,0.0027671999095564884,0.006140356353425008,0.008907556262981495
119.5,0.00895213792691418,0.0027766645998888147,0.006175472773836638,0.008952137373725454
120.0,0.008996758936395097,0.002786118964031564,0.006210639350026216,0.00899675831405778
120.5,0.009041428926127915,0.002795566689909585,0.0062458619826734965,0.009041428672583082
121.0,0.009086137091645302,0.0028050063023529383,0.006281130345588904,0.009086136647941842
121.5,0.009130894237414588,0.002814437801361624,0.006316456240131956,0.00913089404149358
122.0,0.00917569244015973,0.0028238597117657025,0.0063518322904529525,0.009175692002218655
122.5,0.009220536741965487,0.002833272033565174,0.006387264397231654,0.009220536430796828
123.0,0.009265422821044922,0.0028426769795149476,0.006422745184618361,0.009265422164133308
123.5,0.009310354999184969,0.002852073812030053,0.006458280553292832,0.009310354365322885
124.0,0.00935533111549216,0.002861460318355582,0.0064938705032550675,0.00935533082161065
124.5,0.009400352610562143,0.002870841661586322,0.006529510608995249,0.009400352270581572
125.0,0.00944542092499056,0.0028802119410425153,0.0065652082463630735,0.009445420187405589
125.5,0.009490528135501365,0.0028895718943091316,0.006600956039508844,0.009490527933817976
126.0,0.009535684326264074,0.0028989266844809593,0.006636756938772439,0.009535683623253398
126.5,0.009580875091322239,0.0029082711484632105,0.006672603568304162,0.00958087471676737
127.0,0.009626109074249729,0.0029176097117657026,0.006708498878443889,0.009626108590209593
127.5,0.009671380512663965,0.0029269357361237087,0.006744444344361563,0.009671380080485271
128.0,0.00971669012686277,0.002936254384632017,0.006780435540547363,0.00971668992517938
128.5,0.009762042238633079,0.0029455663948755972,0.00681647541734117,0.009762041812216767
129.0,0.009807436847974887,0.0029548695540995394,0.006852566925082862,0.009807436479182401
129.5,0.009852863150420867,0.002964163124718875,0.006888699737582862,0.009852862862301737
130.0,0.009898335551927456,0.0029734493194885124,0.006924885656200687,0.0098983349756892
130.5,0.009943847569814262,0.0029827251880685727,0.006961121730596457,0.00994384691866503
131.0,0.009989400644676924,0.002991995155968875,0.006997405010430295,0.00998940016639917
131.5,0.01003499765770673,0.0030012570104345094,0.007033739921212016,0.010034996931646526
132.0,0.01008063788860586,0.0030105107514654763,0.007070126462941624,0.0100806372144071
132.5,0.010126314134396096,0.0030197519535519564,0.007106561685279237,0.010126313638831194
133.0,0.010172033598055652,0.003028988730128618,0.007143044113054916,0.010172032843183534
133.5,0.010217794118691066,0.0030382151805157026,0.007179578171778482,0.010217793352294184
134.0,0.010263594976004518,0.0030474349926380593,0.007216159435940113,0.010263594428578172
134.5,0.010309439771485112,0.003056646691325748,0.00725279233104963,0.010309439022375378
135.0,0.01035532418334592,0.0030658480638238597,0.0072894753819370914,0.010355323445760952
135.5,0.010401253253671697,0.0030750427980572436,0.007326210063772439,0.010401252861829682
136.0,0.010447224101271154,0.00308422720610105,0.007362996376555672,0.010447223582656722
136.5,0.0104932403276334,0.0030934057134650987,0.007399834320286789,0.010493240033751888
137.0,0.01053929617037586,0.0031025731570546,0.007436722419795853,0.010539295576850453
137.5,0.010585395951285463,0.003111734699964343,0.007473660675082862,0.010585395375047206
138.0,0.010631536068873102,0.003120886654269479,0.007510649086147817,0.010631535740417296
138.5,0.010677721565223532,0.0031300319703098873,0.007547689128160656,0.010677721098470544
139.0,0.010723949559145464,0.003139166960160718,0.007584782276291321,0.010723949236452038
139.5,0.010770225092723651,0.0031482960493317905,0.007621928530539811,0.0107702245798716
140.0,0.010816538802086407,0.003157414812313286,0.007659123465396306,0.010816538277709592
140.5,0.010862900051105418,0.0031665261994450835,0.007696372981540566,0.010862899180985649
141.0,0.010909299475909,0.0031756279979722737,0.007733671178292832,0.010909299176265106
141.5,0.01095575076215577,0.003184723158234736,0.0077710269066727415,0.010955750064907477
142.0,0.011002240224187108,0.003193808729892591,0.007808431315660657,0.011002240045553247
142.5,0.011048775064981236,0.0032028854505308083,0.007845888830766397,0.011048774281297205
143.0,0.011095356004835976,0.003211954795319328,0.007883400927159901,0.01109535572247923
143.5,0.011141985924942616,0.0032210160266731803,0.00792096908001111,0.01114198510668429
144.0,0.011188658342620757,0.003230070619762304,0.007958587388640264,0.011188658008402567
144.5,0.01123536965638129,0.0032391134114919114,0.007996255853047364,0.011235369264539274
145.0,0.01128213211128719,0.0032481525152966697,0.008033978898742227,0.011282131414038898
145.5,0.011328936343466767,0.003257180555326881,0.008071755050554916,0.011328935605881798
146.0,0.011375785954409136,0.0032661982691675156,0.00810958725882531,0.011375785527992824
146.5,0.011422685986199048,0.0032752100823283917,0.008147475523553407,0.011422685605881798
147.0,0.011469629235858283,0.00328421451963957,0.008185413944059448,0.011469628463699017
147.5,0.011516620025173775,0.0032932078931762012,0.008223411371363074,0.011516619264539275
148.0,0.011563655472954234,0.003302196103618044,0.008261458954444644,0.01156365505806269
148.5,0.011610739900986594,0.003311176938210189,0.00829956259398392,0.011610739532194108
149.0,0.011657868987483921,0.003320147446612757,0.008337720814810958,0.011657868261423716
149.5,0.01170504777453097,0.003329110579165627,0.008375936567265641,0.01170504714643127
150.0,0.011752268338851698,0.00333806412311389,0.00841420395066821,0.0117522680737821
150.5,0.011799537163126504,0.003347009553627485,0.00845252739052848,0.011799536944155966
151.0,0.011846853527057567,0.0033559476082913827,0.008490905411676518,0.0118468530199679
151.5,0.011894217430644885,0.0033648760743506725,0.008529340964452197,0.01189421703880287
152.0,0.011941630314484104,0.0033737971645602647,0.00856783257368558,0.011941629738245845
152.5,0.01198908785678829,0.0033827101413351894,0.00860637728903679,0.011989087430371978
153.0,0.01203659581994002,0.0033916157422604156,0.008644979536015642,0.012036595278276057
153.5,0.01208415276334365,0.003400511754581035,0.008683640789792077,0.012084152544373112
154.0,0.012131748602829671,0.0034094003910519564,0.008722347773836639,0.012131748164888595
154.5,0.012179390541376305,0.0034182816516731803,0.008761107863999026,0.012179389515672205
155.0,0.012227072816600973,0.0034271503733499173,0.008799922535449176,0.012227072908799094
155.5,0.01227479686909932,0.0034360109815919867,0.008838785887507333,0.01227479686909932
156.0,0.012322571342445212,0.003444864213984358,0.008877706771193134,0.012322570985177493
156.5,0.012370381830682207,0.0034537078577721227,0.008916673385147062,0.012370381242919185
157.0,0.012418235536788525,0.00346254117537031,0.008955693105218814,0.012418234280589123
157.5,0.012466131020168523,0.0034713663795338297,0.008994764456238452,0.012466130098187311
158.0,0.01251407116201349,0.0034801834702626816,0.009033887438205974,0.012514070170883686
158.5,0.012562057402919066,0.0034889902348019565,0.00907306795180114,0.012562057449018126
159.0,0.012610081099311391,0.003497788148321594,0.009112292720494493,0.012610080131231117
159.5,0.012658153775955616,0.0035065757356516542,0.00915157649598543,0.012658152969222054
160.0,0.01270626822987352,0.0035153566847169865,0.009190910427254312,0.012706267111971299
160.5,0.012754424461065101,0.003524125094837833,0.00923029893981096,0.012754424034648791
161.0,0.012802626791317297,0.0035328876042789205,0.00926973908331549,0.012802626687594411
161.5,0.012850875220630104,0.003541640525115401,0.009309235283277727,0.012850875070808157
162.0,0.012899163986620946,0.003550380169422425,0.009348783114187848,0.012899163283610272
162.5,0.012947503173459333,0.0035591146506346607,0.009388388476725611,0.012947503127360272
163.0,0.012995885578167042,0.003567839543242289,0.00942804399504132,0.01299588427586858
163.5,0.013044308319552788,0.00357655484724531,0.009467752619474856,0.013044308204305136
164.0,0.013092780041190433,0.0035852620378136633,0.009507517300366095,0.013092779338179759
164.5,0.013141292099506112,0.0035939574270225003,0.009547335087375158,0.013141291776812688
165.0,0.013189850256882405,0.0036026454403816394,0.009587204505332106,0.013189849945713747
165.5,0.01323846171629753,0.0036113246027211407,0.009627135880426518,0.013238461220732628
166.0,0.013287114952986335,0.003619993438871065,0.009667120361638753,0.01328711380050982
166.5,0.013335809966948817,0.0036286541615863223,0.009707154998628934,0.013335809160215257
167.0,0.013384552520567557,0.003637304558112002,0.009747247167246759,0.01338455172535876
167.5,0.013433342613842552,0.0036459475787879838,0.009787393917152349,0.013433341495940332
168.0,0.013482174484391226,0.003654578798104449,0.009827595248345701,0.01348217404645015
168.5,0.013531053894596157,0.003663201166401277,0.00986785263599676,0.013531053802398036
169.0,0.013579980844457345,0.003671814683678467,0.00990816608010552,0.013579980763783988
169.5,0.013628953893379142,0.00368042008752099,0.009948534105502047,0.013628953455438067
170.0,0.013677974481957197,0.003689013690003996,0.009988959662526215,0.013677973352530211
170.5,0.013727041169595862,0.0036976013918072433,0.01002943832566821,0.013727040455060423
171.0,0.013776149634508208,0.003706176554666005,0.010069973045267907,0.013776148862348942
171.5,0.013825308520268097,0.003714742128920159,0.010110565296495249,0.013825307425415408
172.0,0.013874519267471176,0.003723301064909585,0.010151218029690113,0.013874519094599698
172.5,0.013923776113734864,0.0037318489371244642,0.010191926819342681,0.013923775018882175
173.0,0.013973076177867878,0.0037403879583197057,0.010232687239943134,0.01397307519826284
173.5,0.014022429544039724,0.00374891886608028,0.010273509617681049,0.01402242848376133
174.0,0.014071824687485248,0.0037574364973113976,0.010314388051876669,0.014071824549188067
174.5,0.014121268811182672,0.003765948965447727,0.010355319592190113,0.014121267820052871
175.0,0.014170760474536354,0.0037744496322245397,0.01039631013930114,0.01417075977152568
175.5,0.014220303999333224,0.003782940710396745,0.010437362643549629,0.014220303353946374
176.0,0.014269889301403771,0.0037914251503042224,0.010478462353236186,0.014269888241125378
176.5,0.014319530786704442,0.0037998977888521832,0.010519632871079841,0.014319530659932024
177.0,0.014369100242222904,0.0038083615763805064,0.010560738481446156,0.014369099320241692
177.5,0.014418544365920329,0.003816812824964343,0.010601731978897062,0.014418544066276436
178.0,0.014468040351060942,0.0038252581728684216,0.010642781532805672,0.014468038968089124
178.5,0.014517599722409897,0.003833693194582923,0.0106839063203812,0.014517598777379154
179.0,0.014567219598775903,0.0038421186276928177,0.010725100440943889,0.014567219068636707
179.5,0.014616892777180744,0.003850533734613135,0.010766359468983919,0.014616892466012084
180.0,0.014666626460602636,0.003858938515343875,0.01080768783001111,0.014666626345354985
180.5,0.014716413446063361,0.0038673344450549777,0.010849079623345702,0.01471641333081571
181.0,0.014766263817732429,0.003875721523746443,0.010890542224837393,0.014766263748583837
181.5,0.014816174694418547,0.0038841004890032404,0.010932074159316246,0.014816174648319486
182.0,0.014866137432547855,0.003892466915315552,0.01097367100127244,0.01486613717900302
182.5,0.014916146269737774,0.0039008244906082253,0.011015320949346458,0.014916145439954683
183.0,0.014966206968370881,0.003909173952466231,0.011057032854557938,0.014966206807024169
183.5,0.0150163137660646,0.003917511612964721,0.011098800816227121,0.015016312429191842
184.0,0.015066459459840711,0.003925839684858603,0.011140620408844192,0.015066459356117825
184.5,0.01511665701506001,0.003934158168147878,0.011182497533088904,0.015116656438821752
185.0,0.015166904991126853,0.003942467800417515,0.01122443513930114,0.015166903677303625
185.5,0.015217197625658664,0.003950766368912606,0.01126643027714102,0.015217196646053626
186.0,0.015267539240442374,0.003959055348803089,0.011308482946608541,0.015267538295411632
186.5,0.01531792839488234,0.003967335477673936,0.011350591672533768,0.015317927150207704
187.0,0.015368365088978563,0.003975603805185265,0.011392760880426518,0.015368364685611783
187.5,0.01541884211975282,0.003983860331337077,0.011434981719267153,0.01541884205060423
188.0,0.015469371011970266,0.003992108744054222,0.01147726156490537,0.015469369571374623
188.5,0.015519950325035257,0.00400034830575173,0.01151960189251111,0.01551995019826284
189.0,0.015570580058947792,0.004008576803674691,0.011562002702084373,0.015570579505759064
189.5,0.015621257332516581,0.004016797188162983,0.011604459568115339,0.015621256018693354
190.0,0.015671980705145982,0.00402500429612182,0.01164697544094389,0.01567197973706571
190.5,0.01572275161743164,0.00403320255306102,0.011689548845400083,0.015722750660876132
191.0,0.01577356862877791,0.004041391221395612,0.0117321753559741,0.015773567314954683
191.5,0.015824433179780436,0.004049567350785718,0.011774865298855521,0.01582443264964124
192.0,0.015875358235800014,0.004057736841911096,0.011817620149214282,0.015875356991125376
192.5,0.015926319306710696,0.004065893794091987,0.01186042515535099,0.015926318211858005
193.0,0.0159773365608515,0.004074040420083301,0.011903295068965038,0.01597733548904834
193.5,0.0160284027952442,0.004082177457470008,0.011946223989376668,0.016028401446846675
194.0,0.016079518009888803,0.0040903026934971986,0.011989214866925762,0.01607951756042296
194.5,0.01613068076418966,0.004098419078504751,0.012032260325762621,0.01613067940426737
195.0,0.016181895379933704,0.004106522924567818,0.01207537069207682,0.016181894354229606
195.5,0.016233157535334008,0.004114618657196216,0.012118537114848723,0.01623315650962991
196.0,0.01628446434919928,0.0041227025884650985,0.01216176106924827,0.0162844629201284
196.5,0.016335828786890313,0.004130776193544404,0.012205052881465037,0.01633582833742447
197.0,0.01638723644245067,0.004138838734849162,0.01224839632462969,0.016387235059478852
197.5,0.01643870460302808,0.004146893162719253,0.012291810575951443,0.016438703738670696
198.0,0.016490215981474817,0.004154935789229827,0.012335279408560959,0.016490215197790786
198.5,0.01654177922136474,0.004162965139210944,0.012378813148647817,0.01654177828785876
199.0,0.01659339432269785,0.004170987850927334,0.012422404420362318,0.01659339300887462
199.5,0.016645056963687215,0.004178998023699238,0.012466059124384221,0.016645056410498488
200.0,0.016696772906715417,0.004186997132696594,0.012509774310373648,0.016696771443070243
200.5,0.016748537829995514,0.0041949844403344335,0.012553551453500535,0.01674853663141994
201.0,0.016800357495910093,0.0042029628969526365,0.012597393504104765,0.0168003564010574
201.5,0.016852224701480924,0.004210930289796292,0.012641293086336639,0.01685222337613293
202.0,0.016904140887303656,0.004218886618865401,0.012685254625705973,0.016904140506986406
202.5,0.016956111815760865,0.004226831884159963,0.012729278122212771,0.016956110743957704
203.0,0.017008137486852547,0.004234764610510038,0.01277337242687667,0.017008137037386708
203.5,0.0170602078164092,0.004242687748255506,0.012817519837658392,0.017060207585913898
204.0,0.01711233288860033,0.004250599084641458,0.012861733631087394,0.017112332715728852
204.5,0.017164508381639004,0.004258498619667893,0.012906009381653859,0.017164508001321754
205.0,0.017216735736120863,0.004266387828504751,0.012950347089357786,0.017216734917862537
205.5,0.017269020714428488,0.004274266711152032,0.012994752654878934,0.017269019366030966
206.0,0.01732134891060544,0.004282133054854827,0.013039215752027726,0.017321348069297582
206.5,0.01737373329001251,0.004289989072368044,0.01308374375665386,0.017373732829021903
207.0,0.01742617097145841,0.004297831813351805,0.013128339619097212,0.01742617069486405
207.5,0.017478654751964928,0.0043056627529760505,0.01317299153799827,0.01747865429097432
208.0,0.017531199037488492,0.004313484103995687,0.013217714265056427,0.017531198369052113
208.5,0.01758379230326396,0.004321293653655809,0.013262497474082107,0.017583791127737915
209.0,0.017636441752269548,0.004329093614711322,0.013307348540925008,0.01763644141805136
209.5,0.017689141622122682,0.0043368795616524096,0.01335226156490537,0.01768914038897281
210.0,0.01774189623461029,0.004344654444818951,0.013397240971533013,0.017741895416351964
210.5,0.017795804764208837,0.0043524153138710655,0.013443388712752802,0.017795804026623868
211.0,0.01785438226428997,0.004360167331903543,0.01349421421785099,0.017854381549754533
211.5,0.017913033234748955,0.0043679075485765035,0.013545125282805671,0.017913032831382174
212.0,0.01797176055677708,0.0043756352263049775,0.01359612338278679,0.017971759346676736
212.5,0.018030572873948204,0.004383350365088965,0.01364722031915386,0.018030571421827794
213.0,0.01808944857732767,0.004391055177683376,0.013698393964357786,0.018089448404456192
213.5,0.018148415038232717,0.0043987489265032405,0.013749664970777726,0.018148413897280967
214.0,0.018207444885346105,0.0044064286612086785,0.013801015636374403,0.018207444297583083
214.5,0.01826656116819814,0.0044140958569696305,0.013852463663187093,0.01826656025774169
215.0,0.018325748040236737,0.004421753464125974,0.013903994299516397,0.018325747026057403
215.5,0.018385017026227045,0.004429397794752863,0.013955619346721834,0.018385016403889728
216.0,0.018444358041999565,0.004437027373680355,0.014007329953783768,0.018444356589879154
216.5,0.018503782612319438,0.004444646626418271,0.014059134971721836,0.018503782335725076
217.0,0.018563280653017166,0.004452254815381639,0.014111025549516397,0.018563280364898037
217.5,0.018622859367070962,0.004459849727815552,0.014163007587847212,0.018622858053247735
218.0,0.018682514432693895,0.004467432101304978,0.014215081086714283,0.01868251392560423
218.5,0.01874224584988597,0.004475001935849918,0.014267243095777727,0.018742245031627643
219.0,0.018802062262221045,0.00448255996903534,0.014319502466057182,0.018802061697507554
219.5,0.018861950704338326,0.004490104725691307,0.014371844445853255,0.018861949171544563
220.0,0.018921921260407325,0.0044976369434027875,0.01442428378686534,0.018921920730268126
220.5,0.018981968168045458,0.004505155884584812,0.0144768116380738,0.01898196752265861
221.0,0.019042102952017886,0.004512665237162228,0.01452943685049827,0.01904210135007553
221.5,0.019102309765772516,0.004520162050795159,0.014582147622779236,0.019102308935989427
222.0,0.019162605896457085,0.004527646325483603,0.014634958706616095,0.019162605032099697
222.5,0.019222972616328212,0.0045351195363975,0.014687852399969569,0.01922297193636707
223.0,0.01928343297491621,0.0045425824211218204,0.014740849355218813,0.019283431776340634
223.5,0.01934395095732997,0.004550031291731715,0.014793920068965037,0.019343950623111783
224.0,0.019404566900247534,0.004557468360982093,0.01484709699494691,0.019404565355929004
224.5,0.019465254872947303,0.004564892153703014,0.014900362431125158,0.0194652538472432
225.0,0.01952603504376829,0.004572304882649389,0.014953728178859297,0.019526033799093654
225.5,0.019586890125562778,0.004579706547821217,0.01500718243678981,0.01958688898461103
226.0,0.01964783164309591,0.004587097149218497,0.015060734055936336,0.019647831205154835
226.5,0.019708850952793823,0.004594475949256262,0.015114374185279236,0.019708850134535497
227.0,0.01976995093584781,0.0046018407351796,0.01516810872549827,0.01976995019826284
227.5,0.01983113303285351,0.004609191506988512,0.015221940626933316,0.019831131396336858
228.0,0.019892401565597857,0.004616530477437908,0.015275869889584372,0.01989240110460725
228.5,0.019953740687528764,0.004623855433772878,0.015329884712091926,0.019953740145864804
229.0,0.02001516912638961,0.004631171539088211,0.01538399689581549,0.02001516769731873
229.5,0.02007667679801088,0.004638472155119177,0.015438203490415189,0.020076676383119336
230.0,0.02013827522715773,0.004645762444960567,0.015492510396570777,0.020138273579116316
230.5,0.020199951448469363,0.00465304093344244,0.01554690876326262,0.02019995043429003
231.0,0.020261711224328356,0.004660304670224917,0.015601404491170475,0.02026170989898036
231.5,0.02032355023294777,0.004667556605647878,0.015655991679614584,0.020323549022847432
232.0,0.02038547279611455,0.004674796002126352,0.015710676229274707,0.020385472231401056
232.5,0.020447484676211262,0.004682025072415249,0.01576545814015084,0.020447483950151057
233.0,0.020509574348472757,0.004689238653419781,0.015820334461903104,0.020509573852907855
233.5,0.020571750456472897,0.004696440433064796,0.015875308144871383,0.020571749315521148
234.0,0.02063401732199862,0.004703630411350295,0.01593038508973543,0.020634016238670696
234.5,0.02069635765790219,0.004710806375521367,0.015985550544795852,0.02069635692031722
235.0,0.020758790191926984,0.0047179705383329235,0.016040819261752045,0.0207587890625
235.5,0.020821299077520918,0.004725120687030053,0.016096176488904615,0.020821297913519637
236.0,0.020883728730354423,0.004732257559197727,0.01615146880857984,0.02088372710536254
236.5,0.020946152620805354,0.004739381892420914,0.016206769979274706,0.020946151871695618
237.0,0.02100866870937751,0.004746493686699615,0.01626217441186534,0.021008668098564956
237.5,0.021071287080240395,0.00475359220444886,0.01631769390771126,0.02107128611216012
238.0,0.02113399908982015,0.004760678183253618,0.01637331961579283,0.02113399853663142
238.5,0.02119681194109499,0.004767750147943951,0.01642906038712969,0.02119681127265861
239.0,0.021259716990491055,0.004774811786444706,0.01648490442036232,0.021259715469222056
239.5,0.021322715678603988,0.004781858673246066,0.016540854665830596,0.02132271407666163
240.0,0.021385810886625077,0.004788890808348029,0.01659691997455416,0.02138581004531722
240.5,0.021449004055149965,0.004795911879675446,0.016653091495513375,0.021449003375188822
241.0,0.02151229374358301,0.004802920412058377,0.01670937217904812,0.021512292591106496
241.5,0.0215756828331155,0.004809914192741911,0.01676576792583815,0.02157568211858006
242.0,0.021639172764343077,0.004816896172065929,0.016822275785543586,0.021639171957609518
242.5,0.02170275633428752,0.004823864874860491,0.016878889857484675,0.021702754732345165
243.0,0.021766440745927054,0.0048308195635406274,0.016935618992681048,0.021766439293806648
243.5,0.021830214474496526,0.0048377624508612466,0.016992451389773195,0.02183021384063444
244.0,0.021894102010121878,0.00484469279923738,0.017049407701140263,0.021894100500377642
244.5,0.021958070219103305,0.004851607658329147,0.017106461373723347,0.02195806976963746
245.0,0.022022143591566748,0.004858509240891458,0.01716363305990159,0.02202214230079305
245.5,0.022086316365129637,0.004865401234849162,0.01722091390865537,0.022086315143504533
246.0,0.02215058421800504,0.00487227700193753,0.017278306870324556,0.022150583872262083
246.5,0.022214948590788597,0.0048791409676663825,0.017335806044229386,0.02221494701189577
247.0,0.022279422448841107,0.004885992394450748,0.017393429132409145,0.022279420789274924
247.5,0.022343987064419195,0.004892829807120688,0.017451155482484673,0.022343986027190333
248.0,0.022408652521692374,0.0048996546808461406,0.01750899689581549,0.02240865157666163
248.5,0.022473415939469353,0.0049064670156271075,0.017566947471721835,0.022473414487348943
249.0,0.022538278758345773,0.004913264598708679,0.017625013110883467,0.022538277709592144
249.5,0.02260324818129986,0.004920050380430733,0.017683196763640264,0.022603247144070998
250.0,0.02266830548058824,0.004926823623208301,0.017741480727952952,0.022668305088746222
250.5,0.022733473705741213,0.0049335835894564126,0.017799888606540568,0.02273347219599698
251.0,0.022798741331993635,0.0049403317543450075,0.017858408598043586,0.022798739614803627
251.5,0.02286410547815421,0.004947064429949238,0.017917040702462018,0.022864104394826282
252.0,0.02292957334720116,0.00495378456660898,0.01797578787013573,0.022929572436744712
252.5,0.022995137736156267,0.004960492164324238,0.01803464420038498,0.022995136364709214
253.0,0.02306080872918904,0.004967186485510038,0.018093621494569268,0.023060807980079305
253.5,0.02312657336093868,0.004973869742921292,0.018152702050649328,0.02312657253115559
254.0,0.023192447477957272,0.004980539355010604,0.018211906521004313,0.023192446244807402
254.5,0.023258422436670954,0.0049871953217779765,0.018271226054614585,0.023258421745185047
255.0,0.02332449679648408,0.004993838012015891,0.018330657701140264,0.02332449608194864
255.5,0.023390679200970516,0.005000470007271745,0.01839020736126111,0.023390678106117824
256.0,0.023456955244173815,0.0050070887259981425,0.018449866183957483,0.02345695454116314
256.5,0.023523337891454783,0.005013693799402598,0.018509643020249024,0.02352333718844411
257.0,0.023589824261622126,0.005020285227485113,0.01856953787013573,0.023589823097620845
257.5,0.023656410032888913,0.005026864854208112,0.01862954483293785,0.023656409318353475
258.0,0.02372310096763772,0.005033433048364079,0.01868966685899525,0.023723100276151814
258.5,0.02378989274408162,0.0050399875971981044,0.018749903948307937,0.023789891545506044
259.0,0.023856789684007534,0.0050465299758801286,0.01881025905121579,0.023856789027095923
259.5,0.023923788906224184,0.005053058709240212,0.018870729217378934,0.02392378829541163
260.0,0.023990890410731568,0.005059575272448293,0.018931314446797364,0.02399088935045317
260.5,0.024058098519316614,0.005066080403089343,0.01899201768981096,0.024058098092900302
261.0,0.024125410350788037,0.005072572257200937,0.01905283599607984,0.024125408622073262
261.5,0.024192821583358903,0.005079051572368044,0.01911376936560401,0.024192820937972054
262.0,0.024260345182390012,0.005085520192553089,0.019174823699063225,0.024260343891616316
262.5,0.024327975385498784,0.0050919755362086785,0.019235998996457483,0.024327974532666163
263.0,0.02439570354911136,0.005098418709712266,0.019297283456427273,0.024395702534932024
263.5,0.024463544079184173,0.005104848606686398,0.019358694781011865,0.024463542650113294
264.0,0.024531485450952073,0.005111268177470952,0.019420215268171986,0.024531483076850453
264.5,0.024599533426797642,0.00511767373414108,0.01948185966960703,0.024599532666163142
265.0,0.024667688006720874,0.0051240678582441775,0.019543619134297363,0.02466768699254154
265.5,0.024735963596678213,0.005130450180987757,0.01960551136428226,0.024735962282854986
266.0,0.024804328503565485,0.00513682143995679,0.019667506856162923,0.024804327558534744
266.5,0.024872805776913,0.005143179791188853,0.01972962626231851,0.02487280494712991
267.0,0.02494138965433818,0.005149525972268912,0.019791863682069265,0.024941388547960724
267.5,0.025010083017032312,0.005155862933536851,0.019854219115415187,0.02501008131136707
268.0,0.025078885864995397,0.005162186987067817,0.019916695512696155,0.025078883237348942
268.5,0.025147795317036148,0.005168498132861813,0.019979295824252046,0.025147794325906345
269.0,0.02521681425434585,0.005174798214881262,0.020042014149403105,0.025216811626699396
269.5,0.025285942676924508,0.005181086126748708,0.020104856388829084,0.025285941040407853
270.0,0.02535867258861346,0.005187363712426579,0.02017130984426715,0.025358672819108762
270.5,0.025433033254571552,0.005193630971914872,0.020239403688678027,0.025433033185422962
271.0,0.02550753221771148,0.005199886061251164,0.02030764505008286,0.02550753221771148
271.5,0.025582140666120363,0.005206130086812908,0.02037601032576262,0.02558214041257553
272.0,0.025656864362180773,0.005212361204637681,0.020444502466057182,0.025656863670694863
272.5,0.025731714830657868,0.005218583102650332,0.020513130321986185,0.025731713793429003
273.0,0.025807029170932368,0.0052251335947670246,0.02058189389354963,0.025807027119524168
273.5,0.0258833634529229,0.005232574720734736,0.020650787280067757,0.02588336126321752
274.0,0.025959833150903985,0.005240010683607659,0.020719819332560202,0.025959831122545317
274.5,0.026036420977727886,0.005247441852178278,0.020788978249667453,0.02603641899546828
275.0,0.02611314710173362,0.0052548638009367755,0.020858281733428782,0.02611314553436556
275.5,0.02618999711696475,0.005262282430562908,0.020927715032144797,0.026189995987537764
276.0,0.02626699119176029,0.005269695159509283,0.020997295847854765,0.026266991007364047
276.5,0.026344123563737668,0.005277103462945839,0.021067018279878936,0.026344121742824772
277.0,0.026421382708131727,0.005284503284155242,0.021136879377877425,0.026421382293240182
277.5,0.026498777268516332,0.005291898679854827,0.021206876191510356,0.02649877560895015
278.0,0.026576313007274064,0.005299287437289683,0.021277023472477122,0.02657631054097432
278.5,0.026653975518448475,0.005306673613177145,0.02134730056839857,0.02665397528795317
279.0,0.02673177920799601,0.005314053888384849,0.02141772518131398,0.026731778700906345
279.5,0.026809726957107958,0.00532142863170528,0.021488297311223346,0.026809726680513596
280.0,0.026887804359827877,0.005328798211930922,0.021559005156767154,0.02688780447507553
280.5,0.026966025822112206,0.00533616299785426,0.021629860519304916,0.02696602388595166
281.0,0.02704437405681322,0.00534352335826778,0.02170084864713724,0.027044373111782476
281.5,0.027122869232269933,0.005350878555586511,0.021771987242303406,0.027122866904267372
282.0,0.02720150558609977,0.005358229327395423,0.021843276304803406,0.027201505263406343
282.5,0.027280277355920153,0.0053655741985245775,0.021914701082937846,0.02728027638783988
283.0,0.02735919030411366,0.005372915381728883,0.021986273378066246,0.027359189128587612
283.5,0.027438241549489,0.005380252508215854,0.022057987289508845,0.027438240535309667
284.0,0.02751742821085489,0.005387582627645612,0.02212984576760552,0.02751742765766616
284.5,0.027596767575359057,0.005394912009490401,0.022201851762696154,0.027596765247356495
285.0,0.02767623947466248,0.005402236597032885,0.022274002324440868,0.027676238552681268
285.5,0.027755861195912893,0.005409554546310642,0.022346303353519417,0.027755859375
286.0,0.027835618333153855,0.005416869176456035,0.02241874599891217,0.027835615912953172
286.5,0.027915280391082303,0.0054241786435066395,0.02249110013410854,0.02791527804003021
287.0,0.027995092270957738,0.005431487004179789,0.022563604736638754,0.027995090634441087
287.5,0.028075053972780165,0.005438789832965665,0.02263626275684268,0.0280750536961858
288.0,0.028155159734167,0.005446088236241722,0.022709071244380444,0.028155158374244715
288.5,0.028235418198692113,0.005453384057970386,0.022782033149591926,0.02823541646997734
289.0,0.02831581784159035,0.00546067471660426,0.022855142571797365,0.02831581618202417
289.5,0.028396370187626866,0.0054679639000681955,0.022928405411676518,0.028396369311744715
290.0,0.028477075236801656,0.005475248289229827,0.023001824619569268,0.028477072908799094
290.5,0.028557932989114722,0.005482528990466609,0.02307540314581549,0.02855793287386707
291.0,0.028638931919800912,0.005489807110155997,0.023149123288375914,0.028638931504909367
291.5,0.02872008067243409,0.0054970796979581125,0.02322299979894993,0.0287200806032855
292.0,0.028801390771779407,0.005504352285760227,0.023297035627877424,0.028801389020015104
292.5,0.028882853574263005,0.005511621923222462,0.023371227824818513,0.02888285085441843
293.0,0.028964454673928438,0.0055188863975899095,0.023445567538753556,0.028964454305135952
293.5,0.02904621712030601,0.005526150134372387,0.023520066571042077,0.02904621707420695
294.0,0.029128135151013146,0.005533409076852561,0.02359472492168407,0.02912813326095166
294.5,0.029210197241284697,0.0055406658065778255,0.023669530789320024,0.029210196964690332
295.0,0.029292412034694522,0.005547919217170725,0.02374449302496957,0.02929241113576284
295.5,0.029374793937199065,0.005555170046216231,0.023819623429992227,0.029374793476208458
296.0,0.029457328542841884,0.005562419031299313,0.023894907252688603,0.029457326283987915
296.5,0.029540007208049116,0.005569665066042516,0.023970341542718814,0.02954000660876133
297.0,0.029622847219968492,0.0055769107319932325,0.0240459351511025,0.029622846251888216
297.5,0.02970583993502614,0.0055841534476040715,0.024121685127499782,0.02970583931268882
298.0,0.02978899399679593,0.005591392106497576,0.024197600322930293,0.0297889916918429
298.5,0.02987229499932142,0.0055986292902211405,0.024273665985694644,0.029872294538330815
299.0,0.029955757348559053,0.005605864261189797,0.024349893917152348,0.029955756703172205
299.5,0.030039381044508828,0.0056130973881960275,0.024426281166963527,0.03003937818636707
300.0,0.03012315456240559,0.005620329408824804,0.0245028247847883,0.03012315308723565
300.5,0.030207095189397067,0.005627559585491156,0.024579533621646308,0.03020709320713746
301.0,0.030291191400718114,0.0056347886557800535,0.024656401776857788,0.03029118969505287
301.5,0.030375440315177433,0.005642014406936587,0.02473342630008286,0.030375439600641995
302.0,0.030459853457540185,0.0056492394205081495,0.02481061309200129,0.03045985177492447
302.5,0.0305444221842325,0.005656462958909774,0.024887956251933314,0.030544420317220544
303.0,0.030629149376445668,0.005663684284556488,0.024965464630898573,0.030629148177870092
303.5,0.03071404655894484,0.005670904872618233,0.02504313822889706,0.030714044207892748
304.0,0.030799107969347445,0.005678124354302523,0.025120979996268663,0.03079910545694864
304.5,0.03088431632050575,0.005685341623231904,0.0251989722309741,0.03088431422299849
305.0,0.03096968889956748,0.00569255704819886,0.02527713263505265,0.03096968820808157
305.5,0.031055222825341355,0.005699772841958301,0.025355449407144796,0.031055221511518127
306.0,0.0311409353849751,0.005706987898132772,0.02543394614996957,0.031140934785687312
306.5,0.031226803528938408,0.005714201847929789,0.025512599260807938,0.031226801477530212
307.0,0.031312827257231286,0.005721413584971896,0.02559141168999978,0.03131282453738671
307.5,0.031399018094618876,0.005728627534768912,0.025670389338224856,0.031399015766616314
308.0,0.03148537604110119,0.005735839640603505,0.025749535155823042,0.031485375165219036
308.5,0.03157189245310435,0.005743049902475672,0.025828840291774704,0.03157189093183535
309.0,0.031658480894889714,0.005750259795555356,0.025908219186223345,0.03165848045694864
309.5,0.03174514136645729,0.005757469688635038,0.025987671839168964,0.031745140790219034
310.0,0.03183198335307602,0.005764678844129751,0.026067301512507333,0.031831981094222056
310.5,0.031918989567598186,0.005771889106001919,0.026147096404878934,0.03191898661725831
311.0,0.03200616577240636,0.0057790982614966315,0.026227065367303407,0.032006163260007554
311.5,0.03209351484869182,0.005786305941821405,0.02630720839978075,0.03209351397280967
312.0,0.032181031034072,0.0057935136221461785,0.026387516651291323,0.03218102990464502
312.5,0.03226871720973819,0.005800717614546103,0.026467998972854765,0.032268716956193357
313.0,0.03235657913807296,0.005807921606946028,0.02654865536447108,0.03235657807779456
313.5,0.032444599531928575,0.005815123755383528,0.026629474024780747,0.032444598517749244
314.0,0.03253280432202665,0.005822324428651088,0.0267104785565028,0.032532801878776434
314.5,0.03262118198360201,0.005829525101918648,0.026791654207937846,0.032621179309856495
315.0,0.032709723873080805,0.005836725406393724,0.026872998028746004,0.03270972195996979
315.5,0.03279844439641947,0.00584392349811389,0.02695451886994691,0.03279844163047583
316.0,0.032887334910044135,0.005851120852249087,0.02703621083086081,0.032887332420694866
316.5,0.03297639253276352,0.0058583182063842824,0.027118073911487697,0.03297639138028701
317.0,0.033065628789342785,0.005865514454142025,0.027200114012507333,0.0330656273602719
317.5,0.03315504079859062,0.005872709226729827,0.02728233113391972,0.03315504036064955
318.0,0.033244625679315756,0.005879902892940174,0.027364722325384977,0.033244624480740184
318.5,0.033334383431518184,0.005887096927943007,0.027447284636563225,0.033334382670883685
319.0,0.033424314055197905,0.005894289856568384,0.027530021017794344,0.03342431198074018
319.5,0.033514417550354926,0.005901481678816307,0.02761293441941821,0.033514415360649544
320.0,0.033604696798180525,0.005908674238649199,0.027696021891094946,0.03360469576095166
320.5,0.033695154679865995,0.005915866060897123,0.027779286383164434,0.03369515318164652
321.0,0.03378577390826361,0.005923055670390137,0.027862716094267152,0.03378577287103474
321.5,0.03387658329528624,0.005930247492638059,0.02794633462712214,0.033876581382175225
322.0,0.0339675597914036,0.005937437102131073,0.028030121329350233,0.03396755806268882
322.5,0.03405872932733726,0.005944627080416571,0.028114099803670474,0.03405872651529456
323.0,0.0341500515664092,0.0059518163211171,0.02819823464600431,0.034150051335913895
323.5,0.034241563964106166,0.005959004455440174,0.028282558310090414,0.03424156202794562
324.0,0.034333249233280426,0.005966194802518157,0.028367053093889507,0.03433324679003021
324.5,0.03442511601750584,0.005973383674426201,0.02845173079876111,0.03442511447318731
325.0,0.03451716143559113,0.005980572546334245,0.02853658552402546,0.03451715917673716
325.5,0.03460937972515371,0.005987761418242289,0.02862161726968256,0.03460937795033988
326.0,0.03470177664857617,0.005994949183772878,0.028706826035732408,0.03470177374433535
326.5,0.034794360849432354,0.006002138793265892,0.028792220673194646,0.03479435836008308
327.0,0.03488712368414841,0.0060093269275889654,0.02887779528138951,0.034887122946563445
327.5,0.03498007091510692,0.006016517274666949,0.028963552810656882,0.034980070454116316
328.0,0.03507321118588174,0.006023706146574993,0.029049502112016398,0.03507320973376133
328.5,0.035166512803368695,0.006030895018483037,0.029135616632409145,0.035166511282099695
329.0,0.03526002762901099,0.006038083890391081,0.029221940626933316,0.035260025254909365
329.5,0.035356991240625295,0.0060452746062615486,0.029311713568776217,0.03535698817503776
330.0,0.035458409173971216,0.006052466059716987,0.02940594152383664,0.03545840610838369
330.5,0.03555993947377738,0.006059657513172425,0.02950028159181247,0.035559939104984895
331.0,0.03566156485289605,0.006066849704212833,0.029594713120324554,0.035661563562122356
331.5,0.03576340344017006,0.0060740411576682704,0.029689360023647818,0.035763400443731115
332.0,0.03586550133466,0.006081234455086133,0.029784266556880445,0.03586549990558913
332.5,0.03596782396207043,0.006088428121296481,0.02987939436560401,0.035967823593277944
333.0,0.03607038860954907,0.006095621787506828,0.029974764102197664,0.03607038625849698
333.5,0.03617318087113948,0.006102816928887115,0.030070361014962015,0.036173179050226587
334.0,0.036276212271606816,0.006110012070267402,0.030166199855596456,0.036276210819486406
334.5,0.0363794770485685,0.006117207949232659,0.030262268822741474,0.036379475665596676
335.0,0.03648299248917225,0.00612440493457537,0.030358585618436337,0.03648299129059668
335.5,0.036586741306270355,0.0061316033950880216,0.030455135490981652,0.03658673999244713
336.0,0.03669072349986281,0.006138801855600673,0.030551918440377423,0.03669072177114804
336.5,0.03679495923828863,0.006146001791283263,0.030648955119002803,0.03679495727907855
337.0,0.03689943123440008,0.006153203570928278,0.03074622487447863,0.03689942881419939
337.5,0.03700413948819717,0.006160404612988324,0.030843730657144797,0.03700413637651057
338.0,0.037109086880871174,0.006167608236595764,0.03094147836768105,0.03710908586669184
338.5,0.037214290699569844,0.0061748129665806575,0.03103947685710703,0.03721428908610272
339.0,0.037319736538336715,0.0061820176965655515,0.031137717274403103,0.03731973423338369
339.5,0.037425421515980516,0.0061892235329279,0.03123619371888951,0.037425418358194865
340.0,0.037531348513692525,0.006196431582045159,0.031334915041585885,0.037531347361216015
340.5,0.03763752329385533,0.006203640737539872,0.031433881242492225,0.03763752124244713
341.0,0.03774395738123407,0.006210852843374464,0.031533101172628177,0.03774395475358761
341.5,0.037850613320342,0.006218062736454147,0.031632551229274705,0.03785061249055891
342.0,0.037957540091431034,0.006225275948666194,0.03173226386617047,0.037957538708459214
342.5,0.038064708882588276,0.0062324906360481805,0.031832215480596456,0.03806470685422961
343.0,0.03817212833738759,0.006239707536185076,0.03193241787391217,0.038172125778889725
343.5,0.03827981286178543,0.006246925911491911,0.03203288284747712,0.03827981023413897
344.0,0.038387739406251474,0.006254143549213777,0.03213359269925205,0.038387736617258306
344.5,0.038495916614359596,0.006261364506068006,0.03223455037957682,0.03849591377926737
345.0,0.03860434736730109,0.006268586938092176,0.03233575883879132,0.038604344670506045
345.5,0.038713028783884655,0.0062758104764938,0.032437215126555674,0.03871302634063444
346.0,0.038821963745301585,0.0062830365964428175,0.03253892514354963,0.038821961739992444
346.5,0.03893116665750832,0.006290265666731715,0.032640900691132714,0.038931165620279456
347.0,0.03904061158978327,0.006297495474605582,0.03274311226590613,0.03904060847809668
347.5,0.03915031294808287,0.006304726388856903,0.032845583470588906,0.03915031096582326
348.0,0.0392602764947897,0.00631195840948568,0.03294831725552093,0.03926027603379909
348.5,0.03937049934871247,0.006319193380454335,0.03305130476968256,0.03937049778134441
349.0,0.03948098439104247,0.006326429089007961,0.033154551913753556,0.03948098210913897
349.5,0.039591714334631975,0.006333667379108981,0.03325804393603452,0.0395917113151435
350.0,0.03970270358543742,0.006340908619549879,0.03336179558822486,0.03970270310139728
350.5,0.03981396654941524,0.006348150966368233,0.033465812771004314,0.03981396336858006
351.0,0.03992539086010521,0.006355395525941496,0.03356999222247712,0.03992538885479607
351.5,0.040036818051986466,0.0063626434046471225,0.03367417462428981,0.040036817291351966
352.0,0.040148516075848815,0.006369892758522689,0.033778622556691625,0.04014851420883686
352.5,0.04026046476335324,0.006377145062738135,0.03388331536730341,0.04026046190521148
353.0,0.04037268428283876,0.00638439884212352,0.03398828255952395,0.04037268103285498
353.5,0.04048516887192279,0.006391655571848784,0.03409350938165386,0.040485165691087614
354.0,0.04059791853060535,0.006398914883121443,0.034199001734372896,0.040597915879909366
354.5,0.040710939021269,0.006406175669564041,0.03430476256802093,0.0407109375
355.0,0.04082423034391374,0.006413439775139003,0.03441078893225809,0.040824227601019634
355.5,0.040937783854965715,0.00642070572467639,0.0345170778767445,0.0409377832326284
356.0,0.04105161107919007,0.006427974255761171,0.0346236353021599,0.041051610295506046
356.5,0.04116570625420424,0.006435244630808377,0.03473045825816443,0.04116570288897281
357.0,0.041280072261199494,0.006442517218610491,0.03483755264543785,0.041280069864048335
357.5,0.04139472062494099,0.00644979312554497,0.034944927314999784,0.04139472007175227
358.0,0.04150964270185488,0.0064570719828193285,0.03505257046549072,0.041509641710725076
358.5,0.04162483561074986,0.006464352684056111,0.03516048209691066,0.04162483478096677
359.0,0.04174031087639109,0.006471635966840287,0.035268671060279234,0.04174030813349698
359.5,0.041856048330439544,0.0064789221999643435,0.03537712555423694,0.04185604701661631
360.0,0.0419720796659994,0.006486211014635793,0.03548586623116292,0.041972077983383684
360.5,0.04208838183354035,0.006493504254817062,0.035594875389017906,0.04208838038141994
361.0,0.042204969239018834,0.00650079970775324,0.03570416777950129,0.042204966012084594
361.5,0.04232183323886099,0.0065080984798217825,0.03581373455159344,0.042321831925037766
362.0,0.04243897671425811,0.006515399095852749,0.03592357570529434,0.04243897516993958
362.5,0.04255640542759276,0.006522703031016081,0.03603370009162365,0.04255640459780967
363.0,0.04267411361648237,0.00653000917893432,0.036144101809901595,0.0426741113576284
363.5,0.042792104162118226,0.00653731901477741,0.03625478381046806,0.04279210135007553
364.0,0.04291037706450033,0.006544631063375409,0.036365743142983166,0.04291037457515106
364.5,0.04302892944243739,0.006551945693520801,0.03647698275778679,0.04302892808251511
365.0,0.04314777282069457,0.006559265117968498,0.03658850560521881,0.04314777072318731
365.5,0.04326690431808057,0.0065665874927560725,0.03670031463561912,0.04326690249716767
366.0,0.043386318172212814,0.006573912817883528,0.03681240394830794,0.04338631750377644
366.5,0.043506028789047746,0.006581241093350862,0.036924785344644794,0.04350602754437311
367.0,0.04362601023786378,0.006588572319158074,0.03703743522191066,0.04362600901623867
367.5,0.043746274043426056,0.0065959057577201965,0.03715036538146504,0.043746270770392746
368.0,0.04386684613645617,0.006603247309716987,0.03726359647568709,0.043866845260574015
368.5,0.043988276824490184,0.006611163071612757,0.03737711080253755,0.04398827534932024
369.0,0.04411100116741261,0.006620095963181866,0.03749090246133664,0.04411099768693354
369.5,0.04423402803542031,0.006629037705770612,0.03760498915412365,0.04423402685989426
370.0,0.04435735742851327,0.0066379894057564505,0.037719364980218814,0.04435735401718278
370.5,0.044480974940735045,0.0066469484815919865,0.03783402403894238,0.04448097325811934
371.0,0.04460459821533941,0.006655918252409585,0.037948677196986184,0.04460459544939577
371.5,0.04472852113383774,0.006664896874246821,0.03806362243867803,0.04472851857533988
372.0,0.044852726409082326,0.006673883978311209,0.038178842061978635,0.04485272493391239
372.5,0.04497723997179475,0.0066828821461501434,0.038294356719267154,0.044977238127832324
373.0,0.045102030128870846,0.006691886952253807,0.03841014280782455,0.04510202865370091
373.5,0.04522713145460607,0.006700902084547047,0.03852622688070975,0.045227128965256796
374.0,0.04535253818661785,0.006709928649407319,0.03864260598758286,0.04535253611216012
374.5,0.04547824744371489,0.006718962958909774,0.03875928012844389,0.045478244193731115
375.0,0.04560422177041045,0.00672800722580932,0.03887621389921428,0.04560422075623112
375.5,0.04573049574099999,0.00673705997493602,0.03899343090261308,0.04573049235271903
376.0,0.04585706647429221,0.006746121943874842,0.03911094293999978,0.04585706488387462
376.5,0.045983933970287126,0.00675519497658821,0.03922873821001489,0.045983932449018126
377.0,0.04611113568447148,0.006764276122736246,0.0393468580174167,0.04611113340256798
377.5,0.04623861975540207,0.006773368332658829,0.039465249256087395,0.04623861758874622
378.0,0.04636639770784407,0.006782468287223595,0.03958392962806625,0.046366396808912386
378.5,0.046494504116092926,0.006791578199185453,0.03970292273607229,0.04649450056646526
379.0,0.0466229245741922,0.006800698806129373,0.03982222267942576,0.04662292296072507
379.5,0.046751601458316125,0.006809828264092931,0.03994177045132909,0.0467515990842145
380.0,0.0468805837487166,0.006818967679453581,0.040061613257220324,0.04688058204305136
380.5,0.04700986280181977,0.006828116314626352,0.04018174519641972,0.047009860035876136
381.0,0.04713948471668624,0.006837276382366156,0.04030220757368558,0.04713948321846677
381.5,0.04726940627544668,0.006846445301125597,0.0404229590842596,0.0472694043853852
382.0,0.047399644765248834,0.0068556245460746155,0.04054401743018105,0.047399641238670694
382.5,0.04753020306728398,0.006864811904458301,0.04066538851212969,0.04753019967900302
383.0,0.04766107830036083,0.006874010695409018,0.04078706642942576,0.047661076756042295
383.5,0.04779223012780135,0.006883218706171858,0.040909009877310956,0.047792228214690334
384.0,0.047923672955561984,0.006892435567954336,0.041031236557824556,0.047923671756986405
384.5,0.04805544712032076,0.006901663862303844,0.0411537818750451,0.04805544573734894
385.0,0.04818753245373867,0.006910900638880506,0.041276628126933314,0.048187529503398795
385.5,0.04831993759938957,0.00692014811043923,0.04139978711484872,0.04831993485649547
386.0,0.04845266543846476,0.006929404064225106,0.04152325883879132,0.04845266179663897
386.5,0.04858571308977294,0.006938672556955469,0.04164703739808135,0.04858571032382931
387.0,0.04871908343450541,0.006947948794328014,0.04177113459407833,0.048719083388406345
387.5,0.04885283985887049,0.006957236833060076,0.04189560353290008,0.04885283999716768
388.0,0.04899811528600595,0.006966534460396745,0.042031578797250536,0.048998111782477344
388.5,0.04914559770566819,0.006975842413922992,0.042169755015150835,0.049145596322696376
389.0,0.04929352382878883,0.0069851618000162695,0.042308361982673494,0.04929352341389728
389.5,0.049441916704898156,0.006994490774714155,0.04244742330253754,0.04944191370845921
390.0,0.049590718710170414,0.007003829338016647,0.042586885868625156,0.04959071705060423
390.5,0.04973997594366621,0.007013177858716232,0.0427267968863744,0.049739974745090634
391.0,0.04988966535585525,0.007022537811982848,0.042867126852386486,0.04988966318919939
391.5,0.05003980999626782,0.007031906616269102,0.043007899369380445,0.05003980598564955
392.0,0.05019031766678271,0.007041286853122387,0.0431490259271599,0.05019031462424471
392.5,0.050341286327903724,0.0070506781537502195,0.04329060683728075,0.05034128351586103
393.0,0.05049271021724828,0.0070600779366052045,0.043432630298383464,0.050492706759818734
393.5,0.05064456052290349,0.007069488414442251,0.043575072707749025,0.05064456075339879
394.0,0.05079687181916482,0.007078910693638815,0.043717957668096455,0.05079686909932024
394.5,0.050949615294119385,0.00708834293023247,0.043861273378066244,0.050949614095543806
395.0,0.0511028370468278,0.007097785861808188,0.04400504934105718,0.0511028370468278
395.5,0.0512565255525249,0.007107239857158452,0.04414927965638951,0.051256520251132934
396.0,0.05141057132594175,0.007116702334735869,0.04429386401250733,0.05141056929758308
396.5,0.05156508385234729,0.007126176244880318,0.044438902720966546,0.05156507859705438
397.0,0.051720051606976375,0.007135660850006828,0.04458438988108739,0.05172004814954683
397.5,0.051875514926507035,0.00714515688770037,0.044730354996268665,0.051875513359138974
398.0,0.052031387375200626,0.007154663620375975,0.044876721357673496,0.05203138571563444
398.5,0.052187732339265484,0.0071641795728637015,0.04502354797209948,0.052187730126510574
399.0,0.05234454405631904,0.0071737062203334895,0.045170834839546606,0.05234454069108761
399.5,0.052501822526361284,0.00718324430037031,0.04531857015865537,0.05250181740936556
400.0,0.052659515887949045,0.007192793444181677,0.04546671852534721,0.05265951307590634
400.5,0.05281767600252549,0.0072023540205600756,0.04561532124438045,0.05281767489614804
401.0,0.052976302870090634,0.007211923816750597,0.04576437831575507,0.052976302870090634
401.5,0.05313540225302705,0.007221506151885605,0.04591388973947108,0.05313539699773414
402.0,0.053294951101804426,0.00723109733804025,0.04606385551552848,0.05329495137839879
402.5,0.05345496094118792,0.007240700325554412,0.046214257941888,0.05345496011140483
403.0,0.053615466345473,0.007250314745635604,0.04636515012466746,0.05361546450151057
403.5,0.053776438502746764,0.00725993912311389,0.0465164966597883,0.05377643504531722
404.0,0.053937837076331194,0.007269573457989268,0.04666826214317198,0.05393783633874622
404.5,0.054099696640521736,0.0072792166438842825,0.0468204760782173,0.05409969198451662
405.0,0.05426204024484871,0.00728886904959142,0.04697316796832304,0.05426203738670695
405.5,0.0544248678893121,0.00729853141269565,0.047126337813489204,0.054424866644637464
406.0,0.05458814499961646,0.007308202626819517,0.04727994430895748,0.05458814435422961
406.5,0.05475191191243981,0.007317883429547992,0.047434028759486185,0.054751911820241694
407.0,0.05491614557825186,0.0073275701329562236,0.047588573463036035,0.05491614543995468
407.5,0.055080874808965494,0.007337267900139003,0.047743607923005825,0.05508087471676737
408.0,0.05524604198075493,0.007346974149548936,0.04789906723191821,0.05524604064388217
408.5,0.05541170471744595,0.007356691462733414,0.04805501039657078,0.055411702228096674
409.0,0.05557785725665597,0.007366416151767591,0.04821143741696353,0.05557785356873112
409.5,0.05574451112315014,0.007376150429406375,0.04836835419377621,0.055744506467145016
410.0,0.05591157988118981,0.007385894664442251,0.048525684018171984,0.05591157831382175
410.5,0.05607916725366137,0.007395647750497765,0.04868351540034721,0.05607916351963746
411.0,0.05624724442865193,0.007405411162742855,0.04884183063826262,0.05624724438255287
411.5,0.05641581140616149,0.007415181950837644,0.04900062973191821,0.05641580910120846
412.0,0.05658481632474686,0.007424962696329525,0.0491598536745164,0.05658481637084592
412.5,0.05675432833299896,0.007434752292841042,0.04931957327421428,0.05675432519826284
413.0,0.05692433590615264,0.0074445503715797135,0.049479782630332106,0.05692433558345922
413.5,0.05709485633135562,0.007454357670130507,0.049640493544229385,0.0570948534271148
414.0,0.05726581469763442,0.007464175663663361,0.04980163520774902,0.05726581382175227
414.5,0.057437262866432214,0.007474001770630884,0.04996325482632909,0.05743725807212991
415.0,0.05760923541204447,0.007483837466203014,0.05012539370472788,0.0576092333836858
415.5,0.05778170928494088,0.007493683487964721,0.05028802233954661,0.05778170435234139
416.0,0.05795462686129567,0.007503537623161096,0.050451087624667455,0.05795462377265861
416.5,0.05812808033923008,0.007513403190924502,0.05061467807028679,0.05812808015483384
417.0,0.05830203514444864,0.007523276872122576,0.050778758272326065,0.05830203219410876
417.5,0.058476497039333934,0.007533160510717742,0.050943328230785276,0.0584764916918429
418.0,0.058651391112912454,0.007543053737917515,0.05110833483954661,0.05865138783987915
418.5,0.05882680380092287,0.007552956922514381,0.05127384890676715,0.058826803247734136
419.0,0.059002752390512885,0.007562869326923369,0.051439882233806425,0.059002749716767375
419.5,0.05917920806976964,0.0075727920575219335,0.0516064112179454,0.05917920364425982
420.0,0.059356113214867355,0.007582721795177712,0.051773388653746005,0.05935611192409366
420.5,0.059533560023927255,0.007592661859023067,0.051940897150724856,0.0595335571657855
421.0,0.05971153120980162,0.007602611142680544,0.05210891900684268,0.05971152756797583
421.5,0.05988998067342983,0.007612570752527598,0.05227740701666141,0.05988997592522659
422.0,0.06006890265242931,0.007622539582186776,0.05244636118018105,0.06006890223753777
422.5,0.06024836629539098,0.007632519106828014,0.05261584640487894,0.060248365511706946
423.0,0.06042836583993226,0.007642507851281375,0.05278585679007531,0.060428365747734136
423.5,0.06060882637507966,0.007652505077961888,0.05295632152761307,0.06060882623678248
424.0,0.06078982857418925,0.007662511524454524,0.053127311425649325,0.06078982368768882
424.5,0.06097119956578373,0.007672370822745688,0.05329882648418407,0.060971198782099695
425.0,0.06115306612227979,0.0076822024616004835,0.053470860802537545,0.061153063632930514
425.5,0.061335336045556195,0.007692044795437341,0.053643290466434825,0.06133533563066465
426.0,0.06151812458326449,0.007701900405803656,0.053816221688111565,0.06151812098753776
426.5,0.061701449022552396,0.007711767817529486,0.05398967807028679,0.06170144330626888
427.0,0.061885332412950224,0.007721647399407319,0.05416368321567954,0.061885332090256796
427.5,0.062069768992075385,0.007731538782644668,0.0543382253229303,0.062069763736782475
428.0,0.062254735710397587,0.007741442704826503,0.05451329259067954,0.06225473234516617
428.5,0.06244006545882211,0.0077513580595753705,0.054688702097854765,0.0624400608950151
429.0,0.06262595992073912,0.007761286690853694,0.054864666268927276,0.06262595591012085
429.5,0.06281238452185317,0.007771226385906564,0.05504115560049827,0.06281238198640483
430.0,0.06299939112360745,0.00778117935748889,0.05521820549664631,0.06299938632930513
430.5,0.06318694515170648,0.007791145605600672,0.05539579235465235,0.06318693943542296
431.0,0.06337496017041164,0.007801121811109547,0.055573839465679536,0.06337495869524169
431.5,0.06356338431827972,0.007811110924355393,0.05575227012089102,0.06356337920128399
432.0,0.06375235013010999,0.00782111220775324,0.05593123773796051,0.06375234847054381
432.5,0.06394188065543276,0.007831126398888059,0.056110754118247515,0.06394187830438067
433.0,0.06413199894377833,0.007841153128967365,0.05629084286447108,0.06413199820619335
433.5,0.0643226531337035,0.007851190922821216,0.05647145677119313,0.06432264916918429
434.0,0.06451373950232192,0.007861241255619555,0.056652495526857784,0.06451373678247734
434.5,0.06470530991107676,0.007871303758569894,0.0568340063369031,0.06470530825151058
435.0,0.06489747384523697,0.007881377694087267,0.057016089512884977,0.06489746978851964
435.5,0.06509019096812453,0.007891464168549123,0.05719872145208437,0.06509018598942598
436.0,0.06528348432926973,0.007901561337993045,0.057381919856540564,0.06528348045694864
436.5,0.06547733087914227,0.007911669571211512,0.05756566112353453,0.06547732958836858
437.0,0.06567147131052622,0.007921790712166948,0.057749679722477125,0.06567146785309667
437.5,0.06586619374255039,0.00793192402327439,0.057934264786676515,0.06586619028512085
438.0,0.06606148088806706,0.007942069135741345,0.05811941041545295,0.06606147918240181
438.5,0.06625735003422394,0.007952225311982848,0.05830512250948618,0.0662573463462991
439.0,0.0664537896562559,0.007962392920791383,0.058491395168096455,0.06645378587613293
439.5,0.06665073060557201,0.007972572330959434,0.05867815758312667,0.06665072696374623
440.0,0.06684809220881621,0.007982763911279486,0.058865321244380445,0.06684808699962236
440.5,0.0670460415750832,0.00799296766175154,0.05905306907293029,0.06704603710347432
441.0,0.06724459022913815,0.008003183213583112,0.05924140696945598,0.06724458907666163
441.5,0.06744533435095473,0.008013410197981715,0.05943192221681247,0.06744533020203927
442.0,0.06766674813907313,0.008023648983739834,0.059643095744002804,0.06766674730929002
442.5,0.06788874969021431,0.0080338988332725,0.059854847537809446,0.06788874858383685
443.0,0.06811146577679499,0.008044162696919592,0.06006730151250733,0.06811146384063443
443.5,0.0683350058840841,0.00805443762434123,0.060280569781011865,0.06833500519259819
444.0,0.06855936424969906,0.008064723615537417,0.06049463464128377,0.06855936083836858
444.5,0.06878451782410959,0.008075022145678089,0.06070949019264329,0.06878451307590634
445.0,0.06901046084493309,0.008085331555197067,0.0609251246337309,0.06901045600453172
445.5,0.06923699162877939,0.008095654425641741,0.06114133734143483,0.06923698900113293
446.0,0.06946436372048186,0.008105988913049691,0.06135837024362516,0.06946435989425982
446.5,0.06969253678336244,0.008116335386213399,0.06157619973758286,0.06969253327983384
447.0,0.0699215511540992,0.00812669329194414,0.06179485532670673,0.0699215504626133
447.5,0.07015137802077924,0.008137063367826882,0.062014313408277726,0.07015137603851963
448.0,0.07038186756145558,0.008147446167050352,0.06223441466394238,0.07038186249055892
448.5,0.07061304858804109,0.008157840398840854,0.062455206299138755,0.07061304522280967
449.0,0.07084507668486535,0.008168246616387115,0.0626768240295013,0.07084507175226586
449.5,0.0710779345647806,0.008178665004085378,0.06289926785502999,0.07107793027756798
450.0,0.07131163951493462,0.008189094455558188,0.06312254367640462,0.07131163850075528
450.5,0.07154619153532737,0.00819953755235294,0.06334665149362516,0.07154619052114804
451.0,0.07178127369491716,0.008209991712922237,0.06357127857066443,0.07178126770203927
451.5,0.07201724326142371,0.008220459334417233,0.0637967848489877,0.07201724178625378
452.0,0.07225405413578644,0.00823093765089429,0.06402311132179736,0.0722540478663142
452.5,0.07249170055562276,0.008241427768730865,0.06425026979045295,0.07249169774358007
453.0,0.07273022861999327,0.008251930425511927,0.06447829565903301,0.07273022682212991
453.5,0.07296948274456842,0.008262445068048747,0.06470703550986383,0.07296948168429003
454.0,0.07320943411743533,0.008272971511945084,0.06493645983954661,0.07320943282666163
454.5,0.07345029018436675,0.008283511047974633,0.06516677517187289,0.07345028677303625
455.0,0.07369199908391946,0.008294061647778732,0.06539793430140461,0.07369199631797584
455.5,0.07393442251891168,0.008304624786527316,0.06562979561182758,0.07393441984516616
456.0,0.0741776987865252,0.008315199911031659,0.06586249481877622,0.07417769307024169
456.5,0.07442185093629036,0.00832578775887673,0.06609605552496957,0.0744218454966012
457.0,0.07466686744344199,0.008336387039288833,0.06633047773040764,0.07466686532288519
457.5,0.07491257543650279,0.008346999043041666,0.06656557261333815,0.07491256962802115
458.0,0.07515917659886294,0.008357623216946499,0.06680154669755264,0.07515917083648037
458.5,0.07540664211860956,0.00836825919221085,0.06703838228101186,0.07540663944486405
459.0,0.07565492589668205,0.008378906968834718,0.06727601445623844,0.07565492234705438
459.5,0.07590398183401978,0.008389568575176767,0.06751440781915385,0.07590397823829305
460.0,0.07615391365350914,0.008400241060897123,0.06775366858199373,0.07615390743013595
460.5,0.07640473287991527,0.008410925532373237,0.06799380264543785,0.07640472762462236
461.0,0.07665630121605634,0.008421622542793838,0.06823467429385174,0.07665629720543807
461.5,0.07690872238481873,0.00843233172336644,0.06847638383879132,0.07690871648413897
462.0,0.07716205401002821,0.008443053811676012,0.06871899618773392,0.07716205036820242
462.5,0.07741627304215445,0.008453787885741344,0.06896248183728075,0.07741626935422961
463.0,0.07767114898589443,0.008464533023581224,0.06920661066092124,0.07767114331570997
463.5,0.07792694114846405,0.008475290331573104,0.0694516481892445,0.07792693778323263
464.0,0.07818364952986334,0.008486059809716987,0.06969758852157078,0.07818364685611782
464.5,0.07844113007052787,0.008496840904824143,0.06994429004158588,0.07844112891805136
465.0,0.07869939429522281,0.008507634723272029,0.0701917527492898,0.07869938986971299
465.5,0.0789585747387474,0.008518439974286945,0.07044013006235628,0.07895857132741692
466.0,0.07921867140110166,0.00852925647347265,0.07068941017942576,0.07921866739048339
466.5,0.07947970733181588,0.008540085511602845,0.0709396167032173,0.07947970166163142
467.0,0.07974163643182945,0.008550925797903825,0.07119070832897259,0.07974163283610272
467.5,0.0800040610967446,0.008561778807545536,0.07144228381046806,0.08000405966767371
468.0,0.08026743655478485,0.008572643987339248,0.07169478569868558,0.08026743060800605
468.5,0.0805317224692722,0.00858351967771878,0.07194819629158589,0.0805317161537009
469.0,0.08079694188973695,0.008594408091439042,0.07220253329120824,0.08079693990747734
469.5,0.08106312362809195,0.008605308859707545,0.07245780849891217,0.08106311957137462
470.0,0.08132999108997356,0.008616220322958112,0.07271376818546806,0.08132998961480363
470.5,0.08159764799826814,0.008627145247134376,0.07297050086107229,0.08159764444864048
471.0,0.08186625569968785,0.008638081050688947,0.07322816584407833,0.08186624929191844
471.5,0.08213580266946752,0.008649029577584245,0.07348676903516595,0.0821357982439577
472.0,0.08240631195713746,0.008659989721442817,0.07374632223569465,0.08240630900679759
472.5,0.0826776798398113,0.008670962035453391,0.07400671333274902,0.08267767536820242
473.0,0.08294943956450034,0.008681946519615968,0.07426748797398769,0.08294943707515105
473.5,0.08322222499328798,0.008692942805138059,0.07452927753214479,0.08322221959969789
474.0,0.08350633350383839,0.008703951445208396,0.07480237869339858,0.08350633142938066
474.5,0.08381014936280035,0.008714971702242006,0.07509517632368558,0.08381014562877644
475.0,0.08411526175784201,0.008726004129427617,0.07538925440148014,0.08411525797771903
475.5,0.08442164763943306,0.008737047804784018,0.07568459522474298,0.08442164487348942
476.0,0.08472933005710383,0.008748104756669876,0.07598121649551337,0.08472932401812688
476.5,0.085038285961324,0.008759173325519008,0.07627911231311156,0.08503828361027191
477.0,0.08534771438091543,0.008770253880123898,0.07657745658237138,0.08534770935611782
477.5,0.08565843933658658,0.008781346236088304,0.0768770871998185,0.08565843325151057
478.0,0.08597044930357227,0.008792450577808471,0.07717799236409344,0.08597044349509063
478.5,0.08628379038093313,0.008803567274076881,0.07748021928063423,0.08628378729229608
479.0,0.08659843951913886,0.008814696324893534,0.07778373844604208,0.08659843513972809
479.5,0.0869143794310417,0.008825837914654676,0.07808853805895749,0.08691437523602719
480.0,0.08723165045331972,0.008836990568190362,0.07839465942413876,0.08723164888595167
480.5,0.08755022953644259,0.008848155760670537,0.07870207303818709,0.08755022658610272
481.0,0.08786937333305797,0.00885933293890647,0.07901003541545296,0.08786937075151058
481.5,0.0881897041804841,0.008870523024879373,0.07931917792867048,0.08818970095354985
482.0,0.0885113373263725,0.008881724727815551,0.07962961269075507,0.08851133520581571
482.5,0.08883434768169668,0.008892939707281186,0.07994140460918407,0.08883434431646525
483.0,0.08915865457310057,0.008904165381728883,0.08025448877648014,0.08915865157666163
483.5,0.08948429833726221,0.008915403595121066,0.08056888879536232,0.08948429239048339
484.0,0.08981130202371188,0.00892665397866525,0.08088464006990914,0.0898112962613293
484.5,0.09013959648385869,0.008937916532361435,0.08120167769264329,0.0901395923810423
485.0,0.09046860547944498,0.008949190518624653,0.0815194115955889,0.09046860248300605
485.5,0.09079866899104277,0.008960477412624842,0.08183818401817199,0.09079866290596676
486.0,0.09113006361301572,0.008971776476777032,0.08215827819302093,0.09113005688255287
486.5,0.09146282391965929,0.008983088079873709,0.08247972952421428,0.0914628198168429
487.0,0.09179694414859092,0.00899441056234869,0.08280253211107229,0.09179693990747734
487.5,0.09213243582457574,0.0090057457681644,0.08312668595359494,0.0921324289558157
488.0,0.09246923556140542,0.009017004265143251,0.08345223235654056,0.09246923385574018
488.5,0.09280729149763678,0.009028191769568763,0.08377910051175205,0.09280728969977341
489.0,0.09314614264266369,0.009039392181731243,0.08410674165601187,0.09314613623489426
489.5,0.0934859215312854,0.009050604764045726,0.08443530920699374,0.09348591507741692
490.0,0.09382706034219516,0.00906182877892724,0.08476522801364027,0.09382705697696375
490.5,0.09416958788730587,0.009073064595168271,0.08509652167867048,0.09416958553625378
491.0,0.09451350992900007,0.009084312581561303,0.08542919610276413,0.09451350665596676
491.5,0.09485882646727778,0.009095572369313852,0.08576324538524147,0.09485882033610273
492.0,0.09520552597737385,0.009106843405237191,0.08609867542678226,0.09520552067598187
492.5,0.09555366032073145,0.009118127533293743,0.0864355275321448,0.0955536548810423
493.0,0.09590271664530128,0.009129422725124842,0.08677328834219011,0.09590270959214502
493.5,0.09625254512913638,0.009140731009089154,0.08711181033992425,0.09625254319297583
494.0,0.0966037623471724,0.009152049988035529,0.08745170719604207,0.0966037575528701
494.5,0.09695636253702676,0.00916338076834142,0.08779297891054359,0.09695635857250755
495.0,0.09731040332252526,0.009174723534403071,0.08813567268886685,0.09731039345732628
495.5,0.09766586165413756,0.009186078101824237,0.08847977672965235,0.09766585630664652
496.0,0.09802273753186368,0.009197444655001163,0.08882528513222032,0.098022729418429
496.5,0.0983810309557036,0.009208823193933848,0.0891722096979303,0.09838103049471299
497.0,0.09874032703411183,0.009220213903018535,0.08952010197512063,0.09874031698451662
497.5,0.09909966921158067,0.009231615675877769,0.08986804145774903,0.09909966248111783
498.0,0.09946044045992848,0.009243031278455185,0.09021739710351942,0.09946043004154079
498.5,0.0998226062048598,0.009254457022825936,0.09056814530971277,0.09982260196374622
499.0,0.100186270169261,0.009265897518896084,0.0909203686858457,0.10018626085725076
499.5,0.10055131710548056,0.009277347972363324,0.09127396101968256,0.10055131231117825
500.0,0.10091774701351845,0.009288810227190079,0.09162893411258287,0.10091774452416918
500.5,0.10128562904196564,0.009300285020961321,0.0919853469713442,0.10128562830438066
501.0,0.10165499776511754,0.009311770878507111,0.09234321139732607,0.10165498725453172
501.5,0.10202573793532264,0.009323270381374841,0.0927024683837309,0.10202573876510573
502.0,0.10239821834506585,0.009334780394828391,0.09306343656726564,0.10239821327416919
502.5,0.1028061258828892,0.009346302947226428,0.09345980882935023,0.10280611546450151
503.0,0.10322202008296356,0.009357836932191495,0.09386418241318709,0.1032220189765861
503.5,0.1036398734931139,0.009369383087308565,0.09427049141998467,0.10363986971299094
504.0,0.10405968611334025,0.009380942150162606,0.09467873584974298,0.10405967947507552
504.5,0.10448136574552139,0.009392513014376163,0.09508885669566443,0.10448136565332326
505.0,0.10490499306301336,0.009404095679949237,0.09550088936182757,0.10490498725453172
505.5,0.105328067191778,0.009415690146881829,0.09591237916545295,0.10532806599320242
506.0,0.10575274326289888,0.00942729678396642,0.09632543854989405,0.10575273791540786
506.5,0.10617930939550486,0.009438914853618044,0.0967403979532173,0.10617930985649547
507.0,0.10660784626295199,0.009450546199799124,0.09715729277950129,0.10660784082326284
507.5,0.10703830776617966,0.009462188609754752,0.097576123028746,0.10703830721299093
508.0,0.10747075152901364,0.009473843374258622,0.09799690050231095,0.1074707444297583
508.5,0.10790513145239332,0.009485509386933282,0.09841962520019616,0.10790512887084593
509.0,0.1083414936353793,0.009497188307344914,0.09884429712240159,0.10834148413897281
509.5,0.10877986112750189,0.009508880873078485,0.09927097527572486,0.10877985743957704
510.0,0.10922015325540502,0.009520584686982848,0.0996995534479303,0.10922014256042296
510.5,0.10966242764291446,0.009532299749057999,0.10013012604989405,0.1096624221110272
511.0,0.11010667276526506,0.009544026428096423,0.10056264587617803,0.11010667248867069
511.5,0.11055293472151742,0.00955576527728685,0.10099716013222032,0.11055292909743203
512.0,0.1110012019869064,0.009567517403006733,0.10143366881802093,0.11100119193731117
512.5,0.11145141693760621,0.009579281330086134,0.10187213652950129,0.11145141380287009
513.0,0.11190368329650326,0.009591056320940079,0.102312622273459,0.11190367730362538
513.5,0.1123565143688928,0.009602843113153542,0.10275366268131399,0.11235650726963746
514.0,0.11280950678799448,0.00961464225991525,0.10319485650684268,0.11280950245468278
514.5,0.11326448146670247,0.009626453392432715,0.10363802115941066,0.11326448026812688
515.0,0.11372149602884252,0.00963827789367776,0.10408321564581549,0.11372148791540786
515.5,0.11418044675152828,0.009650112997706742,0.10453033375382154,0.11418044278700906
516.0,0.1146414373576461,0.009661959257708396,0.10497946989430491,0.11464142749244713
516.5,0.11510438717383993,0.009673817411267686,0.10543056506046806,0.11510438302492447
517.0,0.11556937687346583,0.009685689210148916,0.10588367825910854,0.11556936839123867
517.5,0.11603634883269803,0.009697571888408451,0.10633877408614782,0.11603634818731118
518.0,0.1165053606753623,0.00970946526165005,0.10679588794566443,0.11650535781722055
518.5,0.1169765967977011,0.009721372003619224,0.10725520865941066,0.11697658610271904
519.0,0.11747301453189908,0.009733291284532885,0.10773971347436534,0.1174730102907855
519.5,0.11799354207479702,0.009745221076032366,0.10824831666545295,0.1179935328549849
520.0,0.11851647829361192,0.009757163498674455,0.10875931553252244,0.11851647469788519
520.5,0.11904183471310895,0.00976911929004412,0.10927271007557379,0.1190418240181269
521.0,0.11956954218469718,0.009781084946612758,0.10978845308916896,0.11956953361027191
521.5,0.12009961223314176,0.009793062588937152,0.11030654457330794,0.12009960347432024
522.0,0.12062885249849532,0.009805052585809793,0.11082379816092124,0.12062884724320241
522.5,0.12116000587486428,0.009817054845032555,0.1113429517674167,0.12116000283232628
523.0,0.12169353335285475,0.009829069274407319,0.1118644656458155,0.12169353049471299
523.5,0.12222948103152734,0.009841096058330327,0.11238838700155568,0.12222947743580061
524.0,0.12276782586135172,0.009853133906027881,0.11291468043055869,0.1227678200528701
524.5,0.1233085793670931,0.009865183831679317,0.1134433813369031,0.12330857014728097
525.0,0.12385170697445595,0.009877245097699662,0.11397445431651035,0.1238517041163142
525.5,0.12439732393109186,0.009889319824645706,0.11450799378025658,0.12439731637084592
526.0,0.12494530346458411,0.009901406906139994,0.11504389351590613,0.12494530069864049
526.5,0.12549569167399335,0.00991350495921071,0.11558217712617803,0.12549568070241693
527.0,0.126048523133615,0.00992561407605597,0.11612290361786987,0.1260485153889728
527.5,0.12660390156633544,0.009937737207015655,0.11666616740185778,0.1266038991691843
528.0,0.12716186154645015,0.009949871309551767,0.11721198027950129,0.1271618556457704
528.5,0.12772240307395913,0.009962017582239881,0.11776037765487893,0.12772239662009063
529.0,0.1282854915745669,0.009974175287495026,0.11831131232255265,0.12828548668806647
529.5,0.12885118467209922,0.009986345070704053,0.11886483148796051,0.12885117305513596
530.0,0.12941900985118485,0.009998527392857564,0.11942047489808136,0.12941900726963745
530.5,0.12998432263146714,0.010010722253955563,0.11997359281726565,0.12998431599320243
531.0,0.1305522630582043,0.010022929561799926,0.12052933063826263,0.1305522564199396
531.5,0.13112261216085844,0.010035148025616959,0.12108745233388196,0.13112260432401812
532.0,0.13169546213755073,0.010047377645406658,0.12164807591771881,0.1316954541163142
532.5,0.1322708014635161,0.010059619619744602,0.12221117778705416,0.1322707939954683
533.0,0.1328486531882848,0.010071874225225153,0.12277676974324751,0.1328486475641994
533.5,0.13342917865856896,0.01008414127745207,0.12334502880669163,0.13342916824018128
534.0,0.13402748684148413,0.01009641985444414,0.12393106071756775,0.1340274853663142
534.5,0.1346754206631479,0.010108708849823907,0.12456670554385174,0.134675415407855
535.0,0.1353262356760999,0.010120952852520518,0.12520527710729584,0.13532622498111782
535.5,0.1359794939392643,0.010132657219613607,0.12584683441469766,0.13597948923716013
536.0,0.13663570254230786,0.010144373664660577,0.1264913184592596,0.13663569203172204
536.5,0.137294965208117,0.010156102187661427,0.12713885905593633,0.1372949631797583
537.0,0.13795715516427492,0.01016784011487064,0.12778931458841367,0.13795714926359517
537.5,0.13862229546031202,0.01017959122641119,0.12844269685805115,0.1386222856873112
538.0,0.13929042067052375,0.01019135220315071,0.1290990648716463,0.13929041965634442
538.5,0.13996154231967523,0.010203124796853504,0.12975841862919918,0.13996153936933534
539.0,0.14063568345729677,0.010214909376312059,0.13042076993206927,0.14063568023036255
539.5,0.1413127749347975,0.010226703820969582,0.13108607157481852,0.14131277143126889
540.0,0.14199290895029856,0.010238511449958443,0.13175439436560402,0.14199290738293052
540.5,0.14267605092950458,0.010250329958325607,0.13242571470170672,0.14267604087990937
541.0,0.14336218934765035,0.010262159346071074,0.13310002078176716,0.14336218372356496
541.5,0.14405132420473588,0.010273999520996726,0.1337773126057853,0.14405131231117824
542.0,0.1447435707484127,0.010285853064649955,0.13445771998871578,0.14474356825906345
542.5,0.145438790681499,0.010297717487681489,0.13514106591016595,0.1454387863481873
543.0,0.14613696095446446,0.010309592790091325,0.13582736217149524,0.14613695477719033
543.5,0.14683331031453573,0.010321478971879468,0.13651182922209948,0.1468333057968278
544.0,0.14752899123822816,0.010333376033045915,0.13719561179385176,0.1475289841389728
544.5,0.1482276686008603,0.010345285264364363,0.13788238010956172,0.14822766002643503
545.0,0.1489293078281368,0.010357206573636691,0.1385720869637913,0.14892929805513594
545.5,0.14963388587052728,0.01036913784030611,0.13926473235654058,0.1496338746223565
546.0,0.15034137967850147,0.01038108100053317,0.13996029268509041,0.15034137792673716
546.5,0.15105185840065025,0.010393036330912228,0.14065881515487894,0.151051855173716
547.0,0.1517652644131479,0.010405001526490258,0.14136025256046805,0.151765259157855
547.5,0.1524820356570702,0.01041698032129117,0.1420650415521599,0.1524820265294562
548.0,0.1532358590209592,0.010428969949371324,0.1428068750113744,0.15323585016993957
548.5,0.15403264670933842,0.01044096935045233,0.1435916772205889,0.15403264256042296
549.0,0.15483359483793782,0.010452980875586274,0.14438060990563423,0.15483358902945618
549.5,0.15563863425816654,0.010465004801367524,0.1451736258610723,0.1556386305702417
550.0,0.15644784564338063,0.010477039606527079,0.1459707958950602,0.15644783799093656
550.5,0.157261148320224,0.010489085752055545,0.14677204919944087,0.1572611404833837
551.0,0.15807854228869667,0.01050114259256607,0.1475773975755738,0.1580785380475831
551.5,0.15890006212309407,0.010513211833723902,0.148386841023459,0.15890005428625378
552.0,0.1597256962986511,0.010525292046458159,0.14920039134445598,0.15972568919939578
552.5,0.1605555024391935,0.010537385028632206,0.15001810754536232,0.16055548999244712
553.0,0.16138935377230457,0.010549488751887375,0.15083985981122336,0.1613893504531722
553.5,0.16222725029798432,0.010561602478638696,0.15166564814203906,0.16222724697885196
554.0,0.16306927268958885,0.01057372842164108,0.15249553154460704,0.16306926217900303
554.5,0.16391538637282266,0.010585866673092647,0.15332952182028678,0.16391538425226587
555.0,0.16476554524862513,0.010598014881941308,0.1541675245582022,0.16476554239048338
555.5,0.16561979541605693,0.010610175537536331,0.15500961056651036,0.16561978379909365
556.0,0.16647810230082255,0.010622347441302145,0.1558557444411327,0.16647809667673716
556.5,0.16734044285339172,0.010634531423021839,0.15670590257935024,0.16734043381797584
557.0,0.16820382063482464,0.010646725454336746,0.1575570874358457,0.16820380947885197
557.5,0.16907589961394803,0.010658930687723384,0.1584169580929454,0.16907589454305136
558.0,0.170020284969641,0.010671141683492596,0.1593491356798034,0.17002027473564954
558.5,0.1709690266865618,0.010683357704059414,0.16028566796832305,0.17096902143126888
559.0,0.17192225153712706,0.01069557934871163,0.16122666117073997,0.17192224084214502
559.5,0.1728799249470414,0.010707806340854874,0.16217211528705416,0.17287992116691842
560.0,0.17384202386677444,0.010720038726588211,0.16312197131046807,0.17384201520015105
560.5,0.1748085598210914,0.010732276505911638,0.1640762646450602,0.17480854654456193
561.0,0.17577949823569675,0.010744521061796977,0.16503497168811157,0.17577949159743203
561.5,0.17675473538770417,0.010756769766597769,0.16599796262466746,0.17675473234516617
562.0,0.17773423670281815,0.010769025201861411,0.16696521385200885,0.1777342333836858
562.5,0.17871800218103875,0.010781286169012328,0.1679367135687762,0.17871799471299094
563.0,0.1797060663966614,0.010793552691100047,0.16891250898040763,0.17970606353851964
563.5,0.18069846392398153,0.010805826081947799,0.16989262368962213,0.18069845166163143
564.0,0.18169501036675675,0.010818103575611943,0.170876904278746,0.18169500566465258
564.5,0.18269579792310825,0.010830387799738937,0.1718653979532173,0.18269578455438065
565.0,0.18370083811780116,0.010842677578802735,0.1728581519184741,0.18370082373489427
565.5,0.18471010790130524,0.010854971806425882,0.17385513077043785,0.18471009960347431
566.0,0.18572359574885527,0.010867272557066106,0.1748563109063895,0.18572358855740181
566.5,0.18674564649691394,0.01087957775626568,0.17586605882935025,0.18674563349697884
567.0,0.18785089452461173,0.010891889801175753,0.1769589945355436,0.18785088982250756
567.5,0.188960775507901,0.01090420740102263,0.17805656817602697,0.18896077228096678
568.0,0.19007539316966815,0.01091653057885584,0.179158862360317,0.19007538708459215
568.5,0.19119464378702677,0.010928859357724916,0.18026578267753754,0.19119463982250756
569.0,0.192318688706689,0.010941195212799798,0.18137749434672185,0.1923186839123867
569.5,0.19344723980952605,0.010953535308988252,0.18249369053252243,0.1934472243202417
570.0,0.1945804238679546,0.01096588220478815,0.18361453645397258,0.19458041446374622
570.5,0.1957182408819746,0.01097823353762263,0.18473999670699373,0.19571823074018127
571.0,0.19686062170299518,0.010990590517592033,0.1858700240861478,0.19686061414274925
571.5,0.19799952204493956,0.01100295317927066,0.18699655826288497,0.1979995043429003
572.0,0.1991346192143835,0.011015321568757565,0.1881192924018578,0.19913460630664653
572.5,0.20031180482616598,0.011027696769380677,0.18928408658614782,0.20031179191842902
573.0,0.20153211610915078,0.011040076510761259,0.19049202654083058,0.2015320996978852
573.5,0.2027580053784696,0.011052461956900593,0.19170553673720522,0.20275800132175226
574.0,0.20398951873318305,0.01106485568934607,0.19292466438070974,0.20398952039274926
574.5,0.2052264026284578,0.011077253772390393,0.19414914984143483,0.20522639728096675
575.0,0.20646877231194533,0.011089656419241716,0.19537911113297562,0.20646877360271904
575.5,0.20771651253599416,0.011102064793901321,0.19661445384445597,0.20771650774169184
576.0,0.20896973854825576,0.011114480135281461,0.19785524878403302,0.20896971771148037
576.5,0.21022831205154835,0.011126899985725965,0.19910140154083059,0.21022830910120846
577.0,0.2114922791449325,0.011139325719563083,0.20035293571756776,0.2114922583081571
577.5,0.21276177812559008,0.0111517583322444,0.20161001653327773,0.21276177775679758
578.0,0.2140664276399641,0.011164095912612637,0.20290231260578528,0.2140664180513595
578.5,0.21542376838061744,0.011165828268710019,0.204257934773459,0.21542376321752266
579.0,0.21678505059095307,0.011165828268710019,0.2056192215937007,0.21678505003776435
579.5,0.2181521873819864,0.011165828268710019,0.20698633828554358,0.21815216672960724
580.0,0.21952476386217193,0.011165828268710019,0.2083589308082022,0.21952475925226586
580.5,0.22090298747728238,0.011165828268710019,0.20973714077799072,0.22090296922205438
581.0,0.22228667383107534,0.011165828268710019,0.21112082657859493,0.2222866550226586
581.5,0.22367589207214172,0.011165828268710019,0.212510059018172,0.22367588746223566
582.0,0.22507055000236026,0.011165828268710019,0.21390472008312666,0.22507054852719033
582.5,0.22647071677032193,0.011165828268710019,0.2153048805816161,0.22647070902567976
583.0,0.22787687641616314,0.011165828268710019,0.21671103617073997,0.22787686461480364
583.5,0.22934407121825434,0.011165828268710019,0.21817822839128376,0.22934405683534742
584.0,0.23086132960016995,0.011165828268710019,0.21969548197889707,0.23086131042296074
584.5,0.23238441951325292,0.011165828268710019,0.2212185890408306,0.23238441748489427
585.0,0.23391347925468514,0.011165828268710019,0.22274764398796051,0.23391347243202418
585.5,0.23544811698245138,0.011165828268710019,0.22428226917678226,0.23544809762084593
586.0,0.23698844794420318,0.011165828268710019,0.22582260622361006,0.23698843466767372
586.5,0.2385344951894708,0.011165828268710019,0.2273686551284439,0.23853448357250756
587.0,0.24008621261919372,0.011165828268710019,0.2289203686858457,0.24008619712990936
587.5,0.2416436002333719,0.011165828268710019,0.23047777049853452,0.24164359894259818
588.0,0.24320684242824772,0.011165828268710019,0.23204100218282456,0.24320683062688822
588.5,0.2447858044027922,0.011165828268710019,0.2336199532779907,0.24478578172205437
589.0,0.24647462043877455,0.011165828268710019,0.23530877503025657,0.24647460347432024
589.5,0.24816952155075764,0.011165828268710019,0.237003686284033,0.24816951472809667
590.0,0.2498705077387415,0.011165828268710019,0.238704663436601,0.24987049188066465
590.5,0.25157771729990797,0.011165828268710019,0.24041187170699374,0.2515777001510574
591.0,0.2532907814417721,0.011165828268710019,0.24212493345170674,0.2532907618957704
591.5,0.25500976931292485,0.011165828268710019,0.24384391947889705,0.2550097479229607
592.0,0.25673470396289655,0.011165828268710019,0.24556885339128376,0.2567346818353474
592.5,0.25846556234215684,0.011165828268710019,0.24729971158614783,0.2584655400302115
593.0,0.2602022753021148,0.011165828268710019,0.2490364232553321,0.26020225169939576
593.5,0.2619459492202252,0.011165828268710019,0.2507800977266312,0.26194592617069484
594.0,0.2638067608513501,0.011165828268710019,0.2526409124924922,0.2638067409365559
594.5,0.26569140569681127,0.011165828268710019,0.2545255660045768,0.2656913944486405
595.0,0.26757282360802964,0.011165828268710019,0.25640698594415384,0.2675728143882175
595.5,0.26944225576348896,0.011165828268710019,0.258276415702462,0.2694422441465257
596.0,0.2713186258275703,0.011165828268710019,0.26015278466016595,0.2713186131042296
596.5,0.273201495859198,0.011165828268710019,0.262035644365604,0.27320147280966767
597.0,0.2750909119574325,0.011165828268710019,0.2639250656269333,0.27509089407099696
597.5,0.27698685107274357,0.011165828268710019,0.26582100123871577,0.27698682968277943
598.0,0.2788892671060706,0.011165828268710019,0.2677234275982324,0.2788892560422961
598.5,0.2807994047320501,0.011165828268710019,0.2696335720468729,0.28079940049093655
599.0,0.282848369679062,0.011165828268710019,0.2716825240861478,0.28284835253021146
599.5,0.28491630438951565,0.011165828268710019,0.2737504527115255,0.28491628115558915
600.0,0.2869909695628186,0.011165828268710019,0.2758251317145466,0.28699096015861025
600.5,0.2890723190999103,0.011165828268710019,0.2779064666843351,0.28907229512839877
601.0,0.29116051434750284,0.011165828268710019,0.2799946700453623,0.291160498489426
601.5,0.29325497906733855,0.011165828268710019,0.2820891281269333,0.293254956570997
602.0,0.2953558746061296,0.011165828268710019,0.2841900297508004,0.29535585819486404
602.5,0.297463200963876,0.011165828268710019,0.2862973513142445,0.29746317975830816
603.0,0.29957709643775965,0.011165828268710019,0.28841125803629886,0.2995770864803625
603.5,0.3017279403087236,0.011165828268710019,0.29056210301364027,0.30172793145770394
604.0,0.3039907126988529,0.011165828268710019,0.29282487208463726,0.3039907005287009
604.5,0.3062603768985437,0.011165828268710019,0.29509453314959194,0.3062603615936556
605.0,0.30853681766014446,0.011165828268710019,0.29737096819490916,0.3085367966389728
605.5,0.3108200349836551,0.011165828268710019,0.29965420082330796,0.3108200292673716
606.0,0.31310982142330296,0.011165828268710019,0.30194397140487894,0.3131097998489426
606.5,0.31540751385184573,0.011165828268710019,0.3042416725000451,0.31540750094410874
607.0,0.31781367737000804,0.011165828268710019,0.30664782808916896,0.3178136565332326
607.5,0.32024074681215775,0.011165828268710019,0.3090748956873563,0.32024072413141996
608.0,0.3226745006180962,0.011165828268710019,0.31150866645774905,0.3226744949018127
608.5,0.32511484658970213,0.011165828268710019,0.31394899878403304,0.3251148272280967
609.0,0.3275616925288543,0.011165828268710019,0.31639584546077015,0.3275616739048338
609.5,0.33001579907005285,0.011165828268710019,0.31884996177496955,0.3300157902190332
610.0,0.33255479703136803,0.011165828268710019,0.32138895346681245,0.3325547819108761
610.5,0.335146831961917,0.011165828268710019,0.323980980468323,0.3351468089123867
611.0,0.3377454590581335,0.011165828268710019,0.32657961623116294,0.3377454446752266
611.5,0.34035054002283566,0.011165828268710019,0.32918469553629887,0.34035052398036253
612.0,0.3429622362027356,0.011165828268710019,0.33179638360276414,0.3429622120468278
612.5,0.34558052454830296,0.011165828268710019,0.3344146804305587,0.3455805088746224
613.0,0.3482646193028937,0.011165828268710019,0.3370987816390179,0.34826461008308157
613.5,0.3510265523213274,0.011165828268710019,0.3398607010121297,0.35102652945619334
614.0,0.35379588423898933,0.011165828268710019,0.3426300316390179,0.35379586008308156
614.5,0.35657254590728854,0.011165828268710019,0.34540670271152546,0.3565725311555891
615.0,0.35935642207857343,0.011165828268710019,0.34819057261333813,0.3593564010574018
615.5,0.362148181189223,0.011165828268710019,0.35098232582330796,0.3621481542673716
616.0,0.36503423592835393,0.011165828268710019,0.35386839549853455,0.3650342239425982
616.5,0.3679750563514917,0.011165828268710019,0.3568091998791992,0.36797502832326284
617.0,0.37092263028700906,0.011165828268710019,0.3597567782402264,0.37092260668429006
617.5,0.373877326527391,0.011165828268710019,0.3627114846224016,0.37387731306646527
618.0,0.37683831528954637,0.011165828268710019,0.36567246932783964,0.3768382977719033
618.5,0.37980718699106636,0.011165828268710019,0.36864133734143484,0.3798071657854985
619.0,0.38291216616904267,0.011165828268710019,0.37174632223569465,0.3829121506797583
619.5,0.38603650695247593,0.011165828268710019,0.3748706613595617,0.38603648980362537
620.0,0.3891674860006373,0.011165828268710019,0.3780016328474771,0.3891674612915408
620.5,0.3923050341649358,0.011165828268710019,0.38113918949400283,0.3923050179380665
621.0,0.39544940499020487,0.011165828268710019,0.38428354372361007,0.39544937216767373
621.5,0.39863189973859986,0.011165828268710019,0.38746606354989405,0.3986318919939577
622.0,0.40192111381231116,0.011165828268710019,0.3907552440634892,0.4019210725075529
622.5,0.4052169661507506,0.011165828268710019,0.3940511277492898,0.40521695619335346
623.0,0.4085188574661301,0.011165828268710019,0.39735300652572486,0.4085188349697885
623.5,0.4118295076030259,0.011165828268710019,0.40066366551364024,0.4118294939577039
624.0,0.41521576019932493,0.011165828268710019,0.40404990040790006,0.41521572885196373
624.5,0.4185625059006798,0.011165828268710019,0.40739667155593634,0.4185625
625.0,0.4219142303005806,0.011165828268710019,0.4107483992749696,0.42191422771903325
625.5,0.4252720858755429,0.011165828268710019,0.4141062164955134,0.42527204493957704
626.0,0.4287344019218514,0.011165828268710019,0.41756854655593634,0.428734375
626.5,0.4322228100364662,0.011165828268710019,0.42105698122361007,0.43222280966767374
627.0,0.4357163351468089,0.011165828268710019,0.4245504668731569,0.43571629531722056
627.5,0.4392159453331524,0.011165828268710019,0.4280500892296524,0.43921591767371604
628.0,0.4428034203290219,0.011165828268710019,0.4316375609063895,0.44280338935045316
628.5,0.44643745537610935,0.011165828268710019,0.43527162435049827,0.44643745279456193
629.0,0.4500763769236216,0.011165828268710019,0.4389105499547279,0.45007637839879155
629.5,0.4537207842593467,0.011165828268710019,0.4425549513897732,0.45372077983383685
630.0,0.4574369678324443,0.011165828268710019,0.4462711050906795,0.4574369335347432
630.5,0.46121851987348944,0.011165828268710019,0.450052685528746,0.46121851397280966
631.0,0.4650046357215351,0.011165828268710019,0.45383879768886687,0.46500462613293053
631.5,0.46879586856530875,0.011165828268710019,0.4576300080362989,0.46879583648036255
632.0,0.47264504792827133,0.011165828268710019,0.46147918666167653,0.4726450151057402
632.5,0.47657702120409273,0.011165828268710019,0.46541116362542273,0.4765769920694864
633.0,0.48051443416906625,0.011165828268710019,0.4693485692145466,0.48051439765861026
633.5,0.484458116606283,0.011165828268710019,0.4732922531269333,0.48445808157099696
634.0,0.4884487278872026,0.011165828268710019,0.4772828592447581,0.48844868768882177
634.5,0.49253651598789183,0.011165828268710019,0.4813706613595617,0.49253648980362535
635.0,0.49662919058900584,0.011165828268710019,0.4854633256344862,0.49662915407854985
635.5,0.5007267516905447,0.011165828268710019,0.4895608992749696,0.5007267277190333
636.0,0.5048622523189672,0.011165828268710019,0.49369637888222034,0.504862207326284
636.5,0.509105993541706,0.011165828268710019,0.49794014776439555,0.5091059762084592
637.0,0.5133544368686273,0.011165828268710019,0.5021885899849393,0.513354418429003
637.5,0.5176076744978522,0.011165828268710019,0.5064417999547278,0.5176076283987915
638.0,0.5218917523986263,0.011165828268710019,0.5107258822810119,0.5218917107250756
638.5,0.5262925531208695,0.011165828268710019,0.5151267036556342,0.5262925320996978
639.0,0.5306984708388406,0.011165828268710019,0.5195326232175678,0.5306984516616314
639.5,0.535108399175085,0.011165828268710019,0.5239425552417369,0.5351083836858006
640.0,0.5395448344711811,0.011165828268710019,0.5283789695166614,0.5395447979607251
640.5,0.5441037549713227,0.011165828268710019,0.5329378819033683,0.544103710347432
641.0,0.5486669165850406,0.011165828268710019,0.5375010427795013,0.548666871223565
641.5,0.5532345498076379,0.011165828268710019,0.5420686881722505,0.5532345166163142
642.0,0.5578263850370563,0.011165828268710019,0.5466605499547279,0.5578263783987916
642.5,0.5625433331169751,0.011165828268710019,0.5513774589426433,0.562543287386707
643.0,0.5672642918151671,0.011165828268710019,0.5560984275982324,0.567264256042296
643.5,0.571989537725996,0.011165828268710019,0.5608236919486855,0.5719895203927492
644.0,0.5767390778417674,0.011165828268710019,0.5655732198943049,0.5767390483383685
644.5,0.5816139152042815,0.011165828268710019,0.5704480782779907,0.5816139067220544
645.0,0.5864922099963416,0.011165828268710019,0.5753263354532173,0.586492163897281
645.5,0.5913744232085536,0.011165828268710019,0.5802085578852415,0.5913743863293052
646.0,0.5962793632576473,0.011165828268710019,0.5851134861329756,0.5962793145770393
646.5,0.6012859978344506,0.011165828268710019,0.590120142099743,0.6012859705438066
647.0,0.6062969657229513,0.011165828268710019,0.5951310937613744,0.6062969222054381
647.5,0.6113587808753068,0.011165828268710019,0.6001929328852414,0.6113587613293051
648.0,0.6164698759234564,0.011165828268710019,0.6053040072810119,0.6164698357250755
648.5,0.6215850737880004,0.011165828268710019,0.6104192357553321,0.6215850641993957
649.0,0.6267832960607062,0.011165828268710019,0.6156174513897732,0.6267832798338369
649.5,0.6319978374008686,0.011165828268710019,0.6208320001057853,0.631997828549849
650.0,0.6372368573422158,0.011165828268710019,0.6260710012387158,0.6372368296827795
650.5,0.6425485294030873,0.011165828268710019,0.6313826515408306,0.6425484799848943
651.0,0.6478639815869288,0.011165828268710019,0.6366981254834287,0.6478639539274924
651.5,0.6532368732002927,0.011165828268710019,0.6420710012387157,0.6532368296827794
652.0,0.6586478426377219,0.011165828268710019,0.6474819717825224,0.6586478002265861
652.5,0.6640626843962425,0.011165828268710019,0.6528968131722506,0.6640626416163142
653.0,0.6695663129455013,0.011165828268710019,0.6584004479909816,0.6695662764350453
653.5,0.6750745514008214,0.011165828268710019,0.6639087089426433,0.675074537386707
654.0,0.6806172258544184,0.011165828268710019,0.6694513826586553,0.680617211102719
654.5,0.6862167404497498,0.011165828268710019,0.6750508917220995,0.6862167201661632
655.0,0.6918206805548999,0.011165828268710019,0.6806548380967218,0.6918206665407854
655.5,0.69749017352424,0.011165828268710019,0.6863243056193804,0.6974901340634441
656.0,0.703182946519189,0.011165828268710019,0.6920170926284439,0.7031829210725076
656.5,0.7088907939069581,0.011165828268710019,0.6977249381722506,0.7088907666163142
657.0,0.7146699565414936,0.011165828268710019,0.7035041111329756,0.7146699395770393
657.5,0.7204521617140295,0.011165828268710019,0.709286305241737,0.7204521336858006
658.0,0.7262795439659648,0.011165828268710019,0.7151136749547279,0.7262795033987915
658.5,0.7321449118438444,0.011165828268710019,0.7209790450453624,0.732144873489426
659.0,0.7380129073681788,0.011165828268710019,0.7268470586405285,0.7380128870845921
659.5,0.7439423529403087,0.011165828268710019,0.7327764865106191,0.7439423149546828
660.0,0.7498885324714407,0.011165828268710019,0.7387226723112233,0.749888500755287
660.5,0.7558763855533658,0.011165828268710019,0.7447105405136403,0.7558763689577039
661.0,0.7618885789392938,0.011165828268710019,0.7507227195166614,0.761888547960725
661.5,0.7679273714831949,0.011165828268710019,0.7567615223867521,0.7679273508308158
662.0,0.7739973269920695,0.011165828268710019,0.7628314808459665,0.7739973092900302
662.5,0.7800967858997356,0.011165828268710019,0.7689308954985346,0.7800967239425982
663.0,0.7862232588569203,0.011165828268710019,0.7750573588671146,0.7862231873111782
663.5,0.7923763770711386,0.011165828268710019,0.7812104933082022,0.7923763217522659
664.0,0.7985552185611783,0.011165828268710019,0.787389307507598,0.7985551359516616
664.5,0.8047609819026151,0.011165828268710019,0.7935951232175678,0.8047609516616314
665.0,0.8109938514916919,0.011165828268710019,0.7998279404381116,0.8109937688821752
665.5,0.8172507847904078,0.011165828268710019,0.8060849268429454,0.8172507552870091
666.0,0.8235311364119147,0.011165828268710019,0.812365232734184,0.8235310611782477
666.5,0.8298333389881515,0.011165828268710019,0.8186674419486856,0.8298332703927492
667.0,0.8361573925191182,0.011165828268710019,0.8249915544864499,0.8361573829305136
667.5,0.8425022828254815,0.011165828268710019,0.8313364374169635,0.8425022658610272
668.0,0.8488678255109988,0.011165828268710019,0.8377019963293503,0.8488678247734139
668.5,0.8552562333305797,0.011165828268710019,0.8440904026737611,0.8552562311178248
669.0,0.8616630807744052,0.011165828268710019,0.8504972191390179,0.8616630475830815
669.5,0.8680879990499906,0.011165828268710019,0.8569221624924922,0.8680879909365559
670.0,0.8745299739780023,0.011165828268710019,0.8633640998036705,0.8745299282477341
670.5,0.8809883601715918,0.011165828268710019,0.8698224646072958,0.8809882930513595
671.0,0.8874634342251227,0.011165828268710019,0.8762975401359968,0.8874633685800605
671.5,0.8939527067893221,0.011165828268710019,0.8827868717069938,0.8939527001510574
672.0,0.9004576530341295,0.011165828268710019,0.8892917810725527,0.9004576095166164
672.5,0.9069763367989992,0.011165828268710019,0.895810474426027,0.9069763028700907
673.0,0.9135072829139917,0.011165828268710019,0.9023414411933985,0.9135072696374622
673.5,0.9200493850016522,0.011165828268710019,0.9088835484441539,0.9200493768882175
674.0,0.9266022742694958,0.011165828268710019,0.9154364185347883,0.926602246978852
674.5,0.9331653053306741,0.011165828268710019,0.9219993905891689,0.9331652190332326
675.0,0.9397370952133686,0.011165828268710019,0.9285712372659062,0.9397370657099698
675.5,0.9463177361157006,0.011165828268710019,0.9351518641541237,0.9463176925981873
676.0,0.9529062138583365,0.011165828268710019,0.9417403271450602,0.9529061555891238
676.5,0.9595016064600642,0.011165828268710019,0.9483357765408306,0.9595016049848942
677.0,0.9661016089678531,0.011165828268710019,0.9549357576586553,0.966101586102719
677.5,0.9727063135798244,0.011165828268710019,0.9615404593202868,0.9727062877643504
678.0,0.9793147983147659,0.011165828268710019,0.9681489374169635,0.9793147658610272
678.5,0.9859261411914653,0.011165828268710019,0.9747602478399242,0.9859260762839879
679.0,0.9925393280305891,0.011165828268710019,0.9813734464804076,0.9925392749244712
679.5,0.9990888059679475,0.011165828268710019,0.9879229177795013,0.9990887462235649
680.0,1.0000001843962425,0.011165828268710019,0.9888342659668125,1.0000000944108762
680.5,1.0000000921981211,0.011165828268710019,0.9888341715559363,1.0
