time_ns,X01,X02,X03,X04,X05,X06,X07,X08,X09,X10,X11,X12,X13,X14,X15,X16,X_guard,Y01,Y02,Y03,Y04,Y05,Y06,Y07,Y08,Y09,Y10,Y11,Y12,Y13,Y14,Y15,Y16,Y_guard
0.0,0.0,0.0,0.0,0.0,0.0,0.0,0.0,0.0,0.0,0.0,0.0,0.0,0.0,0.0,0.0,0.0,0.0,0.0,0.0,0.0,0.0,0.0,0.0,0.0,0.0,0.0,0.0,0.0,0.0,0.0,0.0,0.0,0.0,0.0
0.5,3.1262726331828865e-9,1.1596660571734863e-8,4.6455972710852244e-8,2.031945911857927e-7,1.1007188259429803e-6,8.936914449326942e-6,0.00010501781304077079,0.0012062879847615866,0.003919405519422088,0.0011794006176225368,9.582681283129666e-5,6.594217531495584e-6,5.208416222918249e-7,6.089253873202747e-8,1.1866906893195506e-8,3.349610254154618e-9,-3.763646382799448e-9,7.559199955480052e-9,3.191419106695711e-8,1.3243180379240557e-7,5.277103900605549e-7,1.8678850696908923e-6,3.1243639033051416e-6,-5.740619453058502e-5,-0.0010764054121207615,-0.003972023635472416,-0.0012816852493228508,-0.00012487350903969157,-1.38074761746153e-5,-2.2992801576785272e-6,-4.967231636872554e-7,-1.1809193546774029e-7,-2.960118117726062e-8,-8.408172043813097e-9
1.0,7.978818416975303e-9,3.037973337144143e-8,1.228284300023583e-7,5.291214422393151e-7,2.7001056724489635e-6,1.9899293712798922e-5,0.0002181174801915794,0.002438355248500213,0.007835540886732027,0.002320539375086205,0.00017951219553673735,1.0211184603975258e-5,3.127101070199758e-7,-5.6907852851009146e-8,-2.0185266335208525e-8,-4.365230073349225e-9,-5.524234411303514e-9,1.0331873550731126e-8,4.429611238669267e-8,1.843814817053235e-7,7.264074282805095e-7,2.399522542469541e-6,8.158611725970788e-7,-0.00013644930279146868,-0.002217299448399385,-0.007928646583211386,-0.0024931871999066403,-0.00022804381444014812,-2.2244641101522387e-5,-3.278983146334883e-6,-6.701010124605948e-7,-1.570541059754485e-7,-3.947403192769151e-8,-1.47030356040631e-8
1.5,4.469076645509741e-9,1.513539317374897e-8,5.926592806579258e-8,2.8416830582088396e-7,1.995599536039498e-6,2.172814817181887e-5,0.00029852329063991765,0.0036205053329467773,0.011968178331311736,0.0036283627017387092,0.0003015951807765442,2.252020988489566e-5,2.1889303906559044e-6,3.3255287441157727e-7,7.143787975673454e-8,1.8602277068182085e-8,2.198259083994355e-10,1.3617974078371344e-8,5.906833965490288e-8,2.467504518213499e-7,9.677389403101721e-7,3.0907866998021337e-6,-1.0734397441069976e-6,-0.0002174081669113067,-0.0034103076623645794,-0.01209144649908982,-0.00377478016107104,-0.00033861090319394345,-3.161790620344283e-5,-4.4319235643771476e-6,-8.830015992132378e-7,-2.0596215883382452e-7,-5.207924381372578e-8,-1.3813692667072054e-8
2.0,6.460463723573648e-9,2.2228121952001804e-8,8.750808510712694e-8,4.140999389030152e-7,2.8124865527149412e-6,2.972637035875522e-5,0.0004032793992235581,0.004875119719260409,0.016099016471931942,0.004858137617658633,0.0003982553669333098,2.8484922994119523e-5,2.503328959477272e-6,3.394374910184939e-7,6.967999410901354e-8,1.8428189890477468e-8,-6.435861256480872e-10,1.9736881325657273e-8,8.513213873361139e-8,3.55056422133719e-7,1.3961562052582956e-6,4.5428610353356406e-6,1.5496200438043007e-7,-0.00028568778603458694,-0.004566849538566843,-0.01627240800425365,-0.005077359899653409,-0.0004533991622780745,-4.1949385467612854e-5,-5.816362004760889e-6,-1.1518924163648818e-6,-2.6811971951675604e-7,-6.77495957260777e-8,-1.9461142315650276e-8
2.5,1.0135896676525986e-8,3.624084146040579e-8,1.4434084282158185e-7,6.60683857023806e-7,4.096725868381943e-6,3.952090980153069e-5,0.0005135941361372564,0.0061272775298519076,0.020155085537728948,0.006045811125879201,0.00048557027409083895,3.234212345857275e-5,2.3127583086243027e-6,2.233074702606663e-7,3.781653690965019e-8,1.0715825943940311e-8,-1.6859921179879758e-9,2.186850197671271e-8,9.493710161214892e-8,3.9643536461095167e-7,1.5512860402622431e-6,4.889701670345223e-6,-3.0320852409676843e-6,-0.00037022932148411913,-0.005751664184731659,-0.020358329092988073,-0.006316968681588994,-0.0005557538429415838,-4.960307316837714e-5,-6.5666555885641955e-6,-1.2668656477890346e-6,-2.926869134649387e-7,-7.405107510466061e-8,-2.5167026311887872e-8
3.0,4.9014919172763875e-9,1.4255279821964133e-8,5.3668315154837946e-8,3.0612371674826046e-7,2.9521838837835004e-6,3.962857463028496e-5,0.0005881497326934446,0.007304829052927991,0.024363445731448264,0.007407611950646715,0.0006205219426544051,4.76072291953326e-5,4.900045048591774e-6,7.853349473811348e-7,1.709812450549056e-7,4.3702858060196016e-8,1.724010404727627e-8,2.1617916952347345e-8,9.54179522852917e-8,4.0019855143789346e-7,1.5532754761169685e-6,4.605938795830188e-6,-8.945719105419435e-6,-0.00046846094988624136,-0.007025853384657569,-0.02465875919491863,-0.007534649436927634,-0.0006340044322690935,-5.0401534558783124e-5,-5.580421207962259e-6,-9.541274041353847e-7,-2.1325840559869644e-7,-5.486913941930023e-8,-1.1089795877175051e-8
3.5,7.678701651699031e-9,2.45820096443517e-8,9.528081916874765e-8,4.907295771162631e-7,3.989810529207175e-6,4.850109065587427e-5,0.0006958593324592106,0.008556094414517958,0.02843986753250537,0.008639085688979965,0.0007233446368277973,5.538604050604598e-5,5.676482840697211e-6,9.062246973781067e-7,1.9705926632266662e-7,5.040554275414048e-8,2.0886251820375146e-8,2.5089548903712974e-8,1.1080809739795359e-7,4.6481362725481437e-7,1.803501945247823e-6,5.334917824501537e-6,-1.0653066918749103e-5,-0.000548305108107829,-0.008212837207713515,-0.028804957686594246,-0.008795206640422165,-0.0007391143421392066,-5.8561726684296596e-5,-6.445528084012677e-6,-1.0969056086642865e-6,-2.448281701977767e-7,-6.303803948122795e-8,-1.2208957958747027e-8
4.0,1.1973646125619742e-8,4.1163625788953705e-8,1.6283485429991723e-7,7.819351627634911e-7,5.465548125368591e-6,5.923208760891076e-5,0.0008121176068516296,0.009849227807312934,0.03262127130053195,0.009906632662539756,0.0008310684624755491,6.395667296161824e-5,6.618808245910979e-6,1.0657303944072515e-6,2.322393347118106e-7,5.924125905240129e-8,3.088857779691553e-8,2.7223948871659176e-8,1.2080520820547896e-7,5.073472048547062e-7,1.963449914987534e-6,5.694064016248525e-6,-1.3919542979707891e-5,-0.0006354784767433236,-0.0094496541152908,-0.033114081783237055,-0.010052562120097641,-0.0008305123925569194,-6.27110416795552e-5,-6.288667054694945e-6,-9.87291350831303e-7,-2.1470115545383032e-7,-5.591852594662199e-8,-7.054687307641442e-9
4.5,1.7771233840661935e-8,6.391846882059798e-8,2.559002213112537e-7,1.177435643757128e-6,7.362844242385147e-6,7.163969591665123e-5,0.0009343616011639736,0.011146770863374554,0.036728251016392086,0.011145784775656156,0.0009360776206878017,7.219122458260585e-5,7.498646408229436e-6,1.2109575411895702e-6,2.638978615974349e-7,6.715557753394029e-8,4.378109933401168e-8,3.293588883866024e-8,1.452770123709826e-7,6.092533000021768e-7,2.3660019639418023e-6,7.04164909384582e-6,-1.3117857131082846e-5,-0.0007059478237549704,-0.01064025599430695,-0.03742834592513808,-0.011287924746372188,-0.0009154875472953312,-6.556473784936518e-5,-5.837322741724393e-6,-8.070275006011083e-7,-1.6730664466054732e-7,-4.445768370830491e-8,1.093502172329245e-9
5.0,2.0771791499999306e-8,7.519707140151208e-8,3.0150119756176797e-7,1.3779729936733346e-6,8.45604320127078e-6,8.05869934872198e-5,0.0010399196263166353,0.012365127978368109,0.04075263274040107,0.012388802727183547,0.0010503667358905528,8.337718527482716e-5,9.146858051734388e-6,1.547305761721109e-6,3.4259167359860505e-7,8.68579749970379e-8,5.5366322529021075e-8,4.0724468990749595e-8,1.7825071805429694e-7,7.46299500726276e-7,2.9126921840282186e-6,8.981996370631403e-6,-9.786623904307082e-6,-0.000764383470183773,-0.011766865174215727,-0.041628794367579894,-0.012532552563531882,-0.0010132965184410532,-7.222289517746952e-5,-6.360573035712689e-6,-8.680511109834801e-7,-1.7917787508822392e-7,-4.781553265181429e-8,7.97275214226884e-9
5.5,2.4570914358533695e-8,8.969333434682845e-8,3.6030181604817377e-7,1.6328043746128904e-6,9.777381020145114e-6,9.058567264829157e-5,0.0011516119778336355,0.01362699756449443,0.04487177396468886,0.013636656758288242,0.0011606171412050185,9.328807813883548e-5,1.046516133466696e-5,1.8019043120170108e-6,4.01305508155522e-7,1.0161881572130808e-7,6.497189998901041e-8,4.7923061853201545e-8,2.0881840084142014e-7,8.734194927615341e-7,3.4187015798786975e-6,1.0755294343045832e-5,-7.1647278739426435e-6,-0.0008261335220221666,-0.012913968988055548,-0.045914549121683815,-0.013808246105459162,-0.0011143791531508063,-7.92780322700829e-5,-6.954158934851788e-6,-9.445474958581867e-7,-1.9466138766301949e-7,-5.20413417898096e-8,1.2782765310162712e-8
6.0,3.0314568488217123e-8,1.1242831687181287e-7,4.537241006540163e-7,2.0300493268943266e-6,1.1676788791518918e-5,0.00010290773433500907,0.0012718021329436058,0.014897833417909742,0.048971688999510245,0.014937786897503717,0.001290995728933559,0.0001081809784170364,1.3001083067176565e-5,2.353323948516136e-6,5.317941146939318e-7,1.338334148116635e-7,9.592404899263355e-8,4.9376483845561065e-8,2.1620960874494243e-7,9.056146599892583e-7,3.5373660738599623e-6,1.09528437583198e-5,-1.1011141456461025e-5,-0.0009150302482155515,-0.014178277502607363,-0.050331455703228264,-0.01494842569633553,-0.0011649417192914336,-7.371182393091323e-5,-4.4455198891843555e-6,-2.617727983757021e-7,-2.5060241742114455e-8,-1.049356920658885e-8,3.899260423374095e-8
6.5,3.336618974132413e-8,1.2414801613993245e-7,5.016260600319621e-7,2.2403870180271723e-6,1.2804623243041629e-5,0.00011190077644460511,0.0013760041074090134,0.016098322104831475,0.05300830714292037,0.01621637315548439,0.0014182621798846658,0.00012273196232282863,1.5483790687834028e-5,2.8939825536126097e-6,6.599785067883863e-7,1.6558751832479977e-7,1.20672086757408e-7,5.086337304477132e-8,2.2371087924596992e-7,9.38278038386717e-7,3.658649385020452e-6,1.117423123305838e-5,-1.4543840014502362e-5,-0.0009991233982708518,-0.015379861042218626,-0.05459941045755346,-0.016106375034482097,-0.0012294842757487226,-7.193694256943878e-5,-2.8864669070503143e-6,1.8743447132206035e-7,8.747062821354818e-8,1.6902193792950043e-8,5.907568155775224e-8
7.0,4.617103434053849e-8,1.75443671192141e-7,7.121242618672212e-7,3.1147334370143103e-6,1.6628376284214664e-5,0.00013185052758257196,0.0015237727554182992,0.017430268025470284,0.05704410702800462,0.017381123545666836,0.0015091357634506918,0.0001281364919375797,1.570812547494998e-5,2.880907635798177e-6,6.529923125375569e-7,1.6384313496398062e-7,1.365282228835535e-7,5.3879845487530655e-8,2.371542770528091e-7,9.947486138787245e-7,3.876145915029813e-6,1.1783274695322233e-5,-1.6536057175466302e-5,-0.0010776898832119484,-0.01657449658903831,-0.05889786550285593,-0.017271639717309495,-0.001296228512536363,-7.080291805850775e-5,-1.4916532588531783e-6,5.965722950591826e-7,1.9069416627844971e-7,4.2253483456645295e-8,7.032857648782106e-8
7.5,4.8981537832104775e-8,1.860183633419367e-7,7.549859829573383e-7,3.3042994341911505e-6,1.767752945333089e-5,0.00014062367627267752,0.0016287702087909434,0.01866266734650488,0.06124088483274523,0.0186982010786627,0.0016371894098840812,0.00014228174558579023,1.8054632092980818e-5,3.3862723510295964e-6,7.726847168812219e-7,1.9362435487642028e-7,1.557905622968996e-7,5.877082223097971e-8,2.5849780412475236e-7,1.0842820200393838e-6,4.229236751502194e-6,1.293785442398394e-5,-1.6405527111356712e-5,-0.0011492027616933033,-0.017765939775910622,-0.0633088886917898,-0.018518692777236063,-0.0013812516571171695,-7.372682075666157e-5,-1.063626389697284e-6,7.702742866451466e-7,2.3603890132682337e-7,5.297903357505562e-8,8.472494339272155e-8
8.0,5.7918644929445405e-8,2.2157500100566856e-7,9.007034985084098e-7,3.913692142420485e-6,2.0421426630722432e-5,0.00015611929700813984,0.0017578130042084754,0.01992604091448366,0.06521599530453408,0.019882736609421466,0.0017416857160470276,0.00015168249877197865,1.9302979967025112e-5,3.626711843844807e-6,8.278216159370731e-7,2.07343315839306e-7,1.7412286506771615e-7,6.30081772805667e-8,2.770020590962848e-7,1.161820955118699e-6,4.533703264490535e-6,1.3909071931486043e-5,-1.6784910225165935e-5,-0.0012191854574889215,-0.0189124608688124,-0.06754912062353959,-0.019679841678308215,-0.001452043967664782,-7.40245175955879e-5,-4.9127194370295054e-8,1.0842340998351574e-6,3.1570402069686944e-7,7.236576218824845e-8,9.848465851094473e-8
8.5,7.269269668249543e-8,2.8080725303803233e-7,1.1436754642082575e-6,4.920297094094609e-6,2.477902164992249e-5,0.00017819073039959565,0.0019133508745637184,0.021282240703386843,0.06929201085761955,0.02103451731701992,0.0018318007359691977,0.00015736855228862013,1.9628104396457037e-5,3.640484022612478e-6,8.276436517290839e-7,2.0736694621524332e-7,1.9015337138653387e-7,6.940772271928943e-8,3.042024023214698e-7,1.2748953154777652e-6,4.982838500009743e-6,1.5464460820499865e-5,-1.4842665132439028e-5,-0.0012808737437890736,-0.020058780278324,-0.07194784112567268,-0.020869407769056245,-0.0015242182596212428,-7.451377426389482e-5,9.248307498110025e-7,1.38887180665401e-6,3.932959757452645e-7,9.134840038204087e-8,1.0987288405446285e-7
9.0,8.10146556352617e-8,3.139471297231123e-7,1.279623764693692e-6,5.489461098620358e-6,2.735028791823776e-5,0.0001928355218420576,0.0020368340512416875,0.022514431138053043,0.0732763065672353,0.022226152103112903,0.00193990735489076,0.00016792496705703505,2.1178750855865076e-5,3.9558541845654075e-6,9.009928662003527e-7,2.2552382366962483e-7,2.1315869640311356e-7,7.733690635592387e-8,3.376814793145391e-7,1.4139660788851923e-6,5.538890833243323e-6,1.7463232410278206e-5,-1.0956664009756913e-5,-0.0013328136994399332,-0.021157498085967005,-0.07626880979970142,-0.022014943494537444,-0.0015872659279860758,-7.312937310455068e-5,2.3322351898694145e-6,1.7977777229807708e-6,4.960892980867643e-7,1.164890485998592e-7,1.28372874567454e-7
9.5,8.489682415276597e-8,3.2898042318650334e-7,1.3410652920131058e-6,5.7553765546879376e-6,2.8711014914008427e-5,0.0002028883809049324,0.002146977132180666,0.02376297809566256,0.07749796057755853,0.023567401390421426,0.0020838176375789583,0.00018675715361477025,2.4725066841188876e-5,4.7576568002202e-6,1.0929898685266424e-6,2.731221272213401e-7,2.458974062408858e-7,8.427984602791553e-8,3.674847469172719e-7,1.5385665233019075e-6,6.035962803261157e-6,1.9207268987087325e-5,-8.364824938314919e-6,-0.0013939655439371068,-0.022340453283304175,-0.08086150362412375,-0.02322278210043547,-0.0016523756289410086,-7.12986911711736e-5,3.908828725289903e-6,2.2510928312862386e-6,6.093752107602682e-7,1.4393433441022506e-7,1.5623363734116028e-7
10.0,9.28172041005047e-8,3.6037213565061417e-7,1.4695561535971582e-6,6.293572676776039e-6,3.115356452425441e-5,0.0002169637881737101,0.002267351863607539,0.02497332765976828,0.08144411507690061,0.02477671228506774,0.0022037357001866457,0.0002006813883781433,2.71309628587475e-5,5.284413973888062e-6,1.2182780777827311e-6,3.042971216609246e-7,2.703648909934855e-7,9.8151371292376e-8,4.251865639134656e-7,1.777403458975413e-6,6.999760680463379e-6,2.2860687068491905e-5,2.232231790610671e-6,-0.001419482634506917,-0.02336791490860216,-0.08521417116470567,-0.02439619047043907,-0.001727675203110156,-7.354547452530473e-5,4.380747951634701e-6,2.4279468732230434e-6,6.551674501745317e-7,1.5483459818607415e-7,1.7615572585980339e-7
10.5,9.952257056734623e-8,3.8732793196202945e-7,1.5809686061028626e-6,6.764285896659978e-6,3.333310976489433e-5,0.00023012360687342295,0.0023862771757419735,0.026207462898554038,0.08557220528132965,0.026107159986236663,0.0023538509884629727,0.00022167300529710475,3.1245357477953065e-5,6.226577945166124e-6,1.4438339948001405e-6,3.597695061098503e-7,3.240350361285996e-7,9.739317694183698e-8,4.237489138231852e-7,1.773698216028444e-6,6.973307320898753e-6,2.248526699953569e-5,-3.7035987124387232e-6,-0.0015137265816195854,-0.024665875737400575,-0.08985872643231625,-0.02538218022833418,-0.0017271349797436117,-5.6200759243388914e-5,9.717806622250923e-6,3.7988046398020584e-6,9.921959177886342e-7,2.3774046424826962e-7,2.2520667105192864e-7
11.0,1.080066778625325e-7,4.2106261268663263e-7,1.7192708877030636e-6,7.343624107922312e-6,3.5957723090655855e-5,0.0002451725866859413,0.0025141141926053787,0.027490345012745467,0.08975116003676123,0.02737685200671055,0.002485436435192373,0.00023831487872449293,3.430875879220012e-5,6.913538076816369e-6,1.6080304203706927e-6,4.004975471341718e-7,3.5670999890570376e-7,1.059802797034923e-7,4.601623779275311e-7,1.9253763015694307e-6,7.581539744696948e-6,2.469275754474081e-5,9.663285915472536e-7,-0.001563836980802415,-0.025804681000032453,-0.09448778089079612,-0.026547852599728864,-0.0017858496965598484,-5.377105400641519e-5,1.137405338491738e-5,4.267498352804033e-6,1.1091056530254124e-6,2.661469018612946e-7,2.5311396917992263e-7
11.5,1.213001052137138e-7,4.744503803247321e-7,1.938580823752725e-6,8.25369086262863e-6,3.991633642386094e-5,0.00026550242998088595,0.00266089216099765,0.028812831982384997,0.0938905848477182,0.028572056588809656,0.0025958492676657133,0.000249851731375265,3.6125529973888685e-5,7.295401434883971e-6,1.697549054798673e-6,4.225890250634571e-7,3.8845985994204383e-7,1.1452133070925121e-7,4.961960854042558e-7,2.075075854201241e-6,8.181020972006631e-6,2.6863315944585195e-5,5.467752278909042e-6,-0.001615044213493785,-0.026954328185481966,-0.0991003491727247,-0.027659926169588487,-0.0018304914146031498,-4.811768400344964e-5,1.3804572474020125e-5,4.925115140903392e-6,1.2723966065535372e-6,3.062409453946546e-7,2.802481693342283e-7
12.0,1.3158218736417052e-7,5.155888205292857e-7,2.107531461144412e-6,8.95833205487973e-6,4.304594323714334e-5,0.00028254260559456586,0.0027958080847817965,0.030118161457903074,0.09814797715478073,0.02984909852825983,0.002725501975264074,0.00026589755835489923,3.903643917461176e-5,7.944409468202792e-6,1.8522486630883462e-6,4.6085159356207826e-7,4.2526015879591967e-7,1.1993253292667812e-7,5.197202895129285e-7,2.1737677346228474e-6,8.572264380325363e-6,2.818070971083425e-5,6.371547729677304e-6,-0.0016825896015340107,-0.028182369704693105,-0.10382935215699349,-0.028754381254720542,-0.0018698279591125304,-4.134445065728127e-5,1.6498506024164736e-5,5.646144867145943e-6,1.4508216398461438e-6,3.49906121248385e-7,3.1227181300526525e-7
12.5,1.4809555568580383e-7,5.820093449947967e-7,2.38030012190522e-6,1.008625302655099e-5,4.788271497563653e-5,0.00030634302387064677,0.002954995704201413,0.03147220035334008,0.1023111141700399,0.03100366678842965,0.0028259873030048845,0.0002753275848947623,4.035843609412991e-5,8.206677361422436e-6,1.9127445357353667e-6,4.7580054306968193e-7,4.5454771267784777e-7,1.2964182575528715e-7,5.60449825295914e-7,2.3426738809625366e-6,9.250381168011813e-6,3.067575946585289e-5,1.2279419211552582e-5,-0.0017268971013878769,-0.029305198761631714,-0.10848490781294255,-0.02987394592192958,-0.0019171870006895496,-3.665613061171644e-5,1.8670448746385892e-5,6.239193708289786e-6,1.598372169154108e-6,3.861428081589748e-7,3.369563674903123e-7
13.0,1.5541820252649036e-7,6.111731856155386e-7,2.5000355665057086e-6,1.0588505302536163e-5,5.016568204067265e-5,0.00031954347186938513,0.003068527066095358,0.03264744404219429,0.10635732091805726,0.03224737910705751,0.0029647584408071465,0.0002951367654108929,4.42934821829695e-5,9.112565122612294e-6,2.1305015054601736e-6,5.2970738763558e-7,4.965092373443514e-7,1.430170142072115e-7,6.162987570376825e-7,2.574289901311484e-6,1.0186029046638855e-5,3.4227956007614594e-5,2.2655130670690105e-5,-0.0017508837391602668,-0.030346801273772362,-0.11309076868155211,-0.030944556267960194,-0.0019576542327051074,-3.1079677724226e-5,2.1005568468768792e-5,6.868196595066264e-6,1.7540002863550295e-6,4.2411425042604843e-7,3.74411634419935e-7
13.5,1.6796816329632145e-7,6.614083753409163e-7,2.706027554567577e-6,1.1442399378359499e-5,5.387393279378148e-5,0.00033850787809608206,0.0032048283026657794,0.03390524250503033,0.11050530286714029,0.03342831314870598,0.003078288182030992,0.00030844172412175064,4.661370215099023e-5,9.622334100283525e-6,2.251783233935019e-6,5.598425136434528e-7,5.263374981912152e-7,1.5786317707492416e-7,6.77961376748889e-7,2.829441512313044e-6,1.12173260046096e-5,3.816838182081268e-5,3.461834335885379e-5,-0.001768296398785179,-0.031369416735323535,-0.11776664249846583,-0.03206757260233254,-0.0020154455277134643,-3.002439920995891e-5,2.2214816269827753e-5,7.220949088518713e-6,1.842455531884086e-6,4.455843483860354e-7,3.996721326072456e-7
14.0,1.7777093349578946e-7,7.006458342328578e-7,2.867146184122094e-6,1.2113172504656985e-5,5.6832533588582296e-5,0.0003543226920585978,0.0033270675250050524,0.03510986570145068,0.11468433253354536,0.034667504878202596,0.0032083527199091148,0.0003258874048999429,4.9956593088513055e-5,1.038254162696193e-5,2.4339213356758354e-6,6.049131363309537e-7,5.662990357653657e-7,1.6737965702675733e-7,7.18114990811356e-7,2.9965265150381717e-6,1.1889739496650292e-5,4.0658279758205584e-5,4.078345964142203e-5,-0.0018074184746180416,-0.032454591503316185,-0.12249564548273462,-0.03311697738048173,-0.0020494210756077146,-2.312634331582176e-5,2.4857821106190408e-5,7.924419796808969e-6,2.016267827866751e-6,4.88094273628245e-7,4.350791405323679e-7
14.5,1.8641638679970113e-7,7.354758213502088e-7,3.010757672642653e-6,1.2713084925877723e-5,5.9499126771785703e-5,0.0003688678235445858,0.0034427549183548758,0.036268153579573616,0.11873511461332846,0.035896733448224485,0.0033465220488810466,0.00034603073607758814,5.400547718353502e-5,1.1317635917321433e-5,2.6583765827547028e-6,6.601804310984887e-7,6.195910509219928e-7,1.7121236112244494e-7,7.352280431199155e-7,3.069030751229413e-6,1.2176569967651655e-5,4.159158315183173e-5,4.0757309454085244e-5,-0.0018693433787527402,-0.033594549242463356,-0.12714457439872073,-0.03403041009816518,-0.00204486483173428,-6.893919105571202e-6,2.9782078079766736e-5,9.185631036353255e-6,2.326089445659131e-6,5.642771548549349e-7,4.840301127479696e-7
15.0,2.006231226854229e-7,7.925923524024893e-7,3.2453651447130472e-6,1.3684054831003495e-5,6.367742812705545e-5,0.0003896472227177231,0.0035846402637908104,0.037525145308848956,0.12286965868624315,0.03712006998206193,0.0034851419241406765,0.00036657279711835696,5.817088633325525e-5,1.228302914165298e-5,2.8908257991683266e-6,7.177439389547777e-7,6.686977857830751e-7,1.8543048355210673e-7,7.945492552745288e-7,3.315136962066604e-6,1.3173161091401138e-5,4.541677256815383e-5,5.2645892535091524e-5,-0.0018813595670947856,-0.03457328416069469,-0.13200681519292273,-0.035121819764105576,-0.0020770691672840867,1.04422442223933e-6,3.271332725297288e-5,9.961379129225754e-6,2.5174734210792447e-6,6.110520662002693e-7,5.285696564748703e-7
15.5,2.10049884144802e-7,8.302362666681994e-7,3.3997825073961766e-6,1.4327179494221044e-5,6.652266642478298e-5,0.0004049848393731247,0.0037047967449775994,0.0387323414090897,0.1271470522232286,0.03838470839301625,0.0036243351564666654,0.0003867649509827536,6.222449175540775e-5,1.3219644217062572e-5,3.1162858757772834e-6,7.736229856872757e-7,7.117715867495114e-7,1.9955861271750124e-7,8.535119451672469e-7,3.5597090229527108e-6,1.416260269653401e-5,4.919805758129074e-5,6.412527329792068e-5,-0.001898353913759537,-0.0355974324160112,-0.13690482885815947,-0.036219421110124383,-0.0021182527354836824,6.2402108475971075e-6,3.49390390821454e-5,1.0562490874456855e-5,2.666151613908682e-6,6.472465481603479e-7,5.669937907996675e-7
16.0,2.3171005825430515e-7,9.177887658912159e-7,3.7597935489207234e-6,1.581025301419716e-5,7.27687008521348e-5,0.0004339764665620925,0.0038762643618165905,0.04003354213749174,0.1310604591023886,0.03949123278845473,0.003746667297224984,0.0004044257532073652,6.57510698922091e-5,1.4032452476979022e-5,3.3114679450354907e-6,8.218111913493663e-7,7.6669135012768e-7,2.1427424798305977e-7,9.147139593925091e-7,3.813298523223472e-6,1.5190125828513206e-5,5.315999947825948e-5,7.67506197590122e-5,-0.0019048731492725384,-0.03653681314243651,-0.14166579001619736,-0.03721522420554723,-0.0021267713376762645,1.9410367649937684e-5,3.9111237601571216e-5,1.163948313234616e-5,2.9310956526986604e-6,7.12373754673629e-7,6.176277293803964e-7
16.5,2.457945096922695e-7,9.742462402631688e-7,3.991264138044367e-6,1.6766746621297565e-5,7.686917065133501e-5,0.0004541484520874715,0.004011499917759276,0.04123910172108077,0.13522553227819345,0.040738998943225135,0.003886638451198797,0.00042493398275980415,6.988470715518445e-5,1.4988961559227947e-5,3.541991384728077e-6,8.790718786857369e-7,8.096853573595559e-7,2.3363222996915304e-7,9.949042446337347e-7,4.145135298326296e-6,1.6536370898931768e-5,5.839645209809444e-5,9.424721658950125e-5,-0.0018963804778015505,-0.03747321183587849,-0.14656129128263076,-0.038317328853549555,-0.002175493002658164,2.1915736515356335e-5,4.061703145323923e-5,1.2060559813349629e-5,3.0355667976769436e-6,7.375809691109191e-7,6.560195505399583e-7
17.0,2.624158523456275e-7,1.041344198147876e-6,4.267160361492021e-6,1.7905109801141157e-5,8.169764208289431e-5,0.0004771003820384737,0.004155172682240651,0.04245340860142088,0.13945273546293782,0.041996313365924756,0.004028773739978986,0.00044611704133428473,7.419332614297954e-5,1.5988163762582393e-5,3.7823503364293956e-6,9.384328777989052e-7,8.669863152528727e-7,2.438169219981305e-7,1.037873368530205e-6,4.3241331758951135e-6,1.7259756716536612e-5,6.112465888171758e-5,0.00010186880601857004,-0.0019227383360041592,-0.03849444144442002,-0.15158577772065593,-0.0393140135935066,-0.002179139510382338,3.631096445811839e-5,4.509428172763381e-5,1.321233431963402e-5,3.3185502874392036e-6,8.07051240885771e-7,7.088111732520861e-7
17.5,2.72583112850774e-7,1.0822727126871262e-6,4.4356059463092565e-6,1.8604870694281472e-5,8.474786138426502e-5,0.0004928587426591855,0.004270613373586418,0.043579288839933734,0.1435598505947885,0.04322213636784395,0.004178160627082756,0.00047065070028391487,7.943389233865767e-5,1.722236172355194e-5,4.080412951593492e-6,1.0120753287492471e-6,9.269823230172753e-7,2.541660154983964e-7,1.081558921461604e-6,4.506198649950258e-6,1.7995808239789888e-5,6.3904620189321e-5,0.0001097044420746518,-0.0019480811145010312,-0.03950892618415579,-0.1564881592718856,-0.04018594851306558,-0.002172421652744904,5.12482615305938e-5,4.9577688297476296e-5,1.4357682418787227e-5,3.599364442745184e-6,8.758851411411949e-7,7.645004735612437e-7
18.0,2.8922597563254373e-7,1.1495099469085204e-6,4.712164787479938e-6,1.9745863242541917e-5,8.958241595602468e-5,0.000515763132953932,0.00441299428392393,0.04476627914567008,0.1475248653723034,0.044354657752276185,0.004308094070757264,0.00049079594475265,8.362060092006925e-5,1.8199964840066396e-5,4.315926774976117e-6,1.070226980176307e-6,9.842226112942321e-7,2.6624905103057894e-7,1.1321265191357481e-6,4.716256909139927e-6,1.8846449017344643e-5,6.716104725156306e-5,0.00011966628475491733,-0.0019619153345459537,-0.0404490905946115,-0.16130441625312736,-0.04106805980025462,-0.0021670109555800517,6.60975275172928e-5,5.405472191979157e-5,1.5502712573979916e-5,3.880420221392842e-6,9.449209217432312e-7,8.175739022450144e-7
18.5,3.033863959814284e-7,1.2064752875182923e-6,4.946102255960966e-6,2.071216528014114e-5,9.370788796790777e-5,0.0005357883127794526,0.00454379244513382,0.04591962866192498,0.15159128655839904,0.045589288555963524,0.00446615514438318,0.0005178072481357078,8.94897001207415e-5,1.95895923791155e-5,4.652352283323279e-6,1.1535847469534038e-6,1.0453901581432435e-6,2.84222930457353e-7,1.2068333261817964e-6,5.026034915150112e-6,2.010575188970998e-5,7.208874533543774e-5,0.0001366042005871718,-0.0019451430196848521,-0.04127792577368975,-0.16629824681584568,-0.04208542861246991,-0.0021849940910800346,7.592837165849807e-5,5.733996089491599e-5,1.635780597381361e-5,4.0903849262755445e-6,9.960946880190935e-7,8.743360436034707e-7
19.0,3.1706416315407553e-7,1.2616857814565977e-6,5.173263016221567e-6,2.165124090416554e-5,9.772037451360881e-5,0.0005553145062887416,0.004672413146027625,0.04708818510579919,0.15579318135886755,0.04674373868729052,0.004595066125299275,0.0005377849783422004,9.364620121224049e-5,2.056051585879571e-5,4.886252119056768e-6,1.2113107438691613e-6,1.1013645616858028e-6,2.934279180908424e-7,1.2457438285977458e-6,5.188248587316437e-6,2.0761213059961977e-5,7.455527579856424e-5,0.00014339522472681235,-0.001971105614457606,-0.04227084767782436,-0.17130858084226303,-0.042933400664084624,-0.0021726499871544966,9.171870674971728e-5,6.199763733274627e-5,1.7543932496150813e-5,4.381282899382431e-6,1.0675593635230537e-6,9.260741252384607e-7
19.5,3.3813876555697975e-7,1.3468618781848886e-6,5.523342177767048e-6,2.309089537788734e-5,0.00010374412390760785,0.0005826882095135231,0.004827511994860324,0.048293470976215835,0.15990288956287765,0.04783800073260627,0.004714519955960645,0.0005559882548640502,9.740071984576315e-5,2.143520923764684e-5,5.096939232009055e-6,1.2633811894894276e-6,1.157139458910216e-6,3.077888339364006e-7,1.305515534635577e-6,5.43609293869885e-6,2.176683604312087e-5,7.845373582263728e-5,0.00015617183373053628,-0.0019706773974023915,-0.04316448373016634,-0.17634692004800204,-0.04378912888264728,-0.0021653058305607822,0.00010579906606602164,6.620157116129319e-5,1.86168892573554e-5,4.644490556166791e-6,1.1321988830404789e-6,9.776906917867703e-7
20.0,3.46463736008819e-7,1.38012940286352e-6,5.659814698908624e-6,2.3658052537016278e-5,0.00010623175121866324,0.0005957880859288565,0.004927031583296208,0.04934346063619654,0.16411838358622663,0.04906111541471452,0.0048661797428419225,0.0005820617755014011,0.00010309169164597088,2.2784704089254772e-5,5.423785975129763e-6,1.3443797874599245e-6,1.212717751406831e-6,3.260596207936725e-7,1.381376119516227e-6,5.750494848745467e-6,2.304489901598847e-5,8.345869710258127e-5,0.0001734484471043071,-0.0019519842283243138,-0.04399038585651317,-0.1814005756666293,-0.044737124371024416,-0.0021822304884112492,0.00011408437054683074,6.89925620292969e-5,1.9344080554664674e-5,4.822942583042329e-6,1.175598849140085e-6,1.02896205701069e-6
20.5,3.624753270360143e-7,1.4448334607844357e-6,5.92598655005056e-6,2.4755668243972916e-5,0.00011087311403628922,0.0006176271557447774,0.005060939630352839,0.050484591020198026,0.16823309353831312,0.05022084100729029,0.005015892924859084,0.0006087823936946443,0.00010901069398012767,2.419374309187569e-5,5.765001041944114e-6,1.4287338548500282e-6,1.2830163392989568e-6,3.4240454300292667e-7,1.4494272058666472e-6,6.032900130685723e-6,2.4193110017618022e-5,8.794829654549544e-5,0.00018881034004724278,-0.0019386372897560143,-0.04483104544463835,-0.18654151985652498,-0.045593673729104216,-0.0021642306059869035,0.00013119654217875616,7.396223434328673e-5,2.060523763118914e-5,5.131724552220448e-6,1.2513036274117646e-6,1.095087190786112e-6
21.0,3.7624900056234927e-7,1.5003983004530752e-6,6.154462346227508e-6,2.5698917937602882e-5,0.00011488363101763307,0.0006368508241688017,0.005184023401888476,0.05161003043644378,0.1725604238827063,0.05144363587716555,0.005162818194155967,0.0006334815860875063,0.00011434986782218034,2.545573582642028e-5,6.070098870650519e-6,1.5041545410485787e-6,1.3466687026093194e-6,3.5715666796528143e-7,1.510972750803675e-6,6.288435630882975e-6,2.523115484375968e-5,9.198583594981998e-5,0.00020226183434627568,-0.001933855232515364,-0.04571479901086167,-0.19184255455916022,-0.04646760243303466,-0.0021524989352845712,0.00014662874294191688,7.851488235493802e-5,2.1764295305100093e-5,5.415698451488039e-6,1.3209189347405088e-6,1.1544357921950676e-6
21.5,3.930351403584068e-7,1.5682364276573738e-6,6.43349826628528e-6,2.6848665199431048e-5,0.00011973022244127855,0.0006594272988800556,0.005319603980487927,0.05275837532343101,0.17685139359304192,0.0527064043949738,0.005332073416234503,0.0006643827678213667,0.00012125576820978585,2.7103926367449978e-5,6.4695272257050715e-6,1.6029350518662584e-6,1.4253245741185195e-6,3.776003503215322e-7,1.5957820161704391e-6,6.6399634773547555e-6,2.6662113690844475e-5,9.762403467990841e-5,0.0002222996869116031,-0.0019017683055105527,-0.046526128071672605,-0.19737762266775633,-0.0473081006744477,-0.0021266744576191976,0.00016510126453872173,8.37799780678533e-5,2.309518621452265e-5,5.7411608722319775e-6,1.4006540220050744e-6,1.2287793728857783e-6
22.0,4.125175610032732e-7,1.6469869965242834e-6,6.75717506591467e-6,2.8178861134001855e-5,0.00012528084871271945,0.0006844239292548142,0.005458606694039981,0.05386067877363222,0.18093052659510125,0.05379526996900668,0.005460453537655741,0.0006860613012601962,0.00012595376444367122,2.8215264310649515e-5,6.738282019818297e-6,1.6694073213596358e-6,1.4873193379975519e-6,3.9775651145242495e-7,1.6790884335910806e-6,6.984647087685291e-6,2.8064879630987737e-5,0.00010316131293233427,0.00024216676136518174,-0.0018660941152774315,-0.047247866489375824,-0.2025533485988836,-0.04810571814591791,-0.0021124703646426476,0.00017946543245157085,8.796242676292662e-5,2.415718235007946e-5,6.001266113445838e-6,1.4644647418068345e-6,1.2868288531618086e-6
22.5,4.28547528769337e-7,1.7119388326754924e-6,7.024634168047199e-6,2.9280337187098593e-5,0.00012990692771093363,0.0007057198494942887,0.005583906461825184,0.05494589675949419,0.1851696924860744,0.05492163136646467,0.005591565388567138,0.0007081969987229638,0.00013075560736512128,2.9351089566135694e-5,7.012542449725719e-6,1.7369874708039343e-6,1.555594638147563e-6,4.0852242280247976e-7,1.7243034763436123e-6,7.172848809836855e-6,2.8828502241578346e-5,0.00010610148985940524,0.0002514336629576553,-0.0018736496792819204,-0.048131908174727976,-0.2078430314078432,-0.04877768110292556,-0.002065827659249666,0.00020168122928308215,9.407351789517705e-5,2.5691596785520858e-5,6.376690402897103e-6,1.556854983482206e-6,1.3511682778957027e-6
23.0,4.4555352997946417e-7,1.780751014966799e-6,7.3077470863243605e-6,3.0445652448338684e-5,0.0001347945310918226,0.0007281169700478499,0.005713947229875178,0.056046287098680016,0.18944838832152214,0.05610213611061119,0.005746086558546544,0.0007367794517303881,0.00013718679772402944,3.0888914161578406e-5,7.385279690661099e-6,1.829099423586872e-6,1.632952971209482e-6,4.247928268959875e-7,1.792085857842444e-6,7.4542763437569326e-6,2.9973592890533434e-5,0.0001105905209423192,0.00026699153318145846,-0.001856295363780595,-0.04895741557786832,-0.21334184260526812,-0.049473903690580155,-0.002022850189324232,0.00022262510396202524,9.984139274254306e-5,2.713942917182006e-5,6.7304445605083534e-6,1.6436524537259719e-6,1.4244598122679396e-6
23.5,4.663960930815366e-7,1.8651065771155666e-6,7.654678813685463e-6,3.187119217977783e-5,0.0001407341181871754,0.0007547207199194641,0.0058599220661958535,0.05721178083621483,0.19399438955992732,0.05730666999010161,0.005900218407553128,0.0007650985458466221,0.0001435419178801361,3.2407375125726546e-5,7.753282942980797e-6,1.9200533780401567e-6,1.7129485861164747e-6,4.4531265401711907e-7,1.8771221506721665e-6,7.806642661912203e-6,3.1409140822570487e-5,0.00011626970912034419,0.0002875561710570874,-0.0018164637945930044,-0.04971008070285947,-0.2191901077316607,-0.05029295146285227,-0.0019866269520762464,0.00024328905289987062,0.00010562159143545836,2.8595204529805486e-5,7.086432063417492e-6,1.7310202183635212e-6,1.500195716690621e-6
24.0,4.817588709216014e-7,1.9269667247878642e-6,7.908625297495966e-6,3.2916043257605276e-5,0.00014512478359876444,0.0007749839131565612,0.005979851653568694,0.058282385419862866,0.19844748966643458,0.05852691212449549,0.006066424608950889,0.0007971825016229175,0.0001508814263019677,3.417130008204826e-5,8.181910793046577e-6,2.026312078526553e-6,1.786960594164731e-6,4.722642957787184e-7,1.9883573423857235e-6,8.266872875504983e-6,3.3285454748440365e-5,0.0001237395239200477,0.00031542559674859404,-0.0017463548666040703,-0.05033298273461103,-0.22493863754041965,-0.05115135054573912,-0.0019796328602240524,0.0002554282320950327,0.00010922200009902079,2.9511631570553853e-5,7.31022381350353e-6,1.7854695284339596e-6,1.5699689408758615e-6
24.5,5.001500737783007e-7,2.001237589865923e-6,8.213753724791492e-6,3.416985385907741e-5,0.00015035641922691437,0.0007985408932780931,0.006110804318661416,0.05934139608976704,0.20259114982858525,0.059683814149608785,0.006228030628308069,0.0008286901291043377,0.00015811210222474757,3.591034662687526e-5,8.604427366278323e-6,2.1309858072672904e-6,1.8645909733034873e-6,4.984642058228258e-7,2.0964579372540162e-6,8.71414194879575e-6,3.510964837409218e-5,0.00013101336143888376,0.00034275581199236867,-0.001674457619197419,-0.050900001180135955,-0.23047743967292533,-0.05192070929305431,-0.0019578098170346726,0.0002705040430014227,0.0001134980593743281,3.05908009004737e-5,7.57363968137708e-6,1.849782135438883e-6,1.6436336373522022e-6
25.0,5.161286042609288e-7,2.065967674172987e-6,8.480235078903844e-6,3.52660571070236e-5,0.00015494038331184502,0.0008193360714753949,0.006229078661639164,0.06037095522232286,0.2069690623672347,0.06084465764440439,0.006384452664239889,0.0008591091164649433,0.00016509323997079787,3.758895286890675e-5,9.011752970989378e-6,2.2316066297812225e-6,1.9480027272464464e-6,5.148758206465859e-7,2.1648148336416824e-6,8.998025107419744e-6,3.626626941552695e-5,0.0001355731730374685,0.00035898610274237087,-0.0016483383596483674,-0.051653818781642394,-0.23617346265164746,-0.05252142038950387,-0.0018977306760690003,0.00029443231414091913,0.0001199226319969961,3.219478316267451e-5,7.965149684299875e-6,1.945892655574843e-6,1.723148467531287e-6
25.5,5.34613801059496e-7,2.140870382530992e-6,8.788468383725317e-6,3.65323322372134e-5,0.00016020645817961217,0.0008427804150250023,0.006356334398160168,0.06143068619004909,0.21149257878882646,0.06200220505636624,0.006533969925249451,0.0008875968953273807,0.00017158493534675896,3.9146658809703644e-5,9.389513304451442e-6,2.3248975075151086e-6,2.030102258936426e-6,5.309745912746811e-7,2.2318711141377595e-6,9.276487743566403e-6,3.740054434249769e-5,0.0001400406964776019,0.0003748118787373661,-0.0016244491421564108,-0.052439548457857345,-0.2420348890598447,-0.053102055345057,-0.0018339027450884216,0.0003188934030849768,0.00012645345980307127,3.382334840171647e-5,8.36267107900716e-6,2.043540666887137e-6,1.801305529281632e-6
26.0,5.54766269257219e-7,2.222472071658899e-6,9.12406386137909e-6,3.790942631279234e-5,0.0001659112056756668,0.0008678262507447304,0.006487224757491282,0.06246917125321587,0.21593095024546827,0.0631643566120067,0.0066950522880899945,0.0009197640455021239,0.0001790364838438812,4.094321663376068e-5,9.825942739619229e-6,2.4328408889427467e-6,2.1175539059131166e-6,5.548999622306615e-7,2.3307214389777437e-6,9.685782209218809e-6,3.907075179937743e-5,0.00014670857219897728,0.00039998570237635125,-0.0015563988253429217,-0.053004567356628236,-0.2480703624713817,-0.05369777621819534,-0.0017756279501670077,0.00034127321398150164,0.00013242308556853466,3.5311171385456785e-5,8.72550070781002e-6,2.1325037786540126e-6,1.8849242633360571e-6
26.5,5.769854171618008e-7,2.3127046731663613e-6,9.495641873007094e-6,3.943420957852706e-5,0.00017221438560601087,0.0008952784214135023,0.006627343572518617,0.06353545981231414,0.2203822294390814,0.06429739084848825,0.006849882465835064,0.000950624485390424,0.0001861817932200936,4.2665040745115715e-5,1.0243721103740242e-5,2.535905202237321e-6,2.2127308173729756e-6,5.738270800318737e-7,2.4092303845029765e-6,1.0011368079442993e-5,4.039899786523462e-5,0.00015198816390556152,0.0004195130213509874,-0.0015114344138753377,-0.05366955783071835,-0.2541559455618037,-0.05417197996756101,-0.0016849003169471764,0.0003716366033539671,0.0001403600472698039,3.7281287220669656e-5,9.206210873638395e-6,2.2507643360880926e-6,1.976391183792014e-6
27.0,5.973320281318757e-7,2.3949443604628304e-6,9.833503756503324e-6,4.081969399826764e-5,0.000177947517338116,0.0009203637834762159,0.0067576706589528805,0.06458218508256526,0.2248512337214997,0.06535422333777852,0.006984091237232404,0.0009767322201743227,0.0001921843275923023,4.4109572704284936e-5,1.0594667928726651e-5,2.622809239981128e-6,2.285003453898286e-6,5.986740576311541e-7,2.5116218805448167e-6,1.04348033137642e-5,4.2126795383918684e-5,0.00015889765452762385,0.0004458137959511979,-0.0014359718723239495,-0.05415185772760397,-0.2600907155754343,-0.05482662696492636,-0.0016502815430978273,0.00038791288061804644,0.00014481447029329858,3.8397537820108705e-5,9.478585445673803e-6,2.317451850829078e-6,2.0449153172960813e-6
27.5,6.198750550681416e-7,2.4862997895078536e-6,1.0209234031845796e-5,4.236025066084012e-5,0.00018430467458650064,0.0009478937463097702,0.006896212021749905,0.06562751585623289,0.22926533402272942,0.06649563607852625,0.007139132462239337,0.0010075514230123098,0.00019931732437761888,4.582878292237164e-5,1.1012190952897072e-5,2.726027601345068e-6,2.3733760480659245e-6,6.213761884381494e-7,2.6054239657417706e-6,1.082324642361651e-5,4.371269141799374e-5,0.00016524075471382487,0.000469956693332361,-0.0013672386231379206,-0.054657143768587144,-0.26620022407831384,-0.055382524012078695,-0.001584195298370638,0.0004120261557512773,0.0001512031068074379,3.998771906349234e-5,9.866468636515997e-6,2.4126736050488544e-6,2.1295786238756605e-6
28.0,6.460701730918263e-7,2.592584340526438e-6,1.0646634884291184e-5,4.4154073604104024e-5,0.00019170823324122819,0.0009799596046032861,0.007057408191646334,0.06681427278547489,0.23387286598228615,0.06754086889169007,0.007286432646552601,0.0010385895063509754,0.00020664865066637807,4.760536655018337e-5,1.1444017938211605e-5,2.8326851386137957e-6,2.4712514385490978e-6,6.470371500569258e-7,2.7112395142477986e-6,1.1261065808487802e-5,4.550004012184921e-5,0.00017239864679261636,0.0004973593435258663,-0.0012863040690695771,-0.0551587591718691,-0.27268444879537623,-0.055870666964896856,-0.0014974823350992809,0.0004408371232427499,0.00015872361256636882,4.1853780000051345e-5,1.0321632145799899e-5,2.5245990235572315e-6,2.223775325359895e-6
28.5,6.76818589786816e-7,2.717121653371347e-6,1.1158436733745375e-5,4.6249434036790786e-5,0.00020031045750908982,0.0010165059854616932,0.007230928657278194,0.06799557850079954,0.2385015113116031,0.06854637007698912,0.007419511270667131,0.0010658074001531227,0.00021301525056902375,4.914453044938897e-5,1.1818269633454498e-5,2.925325884255848e-6,2.5571777282727268e-6,6.794462436275539e-7,2.844335991056394e-6,1.1810751524936756e-5,4.77440970361773e-5,0.00018141200355172517,0.000532342317961494,-0.0011740899518177229,-0.05553878830278748,-0.2791758649658941,-0.05644946948279067,-0.001440169407881999,0.0004616728181925425,0.00016422798221204938,4.322263566929048e-5,1.0655384673948015e-5,2.606497554170401e-6,2.306004813126657e-6
29.0,7.01603227157112e-7,2.8177058982615025e-6,1.157231254677578e-5,4.794476750754158e-5,0.0002072730363315686,0.0010461360666326885,0.007372963464512205,0.06903470318843231,0.2431187471234186,0.06962912176310836,0.007565204470539381,0.001095682112471935,0.0002200126963079516,5.0836408741524574e-5,1.2229255814206563e-5,3.0268201733914027e-6,2.65093022265283e-6,7.014491790877458e-7,2.9352299793091606e-6,1.2187149341913148e-5,4.92813870355802e-5,0.00018757053867567703,0.000555945667255321,-0.0011041626289171754,-0.05603192724129945,-0.28565644785716815,-0.05681535772686638,-0.0013460709609293866,0.0004906409906836795,0.00017168934476699714,4.5068457925247644e-5,1.1105369635804183e-5,2.717167199547107e-6,2.3962706510326474e-6
29.5,7.237227098296011e-7,2.9072243568355223e-6,1.1940189887659788e-5,4.945197944554677e-5,0.00021348153086227234,0.0010728610066128642,0.007505868496851619,0.07008512214591496,0.24785028555602107,0.07061374007395027,0.007691723342388418,0.0011218287433382248,0.0002261604157099191,5.232485917219583e-5,1.259128425236555e-5,3.1164163594159475e-6,2.7287814743659288e-6,7.261892814425543e-7,3.0371575726032977e-6,1.260870082860987e-5,5.1002521799410216e-5,0.00019447089051912198,0.0005825040383641454,-0.0010228489280827457,-0.05646588651075104,-0.2920145224948664,-0.05732014820294798,-0.0012885063796605229,0.000510663244299298,0.00017694864433337554,4.6374765857829066e-5,1.1423730721916676e-5,2.795257436792476e-6,2.4705591015067526e-6
30.0,7.493678885554259e-7,3.011252173979477e-6,1.2368088998913405e-5,5.1203985723844106e-5,0.00022066798725156985,0.0011033160989018006,0.0076505014183297975,0.07115699445372982,0.2527056460654267,0.071689219633258,0.00783251995766631,0.001150858096125623,0.00023298042058224404,5.397540474946405e-5,1.2992380406381141e-5,3.2154938875728504e-6,2.821079480639037e-6,7.465685572857853e-7,3.1214654783287797e-6,1.2958066374783789e-5,5.242952744946379e-5,0.00020018289726666453,0.0006043134409135202,-0.0009595761666485191,-0.05698089369114072,-0.29875074772676313,-0.05766173647969871,-0.0011931564152420828,0.000539468854575719,0.0001843452926308727,4.820330377972018e-5,1.1869384049018704e-5,2.9048406564014375e-6,2.5593053853403765e-6
30.5,7.795555948974773e-7,3.1340654145960002e-6,1.2873874532672213e-5,5.3273800906818076e-5,0.00022912140249125546,0.0011385317295339533,0.0078080586436291835,0.07217938518236051,0.2572301305672913,0.07278915474422028,0.00799195716028127,0.001184795468235304,0.00024102252325622697,5.592541977358008e-5,1.3466022649830561e-5,3.3322454421721916e-6,2.9357825124529373e-6,7.684361731234004e-7,3.2117619148238908e-6,1.3332120410175122e-5,5.3959355613616295e-5,0.0002063465082393312,0.0006285101355382683,-0.0008780183748896388,-0.057335476140601395,-0.3056178942907973,-0.0578041883393717,-0.0010509112810440295,0.0005792512184183403,0.00019441079066959393,5.068372248522825e-5,1.2474007949548185e-5,3.0538172734017818e-6,2.670909342809026e-6
31.0,8.000043330550915e-7,3.216909863662504e-6,1.321443893983285e-5,5.466748715527468e-5,0.00023482992029622243,0.001162603182374891,0.007920919228176336,0.07306341534294751,0.2619292152612231,0.07387334702598364,0.00814242881590506,0.0012169013030579442,0.0002486478886215348,5.7776540157658094e-5,1.3916480307132456e-5,3.443700275482368e-6,3.0252044272026627e-6,7.930761266477248e-7,3.3133604853580006e-6,1.3752601297960541e-5,5.567744599368277e-5,0.00021325184589426324,0.0006553691859691884,-0.0007909020448379286,-0.05770773181742412,-0.31220441282335726,-0.05808898833583129,-0.0009672470683417652,0.0006034112678913911,0.0002005527927075988,5.219786166244403e-5,1.2842389639590802e-5,3.1441678729167156e-6,2.757045074599567e-6
31.5,8.18747639504129e-7,3.2929863972066034e-6,1.3527491346586867e-5,5.5948722533589044e-5,0.00024007384600596127,0.0011846553703089135,0.008023820975035699,0.07390964427383284,0.26678485236499244,0.07496637304023673,0.008296084187902352,0.001250370121434376,0.0002566521531505527,5.972304935721832e-5,1.439011551642346e-5,3.5607395271610277e-6,3.12108246840289e-6,8.10334346400647e-7,3.385041373306351e-6,1.405032768035223e-5,5.689589166028982e-5,0.00021815459803872238,0.0006744848547385179,-0.0007289052459768658,-0.058107912000212425,-0.318917358029645,-0.058331584642300795,-0.0008634142465101628,0.0006331377339147009,0.00020810601574416606,5.406032110989274e-5,1.329584103471563e-5,3.255545330484288e-6,2.8496757965658725e-6
32.0,8.433398486781877e-7,3.3926962962053333e-6,1.393747164268508e-5,5.7625744683144676e-5,0.0002469279299689924,0.0012133131394573568,0.008154367752305691,0.07486897724992919,0.2716838456352672,0.07601435450988954,0.008447315037430594,0.0012841336316572576,0.0002647873092994229,6.170533710015864e-5,1.4872896538490254e-5,3.680180240523779e-6,3.2196169595298812e-6,8.372835262067999e-7,3.4960326555767448e-6,1.450954849221195e-5,5.8773539262595856e-5,0.0002257273141350991,0.0007043726224553549,-0.0006245280590662423,-0.05837511368028347,-0.325950115468927,-0.05858095751068023,-0.0007653303016708696,0.0006605175146523559,0.00021501817371910072,5.576163642896266e-5,1.3709746391211392e-5,3.3571393288154254e-6,2.944967892369835e-6
32.5,8.695590586944559e-7,3.499016193869971e-6,1.4374544703348166e-5,5.941216769175227e-5,0.00025420467118842364,0.0012433535202752428,0.008285455473240048,0.07577299711567398,0.2764429282565852,0.07703171467853097,0.008595247643231625,0.0013172689521420758,0.0002727773029278412,6.365265100744196e-5,1.5347218281642907e-5,3.797548690816427e-6,3.3172693671911863e-6,8.662770083033426e-7,3.6152071260433545e-6,1.5002271593787519e-5,6.0789298344954986e-5,0.0002338879283101177,0.0007370988587958575,-0.000501142257650093,-0.05845725068152851,-0.3329137934658823,-0.058872856762474036,-0.0006727140925802133,0.0006868023076446395,0.0002216741757810656,5.740120309177122e-5,1.410869572007764e-5,3.4550607930362405e-6,3.0395776748071985e-6
33.0,8.961814139150871e-7,3.6073105798026947e-6,1.4820442819163159e-5,6.12355397277008e-5,0.00026163035649187254,0.0012739690589040427,0.008418537698843688,0.0766823702348323,0.28115821677032193,0.07798411550838781,0.008729366377401208,0.0013474453792111031,0.0002800697781528231,6.543034040495709e-5,1.577961362695766e-5,3.904178443159402e-6,3.421210312478672e-6,8.841658403584874e-7,3.689198031616355e-6,1.530914238212332e-5,6.204644313751751e-5,0.00023898020881900613,0.0007575250644338095,-0.00042514106838364616,-0.05870582257872982,-0.3398128405798598,-0.05893900315206937,-0.0005358058250202513,0.000723663548688514,0.00023092851718026705,5.967750740195329e-5,1.4663323636231465e-5,3.5917098715541228e-6,3.1407401275193585e-6
33.5,9.279699188592391e-7,3.7364102477978724e-6,1.5351511931941587e-5,6.340659051863449e-5,0.00027047196723903414,0.0013104237818645926,0.008576581845470785,0.0777005947608602,0.28590798738139633,0.07892436347339088,0.008867600893326036,0.0013790895931670313,0.00028775098910864745,6.730527563577692e-5,1.6236126287826237e-5,4.016956401668106e-6,3.527425752890794e-6,9.127481758954662e-7,3.8065678887406864e-6,1.5794226387656348e-5,6.403128005946871e-5,0.0002470261155658618,0.0007899651174458853,-0.0002999044166951021,-0.05874907502234882,-0.3470717600105032,-0.059066847371910994,-0.0004127056667091623,0.0007566169489546485,0.00023918130696720227,6.170591671481233e-5,1.515721722176788e-5,3.713274549051354e-6,3.2441605450838712e-6
34.0,9.657705190037223e-7,3.890096058005473e-6,1.598401360911545e-5,6.599206578695522e-5,0.00028098827042248315,0.0013535457615405772,0.008758792704325788,0.07874212812440994,0.2903670342667225,0.07985774267836279,0.009033911898056907,0.0014194466196158142,0.0002976893433271218,6.973973596384158e-5,1.6829356258549358e-5,4.163511333778906e-6,3.6593675725949853e-6,9.498850152661793e-7,3.958755423205137e-6,1.642275798581878e-5,6.660380684897259e-5,0.0002574821163160203,0.0008325898215129656,-0.0001276158966866865,-0.058559682794207896,-0.35460964790643884,-0.05904865553011707,-0.00025736378488944015,0.0007966226501407219,0.0002491109500838911,6.414100730347129e-5,1.574986335734226e-5,3.859156312201498e-6,3.373667490851483e-6
34.5,1.0002805398400096e-6,4.030320247539581e-6,1.656093418012933e-5,6.835003949003998e-5,0.0002905798687675568,0.0013929132788563063,0.008926890047655366,0.0797997903967912,0.29521831500926404,0.08062209391521903,0.00914313858009177,0.0014456795061462955,0.00030415196793317074,7.132293932207401e-5,1.721493224543027e-5,4.258642347355084e-6,3.761628760852122e-6,9.782151762238532e-7,4.074887971863646e-6,1.6902301888181362e-5,6.856513842715237e-5,0.0002654283068331347,0.0008645730256314004,-4.847454866591357e-6,-0.058620130187435095,-0.3620049514079022,-0.0589799218307449,-0.00011933207782013539,0.0008313321815156504,0.0002576878964000598,6.624282509358628e-5,1.6261689826350917e-5,3.98537092012131e-6,3.4734913432165934e-6
35.0,1.0308851079953402e-6,4.154748882636923e-6,1.7073101102405443e-5,7.044372579302312e-5,0.0002990969853458808,0.0014278636598154858,0.009075527825024193,0.08072345422473919,0.29974503531556834,0.08149387901283103,0.009290836368802811,0.001481786235221563,0.00031307339668273926,7.351029247855852e-5,1.7748027195833242e-5,4.390324958321551e-6,3.879191353917122e-6,1.0113358628454975e-6,4.210596935108889e-6,1.7462713289386916e-5,7.085856669258856e-5,0.0002747455617452316,0.0009024966159255843,0.00014800173188264277,-0.058467916851677564,-0.36937635254643836,-0.058870442324174495,2.6293430938821544e-5,0.0008676906546797277,0.00026665533417301237,6.843878805997509e-5,1.6796031229625656e-5,4.116931488439216e-6,3.588857168607481e-6
35.5,1.0655975367401213e-6,4.295699349027746e-6,1.7652772029360976e-5,7.281161484581466e-5,0.0003087113180909632,0.001467059746249565,0.00923925584176516,0.08174438130819546,0.3047831325012391,0.08232231370632022,0.009410954674205031,0.001510639025005329,0.00032018300629814585,7.525245656239662e-5,1.8172590709164785e-5,4.495226417941089e-6,3.9834305475215536e-6,1.0419527407780606e-6,4.335989249909573e-6,1.7980416094338425e-5,7.297726646290806e-5,0.00028335735246854245,0.0009376259908935455,0.0002910944315241903,-0.058332725594050935,-0.37721114144224416,-0.058800175831036985,0.0001605304683983506,0.0009008031957459234,0.00027479753573495457,7.043144133876098e-5,1.7280925312881385e-5,4.2363859184108836e-6,3.6907328849832815e-6
36.0,1.1019452314632536e-6,4.4433924079706665e-6,1.8260365751574767e-5,7.529355855686787e-5,0.0003187842554556279,0.001508036048750863,0.009408679253385146,0.08275860674071528,0.30973961130009675,0.08317479482230103,0.00954798269127791,0.0015443309556321435,0.00032852790416907686,7.729984122100554e-5,1.8671676910445768e-5,4.618521850117203e-6,4.100608020413138e-6,1.0734641878075019e-6,4.465150818498833e-6,1.8513893702959365e-5,7.516101813028226e-5,0.0002922350906533417,0.0009738560709708407,0.00043851510815750075,-0.058210424786247876,-0.38514423658480457,-0.05861832656168866,0.00031536569948282844,0.0009383742902934371,0.0002839990027721555,7.268092580972481e-5,1.7828137819230376e-5,4.371168834700325e-6,3.80563234567102e-6
36.5,1.1328299349776028e-6,4.568864912177321e-6,1.877649571870389e-5,7.740099804639096e-5,0.0003273226208197026,0.0015425559617241343,0.009548888825938061,0.08364474593332527,0.31483088375218327,0.08412283929093006,0.009700702396404347,0.0015816764168868971,0.0003377700455239172,7.956718682702574e-5,1.922454347333159e-5,4.755198361852918e-6,4.218553975111948e-6,1.1043741263651776e-6,4.591916904438658e-6,1.9037699343754806e-5,7.730574991407712e-5,0.00030096026075570605,0.0010095678067279367,0.0005860633000146226,-0.058036095426161845,-0.39325638047878114,-0.05838964064675876,0.0004677278667778407,0.0009746509196174829,0.0002928464659391213,7.484144787233762e-5,1.8353339037056054e-5,4.5003870282648554e-6,3.921361485344226e-6
37.0,1.1618825919318416e-6,4.686828803980099e-6,1.926157972423692e-5,7.938074786497386e-5,0.00033533228758238595,0.0015747700212945391,0.009677528974873062,0.08446439875576792,0.319849688480988,0.08499056767120822,0.009832789890715723,0.0016141793158839476,0.0003458367733796918,8.154796644640113e-5,1.9707694492131202e-5,4.874679873334497e-6,4.323298924706673e-6,1.1341801416860426e-6,4.714022860426197e-6,1.9541986601770463e-5,7.937025852794014e-5,0.00030936154444052014,0.001044010197648109,0.0007297508306013493,-0.05782515764956748,-0.40112272418157574,-0.05815529607213876,0.000604447866494562,0.001006499338005965,0.0003005722903412995,7.672559503702239e-5,1.881123883396477e-5,4.613061232936886e-6,4.024081300730251e-6
37.5,1.190899110897205e-6,4.804922476005698e-6,1.97477990429387e-5,8.136586052593507e-5,0.00034336104223735384,0.001606999207119207,0.00980495398138225,0.08526224096015861,0.32492235996211766,0.08588186995860674,0.009979074455099884,0.0016507360510235466,0.0003549360256540811,8.378313499815154e-5,2.0252528046103044e-5,5.009179313039672e-6,4.444470041040387e-6,1.156748447629125e-6,4.806848780288617e-6,1.992626689667068e-5,8.094664719349668e-5,0.00031580676935230497,0.0010708823484956679,0.0008478757117810206,-0.057703421555256915,-0.409212463932095,-0.05770526551768139,0.0007858979557936285,0.0010488648248943317,0.00031086323034367174,7.923675582848286e-5,1.9421958536179763e-5,4.763526453712556e-6,4.1434038402315716e-6
38.0,1.2211466955127943e-6,4.927805706498486e-6,2.025321035946964e-5,8.342842208474785e-5,0.00035169950244650017,0.001640430750083347,0.009936779287286396,0.0860921450612048,0.3301370626489922,0.08669160572063526,0.01010668745934063,0.0016832472334455508,0.00036307674160176534,8.578621008605034e-5,2.0741272627677083e-5,5.129998018036616e-6,4.553010270809839e-6,1.186105331934966e-6,4.927061140829883e-6,2.042271950903976e-5,8.298052064061525e-5,0.00032410844935391246,0.0011053213180011853,0.000998015220071614,-0.05737615279920872,-0.41738937700623113,-0.05744494412240665,0.0009325868773676477,0.001083096438664324,0.00031917141553498466,8.126343755203432e-5,1.9914654907953344e-5,4.884847397620585e-6,4.250078259480503e-6
38.5,1.2576383267025663e-6,5.076100185986192e-6,2.086321539118931e-5,8.5917900786299e-5,0.0003617627157905671,0.001680735374865575,0.010094135549493427,0.08696251837508556,0.3349268472446776,0.08751518848799507,0.010259486397227492,0.0017229633749071564,0.00037305597272164153,8.824368618046049e-5,2.1341054213551235e-5,5.278307620964922e-6,4.681364669720572e-6,1.2239589520485289e-6,5.081700431211117e-6,2.1060707829780088e-5,8.559342912676832e-5,0.00033477979664355966,0.0011497186750083531,0.0011942875529343988,-0.056745218006145556,-0.4258528418411301,-0.05698851732328939,0.0011025552843272506,0.0011216226481238882,0.00032845060720904714,8.352248285112064e-5,2.046358374895646e-5,5.020002420890367e-6,4.377096519999634e-6
39.0,1.2918839511092967e-6,5.215372653886271e-6,2.1436281243389826e-5,8.825643770284163e-5,0.0003712074183985546,0.0017184433259992801,0.010240146400705205,0.08781275216186155,0.34001072079753586,0.08822293007842004,0.01037660610279648,0.0017538990859178618,0.0003808712941282105,9.017057289169635e-5,2.181112873185077e-5,5.39435998021746e-6,4.795445002660471e-6,1.2531165058901844e-6,5.200899521232191e-6,2.155263888511773e-5,8.760847353863211e-5,0.0003430084564534559,0.0011839297602904168,0.0013448551882429785,-0.05637643128363388,-0.43416906627643503,-0.05645943264226539,0.001276784703090472,0.0011609270493429594,0.00033791523055367597,8.582739086309588e-5,2.102415271531059e-5,5.158285886116798e-6,4.489828404770697e-6
39.5,1.3261784629170359e-6,5.354920860796357e-6,2.2010652635392825e-5,9.05998253750297e-5,0.00038065970664298066,0.0017559767849855913,0.010381852031834535,0.08857860738057025,0.34497291587990936,0.08906999455477896,0.010525547845846216,0.0017922495427088435,0.0003904879003132938,9.253721267795275e-5,2.2388357399003384e-5,5.536912124480185e-6,4.9246698786754984e-6,1.2853969622887334e-6,5.332850133634406e-6,2.2097260007505332e-5,8.984009124721285e-5,0.000352134134654192,0.0012220767329466668,0.0015160767333385087,-0.05585505667049719,-0.4427360235024075,-0.05584867195060246,0.0014666468355230694,0.0012038387920921302,0.0003482545430566609,8.834545075713327e-5,2.1636421339209346e-5,5.309231188204533e-6,4.617886313904088e-6
40.0,1.3618475372067391e-6,5.499908230703583e-6,2.2607090182354804e-5,9.303331780289595e-5,0.00039048488406616394,0.0017951577451654072,0.010532999326815418,0.08944916509069345,0.3501449077871271,0.08978720950215965,0.010649838116233802,0.0018256153584967206,0.0003989517598713993,9.462636898291436e-5,2.289833388434796e-5,5.662926258885068e-6,5.043124051320049e-6,1.3181307701973576e-6,5.466558933933336e-6,2.264883228524214e-5,9.209847252174447e-5,0.0003613476666799125,0.0012602564791538203,0.0016825566479086516,-0.05542192142175403,-0.45144630270782193,-0.05515321575983053,0.0016475642195641093,0.0012430102083258038,0.0003575828050198512,9.061062421503384e-5,2.2186856896945718e-5,5.444971101746818e-6,4.735198490929388e-6
40.5,1.3932856531346672e-6,5.627637644638828e-6,2.3132380030576555e-5,9.517513463144215e-5,0.0003991129715276989,0.0018292687090502044,0.010660537420082668,0.09019954831218431,0.3553894135166871,0.09052467922429663,0.010775998279767454,0.001859560113659078,0.0004075734096711496,9.675554683561412e-5,2.3418341079597388e-5,5.791521577721636e-6,5.155892865422809e-6,1.348378354812947e-6,5.590099858238258e-6,2.31586202551411e-5,9.418786517442894e-5,0.00036990694319013383,0.001296295320159359,0.0018492890268654262,-0.054802061928002854,-0.46014316708659836,-0.05457802625581217,0.0018113431973759862,0.0012786789963252594,0.000366091435589459,9.267750193345222e-5,2.268894527703974e-5,5.56866361216566e-6,4.846916401764417e-6
41.0,1.4296248189407172e-6,5.77533527578472e-6,2.373990200437448e-5,9.765330803358302e-5,0.00040910912964639345,0.0018689846704373547,0.010811535613414384,0.09104269436839124,0.36046010273821044,0.0911482900291051,0.010892908378670223,0.0018922524509833298,0.0004159458364244674,9.882694329740058e-5,2.3924303874148344e-5,5.916569218759811e-6,5.273246543982778e-6,1.38343668829796e-6,5.733007579209041e-6,2.3747653646951715e-5,9.659989497812853e-5,0.0003797657720271914,0.0013374785282100436,0.002034996391423159,-0.05412144963474792,-0.46895214438078264,-0.05382030175891888,0.00198995148667396,0.0013166996467509659,0.000375104724820647,9.486385342577793e-5,2.3220183209620212e-5,5.6997156108299054e-6,4.963601835274624e-6
41.5,1.4670176137508853e-6,5.927390568070902e-6,2.4365514426793218e-5,0.00010020517690664331,0.0004193970984202497,0.0019097704541647183,0.010964911509856717,0.09186543582789487,0.36554519791617496,0.0918869352772877,0.011038548996801463,0.0019321281384125216,0.0004261011803618371,0.00010133612326985039,2.4537060668641347e-5,6.0680343451546756e-6,5.407028499529261e-6,1.4206677853914816e-6,5.884797332014922e-6,2.437347709412301e-5,9.916399765951036e-5,0.0003902679393658825,0.0013816951805011024,0.002239977665178005,-0.05323557551173645,-0.4781906266226869,-0.053035592024419966,0.0021854230284330707,0.0013591406748734213,0.00038522342360631937,9.732171217840604e-5,2.381744656678053e-5,5.8469767724459265e-6,5.096848491365456e-6
42.0,1.5003916180025775e-6,6.063266592578585e-6,2.492481161730527e-5,0.00010248550475544079,0.00042856509411803184,0.0019457143959322005,0.011094436904815028,0.09256051170141676,0.37077280834002074,0.09249348366728723,0.011145812146973393,0.0019623356283251254,0.00043385514139768943,0.00010325516548761789,2.500545402307885e-5,6.183570397179293e-6,5.52343010474728e-6,1.4470777090278727e-6,5.992427693392935e-6,2.4817281844392642e-5,0.00010098406645466554,0.00039775174369984884,0.0014136707314551778,0.0023954155942104375,-0.05254870527100347,-0.48702191586220733,-0.05219429569302009,0.0023804789583488535,0.0014018173304209177,0.00039543531092272065,9.980550165262828e-5,2.4421714538894032e-5,5.996254275572624e-6,5.212902257449678e-6
42.5,1.5360708038950075e-6,6.208229342931347e-6,2.5520925592979997e-5,0.00010491494550805798,0.0004383311621011924,0.001983996604504542,0.01123242435858689,0.09330175002175875,0.37628173828125,0.09321438653951686,0.011276039832308214,0.0019983062211120237,0.00044304717703528277,0.00010552851545126416,2.5560885240124073e-5,6.3209531384202285e-6,5.645068640907906e-6,1.4840530265359e-6,6.142886231718107e-6,2.5437120629581438e-5,0.00010352372402871123,0.0004081694111002896,0.0014578153539640305,0.002605443814729996,-0.05148666358786407,-0.4967572537793854,-0.0513584390507724,0.0025614609891194233,0.0014396248627285223,0.0004043539485182287,0.00010196620378969659,2.4946510589194803e-5,6.125700375869915e-6,5.334324493238933e-6
43.0,1.5782001372032836e-6,6.379705946611134e-6,2.622670209839985e-5,0.00010779298549332288,0.00044991256067039744,0.002029540315495517,0.011397495730765997,0.0940849327248749,0.3815350258818566,0.09387828792330001,0.011422295584779491,0.002039895136910983,0.00045372365644691213,0.0001081711080859435,2.620622144274841e-5,6.480336616946851e-6,5.792536606781432e-6,1.5258339931484976e-6,6.312784370248772e-6,2.6136802740147468e-5,0.00010638936138585255,0.000419910625748764,0.0015073497850008962,0.0028372650060048635,-0.05034270963640011,-0.5068174517766947,-0.05016417949941583,0.0027935137561440827,0.0014886692211347045,0.0004159687508989317,0.00010478342362761137,2.563134781183433e-5,6.2948367150438515e-6,5.482229983766094e-6
43.5,1.6200783510560176e-6,6.550137274349924e-6,2.692810335728337e-5,0.00011065288297719465,0.0004614156718700674,0.0020747056900554555,0.011560212449364792,0.09485776618888371,0.3868121466967995,0.09451163139228014,0.011562654979279394,0.002080150061143489,0.0004640775774901007,0.00011073508696613715,2.6832464125761454e-5,6.635021277649885e-6,5.9360552444108665e-6,1.5652273905398803e-6,6.47304993224108e-6,2.6796995085351777e-5,0.00010909400092511019,0.0004310006461474831,0.0015542642227472495,0.0030585329338142877,-0.04926262593341378,-0.5167150583872262,-0.04902036384513371,0.0030204801400982723,0.001536653841370182,0.00042733027855795314,0.00010753899047381928,2.63011206808047e-5,6.460228771691596e-6,5.626067972187729e-6
44.0,1.652542926551172e-6,6.682111451182841e-6,2.7470847766204903e-5,0.00011286232901844013,0.00047025192540217745,0.0021086126295821544,0.011670728464501142,0.09535790065984351,0.3925088842109611,0.09528695996794456,0.011711693242237286,0.0021215155045431547,0.00047465272000188916,0.00011335082599763783,2.747168061056166e-5,6.793186439938415e-6,6.064806369856405e-6,1.6044403617678271e-6,6.632535406064771e-6,2.7453909512733044e-5,0.00011178538248258055,0.00044204159625707437,0.001601075477830593,0.0032818900854565945,-0.04806082342326461,-0.5268497524664841,-0.04794862119092682,0.0032134571104251368,0.0015752672068662153,0.00043631833485606214,0.00010970871884297028,2.682754021486847e-5,6.589992815949406e-6,5.755169398722512e-6
44.5,1.6875044524309498e-6,6.8244363921286475e-6,2.805664966563804e-5,0.00011524971113104115,0.0004798332369939798,0.0021459051489469867,0.011800852426949584,0.09602672888072956,0.39813223202062875,0.09579664846921615,0.011824240497231844,0.0021558522817951677,0.0004836150706714734,0.00011557805439136539,2.801599785730558e-5,6.927583180930679e-6,6.1918939168359575e-6,1.6354135198242895e-6,6.758313896162633e-6,2.7971854292734153e-5,0.0001139092931574565,0.0004507936199626173,0.0016388172829619348,0.0034717829205838575,-0.046951282420547344,-0.5368747307814861,-0.046691436421835174,0.003432314921721951,0.0016204374434364527,0.0004469517314542096,0.00011228448134534669,2.7453681606000285e-5,6.744752742147518e-6,5.883016634811267e-6
45.0,1.7169700144843573e-6,6.944473602125291e-6,2.8550892145432013e-5,0.00011726253837617142,0.0004878818898762821,0.002176754784367956,0.011900901794433594,0.09649106743112432,0.4036162684691276,0.09645445325223341,0.011965456325842174,0.0021967432290045516,0.0004941681540624613,0.00011819384969613344,2.86551440005216e-5,7.085498630595351e-6,6.325422642679373e-6,1.6668665833388571e-6,6.8861147068058254e-6,2.8498285081451393e-5,0.00011606813827670233,0.0004596868670598978,0.001677124882032504,0.003664147097538605,-0.04579433141518215,-0.5468839893168193,-0.045307554147034614,0.0036550612608111516,0.0016657247284027744,0.0004575667154392807,0.00011485257942871024,2.8077549557131223e-5,6.898800811513673e-6,6.017564961917451e-6
45.5,1.7467932634933477e-6,7.065785401627376e-6,2.904994036225754e-5,0.0001192935869052691,0.0004959918581106872,0.0022076868938895513,0.011999844064165098,0.09699070633718254,0.4094819129413709,0.09706619354893434,0.012077578605121717,0.002229983532896935,0.0005028115928713289,0.0001203405060256716,2.9179956932802573e-5,7.215222580150175e-6,6.44101567138718e-6,1.6964023111224894e-6,7.0059289339806015e-6,2.899143585985881e-5,0.0001180898004248063,0.00046801445527379246,0.0017130211040692748,0.003845533935685172,-0.0446808460615913,-0.557143381355032,-0.043919690065873714,0.0038579212574800337,0.0017054923711586575,0.0004667909393857973,0.00011707855855590267,2.861818371852719e-5,7.03242520191158e-6,6.134142772803854e-6
46.0,1.7842881415275648e-6,7.218335898666223e-6,2.9677550485667145e-5,0.00012184933863377643,0.0005062186916068961,0.002247012633931601,0.012129174258413632,0.09751980830535428,0.4149397651234422,0.09773889409091177,0.012221308993428855,0.0022713912937936467,0.0005134861815011754,0.0001229859235783718,2.9826460805724394e-5,7.375068202884896e-6,6.579093387479869e-6,1.7355391375855557e-6,7.16473420468522e-6,2.964500202783285e-5,0.0001207673612678159,0.00047901466353782353,0.0017599490473997918,0.00407454110344371,-0.04328988758098683,-0.5676037191984517,-0.042462910770289485,0.004080855954449703,0.0017499179998553412,0.00047713518142700195,0.00011957682151448691,2.9224868627473308e-5,7.182278099196915e-6,6.273542910679229e-6
46.5,1.8192197722340638e-6,7.360416754314907e-6,3.0262049658961167e-5,0.00012422949525884991,0.0005157444502291722,0.002283679214489064,0.012251060174671185,0.09810040292422938,0.4207964663779267,0.09823224623757906,0.012331838694223824,0.002305931735254847,0.0005225542808947606,0.00012524295429448706,3.0378535322372286e-5,7.511542834273998e-6,6.702858701438342e-6,1.770449665816799e-6,7.306018793600924e-6,3.0225891271026474e-5,0.00012314815940813717,0.0004888296667542703,0.0018023981788727452,0.004291523979509705,-0.041758145450465266,-0.5783733356395157,-0.04102104452081317,0.004291226856658106,0.0017914357862443722,0.0004867833906790281,0.0001219063884722142,2.9790893287096858e-5,7.322281767864602e-6,6.398990091915577e-6
47.0,1.857879858610313e-6,7.517855991454643e-6,3.091010948772517e-5,0.00012686848640441895,0.0005262956878569912,0.0023241005275184655,0.012381279936729961,0.09859035526517655,0.4265393951508214,0.09890220388545011,0.012486861191487385,0.00235140323638916,0.0005343189052224519,0.0001281606894425395,3.109155419729988e-5,7.687733027510052e-6,6.855608265160434e-6,1.8099930666364572e-6,7.466205573018944e-6,3.088480058573524e-5,0.00012584854468838326,0.0004999496695498325,0.0018502797965196684,0.004532312338445842,-0.04012286771100093,-0.5897053606200434,-0.039252439654485695,0.004545262933137554,0.0018424633046291387,0.0004987051749877699,0.00012478876149906492,3.049129288182158e-5,7.495433908079686e-6,6.553888591034535e-6
47.5,1.8971995731922615e-6,7.677856365674572e-6,3.1568484206394123e-5,0.0001295508529844601,0.0005370514900662748,0.0023658100932026195,0.01252413228199201,0.09923354088359729,0.4319408681817645,0.099241055030477,0.01258859173408808,0.0023847236734142476,0.000543132514391781,0.00013035780038358222,3.1628955459486685e-5,7.820480258353166e-6,6.98301164585298e-6,1.845529634966951e-6,7.609938752480144e-6,3.147556016002177e-5,0.00012826925182990798,0.0005099252541619846,0.0018933545066510803,0.004750969906948124,-0.03859388288054221,-0.6000629897564199,-0.037707478618333706,0.004767024264955088,0.001886603335239376,0.0005089874714162775,0.0001272731587245745,3.1095220400667626e-5,7.64491118130547e-6,6.683317809351622e-6
48.0,1.937102067799186e-6,7.840142137964687e-6,3.22360286539775e-5,0.00013226889681600013,0.0005479260063603566,0.002407601052540667,0.012661444096406781,0.09980417810538024,0.43780337791788615,0.09971600212719506,0.012707463924258137,0.00242199170265313,0.0005529135285547493,0.0001327920356185775,3.2224385714963125e-5,7.967704490637491e-6,7.1163926543696045e-6,1.886685968311982e-6,7.776250173633193e-6,3.2158807662858705e-5,0.00013106758635930064,0.0005214420510202736,0.0019428793037045758,0.005000062939623692,-0.03676409015482646,-0.611467067568684,-0.03600061480012185,0.0049928966965920255,0.0019301746907190974,0.0005190380120205375,0.00012969540775362458,3.168363337970572e-5,7.790559058688198e-6,6.8192022748494075e-6
48.5,1.9789104676296163e-6,8.010286472040001e-6,3.293613844137537e-5,0.00013512004943412598,0.0005593334980241481,0.0024514284738961305,0.012804346862516374,0.10032038386134583,0.44344336748843466,0.10024596845275326,0.012853618114736506,0.0024665111501411367,0.0005645153205560414,0.0001356743748814678,3.292917462454101e-5,8.141956773229236e-6,7.267264097793945e-6,1.9331374402605334e-6,7.964119180091559e-6,3.293079810830401e-5,0.00013422830947576334,0.000534424293797542,0.001998274167858942,0.005271564077394607,-0.03486715702852094,-0.6230524990853946,-0.03406228471738694,0.005241893569508348,0.0019782941867217555,0.0005301396472216373,0.00013237075142990065,3.233342642510405e-5,7.951321935680697e-6,6.973004148670914e-6
49.0,2.0232782460006343e-6,8.19092717730747e-6,3.3679651799879045e-5,0.00013814880048400327,0.0005714633583662373,0.0024982228019806555,0.012960222192401252,0.10091430110873773,0.44893477978663143,0.10069370557894519,0.012986589414475547,0.0025080608097087943,0.0005753995608707209,0.00013838149044448876,3.359098482618159e-5,8.3054299114604e-6,7.419131578050351e-6,1.975824934039321e-6,8.136480680900399e-6,3.3638698929566274e-5,0.00013712748570024428,0.0005463599438393584,0.0020496701185796916,0.005530997345454743,-0.03289606203845621,-0.6346031258113435,-0.032079094486294195,0.005502834420910054,0.0020301005271266236,0.0005422065265229102,0.0001352866295601306,3.304239362478256e-5,8.126910004956124e-6,7.128081315413702e-6
49.5,2.0620684643076268e-6,8.348860212368186e-6,3.432961929240616e-5,0.00014079407172620835,0.0005820155413849476,0.002538258935749711,0.013082932129367241,0.10129023894802681,0.4548308496388784,0.10121635367863129,0.013127648218160669,0.0025515694992779966,0.0005867740538905395,0.00014120949224042748,3.428253544961578e-5,8.476384580585532e-6,7.566847498008132e-6,2.01953308420464e-6,8.312733478146378e-6,3.436220995519096e-5,0.0001400903520087101,0.0005585663358250413,0.0021023923176653075,0.005800465802771808,-0.030679939016474696,-0.6466779910545695,-0.030041896324503457,0.0057519872383048525,0.002078177885706691,0.0005533058207560882,0.00013796262600630793,3.3692684688596925e-5,8.287959172196259e-6,7.279545034976884e-6
50.0,2.108826625563227e-6,8.539163741055212e-6,3.511273214914287e-5,0.0001439833141345632,0.0005947766527308439,0.0025872960911776724,0.013243103315462879,0.10184957037519472,0.4605986719045034,0.10168094001147682,0.013273433616154143,0.002597262131843682,0.000598749365331183,0.00014418853148592922,3.5011066050687944e-5,8.656461849763674e-6,7.727641325297673e-6,2.0668233795446033e-6,8.503421775298897e-6,3.514491201707604e-5,0.00014329538469588289,0.0005717643978372442,0.002159304489181841,0.0060893423247553435,-0.028335257239212083,-0.6591778435375756,-0.027816518916104135,0.006024024997953202,0.0021310059685721496,0.0005655214415576162,0.00014090880166367823,3.440878452491184e-5,8.465353613353567e-6,7.4444573620204835e-6
50.5,2.151257548413698e-6,8.711991606567201e-6,3.582420069555502e-5,0.00014688014939112247,0.0006063485523725204,0.0026314528687122725,0.01338189894339109,0.10224883433915337,0.4661102294921875,0.10218356959409224,0.01342429567319749,0.002643682445284103,0.0006108692315409911,0.00014720076070451305,3.574747490918889e-5,8.838439045130666e-6,7.886820813230158e-6,2.1122399509358263e-6,8.686442136359359e-6,3.5896011012018266e-5,0.00014637066248320382,0.0005844297996100342,0.0022139552856860205,0.006367452915341473,-0.02601905027545111,-0.6712472690916493,-0.0255751019158032,0.006292382756028651,0.002183533867320265,0.000577704874050221,0.0001438500140188684,3.512384049211744e-5,8.642522258025642e-6,7.60800295208336e-6
51.0,2.187444952251868e-6,8.859343860534743e-6,3.643063237479806e-5,0.0001493467530094965,0.0006161615747699565,0.0026682615280151367,0.01348809101070162,0.10250830290180679,0.4720712068217759,0.10266147855545459,0.01355421579136229,0.0026846994446123474,0.00062164830837365,0.00014988412894871298,3.640384911320361e-5,9.000703011529684e-6,8.02693702843254e-6,2.150849391371462e-6,8.841509455280361e-6,3.653163444869828e-5,0.00014897453910994745,0.0005952004579618978,0.0022612253704820157,0.006621282986643811,-0.023585864064196445,-0.6834938994347148,-0.023422210958428974,0.006536677524762571,0.0022302349168368337,0.000588460946371188,0.00014644207325946888,3.575398009889436e-5,8.798769908729277e-6,7.752737795703361e-6
51.5,2.2288902136539403e-6,9.02813552594617e-6,3.7125435593084986e-5,0.00015217459724028664,0.0006274400430863718,0.0027110133646478106,0.013618274757869295,0.1028626779054947,0.47806514497970165,0.10310414478497923,0.01369325199876307,0.0027290652885898,0.0006333221751757619,0.0001527908570456721,3.711478306357594e-5,9.176398703428915e-6,8.18178699185841e-6,2.1944474569575304e-6,9.016683916040777e-6,3.724969259471692e-5,0.00015191452470790943,0.0006073326142532947,0.0023140046531700295,0.006897224760487721,-0.02105586982565704,-0.6963359913437028,-0.020971682856810416,0.006807815632431168,0.002282230335419992,0.00060044796265144,0.00014933180682968878,3.645663906530311e-5,8.973065803103216e-6,7.912794443190638e-6
52.0,2.2631789222809843e-6,9.16772277243548e-6,3.7699844969543444e-5,0.0001545104105306896,0.0006367227912309306,0.0027456885018017356,0.013716442707442085,0.10312828916797465,0.4843933935251841,0.1034626226050616,0.013801551657500945,0.0027657378116042954,0.0006430959413418957,0.00015523202514720468,3.771233763489478e-5,9.324129395119373e-6,8.312148236165955e-6,2.2306647559689793e-6,9.161763433423288e-6,3.784374696880669e-5,0.0001543474206391418,0.0006174041785502362,0.0023583782403490696,0.007138768711839198,-0.018641862264212525,-0.7089471269590257,-0.01862811610057635,0.00704851467443737,0.002326883578228446,0.0006106379259028824,0.00015178211370983874,3.70523675690965e-5,9.120994858061079e-6,8.04827936849025e-6
52.5,2.303441565798939e-6,9.331616553340073e-6,3.837432791099087e-5,0.00015725548803986378,0.000647673929205834,0.002787259590229599,0.013844456917569716,0.10353258945430513,0.4905058523679428,0.10365557022325222,0.013901863213392183,0.0028014813305027894,0.0006526915238342976,0.00015763214752753335,3.829988681927908e-5,9.469308797551427e-6,8.447699282554702e-6,2.2701501249816843e-6,9.319888501008832e-6,3.849101334450108e-5,0.00015699728377996256,0.0006283596383120718,0.0024064125611342694,0.007396187306891035,-0.01609882631330692,-0.7216017339885055,-0.01619225902499749,0.007300203300314728,0.0023739368533800017,0.0006213980498990984,0.00015437115670330936,3.7682051362407894e-5,9.27745775401232e-6,8.189420460574217e-6
53.0,2.3462697427460976e-6,9.505988416624933e-6,3.909202872176185e-5,0.00016017659958395713,0.0006593274926130865,0.002831491458812149,0.013980502448413307,0.10394438083798503,0.4968414306640625,0.10391204234696587,0.014021699162048155,0.0028427839279174805,0.000663714646572793,0.00016038594739314652,3.8973837978350075e-5,9.635857973259021e-6,8.598973783256424e-6,2.3136535811370233e-6,9.494120384541163e-6,3.920424887150796e-5,0.00015991647077831257,0.000640416388425222,0.002459082178478875,0.007675637651426194,-0.013334241158292372,-0.735137939453125,-0.013487413930748884,0.007575725860826199,0.0024257305885729834,0.0006332671624296022,0.00015722860067272476,3.837707686010084e-5,9.450135088534154e-6,8.346960286179338e-6
53.5,2.392528830461902e-6,9.694318160459715e-6,3.98671592155252e-5,0.0001633325394726952,0.0006719366211185283,0.0028796520117906647,0.014133551329644426,0.10444975331470685,0.5029359108731826,0.1040467668516038,0.014124435240408444,0.0028799300467499795,0.0006737053574392083,0.00016288569596598876,3.9585635313634784e-5,9.786939738020076e-6,8.746702364699357e-6,2.355750557316574e-6,9.662434430595972e-6,3.989270165157462e-5,0.0001627339382186037,0.0006520629739473233,0.002510136527957513,0.007949114566123017,-0.010554418823149989,-0.7484450786855645,-0.010751910800299976,0.00785322852005051,0.0024783812980997597,0.0006453722175154441,0.00016014589688929186,3.9087124506512434e-5,9.626705126324809e-6,8.501232745199045e-6
54.0,2.426575739893308e-6,9.832988856107087e-6,4.0437922084259485e-5,0.00016565221359002267,0.0006811298722586963,0.0029135708362314277,0.014222240159878918,0.10456009141628116,0.5094983426465729,0.10437956749492541,0.014239443753060977,0.002919008364490152,0.0006841209539834106,0.0001654871640968899,4.0222448929919215e-5,9.944388119565756e-6,8.88197485841473e-6,2.3928840554620385e-6,9.810709566148027e-6,4.049905736190675e-5,0.00016521612953203322,0.000662343379594048,0.0025555507654149725,0.008198318164514272,-0.00791116423477219,-0.7617797390571894,-0.007991821023992901,0.008107830750618095,0.002524581380481086,0.0006558390002236265,0.0001626583744752083,3.9698024283182946e-5,9.778602853462416e-6,8.643048413075349e-6
54.5,2.4663711394383106e-6,9.995066417308012e-6,4.1105078246298154e-5,0.00016836648711265033,0.0006919341595151273,0.002954184108630408,0.014340260958023302,0.10478979151054452,0.5155623513766285,0.10466086396277852,0.014362304952569599,0.002960437014023703,0.0006951335873848722,0.00016823570803933274,4.089504390324711e-5,1.0110633419629671e-5,9.028584305253274e-6,2.435393936740758e-6,9.980620366163844e-6,4.11939787540551e-5,0.0001680592913461956,0.0006740855396334138,0.0026068653224818297,0.008471055333347839,-0.005091195020070609,-0.775003761683346,-0.00518542762249258,0.008374212011469815,0.002574054136016938,0.0006671312442358887,0.00016537451627031193,4.0358787802050844e-5,9.942914463377071e-6,8.796665991946289e-6
55.0,2.5130091924389145e-6,1.018511319921276e-5,4.188763118402475e-5,0.00017155184666555815,0.0007046365665885257,0.003002288118229892,0.01448532029581214,0.10508241682254296,0.5216791435310848,0.10491248416036278,0.014498949771201142,0.003006114700409581,0.0007072422439598245,0.0001712553428198996,4.163360802788749e-5,1.0293046732818612e-5,9.19526290947577e-6,2.481211455161838e-6,1.0163661126283721e-5,4.19424722967191e-5,0.00017112160377271947,0.0006867361753008517,0.0026622112063842958,0.00876559375636167,-0.002028414670074094,-0.7889695642938066,-0.002097601796925248,0.008677587768462489,0.0026319745444098987,0.0006804736809428004,0.00016859160269135074,4.114185282651031e-5,1.0137637553798468e-5,8.971219336518348e-6
55.5,2.552058267775709e-6,1.0344217421650167e-5,4.2542699848236993e-5,0.0001742165096756915,0.0007152331829791342,0.0030419520380993983,0.014597954706843165,0.1052887792673716,0.5282208307271997,0.10496051938152025,0.014592208170818778,0.0030416005327622334,0.000716864702564712,0.0001736675526980547,4.222423535999575e-5,1.043892181351826e-5,9.332333334082924e-6,2.5199242977262263e-6,1.0317676135105308e-5,4.257121069913905e-5,0.0001736939786244015,0.0006973939269691075,0.0027093948554416437,0.009026176619745814,0.0009166887339508425,-0.802567312004343,0.0007997572962250955,0.008943004550530471,0.0026810005352216186,0.0006916505422476916,0.00017127984420050308,4.179628841646488e-5,1.0300666133217581e-5,9.116106821376032e-6
56.0,2.590891218595094e-6,1.0502412127404054e-5,4.319392786195271e-5,0.00017686429070562035,0.0007257420130726794,0.0030809500426324113,0.014702799817226445,0.10536736664094953,0.5348463721145676,0.10518554042113151,0.014710197275858991,0.0030826751559162426,0.0007278446524524977,0.00017641144846861456,4.289588775609555e-5,1.0604945537591988e-5,9.477784958445773e-6,2.5614467590169424e-6,1.0482913440267846e-5,4.324583151009148e-5,0.00017645359714585848,0.0007088194710970645,0.002759841273558464,0.009302548411389493,0.004043914760347579,-0.8167299576036159,0.0038948505666680927,0.009216016873132065,0.002730647422755953,0.0007029027647122156,0.00017398197395203697,4.245379371315331e-5,1.0464427671943907e-5,9.269986774355983e-6
56.5,2.6349436908150005e-6,1.0681740962126464e-5,4.3931977086196854e-5,0.00017986740365489372,0.0007377067901576754,0.003126099030416898,0.014836779533916369,0.10566119052852388,0.541281847075033,0.10527542206455934,0.01482328691511356,0.003123583030124445,0.0007388411691901907,0.0001791627723104644,4.3569537853186226e-5,1.0771475721071853e-5,9.627909374246064e-6,2.607148741385998e-6,1.0664927916674455e-5,4.398906912958514e-5,0.00017949245487455155,0.0007213693551066419,0.0028147409329601645,0.00959531202056977,0.007239231530273069,-0.8310669498501227,0.007141855188006721,0.009497085726873392,0.00278150026891887,0.0007144038500742609,0.00017674225649804868,4.312553896014424e-5,1.0631831497899355e-5,9.42895805119928e-6
57.0,2.6758921647787634e-6,1.0848572911002485e-5,4.4618848587451025e-5,0.00018266104499378954,0.0007488093257310527,0.0031675356032264917,0.014951978205193926,0.10579522354725264,0.5480736677740276,0.10525399752614001,0.01491735925127012,0.0031603041732419295,0.0007488308446284868,0.00018166874470667538,4.4183254106887516e-5,1.0923083640882616e-5,9.76894776761712e-6,2.647442335200994e-6,1.082477072574581e-5,4.464080078904362e-5,0.00018215798449300208,0.0007324215598697028,0.0028638360723628018,0.009868783172884017,0.010480151075610941,-0.8453884528122639,0.010324532171750717,0.009772815012859794,0.0028316122887717993,0.0007257592101831811,0.00017946951789078036,4.378954944653814e-5,1.0797431765636289e-5,9.579174614474853e-6
57.5,2.717830872393897e-6,1.1019547275771187e-5,4.5322998795444515e-5,0.0001855253317925145,0.0007601919671199833,0.003210001121474897,0.015069402596741645,0.10589136313815851,0.5549424739042438,0.105256936341254,0.015024811839769253,0.0032007319689517297,0.0007597626696180361,0.00018440717071564896,4.485364035447198e-5,1.1088647330995772e-5,9.921094503962741e-6,2.688734251949542e-6,1.0988519602986982e-5,4.5308426832864653e-5,0.0001848883409154379,0.0007437437412601943,0.0029141508560526406,0.010149106518379511,0.013797105979343196,-0.8601243863293051,0.013726039955623201,0.010068208429388409,0.002886032049749553,0.0007381516641000247,0.00018244969385628254,4.4515288893549826e-5,1.0978389008032591e-5,9.741115009586617e-6
58.0,2.7593454202563922e-6,1.1188682911529281e-5,4.6019335460266676e-5,0.00018835771164865293,0.0007714509423765891,0.0032520542692201734,0.015186609458347102,0.10599811703777025,0.5613814984923763,0.10535456262686461,0.0151375514142823,0.003241273211568504,0.0007706478103049932,0.0001871298514644185,4.5520090287005436e-5,1.1253324717148194e-5,1.0069487109960386e-5,2.7323033016321344e-6,1.1161596477706988e-5,4.6014414363037064e-5,0.00018777423664882465,0.0007556734488449788,0.002966550721862885,0.010432019334545309,0.017025552847594293,-0.8743545209533138,0.017043524278254667,0.010349354354996695,0.002937221455069827,0.0007497596236514181,0.00018523812429062188,4.519423149143461e-5,1.1147720193394721e-5,9.899041713904759e-6
58.5,2.797817870456827e-6,1.1345465158272725e-5,4.666487424665347e-5,0.00019098221805520648,0.0007818616769104926,0.003290582279424293,0.015287943837145664,0.10599167469404976,0.5680546602093561,0.10539884077458223,0.015240178007373636,0.003279523186813308,0.0007809798523018368,0.0001897176001727401,4.615374415932825e-5,1.1409917041614336e-5,1.0209262871895312e-5,2.7729695299893526e-6,1.1322759598313502e-5,4.667123031220047e-5,0.00019045939438292627,0.0007667943970314326,0.0030157787562136926,0.01070375024732146,0.020265596510780543,-0.8885407692716201,0.02030196578841195,0.010619033859575622,0.002985659862933202,0.0007606903231756204,0.00018786069489677866,4.583280083366031e-5,1.130709804459461e-5,1.004856752282363e-5
59.0,2.838170023640657e-6,1.1509918858187437e-5,4.7342097696220764e-5,0.0001937370420942854,0.0007928120945875738,0.003331473946931499,0.015401674541461864,0.10608681163038731,0.5745511703260716,0.10536709004658587,0.015340022810276181,0.003317468115930471,0.0007912543605101432,0.00019229214717254178,4.6784111672837926e-5,1.156563361335737e-5,1.0352054177544268e-5,2.8136624881485617e-6,1.1484008535652722e-5,4.732833888235409e-5,0.00019314563256376098,0.0007779207474515517,0.0030650368629985708,0.010975549588390707,0.023503123453376518,-0.9025961884559102,0.023562072627133834,0.010894839497131163,0.003036013542705432,0.0007721199189788266,0.00019060737056674553,4.65017774358977e-5,1.1474048870747903e-5,1.0201173589713983e-5
59.5,2.858935738562007e-6,1.159458409916058e-5,4.769060366823594e-5,0.0001951487357882935,0.0007983203020700875,0.003350386806845305,0.015427121222919568,0.10576170953018788,0.5812319383880523,0.10520829030754343,0.015379987814635308,0.0033388112606959042,0.0007973112548586105,0.0001938259988753097,4.716074865120055e-5,1.1658802448442695e-5,1.0431929156634383e-5,2.8379361378732407e-6,1.1579174368313071e-5,4.771455919814614e-5,0.00019472542576199213,0.000784530200266766,0.003095434871685109,0.011161581627191735,0.026070202945582457,-0.9144689093183535,0.026108254838926193,0.011074428471913872,0.0030645247312470866,0.0007782548756037593,0.0001920608190251261,4.685530298336035e-5,1.156269755563347e-5,1.0289142071480478e-5
60.0,2.8624528177712798e-6,1.1608836007532396e-5,4.774879585400089e-5,0.00019537594473253923,0.0007990646398319579,0.0033506374704873813,0.015387693560735697,0.10535595712344813,0.5876673211503965,0.10477334567067126,0.015335045552325753,0.0033376072828863322,0.0007976904016246968,0.00019396136984724293,4.719624301458053e-5,1.1667737236465932e-5,1.044167920361833e-5,2.8419283744836864e-6,1.1592544193219203e-5,4.77651938841062e-5,0.00019493401950939905,0.0007855423987812146,0.0031024955910858433,0.011241992794855124,0.02783356404376534,-0.923651196805372,0.027839917070555904,0.011153708051698805,0.0030714183415531033,0.0007792313293387882,0.00019225993635431157,4.690333221704218e-5,1.157566150959885e-5,1.0304890145347917e-5
60.5,2.8655286793937495e-6,1.1621330079715418e-5,4.779986384411953e-5,0.00019557416168944713,0.0007996924694211101,0.0033504188600983866,0.015345792395830875,0.10487273524535026,0.5938811979265012,0.10436706312473447,0.015299701978792957,0.0033384331043393232,0.00079854503499057,0.00019421178588694316,4.725975865143664e-5,1.1683623883254218e-5,1.0453424841345617e-5,2.84842318880549e-6,1.1616155049366894e-5,4.7857999756617126e-5,0.00019531447181528788,0.0007872410411200855,0.0031121637886024314,0.011330058567473536,0.029580441846588226,-0.9325034150184102,0.02951329280242459,0.011228779651607271,0.003077460919982357,0.000780002228082847,0.00019240867785456678,4.69389616362638e-5,1.1585479787919457e-5,1.0322623258721072e-5
61.0,2.85540195322649e-6,1.1580051527867865e-5,4.762948527256888e-5,0.00019486878753788883,0.0007966776628868818,0.0033357813279074125,0.015250702999149565,0.10421574295827629,0.599828345537906,0.10384476076800297,0.015219225984325582,0.0033265939291870486,0.0007961699429595579,0.00019366424699564355,4.7128520950990144e-5,1.1651415878687381e-5,1.0421523526085827e-5,2.8401842549038076e-6,1.1580455991976931e-5,4.770771636883658e-5,0.0001947024212503001,0.0007848938606296781,0.0031050335604618684,0.011342795593861007,0.030738850734745266,-0.9393406432921072,0.030630964526957256,0.011239666232889873,0.0030700123202044437,0.0007775753646458744,0.00019178091579333533,4.678538626234337e-5,1.154833028706359e-5,1.0295236466334305e-5
61.5,2.841999243629753e-6,1.1525405261361708e-5,4.7404015172284174e-5,0.00019393976091258114,0.0007927843631214246,0.00331803102867841,0.015149802239639881,0.10360135772797276,0.6052919601025538,0.10312449752023933,0.015107713797301324,0.0033067270348079254,0.0007917729749420258,0.00019261817197425128,4.68755838689127e-5,1.1589098159009956e-5,1.0367410448787796e-5,2.827758765765367e-6,1.1528074724481545e-5,4.748922978102981e-5,0.00019381105269550197,0.0007813882611669442,0.003092756084084871,0.011326907264502027,0.031561609481396635,-0.9447053753717428,0.031382563611171754,0.01121501043844079,0.00305542376826537,0.0007734740788842977,0.00019074753602105684,4.65330906955137e-5,1.1486687846594346e-5,1.0244758642106979e-5
62.0,2.813833242344172e-6,1.1410677434139381e-5,4.693116497507268e-5,0.00019200067415698418,0.0007848048138114261,0.0032838727052118123,0.014984499651859894,0.10269590302896643,0.6106340114443684,0.1024154478689695,0.01496071829896679,0.003276155434346271,0.0007846114138462032,0.00019088738634507102,4.64554814188502e-5,1.1485538465108757e-5,1.0272193266770991e-5,2.801616140148881e-6,1.1420509780776825e-5,4.704460344105689e-5,0.0001919963523700518,0.0007741148738342469,0.0030647789963782735,0.01124004366894863,0.031826111485230596,-0.9482864425981873,0.031617902196786195,0.01112799846153605,0.0030275846175916964,0.0007662252717147781,0.000188949425054821,4.609440681257277e-5,1.1378750795909284e-5,1.0151756516576173e-5
62.5,2.78049731047492e-6,1.1274817588196061e-5,4.637117843703561e-5,0.000189706503084419,0.0007754075383131598,0.0032443283547807676,0.014802964432361983,0.10179781265489285,0.615742478846063,0.10147244548509489,0.014775912927356732,0.003236066898910661,0.0007750726898631301,0.00018857202276002243,4.5892821900614076e-5,1.1346760850253423e-5,1.0148263353505524e-5,2.769019850037339e-6,1.1287052099933438e-5,4.6493927315102605e-5,0.00018974816781156372,0.0007650646918489854,0.0030292521070497632,0.011116369253198905,0.03172867823943631,-0.9505183747167674,0.03150176425714867,0.010998381588754337,0.002990328833415789,0.0007567047352517119,0.0001865971462063919,4.552061644205514e-5,1.1237315676003425e-5,1.002917083098449e-5
63.0,2.7325545969416367e-6,1.1079646421883401e-5,4.556722758939979e-5,0.00018641538355285668,0.0007619578672679889,0.003188196625954435,0.014551370165499315,0.1005214218646738,0.6216036517094269,0.10035259557994831,0.014538607928688073,0.0031827792660347283,0.0007622581414225599,0.00018545252543921917,4.5134041604678793e-5,1.1159470051617061e-5,9.981975848491098e-6,2.7203900750805244e-6,1.1088678984708657e-5,4.567660875280818e-5,0.00018641186084632067,0.0007516058820251972,0.0029758866820090487,0.010920538282826587,0.03123472392378977,-0.9518827225146337,0.031039701847871626,0.01081845695518655,0.0029418057905583224,0.0007444733129167125,0.00018358459060285748,4.4786067415040064e-5,1.1056102390240687e-5,9.86358674181192e-6
63.5,2.682504801254078e-6,1.0875795104082258e-5,4.472727591897786e-5,0.00018297710942717838,0.0007479164265433827,0.003129745898289983,0.014291665345160262,0.09923354088359729,0.6274828032064294,0.09914267963513147,0.014286835027965534,0.0031259362431091124,0.0007485619934664032,0.00018211683747991695,4.432273302733718e-5,1.0959296191837133e-5,9.802056847877373e-6,2.6716692077721895e-6,1.0890054750028334e-5,4.4858389818236186e-5,0.00018307135589533342,0.0007381163695067437,0.002922171912524635,0.01071975454462979,0.030637556692624742,-0.9528524623536632,0.03043818401786136,0.010614547124442018,0.002887166158670385,0.0007307092318722129,0.0001801945201579898,4.395924992521724e-5,1.0851990105162215e-5,9.684033517435959e-6
64.0,2.628290432074819e-6,1.065497739617558e-5,4.381741315486568e-5,0.0001792526969916871,0.0007327061225280301,0.0030664288385397,0.014010270916803366,0.09783206029240818,0.6339151434307733,0.09777950736331076,0.014009779673688721,0.00306353936382651,0.0007335349152095368,0.00017845742066821302,4.3432692521648466e-5,1.0739691876257654e-5,9.604971687059028e-6,2.6192269189525227e-6,1.0676240953659004e-5,4.397753310977872e-5,0.0001794750326709805,0.0007235928694647244,0.0028643256948073467,0.010503312972377074,0.029990374861887215,-0.953889599019307,0.029777011122228157,0.010390557551311942,0.002827071711375994,0.0007155652852937174,0.00017646415401081304,4.3049404043085265e-5,1.0627383096115467e-5,9.487393618845508e-6
64.5,2.5831816051144072e-6,1.047135069065944e-5,4.3060979454178825e-5,0.00017615664311406115,0.0007200630499877239,0.0030138080213725385,0.013776525629971323,0.0966669987335666,0.6394633497716437,0.09650581336813752,0.013765458974233208,0.003008904774023327,0.0007203974932702286,0.00017525898320797347,4.265459361303249e-5,1.0547577051777854e-5,9.438205859272142e-6,2.57237291728847e-6,1.048519883833803e-5,4.319053177026823e-5,0.00017626230180083446,0.0007106257529417194,0.0028127844240009967,0.010311815313702264,0.02942827460989131,-0.9547646513878398,0.029232154800092346,0.010208088825836643,0.002778310249939426,0.0007032908251638499,0.00017344177309479958,4.231247465686135e-5,1.044555994881784e-5,9.321148318781593e-6
65.0,2.5343367607639453e-6,1.0272427504246329e-5,4.224138182455679e-5,0.00017280184475316742,0.0007063641108775067,0.0029568155366488454,0.013523912861988263,0.09544445740852471,0.6453198666298857,0.09522146472758036,0.013508547468848098,0.0029511536356185497,0.0007064948449322105,0.00017187357218964222,4.183107936400301e-5,1.0344314493036342e-5,9.259428502569747e-6,2.5222102233582933e-6,1.0280696860883171e-5,4.2348123771726546e-5,0.0001728234086692153,0.0006967442633522242,0.002757589982715618,0.010106492978928672,0.02882368831115907,-0.9557105119134724,0.028641467368134558,0.010010009805961678,0.0027253537739871853,0.0006899592379428829,0.0001701588356963097,4.1511914273583276e-5,1.0247985210573564e-5,9.142776129604106e-6
65.5,2.4844844490739874e-6,1.0069343613128647e-5,4.140451392918555e-5,0.000169376052038187,0.0006923739013354944,0.0028985826990755663,0.013265217899195738,0.09415454806878128,0.6512108194864048,0.09399227361304523,0.01325532965069451,0.0028940387002651066,0.0006927356709166236,0.00016852271295746287,4.101614116091743e-5,1.0143281762513509e-5,9.07754837858893e-6,2.4738335022505855e-6,1.008347664422319e-5,4.1535672847057755e-5,0.00016950648221724702,0.000683351090667471,0.0027042693962143266,0.009907265084027523,0.028229687509219812,-0.9566618121282572,0.028031634420066443,0.009802193800128119,0.0026694577626231214,0.0006758621091929087,0.00016668559336230113,4.06646780287031e-5,1.0038802000691164e-5,8.961268816019474e-6
66.0,2.4315819504397872e-6,9.853993556560706e-6,4.0517396819735584e-5,0.00016574500820788011,0.0006775439595888028,0.0028368200420252868,0.012990022353895481,0.09273893235313208,0.6576167910480787,0.09257958518774488,0.012980803982368769,0.002832472684520249,0.0006779213956475618,0.00016491559652043254,4.013869179879791e-5,9.926683846242118e-6,8.885641061782477e-6,2.4203779429107273e-6,9.865559119832479e-6,4.063801575463344e-5,0.00016584214712197688,0.0006685611254499037,0.0026454830097647954,0.009688821804127305,0.027587628436592772,-0.9576668638477153,0.027399927467738033,0.009589203895038709,0.0026123849646922685,0.0006614840642923315,0.00016314428288410798,3.980103249906413e-5,9.825639567391389e-6,8.769973470995434e-6
66.5,2.381751620494887e-6,9.651156564403516e-6,3.968181476852325e-5,0.00016232506791270392,0.000663578105116899,0.0027786889465193734,0.012731648643931594,0.09143603460306127,0.6639514012639256,0.09101558235836893,0.012701386051235603,0.0027703585221328045,0.0006630027222129153,0.00016128445139824445,3.925536469390385e-5,9.70857710298995e-6,8.696097222204655e-6,2.3688958167151922e-6,9.655616220840874e-6,3.977305061687515e-5,0.0001623110783784411,0.0006543097629287812,0.0025888499536543094,0.009478502043064267,0.026969929836307766,-0.9586366958848659,0.026785452920504566,0.009380568190283645,0.0025563191431166544,0.000647347724329669,0.00015966181173425426,3.895179011220298e-5,9.616076512954386e-6,8.581203388843651e-6
67.0,2.3328053084092377e-6,9.451994920020017e-6,3.886153904602967e-5,0.0001589675459256705,0.0006498607984122193,0.002721470468354009,0.0124747702722463,0.09001234002703987,0.6698548469658705,0.08975622517104595,0.012458129951961092,0.0027158109082916354,0.0006498770051132156,0.0001580884224338474,3.847795794647626e-5,9.516704956975588e-6,8.522333110207157e-6,2.3217562282193464e-6,9.463461301658089e-6,3.8981508024689656e-5,0.00015907984485799093,0.0006412667450227766,0.002536988870614965,0.009285533536236812,0.02640039611078821,-0.9595374715292202,0.026211090318385928,0.009184864712625833,0.0025036597900160128,0.0006340645321186216,0.00015638899226923364,3.8153472218628734e-5,9.41897939406673e-6,8.408130734618697e-6
67.5,2.2848163452843524e-6,9.2566950286083e-6,3.805708736631445e-5,0.00015567486199727593,0.0006364111723856623,0.002665417432064736,0.012224125357913106,0.08866738264654338,0.6757904237130617,0.0884018808693324,0.012206269174904262,0.0026595671731539723,0.0006363548540997001,0.00015479659385911646,3.767723718438624e-5,9.319044401998607e-6,8.346180901426562e-6,2.2737758819385237e-6,9.267853314107638e-6,3.8175728295865015e-5,0.00015579062736286497,0.0006279920613297523,0.0024842439821479542,0.009089754427307683,0.025825929785783196,-0.9604402755322413,0.02563581437862892,0.00898848703620657,0.002450765079602014,0.0006207181787923024,0.00015310038252539505,3.735134181119164e-5,9.220975572158923e-6,8.232696009996794e-6
68.0,2.237878637135119e-6,9.065771087148758e-6,3.727081476561613e-5,0.0001524567739120783,0.0006232628109231817,0.0026105600901600817,0.011977457928153324,0.08726940558396078,0.6817132771195241,0.08700869810905341,0.01195969682445699,0.0026047681753729045,0.0006231927169413725,0.00015159297925828086,3.689794528250248e-5,9.126644694102855e-6,8.174022687796019e-6,2.2278097669208516e-6,9.080444341609845e-6,3.740365625418205e-5,0.00015263888545987109,0.0006152729973692188,0.002433714549707142,0.00890226522601263,0.025275754784529304,-0.9613085974379248,0.025077059189718656,0.008796274842092278,0.0023988332273016523,0.0006076024108062698,0.0001498677984465285,3.6562821093462746e-5,9.02631508574745e-6,8.06144731304977e-6
68.5,2.1866428823381934e-6,8.85740806013796e-6,3.6412799376375365e-5,0.00014894514195508467,0.0006089162340337056,0.0025507107241996467,0.011708485035737836,0.08574831521763182,0.688305212291706,0.08538897880254555,0.011682887812035322,0.002543464167960821,0.0006084791032929435,0.0001480121874557161,3.6026843544939856e-5,8.911526061346883e-6,7.98376277089119e-6,2.176932402495351e-6,8.872992238114247e-6,3.6548977869695045e-5,0.00014914997664823272,0.0006011935609344989,0.002377789186206829,0.008694862671128933,0.024668082729927363,-0.9622650607474981,0.024463852366652012,0.00858575916002164,0.002341997767503168,0.0005932516021670891,0.00014633107986695098,3.5700194109962784e-5,8.81340025482401e-6,7.872295979511701e-6
69.0,2.135238483593183e-6,8.648330362631835e-6,3.555179024931167e-5,0.0001454211748978883,0.0005945181558499523,0.002490632123457341,0.01143818319384065,0.08420213543756491,0.6948335768593042,0.08383622990634146,0.011411885120357271,0.002483302913043434,0.000594032134894518,0.0001444960423826811,3.517153489985855e-5,8.700357108542927e-6,7.794486932749115e-6,2.126836533070151e-6,8.668742786946614e-6,3.570752651669828e-5,0.00014571501139067452,0.000587330889125605,0.0023227137741365462,0.00849045583488718,0.024067785084427664,-0.9632147013961009,0.023850289716461272,0.008374027615227368,0.0022847180640229287,0.0005787796934565749,0.0001427638274125102,3.4829981490024266e-5,8.598575649889935e-6,7.684072451469042e-6
69.5,2.0888930515827908e-6,8.459858528796999e-6,3.477567497336972e-5,0.00014224472903052847,0.0005815400547851609,0.002436473830588995,0.011194396955369102,0.08280738530922513,0.7008516709249906,0.08232872723812783,0.011160303098557579,0.002427713568477112,0.0005806959557749353,0.00014125079681866117,3.438210255519861e-5,8.505415255794712e-6,7.621203957187445e-6,2.080887124178723e-6,8.48138657063696e-6,3.4935657058777765e-5,0.00014256423738787902,0.0005746180377337867,0.002272243586191598,0.008303615621929803,0.023522240157573964,-0.9640733424990559,0.02329491272433647,0.008181783007711082,0.002232635669477757,0.0005656152153303256,0.00013951854808452987,3.4038340419620907e-5,8.40315969486431e-6,7.511860778234516e-6
70.0,2.0359093084188567e-6,8.244510582476585e-6,3.3889095273622935e-5,0.00013861637506240083,0.0005667138495834212,0.002374561171517271,0.010914731241785148,0.08114497251020818,0.7079454865700529,0.08045994046951709,0.010865889287066964,0.0023630560344799767,0.0005652037451994743,0.00013748188348335083,3.346520281900452e-5,8.278920278628428e-6,7.420907703051034e-6,2.0283683388862544e-6,8.267221769762543e-6,3.405326690378506e-5,0.0001389623431100586,0.0005600863893226554,0.0022145808643444787,0.008090467971617362,0.02290180874735207,-0.9650488908197224,0.022660375001567368,0.007960917366235278,0.002172659170951728,0.0005504446177324139,0.0001357780977678443,3.3125897526200807e-5,8.177935790124257e-6,7.313074054494725e-6
70.5,1.9869014474470448e-6,8.045340497102983e-6,3.306916281806018e-5,0.00013526092393160587,0.0005530032506522095,0.002317321264491701,0.010656476380961899,0.07962765650446682,0.7144147060428861,0.0787980520473146,0.010596921436736231,0.0023038268449443343,0.0005510043341587677,0.0001340269074519235,3.2624598378681347e-5,8.071240268400068e-6,7.238763798129523e-6,1.9774594966018306e-6,8.05967259488077e-6,3.319831559395142e-5,0.00013547302913089534,0.0005460151462756615,0.0021588326941083926,0.007885507226350444,0.022313989541321723,-0.9659501274546828,0.02208772382707394,0.007764038362531864,0.002119427901380372,0.0005369969725248677,0.00013246355730241158,3.231748420846426e-5,7.978423844651513e-6,7.132223731306384e-6
71.0,1.939389400262937e-6,7.852309825197087e-6,3.227460679240817e-5,0.0001320091956871874,0.0005397106045322476,0.002261714632777649,0.010403216065236809,0.07800887070393635,0.7205040692562783,0.07737231758786112,0.010358515822995466,0.0022511122089858503,0.0005383546889008353,0.00013094857965351232,3.187575875542315e-5,7.886315760655706e-6,7.069666146826888e-6,1.9329348564980795e-6,7.878173018870396e-6,3.2450640827327336e-5,0.00013242111600417745,0.0005337016550075611,0.002109954364350195,0.00770461811399892,0.021785880143548788,-0.9667842438573924,0.021543756352450552,0.00757448118618968,0.0020679350706025554,0.000523971061692137,0.000129251580494048,3.1533817060044166e-5,7.784914146557316e-6,6.9644048900042414e-6
71.5,1.8855692956630376e-6,7.633658638083322e-6,3.1374636868695836e-5,0.0001283260990845833,0.0005246562900139846,0.002198772668118203,0.010117274396729253,0.07622374220557084,0.7273874426896478,0.07575173968634936,0.01008547901026792,0.0021907011907986644,0.0005238566243756574,0.0001274201670081954,3.101731850301391e-5,7.674273868792007e-6,6.878736578040613e-6,1.8800137173440702e-6,7.662468440718162e-6,3.156215909114417e-5,0.0001287948891655556,0.0005190755575445123,0.0020519655276641383,0.0074908971066201206,0.021169119371028104,-0.9677377568270865,0.020934737340921362,0.007364781601551436,0.0020112164791257,0.0005096410066339545,0.00012571939753981877,3.0672183299712906e-5,7.572203306228013e-6,6.7748638640897875e-6
72.0,1.828410603623736e-6,7.401445593538601e-6,3.0418829795457084e-5,0.00012441461179911912,0.0005086686495927885,0.0021319290302311187,0.009813586030481805,0.07431131691370846,0.7348037673627502,0.07395939668499811,0.009791055834905618,0.002125691971389909,0.0005082616363047113,0.00012362522165940967,3.009408239691639e-5,7.446236300684534e-6,6.672732104347552e-6,1.8240548768770118e-6,7.434368972016605e-6,3.0622584041872054e-5,0.00012496010234348722,0.000503608692448665,0.001990650355635813,0.007264972813539995,0.020516814782180096,-0.9687521205567882,0.0202796163875891,0.007137222952713059,0.0019494525615542317,0.0004940198627483448,0.00012186783002942711,2.9732543536183336e-5,7.3402076171784246e-6,6.570449110199317e-6
72.5,1.7739220781201143e-6,7.180063746126757e-6,2.9507551758671095e-5,0.00012068533735332892,0.0004934273277524734,0.002068231293081877,0.009524727876092732,0.0725197345468573,0.7419735542597007,0.07216342914500626,0.009502366230206907,0.0020620929150422895,0.0004930123461697397,0.00011991475373956732,2.919138321973766e-5,7.223259106143363e-6,6.472859306547937e-6,1.770594921188142e-6,7.216421200744695e-6,2.9724744061328852e-5,0.00012129545211791992,0.0004888261102837738,0.0019320215343348569,0.0070486212785150345,0.01988981713701231,-0.9697320021891522,0.019644842407134364,0.006916525860927616,0.0018895349473751564,0.0004788648866094491,0.00011813115002165388,2.8820964437417032e-5,7.115166600557252e-6,6.372135081905253e-6
73.0,1.7233522822714643e-6,6.974767612186443e-6,2.866280560587108e-5,0.00011722880817972281,0.0004793008468662504,0.002009183078374027,0.009256648152976598,0.070827380407973,0.7488107364343373,0.07036210258921828,0.009227051115468189,0.0020017294365113594,0.00047855254746635874,0.00011639687544989801,2.8335317699210522e-5,7.0116568491808235e-6,6.287196915585469e-6,1.7177923076034852e-6,7.001183690711451e-6,2.883817561623553e-5,0.00011767748619494481,0.000474240844703513,0.001874308211565738,0.006837308947053201,0.019289832100767384,-0.9706411678625377,0.01906937630875233,0.0067184144276506595,0.001835917418096721,0.00046531513918562597,0.0001147911402754193,2.8006335737301864e-5,6.914124022212634e-6,6.188172847032547e-6
73.5,1.6676113248614206e-6,6.748448488980622e-6,2.773150272689917e-5,0.00011341799376954485,0.0004637259370970942,0.0019440706763022616,0.008960867216219715,0.06894423378198168,0.7562931671603569,0.0684291055915579,0.008927859568523856,0.0019360303518635269,0.0004628099433605044,0.00011256665801713834,2.740333110004033e-5,6.781332476171482e-6,6.083133869615926e-6,1.661090484153468e-6,6.7700447621572414e-6,2.7886079764978402e-5,0.00011379185084850046,0.0004585732866269944,0.0018122637379925776,0.006609533488570384,0.01863843652777081,-0.9716393969210253,0.01843143157728489,0.006497800170114754,0.0017761168523137303,0.00045019626797506096,0.00011106389166725367,2.7097167948041438e-5,6.6897188935124985e-6,5.985938682251826e-6
74.0,1.61391590071949e-6,6.530502124540395e-6,2.68347572614059e-5,0.00010974863909882721,0.0004487261401202383,0.0018813064451304088,0.00867450921557101,0.06704299903708283,0.7634198514356354,0.06666131610236499,0.008651056318484764,0.0018751426765925934,0.0004482140083687543,0.00010901521835082248,2.65391819246586e-5,6.567794418812158e-6,5.890855500952895e-6,1.6078406739473523e-6,6.553009321232217e-6,2.699213389453571e-5,0.00011014360990769193,0.0004438634545421312,0.0017540152339416688,0.006395721003368182,0.018026909439225212,-0.9725788035781722,0.017827941571837827,0.006288231679680124,0.001719215305190072,0.00043580296176437886,0.00010751495053400806,2.6231386847906603e-5,6.4759747353115115e-6,5.795462464975626e-6
74.5,1.5630944578534166e-6,6.324295770500722e-6,2.5986446197119364e-5,0.00010627762518620563,0.0004345356877836936,0.0018218921390544972,0.008402609753104496,0.06516889358935399,0.770252746397635,0.06495365707535758,0.008389838152421565,0.0018177997669784685,0.000434473562096541,0.00010567211357488372,2.5725734963157745e-5,6.366774349774478e-6,5.708515343011506e-6,1.5581846152772715e-6,6.350621811797972e-6,2.6158507339363733e-5,0.00010674158702083945,0.00043014668806081813,0.0016997074792752453,0.006196452771788998,0.017457001158838185,-0.9734579126640389,0.017257349008519843,0.006088503177792645,0.001664812291136681,0.00042202848142007326,0.00010411765460161284,2.5402498501845358e-5,6.271312379044709e-6,5.61499691025278e-6
75.0,1.5121643372397768e-6,6.117739115371805e-6,2.5136852102337286e-5,0.00010280165922605739,0.00042032610253625043,0.0017624126460256894,0.008130654827705683,0.06330378322082704,0.7772702680973849,0.0630996450556729,0.008118509165830122,0.0017584906243845776,0.00042027428611167607,0.00010221784658662502,2.4885091131547427e-5,6.1589318504866515e-6,5.523774075093947e-6,1.5066581738836996e-6,6.140595909737028e-6,2.529342121408065e-5,0.00010321123857512574,0.000415915178748416,0.001643401258301519,0.005990358277750159,0.016871664099102655,-0.974349560694392,0.016686756445201862,0.005890314312499816,0.001610978672511628,0.0004084091802378075,0.00010075950235398514,2.4583325735391807e-5,6.069113385056081e-6,5.432314892212249e-6
75.5,1.4582226296262169e-6,5.898873738134195e-6,2.4236443247139635e-5,9.911757221394796e-5,0.0004052660706540249,0.0016993864065210625,0.007842773397163322,0.06134682623641369,0.7846814296756986,0.06115064592159767,0.00783045198261918,0.0016954787908363919,0.0004051865227633012,9.854752401570899e-5,2.399199780110506e-5,5.93819573881763e-6,5.3257125730871075e-6,1.453456987297652e-6,5.923720847623946e-6,2.4400018380667868e-5,9.956511350916952e-5,0.00040121358506989263,0.0015851826466102255,0.005776601615629168,0.016259256806618497,-0.9752969885880853,0.016070123885693507,0.005674108637783823,0.0015520498471677843,0.0003934859599231593,9.707879173791661e-5,2.3685333817026766e-5,5.847415352223323e-6,5.2363569552804765e-6
76.0,1.4091165542174862e-6,5.699693804938808e-6,2.3417129797517714e-5,9.576542995127306e-5,0.0003915628547754893,0.001642024048865742,0.0075804222026260235,0.05953602056128741,0.7915950901918901,0.059250442643179996,0.007562599153316993,0.0016371344871751491,0.00039122845651159836,9.5152557796582e-5,2.3165871065638936e-5,5.733974775991591e-6,5.142767829229644e-6,1.4048884974460587e-6,5.725723004750795e-6,2.358436550708696e-5,9.623630214313726e-5,0.00038779299604928746,0.0015320630232012885,0.005581858655117069,0.015702911734220844,-0.9761582112384347,0.015505468017024937,0.005474769096720255,0.0014975648992371342,0.0003796764550972561,9.367200250531972e-5,2.285412701235077e-5,5.64220292476819e-6,5.055544968255517e-6
76.5,1.3589413746561168e-6,5.49634964995964e-6,2.2581003302443784e-5,9.234490441411644e-5,0.0003775780249578355,0.001583434123647177,0.007311347748217626,0.05759380951388725,0.7986649343254343,0.05734235066301513,0.007295556659064624,0.0015789839436280402,0.00037731666939496274,9.176866615646916e-5,2.2342294916015376e-5,5.530299663858832e-6,4.9606742185408255e-6,1.3546823675876478e-6,5.521086674870141e-6,2.2741463710624286e-5,9.279664369508219e-5,0.00037392908622851186,0.0014772400755176372,0.005381522221867771,0.015135724739005558,-0.9770223842286632,0.014947487868571209,0.00527938002906177,0.0014443123808800273,0.0003661903865027644,9.034577408225874e-5,2.204265805619721e-5,5.441885216448602e-6,4.875778960587395e-6
77.0,1.3079390659917068e-6,5.289610458419762e-6,2.1730864763800112e-5,8.886700828089814e-5,0.00036335979613652764,0.001523893405303494,0.007038502534710749,0.055674872729713464,0.8058627494512368,0.05536656221234186,0.007019695558576786,0.0015189332544263397,0.0003629516573831034,8.827455206760107e-5,2.149185953588644e-5,5.31996742419876e-6,4.774502202800934e-6,1.3019589762121799e-6,5.306197707386535e-6,2.185637243879886e-5,8.918506478795112e-5,0.00035937560378964935,0.0014197358191913709,0.005171974620069982,0.014546910081385126,-0.9779085003717428,0.014381109047512273,0.0050820101423926225,0.001390604724336607,0.00035259528282545845,8.699308034156384e-5,2.122480911835803e-5,5.240018586445251e-6,4.691918721011758e-6
77.5,1.2578825878536503e-6,5.086817781460609e-6,2.0897135509915223e-5,8.545642623008198e-5,0.0003494135697802748,0.0014654252104168571,0.006769096743304203,0.05366421033968738,0.8129021682047772,0.05350374527208034,0.0067597127032784175,0.0014623005584647648,0.0003494015948289831,8.497853676177945e-5,2.068966722785526e-5,5.121576371870012e-6,4.595149451939901e-6,1.2529280783715475e-6,5.106364300874065e-6,2.103327461194776e-5,8.582621475180831e-5,0.00034583715603790974,0.00136619680237554,0.004976280506283856,0.013992259149464956,-0.9787566308888784,0.013830373654552816,0.004888382202909072,0.0013377494502283655,0.00033920352822704256,8.368965947375918e-5,2.0418829619434304e-5,5.041024003324192e-6,4.514981851859575e-6
78.0,1.207447584065696e-6,4.882428702248367e-6,2.0056711144047562e-5,8.201830966955225e-5,0.00033535587733605837,0.0014065115113272768,0.006498110618476061,0.05167124998893623,0.820027976597904,0.05159158504981649,0.006492979216791712,0.0014042381613636305,0.0003355120694169105,8.16001373925598e-5,1.986748665526194e-5,4.918277587212644e-6,4.4115266152108906e-6,1.2037473529566e-6,4.90589993035145e-6,2.0207508025392667e-5,8.245634640991868e-5,0.00033225265424417224,0.0013124528608293331,0.004779545562144853,0.013432303944383142,-0.9796194209072885,0.013265472884624747,0.004688884556473562,0.0012832042673923457,0.0003253773440046973,8.027863849145768e-5,1.958655784317374e-5,4.835534781735289e-6,4.33375449778e-6
78.5,1.1567662968061122e-6,4.677118851699138e-6,1.9212667000257718e-5,7.856556768683869e-5,0.0003212372521979571,0.0013473202274645203,0.006225359043686051,0.04962691799751581,0.8271152461763596,0.04974528309801914,0.006232056372835557,0.0013473319323041289,0.0003218931959114766,7.828714444197917e-5,1.9061148414258872e-5,4.718860602878552e-6,4.231182399720764e-6,1.1536904351836425e-6,4.701902653763122e-6,1.9367308752594397e-5,7.902782444147185e-5,0.000318435001049157,0.001257828805381798,0.0045801339912990785,0.012869023844554706,-0.980475757057213,0.012712209246309862,0.004494878820782341,0.0012302932602401226,0.00031197491999479217,7.697278661850356e-5,1.878000013642801e-5,4.636398812030017e-6,4.15582475716704e-6
79.0,1.1070218715208986e-6,4.4755705173642255e-6,1.8384010781424282e-5,7.517582925424836e-5,0.0003073796449831245,0.0012892813300798306,0.005959156416694203,0.04771689273799654,0.8342897351774925,0.04771197742565881,0.005958783662571287,0.0012880170273276614,0.0003077122425024603,7.483817839550467e-5,1.822165255730246e-5,4.51119430925911e-6,4.047259556135202e-6,1.1028473622804322e-6,4.4946591130646334e-6,1.8513643286919667e-5,7.554436850943954e-5,0.0003043964865344529,0.0012023456147070017,0.00437775443327751,0.012298545088292609,-0.9813407598305325,0.01215406631054835,0.004299184706996214,0.0011769193716999987,0.0002984550874398914,7.363807781405319e-5,1.7966499715323175e-5,4.435598560442917e-6,3.974405722270559e-6
79.5,1.0533890513888929e-6,4.258289584310393e-6,1.7490699392070944e-5,7.152166836571478e-5,0.0002924407356815396,0.001226705546825674,0.005671948824764379,0.045638983343303026,0.8420611148154268,0.045496957899940696,0.005664226151665172,0.0012241203079050762,0.0002924377644530236,7.112330427882894e-5,1.731744244289542e-5,4.287517215955293e-6,3.848407063014197e-6,1.0488295099019914e-6,4.2744642798859186e-6,1.7606591372511538e-5,7.184285366643231e-5,0.0002894778130998064,0.0011433606961702653,0.004162309393061612,0.011688878529021387,-0.9822720530530117,0.0115492315090675,0.0040863388614712165,0.00111879250794379,0.0002837258523324465,7.000466487919096e-5,1.7080076173893276e-5,4.2167845325617635e-6,3.7783306666011176e-6
80.0,9.972562034279558e-7,4.0309902511289476e-6,1.655641262309789e-5,6.770008887949307e-5,0.0002768150899345421,0.0011612027433343525,0.00537019481831807,0.04336419062311916,0.8501397907913991,0.0432705691933992,0.005365645057125034,0.0011592793680749991,0.00027693344387042917,6.73522469320326e-5,1.6399512905908856e-5,4.06042750069472e-6,3.6446274936289227e-6,9.93060591712234e-7,4.04716389158071e-6,1.6670332225517924e-5,6.802229272634961e-5,0.00027408025416002533,0.00108249517005736,0.003940152617739767,0.011061355066443498,-0.9832275943813727,0.010928849079097505,0.003868030277263722,0.0010591689553505704,0.0002686167501610932,6.627748942627287e-5,1.617073815799912e-5,3.9922904217576335e-6,3.577534635509069e-6
80.5,9.441647497132376e-7,3.816083698249295e-6,1.567318962374843e-5,6.408767712800525e-5,0.00026204500043500227,0.001099285942550152,0.0050848880923406595,0.04118845037823357,0.8578758585489048,0.04110260528380057,0.0050803675032094165,0.0010974213616005244,0.000262146787520982,6.375587306173906e-5,1.552405702428515e-5,3.8438081302401525e-6,3.450841001400955e-6,9.402540214134667e-7,3.831929546918754e-6,1.5783751118939447e-5,6.440441684060227e-5,0.0002594993778946176,0.0010248566682245076,0.0037297565051075915,0.010466901197174165,-0.9841336253186367,0.010340614981521652,0.003660973105185702,0.0010026117105858565,0.0002542843991536028,6.274190193936904e-5,1.530816041360809e-5,3.779350619571807e-6,3.3867306264505644e-6
81.0,8.927303678679682e-7,3.607859244159341e-6,1.4817388587577826e-5,6.058732796111496e-5,0.00024773371813880714,0.0010393041318276857,0.004808769125232524,0.03910584752293152,0.8653926791741409,0.03896992444271768,0.0048016396173897824,0.0010370066518870006,0.0002477063468215689,6.024379654593338e-5,1.466911696910498e-5,3.63226566362417e-6,3.2618658735312724e-6,8.885686080396355e-7,3.6212663501050898e-6,1.4916006081774155e-5,6.086351152993401e-5,0.0002452299629093297,0.0009684689635596607,0.0035241568556725078,0.009887551252935589,-0.985014209574443,0.009768680503361174,0.0034593588636000713,0.0009475019943317978,0.00024031543839734128,5.9295760810915435e-5,1.4467398408136338e-5,3.57179265199201e-6,3.200643372319616e-6
81.5,8.435306502252907e-7,3.408782361384785e-6,1.3999353947956396e-5,5.724165712418513e-5,0.00023405267392760678,0.0009819155733390877,0.004543507207196285,0.037005810579144344,0.8725216223033894,0.037034850106138474,0.004545306871304699,0.0009813469882457998,0.00023439695377724408,5.7006479885282834e-5,1.3881066133158445e-5,3.437280199093761e-6,3.08487237940382e-6,8.403893709295286e-7,3.4249232929999015e-6,1.4107304363542454e-5,5.7563596486685136e-5,0.00023193186953708844,0.0009159194558768834,0.003332545029792901,0.009347289710606693,-0.9858379075894543,0.009230861490946882,0.003269034930226306,0.0008953991613359249,0.00022710272282632096,5.603570975025615e-5,1.3671932162384972e-5,3.3753774947630316e-6,3.02648534745068e-6
82.0,7.963481533630917e-7,3.217842593068803e-6,1.3214713272011171e-5,5.403250523384244e-5,0.0002209306483542451,0.0009268868005527831,0.004289474372057036,0.03502187411950794,0.8794032900715162,0.03512729690874451,0.004295394860005451,0.0009271423262051585,0.00022143868341186615,5.3854709845655274e-5,1.3113840626625856e-5,3.247443035109886e-6,2.9134186367388937e-6,7.942167154352921e-7,3.236737749412701e-6,1.3332142919482061e-5,5.4400386091805656e-5,0.00021918334089377135,0.0008655216578630522,0.003148531265489284,0.008826700222096055,-0.9866347759511895,0.008709519291212192,0.003084565937699148,0.0008449094353125535,0.00021430005929981474,5.287689992488331e-5,1.290120083129658e-5,3.185081351942346e-6,2.857764023623438e-6
82.5,7.438688472847474e-7,3.00558686278918e-6,1.2342692873359086e-5,5.0466383872075383e-5,0.00020634927688408474,0.0008657323449760045,0.0040069865316062535,0.03278538683750118,0.8871846271065427,0.03291494248496802,0.004014120361235927,0.0008662716679702713,0.00020689321428627407,5.03170796391467e-5,1.2252562794710575e-5,3.034258444211094e-6,2.7220513674450244e-6,7.421195400130353e-7,3.024409919009288e-6,1.2457555053007206e-5,5.083158612251282e-5,0.00020480221221814342,0.00080870096416992,0.002941454465295613,0.008243686122836663,-0.9875211686886329,0.0081323893048612,0.002880671233208878,0.00078912461992477,0.00020015615621002059,4.938734959799718e-5,1.2049810212454407e-5,2.9748890920348037e-6,2.6696688689719154e-6
83.0,6.913996088456396e-7,2.7934668917670352e-6,1.1471397696439954e-5,4.690347571387392e-5,0.00019178073571887982,0.0008046160651837951,0.003724279360468654,0.03050416906074455,0.8950643395369147,0.030641910172661265,0.0037319357661682313,0.0008053114226937654,0.0001923311783107746,4.677555532253761e-5,1.1390277671309756e-5,2.820780177198328e-6,2.5302977470000166e-6,6.900439946279155e-7,2.81217511535096e-6,1.1583346327671112e-5,4.726439556866614e-5,0.000190428691688261,0.0007519272699096772,0.0027347439365444587,0.007662890540869214,-0.9884030437181364,0.007556798594955952,0.0026767905745261385,0.0007332816404878553,0.00018599265876853574,4.589261931685163e-5,1.1197137266532532e-5,2.764376602065257e-6,2.4813850230208155e-6
83.5,6.396342258832876e-7,2.584166914854885e-6,1.0611623767594557e-5,4.3387634516482626e-5,0.00017740507680483815,0.0007443196643875445,0.003445599374454187,0.0282727728437441,0.9028583999126699,0.0283742944999764,0.003451216617019515,0.0007446876915560028,0.00017785074982758374,4.325397706554015e-5,1.053286651627715e-5,2.6085170610523657e-6,2.339848611233728e-6,6.385175092708533e-7,2.602170315765272e-6,1.0718311551744484e-5,4.37346379922596e-5,0.00017620601727883262,0.0006957496220971883,0.002530204925652357,0.007088105844226849,-0.9892770819073358,0.006985452600116096,0.002474114613950793,0.0006777360089956093,0.00017190214775480173,4.241573891610898e-5,1.0348807210018268e-5,2.5549352385688944e-6,2.2943520262904936e-6
84.0,5.903674199546932e-7,2.384996829481283e-6,9.793523006883993e-6,4.0042290064503416e-5,0.00016372659865462888,0.0006869439362039018,0.0031803403376092364,0.026141256003941654,0.9102863415490464,0.02621121709080261,0.003184175203213879,0.0006870297416819547,0.00016407916192921987,3.990476101276738e-5,9.717385979577493e-6,2.406615963672763e-6,2.159145126102374e-6,5.892190935928656e-7,2.401252066170701e-6,9.890718194248093e-6,4.035768765967418e-5,0.00016259964769340353,0.0006420147292923712,0.002334666396195795,0.0065395270229466375,-0.9901078791776813,0.006444322378613797,0.002282639284508466,0.0006253090419798099,0.0001586063053132544,3.9135201572471514e-5,9.548419867037286e-6,2.3573408046810467e-6,2.1169275141059453e-6
84.5,5.409423454616815e-7,2.185276848773312e-6,8.973328177212228e-6,3.668861716895665e-5,0.00015001343366242607,0.0006294048804891074,0.0029139021732295747,0.02395648034317616,0.9177762403228852,0.024032192287848433,0.002918004449400657,0.0006295939586673979,0.00015036197902572839,3.656874385485116e-5,8.905060262928557e-6,2.205457145860278e-6,1.9787838527780827e-6,5.398531499940599e-7,2.2000673978260275e-6,9.06204720368198e-6,3.6976418353819773e-5,0.0001489766774941067,0.0005882260842625829,0.0021390785263384216,0.005991826965009338,-0.9909356339100265,0.005905671782363938,0.0020919931979337847,0.0005730984344223115,0.0001453645639909358,3.586796722923521e-5,8.751267533512994e-6,2.1605410548405345e-6,1.93999345861713e-6
85.0,4.873674692096487e-7,1.9687786416975033e-6,8.084206332612973e-6,3.305307991825202e-5,0.00013514770211770096,0.0005670292950108693,0.002625068328891996,0.021589635001928786,0.9258584198274641,0.021699444404901694,0.002631062287218261,0.000567631328934269,0.00013556146819786004,3.29691680356455e-5,8.028563325858908e-6,1.988417836148123e-6,1.783810698024906e-6,4.86590810193261e-7,1.9830068097846565e-6,8.167980345714489e-6,3.332828433221921e-5,0.00013427791998825764,0.0005301804340858113,0.001927897649229113,0.005399665803707618,-0.9918322606389256,0.00532200797446905,0.0018854521192452698,0.0005165428553463109,0.00013102144228007497,3.2328992091637005e-5,7.887813332983014e-6,1.947368422011054e-6,1.7487009272564574e-6
85.5,4.3181704956576724e-7,1.7442578010913829e-6,7.162066851812907e-6,2.9282469943931095e-5,0.00011973040251573408,0.0005023562746105598,0.0023259702405900753,0.019171789693688338,0.93426513671875,0.019241116918465882,0.0023298344583309667,0.0005026184179991753,0.00012003428941406873,2.9192981380530356e-5,7.1090792398618425e-6,1.7607365481645499e-6,1.580113780001049e-6,4.3079977836797516e-7,1.7556330903779344e-6,7.231428577730663e-6,2.9506817392532198e-5,0.0001188814302405562,0.00046938923370442003,0.0017068465310641286,0.00478066742600271,-0.9927675183806175,0.0047135677222398835,0.0016701718471561673,0.0004575937266076079,0.00011607121079709955,2.8640248466654488e-5,6.98783285803305e-6,1.725187142494942e-6,1.5487991135533664e-6
86.0,3.825123031452028e-7,1.5450006680073515e-6,6.343731150211164e-6,2.5936332038882277e-5,0.00010604807527403817,0.0004449487632855188,0.002060206274971861,0.017000696810350678,0.9416818301843373,0.017108503785378263,0.002066252634964681,0.000445673833080649,0.0001064311274048785,2.5884552191931677e-5,6.303488729898663e-6,1.5612631147091483e-6,1.4007728113553675e-6,3.8166996267458193e-7,1.5554173773554157e-6,6.406762133552228e-6,2.6141895470842496e-5,0.00010532417596286877,0.0004158575549226513,0.0015121599338566067,0.0042352492715656935,-0.9935925071693259,0.0041766876180366445,0.0014801535901706384,0.0004055569359182951,0.00010287364398964942,2.538388893233325e-5,6.193323961242448e-6,1.529031897419529e-6,1.372817131406501e-6
86.5,3.3130499272638217e-7,1.3381008338745898e-6,5.494084299240948e-6,2.2462324388437762e-5,9.184339705550778e-5,0.0003853534823818149,0.0017843727258757163,0.01474440133823729,0.9494601246813633,0.014831717280822939,0.0017893748341010055,0.00038593800406441585,9.216508318830472e-5,2.2415040775548294e-5,5.458628272024346e-6,1.3520338310891048e-6,1.2132928817845274e-6,3.304079616740571e-7,1.3465067411117323e-6,5.546262631265958e-6,2.263076012543321e-5,9.11781513708956e-5,0.0003600054817257331,0.001309091410968239,0.0036667214419546443,-0.9944517014610083,0.0036173000076386145,0.001282080782864389,0.0003513028209303081,8.911282116732928e-5,2.198852739350313e-5,5.364911475998218e-6,1.3245147085970892e-6,1.1889521437739318e-6
87.0,2.809754793329609e-7,1.1347610752444343e-6,4.659077993895172e-6,1.9048237919897472e-5,7.788385644420036e-5,0.00032678701186108084,0.0015132998051600153,0.01252308208776745,0.957112937535404,0.012589809037407359,0.0015172158843440953,0.0003272216665780796,7.814256716350774e-5,1.9004741497900552e-5,4.628186783784286e-6,1.1463743828664734e-6,1.0287092669425234e-6,2.803716188144738e-7,1.142586312704126e-6,4.706299002774712e-6,1.920333829936304e-5,7.73684552158834e-5,0.0003054682671843699,0.001110636485667387,0.003109842989019757,-0.9952961440532949,0.003065653798083164,0.001086474365338098,0.0002976998101548486,7.55153821494284e-5,1.863334356072806e-5,4.546284560237947e-6,1.1224075983028038e-6,1.0079597305855363e-6
87.5,2.3335963434868933e-7,9.42399351804143e-7,3.8691796362400055e-6,1.5818620849051863e-5,6.467861396308393e-5,0.0002713846295981969,0.001256858294103801,0.010417786969879243,0.9643523340138784,0.010472264534757216,0.0012599224410388406,0.0002717097990462427,6.48851649908861e-5,1.578049711725503e-5,3.843040000140847e-6,9.519256246233995e-7,8.543274679088971e-7,2.3282167510188597e-7,9.488036013363081e-7,3.908107020636159e-6,1.5946420252863375e-5,6.424639587856132e-5,0.00025365573672009377,0.0009222103569802921,0.0025819669677411682,-0.9960949485755759,0.0025452015263076277,0.0009021017126446404,0.00024719020841344964,6.270373740945338e-5,1.5472130866839447e-5,3.774995068679043e-6,9.319900283224183e-7,8.369838710581698e-7
88.0,1.902620491341004e-7,7.683317158708849e-7,3.154479245742462e-6,1.289658079604728e-5,5.273069634898552e-5,0.00022124886242644664,0.0010245988916414382,0.008490804459033056,0.9708995991963274,0.008570237462254089,0.0010288069615551352,0.00022183426197201823,5.297310470274208e-5,1.2883360798715466e-5,3.1375212966270316e-6,7.771836766787436e-7,6.973372738572046e-7,1.8984463777719487e-7,7.736658061266485e-7,3.186730862091495e-6,1.3002982289949573e-5,5.2387693902517015e-5,0.00020683680596308407,0.0007520103742708973,0.0021056392401726945,-0.996814647109847,0.002076925828017497,0.000736304865502879,0.0002017774790795548,5.118543242759935e-5,1.2630077636043832e-5,3.0815751176451267e-6,7.607941754905118e-7,6.831219870726553e-7
88.5,1.5054205796551917e-7,6.078681423190948e-7,2.4955628968752764e-6,1.0202506562734298e-5,4.171526616613671e-5,0.00017503454290848124,0.0008107017714451447,0.006735785129927436,0.9769451222030778,0.006797313690185547,0.0008139205123002436,0.00017547682828053247,4.190221721492145e-5,1.0190895277432805e-5,2.4818723143452604e-6,6.148071637450298e-7,5.515402283525134e-7,1.5034554116470102e-7,6.126906734038696e-7,2.523663128779644e-6,1.0297380477820279e-5,4.148647594307845e-5,0.0001637873737833651,0.0005953779663564215,0.0016662285767293048,-0.997481055130051,0.0016414107152702584,0.0005817920239670399,0.00015942567784980706,4.044131536228059e-5,9.978906141757245e-6,2.434713909475645e-6,6.010916099526281e-7,5.401846347095338e-7
89.0,1.1035498768707394e-7,4.4558346911623307e-7,1.8292863563468448e-6,7.478537156142497e-6,3.057742474482499e-5,0.00012829753477407727,0.0005941636792842715,0.004931878107191933,0.9830797085949301,0.005003388194519227,0.0005976986759018682,0.00012884146092161311,3.076522270628333e-5,7.482300430896419e-6,1.8222536047599827e-6,4.514240627416221e-7,4.0459863734614456e-7,1.1046569874605833e-7,4.5017101534633837e-7,1.854244429685648e-6,7.565899293453311e-6,3.048132969983755e-5,0.0001203326727868567,0.00043733350459902666,0.001223288363920598,-0.9981522574525585,0.0012031387526463167,0.00042629647110884285,0.0001168021780306479,2.9628077842677828e-5,7.3106578210779545e-6,1.7836830280496095e-6,4.403570894112535e-7,3.962315938342644e-7
89.5,7.960938465545162e-8,3.214393217634308e-7,1.3196254409343184e-6,5.394911809945394e-6,2.2057857465708005e-5,9.254639084785727e-5,0.0004285005374257298,0.003549049267956137,0.9877742525313916,0.0036303676507264105,0.0004325482960554048,9.321960482712598e-5,2.2258207179448394e-5,5.413298748343553e-6,1.318378548427651e-6,3.2660863685824e-7,2.923350296900509e-7,7.983297747074488e-8,3.2533980657000464e-7,1.3400754100696558e-6,5.467940090938818e-6,2.202914543787518e-5,8.696575404293948e-5,0.0003160665042450781,0.0008840554610479995,-0.9986648790065615,0.0008688504242104706,0.0003077361473864299,8.430504141617397e-5,2.1383885204161763e-5,5.276348959553278e-6,1.2873282784095254e-6,3.178105093440283e-7,2.862783555107422e-7
90.0,5.447465502249015e-8,2.1994811007218418e-7,9.029590893322968e-7,3.691477098943964e-6,1.5093130411248192e-5,6.332564142355386e-5,0.0002932196702481757,0.002430273146787799,0.9916340346782949,0.0024835652815251193,0.0002958486672614636,6.375981781778018e-5,1.5224099406843099e-5,3.7025815731314014e-6,9.017463124939592e-7,2.2339596876626964e-7,1.9999972039557927e-7,5.458248097743569e-8,2.2243767459046805e-7,9.162225225923465e-7,3.7384906001501574e-6,1.5061665213810353e-5,5.9461153570979025e-5,0.0002161209496846732,0.0006046237992375999,-0.9990865932130382,0.0005945133838768812,0.00021058203950749424,5.7690267611486314e-5,1.4633125994140648e-5,3.6106440674772434e-6,8.809294240701144e-7,2.1748105486083966e-7,1.9584697308272034e-7
90.5,3.0704848876284867e-8,1.2396456748655127e-7,5.088966980638416e-7,2.0804473134236033e-6,8.506333916884175e-6,3.569285326223719e-5,0.0001653413150425764,0.001377670246308664,0.9952915341472338,0.0013896827431243712,0.00016593597716795354,3.5771343215534694e-5,8.541741056699768e-6,2.077430011169968e-6,5.05950177029293e-7,1.2534295479215546e-7,1.1241563340491444e-7,3.0687983382389154e-8,1.2505870884681103e-7,5.151126519678403e-7,2.101821307194197e-6,8.4678078312258e-6,3.342921887819861e-5,0.00012149945396671122,0.0003398875185370085,-0.9994863642666635,0.00033430284693882183,0.00011844011276870336,3.245045512554509e-5,8.23129128856061e-6,2.0310471222659973e-6,4.955433155030147e-7,1.2234098480569813e-7,1.1006924698306558e-7
91.0,1.138377217935529e-8,4.5945963252890075e-8,1.8859137056446058e-7,7.709584464783305e-7,3.1524231612367213e-6,1.323251954063188e-5,6.140595206321186e-5,0.0005227103154104641,0.998264185971724,0.000500373294706431,6.03168617562585e-5,1.3016283883519043e-5,3.1088595630269034e-6,7.561469708043193e-7,1.8415786141284891e-7,4.562252935154358e-8,4.1229719400906715e-8,1.1238462540579206e-8,4.5795228931591407e-8,1.8862315616781437e-7,7.696346178639602e-7,3.100716469533674e-6,1.2241343312032994e-5,4.449639514403761e-5,0.00012452934173658896,-0.9998113626439766,0.00012288485679021416,4.359641959299854e-5,1.195092119974312e-5,3.0319143109181136e-6,7.481566944027325e-7,1.825482920944702e-7,4.507259829683803e-8,4.0352771420410226e-8
91.5,1.4530170473997802e-9,5.85517164393964e-9,2.4016795781394607e-8,9.815775698931533e-8,4.0148813249346353e-7,1.6884162552159538e-6,7.906090890217763e-6,7.471927860892432e-5,0.9997827812263973,5.564337815763007e-5,6.975864237483895e-6,1.5125900796780594e-6,3.616756531325509e-7,8.79922989872636e-8,2.1430474490660954e-8,5.3087260696848465e-9,5.0308197970010395e-9,1.3056974528099586e-9,5.319059550650685e-9,2.1907244802377358e-8,8.939309118651811e-8,3.602611278380715e-7,1.4239912493902842e-6,5.198089023236061e-6,1.4727434362889777e-5,-0.9999768582715729,1.5260979499431535e-5,5.492115790007518e-6,1.5132613142451492e-6,3.844842415308619e-7,9.49201426958367e-8,2.3168899424710335e-8,5.724184829392646e-9,4.9107245936654955e-9
92.0,4.730995320241084e-10,1.9059077994907634e-9,7.81673945443813e-9,3.1946017886082896e-8,1.3067185735608538e-7,5.496720438035278e-7,2.5771837540848738e-6,2.4710821263559636e-5,0.999929099644779,1.7818101481998794e-5,2.241034336455639e-6,4.861905226157556e-7,1.1626865962390814e-7,2.8288192310921982e-8,6.889673782139032e-9,1.706738763745488e-9,1.6284945704793105e-9,4.1896746696338844e-10,1.7066972045087378e-9,7.029246872384523e-9,2.868344332109096e-8,1.1560343706409174e-7,4.570453225148228e-7,1.6697038111369775e-6,4.7412060139267465e-6,-0.9999923475559385,4.9519476416067774e-6,1.78579960631775e-6,4.924022560247032e-7,1.2513395236014443e-7,3.089463926311526e-8,7.541391307335443e-9,1.8633568082272086e-9,1.5887912455950604e-9
92.5,2.0161047952789852e-14,8.121989988921395e-14,3.3310887616578146e-13,1.3613735013414617e-12,5.5685563578863514e-12,2.342416827809688e-11,1.0982620787962088e-10,1.0530484627963173e-9,0.9999996312075151,7.593139598117153e-10,9.550115112954746e-11,2.0718894877703795e-11,4.954761005644652e-12,1.2054946668285736e-12,2.936018120468076e-13,7.273227002206545e-14,6.939795331211965e-14,1.7854197213909447e-14,7.273048813088168e-14,2.995496180742948e-13,1.2223379408347165e-12,4.92641241664306e-12,1.9476876640537243e-11,7.115402862413924e-11,2.0204542436568139e-10,-0.9999996312075151,2.1102625521473088e-10,7.610150442008755e-11,2.098363107978118e-11,5.33255950306545e-12,1.3165691262942097e-12,3.2137497597659174e-13,7.940659501203233e-14,6.770600046541006e-14
93.0,0.0,0.0,0.0,0.0,0.0,0.0,0.0,0.0,0.9999996312075151,0.0,0.0,0.0,0.0,0.0,0.0,0.0,0.0,0.0,0.0,0.0,0.0,0.0,0.0,0.0,0.0,-0.9999996312075151,0.0,0.0,0.0,0.0,0.0,0.0,0.0,0.0
