time_ns,Q_total,Q_electron,Q_hole,Q_no_trapping
0.0,0.0,2.9525176546004604e-11,-2.9525176546004604e-11,0.0
0.5,6.71477442511619e-5,3.361767727819769e-5,3.352984561643977e-5,6.714774186517537e-5
1.0,0.00013430376067262402,6.72574525803125e-5,6.704644422859989e-5,0.00013430375851173056
1.5,0.00020146345173844397,0.00010091271716679286,0.00010055124148124339,0.00020146345155836953
2.0,0.0002686333845389213,0.00013458568379254814,0.00013404718771424943,0.0002686333785964643
2.5,0.00033580568081662736,0.0001682785652124877,0.00016752690707792014,0.0003358056566866503
3.0,0.00040298835388483237,0.00020198914867170222,0.00020099925059189293,0.0004029883531645346
3.5,0.00047017561885165306,0.00023571743417019164,0.00023445831757640956,0.0004701756134494194
4.0,0.0005371010555601552,0.00026919641594889255,0.0002679048456164398,0.0005371010310700293
4.5,0.0006012305212164934,0.0002998895392967022,0.00030134104746689294,0.000601230494565474
5.0,0.0006653609772823368,0.0003305974143439077,0.0003347639727878899,0.0006653609261411914
5.5,0.0007295011123501642,0.000361322991430388,0.00036817878467421925,0.000729501084618698
6.0,0.0007936430481625468,0.00039206479538620375,0.000401578107276183,0.0007936429948605079
6.5,0.0008577897109293866,0.0004228228262113548,0.0004349671036885697,0.0008577896533055608
7.0,0.0009219461877540519,0.0004535985590757808,0.0004683472490813189,0.0009219461769495846
7.5,0.0009861043752860447,0.00048438978122457234,0.000501714117944612,0.0009861043601597905
8.0,0.0010502703060196246,0.0005151994429976086,0.000535070660618328,0.001050270288012179
8.5,0.0011144410087262756,0.0005460253316399801,0.0005684154019325274,0.00111444091796875
9.0,0.001178614952773126,0.0005768659719817476,0.0006017483418872102,0.0011786148670576851
9.5,0.0012427944791280972,0.0006077250519477596,0.0006350694804823764,0.0012427944402320147
10.0,0.001306976706599901,0.0006385959332732883,0.0006683810304729353,0.00130697668715186
10.5,0.0013711682079061642,0.0006694874669779711,0.0007016807791039775,0.0013711681538838274
11.0,0.001435367542451242,0.0007003937523820497,0.0007349738894702918,0.001435367457456099
11.5,0.0014995801124688003,0.0007313162646554635,0.000768263311911757,0.0014995800375578266
12.0,0.0015637997053901235,0.0007622557413831826,0.0008015438833335848,0.0015637996247167673
12.5,0.001628028121959767,0.0007932143953201161,0.0008348133909808657,0.0016280279706972244
13.0,0.0016922583392739656,0.0008241885385414152,0.0008680696220986906,0.001692258345036348
13.5,0.0017564948591941073,0.0008551766958771403,0.0009013177397818477,0.0017564948044514728
14.0,0.001820736241124548,0.0008861829240446252,0.0009345533185205183,0.0018207362425651434
14.5,0.0018849808643951877,0.0009172031663265361,0.0009677778334846422,0.0018849808154149357
15.0,0.0019492299895272154,0.0009482377915153578,0.001000992022259189,0.001949229813774547
15.5,0.0020134819958505315,0.0009792864308186056,0.001034195147259189,0.0020134819468702794
16.0,0.0020777412051520678,0.001010353509746098,0.001067387946069612,0.002077741087023225
16.5,0.0021420049163149925,0.0010414346027880165,0.0011005704186904579,0.002142004837082232
17.0,0.002206274029711582,0.0010725308163218156,0.0011337433027066965,0.0022062739346322695
17.5,0.0022705447637782717,0.0011036428879324651,0.0011669014350235395,0.0022705446917484894
18.0,0.0023348209000786267,0.0011347693424500255,0.0012000514539057146,0.00233482079635574
18.5,0.0023991051397294796,0.001165912392629406,0.0012331926217682525,0.0023991050143976587
19.0,0.0024633917203482542,0.001197072038470607,0.0012663197755163641,0.002463391629590729
19.5,0.0025276856840197055,0.001228245698426234,0.001299439553414778,0.002527685620633497
20.0,0.0025919836093291774,0.0012594352164587114,0.0013325482675386451,0.0025919834839973565
20.5,0.002656285496276671,0.0012906413301530088,0.001365644442718026,0.0026562854040785497
21.0,0.0027205953065002073,0.0013218655146790663,0.0013987295541228596,0.0027205952531981683
21.5,0.0027849139403720636,0.0013531074012443987,0.001431806552093026,0.002784913768941182
22.0,0.0028492431986367954,0.0013843721529437944,0.0014648710111187055,0.0028492429796662575
22.5,0.0029135787595074704,0.0014156523939275556,0.0014979258815397782,0.0029135786442598187
23.0,0.0029779290864834973,0.0014469562376303502,0.001530972638526183,0.002977928876156533
23.5,0.003042283735246457,0.0014782777833724197,0.0015640061189831317,0.0030422835335630664
24.0,0.0031066473877321915,0.0015096166623612792,0.0015970307484204427,0.003106647410781722
24.5,0.003171021484536347,0.0015409769313142626,0.0016300443140832071,0.0031710212453974697
25.0,0.0032354045850632772,0.0015723552710990058,0.001663049028726334,0.00323540429982534
25.5,0.003299797409610806,0.0016037561072253276,0.0016960412044249745,0.003299797311650302
26.0,0.003364194916094178,0.0016351713262585602,0.001729023053934038,0.003364194748985083
26.5,0.0034286021465981475,0.0016666049849160375,0.0017619975275934036,0.003428602143716956
27.0,0.0034930176605270707,0.0016980563456127898,0.0017949609374782222,0.003493017651883497
27.5,0.003556063167998438,0.0017281490747951917,0.001827914021173464,0.0035560630959686557
28.0,0.003618474453237482,0.0017576185446781221,0.0018608560410941588,0.003618474216979796
28.5,0.003680892941454746,0.0017871049790153578,0.0018937877348252767,0.0036808927138406345
29.0,0.0037433200732458756,0.0018166087465993836,0.0019267113151217267,0.00374332006172111
29.5,0.003805753327568492,0.00184612763467529,0.0019596253068135698,0.0038057533102813443
30.0,0.00386819054352913,0.001875661643243077,0.0019925282347308657,0.0038681902467664277
30.5,0.003930633521872345,0.0019052129850576538,0.0020254208364585847,0.003930633452723754
31.0,0.003993086584385068,0.001934782028911506,0.0020583045871666664,0.0039930862472856874
31.5,0.004055546489727101,0.001964368037219663,0.002091178011685171,0.004055546417697319
32.0,0.004118013958196266,0.0019939699036046706,0.0021240433227690076,0.004118013595166163
32.5,0.004180481786814341,0.0020235872592740435,0.002156893882153449,0.004180481510219977
33.0,0.004242960059750837,0.002053221948190207,0.0021897378032731617,0.004242959751463368
33.5,0.004305443734920997,0.0020828717575982507,0.0022225721357882677,0.004305443524594033
34.0,0.0043679367739628445,0.002112540006630539,0.002255396879698766,0.00436793651753682
34.5,0.004430433414493803,0.0021422222697772535,0.002288210559834718,0.004430433198404456
35.0,0.004492935457258426,0.0021719214973782734,0.0023210139137810923,0.004492935411159365
35.5,0.004555450105234935,0.0022016387958110526,0.002353810629462739,0.004555449794066277
36.0,0.004617967634402733,0.002231370845943228,0.0023865970189548085,0.004617967496105551
36.5,0.004680489485357463,0.002261116541397344,0.0024193730822573006,0.00468048925486216
37.0,0.004743018539290413,0.0022908795700982507,0.002452138819370216,0.004743018389468467
37.5,0.004805553715754852,0.0023206573504985528,0.002484896443048464,0.004805553424754532
38.0,0.0048680957350485995,0.002350451726560675,0.0025176437405371346,0.0048680954670978095
38.5,0.004930641715980368,0.0023802604855297084,0.002550380711836228,0.004930641566158422
39.0,0.004993191658550159,0.0024100821522357128,0.0025831088321156843,0.004993191353143882
39.5,0.005055751325140547,0.002439921889773477,0.002615829576545443,0.005055751097526435
40.0,0.0051183163939646,0.0024697749038406977,0.0026485414699555635,0.005118316005003776
40.5,0.0051843273675693845,0.002499645619947193,0.0026846816583052614,0.005184327278252455
41.0,0.005251108699694861,0.0025295344068854485,0.0027215741833241437,0.005251108590209592
41.5,0.005317896514500736,0.0025594412646554637,0.002758454906983509,0.005317896171638973
42.0,0.0053846933330293865,0.0025893691435971175,0.0027953238292833583,0.005384692972880476
42.5,0.005451494113196059,0.0026193147245780466,0.002832179475053751,0.005451493830839313
43.0,0.005518307858723528,0.002649280589145645,0.002869027007389476,0.005518307596535121
43.5,0.005585125565889019,0.002679263786960033,0.0029058612631957447,0.005585125418948263
44.0,0.0056519540775218395,0.002709266161983636,0.002942687405567346,0.005651953936343467
44.5,0.005718786550792682,0.0027392851326690586,0.002979501008994461,0.0057187861416635195
45.0,0.0057856247864461014,0.002769323280563696,0.0030163013358921196,0.005785624616455816
45.5,0.005852468424333186,0.0027993765489502144,0.0030530913366002012,0.0058524682543429005
46.0,0.005919318184751759,0.0028294478881684924,0.003089870273533736,0.005919317792909743
46.5,0.005986189914253903,0.002859535085463621,0.0031266543735620593,0.00598618945902568
47.0,0.006053068846734269,0.002889642566345418,0.003163425934645896,0.006053068500991314
47.5,0.006119955702490677,0.0029197695932289152,0.003200185694370216,0.006119955287599132
48.0,0.006186853362714416,0.0029499172724915665,0.003236935865489929,0.006186853137981495
48.5,0.006253759666512019,0.0029800863417183414,0.003273672760080186,0.006253759470591012
49.0,0.006320678215372599,0.0030102782760791794,0.0033104000660658353,0.0063206776045600455
49.5,0.00638760828899833,0.003040490494026687,0.003347117783446878,0.006387608277473565
50.0,0.0064532461483312875,0.0030694237396365815,0.003383822224298464,0.006453245963935045
50.5,0.006517770427231342,0.003097250238999308,0.0034205192893003522,0.006517769897092145
51.0,0.006582296146727041,0.003125089277306521,0.0034572060281126632,0.006582296043004154
51.5,0.006646826908307493,0.003152943436105615,0.0034938831783203673,0.006646826614425982
52.0,0.0067113598307814125,0.0031808112402266493,0.003530547789583585,0.006711359398602719
52.5,0.006775894193850975,0.003208693427254595,0.0035672005994872857,0.006775893657949396
53.0,0.006840435039600937,0.0032365899971894515,0.0036038445583713493,0.006840434555560801
53.5,0.0069049816477334755,0.0032645009500312187,0.003640479666235775,0.0069049813538519635
54.0,0.006969528255866013,0.0032924255481949273,0.0036771022351557146,0.006969528152143127
54.5,0.007034079906083306,0.0033203656356430014,0.0037137130027161376,0.007034079375944109
55.0,0.007098631556300599,0.003348317524450592,0.0037503134440869837,0.007098631337330061
55.5,0.007163192570389577,0.0033762867465049725,0.0037869057720231617,0.00716319214973565
56.0,0.007227752864180735,0.00340426776991887,0.003823484823429884,0.007227752224556269
56.5,0.007292320360950112,0.0034322661265795574,0.003860053548647029,0.007292319675226586
57.0,0.007356892899804245,0.0034602792349396404,0.003896612685259567,0.007356892288991692
57.5,0.007421471201040954,0.0034883096765465135,0.003933161495682527,0.007421470803436556
58.0,0.00748605886614935,0.0035163574514001767,0.003969700717500881,0.0074860581689010575
58.5,0.007550647251555567,0.003544418871575781,0.004006228137959718,0.007550647009535499
59.0,0.007615248602322581,0.0035724991001681145,0.004042748920153826,0.007615248389114426
59.5,0.007679853554578706,0.003600595186837299,0.004079258638573388,0.007679853456618203
60.0,0.007744464269217407,0.003628706025205879,0.004115757293218404,0.007744463687216767
60.5,0.007809083627429974,0.0036568353031987038,0.004152248572013721,0.0078090835064199395
61.0,0.007873710908918582,0.0036849826520232885,0.004188728049449521,0.00787371070147281
61.5,0.007938342512194123,0.003713144383754784,0.004225197938280714,0.007938342322035498
62.0,0.00800298275904353,0.003741324923903009,0.004261657500922331,0.008002982056032854
62.5,0.008067628768275511,0.003769519846958145,0.0042981082125443095,0.00806762842829494
63.0,0.008132281260187892,0.0037977332096375254,0.004334547860391742,0.008132280701236783
63.5,0.008196938794185028,0.0038259624303937567,0.004370975706879657,0.008196938137273414
64.0,0.008261604251458205,0.0038542089843967777,0.004407394702347935,0.008261603686744712
64.5,0.008326279792900891,0.003882471949665377,0.004443807059551485,0.00832627956240559
65.0,0.008390959656130511,0.003910753170161978,0.004480206140225579,0.008390959125991315
65.5,0.008455647442636173,0.003939050617527915,0.004516596369880035,0.008455646803011706
66.0,0.008520345313311344,0.0039673652137443985,0.004552979223684793,0.008520344806221677
66.5,0.008585049666666912,0.003995697512000158,0.004589351751299975,0.008585049447696374
67.0,0.008649759062107236,0.0040240449307477975,0.004625713952725579,0.008649758514680892
67.5,0.008714474219930136,0.004052410604723439,0.0046620636152066965,0.008714473482345166
68.0,0.008779199461922545,0.004080793796342114,0.004698405164253147,0.008779198776199018
68.5,0.00884392686480842,0.004109192846037639,0.00473473417435511,0.00884392628280778
69.0,0.008908662190970338,0.004137607938206256,0.004771054333437437,0.008908661902851209
69.5,0.008973401118621365,0.004166040916810392,0.0048073597408203675,0.008973400473234517
70.0,0.00903814941014408,0.004194490306680104,0.0048436585099385695,0.009038148632222432
70.5,0.009102909226431947,0.004222961086513942,0.004879946952867195,0.009102908592569865
71.0,0.009167665441230705,0.004251442008141113,0.004916222856851334,0.009167664864992446
71.5,0.009232435341688081,0.004279946532487318,0.004952488434645896,0.009232435151529456
72.0,0.009297208123336747,0.004308464702155464,0.0049887429486659115,0.009297207650821374
72.5,0.009361988828261452,0.004337002786617794,0.0050249856613264095,0.009361988263547961
73.0,0.009426774575270915,0.00436555414760958,0.00506122026055224,0.009426774039369335
73.5,0.009491571126747707,0.004394125792188035,0.005097445271173464,0.009491570878965256
74.0,0.009556369839117966,0.004422713663635826,0.005133656267680261,0.009556369193731118
74.5,0.009621179355955555,0.004451318499537922,0.005169860625922331,0.009621178572271526
75.0,0.009685994635175723,0.004479942881441717,0.005206050970049975,0.009685993851491692
75.5,0.009750814956480643,0.004508581277459939,0.005242233200742951,0.009750814293806646
76.0,0.009815646802550716,0.004537239772668586,0.005278406580416289,0.009815646537481118
76.5,0.00988048945308812,0.004565914863539055,0.005314574059409868,0.009880489107345167
77.0,0.00994533714571028,0.004594605996882616,0.0053507312122138715,0.009945336840304003
77.5,0.010010201405182346,0.004623317782605331,0.005386883201923086,0.010010200800132174
78.0,0.010075066384952234,0.004652043213649988,0.005423022652687815,0.010075066235130287
78.5,0.01013994865186985,0.004680788375092586,0.005459159153112663,0.010139947896997735
79.0,0.010204836681170046,0.004709550316593247,0.005495286064932905,0.01020483619712991
79.5,0.01026974199761797,0.004738332910473062,0.005531408551243328,0.01026974146171639
80.0,0.010334648754661536,0.004767128780882333,0.005567519236194234,0.010334648201472809
80.5,0.010399567756768079,0.004795944566085788,0.005603622545295442,0.010399567480173715
81.0,0.010464501164831063,0.004824780819272155,0.005639719953716893,0.010464500772989048
81.5,0.010529441055574447,0.004853630533384221,0.005675809986288645,0.01052944070406911
82.0,0.010594391030487336,0.004882500715479198,0.00571188969267082,0.010594390223753776
82.5,0.010659350369271915,0.004911387493235996,0.005747963498373238,0.010659350069628022
83.0,0.010724324834310756,0.004940294554579463,0.005784029928225957,0.010724324667201662
83.5,0.010789310103816929,0.004969218764773477,0.005820090457398917,0.01078930959096488
84.0,0.010854299695110033,0.004998159939421797,0.005856139185212361,0.010854298940237915
84.5,0.010919308014146511,0.0050271210288643006,0.005892184962685927,0.010919307466720166
85.0,0.0109843199346721,0.0050560994515535945,0.0059282204139699144,0.010984319681127265
85.5,0.011048879508165434,0.005084630897751196,0.005964248489404204,0.011048879018362915
86.0,0.011111443856691666,0.005111173814870249,0.006000269188988796,0.011111443188255287
86.5,0.01117779409057064,0.0051377351716135455,0.006040057472599068,0.011177793381797583
87.0,0.011244392106900402,0.005164315336773572,0.006080075882719914,0.011244391403889728
87.5,0.011310994445017097,0.005190910806821721,0.0061200824914812435,0.011310993851491691
88.0,0.01137760326581419,0.005217522134946721,0.006160080249222935,0.011377602937358384
88.5,0.011444220730185148,0.005244148952356087,0.006200070631114929,0.011444220136659744
89.0,0.011510845397534327,0.005270797344125819,0.006240047736477467,0.0115108447118108
89.5,0.011577480869350837,0.005297461593972401,0.006280018941160246,0.011577480350736405
90.0,0.011644119942656456,0.005324141148707107,0.006319978344483509,0.011644119677586858
90.5,0.011710761897153364,0.005350836192726177,0.006359925946447255,0.011710761217192221
91.0,0.011777414656117603,0.0053775502295582206,0.006399863222221425,0.01177741382057213
91.5,0.011844080380442639,0.005404283443599478,0.006439797547655715,0.011844079700481496
92.0,0.01191075114685243,0.005431031778132616,0.006479718596560548,0.01191075074348565
92.5,0.011977426955346974,0.005457795694148241,0.006519630794445745,0.011977426211999622
93.0,0.012044112848011029,0.00548458173771296,0.006559531190971425,0.012044112006703172
93.5,0.012110803782759836,0.005511380504618408,0.006599422736477467,0.01211080296450151
94.0,0.012177507682869442,0.005538197987742463,0.006639308381303751,0.012177506461244336
94.5,0.012244215904765978,0.005565034094887006,0.006679182224770519,0.012244215858666918
95.0,0.012310929889045093,0.005591886152306521,0.006719042791707829,0.01231092894401435
95.5,0.012377658279280649,0.005618757294737129,0.006758900408305261,0.012377658256231118
96.0,0.012444393872494424,0.00564564678459386,0.006798747698713117,0.012444393469127643
96.5,0.012511135228090777,0.005672552593518049,0.006838581712591515,0.012511134582703927
97.0,0.012577885227260993,0.005699474168320966,0.006878409825790156,0.012577884547299849
97.5,0.012644645310600718,0.005726414643738734,0.0069182290879691586,0.012644644838085348
98.0,0.012711327601775662,0.005753290303877282,0.0069580365487886455,0.012711326944864048
98.5,0.0127779378631684,0.005780099028179822,0.006997838108928373,0.01277793676831571
99.0,0.012844553886943713,0.005806923333964848,0.007037630818048464,0.01284455396761707
99.5,0.012911179994888536,0.0058337666325628465,0.007077413200978978,0.012911180017938067
100.0,0.012977814746407223,0.0058606251438508465,0.007117188208059793,0.012977813444108761
100.5,0.013044462463286707,0.005887505690489819,0.007156955839290911,0.013044461621978852
101.0,0.013111110180166193,0.005914398776073279,0.0071967116691625125,0.013111109799848943
101.5,0.013177778065384695,0.005941313989205832,0.0072364630735242946,0.013177777154928247
102.0,0.013244441628816264,0.005968244230632144,0.007276196775846802,0.013244441559667674
102.5,0.01331112103879992,0.005995193649267671,0.007315927527829431,0.013311120716106496
103.0,0.013377810532953083,0.006022158833781927,0.007355650903962362,0.013377810198734894
103.5,0.013444507230084468,0.00604914264231667,0.007395363953905715,0.013444507057212991
104.0,0.013511212570789717,0.006076144613881294,0.007435066677659491,0.013511211291540785
104.5,0.013577930876855764,0.006103166039249497,0.007474763500733509,0.013577930277567976
105.0,0.013644654945304386,0.006130202677307701,0.00751445147278789,0.013644653689104985
105.5,0.013711396300900739,0.006157261304617817,0.0075541350193324515,0.013711396277851208
106.0,0.01377813765649709,0.006184335144617935,0.007593802339007678,0.013778137391427492
106.5,0.013844896299241172,0.006211431066068087,0.007633465233173087,0.013844896207043052
107.0,0.013911662144963475,0.006238542569000724,0.007673117801148917,0.013911660923338369
107.5,0.01397843951545093,0.006265672880350091,0.007712765943614929,0.013978438916163141
108.0,0.014045226970107894,0.0062928214008284005,0.007752403759891364,0.014045225760007553
108.5,0.01411201874655179,0.006319985917680742,0.007792032725148162,0.014112018504531722
109.0,0.014178823488356484,0.006347168828058267,0.00783165431455526,0.014178823050415408
109.5,0.014245645517308907,0.006374373681588644,0.007871271478452542,0.014245645298338369
110.0,0.01431246754626133,0.006401593701709962,0.007910873890650427,0.01431246754626133
110.5,0.014379302540574549,0.006428832714644252,0.007950468926998615,0.014379301595543806
111.0,0.014446153381439855,0.0064560903054999685,0.007990062488176863,0.014446153346865559
111.5,0.014513009984687736,0.006483369609013233,0.008029639822485776,0.01451300952369713
112.0,0.014579875231509483,0.006510660990480379,0.008069214206454808,0.014579874551548338
112.5,0.014646757765478958,0.006537974545595678,0.008108782689744083,0.014646757281438822
113.0,0.014713664789574385,0.006565306471186631,0.008148357073713116,0.014713663614048338
113.5,0.014780586219626251,0.006592656721154177,0.00818792998251221,0.014780586173527191
114.0,0.014847516293251983,0.006620022875297634,0.008227492565121727,0.01484751610885574
114.5,0.014914456451047223,0.006647410626850988,0.008267046296711607,0.014914456370373867
115.0,0.014981400930629395,0.006674804693975646,0.008306595602791665,0.014981399582231873
115.5,0.015048345410211569,0.0067022076121199415,0.00834613605785209,0.01504834426925982
116.0,0.01511529277098503,0.006729620257166026,0.008385672087402693,0.015115291906627644
116.5,0.015182238691162846,0.0067570422487966495,0.008425196315593781,0.01518223806882553
117.0,0.015249191814318885,0.006784476560401221,0.00846471464310511,0.015249191606873111
117.5,0.015316144937474923,0.006811916692012195,0.008504227069936681,0.015316143669750756
118.0,0.01538309806063096,0.006839366435277307,0.008543730645748615,0.015383097207798338
118.5,0.015450052624382642,0.006866825455978366,0.008583226845710851,0.01545005222101586
119.0,0.0155170129505169,0.006894293794452052,0.008622717144993328,0.015517011659743202
119.5,0.015583976157842445,0.0069217745485192226,0.008662201543596046,0.015583975523980362
120.0,0.01562645500160056,0.006924779694641693,0.00870167414083925,0.015626454517560423
120.5,0.015665925881653754,0.0069247803767211735,0.008741145262912512,0.015665925639633687
121.0,0.015705388118133084,0.0069247803767211735,0.008780607533966138,0.01570538791068731
121.5,0.015744837389251618,0.0069247803767211735,0.008820056528490307,0.01574483690521148
122.0,0.015784288100965795,0.0069247803767211735,0.008859506998184415,0.01578428737490559
122.5,0.015823730169106105,0.0069247803767211735,0.008898948616858887,0.01582372899358006
123.0,0.015863165034268198,0.0069247803767211735,0.0089383843348536,0.015863164711574774
123.5,0.01590258981526078,0.0069247803767211735,0.008977808251488797,0.01590258862820997
124.0,0.015942008833870785,0.0069247803767211735,0.009017227742614174,0.015942008119335348
124.5,0.01598141920890693,0.0069247803767211735,0.009056638382719914,0.015981418759441087
125.0,0.016020828143347425,0.0069247803767211735,0.009096047547655715,0.01602082792437689
125.5,0.016061908168735102,0.0069247803767211735,0.009137126604963117,0.01606190698168429
126.0,0.016105079938998033,0.0069247803767211735,0.009180298928414777,0.016105079305135953
126.5,0.016148243065687105,0.0069247803767211735,0.009223462400846802,0.016148242777567975
127.0,0.01619139466761102,0.0069247803767211735,0.00926661407191931,0.016191394448640484
127.5,0.016234549150726228,0.0069247803767211735,0.009309768693331697,0.01623454907005287
128.0,0.01627768922788499,0.0069247803767211735,0.009352908563044687,0.01627768893976586
128.5,0.016320822102065532,0.0069247803767211735,0.009396041056907981,0.016320821433629153
129.0,0.01636394633267221,0.0069247803767211735,0.009439164699751637,0.01636394507647281
129.5,0.016407064800896314,0.0069247803767211735,0.009482283917085473,0.016407064293806648
130.0,0.01645017462554655,0.0069247803767211735,0.009525392808229732,0.016450173184950907
130.5,0.016493277247218566,0.0069247803767211735,0.009568495798694234,0.01649327617541541
131.0,0.016536374106508007,0.0069247803767211735,0.009611592888478978,0.01653637326520015
131.5,0.016579460881627938,0.0069247803767211735,0.009654679652074144,0.016579460028795318
132.0,0.01662254045376965,0.0069247803767211735,0.009697759039819611,0.016622539416540787
132.5,0.016665615704124427,0.0069247803767211735,0.00974083400205526,0.016665614378776436
133.0,0.01670867798911841,0.0069247803767211735,0.009783897162931394,0.016708677539652567
133.5,0.016751727308751595,0.0069247803767211735,0.009826945572108132,0.016751725948829305
134.0,0.0167947708660022,0.0069247803767211735,0.00986998955577505,0.016794769932496224
134.5,0.016837805779678944,0.0069247803767211735,0.00991302468842233,0.016837805065143506
135.0,0.016880829168590534,0.0069247803767211735,0.009956048019710095,0.01688082839643127
135.5,0.016923842473332614,0.0069247803767211735,0.009999061024808282,0.016923841401529457
136.0,0.016966844253309545,0.0069247803767211735,0.010042063703716892,0.016966844080438068
136.5,0.017009844592690827,0.0069247803767211735,0.010085063432285624,0.0170098438090068
137.0,0.017052829085520027,0.0069247803767211735,0.010128048409154959,0.017052828785876134
137.5,0.01709580205358407,0.0069247803767211735,0.010171021584664779,0.01709580196138595
138.0,0.017138773581052476,0.0069247803767211735,0.010213991809834717,0.017138772186555892
138.5,0.01718173214316008,0.0069247803767211735,0.01025695023364514,0.017181730610366316
139.0,0.017224677739906886,0.0069247803767211735,0.010299896856096048,0.01722467723281722
139.5,0.017267616133675473,0.0069247803767211735,0.010342834627527315,0.01726761500424849
140.0,0.017310545883870196,0.0069247803767211735,0.010385765023108886,0.01731054539983006
140.5,0.017353468431086698,0.0069247803767211735,0.01042868656767082,0.017353466944391993
141.0,0.017396382334729336,0.0069247803767211735,0.010471600736383056,0.01739638111310423
141.5,0.01743928471360682,0.0069247803767211735,0.010514503103735775,0.01743928348045695
142.0,0.017482177008314795,0.0069247803767211735,0.010557395144898916,0.01748217552162009
142.5,0.017525063540640193,0.0069247803767211735,0.01060028276055224,0.017525063137273415
143.0,0.017567935667009153,0.0069247803767211735,0.010643154149336228,0.017567934526057403
143.5,0.017610806352782466,0.0069247803767211735,0.010686025538120217,0.01761080591484139
144.0,0.01765366407319498,0.0069247803767211735,0.010728882175204808,0.01765366255192598
144.5,0.017696517471820567,0.0069247803767211735,0.010771735861949521,0.017696516238670693
145.0,0.017739365108063575,0.0069247803767211735,0.010814583648014476,0.017739364024735648
145.5,0.01778220842251965,0.0069247803767211735,0.010857427008569611,0.017782207385290787
146.0,0.017825048855784436,0.0069247803767211735,0.01090026741878487,0.017825047795506043
146.5,0.01786788496726229,0.0069247803767211735,0.010943103403490306,0.01786788378021148
147.0,0.017910716756953212,0.0069247803767211735,0.010985934962685927,0.0179107153394071
147.5,0.017953544224857204,0.0069247803767211735,0.011028763571541667,0.01795354394826284
148.0,0.017996368811569904,0.0069247803767211735,0.011071587754887587,0.01799636813160876
148.5,0.018039190517091318,0.0069247803767211735,0.01111440898789363,0.018039189364614804
149.0,0.018082003579038868,0.0069247803767211735,0.011157222845049974,0.01808200322177115
149.5,0.01812481375979513,0.0069247803767211735,0.0112000322766965,0.018124812653417675
150.0,0.018167623940551388,0.0069247803767211735,0.011242843183512966,0.018167623560234138
150.5,0.018210429799520717,0.0069247803767211735,0.011285648189649673,0.018210428566370847
151.0,0.01825323133670311,0.0069247803767211735,0.0113284502454465,0.018253230622167674
151.5,0.01829602999269422,0.0069247803767211735,0.011371249350903449,0.018296029727624622
152.0,0.018338824326898397,0.0069247803767211735,0.01141404255568064,0.018338822932401813
152.5,0.018381615779911282,0.0069247803767211735,0.01145683428528789,0.018381614662009063
153.0,0.018424401470541595,0.0069247803767211735,0.011499620114215382,0.018424400490936556
153.5,0.01846718572057626,0.0069247803767211735,0.011542404467972936,0.018467184844694107
154.0,0.018509967089419637,0.0069247803767211735,0.011585185871390609,0.018509966248111784
154.5,0.018552747017667372,0.0069247803767211735,0.011627965799638344,0.018552746176359516
155.0,0.018595519742936887,0.0069247803767211735,0.01167073835203638,0.018595518728757553
155.5,0.018638283824632534,0.0069247803767211735,0.011713502053414778,0.01863828243013595
156.0,0.01868105654990205,0.0069247803767211735,0.011756274605812814,0.018681054982533987
156.5,0.018723819191002054,0.0069247803767211735,0.011799038307191213,0.018723818683912388
157.0,0.01876657895091077,0.0069247803767211735,0.011841797583059793,0.018766577959780966
157.5,0.01880934015141513,0.0069247803767211735,0.011884558334098313,0.018809338710819485
158.0,0.018852091267749983,0.0069247803767211735,0.011927310234117194,0.018852090610838368
158.5,0.018894846705871767,0.0069247803767211735,0.011970065084475956,0.01889484546119713
159.0,0.018937593500419687,0.0069247803767211735,0.01201281255898502,0.018937592935706193
159.5,0.018980343176158893,0.0069247803767211735,0.012055561508664023,0.018980341885385197
160.0,0.019023082767728593,0.0069247803767211735,0.012098301607323388,0.019023081984044562
160.5,0.019065823799893935,0.0069247803767211735,0.012141043181152694,0.019065823557873868
161.0,0.01910856195086799,0.0069247803767211735,0.01218378032947218,0.019108560706193354
161.5,0.019151301542437688,0.0069247803767211735,0.012226520428131545,0.01915130080485272
162.0,0.019194031049837877,0.0069247803767211735,0.012269250200601335,0.019194030577322507
162.5,0.019236764879025002,0.0069247803767211735,0.012311982923411001,0.019236763300132177
163.0,0.019279488624042614,0.0069247803767211735,0.012354706795201032,0.019279487171922207
163.5,0.019322208047273297,0.0069247803767211735,0.012397426241481243,0.019322206618202418
164.0,0.019364927470503977,0.0069247803767211735,0.012440145687761455,0.01936492606448263
164.5,0.019407638250160793,0.0069247803767211735,0.012482856283022028,0.019407636659743203
165.0,0.01945034902981761,0.0069247803767211735,0.012525568353452542,0.019450348730173716
165.5,0.019493059809474425,0.0069247803767211735,0.012568278948713117,0.01949305932543429
166.0,0.01953583685653087,0.0069247803767211735,0.012611055926620972,0.019535836303342144
166.5,0.01957948978573894,0.0069247803767211735,0.012654709155472935,0.01957948953219411
167.0,0.019626549723645352,0.0069247803767211735,0.012701768551715382,0.019626548928436557
167.5,0.019673618305125627,0.0069247803767211735,0.012748836798977467,0.01967361717569864
168.0,0.01972067968362768,0.0069247803767211735,0.012795897670389854,0.01972067804711103
168.5,0.019767738180938445,0.0069247803767211735,0.0128429570666323,0.019767737443353476
169.0,0.01981479667824921,0.0069247803767211735,0.012890014987704809,0.019814795364425982
169.5,0.019861847972581753,0.0069247803767211735,0.012937067008097557,0.01986184738481873
170.0,0.01990889206393608,0.0069247803767211735,0.01298411017747067,0.019908890554191844
170.5,0.019955936155290403,0.0069247803767211735,0.01303115482201372,0.019955935198734894
171.0,0.020002980246644726,0.0069247803767211735,0.013078199466556773,0.020002979843277945
171.5,0.020050014253829542,0.0069247803767211735,0.013125232309740307,0.02005001268646148
172.0,0.020097051142205644,0.0069247803767211735,0.01317226957843366,0.020097049955154832
172.5,0.02014407794641224,0.0069247803767211735,0.013219296520937437,0.02014407689765861
173.0,0.02019110763181012,0.0069247803767211735,0.013266326413781093,0.020191106790502265
173.5,0.02023812867363414,0.0069247803767211735,0.01331334745560511,0.020238127832326282
174.0,0.020285152596649446,0.0069247803767211735,0.013360371447769007,0.020285151824490182
174.5,0.020332169316686532,0.0069247803767211735,0.013407388064083207,0.02033216844080438
175.0,0.020379181714936686,0.0069247803767211735,0.013454400254887589,0.020379180631608762
175.5,0.02042619411318684,0.0069247803767211735,0.013501412445691969,0.02042619282241314
176.0,0.020473206511436994,0.0069247803767211735,0.013548424636496349,0.020473205013217522
176.5,0.020520207384921992,0.0069247803767211735,0.013595426501111153,0.020520206877832327
177.0,0.02056720681781135,0.0069247803767211735,0.013642425415386078,0.02056720579210725
177.5,0.020614209131891995,0.0069247803767211735,0.01368942728000088,0.020614207656722054
178.0,0.02066120568359006,0.0069247803767211735,0.013736424719105866,0.02066120509582704
178.5,0.020708199354096842,0.0069247803767211735,0.013783417732701033,0.020708198109422205
179.0,0.020755193024603623,0.0069247803767211735,0.013830412221466137,0.02075519259818731
179.5,0.02080218237332347,0.0069247803767211735,0.013877400809551485,0.02080218118627266
180.0,0.02084916595966074,0.0069247803767211735,0.013924384972127014,0.020849165348848186
180.5,0.020896148105402367,0.0069247803767211735,0.013971366184362663,0.020896146561083837
181.0,0.020943127369952706,0.0069247803767211735,0.014018345921428373,0.020943126298149546
181.5,0.020990108075098688,0.0069247803767211735,0.014065327133664023,0.020990107510385197
182.0,0.021037085899053384,0.0069247803767211735,0.014112303920389854,0.021037084297111028
182.5,0.021084056520029856,0.0069247803767211735,0.014159274806435926,0.021084055183157098
183.0,0.021131028581601975,0.0069247803767211735,0.014206247167651937,0.021131027544373113
183.5,0.021178000643174093,0.0069247803767211735,0.01425321952886795,0.021177999905589124
184.0,0.02122497270474621,0.0069247803767211735,0.014300191890083962,0.021224972266805135
184.5,0.02127193468214882,0.0069247803767211735,0.014347153925110398,0.02127193430183157
185.0,0.02131889954074272,0.0069247803767211735,0.014394117435306773,0.021318897812027945
185.5,0.021365860077549682,0.0069247803767211735,0.014441077995163268,0.02136585837188444
186.0,0.021412822054952294,0.0069247803767211735,0.014488040030189702,0.021412820406910876
186.5,0.021459781151163614,0.0069247803767211735,0.014534999114876258,0.02145977949159743
187.0,0.02150673880677929,0.0069247803767211735,0.014581956724392876,0.02150673710111405
187.5,0.021553689259416746,0.0069247803767211735,0.014628908433229733,0.021553688809950906
188.0,0.02160064835562807,0.0069247803767211735,0.014675867517916288,0.021600647894637462
188.5,0.021647603130052456,0.0069247803767211735,0.014722822177093026,0.021647602553814198
189.0,0.021694553582689912,0.0069247803767211735,0.014769772410759944,0.021694552787481117
189.5,0.02174150403532737,0.0069247803767211735,0.014816722644426863,0.021741503021148037
190.0,0.021788451606773538,0.0069247803767211735,0.014863669927753903,0.021788450304475074
190.5,0.021835399178219705,0.0069247803767211735,0.014910617211080942,0.021835397587802115
191.0,0.021882346749665875,0.0069247803767211735,0.01495756596957792,0.021882346346299094
191.5,0.02192929432111204,0.0069247803767211735,0.01500451325290496,0.02192929362962613
192.0,0.021976237570771277,0.0069247803767211735,0.01505145611072218,0.021976236487443353
192.5,0.022023180820430515,0.0069247803767211735,0.0150983989685394,0.022023179345260574
193.0,0.022070119748302818,0.0069247803767211735,0.015145338876016741,0.022070119252737917
193.5,0.02211706155736641,0.0069247803767211735,0.015192280258664023,0.022117060635385197
194.0,0.022164000485238713,0.0069247803767211735,0.015239218690971425,0.022163999067692598
194.5,0.02221094085370666,0.0069247803767211735,0.015286160073618705,0.02221094045033988
195.0,0.02225788266277025,0.0069247803767211735,0.015333101456265987,0.02225788183298716
195.5,0.022304824471833844,0.0069247803767211735,0.015380042838913267,0.022304823215634442
196.0,0.02235175763732357,0.0069247803767211735,0.01542697684571085,0.022351757222432024
196.5,0.022398698005791518,0.0069247803767211735,0.015473916753188191,0.022398697129909367
197.0,0.02244563693366382,0.0069247803767211735,0.015520855185495595,0.022445635562216768
197.5,0.022492570099153546,0.0069247803767211735,0.015567789192293176,0.02249256956901435
198.0,0.022539506145834564,0.0069247803767211735,0.0156147246742607,0.022539505050981873
198.5,0.022586440751919935,0.0069247803767211735,0.01566165868105828,0.022586439057779455
199.0,0.02263337679860095,0.0069247803767211735,0.015708595638195745,0.02263337601491692
199.5,0.022680309964090675,0.0069247803767211735,0.01575552816982339,0.022680308546544563
200.0,0.022727244570176046,0.0069247803767211735,0.015802463651790912,0.022727244028512086
200.5,0.022774182057452706,0.0069247803767211735,0.015849400608928373,0.022774180985649546
201.0,0.022821116663538078,0.0069247803767211735,0.015896334615725958,0.02282111499244713
201.5,0.022868049829027803,0.0069247803767211735,0.01594326862252354,0.022868048999244713
202.0,0.022914991638091395,0.0069247803767211735,0.01599021000517082,0.022914990381891993
202.5,0.022961923362985477,0.0069247803767211735,0.016037142536798464,0.022961922913519638
203.0,0.02300886517204907,0.0069247803767211735,0.016084083919445744,0.023008864296166918
203.5,0.02305580554051702,0.0069247803767211735,0.016131023826923087,0.02305580420364426
204.0,0.023102741587198033,0.0069247803767211735,0.016177960784060547,0.02310274116078172
204.5,0.023149680515070336,0.0069247803767211735,0.01622489921636795,0.023149679593089122
205.0,0.023196618002346996,0.0069247803767211735,0.016271836173505413,0.023196616550226586
205.5,0.023243555489623653,0.0069247803767211735,0.016318774605812814,0.023243554982533988
206.0,0.02329049873928289,0.0069247803767211735,0.016365717463630036,0.02329049784035121
206.5,0.02333744054834648,0.0069247803767211735,0.016412658846277316,0.02333743922299849
207.0,0.02338438091681443,0.0069247803767211735,0.01645959875375466,0.023384379130475832
207.5,0.023431329928856243,0.0069247803767211735,0.016506548987421574,0.023431329364142748
208.0,0.023478268856728546,0.0069247803767211735,0.016553487419728976,0.02347826779645015
208.5,0.023525213546983424,0.0069247803767211735,0.016600431752716138,0.023525212129437312
209.0,0.023572161118429594,0.0069247803767211735,0.016647379036043176,0.02357215941276435
209.5,0.023619107249280118,0.0069247803767211735,0.016694326319370217,0.02361910669609139
210.0,0.023666060583108862,0.0069247803767211735,0.016741279503377015,0.02366605988009819
210.5,0.02371300815455503,0.0069247803767211735,0.016788226786704052,0.023713007163425226
211.0,0.023759964369575063,0.0069247803767211735,0.01683518292105073,0.023759963297771903
211.5,0.02380691482221252,0.0069247803767211735,0.01688213315471765,0.023806913531438822
212.0,0.023853868156041264,0.0069247803767211735,0.016929086338724447,0.02385386671544562
212.5,0.023900827252252583,0.0069247803767211735,0.016976045423411003,0.023900825800132176
213.0,0.023947780586081328,0.0069247803767211735,0.017022998607417798,0.02394777898413897
213.5,0.02399474256348394,0.0069247803767211735,0.017069960642444235,0.02399474101916541
214.0,0.02404170165969526,0.0069247803767211735,0.01711691972713079,0.024041700103851964
214.5,0.024088662196502224,0.0069247803767211735,0.017163880286987284,0.024088660663708458
215.0,0.024135624173904833,0.0069247803767211735,0.017210842322013722,0.024135622698734895
215.5,0.024182587591903087,0.0069247803767211735,0.017257807307380035,0.024182587684101208
216.0,0.024229553891092628,0.0069247803767211735,0.01730477376791629,0.024229554144637462
216.5,0.024276525952664746,0.0069247803767211735,0.01735174317879242,0.024276523555513595
217.0,0.024323498014236864,0.0069247803767211735,0.017398715540008432,0.024323495916729606
217.5,0.024370464313426408,0.0069247803767211735,0.017445683475714627,0.0243704638524358
218.0,0.0244174421373811,0.0069247803767211735,0.01749266026244046,0.024417440639161632
218.5,0.024464440129674813,0.0069247803767211735,0.01753965917671538,0.024464439553436555
219.0,0.02451329649034944,0.0069247803767211735,0.017588513854774293,0.024513294231495467
219.5,0.024563996813448535,0.0069247803767211735,0.01763921544559756,0.024563995822318732
220.0,0.024614702898930207,0.0069247803767211735,0.0176899199867607,0.024614700363481873
220.5,0.024665406103220593,0.0069247803767211735,0.01774062452792384,0.024665404904645014
221.0,0.02471611795108484,0.0069247803767211735,0.01779133496976674,0.024716115346487915
221.5,0.024766829798949088,0.0069247803767211735,0.01784204836194952,0.024766828738670695
222.0,0.024817541646813338,0.0069247803767211735,0.017892758803792423,0.024817539180513597
222.5,0.02486826213825145,0.0069247803767211735,0.01794348104699484,0.024868261423716013
223.0,0.024918979748498278,0.0069247803767211735,0.017994197389517498,0.02491897776623867
223.5,0.02496970312112768,0.0069247803767211735,0.018044922583059793,0.024969702959780966
224.0,0.025020432256139657,0.0069247803767211735,0.01809565072694197,0.025020431103663143
224.5,0.025071164272342922,0.0069247803767211735,0.018146381821164022,0.025071162197885195
225.0,0.025121899169737477,0.0069247803767211735,0.018197118816065835,0.025121899192787008
225.5,0.025172634067132035,0.0069247803767211735,0.01824785286062777,0.025172633237348942
226.0,0.025223374726909165,0.0069247803767211735,0.01829859280586946,0.025223373182590634
226.5,0.025274121149068872,0.0069247803767211735,0.018349338651790913,0.025274119028512086
227.0,0.025324870452419868,0.0069247803767211735,0.01840008744805224,0.025324867824773414
227.5,0.025375622636962154,0.0069247803767211735,0.01845084214499333,0.025375622521714502
228.0,0.02542637482150444,0.0069247803767211735,0.018501593891594538,0.02542637426831571
228.5,0.025477135649620588,0.0069247803767211735,0.018552354489215384,0.025477134865936557
229.0,0.02552790224011931,0.0069247803767211735,0.018603120987515986,0.02552790136423716
229.5,0.02557866594942675,0.0069247803767211735,0.01865388453547671,0.025578664912197884
230.0,0.02562944118349934,0.0069247803767211735,0.018704659884796953,0.025629440261518126
230.5,0.02568021641757193,0.0069247803767211735,0.018755435234117195,0.02568021561083837
231.0,0.025730994532835807,0.0069247803767211735,0.018806213533777316,0.02573099391049849
231.5,0.02578178129167355,0.0069247803767211735,0.018857000684457073,0.025781781061178247
232.0,0.025832565169320004,0.0069247803767211735,0.018907784884796955,0.02583256526151813
232.5,0.0258833634529229,0.0069247803767211735,0.018958580886496348,0.02588336126321752
233.0,0.02593415597414322,0.0069247803767211735,0.019009373937855865,0.02593415431457704
233.5,0.025984960020128695,0.0069247803767211735,0.019060178790574898,0.02598495916729607
234.0,0.026035766947305455,0.0069247803767211735,0.019110986593633812,0.026035766970354986
234.5,0.02608658251805608,0.0069247803767211735,0.01916180029737248,0.026086580674093654
235.0,0.026137398088806704,0.0069247803767211735,0.01921261695145103,0.026137397328172204
235.5,0.026188222303131194,0.0069247803767211735,0.01926343950620934,0.026188219882930512
236.0,0.026239052279838262,0.0069247803767211735,0.019314270911987286,0.02623905128870846
236.5,0.026289885137736616,0.0069247803767211735,0.019365102317765233,0.026289882694486406
237.0,0.026340717995634973,0.0069247803767211735,0.019415936673883055,0.02634071705060423
237.5,0.02639156237829848,0.0069247803767211735,0.019466779881020517,0.02639156025774169
238.0,0.026442412523344564,0.0069247803767211735,0.019517631939177618,0.02644241231589879
238.5,0.026493268430773226,0.0069247803767211735,0.019568486947674598,0.02649326732439577
239.0,0.026544124338201885,0.0069247803767211735,0.019619341956171574,0.026544122332892748
239.5,0.02659499465158699,0.0069247803767211735,0.01967021171636795,0.026594992093089125
240.0,0.026645856321398226,0.0069247803767211735,0.019721075575884567,0.02664585595260574
240.5,0.02669673815954848,0.0069247803767211735,0.019771957137440458,0.02669673751416163
241.0,0.026747622878890022,0.0069247803767211735,0.019822841649336228,0.0267476220260574
241.5,0.026798510479422853,0.0069247803767211735,0.019873729111571876,0.02679850948829305
242.0,0.02684940672352955,0.0069247803767211735,0.019924625424827164,0.026849405801548338
242.5,0.026900302967636246,0.0069247803767211735,0.019975521738082452,0.026900302114803626
243.0,0.026951216498890672,0.0069247803767211735,0.020026435753377012,0.026951216130098186
243.5,0.027002135792527675,0.0069247803767211735,0.020077352719011454,0.027002133095732628
244.0,0.027053055086164676,0.0069247803767211735,0.020128272634985775,0.02705305301170695
244.5,0.027103980142184254,0.0069247803767211735,0.020179198451639853,0.027103978828361026
245.0,0.0271549138417777,0.0069247803767211735,0.02023013311931357,0.027154913496034744
245.5,0.027205861947327582,0.0069247803767211735,0.020281079588346802,0.027205859965067976
246.0,0.027256801409303602,0.0069247803767211735,0.020332020156700277,0.02725680053342145
246.5,0.027307761039618638,0.0069247803767211735,0.020382978427093027,0.0273077588038142
247.0,0.02735872931350754,0.0069247803767211735,0.020433948498845292,0.027358728875566465
247.5,0.027409697587396444,0.0069247803767211735,0.020484915620257678,0.02740969599697885
248.0,0.02746067450485921,0.0069247803767211735,0.020535891592689703,0.027460671969410877
248.5,0.027511654303513263,0.0069247803767211735,0.020586873465801486,0.02751165384252266
249.0,0.02756264562693247,0.0069247803767211735,0.020637864189932905,0.02756264456665408
249.5,0.027613645593925547,0.0069247803767211735,0.020688863765083963,0.027613644141805137
250.0,0.027664651323301193,0.0069247803767211735,0.02073986924091478,0.027664649617635952
250.5,0.02771566281505942,0.0069247803767211735,0.02079088061742535,0.027715660994146525
251.0,0.027766677188008935,0.0069247803767211735,0.020841894944275807,0.02776667532099698
251.5,0.0278177030857236,0.0069247803767211735,0.020892921072485776,0.02781770144920695
252.0,0.027868763557733725,0.0069247803767211735,0.020943982604774293,0.027868762981495467
252.5,0.027920057406238197,0.0069247803767211735,0.02099527426357339,0.027920054640294564
253.0,0.027971357017125248,0.0069247803767211735,0.02104657477339212,0.027971355150113293
253.5,0.028022671033968737,0.0069247803767211735,0.021097890034910246,0.02802267041163142
254.0,0.02807399945676867,0.0069247803767211735,0.02114921709778789,0.028073997474509064
254.5,0.028125336523142468,0.0069247803767211735,0.02120055596202505,0.028125336338746223
255.0,0.028176687995472703,0.0069247803767211735,0.021251906627621726,0.0281766870043429
255.5,0.028228048111376806,0.0069247803767211735,0.02130326614423804,0.028228046520959213
256.0,0.02827942263323735,0.0069247803767211735,0.02135464041255375,0.028279420789274923
256.5,0.028330805798671758,0.0069247803767211735,0.0214060235318891,0.028330803908610272
257.0,0.028382206251253893,0.0069247803767211735,0.02145742435326372,0.028382204729984893
257.5,0.028433618228601184,0.0069247803767211735,0.02150883697599786,0.028433617352719032
258.0,0.02848685111884264,0.0069247803767211735,0.021562069958437437,0.02848685033515861
258.5,0.028541138525095593,0.0069247803767211735,0.02161635621221387,0.028541136588935045
259.0,0.028595440337304982,0.0069247803767211735,0.021670657217689702,0.028595437594410876
259.5,0.02864974791189695,0.0069247803767211735,0.02172496707418517,0.028649747450906343
260.0,0.028704075654827937,0.0069247803767211735,0.021779294632719916,0.02870407500944109
260.5,0.02875842356609794,0.0069247803767211735,0.021833642843633812,0.028758423220354986
261.0,0.028812785883324383,0.0069247803767211735,0.021888002855907224,0.028812783232628397
261.5,0.02886716260650727,0.0069247803767211735,0.021942380570219914,0.028867160946941087
262.0,0.028921556616837884,0.0069247803767211735,0.02199677598657188,0.028921556363293053
262.5,0.028975962151933654,0.0069247803767211735,0.022051180253943477,0.02897596063066465
263.0,0.02903039938013359,0.0069247803767211735,0.02210561697505375,0.029030397351774925
263.5,0.029084833727142243,0.0069247803767211735,0.022160050745824143,0.029084831122545316
264.0,0.029139294004872487,0.0069247803767211735,0.02221451106965345,0.029139291446374622
264.5,0.029193768688559173,0.0069247803767211735,0.02226898614518215,0.029193766521903322
265.0,0.029248260659393586,0.0069247803767211735,0.022323478922750127,0.0292482592994713
265.5,0.02930276991737573,0.0069247803767211735,0.022377989402357377,0.02930276977907855
266.0,0.029357296462505605,0.0069247803767211735,0.02243251463366402,0.029357295010385195
266.5,0.0294118431759745,0.0069247803767211735,0.022487060517349822,0.029411840894070996
267.0,0.029466401414208542,0.0069247803767211735,0.02254161820239514,0.029466398579116315
267.5,0.02952098270197289,0.0069247803767211735,0.02259619949015949,0.029520979866880664
268.0,0.02957556975211982,0.0069247803767211735,0.0226507866786036,0.029575567055324773
268.5,0.02963018273298834,0.0069247803767211735,0.02270540042010662,0.029630180796827794
269.0,0.029684807238622015,0.0069247803767211735,0.02276002596296916,0.029684806339690332
269.5,0.029739457674977283,0.0069247803767211735,0.02281467510855073,0.029739455485271904
270.0,0.029794119636097703,0.0069247803767211735,0.022869339005831695,0.02979411938255287
270.5,0.029848798884365854,0.0069247803767211735,0.02292401765481206,0.029848798031533234
271.0,0.02990350118216431,0.0069247803767211735,0.022978719906511454,0.029903500283232628
271.5,0.02995821212353663,0.0069247803767211735,0.023033431009230488,0.02995821138595166
272.0,0.030012951876821833,0.0069247803767211735,0.023088168665008433,0.030012949041729606
272.5,0.030067700273680904,0.0069247803767211735,0.023142918122145896,0.03006769849886707
273.0,0.0301224659576877,0.0069247803767211735,0.023197685281322634,0.030122465658043808
273.5,0.030177257572416093,0.0069247803767211735,0.023252476043218402,0.030177256419939576
274.0,0.030232063593100926,0.0069247803767211735,0.02330728155681357,0.030232061933534744
274.5,0.030286889782124776,0.0069247803767211735,0.02336210772278789,0.030286888099509062
275.0,0.030341730377105067,0.0069247803767211735,0.023416948640461607,0.03034172901718278
275.5,0.030396591140424378,0.0069247803767211735,0.023471810210514477,0.03039659058723565
276.0,0.030451472072082705,0.0069247803767211735,0.02352668948260662,0.030451469859327795
276.5,0.030506364528506184,0.0069247803767211735,0.023581583506398163,0.030506363883119336
277.0,0.03056128291565126,0.0069247803767211735,0.023636501132908737,0.03056128150962991
277.5,0.03061622147113535,0.0069247803767211735,0.023691439411798465,0.03061621978851964
278.0,0.030671168670193306,0.0069247803767211735,0.02374638654170783,0.030671166918429003
278.5,0.030726147562355432,0.0069247803767211735,0.023801366125355865,0.03072614650207704
279.0,0.030781140860474003,0.0069247803767211735,0.0238563604607033,0.030781140837424472
279.5,0.030836148564549012,0.0069247803767211735,0.023911366597410246,0.03083614697413142
280.0,0.0308911850805369,0.0069247803767211735,0.023966402237515987,0.03089118261423716
280.5,0.030946227358907372,0.0069247803767211735,0.024021446728641364,0.030946227105362538
281.0,0.031001298449190723,0.0069247803767211735,0.024076517772825653,0.031001298149546826
281.5,0.03105638970781309,0.0069247803767211735,0.02413160651904922,0.031056386895770394
282.0,0.031111501134774476,0.0069247803767211735,0.024186718867991817,0.03111149924471299
282.5,0.03116662984888359,0.0069247803767211735,0.024241848918973692,0.031166629295694866
283.0,0.031221778731331723,0.0069247803767211735,0.02429699667199484,0.031221777048716013
283.5,0.031276947782118876,0.0069247803767211735,0.02435216507739514,0.031276945454116314
284.0,0.031332139882436334,0.0069247803767211735,0.024407357085514475,0.03133213746223565
284.5,0.03138734638871023,0.0069247803767211735,0.024462563845333206,0.03138734422205438
285.0,0.03144257882570572,0.0069247803767211735,0.02451779715821085,0.03144257753493202
285.5,0.03149782566865766,0.0069247803767211735,0.02457304522278789,0.03149782559950906
286.0,0.03155309844233118,0.0069247803767211735,0.024628316890083962,0.031553097266805136
286.5,0.03160838850315244,0.0069247803767211735,0.02468360625941931,0.03160838663614048
287.0,0.031663704494695286,0.0069247803767211735,0.02473892218181357,0.03166370255853474
287.5,0.03171903489219458,0.0069247803767211735,0.024794252855907226,0.031719033232628396
288.0,0.0317743825768416,0.0069247803767211735,0.024849601232040157,0.03177438160876133
288.5,0.031829759073401506,0.0069247803767211735,0.024904976161232,0.03182975653795317
289.0,0.031885155738300426,0.0069247803767211735,0.024960374693142873,0.03188515506986405
289.5,0.031940572571538366,0.0069247803767211735,0.025015790927093027,0.0319405713038142
290.0,0.031996009573115325,0.0069247803767211735,0.02507122781342233,0.031996008190143505
290.5,0.0320514667430313,0.0069247803767211735,0.02512668535213079,0.032051465728851966
291.0,0.03210694408128629,0.0069247803767211735,0.025182163543218405,0.032106943919939575
291.5,0.032162450231454164,0.0069247803767211735,0.02523766828736493,0.0321624486640861
292.0,0.032217973668769766,0.0069247803767211735,0.02529319073355073,0.0322179711102719
292.5,0.03227351727442439,0.0069247803767211735,0.025348736782455562,0.032273517159176736
293.0,0.03232908104841803,0.0069247803767211735,0.025404300533399673,0.03232908091012084
293.5,0.03238467651551584,0.0069247803767211735,0.025459893787742573,0.03238467416446374
294.0,0.03244028638857009,0.0069247803767211735,0.02551550474412475,0.03244028512084592
294.5,0.03249591931115464,0.0069247803767211735,0.025571136352886076,0.03249591672960725
295.0,0.03255156663969564,0.0069247803767211735,0.02562678566368668,0.032551566040407855
295.5,0.0326072485425321,0.0069247803767211735,0.025682467428225955,0.03260724780494713
296.0,0.03266294197013371,0.0069247803767211735,0.025738160994124747,0.032662941370845924
296.5,0.0327186642096482,0.0069247803767211735,0.02579388111308245,0.032718661489803624
297.0,0.032774409498693,0.0069247803767211735,0.02584962778509907,0.03277440816182024
297.5,0.03283016919369424,0.0069247803767211735,0.025905386258475202,0.032830166635196376
298.0,0.032885963462990934,0.0069247803767211735,0.025961180135929882,0.03288596051265106
298.5,0.032941777900626655,0.0069247803767211735,0.02601699466576372,0.0329417750424849
299.0,0.032997609625410096,0.0069247803767211735,0.026072826897636833,0.03299760727435801
299.5,0.03305447281667473,0.0069247803767211735,0.02612969174846765,0.03305447212518882
300.0,0.03311219172175197,0.0069247803767211735,0.026187409247523538,0.03311218962424471
300.5,0.03316992791397694,0.0069247803767211735,0.026245147398958585,0.03316992777567976
301.0,0.03322769868049737,0.0069247803767211735,0.0263029180041323,0.033227698380853474
301.5,0.03328549825893068,0.0069247803767211735,0.02636071516236493,0.0332854955390861
302.0,0.0333433208868943,0.0069247803767211735,0.02641853887365647,0.033343319250377645
302.5,0.03340117520796208,0.0069247803767211735,0.026476392088346803,0.03340117246506798
303.0,0.033459052578560175,0.0069247803767211735,0.026534271856096046,0.03345905223281722
303.5,0.033516967404645014,0.0069247803767211735,0.02659218407758396,0.03351696445430514
304.0,0.033574899517877586,0.0069247803767211735,0.02665011695145103,0.033574897328172204
304.5,0.0336328690865969,0.0069247803767211735,0.02670808817973653,0.0336328685564577
305.0,0.03369086458603781,0.0069247803767211735,0.026766083010741064,0.03369086338746224
305.5,0.033748883135009025,0.0069247803767211735,0.026824101444464628,0.0337488818211858
306.0,0.03380694202065828,0.0069247803767211735,0.0268821611829465,0.03380694155966767
306.5,0.03386502107464655,0.0069247803767211735,0.026940238623467647,0.033865019000188824
307.0,0.03392313470293028,0.0069247803767211735,0.026998351468067346,0.03392313184478852
307.5,0.03398126273717045,0.0069247803767211735,0.02705648201470632,0.03398126239142749
308.0,0.03403943687047123,0.0069247803767211735,0.0271146538661036,0.034039434242824775
308.5,0.034097639815684894,0.0069247803767211735,0.02717285817123955,0.034097638547960725
309.0,0.03415587733519401,0.0069247803767211735,0.027231094930114174,0.034155875306835344
309.5,0.03421414942899859,0.0069247803767211735,0.027289367093067347,0.03421414746978852
310.0,0.03427244169114219,0.0069247803767211735,0.02734765990839967,0.034272440285120845
310.5,0.03433077717115512,0.0069247803767211735,0.027405994028490307,0.034330774405211484
311.0,0.034389127057124484,0.0069247803767211735,0.027464345850620218,0.03438912622734139
311.5,0.034447523042154454,0.0069247803767211735,0.027522741927848312,0.03444752230456949
312.0,0.03450593631433216,0.0069247803767211735,0.027581155707115685,0.034505936083836855
312.5,0.03456438127961404,0.0069247803767211735,0.027639598989781848,0.03456437936650302
313.0,0.03462285793800008,0.0069247803767211735,0.02769807472618668,0.03462285510290786
313.5,0.0346813662894903,0.0069247803767211735,0.027756582916330187,0.03468136329305136
314.0,0.03473990921527598,0.0069247803767211735,0.027815126510552242,0.034739906887273415
314.5,0.034798475190591954,0.0069247803767211735,0.02787369370749333,0.0347984740842145
315.0,0.034857078621394685,0.0069247803767211735,0.027932296308512964,0.03485707668523414
315.5,0.03491570510172772,0.0069247803767211735,0.027990922512251635,0.03491570288897281
316.0,0.03497436327516493,0.0069247803767211735,0.028049581169728978,0.03497436154645015
316.5,0.0350330531417063,0.0069247803767211735,0.02810827228094499,0.03503305265766617
317.0,0.03509178334492571,0.0069247803767211735,0.02816700174657943,0.0350917821233006
317.5,0.03515053371648414,0.0069247803767211735,0.028225751864593026,0.035150532241314196
318.0,0.03520931866233803,0.0069247803767211735,0.028284537386685172,0.03520931776340634
318.5,0.035268135301296084,0.0069247803767211735,0.028343352412176108,0.03526813278889728
319.0,0.0353269865145496,0.0069247803767211735,0.028402205792085473,0.03532698616880665
319.5,0.03538641684725205,0.0069247803767211735,0.028461634488271274,0.035386414864992444
320.0,0.03544625919030872,0.0069247803767211735,0.028521476232040155,0.03544625660876133
320.5,0.03550614475123472,0.0069247803767211735,0.028581362230907226,0.035506142607628396
321.0,0.03556606200526488,0.0069247803767211735,0.028641280683512967,0.03556606106023414
321.5,0.03562600807120793,0.0069247803767211735,0.028701225689177618,0.03562600606589879
322.0,0.03568600023621159,0.0069247803767211735,0.02876121790028034,0.03568599827700151
322.5,0.03574602985670199,0.0069247803767211735,0.028821248465801485,0.03574602884252266
323.0,0.03580608828910528,0.0069247803767211735,0.028881305584381546,0.03580608596110272
323.5,0.035866189939377895,0.0069247803767211735,0.028941406958059794,0.03586618733478097
324.0,0.03592633192632854,0.0069247803767211735,0.02900154963649635,0.035926330013217524
324.5,0.03598650272519207,0.0069247803767211735,0.029061721818331696,0.03598650219505287
325.0,0.03604671962311621,0.0069247803767211735,0.029121938255265233,0.036046718631986406
325.5,0.03610696533295323,0.0069247803767211735,0.02918218419559756,0.03610696457231873
326.0,0.03616726002304215,0.0069247803767211735,0.02924247734136795,0.036167257718089124
326.5,0.036227586406235246,0.0069247803767211735,0.029302802940877015,0.036227583317598185
327.0,0.03628795024491509,0.0069247803767211735,0.029363166894804508,0.03628794727152568
327.5,0.036348351539081676,0.0069247803767211735,0.029423569203150427,0.036348349579871604
328.0,0.036408798932308875,0.0069247803767211735,0.029484015766594537,0.03640879614331571
328.5,0.03646927513744896,0.0069247803767211735,0.029544491833437436,0.03646927221015861
329.0,0.03652978879807579,0.0069247803767211735,0.029605006254698765,0.03652978663141994
329.5,0.036590342795380655,0.0069247803767211735,0.029665561980718402,0.036590342357439576
330.0,0.036650934248172264,0.0069247803767211735,0.02972615311081659,0.036650933487537764
330.5,0.03671157756240707,0.0069247803767211735,0.029786794396692722,0.0367115747734139
331.0,0.03677225256974603,0.0069247803767211735,0.029847471086647405,0.03677225146336858
331.5,0.036832959270189175,0.0069247803767211735,0.02990817728000088,0.03683295765672205
332.0,0.03689371495088422,0.0069247803767211735,0.0299689336291323,0.03689371400585347
332.5,0.03695450520587472,0.0069247803767211735,0.03002972243200239,0.03695450280872357
333.0,0.03701533867873454,0.0069247803767211735,0.03009055548997067,0.03701533586669184
333.5,0.03707620672588982,0.0069247803767211735,0.030151423952017496,0.03707620432873867
334.0,0.03713711510972314,0.0069247803767211735,0.030212333718822634,0.03713711409554381
334.5,0.03719805806785192,0.0069247803767211735,0.03027327593936644,0.037198056316087615
335.0,0.03725905000623259,0.0069247803767211735,0.030334268315688192,0.03725904869240937
335.5,0.03732008516248259,0.0069247803767211735,0.03039530199676825,0.037320082373489424
336.0,0.0373811433682629,0.0069247803767211735,0.030456362230907225,0.0373811426076284
336.5,0.037442262079060255,0.0069247803767211735,0.030517478521503903,0.03744225889822508
337.0,0.03750340672057921,0.0069247803767211735,0.030578624315499372,0.03750340469222054
337.5,0.03756459457996749,0.0069247803767211735,0.030639811414253145,0.03756459179097432
338.0,0.037625817013651225,0.0069247803767211735,0.030701033917085473,0.037625814293806646
338.5,0.03768709418996943,0.0069247803767211735,0.0307623124763755,0.037687092853096675
339.0,0.03774840305939182,0.0069247803767211735,0.030823620539064324,0.0377484009157855
339.5,0.037809752265492234,0.0069247803767211735,0.030884969906511454,0.03780975028323263
340.0,0.037871190788522587,0.0069247803767211735,0.03094640778415496,0.03787118816087613
340.5,0.037933372658905305,0.0069247803767211735,0.03100858914744801,0.03793336952416918
341.0,0.0379956092719225,0.0069247803767211735,0.031070826567198766,0.037995606943919936
341.5,0.038057883340426445,0.0069247803767211735,0.03113310234136795,0.038057882718089124
342.0,0.038120203507990995,0.0069247803767211735,0.03119542237063532,0.038120202747356495
342.5,0.03818256689342487,0.0069247803767211735,0.031257783704661,0.038182564081382174
343.0,0.03824497349672807,0.0069247803767211735,0.031320192244124745,0.03824497262084592
343.5,0.03830742619909189,0.0069247803767211735,0.03138264503868668,0.03830742541540785
344.0,0.0383699278817076,0.0069247803767211735,0.03144514503868668,0.03836992541540785
344.5,0.03843246990100135,0.0069247803767211735,0.03150768634344499,0.03843246672016616
345.0,0.0384950580193557,0.0069247803767211735,0.03157027485364136,0.038495055230362535
345.5,0.03855768071200552,0.0069247803767211735,0.031632898767916286,0.03855767914463746
346.0,0.038620346622524664,0.0069247803767211735,0.03169556398694952,0.03862034436367069
346.5,0.03868305575091313,0.0069247803767211735,0.03175827346108094,0.038683053837802114
347.0,0.03874580521597963,0.0069247803767211735,0.03182102423997067,0.038745804616691845
347.5,0.03880859213653288,0.0069247803767211735,0.031883810422938946,0.03880859079966012
348.0,0.03887141651257287,0.0069247803767211735,0.031946634960325654,0.03887141533704683
348.5,0.03893429563124735,0.0069247803767211735,0.032009512603830184,0.03893429298055136
349.0,0.03899720068064341,0.0069247803767211735,0.03207241975073351,0.03899720012745468
349.5,0.039060157591482667,0.0069247803767211735,0.0321353741030749,0.03906015447979607
350.0,0.03912315483899995,0.0069247803767211735,0.032198372710514477,0.03912315308723565
350.5,0.0391861866608127,0.0069247803767211735,0.032261403771692725,0.0391861841484139
351.0,0.03924926746287735,0.0069247803767211735,0.03232448498864892,0.039249265365370094
351.5,0.03931237707685488,0.0069247803767211735,0.0323875957090039,0.039312376085725076
352.0,0.03937554431465817,0.0069247803767211735,0.03245076248581659,0.03937554286253776
352.5,0.039438751889139506,0.0069247803767211735,0.032513970567387585,0.03943875094410876
353.0,0.039501994037916294,0.0069247803767211735,0.032577211102697255,0.03950199147941843
353.5,0.039565290929327555,0.0069247803767211735,0.032640507694464624,0.0395652880711858
354.0,0.039628622395034285,0.0069247803767211735,0.03270383969031055,0.039628620067031724
354.5,0.03969199707861033,0.0069247803767211735,0.03276721594125466,0.03969199631797583
355.0,0.0397554149800557,0.0069247803767211735,0.03283063349695708,0.03975541387367825
355.5,0.03981886457460525,0.0069247803767211735,0.032894083506398164,0.03981886388311934
356.0,0.03988237467417184,0.0069247803767211735,0.03295759252263683,0.039882372899358004
356.5,0.0399459193480339,0.0069247803767211735,0.033021136942954055,0.03994591731967523
357.0,0.040009504358573984,0.0069247803767211735,0.03308472266802958,0.040009503044750754
357.5,0.040073149874131124,0.0069247803767211735,0.03314836739990269,0.040073147776623866
358.0,0.04013681555802728,0.0069247803767211735,0.03321203278415496,0.04013681316087613
358.5,0.040200541746940495,0.0069247803767211735,0.03327576012554469,0.04020054050226586
359.0,0.040264293866575304,0.0069247803767211735,0.03333951106965345,0.040264291446374625
359.5,0.04032810361003587,0.0069247803767211735,0.0334033210205598,0.04032810139728097
360.0,0.04039195945255706,0.0069247803767211735,0.03346717817690421,0.04039195855362538
360.5,0.04045585275056499,0.0069247803767211735,0.03353107073732717,0.04045585111404834
361.0,0.040519789266442244,0.0069247803767211735,0.03359500755284831,0.040519787929569485
361.5,0.0405837747625714,0.0069247803767211735,0.03365899157380753,0.0405837719505287
362.0,0.0406481895562025,0.0069247803767211735,0.0337234063443891,0.04064818672111027
362.5,0.040712791627267333,0.0069247803767211735,0.033788009936722936,0.04071279031344411
363.0,0.04077743403501021,0.0069247803767211735,0.0338526518834752,0.040777432260196374
363.5,0.040842131185387556,0.0069247803767211735,0.03391734988668517,0.04084213026340634
364.0,0.040906877316016804,0.0069247803767211735,0.03398209509533321,0.040906875472054384
364.5,0.04097167818928053,0.0069247803767211735,0.03404689636043895,0.04097167673716012
365.0,0.041036525161604866,0.0069247803767211735,0.03411174188064287,0.041036522257364046
365.5,0.04110142975775497,0.0069247803767211735,0.03417664640764439,0.04110142678436556
366.0,0.0411663746905831,0.0069247803767211735,0.034241592239404206,0.04116637261612538
366.5,0.04123137724723701,0.0069247803767211735,0.03430659412762173,0.0412313745043429
367.0,0.041296431665334095,0.0069247803767211735,0.034371649121957074,0.04129642949867825
367.5,0.04136154082606566,0.0069247803767211735,0.03443675722241025,0.04136153759913142
368.0,0.041426698967049126,0.0069247803767211735,0.034501915478641364,0.04142669585536254
368.5,0.04149191185066707,0.0069247803767211735,0.034567129791330184,0.04149191016805136
369.0,0.041557176595728204,0.0069247803767211735,0.03463239425979695,0.041557174636518125
369.5,0.04162248743984995,0.0069247803767211735,0.034697705933701785,0.04162248631042296
370.0,0.04168785590779745,0.0069247803767211735,0.03476307366406432,0.041687854040785496
370.5,0.041753284880762014,0.0069247803767211735,0.03482850335156432,0.0417532837282855
371.0,0.041818759952787186,0.0069247803767211735,0.03489397729416251,0.04181875767088369
371.5,0.04188428112387297,0.0069247803767211735,0.03495949844219877,0.04188427881891994
372.0,0.041949862799975805,0.0069247803767211735,0.03502508154737248,0.041949861924093654
372.5,0.04201549633752183,0.0069247803767211735,0.035090714808324146,0.04201549518504532
373.0,0.042081184617702334,0.0069247803767211735,0.03515640117539363,0.0420811815521148
373.5,0.042146921878134735,0.0069247803767211735,0.03522214064858094,0.04214692102530211
374.0,0.042212711000010325,0.0069247803767211735,0.03528792732720632,0.042212707703927495
374.5,0.04227855774571168,0.0069247803767211735,0.03535377596296916,0.04227855633969033
375.0,0.042344456352856226,0.0069247803767211735,0.035419674754509946,0.04234445513123112
375.5,0.042410409702635245,0.0069247803767211735,0.035485626652168555,0.04241040702888973
376.0,0.042476423557431316,0.0069247803767211735,0.035551640506964625,0.0424764208836858
376.5,0.04254248639247929,0.0069247803767211735,0.035617704517538644,0.04254248489425982
377.0,0.04260860108897045,0.0069247803767211735,0.03568381868389061,0.04260859906061178
377.5,0.04267477052809609,0.0069247803767211735,0.035749988906700274,0.04267476928342145
378.0,0.04274099759104749,0.0069247803767211735,0.03581621518596765,0.04274099556268882
378.5,0.042807276515442076,0.0069247803767211735,0.03588249457135285,0.04280727494807402
379.0,0.04287361594485372,0.0069247803767211735,0.035948832963535626,0.0428736133402568
379.5,0.042940001473325974,0.0069247803767211735,0.03601521856115647,0.042939998937877644
380.0,0.04300644750681529,0.0069247803767211735,0.036081666115914776,0.04300644649263595
380.5,0.04307294540174778,0.0069247803767211735,0.03614816382645103,0.0430729442031722
381.0,0.04313950380169733,0.0069247803767211735,0.03621472054378487,0.043139500920506044
381.5,0.043206114063090065,0.0069247803767211735,0.03628133036723653,0.04320611074395771
382.0,0.04327278194830857,0.0069247803767211735,0.03634799919748578,0.04327277957420695
382.5,0.04333950457616155,0.0069247803767211735,0.03641472113385284,0.043339501510574016
383.0,0.04340628770903158,0.0069247803767211735,0.03648150502735738,0.04340628540407855
383.5,0.043473116940962224,0.0069247803767211735,0.036548333175960096,0.04347311355268127
384.0,0.04354000667790992,0.0069247803767211735,0.036615223281700277,0.04354000365842145
384.5,0.04360701454370043,0.0069247803767211735,0.036682231401035624,0.0436070117777568
385.0,0.04367418663739438,0.0069247803767211735,0.036749404739404204,0.04367418511612538
385.5,0.04374142499848795,0.0069247803767211735,0.03681664298525013,0.0437414233619713
386.0,0.043808723864598574,0.0069247803767211735,0.03688394023789363,0.043808720614614806
386.5,0.043877509425413935,0.0069247803767211735,0.03695272741217611,0.043877507788897284
387.0,0.0439464649765153,0.0069247803767211735,0.037021682755831696,0.04394646313255287
387.5,0.04401548679501629,0.0069247803767211735,0.037090703006964626,0.0440154833836858
388.0,0.044084597930447215,0.0069247803767211735,0.03715981471863381,0.044084595095354985
388.5,0.04415376380851262,0.0069247803767211735,0.0372289824867607,0.044153762863481875
389.0,0.04422302476589053,0.0069247803767211735,0.03729824171542384,0.044223022092145015
389.5,0.04429236063424194,0.0069247803767211735,0.03736757765292384,0.04429235802964501
390.0,0.044361768532375556,0.0069247803767211735,0.03743698734892082,0.044361767725641994
390.5,0.04443126574743911,0.0069247803767211735,0.037506482604774294,0.04443126298149547
391.0,0.044500832111093576,0.0069247803767211735,0.03757604866878487,0.04450082904550604
391.5,0.0445704820292954,0.0069247803767211735,0.03764570029265194,0.044570480669373115
392.0,0.04464020973966201,0.0069247803767211735,0.03771542862535587,0.04464020900207704
392.5,0.04471002388576727,0.0069247803767211735,0.03778524251791629,0.04471002289463746
393.0,0.04477992158641988,0.0069247803767211735,0.03785513901999333,0.0447799193967145
393.5,0.04484989419804599,0.0069247803767211735,0.03792511223090723,0.0448498926076284
394.0,0.044920235602156994,0.0069247803767211735,0.03799545423430602,0.04492023461102719
394.5,0.04499067784796309,0.0069247803767211735,0.0380658965492607,0.044990676925981875
395.0,0.045061218054272975,0.0069247803767211735,0.03813643622543139,0.045061216602152565
395.5,0.04513183029036508,0.0069247803767211735,0.03820704670975919,0.045131827086480364
396.0,0.0452025347245784,0.0069247803767211735,0.03827775160496311,0.04520253198168429
396.5,0.04527330254500006,0.0069247803767211735,0.03834852140764439,0.04527330178436556
397.0,0.04534414815758651,0.0069247803767211735,0.03841936496882263,0.045344145345543804
397.5,0.04541507156233773,0.0069247803767211735,0.038490288189177616,0.04541506856589879
398.0,0.04548607852163632,0.0069247803767211735,0.0385612969693891,0.04548607734611027
398.5,0.04555717767905613,0.0069247803767211735,0.038632394259796955,0.04555717463651813
399.0,0.045628357509832004,0.0069247803767211735,0.03870357415972143,0.0456283545364426
399.5,0.045699620895155245,0.0069247803767211735,0.03877483961950239,0.045699619996223566
400.0,0.045770979359791,0.0069247803767211735,0.03884619653981961,0.045770976916540786
400.5,0.04584243578493055,0.0069247803767211735,0.03891765377169273,0.0458424341484139
401.0,0.04591398152700003,0.0069247803767211735,0.03898919951376221,0.04591397989048338
401.5,0.04598562522957332,0.0069247803767211735,0.03906084261704771,0.04598562299376888
402.0,0.04605735536788526,0.0069247803767211735,0.039132574230529585,0.04605735460725076
402.5,0.0461291805855097,0.0069247803767211735,0.03920439730454771,0.04612917768126888
403.0,0.0462010893576815,0.0069247803767211735,0.03927630593842233,0.046201086315143504
403.5,0.046273084565591954,0.0069247803767211735,0.039348303082493326,0.0462730834592145
404.0,0.0463451806151975,0.0069247803767211735,0.039420397587780334,0.04634517796450151
404.5,0.04641736598173297,0.0069247803767211735,0.0394925835536036,0.04641736393032477
405.0,0.04648964642758096,0.0069247803767211735,0.03956486393030299,0.04648964430702417
405.5,0.046562013309167594,0.0069247803767211735,0.039637229866858886,0.04656201024358006
406.0,0.04663447238887545,0.0069247803767211735,0.03970969021429091,0.046634470591012084
406.5,0.04670702654789582,0.0069247803767211735,0.039782244972599065,0.04670702534932024
407.0,0.04677967290503741,0.0069247803767211735,0.039854891191443476,0.04677967156816465
407.5,0.04685241434149152,0.0069247803767211735,0.039927631821164024,0.0468524121978852
408.0,0.04692523933249298,0.0069247803767211735,0.04000045801074106,0.04692523838746224
408.5,0.04699816516518953,0.0069247803767211735,0.040073381561534116,0.04699816193825529
409.0,0.04707118895838988,0.0069247803767211735,0.04014640542388306,0.04707118580060423
409.5,0.04714429630613759,0.0069247803767211735,0.040219514846088496,0.04714429522280967
410.0,0.04721749873319781,0.0069247803767211735,0.040292715728830183,0.04721749610555136
410.5,0.04729079623957055,0.0069247803767211735,0.04036601397278789,0.047290794349509065
411.0,0.04736419746882966,0.0069247803767211735,0.04043941547864136,0.047364195855362536
411.5,0.04743768225263613,0.0069247803767211735,0.040512899594011456,0.04743767997073263
412.0,0.047511270759328976,0.0069247803767211735,0.040586486971277314,0.04751126734799849
412.5,0.04758494282056918,0.0069247803767211735,0.04066015990839967,0.04758494028512084
413.0,0.04765871860469576,0.0069247803767211735,0.0407339361074178,0.047658716484138976
413.5,0.04773259234932614,0.0069247803767211735,0.04080780966765194,0.047732590044373115
414.0,0.04780655252969517,0.0069247803767211735,0.04088176878774257,0.047806549164463745
414.5,0.04788061643295058,0.0069247803767211735,0.040955834120068854,0.04788061449679003
415.0,0.04795476677194463,0.0069247803767211735,0.041029985012251635,0.04795476538897281
415.5,0.048029020833825056,0.0069247803767211735,0.041104239166330186,0.04802901954305136
416.0,0.04810337861859186,0.0069247803767211735,0.04117859658230451,0.04810337695902568
416.5,0.048177822839097315,0.0069247803767211735,0.04125303955813532,0.048177819934856494
417.0,0.0482522584160289,0.0069247803767211735,0.04132747663328638,0.04825225701000755
417.5,0.04832677466631656,0.0069247803767211735,0.04140199336761417,0.04832677374433535
418.0,0.048401397520681885,0.0069247803767211735,0.04147661336383774,0.048401393740558914
418.5,0.048476118335551,0.0069247803767211735,0.041551333671617195,0.04847611404833837
419.0,0.048550931348541354,0.0069247803767211735,0.04162615134061266,0.04855093171733384
419.5,0.0486258653715658,0.0069247803767211735,0.04170108112252354,0.048625861499244714
420.0,0.04870089159271148,0.0069247803767211735,0.04177611121599031,0.04870089159271148
420.5,0.04877603306150868,0.0069247803767211735,0.041851247521692725,0.0487760278984139
421.0,0.04885124944127939,0.0069247803767211735,0.041926469387251634,0.04885124976397281
421.5,0.04892659259346677,0.0069247803767211735,0.04200181221674559,0.04892659259346677
422.0,0.04900203370615795,0.0069247803767211735,0.042077252407455565,0.04900203278417674
422.5,0.04907757854173551,0.0069247803767211735,0.04215279586006131,0.04907757623678248
423.0,0.04915322710019944,0.0069247803767211735,0.042228445524902694,0.04915322590162387
423.5,0.049228979381549756,0.0069247803767211735,0.042304195501299977,0.04922897587802115
424.0,0.04930482386102129,0.0069247803767211735,0.042380042838913265,0.04930482321563444
424.5,0.04938078935052693,0.0069247803767211735,0.04245600819012173,0.0493807885668429
425.0,0.04945685856291895,0.0069247803767211735,0.04253207680322595,0.04945685717994713
425.5,0.049533025735814765,0.0069247803767211735,0.042608245727886074,0.04953302610460725
426.0,0.049609308156362115,0.0069247803767211735,0.04268452381512173,0.0496093041918429
426.5,0.04968568277503068,0.0069247803767211735,0.042760902213913266,0.04968568259063444
427.0,0.04976216687896821,0.0069247803767211735,0.04283738682494046,0.049762167201661635
427.5,0.04983877199293984,0.0069247803767211735,0.04291398944956282,0.04983876982628399
428.0,0.04991547506741527,0.0069247803767211735,0.04299069238574106,0.049915472762462235
428.5,0.0499922761023945,0.0069247803767211735,0.0430674956334752,0.049992276010196374
429.0,0.050069186622642675,0.0069247803767211735,0.04314440509344499,0.050069185470166165
429.5,0.050146206628159815,0.0069247803767211735,0.043221426666330186,0.05014620704305136
430.0,0.05022334188132848,0.0069247803767211735,0.04329856035213079,0.05022334072885196
430.5,0.050300575095000945,0.0069247803767211735,0.04337579434948729,0.05030057472620846
431.0,0.050377923556324936,0.0069247803767211735,0.04345314045975919,0.050377920836480364
431.5,0.05045537574053531,0.0069247803767211735,0.043530592782266744,0.05045537315898792
432.0,0.05053293741001463,0.0069247803767211735,0.0436081572176897,0.050532937594410875
432.5,0.05061060280238033,0.0069247803767211735,0.04368582196466855,0.05061060234138973
433.0,0.050688400729545294,0.0069247803767211735,0.04376361652660209,0.05068839690332326
433.5,0.0507662850924489,0.0069247803767211735,0.043841499598732,0.050766279975453174
434.0,0.05084408301961386,0.0069247803767211735,0.04391930006134529,0.050844080438066465
434.5,0.05092192128345686,0.0069247803767211735,0.04399713592803713,0.050921916304758306
435.0,0.05099986327018623,0.0069247803767211735,0.04407507800696463,0.0509998583836858
435.5,0.05107793779171486,0.0069247803767211735,0.04415315580152656,0.05107793617824773
436.0,0.051156116036129864,0.0069247803767211735,0.04423133390764439,0.05115611428436556
436.5,0.051234415290578976,0.0069247803767211735,0.044309630027357376,0.05123441040407855
437.0,0.051312818267914465,0.0069247803767211735,0.044388038259985774,0.05131281863670695
437.5,0.05139134225528406,0.0069247803767211735,0.04446655860552958,0.051391338982250755
438.0,0.05146998149030518,0.0069247803767211735,0.044545196964668556,0.05146997734138973
438.5,0.051548735972977835,0.0069247803767211735,0.0446239533374027,0.05154873371412387
439.0,0.05162760570330202,0.0069247803767211735,0.04470282182305224,0.051627602199773415
439.5,0.05170659644366031,0.0069247803767211735,0.04478181422297671,0.05170659459969788
440.0,0.051785696669287555,0.0069247803767211735,0.04486091283513683,0.051785693211858004
440.5,0.051864912142566326,0.0069247803767211735,0.04494012946089212,0.05186490983761329
441.0,0.05194425438826178,0.0069247803767211735,0.04501947000092233,0.051944250377643504
441.5,0.05202370035684361,0.0069247803767211735,0.045098916753188195,0.05202369712990937
442.0,0.05210327309784212,0.0069247803767211735,0.04517848741972898,0.05210326779645015
442.5,0.05218296108649216,0.0069247803767211735,0.045258176099864926,0.0521829564765861
443.0,0.05226276432279373,0.0069247803767211735,0.04533798279359605,0.05226276317031722
443.5,0.052342694331511994,0.0069247803767211735,0.04541791340160209,0.05234269377832326
444.0,0.052422733825499196,0.0069247803767211735,0.04549795022184378,0.052422730598564955
444.5,0.052502905854285666,0.0069247803767211735,0.04557812275771991,0.05250290313444109
445.0,0.052583181605958505,0.0069247803767211735,0.0456584015058317,0.05258318188255287
445.5,0.052663578367665456,0.0069247803767211735,0.04573879826753865,0.05266357864425982
446.0,0.05274410190178909,0.0069247803767211735,0.045819318943520516,0.05274409932024169
446.5,0.05282474068356425,0.0069247803767211735,0.04589995763309756,0.05282473800981873
447.0,0.0529054313267826,0.0069247803767211735,0.045980649428792424,0.0529054298055136
447.5,0.05298597214805396,0.0069247803767211735,0.04606118780681357,0.052985968183534744
448.0,0.053066639741742,0.0069247803767211735,0.0461418559997894,0.05306663637651057
448.5,0.053147416820699,0.0069247803767211735,0.04622263630568064,0.05314741668240181
449.0,0.053228349483985554,0.0069247803767211735,0.04630356412856584,0.05322834450528701
449.5,0.053309385870158495,0.0069247803767211735,0.04638460406436644,0.05330938444108761
450.0,0.05339054902874811,0.0069247803767211735,0.04646576791444197,0.053390548291163145
450.5,0.053471838959754416,0.0069247803767211735,0.04654705567879242,0.053471836055513595
451.0,0.053553249900794825,0.0069247803767211735,0.0466284673574178,0.05355324773413897
451.5,0.05363481642616479,0.0069247803767211735,0.046710032453716896,0.05363481283043807
452.0,0.05371646938727341,0.0069247803767211735,0.04679168606021236,0.053716466436933535
452.5,0.053798266407946445,0.0069247803767211735,0.04687348128302203,0.053798261659743205
453.0,0.053880178676271005,0.0069247803767211735,0.04695539451942686,0.053880174896148034
453.5,0.05396223500415998,0.0069247803767211735,0.04703744937214589,0.053962229748867066
454.0,0.05404439505493533,0.0069247803767211735,0.04711961043710058,0.05404439081382175
454.5,0.05412671069004024,0.0069247803767211735,0.04720192491972898,0.05412670529645015
455.0,0.05420914157279669,0.0069247803767211735,0.04728435741595254,0.054209137792673716
455.5,0.05429170499035239,0.0069247803767211735,0.04736691972713079,0.05429170010385197
456.0,0.0543743894179422,0.0069247803767211735,0.04744960595258396,0.054374386329305135
456.5,0.05445721790509642,0.0069247803767211735,0.047532433794351334,0.05445721417107251
457.0,0.05454015587751959,0.0069247803767211735,0.047615373749034115,0.05454015412575529
457.5,0.0546232321471246,0.0069247803767211735,0.047698449419351335,0.05462322979607251
458.0,0.05470643518914629,0.0069247803767211735,0.04778165490462324,0.05470643528134441
458.5,0.05478978229073239,0.0069247803767211735,0.04786500200620934,0.054789782382930516
459.0,0.05487325616473518,0.0069247803767211735,0.047948473022070365,0.05487325339879154
459.5,0.05495685681115464,0.0069247803767211735,0.048032073852886076,0.05495685422960725
460.0,0.055040584229990794,0.0069247803767211735,0.04811579859797671,0.055040578974697885
460.5,0.05512444994600878,0.0069247803767211735,0.04819966495938154,0.055124445336102716
461.0,0.05520807940434113,0.0069247803767211735,0.04828329529359605,0.05520807567031722
461.5,0.055291749199351516,0.0069247803767211735,0.04836696693256886,0.05529174730929003
462.0,0.05537554576677858,0.0069247803767211735,0.04845076248581659,0.05537554286253776
462.5,0.05545948639377006,0.0069247803767211735,0.04853470555605828,0.055459485932779454
463.0,0.0555435595555608,0.0069247803767211735,0.04861877844125466,0.05554355881797583
463.5,0.05562775948976822,0.0069247803767211735,0.048702975240725956,0.05562775561744713
464.0,0.055712103483540054,0.0069247803767211735,0.04878731955719121,0.055712099933912386
464.5,0.0557965915368763,0.0069247803767211735,0.04887181139065043,0.0557965917673716
465.0,0.05588121788739438,0.0069247803767211735,0.04895643303906432,0.055881213415785495
465.5,0.05596595372318141,0.0069247803767211735,0.04904117270107339,0.05596595307779456
466.0,0.05605085666806316,0.0069247803767211735,0.04912607168143593,0.0560508520581571
466.5,0.05613589791012675,0.0069247803767211735,0.049211112278112666,0.05613589265483384
467.0,0.05622105439984186,0.0069247803767211735,0.049296270888384564,0.05622105126510574
467.5,0.056306372236269116,0.0069247803767211735,0.04938158881700994,0.056306369193731116
468.0,0.05639182836987821,0.0069247803767211735,0.04946704246126976,0.056391822837990935
468.5,0.05647739398875626,0.0069247803767211735,0.04955260821844499,0.05647738859516616
469.0,0.056563074855285826,0.0069247803767211735,0.049638291989215384,0.05656307236593656
469.5,0.05665072069427398,0.0069247803767211735,0.04972593478566553,0.056650715162386706
470.0,0.05674118433834203,0.0069247803767211735,0.04981640400771992,0.05674118438444109
470.5,0.056831843903417674,0.0069247803767211735,0.04990706205152656,0.056831842428247736
471.0,0.05692266481520546,0.0069247803767211735,0.049997879413686684,0.05692265979040786
471.5,0.05701368164800085,0.0069247803767211735,0.05008889739895858,0.057013677775679755
472.0,0.05710487135227353,0.0069247803767211735,0.050180086503943476,0.05710486688066465
472.5,0.05719624545278866,0.0069247803767211735,0.05027146443068064,0.05719624480740181
473.0,0.057287821236693966,0.0069247803767211735,0.05036303707984982,0.057287817456570994
473.5,0.05737957565445914,0.0069247803767211735,0.050454792650091514,0.05737957302681269
474.0,0.05747152599323192,0.0069247803767211735,0.05054674294276523,0.057471523319486406
474.5,0.05756363767871684,0.0069247803767211735,0.05063885255379242,0.05756363293051359
475.0,0.057655720552288875,0.0069247803767211735,0.05073093856210058,0.05765571893882175
475.5,0.05774761326723588,0.0069247803767211735,0.05082282984797671,0.05774761022469788
476.0,0.05783971342795565,0.0069247803767211735,0.05091492765764438,0.057839708034365556
476.5,0.057931980697770134,0.0069247803767211735,0.05100719658702505,0.057931976963746225
477.0,0.058024443888592216,0.0069247803767211735,0.05109966023883774,0.05802444061555891
477.5,0.058117097238039324,0.0069247803767211735,0.051192312712402696,0.05811709308912387
478.0,0.05820994074611145,0.0069247803767211735,0.05128515990839967,0.058209940285120845
478.5,0.058302985937573756,0.0069247803767211735,0.05137820182682867,0.05830298220354985
479.0,0.058396227050043666,0.0069247803767211735,0.05147144436836946,0.05839622474509063
479.5,0.058489658321138595,0.0069247803767211735,0.05156487573166251,0.058489656108383685
480.0,0.05858327398847597,0.0069247803767211735,0.05165849001602807,0.05858327039274924
480.5,0.05867709133920353,0.0069247803767211735,0.051752310824185174,0.05867709120090635
481.0,0.058771121898086406,0.0069247803767211735,0.05184633815613381,0.058771118532854986
481.5,0.058865313803681436,0.0069247803767211735,0.051940530707115684,0.05886531108383686
482.0,0.05895972467981436,0.0069247803767211735,0.05203494158324862,0.05895972195996979
482.5,0.05905434876410263,0.0069247803767211735,0.05212956488385284,0.059054345260574015
483.0,0.0591491399574856,0.0069247803767211735,0.05222435930417006,0.059149139680891236
483.5,0.059244138596641335,0.0069247803767211735,0.052319354347599066,0.05924413472432024
484.0,0.05933933315680466,0.0069247803767211735,0.05241455001413985,0.05933933039086103
484.5,0.05943473516274075,0.0069247803767211735,0.05250995220447218,0.059434732581193354
485.0,0.05953032732730185,0.0069247803767211735,0.05260554321655677,0.059530323593277944
485.5,0.059626109650487986,0.0069247803767211735,0.052701328951073385,0.05962610932779456
486.0,0.059722105181829445,0.0069247803767211735,0.05279732120938155,0.05972210158610272
486.5,0.059818302396561086,0.0069247803767211735,0.052893519991481244,0.05981830036820242
487.0,0.05991469553230032,0.0069247803767211735,0.052989913496012966,0.05991469387273414
487.5,0.06001129611381231,0.0069247803767211735,0.05308651352433623,0.0600112939010574
488.0,0.06010811566586221,0.0069247803767211735,0.05318333187781055,0.06010811225453172
488.5,0.06020537315898791,0.0069247803767211735,0.05328059278226674,0.06020537315898791
489.0,0.06030329332610992,0.0069247803767211735,0.05337850866217611,0.060303289038897284
489.5,0.06040140365185694,0.0069247803767211735,0.053476619264517494,0.06040139964123867
490.0,0.06049919128417969,0.0069247803767211735,0.05357440532947218,0.06049918570619335
490.5,0.06059707111462365,0.0069247803767211735,0.053672285805303,0.06059706618202417
491.0,0.06069516415322295,0.0069247803767211735,0.05377037870560511,0.06069515908232628
491.5,0.06079348192474273,0.0069247803767211735,0.05386869583173804,0.060793476208459214
492.0,0.060891989854887536,0.0069247803767211735,0.053967207680303,0.06089198805702417
492.5,0.060990728280335395,0.0069247803767211735,0.05406594375469877,0.06099072413141994
493.0,0.06108967415155601,0.0069247803767211735,0.054164892253565834,0.06108967263028701
493.5,0.06118885628046226,0.0069247803767211735,0.05426407087894348,0.06118885125566465
494.0,0.061288228567993534,0.0069247803767211735,0.05436344422675315,0.06128822460347432
494.5,0.061387819826062714,0.0069247803767211735,0.05446303589971387,0.061387816276435046
495.0,0.06148761852990464,0.0069247803767211735,0.05456283409646614,0.06148761447318731
495.5,0.06158764196666706,0.0069247803767211735,0.054662856519049216,0.06158763689577039
496.0,0.061687878611584805,0.0069247803767211735,0.054763097266783356,0.06168787764350453
496.5,0.061788339989423034,0.0069247803767211735,0.05486355633966856,0.06178833671638973
497.0,0.06188901457541659,0.0069247803767211735,0.05496423373770481,0.06188901411442598
497.5,0.0619898966071829,0.0069247803767211735,0.05506511175885284,0.061989892135574015
498.0,0.06209100337186969,0.0069247803767211735,0.05516621990651145,0.062091000283232625
498.5,0.06219234063185954,0.0069247803767211735,0.05526755818068064,0.06219233855740181
499.0,0.062293896862387295,0.0069247803767211735,0.05536911478000088,0.062293895156722054
499.5,0.062395666301070386,0.0069247803767211735,0.05547088380379242,0.062395664180513594
500.0,0.06249766047267395,0.0069247803767211735,0.05557287705341478,0.06249765743013595
500.5,0.062599879377198,0.0069247803767211735,0.05567509452886795,0.06259987490558912
501.0,0.06270210404410463,0.0069247803767211735,0.05577731790500088,0.06270209828172206
501.5,0.06280411550285593,0.0069247803767211735,0.05587933475734227,0.06280411513406345
502.0,0.06290635745691028,0.0069247803767211735,0.055981575835514476,0.06290635621223566
502.5,0.0630088299062677,0.0069247803767211735,0.05608404704019725,0.06300882741691843
503.0,0.06311152132616303,0.0069247803767211735,0.05618673657003109,0.06311151694675227
503.5,0.06321443747897883,0.0069247803767211735,0.0562896562263755,0.06321443660309668
504.0,0.06331760141424542,0.0069247803767211735,0.05639281781059,0.06331759818731118
504.5,0.06342097855766735,0.0069247803767211735,0.056496197719955565,0.06342097809667674
505.0,0.06352458619639233,0.0069247803767211735,0.05659980185515194,0.06352458223187311
505.5,0.06362841280565522,0.0069247803767211735,0.05670363021617913,0.06362841059290031
506.0,0.06373246991022116,0.0069247803767211735,0.05680768870371689,0.06373246908043807
506.5,0.06383676903485531,0.0069247803767211735,0.05691198321844499,0.06383676359516616
507.0,0.06394129289240996,0.0069247803767211735,0.05701650785968366,0.06394128823640484
507.5,0.06404604148288508,0.0069247803767211735,0.057121256726753146,0.06404603710347433
508.0,0.06415103209342841,0.0069247803767211735,0.057226247521692725,0.0641510278984139
508.5,0.0642562531992748,0.0069247803767211735,0.05733146844314287,0.06425624881986405
509.0,0.06436170480042426,0.0069247803767211735,0.0574369194911036,0.06436169986782478
509.5,0.06446739842164192,0.0069247803767211735,0.057542612466934415,0.06446739284365559
510.0,0.0645733110133975,0.0069247803767211735,0.057648529668596044,0.06457331004531722
510.5,0.06467947138760385,0.0069247803767211735,0.05775468879812777,0.06467946917484894
511.0,0.06478586225711327,0.0069247803767211735,0.05786107805417007,0.06478585843089124
511.5,0.0648924951466909,0.0069247803767211735,0.05796770923808245,0.06489248961480362
512.0,0.06499935853157159,0.0069247803767211735,0.05807457644918517,0.06499935682590634
512.5,0.065106389025547,0.0069247803767211735,0.05818160297864136,0.06510638335536253
513.0,0.06521310258848069,0.0069247803767211735,0.058288316772070366,0.06521309714879155
513.5,0.06532006393386518,0.0069247803767211735,0.05839527839404922,0.06532005877077039
514.0,0.06542725001217015,0.0069247803767211735,0.058502464241858884,0.06542724461858006
514.5,0.06553468387292591,0.0069247803767211735,0.058609897918218405,0.06553467829493957
515.0,0.0656423770408976,0.0069247803767211735,0.05871759122448728,0.06564237160120846
515.5,0.0657502949417898,0.0069247803767211735,0.058825508756586986,0.06575028913330816
516.0,0.06585843181321989,0.0069247803767211735,0.058933650514517495,0.06585843089123868
516.5,0.06596682799186591,0.0069247803767211735,0.05904204600167762,0.06596682637839879
517.0,0.06607546042819758,0.0069247803767211735,0.05915067751602807,0.06607545789274924
517.5,0.06618433488459746,0.0069247803767211735,0.059259550958248614,0.06618433133496979
518.0,0.06629345712344813,0.0069247803767211735,0.05936867222901901,0.06629345260574018
518.5,0.06640280985760184,0.0069247803767211735,0.059478023626299975,0.06640280400302115
519.0,0.06651242189897151,0.0069247803767211735,0.05958764055417007,0.06651242093089124
519.5,0.06662227596040939,0.0069247803767211735,0.05969749350923049,0.06662227388595166
520.0,0.0667323662795329,0.0069247803767211735,0.05980758249148124,0.06673236286820242
520.5,0.0668425833710731,0.0069247803767211735,0.05991780128868668,0.06684258166540785
521.0,0.066952627591136,0.0069247803767211735,0.06002784306549937,0.06695262344222054
521.5,0.06706291383126711,0.0069247803767211735,0.060138132670861905,0.06706291304758308
522.0,0.06717345937861417,0.0069247803767211735,0.060248676005454055,0.06717345638217523
522.5,0.06728424694602943,0.0069247803767211735,0.06035946126791629,0.06728424164463746
523.0,0.06739528229589549,0.0069247803767211735,0.06047050025960813,0.06739528063632931
523.5,0.06750658271536006,0.0069247803767211735,0.06058179888120934,0.06750657925793051
524.0,0.06761811939251026,0.0069247803767211735,0.06069333353000088,0.06761811390672205
524.5,0.06772992113925899,0.0069247803767211735,0.0608051396100613,0.06772991998678247
525.0,0.06784197066845851,0.0069247803767211735,0.060917187617991815,0.067841967994713
525.5,0.06795427950487397,0.0069247803767211735,0.0610294952558317,0.06795427563255287
526.0,0.0680668361237402,0.0069247803767211735,0.061142050722221425,0.0680668310989426
526.5,0.06817963476267466,0.0069247803767211735,0.061254854017161,0.06817963439388218
527.0,0.06829269847120763,0.0069247803767211735,0.061367916942009944,0.06829269731873112
527.5,0.06840602724933913,0.0069247803767211735,0.06148124539744801,0.06840602577416918
528.0,0.0685196038099214,0.0069247803767211735,0.06159482168143593,0.0685196020581571
528.5,0.06863343391533705,0.0069247803767211735,0.06170865169465345,0.06863343207137462
529.0,0.06874692404018068,0.0069247803767211735,0.06182213946844499,0.06874691984516616
529.5,0.06886067923462283,0.0069247803767211735,0.06193589277282566,0.06886067314954683
530.0,0.06897473407295895,0.0069247803767211735,0.06204995291255375,0.06897473328927492
530.5,0.0690927995295683,0.0069247803767211735,0.06216801371315798,0.06909279408987916
531.0,0.06921616637814801,0.0069247803767211735,0.06229138512554469,0.06921616550226586
531.5,0.06933985015776943,0.0069247803767211735,0.06241506927395858,0.06933984965067976
532.0,0.06946387391796285,0.0069247803767211735,0.0625390897611187,0.06946387013783988
532.5,0.0695882318963457,0.0069247803767211735,0.06266344658702505,0.06958822696374622
533.0,0.06971291833053543,0.0069247803767211735,0.06278813385099787,0.06971291422771904
533.5,0.06983793898291459,0.0069247803767211735,0.0629131574537169,0.06983793783043807
534.0,0.06996329385348317,0.0069247803767211735,0.06303851149450239,0.06996329187122356
534.5,0.07008900599177151,0.0069247803767211735,0.06316421957607339,0.07008899995279456
535.0,0.07021503506110154,0.0069247803767211735,0.0632902521950311,0.07021503257175227
535.5,0.07034140987338616,0.0069247803767211735,0.06341662705341478,0.07034140743013595
536.0,0.07046814195339053,0.0069247803767211735,0.06354335595258397,0.07046813632930514
536.5,0.07059520248920176,0.0069247803767211735,0.06367042119049937,0.07059520156722054
537.0,0.07072241284695997,0.0069247803767211735,0.06379762804472898,0.07072240842145015
537.5,0.07084958286804015,0.0069247803767211735,0.06392479949488003,0.0708495798716012
538.0,0.07097711591922265,0.0069247803767211735,0.06405233088649635,0.07097711126321753
538.5,0.07110498318859458,0.0069247803767211735,0.06418019861685889,0.07110497899358006
539.0,0.07123320772568625,0.0069247803767211735,0.06430842628868669,0.07123320666540786
539.5,0.07136178953049767,0.0069247803767211735,0.06443700800129998,0.07136178837802115
540.0,0.07149079198923716,0.0069247803767211735,0.06456600866217611,0.07149078903889729
540.5,0.07162016324046155,0.0069247803767211735,0.06469538106587701,0.07162016144259818
541.0,0.07174993209608371,0.0069247803767211735,0.06482514881512173,0.0717499291918429
541.5,0.07188007550657335,0.0069247803767211735,0.06495529420787097,0.07188007458459214
542.0,0.07201054161048728,0.0069247803767211735,0.06508575823732717,0.07201053861404834
542.5,0.07214138803165125,0.0069247803767211735,0.06521660581096765,0.07214138618768882
543.0,0.07227264358197814,0.0069247803767211735,0.06534786053151145,0.07227264090823263
543.5,0.07240392794421792,0.0069247803767211735,0.06547914475545405,0.07240392513217522
544.0,0.07253545432652592,0.0069247803767211735,0.06561067090726674,0.07253545128398792
544.5,0.07266738983799684,0.0069247803767211735,0.06574260420598275,0.07266738458270393
545.0,0.07279973447863068,0.0069247803767211735,0.06587495055228185,0.07279973092900302
545.5,0.07293249977319262,0.0069247803767211735,0.06600771584684378,0.07293249622356496
546.0,0.07306566267215234,0.0069247803767211735,0.06614087648694952,0.0730656568636707
546.5,0.07319924622504012,0.0069247803767211735,0.06627446197599786,0.07319924235271903
547.0,0.07333323314470827,0.0069247803767211735,0.06640844871126976,0.07333322908799093
547.5,0.07346766953021738,0.0069247803767211735,0.0665428838982033,0.07346766427492447
548.0,0.07360249199535912,0.0069247803767211735,0.06667770853000088,0.07360248890672205
548.5,0.07373775240157666,0.0069247803767211735,0.06681296981210058,0.07373775018882175
549.0,0.07387341041219199,0.0069247803767211735,0.06694862643974409,0.07387340681646526
549.5,0.07400950636388312,0.0069247803767211735,0.0670847197176897,0.07400950009441087
550.0,0.07414556197889621,0.0069247803767211735,0.06722077759155677,0.07414555796827794
550.5,0.0742819402873336,0.0069247803767211735,0.06735715410213079,0.07428193447885197
551.0,0.07441875077446422,0.0069247803767211735,0.06749396726300692,0.0744187476397281
551.5,0.0745559876779055,0.0069247803767211735,0.06763120527282565,0.07455598564954682
552.0,0.07469366828480516,0.0069247803767211735,0.06776888583362625,0.07469366621034743
552.5,0.07483178683278063,0.0069247803767211735,0.06790700304472898,0.07483178342145015
553.0,0.07497033179706677,0.0069247803767211735,0.0680455451047743,0.07497032548149547
553.5,0.07510931470242872,0.0069247803767211735,0.06818452971580148,0.07510931009252265
554.0,0.07524874131124906,0.0069247803767211735,0.06832395687781055,0.07524873725453173
554.5,0.0753885828116149,0.0069247803767211735,0.06846379708740269,0.07538857746412386
555.0,0.07552888530258686,0.0069247803767211735,0.06860410345069574,0.07552888382741692
555.5,0.07566961997225205,0.0069247803767211735,0.0687448346629314,0.07566961503965257
556.0,0.07581079834537564,0.0069247803767211735,0.06888601432682867,0.07581079470354984
556.5,0.07595193061943861,0.0069247803767211735,0.06902714678528789,0.07595192716200906
557.0,0.0760934028740736,0.0069247803767211735,0.06916862148317308,0.07609340185989426
557.5,0.07623534188169727,0.0069247803767211735,0.06931055643407943,0.07623533681080061
558.0,0.07637774764230965,0.0069247803767211735,0.06945296343936644,0.07637774381608761
558.5,0.07652057981923267,0.0069247803767211735,0.06959579529359605,0.07652057567031723
559.0,0.07666386146199668,0.0069247803767211735,0.06973907559948729,0.07666385597620846
559.5,0.07680760409536679,0.0069247803767211735,0.06988282205907943,0.0768076024358006
560.0,0.07695181924410817,0.0069247803767211735,0.07002703467237248,0.07695181504909365
560.5,0.07709648385869051,0.0069247803767211735,0.07017170163800693,0.0770964820147281
561.0,0.07724162098864414,0.0069247803767211735,0.07031683475734227,0.07724161513406344
561.5,0.07738722487158646,0.0069247803767211735,0.07046243993105829,0.07738722030777946
562.0,0.07753328398275232,0.0069247803767211735,0.07060849945711568,0.07753327983383686
562.5,0.0776798271340546,0.0069247803767211735,0.07075504283891326,0.07767982321563444
563.0,0.07782638181012203,0.0069247803767211735,0.07090159802207037,0.07782637839879154
563.5,0.07797322460531829,0.0069247803767211735,0.07104844233853562,0.07797322271525679
564.0,0.07812053415350323,0.0069247803767211735,0.07119575280870179,0.07812053318542296
564.5,0.07826832197944203,0.0069247803767211735,0.07134353533324861,0.07826831570996978
565.0,0.07841657655836952,0.0069247803767211735,0.07149178991217611,0.07841657028889729
565.5,0.07856531517743344,0.0069247803767211735,0.07164052834684378,0.07856530872356496
566.0,0.07871452054948605,0.0069247803767211735,0.07178973883589213,0.0787145192126133
566.5,0.07886429639741373,0.0069247803767211735,0.0719395098895175,0.07886429026623867
567.0,0.07902190332326284,0.0069247803767211735,0.07209711704586191,0.07902189742258309
567.5,0.07918560684987785,0.0069247803767211735,0.07226082550507641,0.07918560588179759
568.0,0.07934992118904598,0.0069247803767211735,0.07242513583362625,0.07934991621034743
568.5,0.07951482905361948,0.0069247803767211735,0.0725900421308317,0.07951482250755287
569.0,0.07968037078027639,0.0069247803767211735,0.07275558570145103,0.07968036607817221
569.5,0.07984632163609623,0.0069247803767211735,0.07292153641897368,0.07984631679569486
570.0,0.08001234164050698,0.0069247803767211735,0.07308755794465345,0.08001233832137462
570.5,0.08017897821985343,0.0069247803767211735,0.07325419314102807,0.08017897351774925
571.0,0.08034623137413555,0.0069247803767211735,0.07342144790877732,0.08034622828549849
571.5,0.08051407805382305,0.0069247803767211735,0.07358929274450239,0.08051407312122356
572.0,0.08068256435797654,0.0069247803767211735,0.07375778075432113,0.0806825611310423
572.5,0.08085166147468313,0.0069247803767211735,0.07392687653415496,0.08085165691087613
573.0,0.08102135787917768,0.0069247803767211735,0.07409657418332415,0.08102135456004532
573.5,0.0811916996705208,0.0069247803767211735,0.07426691500658698,0.08119169538330816
574.0,0.08136267532394732,0.0069247803767211735,0.07443789310326372,0.0813626734799849
574.5,0.08153426755230953,0.0069247803767211735,0.07460948487063532,0.08153426524735649
575.0,0.08170648788037257,0.0069247803767211735,0.0747817021100613,0.08170648248678247
575.5,0.08187933054575387,0.0069247803767211735,0.07495454482154167,0.08187932519826284
576.0,0.08205281283560116,0.0069247803767211735,0.07512803070711568,0.08205281108383686
576.5,0.08222647375930832,0.0069247803767211735,0.0753016877124027,0.08222646808912387
577.0,0.08240046890120492,0.0069247803767211735,0.07547568695711568,0.08240046733383685
577.5,0.08257511519233265,0.0069247803767211735,0.07565032937592234,0.08257510975264351
578.0,0.08275041263269153,0.0069247803767211735,0.07582562677018215,0.08275040714690332
578.5,0.0829263266479861,0.0069247803767211735,0.07600154373581659,0.08292632411253777
579.0,0.08310292638680726,0.0069247803767211735,0.07617813927962323,0.0831029196563444
579.5,0.08328017151247699,0.0069247803767211735,0.07635538979888305,0.08328017017560423
580.0,0.08345805050023013,0.0069247803767211735,0.07653326579019726,0.08345804616691843
580.5,0.08363660944912729,0.0069247803767211735,0.07671182626036342,0.0836366066370846
581.0,0.08381580802249045,0.0069247803767211735,0.07689102400394347,0.08381580438066465
581.5,0.08399566926984989,0.0069247803767211735,0.07707088262365647,0.08399566300037764
582.0,0.0841761989535882,0.0069247803767211735,0.0772514139208619,0.08417619429758308
582.5,0.08435737978655766,0.0069247803767211735,0.07743259429284076,0.08435737466956193
583.0,0.084539229055906,0.0069247803767211735,0.07761444734231206,0.08453922771903323
583.5,0.08472111866193235,0.0069247803767211735,0.07779633579586191,0.08472111617258309
584.0,0.08490351535762544,0.0069247803767211735,0.07797873170787097,0.08490351208459214
584.5,0.08508656320254969,0.0069247803767211735,0.07816177669465345,0.08508655707137462
585.0,0.08527031405814825,0.0069247803767211735,0.07834552976300692,0.08527031013972809
585.5,0.08545473335012568,0.0069247803767211735,0.07852994960817308,0.08545472998489426
586.0,0.08563982684086456,0.0069247803767211735,0.07871504213083169,0.08563982250755287
586.5,0.08582561757989521,0.0069247803767211735,0.07890083093370179,0.08582561131042296
587.0,0.08601207675530471,0.0069247803767211735,0.07908729241406433,0.0860120727907855
587.5,0.08619922165424082,0.0069247803767211735,0.07927443837327883,0.08619921875
588.0,0.08638707532623383,0.0069247803767211735,0.07946229241406433,0.0863870727907855
588.5,0.08657560319698829,0.0069247803767211735,0.07965081913234227,0.08657559950906345
589.0,0.08676485136556482,0.0069247803767211735,0.07984006573355074,0.08676484611027191
589.5,0.08695478525766794,0.0069247803767211735,0.08003000271429091,0.08695478309101208
590.0,0.08714542792282796,0.0069247803767211735,0.08022064187592233,0.0871454222526435
590.5,0.08733612244943117,0.0069247803767211735,0.08041134004435134,0.08733612042107251
591.0,0.08752731254093597,0.0069247803767211735,0.08060252796920028,0.08752730834592146
591.5,0.08771918259358479,0.0069247803767211735,0.08079440037290118,0.08771918074962236
592.0,0.08791177294405565,0.0069247803767211735,0.08098698675885284,0.08791176713557401
592.5,0.08810506054281829,0.0069247803767211735,0.08118027532569574,0.08810505570241692
593.0,0.08829907996416812,0.0069247803767211735,0.08137429557682868,0.08829907595354985
593.5,0.0884938023961923,0.0069247803767211735,0.08156901800885284,0.08849379838557402
594.0,0.08868925665080367,0.0069247803767211735,0.08176447212516705,0.08868925250188822
594.5,0.08888541967847197,0.0069247803767211735,0.08196063432305224,0.08888541469977342
595.0,0.08908230876634489,0.0069247803767211735,0.0821575223045477,0.08908230268126888
595.5,0.08927994120157016,0.0069247803767211735,0.08235515377169272,0.0892799341484139
596.0,0.08947828817223494,0.0069247803767211735,0.08255350512176825,0.08947828549848942
596.5,0.08967746492599073,0.0069247803767211735,0.08275268256700995,0.08967746294373112
597.0,0.08988761325617212,0.0069247803767211735,0.08296282937592234,0.08988760975264351
597.5,0.0901057194366916,0.0069247803767211735,0.08318093620182868,0.09010571657854985
598.0,0.09032424627113919,0.0069247803767211735,0.08339946197599786,0.09032424235271903
598.5,0.09054364898773838,0.0069247803767211735,0.08361886695145103,0.0905436473281722
599.0,0.0907639563984021,0.0069247803767211735,0.08383916883022746,0.09076394920694864
599.5,0.09098513969121742,0.0069247803767211735,0.08406035581096764,0.09098513618768882
600.0,0.09120723344047985,0.0069247803767211735,0.0842824514963906,0.09120723187311178
600.5,0.0914302261214242,0.0069247803767211735,0.08450544408513683,0.091430224461858
601.0,0.09165414654596335,0.0069247803767211735,0.08472936308060511,0.09165414345732628
601.5,0.09187894285265412,0.0069247803767211735,0.08495415537667762,0.0918789357533988
602.0,0.0921046726653223,0.0069247803767211735,0.0851798858808317,0.09210466625755287
602.5,0.09233133598396785,0.0069247803767211735,0.08540654869238759,0.09233132906910876
603.0,0.09255893857097337,0.0069247803767211735,0.08563415561270481,0.09255893598942598
603.5,0.09278750923825174,0.0069247803767211735,0.08586272434382264,0.09278750472054381
604.0,0.09301700764912493,0.0069247803767211735,0.08609222538234228,0.09301700575906345
604.5,0.09324735889261943,0.0069247803767211735,0.08632257611874711,0.09324735649546828
605.0,0.09347790029473896,0.0069247803767211735,0.0865531156769042,0.09347789605362537
605.5,0.09370940401474875,0.0069247803767211735,0.0867846170458619,0.09370939742258308
606.0,0.09394186429026624,0.0069247803767211735,0.08701708022562021,0.09394186060234139
606.5,0.0941753617946475,0.0069247803767211735,0.08725057602433622,0.0941753564010574
607.0,0.09440979280500614,0.0069247803767211735,0.0874850100311338,0.09440979040785498
607.5,0.09464521494516794,0.0069247803767211735,0.08772042945145103,0.0946452098281722
608.0,0.09488162821513288,0.0069247803767211735,0.0879568460866474,0.09488162646336858
608.5,0.09511906142681387,0.0069247803767211735,0.08819427763876221,0.09511905801548338
609.0,0.09535745695638513,0.0069247803767211735,0.08843267100167762,0.0953574513783988
609.5,0.09559652092233525,0.0069247803767211735,0.08867173704208547,0.09559651741880665
610.0,0.09583620146322107,0.0069247803767211735,0.08891141675318819,0.09583619712990936
610.5,0.09607689618344033,0.0069247803767211735,0.08915211138120933,0.09607689175793051
611.0,0.09631859932061049,0.0069247803767211735,0.08939381502546916,0.09631859540219033
611.5,0.09656132816187925,0.0069247803767211735,0.08963654538800692,0.09656132576472809
612.0,0.0968051115191595,0.0069247803767211735,0.08988032607154167,0.09680510644826285
612.5,0.09704990905577322,0.0069247803767211735,0.09012512167199484,0.09704990204871601
613.0,0.09729570924695526,0.0069247803767211735,0.09037092628868668,0.09729570666540785
613.5,0.09754256971653134,0.0069247803767211735,0.09061778122637551,0.09754256160309668
614.0,0.0977906402864485,0.0069247803767211735,0.09086585170409453,0.0977906320808157
614.5,0.09805651661852695,0.0069247803767211735,0.0911317363340039,0.09805651671072507
615.0,0.09832573513249976,0.0069247803767211735,0.09140095484797671,0.09832573522469788
615.5,0.09859616374681364,0.0069247803767211735,0.09167137710062022,0.09859615747734139
616.0,0.09886781398623372,0.0069247803767211735,0.09194303259533321,0.09886781297205438
616.5,0.09914069737552517,0.0069247803767211735,0.09221591543143592,0.0991406958081571
617.0,0.09941480238992281,0.0069247803767211735,0.09249001380756885,0.09941479418429003
617.5,0.09969018665325245,0.0069247803767211735,0.0927653985318891,0.09969017890861027
618.0,0.09996676949215799,0.0069247803767211735,0.09304198699488003,0.0999667673716012
618.5,0.10024460853046521,0.0069247803767211735,0.09331982640197974,0.10024460677870091
619.0,0.10052355394622711,0.0069247803767211735,0.09359876333551448,0.10052354371223565
619.5,0.1008030410259512,0.0069247803767211735,0.0938782549329465,0.10080303530966768
620.0,0.10108376125554663,0.0069247803767211735,0.09415897387176825,0.10108375424848942
620.5,0.10136577225883922,0.0069247803767211735,0.09444099096013683,0.10136577133685801
621.0,0.10164905098629862,0.0069247803767211735,0.09472427079397369,0.10164905117069487
621.5,0.10193359743792485,0.0069247803767211735,0.09500881337327882,0.10193359375
622.0,0.10221942313848305,0.0069247803767211735,0.09529464230077127,0.10221942267749244
622.5,0.10250655113750354,0.0069247803767211735,0.09558176937781054,0.10250654975453172
623.0,0.102794958385456,0.0069247803767211735,0.09587017100167762,0.1027949513783988
623.5,0.10308466793187075,0.0069247803767211735,0.09615988257645103,0.1030846629531722
624.0,0.10337520726137651,0.0069247803767211735,0.09645042024639061,0.10337520062311178
624.5,0.10366657637397328,0.0069247803767211735,0.09674179581285587,0.10366657618957704
625.0,0.10395928235932779,0.0069247803767211735,0.09703449313158698,0.10395927350830815
625.5,0.10425329064314459,0.0069247803767211735,0.09732850040122444,0.10425328077794561
626.0,0.10454860122542367,0.0069247803767211735,0.09762381762176825,0.10454859799848942
626.5,0.10484526020522564,0.0069247803767211735,0.09792048019729695,0.10484526057401812
627.0,0.10514324453302021,0.0069247803767211735,0.09821846452509152,0.10514324490181269
627.5,0.10544256573357251,0.0069247803767211735,0.09851778240651146,0.10544256278323264
628.0,0.10574325838117801,0.0069247803767211735,0.09881846924563532,0.1057432496223565
628.5,0.1060452763767761,0.0069247803767211735,0.09912048963838457,0.10604527001510575
629.0,0.10634784756110154,0.0069247803767211735,0.0994230646950311,0.10634784507175227
629.5,0.1066517095191241,0.0069247803767211735,0.09972692609986493,0.1066517064765861
630.0,0.10697281252581547,0.0069247803767211735,0.10004802929095254,0.10697280966767371
630.5,0.1073068347942433,0.0069247803767211735,0.10038205497071086,0.10730683534743203
631.0,0.1076425281536183,0.0069247803767211735,0.100717744642161,0.10764252501888218
631.5,0.10797976583152379,0.0069247803767211735,0.10105498029170783,0.107979760668429
632.0,0.10831845562983856,0.0069247803767211735,0.1013936675084752,0.10831844788519637
632.5,0.10865878194480504,0.0069247803767211735,0.10173399511421538,0.10865877549093655
633.0,0.10900071020212779,0.0069247803767211735,0.10207592770484983,0.109000708081571
633.5,0.10934432107516286,0.0069247803767211735,0.10241953608853563,0.1093443164652568
634.0,0.10968848513692528,0.0069247803767211735,0.1027636991361187,0.10968847951283987
634.5,0.11003429724010456,0.0069247803767211735,0.10310951437403411,0.11003429475075528
635.0,0.11038175738470071,0.0069247803767211735,0.10345697000092233,0.1103817503776435
635.5,0.1107309001450092,0.0069247803767211735,0.10380611322222143,0.1107308935989426
636.0,0.1110816794219694,0.0069247803767211735,0.10415689683249332,0.1110816772092145
636.5,0.11143414131464195,0.0069247803767211735,0.10450935623581659,0.11143413661253776
637.0,0.11178829734779197,0.0069247803767211735,0.10486351503491025,0.11178829541163142
637.5,0.11214413599665432,0.0069247803767211735,0.10521934962705526,0.11214413000377643
638.0,0.11250166878599414,0.0069247803767211735,0.10557688361497067,0.11250166399169184
638.5,0.11286059607191748,0.0069247803767211735,0.10593581016330904,0.11286059054003021
639.0,0.11322059516100005,0.0069247803767211735,0.10629581063536342,0.11322059101208459
639.5,0.11358225381626463,0.0069247803767211735,0.10665746329775012,0.1135822436744713
640.0,0.11394562966153701,0.0069247803767211735,0.10702083895862625,0.11394561933534743
640.5,0.11431072269681718,0.0069247803767211735,0.10738593761799181,0.11431071799471298
641.0,0.11467753292210513,0.0069247803767211735,0.10775274747448729,0.11467752785120847
641.5,0.11504608338693117,0.0069247803767211735,0.1081212921308317,0.11504607250755287
642.0,0.1154157171796816,0.0069247803767211735,0.10849093431361115,0.11541571469033232
642.5,0.11578691834049283,0.0069247803767211735,0.1088621342758468,0.11578691465256798
643.0,0.11615983669131184,0.0069247803767211735,0.10923504543521236,0.11615982581193353
643.5,0.1165345529054947,0.0069247803767211735,0.10960976220258396,0.11653454257930514
644.0,0.11691496235366314,0.0069247803767211735,0.10999017902660209,0.11691495940332326
644.5,0.11732178656356212,0.0069247803767211735,0.11039699549185888,0.11732177586858006
645.0,0.11773040863682496,0.0069247803767211735,0.11080561756512172,0.1177303979418429
645.5,0.11814039063237584,0.0069247803767211735,0.11121560859608849,0.11814038897280967
646.0,0.11855241251135881,0.0069247803767211735,0.11162762946089212,0.1185524098376133
646.5,0.11896647427377384,0.0069247803767211735,0.11204169196089211,0.11896647233761329
647.0,0.11938311758358312,0.0069247803767211735,0.11245832715726674,0.11938310753398791
647.5,0.11980244616367305,0.0069247803767211735,0.11287766486497067,0.11980244524169184
648.0,0.12022454068739968,0.0069247803767211735,0.11329975228944197,0.12022453266616315
648.5,0.12064870966885385,0.0069247803767211735,0.11372392855454772,0.12064870893126889
649.0,0.1210753103757553,0.0069247803767211735,0.11415052409835436,0.12107530447507553
649.5,0.12150471160058889,0.0069247803767211735,0.11457992836572596,0.12150470874244713
650.0,0.12193685571952889,0.0069247803767211735,0.11501207054850542,0.12193685092522659
650.5,0.12237205390123443,0.0069247803767211735,0.11544726928339967,0.12237204966012084
651.0,0.12283022093988978,0.0069247803767211735,0.11590543346391327,0.12283021384063444
651.5,0.12329383919246246,0.0069247803767211735,0.11636904987252354,0.12329383024924472
652.0,0.12376016576484611,0.0069247803767211735,0.11683538059382263,0.1237601609705438
652.5,0.1242288318645558,0.0069247803767211735,0.11730404798430602,0.1242288283610272
653.0,0.12470063270038709,0.0069247803767211735,0.11777584273506131,0.12470062311178248
653.5,0.12517556827233997,0.0069247803767211735,0.11825077664744801,0.1251755570241692
654.0,0.12565365010517962,0.0069247803767211735,0.11872886152282565,0.12565364189954684
654.5,0.12613493582273178,0.0069247803767211735,0.1192101445666323,0.1261349249433535
655.0,0.12661942542499646,0.0069247803767211735,0.11969463758022747,0.12661941795694864
655.5,0.12710709586244334,0.0069247803767211735,0.1201823051595326,0.12710708553625377
656.0,0.12759679465855717,0.0069247803767211735,0.1206720025726746,0.12759678294939578
656.5,0.12808978953750472,0.0069247803767211735,0.12116500436648124,0.12808978474320243
657.0,0.12859856181994667,0.0069247803767211735,0.12167377277660209,0.12859855315332328
657.5,0.12912547408273933,0.0069247803767211735,0.12220069167765948,0.12912547205438066
658.0,0.12965597054749456,0.0069247803767211735,0.12273118639065042,0.1296559667673716
658.5,0.13019007426374268,0.0069247803767211735,0.12326529231965346,0.13019007269637461
659.0,0.1307277737067185,0.0069247803767211735,0.12380298586194952,0.1307277662386707
659.5,0.1312682736676265,0.0069247803767211735,0.12434348812781054,0.13126826850453172
660.0,0.13181190836465612,0.0069247803767211735,0.12488711775394348,0.13181189813066466
660.5,0.1323592655608301,0.0069247803767211735,0.12543447660968365,0.13235925698640483
661.0,0.13291023000849697,0.0069247803767211735,0.12598544668143594,0.1329102270581571
661.5,0.1334648593314825,0.0069247803767211735,0.12654007517463833,0.1334648555513595
662.0,0.1340232111536124,0.0069247803767211735,0.1270984210960885,0.13402320147280966
662.5,0.13458552749495492,0.0069247803767211735,0.12766074407569575,0.13458552445241692
663.0,0.13517523820306598,0.0069247803767211735,0.12825044620938156,0.13517522658610273
663.5,0.13577651977539062,0.0069247803767211735,0.12885173727811267,0.13577651765483384
664.0,0.13638192721364,0.0069247803767211735,0.12945713521995555,0.13638191559667673
664.5,0.13699141441875354,0.0069247803767211735,0.13006662823355072,0.1369914086102719
665.0,0.13760484309354937,0.0069247803767211735,0.13068005109986494,0.13760483147658611
665.5,0.13822215561420176,0.0069247803767211735,0.13129736841481962,0.1382221487915408
666.0,0.1388434902778925,0.0069247803767211735,0.13191869819200994,0.1388434785687311
666.5,0.13946860506455344,0.0069247803767211735,0.1325438162056051,0.13946859658232627
667.0,0.1400961861509571,0.0069247803767211735,0.13317140070333924,0.14009618108006042
667.5,0.14072781242992943,0.0069247803767211735,0.13380302126602808,0.14072780164274926
668.0,0.1413636913472432,0.0069247803767211735,0.13443890211950238,0.14136368249622355
668.5,0.14202809405831052,0.0069247803767211735,0.13510330685892838,0.14202808723564955
669.0,0.14271137433469835,0.0069247803767211735,0.13578658197222143,0.1427113623489426
669.5,0.14339912621996553,0.0069247803767211735,0.1364743416021308,0.14339912197885196
670.0,0.14409174155612728,0.0069247803767211735,0.13716695159080147,0.14409173196752265
670.5,0.14478897832311532,0.0069247803767211735,0.1378641877124027,0.14478896808912387
671.0,0.14549062907515695,0.0069247803767211735,0.13856583754246313,0.1454906179191843
671.5,0.1461967399113128,0.0069247803767211735,0.1392719482864208,0.14619672866314198
672.0,0.1469075298021207,0.0069247803767211735,0.13998274417010662,0.1469075245468278
672.5,0.14762294112375496,0.0069247803767211735,0.14069815438536343,0.1476229347620846
673.0,0.1483430315000413,0.0069247803767211735,0.1414182497403483,0.14834303011706948
673.5,0.14906841174353286,0.0069247803767211735,0.14214362030303712,0.1490684006797583
674.0,0.1498429220608714,0.0069247803767211735,0.14291813172675313,0.1498429121034743
674.5,0.15062280291877125,0.0069247803767211735,0.14369801276904923,0.1506227931457704
675.0,0.15140801974293688,0.0069247803767211735,0.14448322802584682,0.151408008402568
675.5,0.15219857253336835,0.0069247803767211735,0.1452737892985054,0.15219856967522657
676.0,0.15299453043865655,0.0069247803767211735,0.14606974379246312,0.1529945241691843
676.5,0.153796008706453,0.0069247803767211735,0.1468712213226746,0.15379600169939578
677.0,0.15460279989098494,0.0069247803767211735,0.14767800946466855,0.15460278984138973
677.5,0.15541319832700978,0.0069247803767211735,0.14848840882267458,0.15541318919939576
678.0,0.15622831039198215,0.0069247803767211735,0.14930351692312777,0.15622829729984894
678.5,0.15704940381006893,0.0069247803767211735,0.15012462011421537,0.15704940049093655
679.0,0.1579206991051619,0.0069247803767211735,0.15099591448732716,0.15792069486404833
679.5,0.1588091202012722,0.0069247803767211735,0.15188433263309756,0.15880911300981873
680.0,0.1597039260172772,0.0069247803767211735,0.15277913531436643,0.1597039156910876
680.5,0.16060622293063162,0.0069247803767211735,0.15368143185892838,0.16060621223564955
681.0,0.16151598789180513,0.0069247803767211735,0.15459119866406432,0.1615159790407855
681.5,0.162433313098919,0.0069247803767211735,0.15550853014065041,0.1624333105173716
682.0,0.16335685015445028,0.0069247803767211735,0.15643205733098275,0.16335683770770393
682.5,0.16428584994866408,0.0069247803767211735,0.1573610603521308,0.16428584072885197
683.0,0.16522250218693943,0.0069247803767211735,0.15829771065424558,0.16522249103096676
683.5,0.16617211978601185,0.0069247803767211735,0.15924733065046917,0.16617211102719034
684.0,0.16719286823560825,0.0069247803767211735,0.16026807744049937,0.16719285781722054
684.5,0.16822235245719055,0.0069247803767211735,0.16129756903793138,0.16822234941465256
685.0,0.1692606070250543,0.0069247803767211735,0.16233581724412474,0.16926059762084592
685.5,0.17030768956302517,0.0069247803767211735,0.16338290466859604,0.1703076850453172
686.0,0.17136361159586835,0.0069247803767211735,0.16443881950998576,0.17136359988670694
686.5,0.17242734741948523,0.0069247803767211735,0.16550255865273503,0.1724273390294562
687.0,0.17349692629903465,0.0069247803767211735,0.16657213946844499,0.17349691984516616
687.5,0.17457551754493367,0.0069247803767211735,0.16765072472146614,0.1745755050981873
688.0,0.17566347842490204,0.0069247803767211735,0.168738692055303,0.17566347243202418
688.5,0.17681790262550745,0.0069247803767211735,0.16989311284457792,0.1768178932212991
689.0,0.17799403948366102,0.0069247803767211735,0.17106924813536342,0.1779940285120846
689.5,0.17918027203608855,0.0069247803767211735,0.17225548538989513,0.1791802657666163
690.0,0.180376669431381,0.0069247803767211735,0.17345188361497066,0.18037666399169183
690.5,0.18158326624383378,0.0069247803767211735,0.17465847821466857,0.18158325859138974
691.0,0.1828000970477424,0.0069247803767211735,0.17587530459306736,0.18280008496978853
691.5,0.18408197362617423,0.0069247803767211735,0.17715718006512174,0.1840819604418429
692.0,0.18538036519307025,0.0069247803767211735,0.17845557744049936,0.18538035781722054
692.5,0.18669003950505098,0.0069247803767211735,0.17976524511421538,0.18669002549093655
693.0,0.1880111348592983,0.0069247803767211735,0.18108634830530299,0.18801112868202416
693.5,0.18934361668151672,0.0069247803767211735,0.18241882800696463,0.1893436083836858
694.0,0.190701257066064,0.0069247803767211735,0.18377646820711568,0.19070124858383686
694.5,0.1921284839826048,0.0069247803767211735,0.18520368922297673,0.1921284695996979
695.0,0.19356608318778323,0.0069247803767211735,0.18664129543521235,0.19356607581193352
695.5,0.19501617523838746,0.0069247803767211735,0.18809138748581658,0.19501616786253775
696.0,0.19647882928300842,0.0069247803767211735,0.1895540361829465,0.19647881655966767
696.5,0.1979546907084946,0.0069247803767211735,0.191029902402735,0.1979546827794562
697.0,0.19949451458057968,0.0069247803767211735,0.19256972018974408,0.19949450056646525
697.5,0.20108087545435235,0.0069247803767211735,0.1941560825386867,0.20108086291540786
698.0,0.2026769862794444,0.0069247803767211735,0.19575219281059,0.20267697318731118
698.5,0.20428646583211385,0.0069247803767211735,0.19736168582418517,0.20428646620090635
699.0,0.2059103052421639,0.0069247803767211735,0.1989855056882335,0.20591028606495468
699.5,0.20756406294255098,0.0069247803767211735,0.20063927740273502,0.2075640577794562
700.0,0.20929849399900868,0.0069247803767211735,0.20237369960817309,0.20929847998489426
700.5,0.21104846043889255,0.0069247803767211735,0.20412367600545406,0.21104845638217523
701.0,0.21281207220071752,0.0069247803767211735,0.2058872711716172,0.21281205154833838
701.5,0.2146344602648225,0.0069247803767211735,0.2077096607108921,0.2146344410876133
702.0,0.216498706275963,0.0069247803767211735,0.209573921473732,0.21649870185045317
702.5,0.21838014723671167,0.0069247803767211735,0.21145536501602807,0.21838014539274925
703.0,0.220292682013843,0.0069247803767211735,0.2133678933392909,0.22029267371601208
703.5,0.22228854084303012,0.0069247803767211735,0.21536373926074107,0.22228851963746224
704.0,0.22430189426571942,0.0069247803767211735,0.21737709839971386,0.22430187877643504
704.5,0.22632799407866785,0.0069247803767211735,0.21940320300696461,0.2263279833836858
705.0,0.22843370696929285,0.0069247803767211735,0.22150891958551447,0.22843369996223564
705.5,0.23058240723393836,0.0069247803767211735,0.22365761671542383,0.230582397092145
706.0,0.23275588574366268,0.0069247803767211735,0.2258310967003181,0.23275587707703926
706.5,0.23502156237461055,0.0069247803767211735,0.22809676890575617,0.23502154928247734
707.0,0.2373266537023815,0.0069247803767211735,0.23040185765197974,0.2373266380287009
707.5,0.2396518672701095,0.0069247803767211735,0.23272707951753865,0.23965185989425983
708.0,0.24208820262344222,0.0069247803767211735,0.23516339938158698,0.24208817975830815
708.5,0.2445581672414912,0.0069247803767211735,0.2376333767229767,0.2445581570996979
709.0,0.2470659791883025,0.0069247803767211735,0.24014118922297673,0.2470659695996979
709.5,0.24969272671149217,0.0069247803767211735,0.24276793582418518,0.24969271620090636
710.0,0.2523412560408209,0.0069247803767211735,0.24541646773506132,0.2523412481117825
710.5,0.2550458648773839,0.0069247803767211735,0.2481210797063604,0.25504586008308155
711.0,0.2578540352536112,0.0069247803767211735,0.2509292368060583,0.25785401718277945
711.5,0.2606904413044633,0.0069247803767211735,0.25376564636043897,0.26069042673716014
712.0,0.2636252458001912,0.0069247803767211735,0.2567004556504692,0.26362523602719035
712.5,0.2666422449209899,0.0069247803767211735,0.2597174496081731,0.2666422299848943
713.0,0.2696808875507459,0.0069247803767211735,0.2627560872592305,0.26968086763595167
713.5,0.2728631518038378,0.0069247803767211735,0.26593834745560513,0.2728631278323263
714.0,0.27610359307142185,0.0069247803767211735,0.2691787883543966,0.2761035687311178
714.5,0.2794153726353026,0.0069247803767211735,0.27249058027282563,0.2794153606495468
715.0,0.2828897896850217,0.0069247803767211735,0.2759649949253936,0.2828897753021148
715.5,0.28640498135385195,0.0069247803767211735,0.27948019507645105,0.28640497545317223
716.0,0.2900373798842877,0.0069247803767211735,0.28311258272750844,0.2900373631042296
716.5,0.2937794250303885,0.0069247803767211735,0.2868546286111942,0.2937794089879154
717.0,0.29756844511925273,0.0069247803767211735,0.29064364390575614,0.2975684242824773
717.5,0.3015809073549023,0.0069247803767211735,0.2946561061414057,0.30158088651812687
718.0,0.30563843142229985,0.0069247803767211735,0.2987136259676897,0.30563840634441086
718.5,0.3098299193598352,0.0069247803767211735,0.30290511482720633,0.3098298952039275
719.0,0.3141529509668264,0.0069247803767211735,0.30722816524261415,0.3141529456193353
719.5,0.31865215013394543,0.0069247803767211735,0.31172736275016705,0.3186521431268882
720.0,0.32325910585524453,0.0069247803767211735,0.31633430667010665,0.3232590870468278
720.5,0.32804063871908046,0.0069247803767211735,0.321115839902735,0.3280406202794562
721.0,0.3329860767929215,0.0069247803767211735,0.3260612704163302,0.3329860507930514
721.5,0.33803634413059386,0.0069247803767211735,0.331111544207871,0.33803632458459215
722.0,0.34328117255357815,0.0069247803767211735,0.3363563752124027,0.34328115558912387
722.5,0.3486245838176808,0.0069247803767211735,0.3416997947743362,0.3486245751510574
723.0,0.3542245824531486,0.0069247803767211735,0.347299775892161,0.35422455626888216
723.5,0.35995425774611733,0.0069247803767211735,0.3530294539510734,0.35995423432779455
724.0,0.36589545857870326,0.0069247803767211735,0.3589706595779616,0.36589543995468277
724.5,0.3720147631319628,0.0069247803767211735,0.3650899713226746,0.3720147516993958
725.0,0.37835276162876463,0.0069247803767211735,0.37142796225923047,0.37835274263595164
725.5,0.38489737611522845,0.0069247803767211735,0.3779725713982033,0.38489735177492446
726.0,0.3916524097638548,0.0069247803767211735,0.38472759877735735,0.3916523791540785
726.5,0.39862092816217426,0.0069247803767211735,0.391696112750167,0.3986208931268882
727.0,0.40580689582939955,0.0069247803767211735,0.3988821021761489,0.40580688255287006
727.5,0.4132226212147139,0.0069247803767211735,0.40629784046920026,0.41322262084592143
728.0,0.42085473559054004,0.0069247803767211735,0.41392992128491024,0.4208547016616314
728.5,0.42865368246672014,0.0069247803767211735,0.4217288733241852,0.42865365370090636
729.0,0.4366614580874717,0.0069247803767211735,0.4297366622214661,0.4366614425981873
729.5,0.44487557310352155,0.0069247803767211735,0.4379507860885356,0.4448755664652568
730.0,0.45328339637226206,0.0069247803767211735,0.4463585938679918,0.453283374244713
730.5,0.46187303433605553,0.0069247803767211735,0.45494823699488,0.4618730173716012
731.0,0.470624157309172,0.0069247803767211735,0.4636993699253936,0.4706241503021148
731.5,0.4795151909312453,0.0069247803767211735,0.4725903725688982,0.47951515294561936
732.0,0.48852764947897,0.0069247803767211735,0.4816028348045477,0.48852761518126886
732.5,0.4976152033964313,0.0069247803767211735,0.490690400892161,0.49761518126888216
733.0,0.5066757893634347,0.0069247803767211735,0.4997509654692003,0.5066757458459215
733.5,0.508317653506184,0.0069247803767211735,0.5013928650160281,0.5083176453927493
734.0,0.508330699540337,0.0069247803767211735,0.5014058937169344,0.5083306740936556
734.5,0.5083436994754296,0.0069247803767211735,0.5014188752124027,0.5083436555891239
735.0,0.5083566533114615,0.0069247803767211735,0.5014318567078709,0.5083566370845921
735.5,0.508369653246554,0.0069247803767211735,0.5014448382033393,0.5083696185800605
736.0,0.5083826531816465,0.0069247803767211735,0.5014578669042455,0.5083826472809667
736.5,0.5083956531167391,0.0069247803767211735,0.5014708483997139,0.5083956287764351
737.0,0.5084086991508922,0.0069247803767211735,0.5014838771006203,0.5084086574773414
737.5,0.5084216990859847,0.0069247803767211735,0.5014969058015266,0.5084216861782478
738.0,0.5084347451201379,0.0069247803767211735,0.5015099345024329,0.508434714879154
738.5,0.5084477450552304,0.0069247803767211735,0.5015229632033392,0.5084477435800604
739.0,0.5084607910893835,0.0069247803767211735,0.5015359919042456,0.5084607722809668
739.5,0.5084738832225972,0.0069247803767211735,0.50154906781059,0.5084738481873112
740.0,0.5084868831576898,0.0069247803767211735,0.5015620965114963,0.5084868768882175
740.5,0.5084999752909035,0.0069247803767211735,0.5015751724178408,0.508499952794562
741.0,0.5085130674241173,0.0069247803767211735,0.5015882483241851,0.5085130287009063
741.5,0.5085261134582704,0.0069247803767211735,0.5016013242305296,0.5085261046072508
742.0,0.5085392055914841,0.0069247803767211735,0.501614400136874,0.5085391805135951
742.5,0.5085523438237585,0.0069247803767211735,0.5016275232486564,0.5085523036253776
743.0,0.5085654359569722,0.0069247803767211735,0.5016406463604389,0.5085654267371601
743.5,0.508578528090186,0.0069247803767211735,0.5016537222667834,0.5085785026435046
744.0,0.5085916663224603,0.0069247803767211735,0.5016668453785659,0.508591625755287
744.5,0.5086048045547347,0.0069247803767211735,0.5016800156957864,0.5086047960725075
745.0,0.5086179427870091,0.0069247803767211735,0.5016931388075688,0.50861791918429
745.5,0.5086310810192834,0.0069247803767211735,0.5017062619193513,0.5086310422960725
746.0,0.5086442192515578,0.0069247803767211735,0.5017194322365719,0.5086442126132931
746.5,0.5086574035828928,0.0069247803767211735,0.5017326025537924,0.5086573829305135
747.0,0.5086705879142277,0.0069247803767211735,0.501745772871013,0.5086705532477341
747.5,0.508683726146502,0.0069247803767211735,0.5017589431882336,0.5086837235649547
748.0,0.508696910477837,0.0069247803767211735,0.501772113505454,0.5086968938821752
748.5,0.5087101409082326,0.0069247803767211735,0.5017853310281126,0.5087101114048338
749.0,0.5087233713386282,0.0069247803767211735,0.5017985485507713,0.5087233289274925
749.5,0.5087365095709026,0.0069247803767211735,0.5018117188679918,0.508736499244713
750.0,0.5087497400012981,0.0069247803767211735,0.5018249363906504,0.5087497167673716
750.5,0.5087630165307544,0.0069247803767211735,0.5018382011187471,0.5087629814954683
751.0,0.5087762008620893,0.0069247803767211735,0.5018514186414057,0.5087761990181269
751.5,0.5087894312924849,0.0069247803767211735,0.5018646361640643,0.5087894165407855
752.0,0.508802707821941,0.0069247803767211735,0.501877900892161,0.5088026812688822
752.5,0.5088159843513973,0.0069247803767211735,0.5018911656202577,0.5088159459969789
753.0,0.5088292147817929,0.0069247803767211735,0.5019044303483543,0.5088292107250755
753.5,0.508842491311249,0.0069247803767211735,0.501917695076451,0.5088424754531722
754.0,0.5088557678407053,0.0069247803767211735,0.5019309598045477,0.5088557401812689
754.5,0.508869090469222,0.0069247803767211735,0.5019442717380824,0.5088690521148036
755.0,0.5088823208996176,0.0069247803767211735,0.5019575364661791,0.5088823168429003
755.5,0.5088956435281344,0.0069247803767211735,0.5019708483997138,0.508895628776435
756.0,0.5089089661566513,0.0069247803767211735,0.5019841603332487,0.5089089407099698
756.5,0.5089222887851681,0.0069247803767211735,0.5019974722667834,0.5089222526435045
757.0,0.5089356575127455,0.0069247803767211735,0.5020108314057562,0.5089356117824774
757.5,0.5089489340422017,0.0069247803767211735,0.5020241433392909,0.5089489237160121
758.0,0.508962302769779,0.0069247803767211735,0.5020375024782637,0.5089622828549849
758.5,0.5089756253982959,0.0069247803767211735,0.5020508144117984,0.5089755947885196
759.0,0.5089889941258733,0.0069247803767211735,0.5020641735507713,0.5089889539274924
759.5,0.5090023167543901,0.0069247803767211735,0.5020775326897441,0.5090023130664653
760.0,0.5090156854819675,0.0069247803767211735,0.5020908918287169,0.5090156722054381
760.5,0.5090291003086056,0.0069247803767211735,0.5021042981731277,0.5090290785498489
761.0,0.509042469036183,0.0069247803767211735,0.5021176573121006,0.5090424376888217
761.5,0.509055883862821,0.0069247803767211735,0.5021310636565115,0.5090558440332327
762.0,0.5090692525903984,0.0069247803767211735,0.5021444700009223,0.5090692503776435
762.5,0.5090826674170364,0.0069247803767211735,0.5021578763453332,0.5090826567220543
763.0,0.5090960822436744,0.0069247803767211735,0.5021712826897441,0.5090960630664653
763.5,0.5091095431693731,0.0069247803767211735,0.502184736239593,0.5091095166163142
764.0,0.5091229579960111,0.0069247803767211735,0.5021981425840039,0.509122922960725
764.5,0.5091364189217098,0.0069247803767211735,0.5022115961338528,0.509136376510574
765.0,0.5091497876492872,0.0069247803767211735,0.5022250024782637,0.5091497828549849
765.5,0.5091630641787434,0.0069247803767211735,0.5022382672063604,0.5091630475830816
766.0,0.5091762946091389,0.0069247803767211735,0.502251484729019,0.5091762651057402
766.5,0.5091895250395345,0.0069247803767211735,0.5022647022516776,0.5091894826283988
767.0,0.5092027093708695,0.0069247803767211735,0.5022779197743362,0.5092027001510574
767.5,0.5092159398012651,0.0069247803767211735,0.5022911372969948,0.509215917673716
768.0,0.5092292163307213,0.0069247803767211735,0.5023044020250915,0.5092291824018127
768.5,0.5092424467611169,0.0069247803767211735,0.5023176195477501,0.5092423999244713
769.0,0.5092556771915124,0.0069247803767211735,0.5023308842758468,0.509255664652568
769.5,0.5092689537209687,0.0069247803767211735,0.5023441490039435,0.5092689293806647
770.0,0.5092821841513643,0.0069247803767211735,0.5023573665266021,0.5092821469033233
770.5,0.5092954606808204,0.0069247803767211735,0.5023706784601368,0.509295458836858
771.0,0.5093087372102766,0.0069247803767211735,0.5023839431882335,0.5093087235649547
771.5,0.5093220137397328,0.0069247803767211735,0.5023972079163301,0.5093219882930513
772.0,0.5093353363682496,0.0069247803767211735,0.502410519849865,0.5093353002265861
772.5,0.5093485667986452,0.0069247803767211735,0.5024237845779616,0.5093485649546827
773.0,0.509361889427162,0.0069247803767211735,0.5024370965114964,0.5093618768882175
773.5,0.5093752120556788,0.0069247803767211735,0.5024504084450311,0.5093751888217523
774.0,0.5093885346841956,0.0069247803767211735,0.5024637203785658,0.509388500755287
774.5,0.5094018573127124,0.0069247803767211735,0.5024770323121006,0.5094018126888218
775.0,0.5094151799412292,0.0069247803767211735,0.5024903914510734,0.5094151718277946
775.5,0.509428502569746,0.0069247803767211735,0.5025037033846081,0.5094284837613293
776.0,0.5094418712973234,0.0069247803767211735,0.502517062523581,0.5094418429003021
776.5,0.5094552400249008,0.0069247803767211735,0.5025304216625538,0.509455202039275
777.0,0.5094685626534177,0.0069247803767211735,0.5025437808015265,0.5094685611782477
777.5,0.5094819313809951,0.0069247803767211735,0.5025571399404993,0.5094819203172205
778.0,0.5094953001085725,0.0069247803767211735,0.5025704990794722,0.5094952794561933
778.5,0.5095086688361499,0.0069247803767211735,0.502583858218445,0.5095086385951662
779.0,0.509522083662788,0.0069247803767211735,0.5025972645628559,0.5095220449395771
779.5,0.5095354062913048,0.0069247803767211735,0.5026106237018286,0.5095354040785498
780.0,0.5095488211179428,0.0069247803767211735,0.5026240300462396,0.5095488104229607
780.5,0.5095622359445808,0.0069247803767211735,0.5026374363906504,0.5095622167673716
781.0,0.5095756507712188,0.0069247803767211735,0.5026508427350613,0.5095756231117825
781.5,0.5095890655978569,0.0069247803767211735,0.5026642490794722,0.5095890294561933
782.0,0.5096025265235555,0.0069247803767211735,0.5026777026293211,0.5096024830060423
782.5,0.5096158952511329,0.0069247803767211735,0.502691108973732,0.5096158893504532
783.0,0.5096293561768316,0.0069247803767211735,0.502704562523581,0.5096293429003022
783.5,0.5096427710034696,0.0069247803767211735,0.5027179688679918,0.509642749244713
784.0,0.5096562319291682,0.0069247803767211735,0.5027314224178407,0.5096562027945619
784.5,0.5096696928548669,0.0069247803767211735,0.5027448759676897,0.5096696563444109
785.0,0.5096831537805655,0.0069247803767211735,0.5027583295175386,0.5096831098942598
785.5,0.5096966147062642,0.0069247803767211735,0.5027718302728257,0.5096966106495469
786.0,0.5097100756319628,0.0069247803767211735,0.5027852838226746,0.5097100641993958
786.5,0.509723582656722,0.0069247803767211735,0.5027987845779616,0.5097235649546827
787.0,0.5097370435824207,0.0069247803767211735,0.5028122381278105,0.5097370185045317
787.5,0.50975055060718,0.0069247803767211735,0.5028257388830976,0.5097505192598187
788.0,0.5097640576319392,0.0069247803767211735,0.5028392396383846,0.5097640200151058
788.5,0.5097775646566984,0.0069247803767211735,0.5028527403936716,0.5097775207703927
789.0,0.5097910255823971,0.0069247803767211735,0.5028662411489586,0.5097910215256798
789.5,0.509804578706217,0.0069247803767211735,0.5028797891096837,0.5098045694864048
790.0,0.5098180857309762,0.0069247803767211735,0.5028932898649706,0.5098180702416918
790.5,0.5098316388547961,0.0069247803767211735,0.5029068378256958,0.509831618202417
791.0,0.5098451458795553,0.0069247803767211735,0.5029203385809827,0.5098451189577039
791.5,0.5098586990033752,0.0069247803767211735,0.5029338865417078,0.509858666918429
792.0,0.509872252127195,0.0069247803767211735,0.502947434502433,0.5098722148791541
792.5,0.5098858513500756,0.0069247803767211735,0.502961029668596,0.5098858100453172
793.0,0.5098994044738954,0.0069247803767211735,0.5029745776293211,0.5098993580060422
793.5,0.5099129114986547,0.0069247803767211735,0.5029881255900462,0.5099129059667674
794.0,0.5099265107215352,0.0069247803767211735,0.5030017207562093,0.5099265011329305
794.5,0.509940063845355,0.0069247803767211735,0.5030152687169344,0.5099400490936555
795.0,0.5099536630682354,0.0069247803767211735,0.5030288638830975,0.5099536442598187
795.5,0.5099672622911159,0.0069247803767211735,0.5030424590492607,0.5099672394259819
796.0,0.5099808615139965,0.0069247803767211735,0.5030560542154239,0.509980834592145
796.5,0.5099944607368769,0.0069247803767211735,0.5030696493815869,0.5099944297583081
797.0,0.510008106058818,0.0069247803767211735,0.5030832917531882,0.5100080721299094
797.5,0.5100217052816984,0.0069247803767211735,0.5030968869193513,0.5100216672960725
798.0,0.5100352123064577,0.0069247803767211735,0.5031103876746383,0.5100351680513595
798.5,0.5100486271330957,0.0069247803767211735,0.5031238412244873,0.5100486216012085
799.0,0.5100620880587944,0.0069247803767211735,0.5031372947743362,0.5100620751510574
799.5,0.510075548984493,0.0069247803767211735,0.5031507483241852,0.5100755287009063
800.0,0.5100890099101917,0.0069247803767211735,0.5031642018740341,0.5100889822507553
800.5,0.5101025169349509,0.0069247803767211735,0.5031777026293212,0.5101024830060423
801.0,0.5101159778606495,0.0069247803767211735,0.5031911561791701,0.5101159365558913
801.5,0.5101294387863482,0.0069247803767211735,0.503204656934457,0.5101294373111782
802.0,0.5101429458111074,0.0069247803767211735,0.5032181576897441,0.5101429380664653
802.5,0.5101564528358667,0.0069247803767211735,0.503231658445031,0.5101564388217522
803.0,0.510169959860626,0.0069247803767211735,0.5032451592003181,0.5101699395770393
803.5,0.5101834668853852,0.0069247803767211735,0.5032586599556051,0.5101834403323263
804.0,0.5101969739101444,0.0069247803767211735,0.5032721607108921,0.5101969410876133
804.5,0.5102105270339643,0.0069247803767211735,0.5032857086716171,0.5102104890483383
805.0,0.5102240340587235,0.0069247803767211735,0.5032992094269042,0.5102239898036254
805.5,0.5102375410834828,0.0069247803767211735,0.5033127573876293,0.5102375377643504
806.0,0.5102510942073026,0.0069247803767211735,0.5033263053483543,0.5102510857250755
806.5,0.5102646473311225,0.0069247803767211735,0.5033398533090794,0.5102646336858006
807.0,0.5102782004549424,0.0069247803767211735,0.5033534012698045,0.5102781816465257
807.5,0.5102917535787622,0.0069247803767211735,0.5033669492305296,0.5102917296072508
808.0,0.5103053528016428,0.0069247803767211735,0.5033805443966928,0.510305324773414
808.5,0.5103189059254626,0.0069247803767211735,0.5033940923574178,0.510318872734139
809.0,0.510332505148343,0.0069247803767211735,0.5034076875235809,0.5103324679003021
809.5,0.5103461043712235,0.0069247803767211735,0.5034212826897441,0.5103460630664652
810.0,0.510359703594104,0.0069247803767211735,0.5034348778559072,0.5103596582326284
810.5,0.5103732567179239,0.0069247803767211735,0.5034484730220704,0.5103732533987916
811.0,0.5103868559408044,0.0069247803767211735,0.5034620681882335,0.5103868485649546
811.5,0.5104004551636848,0.0069247803767211735,0.5034756633543966,0.5104004437311178
812.0,0.5104140543865653,0.0069247803767211735,0.5034892585205598,0.510414038897281
812.5,0.5104276997085064,0.0069247803767211735,0.503502900892161,0.5104276812688822
813.0,0.5104413450304475,0.0069247803767211735,0.5035165432637622,0.5104413236404833
813.5,0.5104549442533279,0.0069247803767211735,0.5035301384299253,0.5104549188066465
814.0,0.5104685895752691,0.0069247803767211735,0.5035437808015265,0.5104685611782477
814.5,0.5104822348972101,0.0069247803767211735,0.5035574231731278,0.510482203549849
815.0,0.5104959263182118,0.0069247803767211735,0.5035711127501671,0.5104958931268883
815.5,0.510509571640153,0.0069247803767211735,0.5035847551217683,0.5105095354984894
816.0,0.510523216962094,0.0069247803767211735,0.5035983974933694,0.5105231778700906
816.5,0.5105369083830957,0.0069247803767211735,0.5036120870704087,0.5105368674471299
817.0,0.5105505998040974,0.0069247803767211735,0.503625776647448,0.5105505570241692
817.5,0.5105642451260385,0.0069247803767211735,0.5036394190190492,0.5105641993957704
818.0,0.5105778904479796,0.0069247803767211735,0.5036531085960885,0.5105778889728096
818.5,0.5105915818689813,0.0069247803767211735,0.5036667981731278,0.5105915785498489
819.0,0.510605273289983,0.0069247803767211735,0.503680487750167,0.5106052681268882
819.5,0.5106190108100453,0.0069247803767211735,0.5036942245326443,0.5106190049093655
820.0,0.5106327022310471,0.0069247803767211735,0.5037079141096836,0.5106326944864048
820.5,0.5106464397511093,0.0069247803767211735,0.503721650892161,0.5106464312688822
821.0,0.5106601311721111,0.0069247803767211735,0.5037353404692003,0.5106601208459215
821.5,0.5106738686921733,0.0069247803767211735,0.5037490772516776,0.5106738576283988
822.0,0.5106876062122356,0.0069247803767211735,0.5037628140341549,0.5106875944108761
822.5,0.5107013437322979,0.0069247803767211735,0.5037765508166323,0.5107013311933535
823.0,0.5107150812523603,0.0069247803767211735,0.5037902875991096,0.5107150679758308
823.5,0.5107288648714832,0.0069247803767211735,0.503804071587025,0.5107288519637462
824.0,0.5107426023915455,0.0069247803767211735,0.5038178083695024,0.5107425887462236
824.5,0.5107563399116078,0.0069247803767211735,0.5038315451519797,0.5107563255287009
825.0,0.5107701235307307,0.0069247803767211735,0.5038453291398951,0.5107701095166163
825.5,0.5107839071498537,0.0069247803767211735,0.5038591131278105,0.5107838935045317
826.0,0.5107976907689766,0.0069247803767211735,0.5038728971157259,0.5107976774924471
826.5,0.5108114743880995,0.0069247803767211735,0.5038866811036413,0.5108114614803625
827.0,0.5108252580072224,0.0069247803767211735,0.5039004650915567,0.5108252454682779
827.5,0.5108390416263453,0.0069247803767211735,0.5039142490794721,0.5108390294561933
828.0,0.5108528252454683,0.0069247803767211735,0.5039280330673875,0.5108528134441087
828.5,0.5108666549636518,0.0069247803767211735,0.5039418642607411,0.5108666446374622
829.0,0.5108804846818353,0.0069247803767211735,0.5039556954540946,0.5108804758308158
829.5,0.5108942683009583,0.0069247803767211735,0.50396947944201,0.5108942598187312
830.0,0.5109080980191418,0.0069247803767211735,0.5039833106353634,0.5109080910120846
830.5,0.5109219277373254,0.0069247803767211735,0.5039971418287169,0.5109219222054381
831.0,0.5109357574555089,0.0069247803767211735,0.5040109730220703,0.5109357533987915
831.5,0.5109494027774499,0.0069247803767211735,0.5040246153936716,0.5109493957703928
832.0,0.5109630480993911,0.0069247803767211735,0.5040382577652728,0.510963038141994
832.5,0.5109766934213321,0.0069247803767211735,0.504051900136874,0.5109766805135951
833.0,0.5109903848423338,0.0069247803767211735,0.5040655897139132,0.5109903700906344
833.5,0.5110040301642749,0.0069247803767211735,0.5040792320855145,0.5110040124622357
834.0,0.5110177215852766,0.0069247803767211735,0.5040929216625537,0.5110177020392749
834.5,0.5110313669072177,0.0069247803767211735,0.504106564034155,0.5110313444108762
835.0,0.5110450583282194,0.0069247803767211735,0.5041202536111943,0.5110450339879155
835.5,0.5110587497492212,0.0069247803767211735,0.5041339431882335,0.5110587235649546
836.0,0.5110723950711622,0.0069247803767211735,0.5041475855598347,0.5110723659365559
836.5,0.5110860864921639,0.0069247803767211735,0.504161275136874,0.5110860555135952
837.0,0.5110998240122262,0.0069247803767211735,0.5041750119193513,0.5110997922960725
837.5,0.5111135154332279,0.0069247803767211735,0.5041887014963906,0.5111134818731118
838.0,0.5111272068542296,0.0069247803767211735,0.5042023910734299,0.5111271714501511
838.5,0.5111409443742919,0.0069247803767211735,0.5042161278559072,0.5111409082326284
839.0,0.5111546357952936,0.0069247803767211735,0.5042298174329465,0.5111545978096677
839.5,0.5111683733153559,0.0069247803767211735,0.5042435542154239,0.5111683345921451
840.0,0.5111821108354182,0.0069247803767211735,0.5042572909979012,0.5111820713746223
840.5,0.5111958022564199,0.0069247803767211735,0.5042709805749405,0.5111957609516616
841.0,0.5112095397764822,0.0069247803767211735,0.5042847173574178,0.5112094977341389
841.5,0.5112232772965446,0.0069247803767211735,0.5042984541398952,0.5112232345166163
842.0,0.5112370609156675,0.0069247803767211735,0.5043122381278106,0.5112370185045317
842.5,0.5112507984357298,0.0069247803767211735,0.5043259749102879,0.511250755287009
843.0,0.5112645359557921,0.0069247803767211735,0.5043397116927653,0.5112644920694864
843.5,0.511278319574915,0.0069247803767211735,0.5043534956806807,0.5112782760574018
844.0,0.5112920570949774,0.0069247803767211735,0.504367232463158,0.5112920128398791
844.5,0.5113058407141002,0.0069247803767211735,0.5043810164510734,0.5113057968277945
845.0,0.5113196243332232,0.0069247803767211735,0.5043948004389888,0.5113195808157099
845.5,0.5113334079523462,0.0069247803767211735,0.5044085844269042,0.5113333648036253
846.0,0.511347191571469,0.0069247803767211735,0.5044223684148196,0.5113471487915408
846.5,0.511360975190592,0.0069247803767211735,0.504436152402735,0.5113609327794562
847.0,0.5113747588097148,0.0069247803767211735,0.5044499363906504,0.5113747167673716
847.5,0.5113885424288378,0.0069247803767211735,0.5044637203785658,0.511388500755287
848.0,0.5114023721470213,0.0069247803767211735,0.5044775515719193,0.5114023319486405
848.5,0.5114161557661443,0.0069247803767211735,0.5044913355598347,0.5114161159365559
849.0,0.5114299854843278,0.0069247803767211735,0.5045051667531882,0.5114299471299094
849.5,0.5114438152025114,0.0069247803767211735,0.5045189979465416,0.5114437783232628
850.0,0.5114575988216342,0.0069247803767211735,0.504532781934457,0.5114575623111782
850.5,0.5114714285398178,0.0069247803767211735,0.5045466131278106,0.5114713935045317
851.0,0.5114852582580013,0.0069247803767211735,0.504560444321164,0.5114852246978852
851.5,0.5114990879761848,0.0069247803767211735,0.5045742755145175,0.5114990558912387
852.0,0.511512963793429,0.0069247803767211735,0.504588153913309,0.5115129342900302
852.5,0.5115267935116126,0.0069247803767211735,0.5046019851066625,0.5115267654833837
853.0,0.5115406232297961,0.0069247803767211735,0.504615816300016,0.5115405966767371
853.5,0.5115544990470402,0.0069247803767211735,0.5046296946988075,0.5115544750755286
854.0,0.5115683287652237,0.0069247803767211735,0.504643525892161,0.5115683062688822
854.5,0.511582204582468,0.0069247803767211735,0.5046574042909525,0.5115821846676737
855.0,0.511596080399712,0.0069247803767211735,0.504671282689744,0.5115960630664652
855.5,0.5116099562169562,0.0069247803767211735,0.5046851610885357,0.5116099414652568
856.0,0.5116238320342004,0.0069247803767211735,0.5046990394873272,0.5116238198640484
856.5,0.5116377078514445,0.0069247803767211735,0.5047129178861187,0.5116376982628399
857.0,0.5116515836686887,0.0069247803767211735,0.5047267962849102,0.5116515766616314
857.5,0.5116654594859328,0.0069247803767211735,0.5047406746837018,0.5116654550604229
858.0,0.5116794275012981,0.0069247803767211735,0.5047546002879314,0.5116793806646526
858.5,0.5116933033185423,0.0069247803767211735,0.5047684786867229,0.5116932590634441
859.0,0.511707225234847,0.0069247803767211735,0.5047824042909526,0.5117071846676737
859.5,0.5117211010520912,0.0069247803767211735,0.5047962826897441,0.5117210630664653
860.0,0.511735022968396,0.0069247803767211735,0.5048102082939737,0.5117349886706949
860.5,0.5117489448847007,0.0069247803767211735,0.5048241338982034,0.5117489142749245
861.0,0.5117628668010055,0.0069247803767211735,0.5048380595024329,0.511762839879154
861.5,0.5117767887173102,0.0069247803767211735,0.5048519851066625,0.5117767654833837
862.0,0.511790710633615,0.0069247803767211735,0.5048659107108922,0.5117906910876133
862.5,0.5118046786489804,0.0069247803767211735,0.5048798835205598,0.511804663897281
863.0,0.511820398428649,0.0069247803767211735,0.5048956029314359,0.511820383308157
863.5,0.5118376855763784,0.0069247803767211735,0.5049128801217683,0.5118376604984894
864.0,0.5118549727241078,0.0069247803767211735,0.5049301573121006,0.5118549376888217
864.5,0.5118723059708978,0.0069247803767211735,0.504947481707871,0.5118722620845921
865.0,0.5118895931186273,0.0069247803767211735,0.5049648061036414,0.5118895864803625
865.5,0.5119068802663567,0.0069247803767211735,0.5049820832939736,0.5119068636706948
866.0,0.5119240752159648,0.0069247803767211735,0.5049992660734299,0.5119240464501511
866.5,0.5119411779674519,0.0069247803767211735,0.50501635444201,0.5119411348187312
867.0,0.5119582807189388,0.0069247803767211735,0.505033490016028,0.5119582703927492
867.5,0.5119754295694864,0.0069247803767211735,0.5050506255900462,0.5119754059667674
868.0,0.511992578420034,0.0069247803767211735,0.5050677611640644,0.5119925415407856
868.5,0.5120097272705816,0.0069247803767211735,0.5050849439435205,0.5120097243202417
869.0,0.5120268761211292,0.0069247803767211735,0.5051020795175386,0.5120268598942598
869.5,0.5120440710707373,0.0069247803767211735,0.5051192622969949,0.5120440426737161
870.0,0.5120612660203455,0.0069247803767211735,0.5051364450764511,0.5120612254531722
870.5,0.5120784148708931,0.0069247803767211735,0.5051536278559072,0.5120784082326284
871.0,0.5120956098205013,0.0069247803767211735,0.5051708106353634,0.5120955910120846
871.5,0.5121128508691701,0.0069247803767211735,0.5051880406202577,0.5121128209969789
872.0,0.5121300458187783,0.0069247803767211735,0.5052052233997139,0.512130003776435
872.5,0.5121472407683865,0.0069247803767211735,0.5052224533846081,0.5121472337613293
873.0,0.5121644818170553,0.0069247803767211735,0.5052396833695024,0.5121644637462236
873.5,0.5121817689647847,0.0069247803767211735,0.5052569605598347,0.5121817409365559
874.0,0.5121990100134536,0.0069247803767211735,0.505274190544729,0.5121989709214502
874.5,0.5122162510621223,0.0069247803767211735,0.5052914677350613,0.5122162481117825
875.0,0.5122335382098517,0.0069247803767211735,0.5053087449253937,0.5122335253021149
875.5,0.5122508253575812,0.0069247803767211735,0.505326022115726,0.5122508024924471
876.0,0.5122681125053106,0.0069247803767211735,0.5053432993060583,0.5122680796827794
876.5,0.5122854457521007,0.0069247803767211735,0.5053606237018287,0.5122854040785498
877.0,0.5123026868007694,0.0069247803767211735,0.505377900892161,0.5123026812688821
877.5,0.5123200200475595,0.0069247803767211735,0.5053952252879313,0.5123200056646525
878.0,0.5123373532943495,0.0069247803767211735,0.5054125496837018,0.5123373300604229
878.5,0.5123546865411396,0.0069247803767211735,0.5054298740794722,0.5123546544561933
879.0,0.5123720658869901,0.0069247803767211735,0.5054472456806807,0.5123720260574018
879.5,0.5123893530347196,0.0069247803767211735,0.5054645700764511,0.5123893504531722
880.0,0.5124067323805702,0.0069247803767211735,0.5054819416776595,0.5124067220543806
880.5,0.5124241117264209,0.0069247803767211735,0.505499313278868,0.5124240936555892
881.0,0.5124414910722715,0.0069247803767211735,0.5055166848800764,0.5124414652567976
881.5,0.5124589165171828,0.0069247803767211735,0.5055341036867229,0.5124588840634441
882.0,0.5124762958630334,0.0069247803767211735,0.5055514752879314,0.5124762556646526
882.5,0.5124937213079447,0.0069247803767211735,0.505568894094578,0.5124936744712991
883.0,0.5125111006537953,0.0069247803767211735,0.5055863129012245,0.5125110932779456
883.5,0.5125285260987066,0.0069247803767211735,0.505603731707871,0.5125285120845922
884.0,0.5125459515436178,0.0069247803767211735,0.5056211505145175,0.5125459308912387
884.5,0.5125634230875897,0.0069247803767211735,0.5056386165266021,0.5125633969033233
885.0,0.512580848532501,0.0069247803767211735,0.5056560353332487,0.5125808157099698
885.5,0.5125983200764728,0.0069247803767211735,0.5056735013453332,0.5125982817220543
886.0,0.5126157916204447,0.0069247803767211735,0.5056909673574178,0.512615747734139
886.5,0.5126332631644165,0.0069247803767211735,0.5057084805749404,0.5126332609516616
887.0,0.5126507347083884,0.0069247803767211735,0.5057259465870251,0.5126507269637463
887.5,0.5126682523514209,0.0069247803767211735,0.5057434598045477,0.5126682401812689
888.0,0.5126857238953928,0.0069247803767211735,0.5057609258166323,0.5126857061933535
888.5,0.5127032415384253,0.0069247803767211735,0.505778439034155,0.5127032194108762
889.0,0.5127207591814577,0.0069247803767211735,0.5057959522516776,0.5127207326283988
889.5,0.5127383229235508,0.0069247803767211735,0.5058135126746384,0.5127382930513595
890.0,0.5127558405665833,0.0069247803767211735,0.505831025892161,0.5127558062688822
890.5,0.5127734043086764,0.0069247803767211735,0.5058485863151218,0.5127733666918429
891.0,0.5127909680507694,0.0069247803767211735,0.5058661467380825,0.5127909271148037
891.5,0.5128085317928626,0.0069247803767211735,0.5058837071610431,0.5128084875377643
892.0,0.512826049435895,0.0069247803767211735,0.5059012675840039,0.5128260479607251
892.5,0.5128436592770487,0.0069247803767211735,0.5059188752124026,0.5128436555891238
893.0,0.5128612230191418,0.0069247803767211735,0.5059364356353634,0.5128612160120846
893.5,0.5128788328602955,0.0069247803767211735,0.5059540432637623,0.5128788236404834
894.0,0.5128964427014492,0.0069247803767211735,0.505971650892161,0.5128964312688822
894.5,0.5129140525426029,0.0069247803767211735,0.5059892585205598,0.5129140388972809
895.0,0.5129316623837566,0.0069247803767211735,0.5060068661489586,0.5129316465256798
895.5,0.512949318323971,0.0069247803767211735,0.5060245209827955,0.5129493013595167
896.0,0.5129669281651246,0.0069247803767211735,0.5060421286111942,0.5129669089879154
896.5,0.512984584105339,0.0069247803767211735,0.5060597834450311,0.5129845638217523
897.0,0.5130022400455533,0.0069247803767211735,0.506077438278868,0.5130022186555891
897.5,0.5130198959857676,0.0069247803767211735,0.5060950931127048,0.513019873489426
898.0,0.5130375980250425,0.0069247803767211735,0.5061127951519797,0.5130375755287009
898.5,0.5130552539652568,0.0069247803767211735,0.5061304499858166,0.5130552303625378
899.0,0.5130729560045317,0.0069247803767211735,0.5061481520250916,0.5130729324018127
899.5,0.5130906580438066,0.0069247803767211735,0.5061658540643664,0.5130906344410876
900.0,0.5131083600830816,0.0069247803767211735,0.5061835561036414,0.5131083364803626
900.5,0.5131260621223565,0.0069247803767211735,0.5062012581429163,0.5131260385196375
901.0,0.513143810260692,0.0069247803767211735,0.5062190073876293,0.5131437877643504
901.5,0.513161512299967,0.0069247803767211735,0.5062367094269042,0.5131614898036254
902.0,0.51317907604206,0.0069247803767211735,0.5062542698498649,0.513179050226586
902.5,0.5131965936850925,0.0069247803767211735,0.5062717830673876,0.5131965634441088
903.0,0.5132141574271856,0.0069247803767211735,0.5062893434903483,0.5132141238670694
903.5,0.513231675070218,0.0069247803767211735,0.506306856707871,0.5132316370845922
904.0,0.5132492388123112,0.0069247803767211735,0.5063244171308316,0.5132491975075528
904.5,0.5132668025544043,0.0069247803767211735,0.5063419775537924,0.5132667579305136
905.0,0.5132843201974367,0.0069247803767211735,0.5063595379767531,0.5132843183534743
905.5,0.5133019300385905,0.0069247803767211735,0.5063771456051519,0.5133019259818731
906.0,0.5133194937806835,0.0069247803767211735,0.5063947060281127,0.5133194864048338
906.5,0.5133371036218373,0.0069247803767211735,0.5064123136565114,0.5133370940332326
907.0,0.5133546673639303,0.0069247803767211735,0.5064298740794722,0.5133546544561933
907.5,0.513372277205084,0.0069247803767211735,0.506447481707871,0.5133722620845922
908.0,0.5133898870462378,0.0069247803767211735,0.5064650893362698,0.5133898697129909
908.5,0.5134075429864521,0.0069247803767211735,0.5064827441701066,0.5134075245468278
909.0,0.5134251528276057,0.0069247803767211735,0.5065003517985054,0.5134251321752266
909.5,0.51344280876782,0.0069247803767211735,0.5065180066323423,0.5134427870090634
910.0,0.5134604186089737,0.0069247803767211735,0.506535614260741,0.5134603946374622
910.5,0.513478074549188,0.0069247803767211735,0.5065532690945779,0.513478049471299
911.0,0.5134957304894023,0.0069247803767211735,0.5065709239284147,0.5134957043051359
911.5,0.5135133864296167,0.0069247803767211735,0.5065885787622516,0.5135133591389728
912.0,0.5135310884688916,0.0069247803767211735,0.5066062808015266,0.5135310611782478
912.5,0.5135487444091059,0.0069247803767211735,0.5066239356353635,0.5135487160120846
913.0,0.5135664464483809,0.0069247803767211735,0.5066416376746383,0.5135664180513595
913.5,0.5135841484876558,0.0069247803767211735,0.5066593397139133,0.5135841200906345
914.0,0.5136018505269307,0.0069247803767211735,0.5066770417531882,0.5136018221299093
914.5,0.5136195525662056,0.0069247803767211735,0.5066947437924632,0.5136195241691843
915.0,0.5136372546054806,0.0069247803767211735,0.506712445831738,0.5136372262084592
915.5,0.5136549566447555,0.0069247803767211735,0.506730147871013,0.5136549282477342
916.0,0.513672704783091,0.0069247803767211735,0.506747897115726,0.5136726774924472
916.5,0.5136904529214266,0.0069247803767211735,0.506765646360439,0.5136904267371601
917.0,0.5137081549607014,0.0069247803767211735,0.5067833483997138,0.513708128776435
917.5,0.5137259491980977,0.0069247803767211735,0.5068011448498649,0.5137259252265861
918.0,0.5137436973364331,0.0069247803767211735,0.5068188940945779,0.5137436744712991
918.5,0.5137614454747687,0.0069247803767211735,0.5068366433392909,0.5137614237160121
919.0,0.5137791936131042,0.0069247803767211735,0.5068543925840039,0.5137791729607251
919.5,0.5137969878505004,0.0069247803767211735,0.506872189034155,0.5137969694108762
920.0,0.5138147820878965,0.0069247803767211735,0.506889985484306,0.5138147658610271
920.5,0.5138325763252927,0.0069247803767211735,0.5069077819344571,0.5138325623111782
921.0,0.5138503705626888,0.0069247803767211735,0.5069255783846082,0.5138503587613293
921.5,0.513868164800085,0.0069247803767211735,0.5069433748347592,0.5138681552114803
922.0,0.5138859590374811,0.0069247803767211735,0.5069611712849103,0.5138859516616314
922.5,0.5139037993739379,0.0069247803767211735,0.5069790149404994,0.5139037953172205
923.0,0.5139216858094553,0.0069247803767211735,0.5069968585960885,0.5139216389728096
923.5,0.5139394800468514,0.0069247803767211735,0.5070146550462395,0.5139394354229607
924.0,0.5139573203833081,0.0069247803767211735,0.5070324987018286,0.5139572790785498
924.5,0.5139751607197649,0.0069247803767211735,0.5070503423574177,0.5139751227341389
925.0,0.5139930471552823,0.0069247803767211735,0.507068233218445,0.5139930135951661
925.5,0.5140108874917391,0.0069247803767211735,0.5070860768740341,0.5140108572507552
926.0,0.5140287739272564,0.0069247803767211735,0.5071039677350613,0.5140287481117825
926.5,0.5140466142637132,0.0069247803767211735,0.5071218113906504,0.5140465917673716
927.0,0.5140643163029881,0.0069247803767211735,0.5071395134299254,0.5140642938066465
927.5,0.5140820183422631,0.0069247803767211735,0.5071572154692002,0.5140819958459214
928.0,0.514099720381538,0.0069247803767211735,0.5071749175084752,0.5140996978851964
928.5,0.5141174224208129,0.0069247803767211735,0.5071926195477501,0.5141173999244713
929.0,0.5141351705591484,0.0069247803767211735,0.5072103687924631,0.5141351491691842
929.5,0.5141529186974839,0.0069247803767211735,0.5072281180371762,0.5141528984138973
930.0,0.5141706668358195,0.0069247803767211735,0.5072458672818891,0.5141706476586103
930.5,0.514188414974155,0.0069247803767211735,0.5072636165266021,0.5141883969033233
931.0,0.5142061631124906,0.0069247803767211735,0.5072813657713151,0.5142061461480363
931.5,0.5142239112508261,0.0069247803767211735,0.5072991150160281,0.5142238953927493
932.0,0.5142417054882222,0.0069247803767211735,0.5073169114661791,0.5142416918429003
932.5,0.5142594536265578,0.0069247803767211735,0.5073346607108922,0.5142594410876133
933.0,0.5142772478639539,0.0069247803767211735,0.5073524571610432,0.5142772375377643
933.5,0.5142950421013501,0.0069247803767211735,0.5073702536111943,0.5142950339879154
934.0,0.5143128363387462,0.0069247803767211735,0.5073880500613452,0.5143128304380664
934.5,0.5143306305761424,0.0069247803767211735,0.5074058465114963,0.5143306268882175
935.0,0.5143485170116597,0.0069247803767211735,0.5074236901670854,0.5143484705438066
935.5,0.5143663112490559,0.0069247803767211735,0.5074414866172365,0.5143662669939577
936.0,0.5143841515855127,0.0069247803767211735,0.5074593302728256,0.5143841106495468
936.5,0.5144019919219694,0.0069247803767211735,0.5074771739284147,0.5144019543051359
937.0,0.5144198322584261,0.0069247803767211735,0.507495017584004,0.5144197979607251
937.5,0.5144376725948829,0.0069247803767211735,0.507512861239593,0.5144376416163142
938.0,0.5144555129313397,0.0069247803767211735,0.5075307048951821,0.5144554852719033
938.5,0.5144733993668571,0.0069247803767211735,0.5075485957562094,0.5144733761329305
939.0,0.5144912397033138,0.0069247803767211735,0.5075664394117985,0.5144912197885196
939.5,0.5145091261388312,0.0069247803767211735,0.5075843302728257,0.5145091106495469
940.0,0.5145270125743485,0.0069247803767211735,0.5076022211338529,0.5145270015105741
940.5,0.5145448990098659,0.0069247803767211735,0.50762011199488,0.5145448923716012
941.0,0.5145627854453833,0.0069247803767211735,0.5076380028559072,0.5145627832326284
941.5,0.5145807640790219,0.0069247803767211735,0.5076559409223724,0.5145807212990936
942.0,0.5145986505145392,0.0069247803767211735,0.5076738317833996,0.5145986121601208
942.5,0.5146165830491173,0.0069247803767211735,0.507691769849865,0.5146165502265861
943.0,0.5146344694846346,0.0069247803767211735,0.5077096607108921,0.5146344410876132
943.5,0.5146524020192126,0.0069247803767211735,0.5077275987773574,0.5146523791540786
944.0,0.5146703345537906,0.0069247803767211735,0.5077455368438226,0.5146703172205438
944.5,0.5146883131874292,0.0069247803767211735,0.507763522115726,0.5146883024924471
945.0,0.5147062457220072,0.0069247803767211735,0.5077814601821912,0.5147062405589123
945.5,0.5147242704547064,0.0069247803767211735,0.5077994454540945,0.5147242258308157
946.0,0.5147422029892844,0.0069247803767211735,0.5078173835205598,0.514742163897281
946.5,0.5147601816229229,0.0069247803767211735,0.5078353687924632,0.5147601491691843
947.0,0.5147781602565615,0.0069247803767211735,0.5078533540643665,0.5147781344410877
947.5,0.5147961388902002,0.0069247803767211735,0.5078713393362697,0.5147961197129909
948.0,0.5148141175238388,0.0069247803767211735,0.507889324608173,0.5148141049848942
948.5,0.514832142256538,0.0069247803767211735,0.5079073570855145,0.5148321374622357
949.0,0.5148501669892371,0.0069247803767211735,0.5079253423574178,0.514850122734139
949.5,0.5148681917219363,0.0069247803767211735,0.5079433748347592,0.5148681552114803
950.0,0.5148862164546356,0.0069247803767211735,0.5079614073121006,0.5148861876888218
950.5,0.5149042411873348,0.0069247803767211735,0.5079794397894419,0.5149042201661631
951.0,0.514922265920034,0.0069247803767211735,0.5079974722667834,0.5149222526435046
951.5,0.5149402906527332,0.0069247803767211735,0.5080155047441247,0.5149402851208459
952.0,0.5149584075835536,0.0069247803767211735,0.5080335844269042,0.5149583648036253
952.5,0.514976294019071,0.0069247803767211735,0.5080514752879314,0.5149762556646525
953.0,0.5149941343555278,0.0069247803767211735,0.5080693189435205,0.5149940993202416
953.5,0.5150120207910451,0.0069247803767211735,0.5080872098045477,0.5150119901812689
954.0,0.5150298611275019,0.0069247803767211735,0.5081050534601368,0.515029833836858
954.5,0.5150477475630193,0.0069247803767211735,0.508122944321164,0.5150477246978852
955.0,0.5150656339985367,0.0069247803767211735,0.5081408351821912,0.5150656155589124
955.5,0.515083520434054,0.0069247803767211735,0.5081587260432184,0.5150835064199396
956.0,0.5151014068695714,0.0069247803767211735,0.5081766169042456,0.5151013972809668
956.5,0.5151192933050888,0.0069247803767211735,0.5081945077652728,0.5151192881419939
957.0,0.5151372719387274,0.0069247803767211735,0.5082124458317381,0.5151372262084593
957.5,0.5151552044733053,0.0069247803767211735,0.5082303838982033,0.5151551642749245
958.0,0.5151730909088227,0.0069247803767211735,0.5082482747592305,0.5151730551359517
958.5,0.5151910234434007,0.0069247803767211735,0.5082662128256957,0.5151909932024169
959.0,0.5152089559779787,0.0069247803767211735,0.508284150892161,0.5152089312688821
959.5,0.5152268885125566,0.0069247803767211735,0.5083020889586263,0.5152268693353474
960.0,0.5152448210471346,0.0069247803767211735,0.5083200270250915,0.5152448074018127
960.5,0.5152627996807733,0.0069247803767211735,0.5083380122969948,0.515262792673716
961.0,0.5152807322153512,0.0069247803767211735,0.50835595036346,0.5152807307401812
961.5,0.5152987569480504,0.0069247803767211735,0.5083739356353634,0.5152987160120845
962.0,0.515316735581689,0.0069247803767211735,0.5083919209072667,0.5153167012839879
962.5,0.5153347142153276,0.0069247803767211735,0.50840990617917,0.5153346865558912
963.0,0.5153526928489662,0.0069247803767211735,0.5084278914510734,0.5153526718277945
963.5,0.5153706714826048,0.0069247803767211735,0.5084458767229767,0.5153706570996979
964.0,0.5153886501162434,0.0069247803767211735,0.50846386199488,0.5153886423716012
964.5,0.5154066748489426,0.0069247803767211735,0.5084818472667834,0.5154066276435045
965.0,0.5154246995816418,0.0069247803767211735,0.5084998797441247,0.5154246601208459
965.5,0.5154426782152804,0.0069247803767211735,0.508517865016028,0.5154426453927492
966.0,0.5154607029479796,0.0069247803767211735,0.5085358974933695,0.5154606778700906
966.5,0.5154787276806788,0.0069247803767211735,0.5085539299707108,0.515478710347432
967.0,0.515496752413378,0.0069247803767211735,0.5085719624480523,0.5154967428247734
967.5,0.5155147771460772,0.0069247803767211735,0.5085899949253936,0.5155147753021148
968.0,0.515532847977837,0.0069247803767211735,0.508608027402735,0.5155328077794562
968.5,0.5155509188095969,0.0069247803767211735,0.5086261070855145,0.5155508874622357
969.0,0.5155689435422961,0.0069247803767211735,0.5086441395628558,0.515568919939577
969.5,0.5155870143740559,0.0069247803767211735,0.5086622192456354,0.5155869996223565
970.0,0.5156050391067551,0.0069247803767211735,0.5086802517229767,0.5156050320996979
970.5,0.5156231560375756,0.0069247803767211735,0.5086983314057562,0.5156231117824773
971.0,0.5156412268693353,0.0069247803767211735,0.5087164110885356,0.5156411914652568
971.5,0.5156592977010952,0.0069247803767211735,0.508734490771315,0.5156592711480362
972.0,0.515677368532855,0.0069247803767211735,0.5087525704540945,0.5156773508308157
972.5,0.5156954854636754,0.0069247803767211735,0.5087706973423121,0.5156954777190332
973.0,0.5157136023944958,0.0069247803767211735,0.5087887770250915,0.5157135574018127
973.5,0.5157317193253163,0.0069247803767211735,0.5088069039133091,0.5157316842900302
974.0,0.5157497901570761,0.0069247803767211735,0.5088249835960885,0.5157497639728097
974.5,0.5157679070878965,0.0069247803767211735,0.508843110484306,0.5157678908610271
975.0,0.515786024018717,0.0069247803767211735,0.5088612373725235,0.5157860177492447
975.5,0.515804187048598,0.0069247803767211735,0.5088793642607411,0.5158041446374623
976.0,0.5158223039794184,0.0069247803767211735,0.5088974911489585,0.5158222715256797
976.5,0.5158404209102389,0.0069247803767211735,0.5089156180371761,0.5158403984138973
977.0,0.5158585839401199,0.0069247803767211735,0.5089337921308317,0.5158585725075528
977.5,0.5158767008709403,0.0069247803767211735,0.5089519190190492,0.5158766993957704
978.0,0.515894909999882,0.0069247803767211735,0.5089700931127048,0.515894873489426
978.5,0.5159130269307024,0.0069247803767211735,0.5089882200009224,0.5159130003776435
979.0,0.5159310516634016,0.0069247803767211735,0.5090062524782637,0.5159310328549849
979.5,0.5159490302970402,0.0069247803767211735,0.509024237750167,0.5159490181268882
980.0,0.5159670089306788,0.0069247803767211735,0.5090422230220704,0.5159670033987915
980.5,0.515985033663378,0.0069247803767211735,0.5090602082939737,0.5159849886706949
981.0,0.5160030122970166,0.0069247803767211735,0.509078193565877,0.5160029739425982
981.5,0.5160210370297158,0.0069247803767211735,0.5090962260432184,0.5160210064199395
982.0,0.5160390156633544,0.0069247803767211735,0.5091142113151217,0.5160389916918429
982.5,0.5160570403960536,0.0069247803767211735,0.5091322437924631,0.5160570241691843
983.0,0.5160750190296922,0.0069247803767211735,0.5091502290643665,0.5160750094410876
983.5,0.5160930437623914,0.0069247803767211735,0.5091682615417078,0.516093041918429
984.0,0.5161111145941513,0.0069247803767211735,0.5091862940190492,0.5161110743957704
984.5,0.5161291393268505,0.0069247803767211735,0.5092043264963906,0.5161291068731118
985.0,0.5161471640595496,0.0069247803767211735,0.509222358973732,0.5161471393504532
985.5,0.5161651887922488,0.0069247803767211735,0.5092403914510734,0.5161651718277945
986.0,0.5161832135249481,0.0069247803767211735,0.5092584239284148,0.516183204305136
986.5,0.5162013304557685,0.0069247803767211735,0.5092765036111943,0.5162012839879154
987.0,0.5162193551884677,0.0069247803767211735,0.5092945360885356,0.5162193164652568
987.5,0.5162374260202275,0.0069247803767211735,0.509312615771315,0.5162373961480362
988.0,0.5162554968519873,0.0069247803767211735,0.5093306954540945,0.5162554758308157
988.5,0.5162735215846865,0.0069247803767211735,0.5093487279314359,0.5162735083081571
989.0,0.5162915924164464,0.0069247803767211735,0.5093668076142154,0.5162915879909366
989.5,0.5163097093472668,0.0069247803767211735,0.5093848872969948,0.516309667673716
990.0,0.5163277801790266,0.0069247803767211735,0.5094029669797743,0.5163277473564954
990.5,0.516345897109847,0.0069247803767211735,0.5094210938679918,0.516345874244713
991.0,0.5163639679416069,0.0069247803767211735,0.5094391735507713,0.5163639539274925
991.5,0.5163820387733667,0.0069247803767211735,0.5094572532335507,0.5163820336102719
992.0,0.5164002018032477,0.0069247803767211735,0.5094753801217683,0.5164001604984895
992.5,0.5164183187340682,0.0069247803767211735,0.5094935070099857,0.5164182873867069
993.0,0.5164363895658279,0.0069247803767211735,0.5095115866927652,0.5164363670694864
993.5,0.5164545064966484,0.0069247803767211735,0.5095297135809828,0.5164544939577039
994.0,0.5164726234274688,0.0069247803767211735,0.5095478404692003,0.5164726208459215
994.5,0.5164908325564105,0.0069247803767211735,0.5095660145628559,0.5164907949395771
995.0,0.5165089494872309,0.0069247803767211735,0.5095841414510733,0.5165089218277945
995.5,0.5165270664180514,0.0069247803767211735,0.5096022683392909,0.5165270487160121
996.0,0.5165452294479324,0.0069247803767211735,0.5096204424329465,0.5165452228096676
996.5,0.516563438576874,0.0069247803767211735,0.5096386165266021,0.5165633969033233
997.0,0.5165815555076945,0.0069247803767211735,0.5096567434148196,0.5165815237915408
997.5,0.5165997185375756,0.0069247803767211735,0.5096749175084752,0.5165996978851963
998.0,0.5166178815674566,0.0069247803767211735,0.5096930916021308,0.516617871978852
998.5,0.5166360906963983,0.0069247803767211735,0.5097112656957864,0.5166360460725076
999.0,0.5166542998253398,0.0069247803767211735,0.5097294869948801,0.5166542673716013
999.5,0.5166723706570997,0.0069247803767211735,0.5097475666776595,0.5166723470543807
1000.0,0.5166903492907383,0.0069247803767211735,0.5097655519495629,0.516690332326284
1000.5,0.5167083740234375,0.0069247803767211735,0.5097835844269042,0.5167083648036254
1001.0,0.5167264448551974,0.0069247803767211735,0.5098016169042456,0.5167263972809668
1001.5,0.5167445156869571,0.0069247803767211735,0.5098196965870251,0.5167444769637463
1002.0,0.5167625404196563,0.0069247803767211735,0.5098377290643664,0.5167625094410876
1002.5,0.5167805651523556,0.0069247803767211735,0.5098557615417079,0.516780541918429
1003.0,0.5167986359841154,0.0069247803767211735,0.5098738412244873,0.5167986216012085
1003.5,0.5168166607168145,0.0069247803767211735,0.5098918737018286,0.5168166540785498
1004.0,0.516834777647635,0.0069247803767211735,0.5099099533846081,0.5168347337613293
1004.5,0.5168528484793948,0.0069247803767211735,0.5099280330673875,0.5168528134441087
1005.0,0.5168709193111547,0.0069247803767211735,0.509946112750167,0.5168708931268882
1005.5,0.5168889901429145,0.0069247803767211735,0.5099641924329466,0.5168889728096677
1006.0,0.5169070609746743,0.0069247803767211735,0.509982272115726,0.5169070524924472
1006.5,0.5169251779054947,0.0069247803767211735,0.5100003517985054,0.5169251321752266
1007.0,0.5169432948363152,0.0069247803767211735,0.5100184786867229,0.5169432590634441
1007.5,0.5169613656680749,0.0069247803767211735,0.5100365583695023,0.5169613387462235
1008.0,0.5169794825988954,0.0069247803767211735,0.5100546852577199,0.5169794656344411
1008.5,0.5169975534306552,0.0069247803767211735,0.5100727649404994,0.5169975453172205
1009.0,0.5170157164605362,0.0069247803767211735,0.5100908918287169,0.5170156722054381
1009.5,0.5170338333913567,0.0069247803767211735,0.5101090187169344,0.5170337990936555
1010.0,0.5170519503221771,0.0069247803767211735,0.5101271456051519,0.5170519259818731
1010.5,0.5170700672529975,0.0069247803767211735,0.5101452724933695,0.5170700528700907
1011.0,0.517088184183818,0.0069247803767211735,0.510163399381587,0.5170881797583081
1011.5,0.5171063933127596,0.0069247803767211735,0.5101815734752426,0.5171063538519638
1012.0,0.5171245102435801,0.0069247803767211735,0.5101997003634601,0.5171244807401812
1012.5,0.5171426732734611,0.0069247803767211735,0.5102178744571156,0.5171426548338368
1013.0,0.5171608363033422,0.0069247803767211735,0.5102360485507713,0.5171608289274925
1013.5,0.5171789993332232,0.0069247803767211735,0.5102541754389888,0.5171789558157099
1014.0,0.5171971623631042,0.0069247803767211735,0.5102723495326443,0.5171971299093655
1014.5,0.5172153253929853,0.0069247803767211735,0.5102905236263,0.5172153040030212
1015.0,0.5172334884228663,0.0069247803767211735,0.5103086977199556,0.5172334780966767
1015.5,0.517251697551808,0.0069247803767211735,0.5103268718136111,0.5172516521903323
1016.0,0.5172699066807496,0.0069247803767211735,0.5103450931127048,0.517269873489426
1016.5,0.5172880697106307,0.0069247803767211735,0.5103632672063604,0.5172880475830816
1017.0,0.5173062327405117,0.0069247803767211735,0.510381441300016,0.5173062216767371
1017.5,0.5173244879685139,0.0069247803767211735,0.5103996625991096,0.5173244429758308
1018.0,0.5173426970974556,0.0069247803767211735,0.5104178838982033,0.5173426642749245
1018.5,0.5173608601273366,0.0069247803767211735,0.5104360579918589,0.51736083836858
1019.0,0.517379115355339,0.0069247803767211735,0.5104543264963906,0.5173791068731117
1019.5,0.5173973244842806,0.0069247803767211735,0.5104725005900462,0.5173972809667674
1020.0,0.5174155797122828,0.0069247803767211735,0.5104907690945779,0.5174155494712991
1020.5,0.5174337427421639,0.0069247803767211735,0.5105089431882335,0.5174337235649547
1021.0,0.5174517674748631,0.0069247803767211735,0.5105269756655749,0.5174517560422961
1021.5,0.517469838306623,0.0069247803767211735,0.5105450553483544,0.5174698357250755
1022.0,0.517488001336504,0.0069247803767211735,0.5105631822365719,0.5174879626132931
1022.5,0.5175093452015672,0.0069247803767211735,0.5105845190945779,0.5175092994712991
1023.0,0.5175324408309337,0.0069247803767211735,0.5106076497592305,0.5175324301359516
1023.5,0.5175555364603003,0.0069247803767211735,0.510630733218445,0.5175555135951662
1024.0,0.5175786781887274,0.0069247803767211735,0.5106538638830975,0.5175786442598187
1024.5,0.5176018199171545,0.0069247803767211735,0.5106769945477502,0.5176017749244713
1025.0,0.517624915546521,0.0069247803767211735,0.5107001252124027,0.5176249055891239
1025.5,0.5176481033740087,0.0069247803767211735,0.5107233030824934,0.5176480834592145
1026.0,0.5176712451024358,0.0069247803767211735,0.5107464337471459,0.5176712141238671
1026.5,0.5176944329299236,0.0069247803767211735,0.5107696116172366,0.5176943919939577
1027.0,0.5177175746583507,0.0069247803767211735,0.5107927894873272,0.5177175698640484
1027.5,0.5177407624858383,0.0069247803767211735,0.5108159673574177,0.5177407477341389
1028.0,0.5177639964123867,0.0069247803767211735,0.5108391924329465,0.5177639728096677
1028.5,0.517787230338935,0.0069247803767211735,0.5108624175084752,0.5177871978851963
1029.0,0.5178104181664228,0.0069247803767211735,0.5108855953785658,0.517810375755287
1029.5,0.5178336520929712,0.0069247803767211735,0.5109088676595326,0.5178336480362538
1030.0,0.5178568860195194,0.0069247803767211735,0.5109320927350613,0.5178568731117825
1030.5,0.5178801199460678,0.0069247803767211735,0.51095531781059,0.5178800981873112
1031.0,0.5179033999716768,0.0069247803767211735,0.5109785900915568,0.517903370468278
1031.5,0.5179266799972857,0.0069247803767211735,0.5110018623725235,0.5179266427492447
1032.0,0.5179499600228946,0.0069247803767211735,0.5110251346534903,0.5179499150302115
1032.5,0.517973193949443,0.0069247803767211735,0.5110484069344571,0.5179731873111783
1033.0,0.5179965200741126,0.0069247803767211735,0.511071726420862,0.5179965067975831
1033.5,0.5180198000997215,0.0069247803767211735,0.5110949987018287,0.5180197790785499
1034.0,0.5180431262243911,0.0069247803767211735,0.5111183181882335,0.5180430985649547
1034.5,0.5180664523490606,0.0069247803767211735,0.5111416376746384,0.5180664180513596
1035.0,0.5180898245727907,0.0069247803767211735,0.5111650043664813,0.5180897847432024
1035.5,0.5181131506974603,0.0069247803767211735,0.511188323852886,0.5181131042296072
1036.0,0.5181364768221299,0.0069247803767211735,0.5112116905447289,0.5181364709214501
1036.5,0.5181598490458601,0.0069247803767211735,0.5112350572365719,0.5181598376132931
1037.0,0.5181832212695903,0.0069247803767211735,0.5112584239284148,0.518183204305136
1037.5,0.5182065934933204,0.0069247803767211735,0.5112817906202577,0.5182065709969789
1038.0,0.5182299657170506,0.0069247803767211735,0.5113051573121006,0.5182299376888218
1038.5,0.5182533840398413,0.0069247803767211735,0.5113285712093816,0.5182533515861028
1039.0,0.5182768023626322,0.0069247803767211735,0.5113519851066625,0.5182767654833836
1039.5,0.5183002206854229,0.0069247803767211735,0.5113753990039435,0.5183001793806646
1040.0,0.5183236390082138,0.0069247803767211735,0.5113988129012245,0.5183235932779456
1040.5,0.5183470573310045,0.0069247803767211735,0.5114222740039435,0.5183470543806646
1041.0,0.5183704756537953,0.0069247803767211735,0.5114456879012245,0.5183704682779456
1041.5,0.5183939400756468,0.0069247803767211735,0.5114691490039435,0.5183939293806646
1042.0,0.5184174044974981,0.0069247803767211735,0.5114926101066625,0.5184173904833836
1042.5,0.5184407767212282,0.0069247803767211735,0.5115159767985055,0.5184407571752266
1043.0,0.5184640567468373,0.0069247803767211735,0.5115392490794721,0.5184640294561933
1043.5,0.5184873828715068,0.0069247803767211735,0.511562568565877,0.5184873489425982
1044.0,0.5185107089961764,0.0069247803767211735,0.5115858880522819,0.5185106684290031
1044.5,0.5185339429227247,0.0069247803767211735,0.5116091603332487,0.5185339407099698
1045.0,0.5185572690473943,0.0069247803767211735,0.5116324798196534,0.5185572601963746
1045.5,0.5185806412711245,0.0069247803767211735,0.5116558465114963,0.5185806268882175
1046.0,0.518603967395794,0.0069247803767211735,0.5116791659979012,0.5186039463746224
1046.5,0.5186273396195241,0.0069247803767211735,0.5117025326897441,0.5186273130664653
1047.0,0.5186506657441937,0.0069247803767211735,0.511725852176149,0.5186506325528701
1047.5,0.5186740379679239,0.0069247803767211735,0.5117492188679919,0.518673999244713
1048.0,0.518697410191654,0.0069247803767211735,0.5117725855598347,0.5186973659365559
1048.5,0.5187207824153842,0.0069247803767211735,0.5117959994571157,0.5187207798338369
1049.0,0.5187441546391144,0.0069247803767211735,0.5118193661489586,0.5187441465256798
1049.5,0.5187675729619052,0.0069247803767211735,0.5118427800462395,0.5187675604229607
1050.0,0.518790991284696,0.0069247803767211735,0.5118661939435205,0.5187909743202417
1050.5,0.5188144096074868,0.0069247803767211735,0.5118896078408015,0.5188143882175227
1051.0,0.5188378279302776,0.0069247803767211735,0.5119130217380824,0.5188378021148036
1051.5,0.5188612462530684,0.0069247803767211735,0.5119364356353634,0.5188612160120846
1052.0,0.5188847106749197,0.0069247803767211735,0.5119598967380824,0.5188846771148036
1052.5,0.5189081289977105,0.0069247803767211735,0.5119833106353634,0.5189080910120846
1053.0,0.518931593419562,0.0069247803767211735,0.5120067717380824,0.5189315521148036
1053.5,0.5189550578414134,0.0069247803767211735,0.5120302328408015,0.5189550132175227
1054.0,0.5189784761642041,0.0069247803767211735,0.5120536939435205,0.5189784743202417
1054.5,0.5190019866851161,0.0069247803767211735,0.5120772022516776,0.5190019826283988
1055.0,0.5190254511069675,0.0069247803767211735,0.5121006633543966,0.5190254437311178
1055.5,0.5190489616278795,0.0069247803767211735,0.5121241716625538,0.5190489520392749
1056.0,0.5190724721487915,0.0069247803767211735,0.5121476799707109,0.519072460347432
1056.5,0.5190959826697036,0.0069247803767211735,0.512171188278868,0.5190959686555892
1057.0,0.5191194931906156,0.0069247803767211735,0.5121946965870251,0.5191194769637463
1057.5,0.5191430498105882,0.0069247803767211735,0.5122182521006202,0.5191430324773414
1058.0,0.5191665603315002,0.0069247803767211735,0.5122417604087773,0.5191665407854985
1058.5,0.5191901169514728,0.0069247803767211735,0.5122653159223725,0.5191900962990936
1059.0,0.5192136735714454,0.0069247803767211735,0.5122888714359677,0.5192136518126889
1059.5,0.5192372301914181,0.0069247803767211735,0.5123124269495628,0.519237207326284
1060.0,0.5192607868113907,0.0069247803767211735,0.512335982463158,0.5192607628398792
1060.5,0.5192843434313633,0.0069247803767211735,0.5123595379767532,0.5192843183534743
1061.0,0.5193079000513359,0.0069247803767211735,0.5123830934903483,0.5193078738670694
1061.5,0.5193315027703691,0.0069247803767211735,0.5124066962093815,0.5193314765861027
1062.0,0.5193551054894023,0.0069247803767211735,0.5124302989284147,0.5193550793051359
1062.5,0.5193787082084356,0.0069247803767211735,0.512453901647448,0.5193786820241691
1063.0,0.5194023109274688,0.0069247803767211735,0.5124775043664812,0.5194022847432024
1063.5,0.519425913646502,0.0069247803767211735,0.5125011070855144,0.5194258874622356
1064.0,0.5194495163655353,0.0069247803767211735,0.5125247098045477,0.5194494901812688
1064.5,0.5194731651836292,0.0069247803767211735,0.512548359729019,0.5194731401057402
1065.0,0.5194967679026624,0.0069247803767211735,0.5125719624480523,0.5194967428247734
1065.5,0.5195202323245138,0.0069247803767211735,0.5125954235507713,0.5195202039274924
1066.0,0.5195436967463651,0.0069247803767211735,0.5126188846534903,0.5195436650302114
1066.5,0.5195671611682166,0.0069247803767211735,0.5126423457562094,0.5195671261329305
1067.0,0.519590625590068,0.0069247803767211735,0.5126658068589284,0.5195905872356495
1067.5,0.51961413611098,0.0069247803767211735,0.5126893151670855,0.5196140955438067
1068.0,0.519637646631892,0.0069247803767211735,0.5127128234752426,0.5196376038519638
1068.5,0.5196611110537434,0.0069247803767211735,0.5127362845779616,0.5196610649546828
1069.0,0.5196845754755948,0.0069247803767211735,0.5127597928861187,0.5196845732628399
1069.5,0.5197080859965068,0.0069247803767211735,0.5127833011942758,0.519708081570997
1070.0,0.5197315965174188,0.0069247803767211735,0.512806809502433,0.5197315898791541
1070.5,0.5197551531373914,0.0069247803767211735,0.5128303650160281,0.5197551453927493
1071.0,0.5197786636583034,0.0069247803767211735,0.5128538733241852,0.5197786537009064
1071.5,0.519802220278276,0.0069247803767211735,0.5128774288377803,0.5198022092145015
1072.0,0.519825730799188,0.0069247803767211735,0.5129009371459374,0.5198257175226586
1072.5,0.5198492874191607,0.0069247803767211735,0.5129244926595325,0.5198492730362537
1073.0,0.5198728440391333,0.0069247803767211735,0.5129480481731278,0.519872828549849
1073.5,0.5198964006591059,0.0069247803767211735,0.5129716036867229,0.5198963840634441
1074.0,0.5199199572790786,0.0069247803767211735,0.5129951592003181,0.5199199395770393
1074.5,0.5199435138990511,0.0069247803767211735,0.5130187147139132,0.5199434950906344
1075.0,0.5199671166180844,0.0069247803767211735,0.5130423174329465,0.5199670978096677
1075.5,0.519990673238057,0.0069247803767211735,0.5130658729465417,0.5199906533232629
1076.0,0.5200142759570903,0.0069247803767211735,0.513089475665575,0.5200142560422961
1076.5,0.5200378786761235,0.0069247803767211735,0.5131130783846082,0.5200378587613294
1077.0,0.5200614813951567,0.0069247803767211735,0.5131366811036414,0.5200614614803626
1077.5,0.52008508411419,0.0069247803767211735,0.5131602838226746,0.5200850641993958
1078.0,0.5201086868332232,0.0069247803767211735,0.5131838865417079,0.520108666918429
1078.5,0.5201322895522564,0.0069247803767211735,0.5132074892607411,0.5201322696374623
1079.0,0.5201559383703502,0.0069247803767211735,0.5132311391852123,0.5201559195619335
1079.5,0.5201795410893835,0.0069247803767211735,0.5132547419042456,0.5201795222809668
1080.0,0.5202031899074774,0.0069247803767211735,0.5132783918287169,0.5202031722054381
1080.5,0.5202268387255712,0.0069247803767211735,0.5133020417531882,0.5202268221299093
1081.0,0.520250487543665,0.0069247803767211735,0.5133256916776595,0.5202504720543807
1081.5,0.5202740902626982,0.0069247803767211735,0.5133492943966927,0.5202740747734139
1082.0,0.5202977851798527,0.0069247803767211735,0.5133729915266021,0.5202977719033233
1082.5,0.5203213417998254,0.0069247803767211735,0.5133965470401972,0.5203213274169184
1083.0,0.5203448523207373,0.0069247803767211735,0.5134200553483543,0.5203448357250755
1083.5,0.5203683628416493,0.0069247803767211735,0.5134435636565114,0.5203683440332326
1084.0,0.5203918733625613,0.0069247803767211735,0.5134670719646686,0.5203918523413897
1084.5,0.520415429982534,0.0069247803767211735,0.5134906274782637,0.5204154078549849
1085.0,0.520438940503446,0.0069247803767211735,0.5135141357864208,0.520438916163142
1085.5,0.5204624971234186,0.0069247803767211735,0.513537691300016,0.5204624716767372
1086.0,0.5204860537433912,0.0069247803767211735,0.5135612468136111,0.5204860271903323
1086.5,0.5205095642643033,0.0069247803767211735,0.5135847551217683,0.5205095354984894
1087.0,0.5205331208842758,0.0069247803767211735,0.5136083106353634,0.5205330910120846
1087.5,0.5205566775042485,0.0069247803767211735,0.5136318661489586,0.5205566465256798
1088.0,0.5205802341242212,0.0069247803767211735,0.5136554216625537,0.5205802020392749
1088.5,0.5206037907441937,0.0069247803767211735,0.513678977176149,0.5206037575528701
1089.0,0.520627393463227,0.0069247803767211735,0.5137025798951822,0.5206273602719034
1089.5,0.5206509500831996,0.0069247803767211735,0.5137261354087773,0.5206509157854985
1090.0,0.5206745528022328,0.0069247803767211735,0.5137497381278106,0.5206745185045317
1090.5,0.5206981555212661,0.0069247803767211735,0.5137733408468438,0.520698121223565
1091.0,0.5207217121412386,0.0069247803767211735,0.5137968963604389,0.5207216767371601
1091.5,0.5207453148602719,0.0069247803767211735,0.5138204990794721,0.5207452794561933
1092.0,0.5207689175793051,0.0069247803767211735,0.5138441017985054,0.5207688821752265
1092.5,0.5207925202983383,0.0069247803767211735,0.5138677045175386,0.5207924848942598
1093.0,0.5208161230173716,0.0069247803767211735,0.5138913072365718,0.520816087613293
1093.5,0.5208397718354655,0.0069247803767211735,0.5139149571610432,0.5208397375377644
1094.0,0.5208633745544987,0.0069247803767211735,0.5139385598800764,0.5208633402567976
1094.5,0.5208870233725925,0.0069247803767211735,0.5139622098045477,0.5208869901812688
1095.0,0.5209106260916258,0.0069247803767211735,0.5139858125235809,0.5209105929003021
1095.5,0.5209342749097196,0.0069247803767211735,0.5140094624480522,0.5209342428247734
1096.0,0.5209579237278135,0.0069247803767211735,0.5140331123725236,0.5209578927492448
1096.5,0.5209815725459073,0.0069247803767211735,0.5140567622969948,0.520981542673716
1097.0,0.5210052213640012,0.0069247803767211735,0.5140804122214662,0.5210051925981873
1097.5,0.521028870182095,0.0069247803767211735,0.5141040621459374,0.5210288425226586
1098.0,0.5210525190001888,0.0069247803767211735,0.5141277120704087,0.5210524924471299
1098.5,0.5210762139173433,0.0069247803767211735,0.5141514092003181,0.5210761895770393
1099.0,0.5210998627354371,0.0069247803767211735,0.5141750591247894,0.5210998395015106
1099.5,0.5211235576525916,0.0069247803767211735,0.5141987562546988,0.52112353663142
1100.0,0.5211472064706855,0.0069247803767211735,0.51422240617917,0.5211471865558912
1100.5,0.521170763090658,0.0069247803767211735,0.5142459616927653,0.5211707420694864
1101.0,0.5211943197106307,0.0069247803767211735,0.5142695172063604,0.5211942975830816
1101.5,0.5212178763306032,0.0069247803767211735,0.5142930727199556,0.5212178530966768
1102.0,0.5212414329505759,0.0069247803767211735,0.5143166282335507,0.5212414086102719
1102.5,0.5212649895705486,0.0069247803767211735,0.5143401837471459,0.521264964123867
1103.0,0.5212885922895818,0.0069247803767211735,0.5143637864661791,0.5212885668429003
1103.5,0.5213121489095544,0.0069247803767211735,0.5143873419797743,0.5213121223564955
1104.0,0.5213357516285876,0.0069247803767211735,0.5144109446988075,0.5213357250755287
1104.5,0.5213593082485602,0.0069247803767211735,0.5144345002124027,0.5213592805891238
1105.0,0.5213829109675935,0.0069247803767211735,0.5144581029314359,0.5213828833081571
1105.5,0.5214065136866267,0.0069247803767211735,0.5144817056504691,0.5214064860271903
1106.0,0.52143011640566,0.0069247803767211735,0.5145053083695024,0.5214300887462235
1106.5,0.5214537191246932,0.0069247803767211735,0.5145289110885356,0.5214536914652568
1107.0,0.5214773218437264,0.0069247803767211735,0.5145525138075688,0.52147729418429
1107.5,0.5215009245627596,0.0069247803767211735,0.5145761165266021,0.5215008969033232
1108.0,0.5215245272817929,0.0069247803767211735,0.5145997192456353,0.5215244996223565
1108.5,0.5215481760998867,0.0069247803767211735,0.5146233691701066,0.5215481495468278
1109.0,0.5215717788189199,0.0069247803767211735,0.5146469718891399,0.521571752265861
1109.5,0.5215954276370138,0.0069247803767211735,0.5146706218136111,0.5215954021903323
1110.0,0.5216190303560471,0.0069247803767211735,0.5146942245326444,0.5216190049093655
1110.5,0.5216426791741409,0.0069247803767211735,0.5147178744571157,0.5216426548338369
1111.0,0.5216663279922347,0.0069247803767211735,0.5147415243815869,0.5216663047583081
1111.5,0.5216899768103286,0.0069247803767211735,0.5147651743060583,0.5216899546827795
1112.0,0.5217136256284224,0.0069247803767211735,0.5147888242305296,0.5217136046072508
1112.5,0.521737182248395,0.0069247803767211735,0.5148123797441247,0.5217371601208459
1113.0,0.5217607388683676,0.0069247803767211735,0.5148359352577199,0.521760715634441
1113.5,0.5217842954883403,0.0069247803767211735,0.5148594907713151,0.5217842711480363
1114.0,0.5218078521083129,0.0069247803767211735,0.5148830462849102,0.5218078266616314
1114.5,0.5218314087282855,0.0069247803767211735,0.5149066017985054,0.5218313821752266
1115.0,0.5218549653482581,0.0069247803767211735,0.5149301573121006,0.5218549376888217
1115.5,0.5218785680672914,0.0069247803767211735,0.5149537600311338,0.521878540407855
1116.0,0.5219021246872639,0.0069247803767211735,0.514977315544729,0.5219020959214502
1116.5,0.5219256813072366,0.0069247803767211735,0.5150008710583242,0.5219256514350453
1117.0,0.5219492840262698,0.0069247803767211735,0.5150244737773574,0.5219492541540786
1117.5,0.5219728867453031,0.0069247803767211735,0.5150480764963906,0.5219728568731118
1118.0,0.5219964433652757,0.0069247803767211735,0.5150716320099857,0.5219964123867069
1118.5,0.522020046084309,0.0069247803767211735,0.515095234729019,0.5220200151057401
1119.0,0.5220436488033422,0.0069247803767211735,0.5151188374480522,0.5220436178247734
1119.5,0.5220672515223754,0.0069247803767211735,0.5151424401670854,0.5220672205438066
1120.0,0.5220908542414087,0.0069247803767211735,0.5151660428861187,0.5220908232628398
1120.5,0.5221144569604419,0.0069247803767211735,0.5151896456051519,0.5221144259818731
1121.0,0.5221380596794751,0.0069247803767211735,0.5152132483241851,0.5221380287009063
1121.5,0.5221616623985083,0.0069247803767211735,0.5152368510432184,0.5221616314199395
1122.0,0.5221853112166022,0.0069247803767211735,0.5152605009676897,0.5221852813444109
1122.5,0.522208960034696,0.0069247803767211735,0.515284150892161,0.5222089312688821
1123.0,0.5222326088527899,0.0069247803767211735,0.5153078008166323,0.5222325811933535
1123.5,0.5222562576708837,0.0069247803767211735,0.5153314507411036,0.5222562311178248
1124.0,0.5222799525880382,0.0069247803767211735,0.515355147871013,0.5222799282477342
1124.5,0.522303601406132,0.0069247803767211735,0.5153787977954842,0.5223035781722054
1125.0,0.5223272041251652,0.0069247803767211735,0.5154024005145175,0.5223271808912386
1125.5,0.5223508068441984,0.0069247803767211735,0.5154260032335507,0.5223507836102719
1126.0,0.5223744095632317,0.0069247803767211735,0.5154496059525839,0.5223743863293051
1126.5,0.5223980122822649,0.0069247803767211735,0.5154732086716172,0.5223979890483383
1127.0,0.5224216611003588,0.0069247803767211735,0.5154968585960885,0.5224216389728097
1127.5,0.522445263819392,0.0069247803767211735,0.5155204613151217,0.5224452416918429
1128.0,0.5224689126374858,0.0069247803767211735,0.515544111239593,0.5224688916163142
1128.5,0.5224925614555797,0.0069247803767211735,0.5155677611640643,0.5224925415407855
1129.0,0.5225162563727341,0.0069247803767211735,0.5155914582939737,0.5225162386706949
1129.5,0.5225399051908279,0.0069247803767211735,0.515615108218445,0.5225398885951662
1130.0,0.5225636001079824,0.0069247803767211735,0.5156388053483544,0.5225635857250756
1130.5,0.5225872950251369,0.0069247803767211735,0.5156625024782637,0.5225872828549849
1131.0,0.5226109899422914,0.0069247803767211735,0.5156861996081731,0.5226109799848943
1131.5,0.5226347309585064,0.0069247803767211735,0.5157099439435205,0.5226347243202417
1132.0,0.5226584719747215,0.0069247803767211735,0.5157336882788679,0.5226584686555891
1132.5,0.5226822129909365,0.0069247803767211735,0.5157573854087774,0.5226821657854985
1133.0,0.5227060001062123,0.0069247803767211735,0.5157811769495628,0.522705957326284
1133.5,0.5227297411224273,0.0069247803767211735,0.5158049212849103,0.5227297016616315
1134.0,0.5227535282377029,0.0069247803767211735,0.5158287128256958,0.5227534932024169
1134.5,0.5227773153529787,0.0069247803767211735,0.5158525043664812,0.5227772847432024
1135.0,0.5228011024682544,0.0069247803767211735,0.5158762959072667,0.5228010762839879
1135.5,0.52282488958353,0.0069247803767211735,0.5159000874480523,0.5228248678247734
1136.0,0.5228486766988057,0.0069247803767211735,0.5159238789888377,0.5228486593655589
1136.5,0.522872509913142,0.0069247803767211735,0.5159477177350613,0.5228724981117825
1137.0,0.5228963431274782,0.0069247803767211735,0.5159715564812849,0.5228963368580061
1137.5,0.522920130242754,0.0069247803767211735,0.5159953480220704,0.5229201283987915
1138.0,0.5229439173580297,0.0069247803767211735,0.5160190923574178,0.522943872734139
1138.5,0.5229677044733053,0.0069247803767211735,0.5160428838982033,0.5229676642749245
1139.0,0.5229914454895204,0.0069247803767211735,0.5160666282335508,0.5229914086102719
1139.5,0.5230152326047961,0.0069247803767211735,0.5160904197743362,0.5230152001510574
1140.0,0.5230390197200717,0.0069247803767211735,0.5161142113151217,0.5230389916918429
1140.5,0.5230628068353474,0.0069247803767211735,0.5161380028559073,0.5230627832326284
1141.0,0.5230865939506231,0.0069247803767211735,0.5161617943966927,0.5230865747734139
1141.5,0.5231103810658988,0.0069247803767211735,0.5161855859374782,0.5231103663141994
1142.0,0.5231342142802351,0.0069247803767211735,0.5162094246837018,0.523134205060423
1142.5,0.5231580474945714,0.0069247803767211735,0.5162332634299254,0.5231580438066465
1143.0,0.5231819268079683,0.0069247803767211735,0.516257102176149,0.5231818825528701
1143.5,0.5232057600223046,0.0069247803767211735,0.5162809409223725,0.5232057212990937
1144.0,0.5232296393357014,0.0069247803767211735,0.5163048268740341,0.5232296072507553
1144.5,0.5232534725500377,0.0069247803767211735,0.5163286656202577,0.5232534459969789
1145.0,0.5232773518634347,0.0069247803767211735,0.5163525515719193,0.5232773319486405
1145.5,0.5233012311768316,0.0069247803767211735,0.516376437523581,0.5233012179003022
1146.0,0.5233251104902285,0.0069247803767211735,0.5164003234752426,0.5233251038519637
1146.5,0.5233490820017466,0.0069247803767211735,0.5164242566323423,0.5233490370090634
1147.0,0.5233729613151435,0.0069247803767211735,0.516448142584004,0.5233729229607251
1147.5,0.5233968406285404,0.0069247803767211735,0.5164720285356655,0.5233968089123867
1148.0,0.5234206738428767,0.0069247803767211735,0.5164958672818891,0.5234206476586103
1148.5,0.523444507057213,0.0069247803767211735,0.5165197060281127,0.5234444864048339
1149.0,0.5234683863706099,0.0069247803767211735,0.5165435919797743,0.5234683723564955
1149.5,0.5234922195849462,0.0069247803767211735,0.5165674307259979,0.523492211102719
1150.0,0.523516098898343,0.0069247803767211735,0.5165913166776595,0.5235160970543806
1150.5,0.5235400243108006,0.0069247803767211735,0.5166152026293211,0.5235399830060423
1151.0,0.5235639036241975,0.0069247803767211735,0.5166390885809827,0.5235638689577039
1151.5,0.5235877829375944,0.0069247803767211735,0.5166629745326444,0.5235877549093656
1152.0,0.5236117083500519,0.0069247803767211735,0.5166869076897441,0.5236116880664653
1152.5,0.5236356337625094,0.0069247803767211735,0.5167108408468438,0.523635621223565
1153.0,0.523659559174967,0.0069247803767211735,0.5167347740039435,0.5236595543806647
1153.5,0.5236835306864851,0.0069247803767211735,0.5167587071610432,0.5236834875377644
1154.0,0.5237074560989426,0.0069247803767211735,0.5167826403181429,0.5237074206948641
1154.5,0.5237314276104608,0.0069247803767211735,0.5168066206806806,0.5237314010574018
1155.0,0.5237553530229182,0.0069247803767211735,0.5168305538377803,0.5237553342145015
1155.5,0.5237793245344363,0.0069247803767211735,0.5168545342003181,0.5237793145770393
1156.0,0.5238033421450151,0.0069247803767211735,0.5168785145628558,0.523803294939577
1156.5,0.5238273597555938,0.0069247803767211735,0.5169025421308316,0.5238273225075528
1157.0,0.5238513312671119,0.0069247803767211735,0.5169265224933695,0.5238513028700906
1157.5,0.5238752566795695,0.0069247803767211735,0.5169504556504692,0.5238752360271903
1158.0,0.523899182092027,0.0069247803767211735,0.5169743888075689,0.52389916918429
1158.5,0.5239231075044846,0.0069247803767211735,0.5169983219646686,0.5239231023413897
1159.0,0.5239470790160027,0.0069247803767211735,0.5170222551217682,0.5239470354984894
1159.5,0.5239710505275208,0.0069247803767211735,0.5170462354843061,0.5239710158610272
1160.0,0.5239949759399782,0.0069247803767211735,0.5170701686414058,0.5239949490181269
1160.5,0.5240189474514965,0.0069247803767211735,0.5170941490039435,0.5240189293806646
1161.0,0.5240429189630146,0.0069247803767211735,0.5171181293664813,0.5240429097432024
1161.5,0.5240669365735933,0.0069247803767211735,0.517142109729019,0.5240668901057401
1162.0,0.5240909080851114,0.0069247803767211735,0.5171660900915568,0.524090870468278
1162.5,0.5241149256956902,0.0069247803767211735,0.5171901176595326,0.5241148980362538
1163.0,0.5241389433062689,0.0069247803767211735,0.5172141452275084,0.5241389256042296
1163.5,0.5241629609168477,0.0069247803767211735,0.5172381727954842,0.5241629531722054
1164.0,0.5241870246264869,0.0069247803767211735,0.51726220036346,0.5241869807401812
1164.5,0.5242110422370657,0.0069247803767211735,0.517286227931436,0.5242110083081571
1165.0,0.5242350598476444,0.0069247803767211735,0.5173102554994118,0.524235035876133
1165.5,0.5242591235572838,0.0069247803767211735,0.5173343302728256,0.5242591106495468
1166.0,0.5242832333659838,0.0069247803767211735,0.5173584050462395,0.5242831854229607
1166.5,0.5243072970756231,0.0069247803767211735,0.5173824798196535,0.5243072601963746
1167.0,0.5243313607852624,0.0069247803767211735,0.5174065545930674,0.5243313349697886
1167.5,0.5243553783958412,0.0069247803767211735,0.5174305821610432,0.5243553625377644
1168.0,0.5243793499073593,0.0069247803767211735,0.5174545625235809,0.5243793429003021
1168.5,0.5244034136169987,0.0069247803767211735,0.5174785900915567,0.5244033704682779
1169.0,0.5244274312275774,0.0069247803767211735,0.5175026176595326,0.5244273980362538
1169.5,0.5244514488381562,0.0069247803767211735,0.5175266452275085,0.5244514256042296
1170.0,0.5244754664487349,0.0069247803767211735,0.5175506727954843,0.5244754531722055
1170.5,0.5244995301583742,0.0069247803767211735,0.5175747475688982,0.5244995279456194
1171.0,0.5245236399670742,0.0069247803767211735,0.517598822342312,0.5245236027190332
1171.5,0.5245477036767136,0.0069247803767211735,0.517622897115726,0.5245476774924471
1172.0,0.5245717673863529,0.0069247803767211735,0.5176469718891399,0.5245717522658611
1172.5,0.5245958310959923,0.0069247803767211735,0.5176710466625537,0.5245958270392749
1173.0,0.5246199870037528,0.0069247803767211735,0.5176951686414057,0.5246199490181269
1173.5,0.5246440507133922,0.0069247803767211735,0.5177192434148196,0.5246440237915407
1174.0,0.5246681605220922,0.0069247803767211735,0.5177433653936716,0.5246681457703928
1174.5,0.5246923625289134,0.0069247803767211735,0.5177675345779617,0.5246923149546828
1175.0,0.5247164723376133,0.0069247803767211735,0.5177916565568136,0.5247164369335348
1175.5,0.5247406282453738,0.0069247803767211735,0.5178158257411036,0.5247406061178248
1176.0,0.5247647380540739,0.0069247803767211735,0.5178399477199556,0.5247647280966767
1176.5,0.5247889861599556,0.0069247803767211735,0.5178641641096836,0.5247889444864048
1177.0,0.5248131420677162,0.0069247803767211735,0.5178883332939737,0.5248131136706948
1177.5,0.5248372979754767,0.0069247803767211735,0.5179125024782637,0.5248372828549849
1178.0,0.5248614077841768,0.0069247803767211735,0.5179366244571156,0.5248614048338368
1178.5,0.5248855636919373,0.0069247803767211735,0.5179607464359677,0.5248855268126889
1179.0,0.5249096735006372,0.0069247803767211735,0.5179848684148196,0.5249096487915408
1179.5,0.5249337833093373,0.0069247803767211735,0.5180089903936715,0.5249337707703927
1180.0,0.5249579853161584,0.0069247803767211735,0.5180331595779616,0.5249579399546828
1180.5,0.5249820951248584,0.0069247803767211735,0.5180572815568135,0.5249820619335347
1181.0,0.525006251032619,0.0069247803767211735,0.5180814507411036,0.5250062311178247
1181.5,0.5250304069403795,0.0069247803767211735,0.5181056199253936,0.5250304003021148
1182.0,0.5250546550462614,0.0069247803767211735,0.5181298363151218,0.525054616691843
1182.5,0.5250788109540219,0.0069247803767211735,0.5181540054994117,0.5250787858761329
1183.0,0.525103012960843,0.0069247803767211735,0.5181782218891399,0.525103002265861
1183.5,0.5251272610667249,0.0069247803767211735,0.5182024382788679,0.5251272186555891
1184.0,0.5251514630735461,0.0069247803767211735,0.5182266546685961,0.5251514350453172
1184.5,0.5251757111794279,0.0069247803767211735,0.5182509182637622,0.5251756986404834
1185.0,0.5251999592853097,0.0069247803767211735,0.5182751346534903,0.5251999150302115
1185.5,0.5252242073911915,0.0069247803767211735,0.5182993982486565,0.5252241786253776
1186.0,0.5252484554970732,0.0069247803767211735,0.5183236618438226,0.5252484422205438
1186.5,0.5252727497020157,0.0069247803767211735,0.5183479254389888,0.52527270581571
1187.0,0.5252975048975642,0.0069247803767211735,0.5183727082939736,0.5252974886706948
1187.5,0.5253284834662953,0.0069247803767211735,0.5184036750613453,0.5253284554380665
1188.0,0.525359508134087,0.0069247803767211735,0.5184346890341549,0.5253594694108761
1188.5,0.5253903945046969,0.0069247803767211735,0.5184656085960885,0.5253903889728097
1189.0,0.5254213730734281,0.0069247803767211735,0.51849657536346,0.5254213557401812
1189.5,0.5254523055430985,0.0069247803767211735,0.5185274949253936,0.5254522753021148
1190.0,0.5254832841118297,0.0069247803767211735,0.5185584616927652,0.5254832420694864
1190.5,0.5255142165815002,0.0069247803767211735,0.5185894284601368,0.525514208836858
1191.0,0.5255452412492919,0.0069247803767211735,0.5186204424329465,0.5255452228096676
1191.5,0.525576219818023,0.0069247803767211735,0.518651409200318,0.5255761895770392
1192.0,0.5256072444858148,0.0069247803767211735,0.5186824231731277,0.5256072035498489
1192.5,0.5256382691536065,0.0069247803767211735,0.5187134843513755,0.5256382647280967
1193.0,0.5256692938213983,0.0069247803767211735,0.5187444983241851,0.5256692787009063
1193.5,0.5257003645882505,0.0069247803767211735,0.5187755595024329,0.5257003398791541
1194.0,0.5257314353551029,0.0069247803767211735,0.5188066206806806,0.5257314010574018
1194.5,0.5257625522210159,0.0069247803767211735,0.5188377290643664,0.5257625094410876
1195.0,0.5257936229878682,0.0069247803767211735,0.5188688374480522,0.5257936178247734
1195.5,0.5258247398537812,0.0069247803767211735,0.518899945831738,0.5258247262084592
1196.0,0.5258558567196941,0.0069247803767211735,0.5189310542154238,0.525855834592145
1196.5,0.5258870196846677,0.0069247803767211735,0.5189622098045477,0.5258869901812688
1197.0,0.5259181826496412,0.0069247803767211735,0.5189933653936716,0.5259181457703928
1197.5,0.5259493456146148,0.0069247803767211735,0.5190245209827954,0.5259493013595166
1198.0,0.5259804624805278,0.0069247803767211735,0.5190556765719193,0.5259804569486405
1198.5,0.526011671544562,0.0069247803767211735,0.5190868793664812,0.5260116597432024
1199.0,0.5260428806085962,0.0069247803767211735,0.5191180821610432,0.5260428625377643
1199.5,0.5260739974745091,0.0069247803767211735,0.519149190544729,0.5260739709214501
1200.0,0.5261051604394826,0.0069247803767211735,0.5191803461338529,0.5261051265105741
1200.5,0.5261363234044562,0.0069247803767211735,0.5192115017229767,0.5261362820996979
1201.0,0.5261674402703691,0.0069247803767211735,0.5192426573121006,0.5261674376888218
1201.5,0.5261986032353427,0.0069247803767211735,0.5192738129012244,0.5261985932779456
1202.0,0.5262298122993769,0.0069247803767211735,0.5193050156957864,0.5262297960725075
1202.5,0.526261021363411,0.0069247803767211735,0.5193362184903483,0.5262609988670695
1203.0,0.5262922765265059,0.0069247803767211735,0.5193674684903483,0.5262922488670695
1203.5,0.52632348559054,0.0069247803767211735,0.5193986712849102,0.5263234516616314
1204.0,0.5263547407536349,0.0069247803767211735,0.5194299212849103,0.5263547016616315
1204.5,0.5263859959167296,0.0069247803767211735,0.5194611712849102,0.5263859516616314
1205.0,0.5264172510798244,0.0069247803767211735,0.5194924684903484,0.5264172488670695
1205.5,0.5264485062429192,0.0069247803767211735,0.5195237184903483,0.5264484988670695
1206.0,0.5264798075050746,0.0069247803767211735,0.5195550156957863,0.5264797960725075
1206.5,0.5265111548662906,0.0069247803767211735,0.5195863601066625,0.5265111404833837
1207.0,0.526542456128446,0.0069247803767211735,0.5196176573121006,0.5265424376888218
1207.5,0.526573803489662,0.0069247803767211735,0.5196490017229767,0.5265737820996979
1208.0,0.526605150850878,0.0069247803767211735,0.5196803461338528,0.526605126510574
1208.5,0.5266365443111547,0.0069247803767211735,0.519711737750167,0.5266365181268882
1209.0,0.5266678916723706,0.0069247803767211735,0.5197430821610431,0.5266678625377643
1209.5,0.5266993312317079,0.0069247803767211735,0.5197745209827954,0.5266993013595166
1210.0,0.5267307246919846,0.0069247803767211735,0.5198059125991097,0.5267306929758309
1210.5,0.5267620720532006,0.0069247803767211735,0.5198372570099857,0.5267620373867069
1211.0,0.5267933733153559,0.0069247803767211735,0.5198685542154239,0.5267933345921451
1211.5,0.5268247206765719,0.0069247803767211735,0.5198998986262999,0.5268246790030211
1212.0,0.526856068037788,0.0069247803767211735,0.5199312430371761,0.5268560234138973
1212.5,0.526887415399004,0.0069247803767211735,0.5199625874480522,0.5268873678247734
1213.0,0.52691876276022,0.0069247803767211735,0.5199939790643664,0.5269187594410876
1213.5,0.5269501562204966,0.0069247803767211735,0.5200253706806807,0.5269501510574018
1214.0,0.5269815496807733,0.0069247803767211735,0.5200567622969948,0.526981542673716
1214.5,0.5270129892401104,0.0069247803767211735,0.5200882011187471,0.5270129814954683
1215.0,0.5270444287994477,0.0069247803767211735,0.5201196399404994,0.5270444203172205
1215.5,0.527075868358785,0.0069247803767211735,0.5201510787622516,0.5270758591389728
1216.0,0.5271073079181222,0.0069247803767211735,0.5201825175840039,0.5271072979607251
1216.5,0.52713879357652,0.0069247803767211735,0.5202140036111942,0.5271387839879154
1217.0,0.5271702331358572,0.0069247803767211735,0.5202454424329465,0.5271702228096676
1217.5,0.5272017187942551,0.0069247803767211735,0.5202769284601368,0.527201708836858
1218.0,0.5272332505517136,0.0069247803767211735,0.5203084616927652,0.5272332420694864
1218.5,0.5272647362101114,0.0069247803767211735,0.5203399477199555,0.5272647280966767
1219.0,0.5272962679675699,0.0069247803767211735,0.520371480952584,0.5272962613293052
1219.5,0.5273277997250283,0.0069247803767211735,0.5204030141852124,0.5273277945619336
1220.0,0.5273593775815474,0.0069247803767211735,0.5204345946232788,0.527359375
1220.5,0.5273909554380665,0.0069247803767211735,0.5204661278559072,0.5273909082326284
1221.0,0.5274225332945855,0.0069247803767211735,0.5204977082939737,0.5274224886706949
1221.5,0.5274541111511046,0.0069247803767211735,0.5205292887320402,0.5274540691087614
1222.0,0.527485642908563,0.0069247803767211735,0.5205608219646686,0.5274856023413897
1222.5,0.5275171285669609,0.0069247803767211735,0.5205923079918588,0.52751708836858
1223.0,0.5275486603244194,0.0069247803767211735,0.5206238412244872,0.5275486216012084
1223.5,0.5275801920818778,0.0069247803767211735,0.5206553744571157,0.5275801548338369
1224.0,0.5276117238393363,0.0069247803767211735,0.5206869076897441,0.5276116880664653
1224.5,0.5276433016958554,0.0069247803767211735,0.5207184881278105,0.5276432685045317
1225.0,0.5276748795523745,0.0069247803767211735,0.520750068565877,0.5276748489425982
1225.5,0.5277064574088935,0.0069247803767211735,0.5207816490039435,0.5277064293806647
1226.0,0.5277380352654126,0.0069247803767211735,0.5208132294420099,0.5277380098187311
1226.5,0.5277696131219316,0.0069247803767211735,0.5208448098800764,0.5277695902567976
1227.0,0.5278012370775114,0.0069247803767211735,0.5208764375235809,0.5278012179003021
1227.5,0.527832861033091,0.0069247803767211735,0.5209080651670854,0.5278328455438066
1228.0,0.5278644849886707,0.0069247803767211735,0.52093969281059,0.5278644731873112
1228.5,0.527896155043311,0.0069247803767211735,0.5209713676595326,0.5278961480362537
1229.0,0.5279277789988907,0.0069247803767211735,0.5210029953030372,0.5279277756797583
1229.5,0.5279594951525916,0.0069247803767211735,0.5210346701519797,0.5279594505287009
1230.0,0.5279911652072319,0.0069247803767211735,0.5210663450009223,0.5279911253776435
1230.5,0.5280228352618722,0.0069247803767211735,0.5210980198498649,0.5280228002265861
1231.0,0.5280545514155731,0.0069247803767211735,0.5211297419042455,0.5280545222809667
1231.5,0.528086267569274,0.0069247803767211735,0.5211614639586263,0.5280862443353475
1232.0,0.5281179837229749,0.0069247803767211735,0.5211931860130069,0.5281179663897281
1232.5,0.5281496998766758,0.0069247803767211735,0.5212249080673876,0.5281496884441088
1233.0,0.5281814160303767,0.0069247803767211735,0.5212566301217683,0.5281814104984894
1233.5,0.5282131782831382,0.0069247803767211735,0.5212883521761489,0.5282131325528701
1234.0,0.5282448483377785,0.0069247803767211735,0.5213200270250915,0.5282448074018127
1234.5,0.5282765183924188,0.0069247803767211735,0.5213517018740341,0.5282764822507553
1235.0,0.5283081884470591,0.0069247803767211735,0.5213833767229767,0.5283081570996979
1235.5,0.5283398585016994,0.0069247803767211735,0.5214150515719194,0.5283398319486405
1236.0,0.5283715746554003,0.0069247803767211735,0.5214467736263,0.5283715540030212
1236.5,0.5284032447100406,0.0069247803767211735,0.5214784484752426,0.5284032288519638
1237.0,0.5284349608637415,0.0069247803767211735,0.5215101705296232,0.5284349509063444
1237.5,0.528466723116503,0.0069247803767211735,0.521541939789442,0.5284667201661631
1238.0,0.5284984853692646,0.0069247803767211735,0.5215736618438226,0.5284984422205438
1238.5,0.528530247622026,0.0069247803767211735,0.5216054311036413,0.5285302114803625
1239.0,0.5285620098747876,0.0069247803767211735,0.5216372003634601,0.5285619807401812
1239.5,0.5285937721275491,0.0069247803767211735,0.5216689696232788,0.52859375
1240.0,0.5286255343803106,0.0069247803767211735,0.5217007388830975,0.5286255192598187
1240.5,0.5286573427321327,0.0069247803767211735,0.5217325553483544,0.5286573357250756
1241.0,0.5286891510839549,0.0069247803767211735,0.5217643246081731,0.5286891049848943
1241.5,0.528720959435777,0.0069247803767211735,0.5217961410734299,0.528720921450151
1242.0,0.5287527677875992,0.0069247803767211735,0.5218279575386867,0.5287527379154079
1242.5,0.5287846222384819,0.0069247803767211735,0.5218598212093816,0.5287846015861027
1243.0,0.5288164766893646,0.0069247803767211735,0.5218916848800764,0.5288164652567976
1243.5,0.5288483311402473,0.0069247803767211735,0.5219235485507713,0.5288483289274925
1244.0,0.5288802316901907,0.0069247803767211735,0.5219554122214661,0.5288801925981873
1244.5,0.5289120861410734,0.0069247803767211735,0.521987275892161,0.5289120562688822
1245.0,0.5289439405919562,0.0069247803767211735,0.5220191395628558,0.528943919939577
1245.5,0.528975795042839,0.0069247803767211735,0.5220510032335507,0.5289757836102719
1246.0,0.529007603394661,0.0069247803767211735,0.5220828196988075,0.5290076000755287
1246.5,0.5290394578455438,0.0069247803767211735,0.5221146361640643,0.5290394165407855
1247.0,0.5290713122964266,0.0069247803767211735,0.5221464998347591,0.5290712802114803
1247.5,0.5291031206482487,0.0069247803767211735,0.522178316300016,0.5291030966767372
1248.0,0.5291349750991314,0.0069247803767211735,0.5222101799707108,0.529134960347432
1248.5,0.5291668295500142,0.0069247803767211735,0.5222420436414057,0.5291668240181269
1249.0,0.5291987761990181,0.0069247803767211735,0.5222739545175387,0.5291987348942598
1249.5,0.5292306306499008,0.0069247803767211735,0.5223058181882335,0.5292305985649547
1250.0,0.5292625311998442,0.0069247803767211735,0.5223377290643665,0.5292625094410877
1250.5,0.5292944317497876,0.0069247803767211735,0.5223696399404993,0.5292944203172205
1251.0,0.5293263783987915,0.0069247803767211735,0.5224015508166323,0.5293263311933535
1251.5,0.5293583250477955,0.0069247803767211735,0.5224335088982033,0.5293582892749245
1252.0,0.5293902255977389,0.0069247803767211735,0.5224654197743362,0.5293902001510574
1252.5,0.5294221722467428,0.0069247803767211735,0.5224973778559072,0.5294221582326284
1253.0,0.529454211093868,0.0069247803767211735,0.5225293831429163,0.5294541635196375
1253.5,0.529486157742872,0.0069247803767211735,0.5225613412244873,0.5294861216012084
1254.0,0.529518104391876,0.0069247803767211735,0.5225932993060582,0.5295180796827794
1254.5,0.5295500510408799,0.0069247803767211735,0.5226252573876293,0.5295500377643505
1255.0,0.5295820437889445,0.0069247803767211735,0.5226572154692003,0.5295819958459215
1255.5,0.5296139904379484,0.0069247803767211735,0.5226891735507713,0.5296139539274924
1256.0,0.5296459831860131,0.0069247803767211735,0.5227211788377804,0.5296459592145015
1256.5,0.5296779759340776,0.0069247803767211735,0.5227531841247894,0.5296779645015106
1257.0,0.5297100608802634,0.0069247803767211735,0.5227852366172365,0.5297100169939577
1257.5,0.5297420536283279,0.0069247803767211735,0.5228172419042456,0.5297420222809668
1258.0,0.5297740924754532,0.0069247803767211735,0.5228492943966927,0.5297740747734139
1258.5,0.5298061774216389,0.0069247803767211735,0.5228813940945779,0.5298061744712991
1259.0,0.5298383084668854,0.0069247803767211735,0.5229134937924631,0.5298382741691843
1259.5,0.5298703934130712,0.0069247803767211735,0.5229455934903483,0.5298703738670695
1260.0,0.529902478359257,0.0069247803767211735,0.5229776931882335,0.5299024735649547
1260.5,0.5299346094045034,0.0069247803767211735,0.5230097928861187,0.5299345732628399
1261.0,0.5299667404497498,0.0069247803767211735,0.523041939789442,0.5299667201661632
1261.5,0.5299988714949962,0.0069247803767211735,0.5230740866927652,0.5299988670694864
1262.0,0.5300310486393033,0.0069247803767211735,0.5231062335960885,0.5300310139728097
1262.5,0.5300631335854891,0.0069247803767211735,0.5231383332939737,0.5300631136706949
1263.0,0.5300952646307354,0.0069247803767211735,0.523170480197297,0.5300952605740181
1263.5,0.5301283176571941,0.0069247803767211735,0.5232035240039434,0.5301283043806646
1264.0,0.5301664876793807,0.0069247803767211735,0.5232416659979012,0.5301664463746224
1264.5,0.5302046116025066,0.0069247803767211735,0.5232798079918589,0.5302045883685801
1265.0,0.5302427355256325,0.0069247803767211735,0.5233179499858166,0.5302427303625378
1265.5,0.5302809516468797,0.0069247803767211735,0.5233561391852124,0.5302809195619336
1266.0,0.5303191216690663,0.0069247803767211735,0.5233943283846081,0.5303191087613293
1266.5,0.530357383889374,0.0069247803767211735,0.523432564789442,0.5303573451661632
1267.0,0.5303956000106212,0.0069247803767211735,0.5234708011942758,0.530395581570997
1267.5,0.5304339083299896,0.0069247803767211735,0.5235090848045477,0.5304338651812689
1268.0,0.5304721705502974,0.0069247803767211735,0.5235473684148196,0.5304721487915408
1268.5,0.5305104788696657,0.0069247803767211735,0.5235856520250916,0.5305104324018127
1269.0,0.5305487871890342,0.0069247803767211735,0.5236239828408015,0.5305487632175226
1269.5,0.5305871416074632,0.0069247803767211735,0.5236623136565115,0.5305870940332327
1270.0,0.5306254499268316,0.0069247803767211735,0.5237006444722214,0.5306254248489426
1270.5,0.5306637582461999,0.0069247803767211735,0.5237389752879313,0.5306637556646525
1271.0,0.530702112664629,0.0069247803767211735,0.5237773061036414,0.5307020864803625
1271.5,0.5307404209839973,0.0069247803767211735,0.5238156369193513,0.5307404172960725
1272.0,0.5307787754024264,0.0069247803767211735,0.5238539677350613,0.5307787481117825
1272.5,0.5308171298208554,0.0069247803767211735,0.5238923457562094,0.5308171261329305
1273.0,0.530855530338345,0.0069247803767211735,0.5239307237773574,0.5308555041540786
1273.5,0.5308939769548952,0.0069247803767211735,0.5239691490039434,0.5308939293806646
1274.0,0.5309323774723849,0.0069247803767211735,0.5240075742305296,0.5309323546072507
1274.5,0.530970824088935,0.0069247803767211735,0.5240459994571157,0.5309707798338369
1275.0,0.5310092707054853,0.0069247803767211735,0.5240844718891399,0.531009252265861
1275.5,0.5310477634210962,0.0069247803767211735,0.524122944321164,0.5310477246978852
1276.0,0.5310862100376463,0.0069247803767211735,0.5241614167531882,0.5310861971299093
1276.5,0.5311247488523178,0.0069247803767211735,0.5241999363906504,0.5311247167673716
1277.0,0.5311632415679286,0.0069247803767211735,0.5242384560281127,0.5311632364048339
1277.5,0.5312018264816607,0.0069247803767211735,0.524277022871013,0.5312018032477341
1278.0,0.5312404113953928,0.0069247803767211735,0.5243155897139132,0.5312403700906344
1278.5,0.5312789502100642,0.0069247803767211735,0.5243541565568136,0.5312789369335348
1279.0,0.5313175812228569,0.0069247803767211735,0.524392770605152,0.5313175509818732
1279.5,0.5313561200375283,0.0069247803767211735,0.5244313374480523,0.5313561178247734
1280.0,0.5313946588521997,0.0069247803767211735,0.5244698570855145,0.5313946374622357
1280.5,0.5314332898649925,0.0069247803767211735,0.5245084711338528,0.531433251510574
1281.0,0.5314718286796639,0.0069247803767211735,0.5245470379767532,0.5314718183534743
1281.5,0.5315104596924566,0.0069247803767211735,0.5245856520250916,0.5315104324018127
1282.0,0.5315490907052492,0.0069247803767211735,0.5246242660734299,0.5315490464501511
1282.5,0.5315877217180419,0.0069247803767211735,0.5246629273272063,0.5315877077039275
1283.0,0.5316263527308346,0.0069247803767211735,0.5247015413755447,0.5316263217522659
1283.5,0.5316650759417485,0.0069247803767211735,0.5247402498347592,0.5316650302114804
1284.0,0.5317037530536017,0.0069247803767211735,0.5247789582939737,0.5317037386706949
1284.5,0.5317424762645157,0.0069247803767211735,0.5248176667531882,0.5317424471299094
1285.0,0.5317811994754296,0.0069247803767211735,0.5248563752124027,0.5317811555891239
1285.5,0.5318199226863435,0.0069247803767211735,0.5248951308770553,0.5318199112537765
1286.0,0.531858691996318,0.0069247803767211735,0.5249338865417078,0.531858666918429
1286.5,0.5318975074053531,0.0069247803767211735,0.5249726894117984,0.5318974697885196
1287.0,0.5319362767153276,0.0069247803767211735,0.5250114922818891,0.5319362726586103
1287.5,0.5319750921243628,0.0069247803767211735,0.5250502951519798,0.5319750755287009
1288.0,0.5320139075333978,0.0069247803767211735,0.5250890980220704,0.5320138783987916
1288.5,0.532052722942433,0.0069247803767211735,0.525127900892161,0.5320526812688822
1289.0,0.5320914461533469,0.0069247803767211735,0.5251666565568136,0.5320914369335348
1289.5,0.5321303076614426,0.0069247803767211735,0.5252055066323422,0.5321302870090634
1290.0,0.5321691230704777,0.0069247803767211735,0.525244309502433,0.5321690898791541
1290.5,0.5322079845785734,0.0069247803767211735,0.5252831595779616,0.5322079399546827
1291.0,0.5322467999876086,0.0069247803767211735,0.5253220096534903,0.5322467900302115
1291.5,0.5322856614957043,0.0069247803767211735,0.525360859729019,0.5322856401057402
1292.0,0.5323245691028606,0.0069247803767211735,0.5253997570099858,0.5323245373867069
1292.5,0.532363476710017,0.0069247803767211735,0.5254386542909525,0.5323634346676737
1293.0,0.5324023843171733,0.0069247803767211735,0.5254775987773573,0.5324023791540785
1293.5,0.5324413380233903,0.0069247803767211735,0.5255165432637622,0.5324413236404834
1294.0,0.5324802917296072,0.0069247803767211735,0.525555487750167,0.5324802681268882
1294.5,0.5325192915348849,0.0069247803767211735,0.52559447944201,0.5325192598187312
1295.0,0.5325582913401624,0.0069247803767211735,0.5256334711338528,0.532558251510574
1295.5,0.53259729114544,0.0069247803767211735,0.5256724628256958,0.532597243202417
1296.0,0.5326362909507175,0.0069247803767211735,0.5257115017229768,0.5326362820996979
1296.5,0.5326753368550557,0.0069247803767211735,0.5257505406202577,0.5326753209969789
1297.0,0.5327143827593939,0.0069247803767211735,0.5257895795175387,0.5327143598942599
1297.5,0.5327533825646714,0.0069247803767211735,0.5258285712093815,0.5327533515861027
1298.0,0.5327924284690096,0.0069247803767211735,0.5258676101066625,0.5327923904833837
1298.5,0.5328314282742872,0.0069247803767211735,0.5259066017985055,0.5328313821752266
1299.0,0.5328704280795648,0.0069247803767211735,0.5259456406957864,0.5328704210725076
1299.5,0.5329095200829636,0.0069247803767211735,0.5259847267985054,0.5329095071752266
1300.0,0.5329485659873018,0.0069247803767211735,0.5260237656957863,0.5329485460725075
1300.5,0.5329877040897611,0.0069247803767211735,0.5260628990039434,0.5329876793806646
1301.0,0.53302679609316,0.0069247803767211735,0.5261019851066625,0.5330267654833837
1301.5,0.5330659341956193,0.0069247803767211735,0.5261411184148196,0.5330658987915408
1302.0,0.5331050722980787,0.0069247803767211735,0.5261802517229767,0.5331050320996978
1302.5,0.5331442104005382,0.0069247803767211735,0.5262193850311339,0.533144165407855
1303.0,0.5331833485029975,0.0069247803767211735,0.5262585655447289,0.5331833459214501
1303.5,0.5332225327045176,0.0069247803767211735,0.5262977460583241,0.5332225264350453
1304.0,0.5332617630050982,0.0069247803767211735,0.5263369737773573,0.5332617541540785
1304.5,0.5333009933056788,0.0069247803767211735,0.5263762014963906,0.5333009818731118
1305.0,0.5333402236062594,0.0069247803767211735,0.5264154292154238,0.533340209592145
1305.5,0.5333795000059007,0.0069247803767211735,0.5264547041398951,0.5333794845166163
1306.0,0.5334187303064813,0.0069247803767211735,0.5264939318589283,0.5334187122356495
1306.5,0.5334580067061225,0.0069247803767211735,0.5265332067833997,0.5334579871601208
1307.0,0.5334972370067032,0.0069247803767211735,0.5265724345024329,0.533497214879154
1307.5,0.5335364673072838,0.0069247803767211735,0.5266116622214662,0.5335364425981873
1308.0,0.5335757437069251,0.0069247803767211735,0.5266509371459375,0.5335757175226586
1308.5,0.5336150201065663,0.0069247803767211735,0.5266902120704088,0.53361499244713
1309.0,0.5336542965062075,0.0069247803767211735,0.52672948699488,0.5336542673716012
1309.5,0.5336936190049094,0.0069247803767211735,0.5267688091247894,0.5336935895015106
1310.0,0.5337329415036112,0.0069247803767211735,0.5268081312546987,0.5337329116314199
1310.5,0.533772264002313,0.0069247803767211735,0.5268474533846081,0.5337722337613293
1311.0,0.5338116326000756,0.0069247803767211735,0.5268868227199556,0.5338116030966767
1311.5,0.533851001197838,0.0069247803767211735,0.526926192055303,0.5338509724320242
1312.0,0.5338903697956005,0.0069247803767211735,0.5269655613906504,0.5338903417673716
1312.5,0.5339297844924236,0.0069247803767211735,0.527004977931436,0.5339297583081571
1313.0,0.5339691069911254,0.0069247803767211735,0.5270443000613453,0.5339690804380665
1313.5,0.5340084755888879,0.0069247803767211735,0.5270836693966927,0.5340084497734139
1314.0,0.5340478902857109,0.0069247803767211735,0.5271230859374783,0.5340478663141994
1314.5,0.5340872588834734,0.0069247803767211735,0.5271624552728257,0.5340872356495469
1315.0,0.5341267196793571,0.0069247803767211735,0.5272019190190492,0.5341266993957704
1315.5,0.5341661343761801,0.0069247803767211735,0.5272413355598348,0.5341661159365559
1316.0,0.5342055951720638,0.0069247803767211735,0.5272807993060583,0.5342055796827795
1316.5,0.5342450559679475,0.0069247803767211735,0.5273202630522819,0.534245043429003
1317.0,0.5342845167638312,0.0069247803767211735,0.5273597267985054,0.5342845071752266
1317.5,0.5343240236587755,0.0069247803767211735,0.5273992377501671,0.5343240181268882
1318.0,0.5343635766527804,0.0069247803767211735,0.5274387487018287,0.5343635290785499
1318.5,0.5344030835477247,0.0069247803767211735,0.5274782596534903,0.5344030400302114
1319.0,0.5344426365417296,0.0069247803767211735,0.52751781781059,0.5344425981873112
1319.5,0.5344820973376133,0.0069247803767211735,0.5275572815568136,0.5344820619335348
1320.0,0.5345216042325576,0.0069247803767211735,0.5275967925084752,0.5345215728851964
1320.5,0.5345611111275019,0.0069247803767211735,0.5276363034601368,0.534561083836858
1321.0,0.5346006641215068,0.0069247803767211735,0.5276758616172366,0.5346006419939577
1321.5,0.5346402171155117,0.0069247803767211735,0.5277154197743362,0.5346402001510574
1322.0,0.5346797701095166,0.0069247803767211735,0.5277549779314359,0.5346797583081571
1322.5,0.5347193231035215,0.0069247803767211735,0.5277945360885357,0.5347193164652568
1323.0,0.5347589682956476,0.0069247803767211735,0.5278341414510734,0.5347589218277946
1323.5,0.5347985673887132,0.0069247803767211735,0.5278737468136111,0.5347985271903323
1324.0,0.5348381664817787,0.0069247803767211735,0.5279133521761489,0.53483813255287
1324.5,0.5348778116739048,0.0069247803767211735,0.5279530047441248,0.5348777851208459
1325.0,0.534917456866031,0.0069247803767211735,0.5279926573121005,0.5349174376888217
1325.5,0.534957102058157,0.0069247803767211735,0.5280323098800764,0.5349570902567976
1326.0,0.5349967011512227,0.0069247803767211735,0.5280719152426142,0.5349966956193354
1326.5,0.5350363924424094,0.0069247803767211735,0.52811156781059,0.5350363481873112
1327.0,0.5350760376345355,0.0069247803767211735,0.5281512203785659,0.535076000755287
1327.5,0.5351156828266617,0.0069247803767211735,0.5281908729465417,0.5351156533232628
1328.0,0.5351553741178484,0.0069247803767211735,0.5282305727199555,0.5351553530966767
1328.5,0.5351950654090352,0.0069247803767211735,0.5282702724933694,0.5351950528700906
1329.0,0.5352347567002219,0.0069247803767211735,0.5283099722667833,0.5352347526435045
1329.5,0.5352744940904692,0.0069247803767211735,0.5283496720401972,0.5352744524169184
1330.0,0.5353142314807166,0.0069247803767211735,0.5283894190190492,0.5353141993957704
1330.5,0.535353968870964,0.0069247803767211735,0.5284291659979011,0.5353539463746223
1331.0,0.5353937523602719,0.0069247803767211735,0.5284689601821912,0.5353937405589124
1331.5,0.5354335819486404,0.0069247803767211735,0.5285087543664813,0.5354335347432024
1332.0,0.5354733654379484,0.0069247803767211735,0.5285485485507713,0.5354733289274924
1332.5,0.5355131489272564,0.0069247803767211735,0.5285883427350613,0.5355131231117825
1333.0,0.5355529324165644,0.0069247803767211735,0.5286281369193513,0.5355529172960725
1333.5,0.5355927159058723,0.0069247803767211735,0.5286679311036414,0.5355927114803626
1334.0,0.5356324993951803,0.0069247803767211735,0.5287076780824933,0.5356324584592145
1334.5,0.5356722828844883,0.0069247803767211735,0.5287474722667833,0.5356722526435045
1335.0,0.5357120663737963,0.0069247803767211735,0.5287872664510734,0.5357120468277946
1335.5,0.5357518959621649,0.0069247803767211735,0.5288271078408014,0.5357518882175226
1336.0,0.5357917255505334,0.0069247803767211735,0.5288669020250916,0.5357916824018127
1336.5,0.5358316012379626,0.0069247803767211735,0.5289067906202577,0.5358315709969789
1337.0,0.5358714308263312,0.0069247803767211735,0.5289466320099858,0.535871412386707
1337.5,0.5359115370090635,0.0069247803767211735,0.5289867094269042,0.5359114898036254
1338.0,0.5359597566264633,0.0069247803767211735,0.5290349533846082,0.5359597337613293
1338.5,0.5360082067391664,0.0069247803767211735,0.5290833861640644,0.5360081665407855
1339.0,0.5360566107528087,0.0069247803767211735,0.5291318189435206,0.5360565993202417
1339.5,0.5361051069645724,0.0069247803767211735,0.5291802989284148,0.536105079305136
1340.0,0.5361536031763359,0.0069247803767211735,0.529228778913309,0.5361535592900302
1340.5,0.5362020993880995,0.0069247803767211735,0.5292773061036413,0.5362020864803625
1341.0,0.5362505495008025,0.0069247803767211735,0.5293257388830975,0.5362505192598187
1341.5,0.536299045712566,0.0069247803767211735,0.5293742188679919,0.536298999244713
1342.0,0.5363475419243297,0.0069247803767211735,0.5294227460583242,0.5363475264350454
1342.5,0.5363960842351538,0.0069247803767211735,0.5294712732486565,0.5363960536253777
1343.0,0.5364446265459781,0.0069247803767211735,0.5295198004389888,0.53644458081571
1343.5,0.5364931688568023,0.0069247803767211735,0.5295683748347592,0.5364931552114803
1344.0,0.5365417572666871,0.0069247803767211735,0.5296169492305296,0.5365417296072508
1344.5,0.5365903917756325,0.0069247803767211735,0.529665570831738,0.5365903512084592
1345.0,0.5366389340864568,0.0069247803767211735,0.5297141452275085,0.5366389256042297
1345.5,0.5366876146944628,0.0069247803767211735,0.5297628140341549,0.5366875944108761
1346.0,0.5367362953024688,0.0069247803767211735,0.5298114828408015,0.5367362632175227
1346.5,0.5367849759104749,0.0069247803767211735,0.529860151647448,0.5367849320241692
1347.0,0.5368337026175415,0.0069247803767211735,0.5299089148649707,0.5368336952416919
1347.5,0.5368824754236688,0.0069247803767211735,0.5299576780824933,0.5368824584592145
1348.0,0.5369312943288567,0.0069247803767211735,0.5300064885054541,0.5369312688821752
1348.5,0.5369800671349839,0.0069247803767211735,0.5300552517229767,0.5369800320996979
1349.0,0.5370288860401718,0.0069247803767211735,0.5301040621459374,0.5370288425226586
1349.5,0.5370776588462991,0.0069247803767211735,0.5301528725688982,0.5370776529456194
1350.0,0.5371265699496082,0.0069247803767211735,0.530201777402735,0.5371265577794562
1350.5,0.5371754349538567,0.0069247803767211735,0.5302506350311338,0.537175415407855
1351.0,0.5372243921562264,0.0069247803767211735,0.5302995870704087,0.5372243674471299
1351.5,0.5372733954576567,0.0069247803767211735,0.5303485863151217,0.5372733666918429
1352.0,0.537322398759087,0.0069247803767211735,0.5303975855598347,0.5373223659365559
1352.5,0.5373714481595779,0.0069247803767211735,0.5304466320099858,0.5373714123867069
1353.0,0.5374204975600689,0.0069247803767211735,0.5304956784601368,0.537420458836858
1353.5,0.5374696391586811,0.0069247803767211735,0.530544819321164,0.5374695996978852
1354.0,0.5375187807572932,0.0069247803767211735,0.5305939601821912,0.5375187405589124
1354.5,0.537567968454966,0.0069247803767211735,0.5306431482486564,0.5375679286253776
1355.0,0.5376171561526388,0.0069247803767211735,0.5306923363151217,0.5376171166918429
1355.5,0.5376664360484328,0.0069247803767211735,0.5307416187924631,0.5376663991691842
1356.0,0.5377157159442267,0.0069247803767211735,0.5307909012698045,0.5377156816465257
1356.5,0.5377649497409601,0.0069247803767211735,0.5308401365417078,0.537764916918429
1357.0,0.5378142296367542,0.0069247803767211735,0.5308894190190492,0.5378141993957704
1357.5,0.5378635556316088,0.0069247803767211735,0.5309387487018287,0.5378635290785498
1358.0,0.5379128816264633,0.0069247803767211735,0.5309880783846082,0.5379128587613293
1358.5,0.5379622537203785,0.0069247803767211735,0.5310374552728256,0.5379622356495468
1359.0,0.5380116719133544,0.0069247803767211735,0.5310868793664812,0.5380116597432024
1359.5,0.5380611362053909,0.0069247803767211735,0.5311363506655749,0.538061131042296
1360.0,0.5381106465964879,0.0069247803767211735,0.5311858219646686,0.5381106023413897
1360.5,0.538160156987585,0.0069247803767211735,0.5312353404692003,0.5381601208459215
1361.0,0.5382097134777426,0.0069247803767211735,0.53128490617917,0.5382096865558912
1361.5,0.5382592699679003,0.0069247803767211735,0.5313344718891398,0.538259252265861
1362.0,0.5383088725571186,0.0069247803767211735,0.5313840848045477,0.5383088651812689
1362.5,0.5383585673444581,0.0069247803767211735,0.5314337449253936,0.5383585253021148
1363.0,0.5384082621317976,0.0069247803767211735,0.5314834522516776,0.5384082326283988
1363.5,0.5384579569191371,0.0069247803767211735,0.5315331595779617,0.5384579399546828
1364.0,0.5385076978055372,0.0069247803767211735,0.5315829141096836,0.5385076944864048
1364.5,0.5385574386919373,0.0069247803767211735,0.5316326214359677,0.5385574018126889
1365.0,0.5386071795783374,0.0069247803767211735,0.5316823759676897,0.5386071563444109
1365.5,0.5386569204647376,0.0069247803767211735,0.5317321304994117,0.5386569108761329
1366.0,0.5387067535492589,0.0069247803767211735,0.5317819322365719,0.5387067126132931
1366.5,0.5387565866337802,0.0069247803767211735,0.5318317811791701,0.5387565615558912
1367.0,0.5388064658173621,0.0069247803767211735,0.5318816773272064,0.5388064577039275
1367.5,0.5388563911000047,0.0069247803767211735,0.5319315734752426,0.5388563538519637
1368.0,0.5389062702835866,0.0069247803767211735,0.5319814696232789,0.53890625
1368.5,0.5389562877643505,0.0069247803767211735,0.5320314601821912,0.5389562405589123
1369.0,0.5390062591460536,0.0069247803767211735,0.5320814507411036,0.5390062311178248
1369.5,0.539056322725878,0.0069247803767211735,0.5321315357108921,0.5390563160876133
1370.0,0.5391063863057024,0.0069247803767211735,0.5321815734752425,0.5391063538519637
1370.5,0.5391564959845874,0.0069247803767211735,0.5322317056504692,0.5391564860271904
1371.0,0.539206651762533,0.0069247803767211735,0.5322818378256957,0.5392066182024169
1371.5,0.5392567614414181,0.0069247803767211735,0.5323319700009224,0.5392567503776435
1372.0,0.5393070094174849,0.0069247803767211735,0.532382196587025,0.5393069769637462
1372.5,0.5393571651954305,0.0069247803767211735,0.5324323759676897,0.5393571563444108
1373.0,0.5394074131714973,0.0069247803767211735,0.5324826025537924,0.5394073829305136
1373.5,0.5394576150485035,0.0069247803767211735,0.5325328291398952,0.5394576095166164
1374.0,0.5395078630245704,0.0069247803767211735,0.5325830557259978,0.539507836102719
1374.5,0.5395582031987585,0.0069247803767211735,0.5326333767229767,0.5395581570996979
1375.0,0.5396084972738859,0.0069247803767211735,0.5326836977199556,0.5396084780966768
1375.5,0.5396588835471346,0.0069247803767211735,0.5327340659223725,0.5396588462990937
1376.0,0.5397092237213227,0.0069247803767211735,0.5327844341247894,0.5397092145015105
1376.5,0.539759656093632,0.0069247803767211735,0.5328348495326444,0.5397596299093655
1377.0,0.5398101345650019,0.0069247803767211735,0.5328853121459375,0.5398100925226587
1377.5,0.5398605669373112,0.0069247803767211735,0.5329357747592305,0.5398605551359517
1378.0,0.5399110915077417,0.0069247803767211735,0.5329862845779616,0.5399110649546828
1378.5,0.5399616621772328,0.0069247803767211735,0.5330368416021308,0.539961621978852
1379.0,0.540012232846724,0.0069247803767211735,0.5330874458317381,0.5400122262084592
1379.5,0.5400628496152757,0.0069247803767211735,0.5331380500613453,0.5400628304380665
1380.0,0.5401135124828881,0.0069247803767211735,0.5331887014963906,0.5401134818731118
1380.5,0.540164221449561,0.0069247803767211735,0.533239400136874,0.5401641805135952
1381.0,0.5402148382181128,0.0069247803767211735,0.5332900515719193,0.5402148319486405
1381.5,0.5402655471847857,0.0069247803767211735,0.5333407502124027,0.5402655305891239
1382.0,0.5403162561514586,0.0069247803767211735,0.533391448852886,0.5403162292296072
1382.5,0.5403670112171922,0.0069247803767211735,0.5334421946988075,0.5403669750755287
1383.0,0.5404178123819864,0.0069247803767211735,0.5334929877501671,0.5404177681268882
1383.5,0.5404686135467806,0.0069247803767211735,0.5335438280069646,0.5404686083836858
1384.0,0.5405194608106354,0.0069247803767211735,0.5335946682637622,0.5405194486404834
1384.5,0.5405703541735508,0.0069247803767211735,0.5336455557259978,0.540570336102719
1385.0,0.5406212936355268,0.0069247803767211735,0.5336964903936716,0.5406212707703928
1385.5,0.5406722791965635,0.0069247803767211735,0.5337474722667833,0.5406722526435045
1386.0,0.5407232647576001,0.0069247803767211735,0.5337984541398951,0.5407232345166163
1386.5,0.5407742964176974,0.0069247803767211735,0.5338494832184449,0.5407742635951661
1387.0,0.5408253741768552,0.0069247803767211735,0.5339005595024329,0.540825339879154
1387.5,0.5408764519360131,0.0069247803767211735,0.5339516357864208,0.540876416163142
1388.0,0.5409275757942315,0.0069247803767211735,0.5340027592758468,0.540927539652568
1388.5,0.5409787457515106,0.0069247803767211735,0.5340539299707109,0.5409787103474321
1389.0,0.5410299618078502,0.0069247803767211735,0.5341051478710129,0.5410299282477341
1389.5,0.5410811317651294,0.0069247803767211735,0.534156318565877,0.5410810989425981
1390.0,0.5411323017224084,0.0069247803767211735,0.534207489260741,0.5411322696374622
1390.5,0.5411835177787481,0.0069247803767211735,0.5342587071610432,0.5411834875377644
1391.0,0.5412347338350878,0.0069247803767211735,0.5343099250613453,0.5412347054380665
1391.5,0.5412859959904881,0.0069247803767211735,0.5343611901670855,0.5412859705438067
1392.0,0.541337304244949,0.0069247803767211735,0.5344125024782638,0.541337282854985
1392.5,0.5413886585984705,0.0069247803767211735,0.53446386199488,0.5413886423716012
1393.0,0.5414400129519921,0.0069247803767211735,0.5345152215114963,0.5414400018882175
1393.5,0.5414914134045742,0.0069247803767211735,0.5345666282335507,0.5414914086102719
1394.0,0.5415429060552776,0.0069247803767211735,0.5346180821610432,0.5415428625377644
1394.5,0.5415943526069203,0.0069247803767211735,0.5346695360885356,0.5415943164652568
1395.0,0.5416458452576237,0.0069247803767211735,0.5347210372214661,0.5416458175981873
1395.5,0.5416973840073877,0.0069247803767211735,0.5347725855598348,0.5416973659365559
1396.0,0.5417489688562123,0.0069247803767211735,0.5348241811036414,0.5417489614803626
1396.5,0.5418005998040974,0.0069247803767211735,0.534875776647448,0.5418005570241692
1397.0,0.5418521846529221,0.0069247803767211735,0.5349273721912546,0.5418521525679758
1397.5,0.5419038616998678,0.0069247803767211735,0.5349790621459375,0.5419038425226587
1398.0,0.5419555387468137,0.0069247803767211735,0.5350307521006202,0.5419555324773414
1398.5,0.5420073079918807,0.0069247803767211735,0.5350824892607411,0.5420072696374623
1399.0,0.5420590311378871,0.0069247803767211735,0.535134226420862,0.5420590067975831
1399.5,0.5421108003829541,0.0069247803767211735,0.5351860107864208,0.542110791163142
1400.0,0.5421626618261424,0.0069247803767211735,0.5352378423574178,0.542162622734139
1400.5,0.54221447717027,0.0069247803767211735,0.5352896739284148,0.5422144543051359
1401.0,0.5422662925143976,0.0069247803767211735,0.5353415054994117,0.5422662858761329
1401.5,0.5423181539575859,0.0069247803767211735,0.5353933370704087,0.5423181174471299
1402.0,0.5423699693017136,0.0069247803767211735,0.5354451686414057,0.5423699490181269
1402.5,0.5424218307449018,0.0069247803767211735,0.5354970474178408,0.5424218277945619
1403.0,0.5424737843862113,0.0069247803767211735,0.5355489733997139,0.542473753776435
1403.5,0.5425256919284601,0.0069247803767211735,0.535600899381587,0.5425256797583081
1404.0,0.5425776916688303,0.0069247803767211735,0.5356528725688982,0.5425776529456193
1404.5,0.5426296453101397,0.0069247803767211735,0.5357048457562094,0.5426296261329305
1405.0,0.542681737248631,0.0069247803767211735,0.5357569133543967,0.5426816937311179
1405.5,0.5427337830880617,0.0069247803767211735,0.535808980952584,0.5427337613293052
1406.0,0.5427858750265531,0.0069247803767211735,0.5358610485507713,0.5427858289274925
1406.5,0.542838013064105,0.0069247803767211735,0.5359132105598348,0.5428379909365559
1407.0,0.5428901972007175,0.0069247803767211735,0.5359653725688982,0.5428901529456194
1407.5,0.5429423813373301,0.0069247803767211735,0.5360175817833996,0.5429423621601208
1408.0,0.5429964555354276,0.0069247803767211735,0.5360716320099858,0.5429964123867069
1408.5,0.5430616396071327,0.0069247803767211735,0.5361368227199556,0.5430616030966767
1409.0,0.5431268236788378,0.0069247803767211735,0.5362020134299254,0.5431267938066465
1409.5,0.5431920538496035,0.0069247803767211735,0.5362672513453333,0.5431920317220544
1410.0,0.5432573301194298,0.0069247803767211735,0.5363325364661792,0.5432573168429004
1410.5,0.5433226524883167,0.0069247803767211735,0.5363978687924631,0.5433226491691843
1411.0,0.5433880670553247,0.0069247803767211735,0.5364632483241851,0.5433880287009063
1411.5,0.5434534816223329,0.0069247803767211735,0.5365286750613453,0.5434534554380664
1412.0,0.5435189422884016,0.0069247803767211735,0.5365941490039435,0.5435189293806647
1412.5,0.543584449053531,0.0069247803767211735,0.5366596229465417,0.5435844033232629
1413.0,0.543650001917721,0.0069247803767211735,0.536725191300016,0.5436499716767371
1413.5,0.5437154625837897,0.0069247803767211735,0.5367906652426142,0.5437154456193354
1414.0,0.5437810154479796,0.0069247803767211735,0.5368561863906505,0.5437809667673716
1414.5,0.5438465683121696,0.0069247803767211735,0.5369217547441247,0.5438465351208459
1415.0,0.5439122133744807,0.0069247803767211735,0.5369874175084752,0.5439121978851964
1415.5,0.5439779045358525,0.0069247803767211735,0.5370530802728256,0.5439778606495468
1416.0,0.5440435956972243,0.0069247803767211735,0.5371187902426142,0.5440435706193354
1416.5,0.5441092868585962,0.0069247803767211735,0.5371845002124027,0.5441092805891239
1417.0,0.5441751163171498,0.0069247803767211735,0.5372503045930673,0.5441750849697885
1417.5,0.5442409457757034,0.0069247803767211735,0.5373161561791701,0.5442409365558912
1418.0,0.5443068674323782,0.0069247803767211735,0.5373820549707109,0.5443068353474321
1418.5,0.5443727429899925,0.0069247803767211735,0.5374479537622516,0.5443727341389728
1419.0,0.5444387568447885,0.0069247803767211735,0.5375139469646686,0.5444387273413898
1419.5,0.544504724600524,0.0069247803767211735,0.5375799401670854,0.5445047205438066
1420.0,0.5445707845543807,0.0069247803767211735,0.5376459805749405,0.5445707609516617
1420.5,0.5446368906072979,0.0069247803767211735,0.5377120681882335,0.5446368485649546
1421.0,0.5447029966602153,0.0069247803767211735,0.5377782030069647,0.5447029833836858
1421.5,0.5447691949112538,0.0069247803767211735,0.5378443850311339,0.544769165407855
1422.0,0.5448354392613529,0.0069247803767211735,0.537910614260741,0.5448353946374622
1422.5,0.5449016836114521,0.0069247803767211735,0.5379768906957864,0.5449016710725075
1423.0,0.5449679740606118,0.0069247803767211735,0.5380431671308317,0.5449679475075528
1423.5,0.5450343567078928,0.0069247803767211735,0.5381095379767531,0.5450343183534743
1424.0,0.5451006932561131,0.0069247803767211735,0.5381759088226746,0.5451006891993958
1424.5,0.5451671220024547,0.0069247803767211735,0.5382423268740341,0.5451671072507552
1425.0,0.5452336429469175,0.0069247803767211735,0.5383088393362697,0.5452336197129909
1425.5,0.5453001177923197,0.0069247803767211735,0.5383753045930674,0.5453000849697885
1426.0,0.5453665926377219,0.0069247803767211735,0.5384417698498649,0.5453665502265861
1426.5,0.545433067483124,0.0069247803767211735,0.5385082823121006,0.5454330626888217
1427.0,0.5454995884275868,0.0069247803767211735,0.5385747947743362,0.5454995751510574
1427.5,0.5455662015701709,0.0069247803767211735,0.538641401647448,0.5455661820241692
1428.0,0.5456328147127549,0.0069247803767211735,0.5387080085205598,0.545632788897281
1428.5,0.5456995200534601,0.0069247803767211735,0.5387747098045477,0.5456994901812688
1429.0,0.5457662253941654,0.0069247803767211735,0.5388414110885357,0.5457661914652568
1429.5,0.5458329768339313,0.0069247803767211735,0.5389081595779616,0.5458329399546827
1430.0,0.5458997743727577,0.0069247803767211735,0.5389749552728257,0.5458997356495469
1430.5,0.5459666180106448,0.0069247803767211735,0.5390417981731278,0.545966578549849
1431.0,0.5460335077475925,0.0069247803767211735,0.5391086882788679,0.5460334686555891
1431.5,0.5461003974845402,0.0069247803767211735,0.5391755783846082,0.5461003587613293
1432.0,0.5461673794196091,0.0069247803767211735,0.5392425629012244,0.5461673432779456
1432.5,0.5462343613546781,0.0069247803767211735,0.5393095474178408,0.5462343277945619
1433.0,0.5463014354878682,0.0069247803767211735,0.5393766263453332,0.5463014067220544
1433.5,0.5463685096210583,0.0069247803767211735,0.5394437052728257,0.5463684856495469
1434.0,0.5464356759523697,0.0069247803767211735,0.5395108786111943,0.5464356589879155
1434.5,0.5465029344818023,0.0069247803767211735,0.539578146360439,0.5465029267371602
1435.0,0.5465703313084167,0.0069247803767211735,0.5396455085205598,0.546570288897281
1435.5,0.54663763593691,0.0069247803767211735,0.5397128234752425,0.5466376038519637
1436.0,0.5467049866644638,0.0069247803767211735,0.5397801856353635,0.5467049660120846
1436.5,0.5467724295901388,0.0069247803767211735,0.5398476422063604,0.5467724225830816
1437.0,0.5468400108129956,0.0069247803767211735,0.5399151931882336,0.5468399735649547
1437.5,0.5469075920358525,0.0069247803767211735,0.5399827913755447,0.5469075717522659
1438.0,0.5469753115558912,0.0069247803767211735,0.540050483973732,0.5469752643504532
1438.5,0.54704303107593,0.0069247803767211735,0.5401182237773574,0.5470430041540786
1439.0,0.5471108427940898,0.0069247803767211735,0.5401860579918589,0.5471108383685801
1439.5,0.547178746710371,0.0069247803767211735,0.5402539394117984,0.5471787197885196
1440.0,0.5472467428247734,0.0069247803767211735,0.5403219152426142,0.5472466956193354
1440.5,0.5473147850382364,0.0069247803767211735,0.5403899854843061,0.5473147658610272
1441.0,0.5473829194498206,0.0069247803767211735,0.5404581029314359,0.5473828833081571
1441.5,0.5474510999604655,0.0069247803767211735,0.540526314789442,0.5474510951661632
1442.0,0.5475193726692315,0.0069247803767211735,0.5405945738528861,0.5475193542296073
1442.5,0.5475877375761188,0.0069247803767211735,0.5406629273272063,0.5475877077039275
1443.0,0.5476561485820667,0.0069247803767211735,0.5407313280069647,0.5476561083836858
1443.5,0.5477246517861357,0.0069247803767211735,0.5407998230975991,0.5477246034743203
1444.0,0.5477932010892654,0.0069247803767211735,0.5408684125991097,0.5477931929758308
1444.5,0.5478618425905164,0.0069247803767211735,0.5409370493060582,0.5478618296827794
1445.0,0.5479305301908279,0.0069247803767211735,0.541005733218445,0.5479305135951662
1445.5,0.5479992177911396,0.0069247803767211735,0.5410744171308317,0.5479991975075529
1446.0,0.5480679975895724,0.0069247803767211735,0.5411431954540945,0.5480679758308157
1446.5,0.5481368234870657,0.0069247803767211735,0.5412120209827954,0.5481368013595166
1447.0,0.5482057415826803,0.0069247803767211735,0.5412809409223724,0.5482057212990936
1447.5,0.5482747518764162,0.0069247803767211735,0.5413499552728257,0.5482747356495469
1448.0,0.5483438082692126,0.0069247803767211735,0.5414190168287168,0.548343797205438
1448.5,0.5484129107610697,0.0069247803767211735,0.5414881255900462,0.5484129059667674
1449.0,0.5484821976491692,0.0069247803767211735,0.5415573759676897,0.5484821563444109
1449.5,0.5485514384382081,0.0069247803767211735,0.5416266263453332,0.5485514067220544
1450.0,0.5486208175244288,0.0069247803767211735,0.5416960183392909,0.5486207987160121
1450.5,0.5486902427097101,0.0069247803767211735,0.5417654575386867,0.5486902379154078
1451.0,0.5487597600931128,0.0069247803767211735,0.5418349439435205,0.5487597243202417
1451.5,0.5488293235755759,0.0069247803767211735,0.5419045247592305,0.5488293051359516
1452.0,0.548899025355221,0.0069247803767211735,0.5419741999858166,0.5488989803625378
1452.5,0.5489687271348659,0.0069247803767211735,0.5420439224178407,0.5489687027945619
1453.0,0.5490385672116928,0.0069247803767211735,0.542113739260741,0.5490385196374622
1453.5,0.5491084072885196,0.0069247803767211735,0.5421836033090794,0.5491083836858006
1454.0,0.5491783856625283,0.0069247803767211735,0.542253561768294,0.5491783421450152
1454.5,0.5492484101355977,0.0069247803767211735,0.5423236146383845,0.5492483950151057
1455.0,0.5493184807077275,0.0069247803767211735,0.5423936675084752,0.5493184478851963
1455.5,0.5493886434779787,0.0069247803767211735,0.542463814789442,0.5493885951661631
1456.0,0.5494587601491692,0.0069247803767211735,0.5425339620704087,0.5494587424471299
1456.5,0.5495290151175415,0.0069247803767211735,0.5426042037622516,0.5495289841389728
1457.0,0.5495993161849745,0.0069247803767211735,0.5426744926595326,0.5495992730362538
1457.5,0.549669663351468,0.0069247803767211735,0.5427448759676897,0.5496696563444109
1458.0,0.5497401488151435,0.0069247803767211735,0.542815353686723,0.5497401340634441
1458.5,0.5498107264769402,0.0069247803767211735,0.5428859258166323,0.5498107061933535
1459.0,0.5498813502377974,0.0069247803767211735,0.5429565451519798,0.549881325528701
1459.5,0.5499520200977153,0.0069247803767211735,0.5430272116927652,0.5499519920694864
1460.0,0.5500227821557544,0.0069247803767211735,0.5430979726444268,0.550022753021148
1460.5,0.5500936825109752,0.0069247803767211735,0.5431688752124026,0.5500936555891238
1461.0,0.5501645828661962,0.0069247803767211735,0.5432397777803786,0.5501645581570997
1461.5,0.5502355754195384,0.0069247803767211735,0.5433107747592305,0.5502355551359517
1462.0,0.5503066601710017,0.0069247803767211735,0.5433818661489586,0.5503066465256797
1462.5,0.5503778371205863,0.0069247803767211735,0.5434530519495628,0.550377832326284
1463.0,0.5504491062682921,0.0069247803767211735,0.5435242849556051,0.5504490653323263
1463.5,0.550520375415998,0.0069247803767211735,0.5435955651670855,0.5505203455438067
1464.0,0.5505917828608856,0.0069247803767211735,0.54366698699488,0.5505917673716012
1464.5,0.5506632825038944,0.0069247803767211735,0.5437384560281127,0.5506632364048338
1465.0,0.5507347821469033,0.0069247803767211735,0.5438099722667834,0.5507347526435046
1465.5,0.5508063739880334,0.0069247803767211735,0.5438815829163302,0.5508063632930513
1466.0,0.5508780119282242,0.0069247803767211735,0.543953193565877,0.5508779739425982
1466.5,0.5509496959674755,0.0069247803767211735,0.5440248986263,0.5509496790030212
1467.0,0.551021472204848,0.0069247803767211735,0.544096650892161,0.5510214312688821
1467.5,0.5510932484422205,0.0069247803767211735,0.5441684503634601,0.5510932307401812
1468.0,0.5511651629767749,0.0069247803767211735,0.5442403442456353,0.5511651246223565
1468.5,0.5512370775113293,0.0069247803767211735,0.5443122853332486,0.5512370657099698
1469.0,0.5513091303430655,0.0069247803767211735,0.544384320831738,0.5513091012084592
1469.5,0.5513812753729229,0.0069247803767211735,0.5444564507411036,0.5513812311178248
1470.0,0.5514534204027804,0.0069247803767211735,0.5445286278559073,0.5514534082326285
1470.5,0.5515257037298197,0.0069247803767211735,0.544600899381587,0.5515256797583081
1471.0,0.5515980331559196,0.0069247803767211735,0.5446732181127049,0.551597998489426
1471.5,0.5516704547801407,0.0069247803767211735,0.5447456312546988,0.5516704116314199
1472.0,0.5517428764043618,0.0069247803767211735,0.5448180916021308,0.551742871978852
1472.5,0.5518155746229466,0.0069247803767211735,0.5448907879767532,0.5518155683534743
1473.0,0.5518945884128351,0.0069247803767211735,0.5449697626746384,0.5518945430513595
1473.5,0.5519839744913614,0.0069247803767211735,0.5450591697743362,0.5519839501510574
1474.0,0.5520734527680089,0.0069247803767211735,0.5451486240794722,0.5520734044561934
1474.5,0.552162977143717,0.0069247803767211735,0.5452381727954843,0.5521629531722054
1475.0,0.5522526859156675,0.0069247803767211735,0.5453278631278106,0.5522526435045317
1475.5,0.552342394687618,0.0069247803767211735,0.5454176006655749,0.552342381042296
1476.0,0.5524321956576898,0.0069247803767211735,0.5455073854087773,0.5524321657854985
1476.5,0.5525220427268221,0.0069247803767211735,0.5455972173574178,0.552521997734139
1477.0,0.5526119819940757,0.0069247803767211735,0.5456871909223725,0.5526119712990937
1477.5,0.5527020134594506,0.0069247803767211735,0.5457772116927653,0.5527019920694864
1478.0,0.5527921832220072,0.0069247803767211735,0.5458673740794722,0.5527921544561933
1478.5,0.5528823990836245,0.0069247803767211735,0.5459575836716172,0.5528823640483383
1479.0,0.5529727532424236,0.0069247803767211735,0.5460479348800764,0.5529727152567976
1479.5,0.5530631535002832,0.0069247803767211735,0.5461383332939737,0.5530631136706948
1480.0,0.5531536459562642,0.0069247803767211735,0.5462288261187471,0.5531536064954683
1480.5,0.5532442767094269,0.0069247803767211735,0.5463194605598347,0.5532442409365559
1481.0,0.5533349535616503,0.0069247803767211735,0.5464101422063604,0.5533349225830816
1481.5,0.5534257687110555,0.0069247803767211735,0.5465009654692002,0.5534257458459214
1482.0,0.5535166299595213,0.0069247803767211735,0.5465918359374782,0.5535166163141994
1482.5,0.5536076756042296,0.0069247803767211735,0.5466828480220703,0.5536076283987915
1483.0,0.5536987212489379,0.0069247803767211735,0.5467739073121006,0.5536986876888218
1483.5,0.5537899051908279,0.0069247803767211735,0.546865108218445,0.5537898885951662
1484.0,0.5538811813308393,0.0069247803767211735,0.5469563563302274,0.5538811367069486
1484.5,0.5539725035699112,0.0069247803767211735,0.5470476988528861,0.5539724792296072
1485.0,0.5540640102052257,0.0069247803767211735,0.5471391829918589,0.5540639633685801
1485.5,0.55415551684054,0.0069247803767211735,0.5472307143362698,0.554155494712991
1486.0,0.5542471617730362,0.0069247803767211735,0.5473223400915568,0.554247120468278
1486.5,0.5543387606064719,0.0069247803767211735,0.5474139658468438,0.5543387462235649
1487.0,0.5544304977370893,0.0069247803767211735,0.547505686013007,0.5544304663897281
1487.5,0.5545223270658279,0.0069247803767211735,0.5475975005900462,0.5545222809667674
1488.0,0.5546142485926879,0.0069247803767211735,0.5476894567833996,0.5546142371601208
1488.5,0.554706262317669,0.0069247803767211735,0.5477814601821912,0.5547062405589124
1489.0,0.5547983682407713,0.0069247803767211735,0.5478735579918589,0.5547983383685801
1489.5,0.5548906124610555,0.0069247803767211735,0.5479657974178408,0.554890577794562
1490.0,0.5549829027804003,0.0069247803767211735,0.5480580840492607,0.5549828644259819
1490.5,0.5550752852978663,0.0069247803767211735,0.5481504650915567,0.5550752454682779
1491.0,0.5551678061125142,0.0069247803767211735,0.548242987750167,0.5551677681268882
1491.5,0.5552603730262227,0.0069247803767211735,0.5483355576142154,0.5552603379909365
1492.0,0.5553530782371129,0.0069247803767211735,0.5484282690945779,0.555353049471299
1492.5,0.5554458295470638,0.0069247803767211735,0.5485210277803785,0.5554458081570997
1493.0,0.5555387191541966,0.0069247803767211735,0.5486139280824933,0.5555387084592145
1493.5,0.5556317470585111,0.0069247803767211735,0.5487069227954843,0.5556317031722054
1494.0,0.5557248210618864,0.0069247803767211735,0.5488000119193513,0.5557247922960725
1494.5,0.5558179411643221,0.0069247803767211735,0.5488931482486564,0.5558179286253776
1495.0,0.5559112456630004,0.0069247803767211735,0.5489864261942758,0.555911206570997
1495.5,0.5560045962607393,0.0069247803767211735,0.5490797985507713,0.5560045789274924
1496.0,0.5560980390565993,0.0069247803767211735,0.5491732181127048,0.556097998489426
1496.5,0.55619152795152,0.0069247803767211735,0.5492667320855145,0.5561915124622356
1497.0,0.556285109044562,0.0069247803767211735,0.5493602932637622,0.5562850736404834
1497.5,0.5563786901376039,0.0069247803767211735,0.549453901647448,0.5563786820241692
1498.0,0.5564724556268882,0.0069247803767211735,0.549547651647448,0.5564724320241692
1498.5,0.5565662672152332,0.0069247803767211735,0.5496414488528861,0.5565662292296073
1499.0,0.55666021710076,0.0069247803767211735,0.5497353876746384,0.5566601680513595
1499.5,0.5567541669862868,0.0069247803767211735,0.5498293737018287,0.5567541540785499
1500.0,0.5568483012680561,0.0069247803767211735,0.5499235013453332,0.5568482817220544
1500.5,0.5569425277479466,0.0069247803767211735,0.5500177233997139,0.5569425037764351
1501.0,0.5570368003268976,0.0069247803767211735,0.5501119926595326,0.5570367730362538
1501.5,0.5571312112030306,0.0069247803767211735,0.5502064035356655,0.5571311839123867
1502.0,0.5572256681782242,0.0069247803767211735,0.5503008616172366,0.5572256419939577
1502.5,0.5573202634505995,0.0069247803767211735,0.5503954613151217,0.5573202416918429
1503.0,0.5574149509210962,0.0069247803767211735,0.550490155423883,0.5574149358006042
1503.5,0.557509730589714,0.0069247803767211735,0.5505849439435205,0.5575097243202417
1504.0,0.5576046485555136,0.0069247803767211735,0.5506798268740342,0.5576046072507553
1504.5,0.5576996126203738,0.0069247803767211735,0.5507748042154238,0.557699584592145
1505.0,0.5577946227842947,0.0069247803767211735,0.5508698287622517,0.5577946091389728
1505.5,0.5578898173444581,0.0069247803767211735,0.5509649949253936,0.5578897753021148
1506.0,0.557985058003682,0.0069247803767211735,0.5510602554994117,0.5579850358761329
1506.5,0.5580803908610272,0.0069247803767211735,0.5511555632788679,0.5580803436555891
1507.0,0.5581758159164936,0.0069247803767211735,0.5512510126746384,0.5581757930513596
1507.5,0.5582712870710206,0.0069247803767211735,0.5513464620704087,0.5582712424471299
1508.0,0.5583668965227294,0.0069247803767211735,0.5514421002879314,0.5583668806646526
1508.5,0.5584689137438633,0.0069247803767211735,0.551544111239593,0.5584688916163142
1509.0,0.5585817642442409,0.0069247803767211735,0.55165697944201,0.5585817598187311
1509.5,0.5586947991408611,0.0069247803767211735,0.5517699892607411,0.5586947696374622
1510.0,0.5588078801365417,0.0069247803767211735,0.5518830934903484,0.5588078738670695
1510.5,0.5589211916275255,0.0069247803767211735,0.5519963865417078,0.558921166918429
1511.0,0.559034641415691,0.0069247803767211735,0.5521098212093816,0.5590346015861027
1511.5,0.5591482295010385,0.0069247803767211735,0.5522234446988076,0.5591482250755287
1512.0,0.559262048081689,0.0069247803767211735,0.5523372570099858,0.559262037386707
1512.5,0.5593760510585819,0.0069247803767211735,0.5524512581429163,0.5593760385196375
1513.0,0.559490284530778,0.0069247803767211735,0.5525654953030371,0.5594902756797583
1513.5,0.559604748498277,0.0069247803767211735,0.5526799212849103,0.5596047016616315
1514.0,0.5597193507629579,0.0069247803767211735,0.5527945360885356,0.5597193164652567
1514.5,0.5598341835229419,0.0069247803767211735,0.5529093869193513,0.5598341672960725
1515.0,0.5599492006791682,0.0069247803767211735,0.5530243793664812,0.5599491597432024
1515.5,0.5600644022316371,0.0069247803767211735,0.5531396078408015,0.5600643882175227
1516.0,0.5601797881803484,0.0069247803767211735,0.553254977931436,0.5601797583081571
1516.5,0.5602954507234233,0.0069247803767211735,0.5533706312546988,0.5602954116314199
1517.0,0.5604112515636801,0.0069247803767211735,0.5534864261942758,0.560411206570997
1517.5,0.5605272368001794,0.0069247803767211735,0.5536024099556051,0.5605271903323262
1518.0,0.5606434525319817,0.0069247803767211735,0.5537186297441248,0.560643410120846
1518.5,0.5607598526600265,0.0069247803767211735,0.5538350383543966,0.5607598187311178
1519.0,0.5608764371843137,0.0069247803767211735,0.5539516357864208,0.560876416163142
1519.5,0.5609932061048433,0.0069247803767211735,0.5540684220401972,0.5609932024169184
1520.0,0.5611102516197366,0.0069247803767211735,0.554185444321164,0.5611102246978852
1520.5,0.5612274354318117,0.0069247803767211735,0.554302608218445,0.5612273885951662
1521.0,0.5613448036401294,0.0069247803767211735,0.5544200081429163,0.5613447885196374
1521.5,0.5614624484428106,0.0069247803767211735,0.554537644094578,0.5614624244712991
1522.0,0.5615802315426737,0.0069247803767211735,0.5546554216625538,0.561580202039275
1522.5,0.5616982451378398,0.0069247803767211735,0.5547734352577199,0.5616982156344411
1523.0,0.5618163970301879,0.0069247803767211735,0.5548915904692002,0.5618163708459214
1523.5,0.5619348255168995,0.0069247803767211735,0.5550100289133091,0.5619348092900303
1524.0,0.5620534383998537,0.0069247803767211735,0.555128608973732,0.5620533893504531
1524.5,0.5621722356790503,0.0069247803767211735,0.5552474250613453,0.5621722054380665
1525.0,0.5622911712554286,0.0069247803767211735,0.5553663827652728,0.562291163141994
1525.5,0.5624104295252313,0.0069247803767211735,0.5554856237018286,0.5624104040785498
1526.0,0.5625298260922158,0.0069247803767211735,0.5556050062546988,0.56252978663142
1526.5,0.5626494531545034,0.0069247803767211735,0.5557246248347592,0.5626494052114803
1527.0,0.5627691724149122,0.0069247803767211735,0.5558443850311338,0.5627691654078549
1527.5,0.5628891682696847,0.0069247803767211735,0.5559643812546987,0.5628891616314199
1528.0,0.5630093946197602,0.0069247803767211735,0.556084566300016,0.5630093466767372
1528.5,0.5631298053660782,0.0069247803767211735,0.5562049873725236,0.5631297677492447
1529.0,0.5632504005086386,0.0069247803767211735,0.5563255972667833,0.5632503776435045
1529.5,0.563371226146502,0.0069247803767211735,0.5564463959827954,0.5633711763595166
1530.0,0.5634921900815474,0.0069247803767211735,0.5565673835205598,0.563492163897281
1530.5,0.563613246214714,0.0069247803767211735,0.5566884182637623,0.5636131986404834
1531.0,0.563734348446941,0.0069247803767211735,0.5568095474178407,0.5637343277945619
1531.5,0.563855727273532,0.0069247803767211735,0.5569309125991097,0.5638556929758308
1532.0,0.5639772904963651,0.0069247803767211735,0.5570524666021308,0.563977246978852
1532.5,0.5640989920163803,0.0069247803767211735,0.5571741622214661,0.5640989425981873
1533.0,0.5642209701307591,0.0069247803767211735,0.5572961410734298,0.564220921450151
1533.5,0.5643430404432591,0.0069247803767211735,0.5574182143362698,0.564342994712991
1534.0,0.5644653873501227,0.0069247803767211735,0.557540570831738,0.5644653512084592
1534.5,0.5645878725541682,0.0069247803767211735,0.5576630689435205,0.5645878493202416
1535.0,0.5647105421544562,0.0069247803767211735,0.5577857558770553,0.5647105362537764
1535.5,0.5648334422500472,0.0069247803767211735,0.5579086316323423,0.5648334120090635
1536.0,0.5649565728409413,0.0069247803767211735,0.5580317434148196,0.5649565237915408
1536.5,0.5650798417290172,0.0069247803767211735,0.5581550440190493,0.5650798243957704
1537.0,0.5652033411123961,0.0069247803767211735,0.5582785334450311,0.5652033138217523
1537.5,0.5653269787929569,0.0069247803767211735,0.5584021644873272,0.5653269448640483
1538.0,0.5654508469688208,0.0069247803767211735,0.5585260315568136,0.5654508119335347
1538.5,0.5655748995409271,0.0069247803767211735,0.5586500874480522,0.5655748678247734
1539.0,0.5656991365092758,0.0069247803767211735,0.5587743321610432,0.5656991125377644
1539.5,0.5658236039729276,0.0069247803767211735,0.5588988129012245,0.5658235932779456
1540.0,0.5659482558328219,0.0069247803767211735,0.5590234352577199,0.5659482156344411
1540.5,0.5660730920889586,0.0069247803767211735,0.5591482936414057,0.5660730740181269
1541.0,0.5661988964253682,0.0069247803767211735,0.5592740961338528,0.566198876510574
1541.5,0.5663490410657808,0.0069247803767211735,0.5594242566323423,0.5663490370090635
1542.0,0.566499462300557,0.0069247803767211735,0.559574653158022,0.5664994335347432
1542.5,0.5666500679315757,0.0069247803767211735,0.5597252385054541,0.5666500188821753
1543.0,0.5668009040578975,0.0069247803767211735,0.5598761070855145,0.5668008874622357
1543.5,0.5669520167785829,0.0069247803767211735,0.5600272116927653,0.5669519920694864
1544.0,0.5671033599945714,0.0069247803767211735,0.5601785523272064,0.5671033327039275
1544.5,0.5672549337058629,0.0069247803767211735,0.5603301289888377,0.5672549093655589
1545.0,0.5674067379124575,0.0069247803767211735,0.5604819416776595,0.5674067220543807
1545.5,0.5675588187134157,0.0069247803767211735,0.5606339903936716,0.5675587707703927
1546.0,0.5677111300096771,0.0069247803767211735,0.5607863223423121,0.5677111027190332
1546.5,0.5678636718012415,0.0069247803767211735,0.5609388431127048,0.567863623489426
1547.0,0.5680164440881089,0.0069247803767211735,0.561091647115726,0.5680164274924472
1547.5,0.5681694468702795,0.0069247803767211735,0.5612446399404993,0.5681694203172205
1548.0,0.5683227262468137,0.0069247803767211735,0.5613979159979012,0.5683226963746224
1548.5,0.5684761900195903,0.0069247803767211735,0.5615513808770553,0.5684761612537764
1549.0,0.5686299303867306,0.0069247803767211735,0.5617051289888377,0.5686299093655589
1549.5,0.5687839012491739,0.0069247803767211735,0.5618591131278106,0.5687838935045317
1550.0,0.5689381026069203,0.0069247803767211735,0.5620132860885356,0.5689380664652568
1550.5,0.5690925344599698,0.0069247803767211735,0.5621677422818891,0.5690925226586103
1551.0,0.5692472429073829,0.0069247803767211735,0.5623224345024329,0.5692472148791541
1551.5,0.5694021818500992,0.0069247803767211735,0.562477362750167,0.5694021431268882
1552.0,0.5695573512881184,0.0069247803767211735,0.5626325270250915,0.5695573074018127
1552.5,0.5697127512214407,0.0069247803767211735,0.5627879273272063,0.5697127077039275
1553.0,0.569868381650066,0.0069247803767211735,0.5629435636565114,0.5698683440332326
1553.5,0.5700242886730551,0.0069247803767211735,0.5630994832184449,0.5700242635951661
1554.0,0.5701803800922867,0.0069247803767211735,0.5632555916021308,0.570180371978852
1554.5,0.5703367481058818,0.0069247803767211735,0.5634119360130069,0.570336716389728
1555.0,0.5704933927138406,0.0069247803767211735,0.5635685636565114,0.5704933440332326
1555.5,0.5706500373217994,0.0069247803767211735,0.5637252385054541,0.5706500188821753
1556.0,0.5708068663260008,0.0069247803767211735,0.5638820549707109,0.570806835347432
1556.5,0.5709638797264445,0.0069247803767211735,0.5640390602577199,0.570963840634441
1557.0,0.5711211697212519,0.0069247803767211735,0.5641963487773574,0.5711211291540785
1557.5,0.5712786902113623,0.0069247803767211735,0.5643538733241852,0.5712786537009064
1558.0,0.5714364872958365,0.0069247803767211735,0.5645116811036414,0.5714364614803625
1558.5,0.5715944687765531,0.0069247803767211735,0.5646696777048498,0.5715944580815709
1559.0,0.5717527268516333,0.0069247803767211735,0.5648279103332486,0.5717526907099698
1559.5,0.571911169322956,0.0069247803767211735,0.5649863789888377,0.5719111593655589
1560.0,0.5720698883886424,0.0069247803767211735,0.5651450836716172,0.5720698640483384
1560.5,0.5722288840486924,0.0069247803767211735,0.565304071587025,0.5722288519637462
1561.0,0.5723880641049849,0.0069247803767211735,0.5654632483241852,0.5723880287009063
1561.5,0.5725474746565804,0.0069247803767211735,0.5656226610885356,0.5725474414652568
1562.0,0.5727071618025397,0.0069247803767211735,0.5657823570855145,0.5727071374622357
1562.5,0.5728670333447413,0.0069247803767211735,0.5659422419042456,0.5728670222809668
1563.0,0.5730271814813066,0.0069247803767211735,0.566102362750167,0.5730271431268882
1563.5,0.5731875601131751,0.0069247803767211735,0.5662627668287169,0.5731875472054381
1564.0,0.5733481692403465,0.0069247803767211735,0.566423359729019,0.5733481401057402
1564.5,0.5735090549618816,0.0069247803767211735,0.5665842358619495,0.5735090162386707
1565.0,0.5736701711787198,0.0069247803767211735,0.5667453480220703,0.5736701283987915
1565.5,0.5738314717918004,0.0069247803767211735,0.5669066490039435,0.5738314293806647
1566.0,0.5739930489992447,0.0069247803767211735,0.567068233218445,0.5739930135951662
1566.5,0.5741548567019921,0.0069247803767211735,0.5672300534601369,0.5741548338368581
1567.0,0.5743168949000425,0.0069247803767211735,0.567392109729019,0.5743168901057402
1567.5,0.5744792096924566,0.0069247803767211735,0.5675544020250916,0.5744791824018127
1568.0,0.5746417549801737,0.0069247803767211735,0.5677169303483544,0.5746417107250755
1568.5,0.5748044846641333,0.0069247803767211735,0.5678796946988075,0.5748044750755287
1569.0,0.5749675370415172,0.0069247803767211735,0.5680427422818891,0.5749675226586103
1569.5,0.5751307738151435,0.0069247803767211735,0.568205978686723,0.5751307590634441
1570.0,0.5752942410840729,0.0069247803767211735,0.5683694511187471,0.5752942314954683
1570.5,0.575458445937972,0.0069247803767211735,0.5685336316323423,0.5754584120090634
1571.0,0.5756374946893882,0.0069247803767211735,0.5687126818589284,0.5756374622356496
1571.5,0.5758335539941701,0.0069247803767211735,0.5689087260432184,0.5758335064199396
1572.0,0.5760298898933157,0.0069247803767211735,0.5691051006655748,0.576029881042296
1572.5,0.5762265484858856,0.0069247803767211735,0.5693017585205598,0.5762265388972809
1573.0,0.5764235297718797,0.0069247803767211735,0.5694986996081731,0.5764234799848943
1573.5,0.5766207876522376,0.0069247803767211735,0.5696959711338528,0.576620751510574
1574.0,0.5768182760278984,0.0069247803767211735,0.5698934786867229,0.5768182590634441
1574.5,0.5770161331960442,0.0069247803767211735,0.5700913166776594,0.5770160970543806
1575.0,0.5772142669585536,0.0069247803767211735,0.5702894379012244,0.5772142182779456
1575.5,0.5774126312163661,0.0069247803767211735,0.5704878423574178,0.577412622734139
1576.0,0.5776114103657242,0.0069247803767211735,0.5706866244571157,0.5776114048338369
1576.5,0.5778108349019307,0.0069247803767211735,0.5708860202275085,0.5778108006042296
1577.0,0.5780108126268646,0.0069247803767211735,0.571085982463158,0.5780107628398792
1577.5,0.5782113435405258,0.0069247803767211735,0.5712865583695024,0.5782113387462235
1578.0,0.5784125659400963,0.0069247803767211735,0.5714877479465417,0.5784125283232628
1578.5,0.5786142954293335,0.0069247803767211735,0.5716895039888378,0.578614284365559
1579.0,0.5788166242063586,0.0069247803767211735,0.5718918264963906,0.5788166068731118
1579.5,0.5790195983702322,0.0069247803767211735,0.5720948098800764,0.5790195902567976
1580.0,0.5792231257228333,0.0069247803767211735,0.572298312523581,0.5792230929003022
1580.5,0.5794272523632222,0.0069247803767211735,0.5725024288377804,0.5794272092145015
1581.0,0.5796319782913991,0.0069247803767211735,0.5727071588226746,0.5796319391993958
1581.5,0.5798372574083034,0.0069247803767211735,0.5729124552728256,0.5798372356495468
1582.0,0.5800431819120563,0.0069247803767211735,0.5731183653936716,0.5800431457703927
1582.5,0.580249475208294,0.0069247803767211735,0.5733246531580221,0.5802494335347432
1583.0,0.5804562294951379,0.0069247803767211735,0.5735314129767531,0.5804561933534743
1583.5,0.580663536970709,0.0069247803767211735,0.573738739260741,0.5806635196374622
1584.0,0.5808714437340682,0.0069247803767211735,0.5739466320099857,0.5808714123867069
1584.5,0.5810799497852153,0.0069247803767211735,0.5741551384299254,0.5810799188066466
1585.0,0.5812890090250897,0.0069247803767211735,0.5743642113151217,0.5812889916918429
1585.5,0.5814987136518127,0.0069247803767211735,0.574573897871013,0.5814986782477342
1586.0,0.5817090175663236,0.0069247803767211735,0.5747841980975991,0.5817089784743202
1586.5,0.5819198285705013,0.0069247803767211735,0.574995017584004,0.5819197979607251
1587.0,0.5821312849615276,0.0069247803767211735,0.5752064979465417,0.5821312783232628
1587.5,0.5823432945412812,0.0069247803767211735,0.5754184975688982,0.5823432779456194
1588.0,0.5825559495078833,0.0069247803767211735,0.5756311580673876,0.5825559384441088
1588.5,0.5827692037622734,0.0069247803767211735,0.5758443850311338,0.582769165407855
1589.0,0.5829829651063303,0.0069247803767211735,0.5760581784601368,0.582982958836858
1589.5,0.5831973718372356,0.0069247803767211735,0.5762725855598347,0.5831973659365559
1590.0,0.5834124700540503,0.0069247803767211735,0.5764876535356656,0.5834124339123867
1590.5,0.583628029261471,0.0069247803767211735,0.5767032407713151,0.5836280211480362
1591.0,0.583844740945407,0.0069247803767211735,0.5769199137320401,0.5838446941087613
1591.5,0.5840793390648603,0.0069247803767211735,0.5771545247592305,0.5840793051359516
1592.0,0.584335142752195,0.0069247803767211735,0.5774103310281127,0.5843351114048339
1592.5,0.584591637925439,0.0069247803767211735,0.5776668453785658,0.584591625755287
1593.0,0.5848488706836528,0.0069247803767211735,0.57792406781059,0.5848488481873112
1593.5,0.5851067949277757,0.0069247803767211735,0.5781819983241852,0.5851067787009063
1594.0,0.5853654567568684,0.0069247803767211735,0.5784406369193513,0.5853654172960725
1594.5,0.5856247639728097,0.0069247803767211735,0.5786999363906504,0.5856247167673716
1595.0,0.5858847626746602,0.0069247803767211735,0.5789599439435206,0.5858847243202417
1595.5,0.5861454989614804,0.0069247803767211735,0.5792207067833997,0.5861454871601208
1596.0,0.5864069267342098,0.0069247803767211735,0.5794821304994118,0.586406910876133
1596.5,0.586669092091909,0.0069247803767211735,0.5797442622969948,0.586669042673716
1597.0,0.5869319028364568,0.0069247803767211735,0.5800071021761489,0.5869318825528701
1597.5,0.5871954511659743,0.0069247803767211735,0.580270650136874,0.5871954305135951
1598.0,0.5874596448823405,0.0069247803767211735,0.580534858973732,0.5874596393504532
1598.5,0.5877246222827369,0.0069247803767211735,0.580799823097599,0.5877246034743202
1599.0,0.5879902450699821,0.0069247803767211735,0.5810654480975991,0.5879902284743203
1599.5,0.5882566054421969,0.0069247803767211735,0.5813317811791701,0.5882565615558912
1600.0,0.5885236112012604,0.0069247803767211735,0.5815988223423121,0.5885236027190333
1600.5,0.5887914006443542,0.0069247803767211735,0.581866571587025,0.5887913519637462
1601.0,0.5890599276724179,0.0069247803767211735,0.5821351233241852,0.5890599037009063
1601.5,0.5893290539882694,0.0069247803767211735,0.5824042415266021,0.5893290219033233
1602.0,0.5895988717900302,0.0069247803767211735,0.5826740678105901,0.5895988481873112
1602.5,0.5898694732758214,0.0069247803767211735,0.582944649381587,0.5898694297583081
1603.0,0.5901407201484611,0.0069247803767211735,0.5832158918287169,0.5901406722054381
1603.5,0.59041265850701,0.0069247803767211735,0.5834878423574178,0.590412622734139
1604.0,0.590685288351468,0.0069247803767211735,0.5837605009676897,0.5906852813444109
1604.5,0.590958655780896,0.0069247803767211735,0.5840338676595326,0.5909586480362538
1605.0,0.5912327607952936,0.0069247803767211735,0.5843079424329465,0.5912327228096677
1605.5,0.5915074650974792,0.0069247803767211735,0.5845826780824933,0.5915074584592145
1606.0,0.5917829530836952,0.0069247803767211735,0.5848581218136112,0.5917829021903324
1606.5,0.5920590864567599,0.0069247803767211735,0.5851342736263,0.5920590540030212
1607.0,0.5923359574147942,0.0069247803767211735,0.5854111335205598,0.592335913897281
1607.5,0.5926135198587378,0.0069247803767211735,0.5856887014963906,0.5926134818731118
1608.0,0.5928917276895298,0.0069247803767211735,0.5859669303483543,0.5928917107250755
1608.5,0.5931707192043524,0.0069247803767211735,0.5862459144873272,0.5931706948640484
1609.0,0.5934503100069628,0.0069247803767211735,0.5865255122969948,0.593450292673716
1609.5,0.593731237682331,0.0069247803767211735,0.5868064318589283,0.5937312122356495
1610.0,0.5940314808640955,0.0069247803767211735,0.5871066584450311,0.5940314388217522
1610.5,0.594358691996318,0.0069247803767211735,0.5874338865417078,0.594358666918429
1611.0,0.5946866407135102,0.0069247803767211735,0.5877618227199556,0.5946866030966768
1611.5,0.5950138979447932,0.0069247803767211735,0.5880890980220703,0.5950138783987915
1612.0,0.5953419388601067,0.0069247803767211735,0.5884171286111942,0.5953419089879154
1612.5,0.5956707173603899,0.0069247803767211735,0.5887459144873272,0.5956706948640483
1613.0,0.5960002795447036,0.0069247803767211735,0.5890754556504691,0.5960002360271903
1613.5,0.5963307637102294,0.0069247803767211735,0.5894059409223725,0.5963307212990937
1614.0,0.5966623081541493,0.0069247803767211735,0.5897375119193513,0.5966622922960725
1614.5,0.5969948667774028,0.0069247803767211735,0.5900700742305296,0.5969948546072508
1615.0,0.5973284856790503,0.0069247803767211735,0.5904036750613453,0.5973284554380665
1615.5,0.5976631648590918,0.0069247803767211735,0.5907383616172366,0.5976631419939578
1616.0,0.5979988582184668,0.0069247803767211735,0.5910740394873272,0.5979988198640483
1616.5,0.5983355657571753,0.0069247803767211735,0.5914107558770553,0.5983355362537764
1617.0,0.5986733335742778,0.0069247803767211735,0.5917485107864208,0.5986732911631419
1617.5,0.5990121155707138,0.0069247803767211735,0.5920873042154239,0.599012084592145
1618.0,0.5993519117464832,0.0069247803767211735,0.5924270889586263,0.5993518693353475
1618.5,0.5996927682006468,0.0069247803767211735,0.5927679594269042,0.5996927398036254
1619.0,0.6000346388341437,0.0069247803767211735,0.5931098212093815,0.6000346015861027
1619.5,0.6003775236469742,0.0069247803767211735,0.5934527215114963,0.6003775018882175
1620.0,0.6007214687381986,0.0069247803767211735,0.5937966603332486,0.6007214407099698
1620.5,0.601066381909696,0.0069247803767211735,0.5941415904692002,0.6010663708459214
1621.0,0.6014131851426784,0.0069247803767211735,0.5944883616172365,0.6014131419939577
1621.5,0.6017850662646337,0.0069247803767211735,0.5948602460583241,0.6017850264350453
1622.0,0.6021798125206523,0.0069247803767211735,0.595255025136874,0.6021798055135952
1622.5,0.6025758495503682,0.0069247803767211735,0.5956510315568135,0.6025758119335347
1623.0,0.6029729929575387,0.0069247803767211735,0.5960481709072667,0.6029729512839879
1623.5,0.6033712427421639,0.0069247803767211735,0.5964464431882335,0.6033712235649547
1624.0,0.6037706450033044,0.0069247803767211735,0.5968458483997139,0.6037706287764351
1624.5,0.6041712458400208,0.0069247803767211735,0.5972464337471459,0.6041712141238671
1625.0,0.6045729530541919,0.0069247803767211735,0.5976481520250915,0.6045729324018126
1625.5,0.6049758588439388,0.0069247803767211735,0.5980510504389888,0.6049758308157099
1626.0,0.6053799171102011,0.0069247803767211735,0.5984551289888378,0.605379909365559
1626.5,0.6057851278529787,0.0069247803767211735,0.5988603404692002,0.6057851208459214
1627.0,0.6061914910722715,0.0069247803767211735,0.5992666848800764,0.6061914652567976
1627.5,0.6065990067680797,0.0069247803767211735,0.5996742094269042,0.6065989898036254
1628.0,0.6070076749404031,0.0069247803767211735,0.6000828669042456,0.6070076472809668
1628.5,0.6074174955892419,0.0069247803767211735,0.6004927045175387,0.6074174848942598
1629.0,0.607828468714596,0.0069247803767211735,0.6009036750613453,0.6078284554380665
1629.5,0.6082405943164653,0.0069247803767211735,0.6013157785356655,0.6082405589123867
1630.0,0.6086538262957892,0.0069247803767211735,0.6017290149404994,0.6086537953172205
1630.5,0.6090682107516285,0.0069247803767211735,0.6021433842758468,0.609068164652568
1631.0,0.6094837476839832,0.0069247803767211735,0.6025589337471459,0.609483714123867
1631.5,0.6099005292909743,0.0069247803767211735,0.6029757105598347,0.6099004909365559
1632.0,0.6103222895965115,0.0069247803767211735,0.6033974911489586,0.6103222715256797
1632.5,0.6108014432325104,0.0069247803767211735,0.6038766263453332,0.6108014067220544
1633.0,0.611281933741267,0.0069247803767211735,0.6043571304994118,0.6112819108761329
1633.5,0.611763807221842,0.0069247803767211735,0.6048390036111942,0.6117637839879154
1634.0,0.6122469253770534,0.0069247803767211735,0.6053221040643665,0.6122468844410877
1634.5,0.612731334305962,0.0069247803767211735,0.6058065262698045,0.6127313066465256
1635.0,0.6132169879095072,0.0069247803767211735,0.6062921758166323,0.6132169561933535
1635.5,0.6137040244848706,0.0069247803767211735,0.606779194321164,0.6137039746978852
1636.0,0.6141923057348706,0.0069247803767211735,0.6072674873725236,0.6141922677492447
1636.5,0.6146818777585678,0.0069247803767211735,0.6077570549707109,0.614681835347432
1637.0,0.615172740555962,0.0069247803767211735,0.608247944321164,0.6151727246978852
1637.5,0.6156649863251746,0.0069247803767211735,0.608740155423883,0.6156649358006042
1638.0,0.6161583845709026,0.0069247803767211735,0.6092335938679918,0.616158374244713
1638.5,0.6166531657884489,0.0069247803767211735,0.6097283540643664,0.6166531344410876
1639.0,0.6171492377796922,0.0069247803767211735,0.6102244360130069,0.6171492163897281
1639.5,0.6176465544455721,0.0069247803767211735,0.6107217453030371,0.6176465256797583
1640.0,0.6181452540832704,0.0069247803767211735,0.6112204235507712,0.6181452039274924
1640.5,0.6186451522965446,0.0069247803767211735,0.6117203291398952,0.6186451095166163
1641.0,0.6191463412835159,0.0069247803767211735,0.6122215092758468,0.619146289652568
1641.5,0.6196487749451237,0.0069247803767211735,0.6127239639586263,0.6196487443353474
1642.0,0.6201538362531863,0.0069247803767211735,0.6132290149404994,0.6201537953172206
1642.5,0.6207005711120421,0.0069247803767211735,0.6137757483241851,0.6207005287009063
1643.0,0.6212654690007788,0.0069247803767211735,0.6143406558015265,0.6212654361782477
1643.5,0.6218318881585159,0.0069247803767211735,0.6149070738528861,0.6218318542296073
1644.0,0.622399828585253,0.0069247803767211735,0.6154750024782637,0.6223997828549849
1644.5,0.6229700278659601,0.0069247803767211735,0.6160451969646685,0.6229699773413897
1645.0,0.6235432696846677,0.0069247803767211735,0.6166184598045477,0.6235432401812688
1645.5,0.6241195540413755,0.0069247803767211735,0.6171947437924631,0.6241195241691843
1646.0,0.6246989731342051,0.0069247803767211735,0.6177741433392909,0.6246989237160121
1646.5,0.625281434765035,0.0069247803767211735,0.6183566112395931,0.6252813916163142
1647.0,0.6258683219056835,0.0069247803767211735,0.6189435164510734,0.6258682968277945
1647.5,0.6265003400266711,0.0069247803767211735,0.6195755500613452,0.6265003304380664
1648.0,0.6271375673415077,0.0069247803767211735,0.6202127762698045,0.6271375566465257
1648.5,0.6277780215905873,0.0069247803767211735,0.6208532124480522,0.6277779928247734
1649.0,0.6284217027739095,0.0069247803767211735,0.6214969058015266,0.6284216861782478
1649.5,0.6290685647924141,0.0069247803767211735,0.6221437619193513,0.6290685422960725
1650.0,0.629718699844222,0.0069247803767211735,0.6227938752124027,0.6297186555891239
1650.5,0.6303719696321516,0.0069247803767211735,0.6234471512698045,0.6303719316465257
1651.0,0.6310284202552634,0.0069247803767211735,0.6241035900915568,0.631028370468278
1651.5,0.6316890658928909,0.0069247803767211735,0.624764277402735,0.6316890577794562
1652.0,0.6323870978686744,0.0069247803767211735,0.6254623042154238,0.632387084592145
1652.5,0.6331064276104608,0.0069247803767211735,0.6261816206806806,0.6331064010574018
1653.0,0.6338290764846111,0.0069247803767211735,0.6269042887320402,0.6338290691087614
1653.5,0.6345551827883072,0.0069247803767211735,0.6276303555749405,0.6345551359516617
1654.0,0.6352845160262462,0.0069247803767211735,0.6283597267985054,0.6352845071752266
1654.5,0.6360172144956099,0.0069247803767211735,0.629092402402735,0.6360171827794562
1655.0,0.6367534164935801,0.0069247803767211735,0.6298286184148196,0.6367533987915408
1655.5,0.6374927532276718,0.0069247803767211735,0.6305679499858166,0.6374927303625377
1656.0,0.638236792065946,0.0069247803767211735,0.6313120021006202,0.6382367824773414
1656.5,0.6390285895310139,0.0069247803767211735,0.632103778913309,0.6390285592900302
1657.0,0.6398403017902662,0.0069247803767211735,0.6329154764208619,0.639840256797583
1657.5,0.6406554253800038,0.0069247803767211735,0.6337306199253936,0.6406554003021148
1658.0,0.6414742368945903,0.0069247803767211735,0.6345494454540945,0.6414742258308157
1658.5,0.6422968285321469,0.0069247803767211735,0.6353720002124027,0.6422967805891239
1659.0,0.6431230158964313,0.0069247803767211735,0.636198189789442,0.6431229701661632
1659.5,0.643952845086504,0.0069247803767211735,0.6370280141852124,0.6439527945619336
1660.0,0.6447866848948499,0.0069247803767211735,0.6378618510432184,0.6447866314199395
1660.5,0.6456355529969553,0.0069247803767211735,0.6387107464359677,0.6456355268126889
1661.0,0.6465493746754626,0.0069247803767211735,0.6396245493060583,0.6465493296827795
1661.5,0.6474670686750613,0.0069247803767211735,0.6405422702275084,0.6474670506042296
1662.0,0.6483887271938727,0.0069247803767211735,0.6414639092003181,0.6483886895770393
1662.5,0.6493141658356543,0.0069247803767211735,0.6423893718136111,0.6493141521903323
1663.0,0.6502435228975878,0.0069247803767211735,0.6433187052728256,0.6502434856495468
1663.5,0.6511766600824915,0.0069247803767211735,0.6442518623725235,0.6511766427492447
1664.0,0.652113623489426,0.0069247803767211735,0.6451887959072667,0.6521135762839879
1664.5,0.6530566719723612,0.0069247803767211735,0.6461318661489586,0.6530566465256797
1665.0,0.6540730179616692,0.0069247803767211735,0.6471481992305296,0.6540729796072507
1665.5,0.6551075269808582,0.0069247803767211735,0.6481827064057561,0.6551074867824773
1666.0,0.6561458622220779,0.0069247803767211735,0.6492210372214662,0.6561458175981874
1666.5,0.6571882541806316,0.0069247803767211735,0.6502634277048498,0.657188208081571
1667.0,0.6582347028565191,0.0069247803767211735,0.6513098778559072,0.6582346582326284
1667.5,0.6592851621506798,0.0069247803767211735,0.6523603404692003,0.6592851208459215
1668.0,0.6603396320631136,0.0069247803767211735,0.653414815544729,0.6603395959214502
1668.5,0.661400694141215,0.0069247803767211735,0.654475899381587,0.6614006797583082
1669.0,0.6625428444669326,0.0069247803767211735,0.6556180349556051,0.6625428153323263
1669.5,0.6637102109788048,0.0069247803767211735,0.6567853782335508,0.6637101586102719
1670.0,0.6648833398732534,0.0069247803767211735,0.6579585277803786,0.6648833081570997
1670.5,0.6660635219239757,0.0069247803767211735,0.6591387109374782,0.6660634913141994
1671.0,0.6672506188337897,0.0069247803767211735,0.6603257860885356,0.6672505664652568
1671.5,0.6684446306026954,0.0069247803767211735,0.6615198004389888,0.66844458081571
1672.0,0.6696454189335111,0.0069247803767211735,0.6627206123725236,0.6696453927492447
1672.5,0.6708568561473282,0.0069247803767211735,0.6639320455296233,0.6708568259063444
1673.0,0.6721911934567362,0.0069247803767211735,0.665266401647448,0.6721911820241692
1673.5,0.6735328605167815,0.0069247803767211735,0.6666080274027351,0.6735328077794562
1674.0,0.6748817190302823,0.0069247803767211735,0.6679569227954842,0.6748817031722054
1674.5,0.6762377689972385,0.0069247803767211735,0.6693129462093815,0.6762377265861027
1675.0,0.6776008721204683,0.0069247803767211735,0.6706760504389888,0.67760083081571
1675.5,0.678970982300911,0.0069247803767211735,0.672046188278868,0.6789709686555891
1676.0,0.6803501278972338,0.0069247803767211735,0.6734252951519797,0.6803500755287009
1676.5,0.6817982376882317,0.0069247803767211735,0.6748734163755447,0.6817981967522658
1677.0,0.6833089500035404,0.0069247803767211735,0.6763841320099858,0.683308912386707
1677.5,0.6848279601497592,0.0069247803767211735,0.6779031558015266,0.6848279361782478
1678.0,0.6863555447212519,0.0069247803767211735,0.6794307237773574,0.6863555041540785
1678.5,0.6878939164729276,0.0069247803767211735,0.6809691017985054,0.6878938821752266
1679.0,0.6895128232834923,0.0069247803767211735,0.6825880122969948,0.689512792673716
1679.5,0.6911739107345166,0.0069247803767211735,0.6842490772516776,0.6911738576283988
1680.0,0.6928437109079966,0.0069247803767211735,0.6859188752124027,0.6928436555891239
1680.5,0.6945220855067504,0.0069247803767211735,0.6875972645628559,0.694522044939577
1681.0,0.6962128146537481,0.0069247803767211735,0.6892880217380825,0.6962128021148036
1681.5,0.6980251531226397,0.0069247803767211735,0.6911003329163302,0.6980251132930514
1682.0,0.6998515057059573,0.0069247803767211735,0.6929267113151217,0.6998514916918429
1682.5,0.701686755407973,0.0069247803767211735,0.6947619643362698,0.701686744712991
1683.0,0.7035322391014445,0.0069247803767211735,0.6966074137320402,0.7035321941087613
1683.5,0.7054339636488623,0.0069247803767211735,0.6985091320099858,0.7054339123867069
1684.0,0.7074332799075953,0.0069247803767211735,0.7005084711338528,0.707433251510574
1684.5,0.7094430145540266,0.0069247803767211735,0.7025181954540946,0.7094429758308157
1685.0,0.7114632136872168,0.0069247803767211735,0.704538399381587,0.7114631797583082
1685.5,0.7134971042414087,0.0069247803767211735,0.7065722928861187,0.7134970732628398
1686.0,0.7156434304044326,0.0069247803767211735,0.7087186297441247,0.7156434101208459
1686.5,0.7178244230610367,0.0069247803767211735,0.7108996153936715,0.7178243957703927
1687.0,0.7200196603273697,0.0069247803767211735,0.7130948570855145,0.7200196374622356
1687.5,0.7223170070129579,0.0069247803767211735,0.7153922041398951,0.7223169845166163
1688.0,0.7246424741255193,0.0069247803767211735,0.7177176384299253,0.7246424188066465
1688.5,0.7269821858478097,0.0069247803767211735,0.7200573759676897,0.7269821563444109
1689.0,0.7294406487502361,0.0069247803767211735,0.7225158351821912,0.7294406155589124
1689.5,0.7319205477158469,0.0069247803767211735,0.7249957256655749,0.7319205060422961
1690.0,0.734417272838581,0.0069247803767211735,0.7274924684903483,0.7344172488670695
1690.5,0.7370431214300888,0.0069247803767211735,0.7301183181882335,0.7370430985649546
1691.0,0.7396887004195384,0.0069247803767211735,0.7327638997592305,0.7396886801359517
1691.5,0.742415598151907,0.0069247803767211735,0.7354907690945779,0.7424155494712991
1692.0,0.7452188820277096,0.0069247803767211735,0.738294064034155,0.7452188444108762
1692.5,0.7480495948445761,0.0069247803767211735,0.7411247853332487,0.7480495657099698
1693.0,0.7510216473812783,0.0069247803767211735,0.7440968397139133,0.7510216200906344
1693.5,0.754013706910286,0.0069247803767211735,0.7470889092003181,0.7540136895770393
1694.0,0.7571102269106401,0.0069247803767211735,0.750185397115726,0.7571101774924471
1694.5,0.7602779699596394,0.0069247803767211735,0.7533531652426142,0.7602779456193354
1695.0,0.7634959609847054,0.0069247803767211735,0.7565711599556051,0.7634959403323263
1695.5,0.7668479158799094,0.0069247803767211735,0.7599230764963906,0.7668478568731117
1696.0,0.770219508974934,0.0069247803767211735,0.7632946777048498,0.770219458081571
1696.5,0.7737396332432496,0.0069247803767211735,0.7668148344269042,0.7737396148036254
1697.0,0.7773054877796922,0.0069247803767211735,0.7703806860130069,0.7773054663897281
1697.5,0.7809698099096016,0.0069247803767211735,0.7740450081429163,0.7809697885196375
1698.0,0.78474633715304,0.0069247803767211735,0.7778215375991097,0.7847463179758308
1698.5,0.7885763393067882,0.0069247803767211735,0.7816515036111943,0.7885762839879155
1699.0,0.7925879717593467,0.0069247803767211735,0.7856631161489586,0.7925878965256797
1699.5,0.7966285544219694,0.0069247803767211735,0.7897037128256957,0.7966284932024169
1700.0,0.8008523347514633,0.0069247803767211735,0.7939275610130069,0.800852341389728
1700.5,0.8051328169255099,0.0069247803767211735,0.7982079613151217,0.8051327416918429
1701.0,0.8095505821020581,0.0069247803767211735,0.8026257294420099,0.8095505098187311
1701.5,0.8140820275620752,0.0069247803767211735,0.8071571682637622,0.8140819486404833
1702.0,0.8186932243969506,0.0069247803767211735,0.8117683842758469,0.818693164652568
1702.5,0.8234550729619052,0.0069247803767211735,0.8165302800462395,0.8234550604229607
1703.0,0.8283609349922111,0.0069247803767211735,0.821436152402735,0.8283609327794562
1703.5,0.8333705199088935,0.0069247803767211735,0.8264456879012244,0.8333704682779456
1704.0,0.8385085368084403,0.0069247803767211735,0.8315837166021308,0.838508496978852
1704.5,0.8438120493355835,0.0069247803767211735,0.8368872475688982,0.8438120279456194
1705.0,0.84920397986098,0.0069247803767211735,0.8422791471157259,0.8492039274924471
1705.5,0.8547622357970638,0.0069247803767211735,0.8478373986262999,0.8547621790030211
1706.0,0.8604493847066182,0.0069247803767211735,0.8535245209827954,0.8604493013595166
1706.5,0.8662405330969127,0.0069247803767211735,0.8593156841247894,0.8662404645015106
1707.0,0.8722295386553531,0.0069247803767211735,0.865304732463158,0.8722295128398792
1707.5,0.8783038274759253,0.0069247803767211735,0.8713790338226746,0.8783038141993957
1708.0,0.884535129696941,0.0069247803767211735,0.8776103404692003,0.8845351208459215
1708.5,0.8909040837129437,0.0069247803767211735,0.8839792981731278,0.890904078549849
1709.0,0.8974061718159932,0.0069247803767211735,0.8904813752124027,0.8974061555891238
1709.5,0.9040401032323924,0.0069247803767211735,0.8971152498347592,0.9040400302114804
1710.0,0.9108013602542013,0.0069247803767211735,0.9038765791398952,0.9108013595166163
1710.5,0.9176893896926926,0.0069247803767211735,0.9107646078408015,0.9176893882175227
1711.0,0.9246981064718656,0.0069247803767211735,0.9177732936414057,0.9246980740181269
1711.5,0.9318221631006892,0.0069247803767211735,0.9248973495326444,0.9318221299093655
1712.0,0.9390550135125566,0.0069247803767211735,0.9321301667531882,0.9390549471299093
1712.5,0.946386792508497,0.0069247803767211735,0.9394619265719193,0.9463867069486405
1713.0,0.9538081880782666,0.0069247803767211735,0.9468833767229767,0.9538081570996979
1713.5,0.9613094272210159,0.0069247803767211735,0.9543846040643664,0.9613093844410876
1714.0,0.9688797227565615,0.0069247803767211735,0.9619549401670855,0.9688797205438067
1714.5,0.976506812334781,0.0069247803767211735,0.9695820172063604,0.9765067975830816
1715.0,0.9841817527379154,0.0069247803767211735,0.9772569605598347,0.9841817409365559
1715.5,0.9918838915868108,0.0069247803767211735,0.9849590942456353,0.9918838746223565
1716.0,0.999372776181316,0.0069247803767211735,0.9924479537622516,0.9993727341389728
1716.5,1.0000000921981211,0.0069247803767211735,0.9930752196232788,1.0
1717.0,1.0000000921981211,0.0069247803767211735,0.9930752196232788,1.0
