time_ns,Q_total,Q_electron,Q_hole,Q_no_trapping
0.0,0.0,0.0,0.0,0.0
0.125,0.0009868996741188257,0.0004349622840782873,0.0005519382068582686,0.000986899661153465
0.25,0.0019814438690231645,0.0008698777863441483,0.0011115468737766976,0.0019814438373300606
0.375,0.0029760849439845706,0.0013047814872504926,0.001671297157009326,0.0029760847293358195
0.5,0.003971649440753856,0.0017410187417822149,0.0022306461940183897,0.0039716490777237535
0.625,0.004966359484231724,0.0021772914003924866,0.00278906292362564,0.004966335515601397
0.75,0.005961162085979727,0.0026135640590027585,0.003347597666828057,0.005961161725830816
0.875,0.006956051483615287,0.0030498131148939973,0.0039062386222661234,0.006956050999575151
1.0,0.007950977976588685,0.003486003163987653,0.004464962187220806,0.007950977890152946
1.125,0.008952286308265524,0.003921933583171943,0.005030329917583344,0.00895228562830438
1.25,0.009949202984121271,0.004348694346011822,0.005600500801269144,0.009949214324490181
1.375,0.01094505361920037,0.004775443307492184,0.006169621363957966,0.010945064671450152
1.5,0.011941100175287067,0.005202192268972547,0.006738907145680021,0.011941099414652568
1.625,0.01293723892949499,0.005628894025014843,0.007308346345075791,0.012937250696280211
1.75,0.01393360097602775,0.006055619383776172,0.007877986167583345,0.013933599650679758
1.875,0.014936931183691111,0.006483654693443846,0.008453278841299356,0.014936930584403324
2.0,0.01594573133301519,0.006912044043897019,0.00903369330504558,0.0159457299730929
2.125,0.01702376794959123,0.007340445195709707,0.009683322742356759,0.017023766462896526
2.25,0.01816535068062497,0.007768881751600946,0.010396467096586365,0.01816535032335725
2.375,0.0193033348037397,0.008194131940422698,0.01110919840323289,0.019303345095354984
2.5,0.02043462447889622,0.008613599463081309,0.011821021005196638,0.02043463521997734
2.625,0.021569800881100564,0.009033114191177985,0.0125366908503628,0.02156982274358006
2.75,0.022710592725125683,0.009452652521993695,0.013257942738580324,0.02271061591295317
2.875,0.023850174468809743,0.009872190852809406,0.013977979086767634,0.023850184691276435
3.0,0.02498765870523597,0.010291752786344149,0.014695902991601471,0.024987682331004533
3.125,0.026125000322693423,0.010711302918519374,0.015413697081480625,0.02612503540407855
3.25,0.02726372779316052,0.011132399028791278,0.016131337753686064,0.027263739732817222
3.375,0.028405235613220767,0.011553636755377381,0.01685159832770419,0.02840526163614048
3.5,0.02955398386698835,0.011974933488761066,0.017579045929667938,0.029554005971487916
3.625,0.030696332994904763,0.01238982208392723,0.018306517134350716,0.030696342168617826
3.75,0.031834366098271394,0.012802633639818468,0.019031722478006306,0.03183440037292296
3.875,0.03297197566651866,0.013215563209304873,0.019756408561843162,0.032971986522847434
4.0,0.034109674551695855,0.013628457374712728,0.02048121265927519,0.03410972314010574
4.125,0.03525002413285823,0.01404146955371575,0.021208554049003285,0.03525007375849698
4.25,0.036398703238034895,0.014454528938156836,0.021944168191752527,0.03639875318636707
4.375,0.03754760131374947,0.01486763552803599,0.022679971156254038,0.037547662740747736
4.5,0.03869707562772169,0.015281355788610009,0.023415715113957968,0.03869712695902568
4.625,0.039845772020046084,0.01569625618513569,0.024149511847341654,0.03984583589029456
4.75,0.04099251784586835,0.016109209357341128,0.02488330858072534,0.04099257104418429
4.875,0.0421347085082639,0.01651614383619309,0.02561855688132957,0.04213477447601964
5.0,0.043288599688480985,0.01692319632864022,0.026365394116979114,0.04328864650207704
5.125,0.04444188005614497,0.017330378636042032,0.02711149966833863,0.044441957963557405
5.25,0.0455957856423185,0.01773769075839853,0.027858077274078814,0.04559584179097432
5.375,0.04674962784228368,0.01814508549027164,0.028604548667583343,0.046749696114992446
5.5,0.04790252789269761,0.018552574633020884,0.029349946137371862,0.047902597479229606
5.625,0.04905522049733879,0.018960181789365295,0.030095036771812952,0.049055304121034746
5.75,0.05022062779913496,0.01936788335658584,0.030852743059577303,0.050220714926359517
5.875,0.05138912950037469,0.01977713090190306,0.031611995325438326,0.05138921473753776
6.0,0.05255084311493934,0.020179781487250494,0.03237105876954709,0.05255092876699396
6.125,0.05371153102540538,0.02058122833392723,0.03313028743268909,0.05371162787953172
6.25,0.05487244943117447,0.020982793194199132,0.03388964591078576,0.0548725512179003
6.375,0.05603307395543217,0.021384369855830553,0.03464870935489452,0.056033203125
6.5,0.05720377688681611,0.021786040928338107,0.03541773314643531,0.0572039038897281
6.625,0.05837843857503009,0.02218774740492421,0.03619068679069513,0.058378564010574015
6.75,0.05955404529398662,0.02258952468966741,0.036964513735559174,0.05955416233950151
6.875,0.060730597043685684,0.02299134917984868,0.037739237583746484,0.060730710677870094
7.0,0.061906987446672605,0.02339324447818705,0.03851373720610298,0.06190710559856495
7.125,0.0630812572928714,0.02379268509374596,0.039288567266525944,0.0630813939765861
7.25,0.06425994688650633,0.024188585301449888,0.040071375045982134,0.06426009016238671
7.375,0.0654459258941005,0.024584615324108498,0.04086131084658637,0.06544606778700907
7.5,0.06663208929793712,0.024980680750845658,0.04165141186622383,0.06663225193542296
7.625,0.06781912282154279,0.025376840588458953,0.042442268172870355,0.06781927988104229
7.75,0.06900735492072436,0.025773047631510313,0.04323430461546854,0.0690075292673716
7.875,0.07019694694219399,0.026169372688156837,0.04402756839945646,0.07019710630664652
8.0,0.07139277962399393,0.02656578035431998,0.044827016095831076,0.07139294396714502
8.125,0.0725967660771396,0.02696222342456167,0.04563453592211507,0.07259695406910877
8.25,0.073799830549073,0.027356660263685537,0.046443141473474586,0.07380002006231118
8.375,0.07500050939461976,0.027747474085437804,0.04725304517438093,0.07500071398225075
8.5,0.07620206412231814,0.028138311509909104,0.0480637513677344,0.07620225760007553
8.625,0.07740414898921356,0.028529266947975567,0.04887485880731144,0.0774043676831571
8.75,0.07861092443552622,0.02892030499555865,0.049690615982538024,0.07861116880664652
8.875,0.0798321231254278,0.029311461056736897,0.05052065280277972,0.07983237348942598
9.0,0.08105532712446599,0.02970274693286983,0.05135257784054407,0.08105555489992447
9.125,0.08227899787649287,0.03009410361715986,0.05218488052181295,0.08227924966956193
9.25,0.08350497358155035,0.03048559011640457,0.05301935465323289,0.08350523390294562
9.375,0.08473141603959651,0.03087587287697859,0.053855551783142254,0.08473166068731118
9.5,0.08595466613769531,0.031261104655679495,0.054693542719698146,0.08595491880664653
9.625,0.08719641348386459,0.031647315947220284,0.05554909407921477,0.08719668145770393
9.75,0.08843949194040904,0.032033621649637196,0.05640584917740207,0.08843976586102718
9.875,0.08968460451800297,0.0324200571670088,0.057264563301269146,0.08968489780022659
10.0,0.09092968252130146,0.03280653988981847,0.058123135808822016,0.09092995893126889
10.125,0.09217636822933876,0.033193140626223305,0.05898321889039301,0.0921766722526435
10.25,0.09342375118566784,0.03357989478030185,0.05984384483450177,0.09342407595354985
10.375,0.09468612209907831,0.033966755146616054,0.06071936409432051,0.09468643197696375
10.5,0.09595176604579223,0.03435265960280941,0.061599084638127154,0.0959520923810423
10.625,0.09721382579054356,0.03473297021459188,0.062480835015770654,0.09721415927114804
10.75,0.09847864571654905,0.03511463798271877,0.06336400155655615,0.09847898767938067
10.875,0.09975397622837401,0.03549657718211454,0.06425738807468304,0.09975435470166163
11.0,0.10103306381363883,0.03587865799782451,0.06515438580882202,0.10103342145015105
11.125,0.10231512478831312,0.03626084502577013,0.06605426307468304,0.10231549754531723
11.25,0.10359954833984375,0.0366431382659514,0.06695640620157126,0.10359996931646526
11.375,0.10489414825900444,0.03702553771836832,0.06786860408676763,0.10489451944864048
11.5,0.10619530576953715,0.03740806698573992,0.06878722191154105,0.10619569014350454
11.625,0.10749745440987302,0.03778909748045291,0.06970836522725102,0.10749788755664652
11.75,0.10879736724576922,0.03816530121912361,0.07063205763661658,0.10879778370468278
11.875,0.11010791743990157,0.03854237825839853,0.07156552157166189,0.11010833648036254
12.0,0.11142446051191347,0.038920186981963485,0.07250427251577066,0.11142494335347432
12.125,0.11274365427991055,0.03929812552048312,0.07344552534809694,0.11274411112160121
12.25,0.11406548721912764,0.03967620567531696,0.07438928006864075,0.11406594599697885
12.375,0.11539765787268694,0.04005439204238644,0.07534325476652594,0.11539811886329306
12.5,0.11673991269575505,0.04043270822441061,0.07630718981184316,0.11674038189199396
12.625,0.1180836542135279,0.040811095214591885,0.07727256462302141,0.1180841672960725
12.75,0.1194276262266038,0.041186118817310914,0.07824150344477368,0.11942812972054381
12.875,0.12077680743352884,0.041556728711570734,0.0792200721758915,0.12077732014728097
13.0,0.1221361995823794,0.04192792867380638,0.08020827081637488,0.12213674235271903
13.125,0.1234993488046698,0.04230014355296046,0.08119918376954709,0.12349988198640484
13.25,0.1248644802865665,0.04267250004842874,0.08219196133752292,0.12486501604984894
13.375,0.1262390275015932,0.04304495095477315,0.08319408558223591,0.1262395675981873
13.5,0.12762584859150775,0.04341756708015079,0.08420827081637489,0.127626416163142
13.625,0.12901598881378634,0.04379031302048312,0.08522566602030238,0.12901653370468277
13.75,0.13040851466245162,0.04416317697441061,0.08624532708525706,0.130409105929003
13.875,0.1318120581866031,0.0445361825446523,0.08727586900368606,0.1318126416163142
14.0,0.13322502896864968,0.04490931792984868,0.08831568679069512,0.13322561839123867
14.125,0.13464195274514373,0.04528294897214475,0.0893589977801211,0.13464257222432024
14.25,0.13606333660575198,0.045657583129999735,0.09040573116380692,0.13606396336858007
14.375,0.13749850408548314,0.04602874768815684,0.09146974173782503,0.13749911489803626
14.5,0.13893466269501747,0.046394507223655325,0.09254014864870116,0.1389353049471299
14.625,0.140372872712749,0.046760443779546565,0.09361244377709996,0.14037354843277947
14.75,0.14181414831801123,0.04712649834903297,0.09468764203993985,0.1418148366691843
14.875,0.14327793178961717,0.04749267093211454,0.09578523928314225,0.14327859469410875
15.0,0.14474645193970095,0.04785894972743176,0.09688750986471326,0.1447471558723565
15.125,0.14621923625289132,0.04822533473498463,0.09799388731939604,0.1462199537386707
15.25,0.14770082548665855,0.04859240422138947,0.09910840771214528,0.14770152001510575
15.375,0.1492008543446705,0.048960252597522395,0.10024058293873138,0.14920159082326284
15.5,0.150704767048539,0.049328242589969526,0.10137651099764376,0.15070550887462236
15.625,0.15221114605215022,0.04969636239737134,0.10251479932845947,0.15221189341012084
15.75,0.1537330604391876,0.05006457661564928,0.10366845302936582,0.1537338085347432
15.875,0.15526785951366598,0.0504329088475224,0.10483494660942624,0.15526865794939576
16.0,0.1568020362508261,0.05079624910431998,0.10600578308978878,0.15680281108383687
16.125,0.15833740003879698,0.05115617876821726,0.1071812221003628,0.1583382033610272
16.25,0.1598939348203538,0.05151617924027164,0.1083777383390335,0.15989479087990938
16.375,0.1614583871155707,0.05187713562244687,0.10958124098253803,0.16145921450151057
16.5,0.16303321169942528,0.05223862306580034,0.11079458595987941,0.163034082326284
16.625,0.1646310166649948,0.05260022852274898,0.11203077836924498,0.16463186839123867
16.75,0.16623426131971653,0.05296190478785472,0.11327235219855011,0.1662351420883686
16.875,0.16785186583181883,0.053323640059758044,0.11452822927558938,0.16785275443731118
17.0,0.16948638869916566,0.05368538713302089,0.11580100589945645,0.16948731353851965
17.125,0.17112701969204352,0.054047181411721795,0.11707980121667699,0.17112796214123868
17.25,0.1727866550226586,0.05440903469722028,0.11837762032543833,0.17278758733006042
17.375,0.17445396584686557,0.05477095879087587,0.11968299230429029,0.17445494240936557
17.5,0.1761290674123159,0.05513381519193327,0.12099523267438092,0.1761300391805136
17.625,0.1778212256301926,0.05548867027123841,0.12233256273480389,0.17782221251888217
17.75,0.17952050615293383,0.05584353715190306,0.12367695000821778,0.17952150207703926
17.875,0.18123404281016922,0.0561984630393653,0.1250355461184897,0.1812350712802115
18.0,0.1829678169550132,0.05655355414586077,0.12641427534809693,0.18296883260951663
18.125,0.1847090130486157,0.05690891668362511,0.1278000617906951,0.18471007600075529
18.25,0.186470389006001,0.05726452704993931,0.12920583973631447,0.18647149971676738
18.375,0.18824617091982745,0.0576204088475224,0.1306257557106347,0.18824728568731117
18.5,0.19003297050914014,0.05797697512395744,0.13205598607317245,0.190034082326284
18.625,0.19184928502200954,0.05833450911187285,0.1335147521230214,0.1918504177681269
18.75,0.1936751074661301,0.05869227912697859,0.13498281764416944,0.1936762887084592
18.875,0.19552301136028372,0.05905033237471273,0.13647266847498515,0.19552419278700905
19.0,0.19739216692137934,0.059408633450996715,0.1379835021230214,0.19739337471676738
19.125,0.19927181001876415,0.059761836339969523,0.1395099843737767,0.19927303625377643
19.25,0.20118418344918335,0.0601125963475224,0.14107158747045342,0.20118539935800603
19.375,0.20310842738771007,0.060463332752356234,0.14264508633752293,0.20310968183534744
19.5,0.20505459142955768,0.060814139965347166,0.14424044132241717,0.20505589123867068
19.625,0.20702744682749952,0.061165926691177985,0.14586149966833864,0.2070287009063444
19.75,0.20901242627838226,0.061517902238761066,0.14749452459280993,0.2090137839879154
19.875,0.21103631333642137,0.06186992499178221,0.1491663759900909,0.211037646336858
20.0,0.21307052658403747,0.062221947744803364,0.15084856537830843,0.2130719410876133
20.125,0.21513387443796025,0.06257397639850427,0.15255988052181296,0.21513526718277945
20.25,0.2172260572542957,0.06292602275424446,0.15430001458525705,0.21722750660876133
20.375,0.2193349740296332,0.06327806910998462,0.15605690657921475,0.21933645675981872
20.5,0.2214894827759158,0.06363023347931998,0.15785925741003048,0.2214909837613293
20.625,0.2236578903889728,0.06397853880409339,0.15967933388284014,0.22365938916163142
20.75,0.22586142548621602,0.06432438944608736,0.16153703308978878,0.22586293901057403
20.875,0.2280907991069321,0.06467034630031696,0.16342043565776462,0.22809235743957704
21.0,0.23035191193087945,0.06501637986338342,0.16533551307468305,0.23035352152567976
21.125,0.23265843232952937,0.06536249013528675,0.1672959313148643,0.23266007364048338
21.25,0.23498982317137934,0.06570870661942572,0.1692810852045924,0.23499145581570996
21.375,0.2373919530217381,0.06605502341512058,0.17133692923782504,0.2373936697507553
21.5,0.2398142281615842,0.06640140511829279,0.1734128355822359,0.2398159695996979
21.625,0.24229170692651295,0.06674788123234113,0.17554383067287035,0.24229345260574017
21.75,0.24480426707656722,0.06709546077350427,0.1777087900761936,0.2448060328549849
21.875,0.24736661421208223,0.06744315832826257,0.17992343320308182,0.24736841484138972
22.0,0.24997948591802777,0.06779092669117799,0.1821885389432631,0.24998135385196374
22.125,0.25264712330798006,0.06813377388717497,0.18451335956259846,0.2526490275679758
22.25,0.25536194308646853,0.06847444963302089,0.18688748626199422,0.25536388311933533
22.375,0.25813072181540314,0.06881520798838342,0.18931549796894287,0.25813269448640486
22.5,0.260965606597255,0.06915602535054355,0.1918095736864655,0.26096759346676734
22.625,0.2638727747061462,0.06949691942154053,0.19437585012151085,0.26387481117824774
22.75,0.266854139253092,0.06983848026935019,0.19701564902634466,0.2668562358383686
22.875,0.2699105300211834,0.07018051907222028,0.1997300089206045,0.269912669939577
23.0,0.2730553387875283,0.0705226109812082,0.2025327137922057,0.27305749622356495
23.125,0.2763019112301737,0.0708647618969937,0.20543714638284014,0.2763041210347432
23.25,0.2796568164652568,0.0712070249256946,0.20844977383752292,0.27965905872356495
23.375,0.283122198099096,0.07154930565643479,0.21157288562000026,0.2831245515483384
23.5,0.28671550462613293,0.07189157458581545,0.21482392413963772,0.28671787669939575
23.625,0.2904138939618344,0.07222700462735623,0.21818686315021174,0.2904163283610272
23.75,0.29425311592770487,0.07256277100764325,0.22169033274990962,0.29425559384441086
23.875,0.29822897550922867,0.0728995346028094,0.22532942357317245,0.298231542673716
24.0,0.30239335719912436,0.0732363218006946,0.22915700571063471,0.3023959592145015
24.125,0.30674388689577037,0.0735731385019786,0.233170718890393,0.30674655400302114
24.25,0.3113195413549141,0.07390999060734113,0.2374095548042903,0.3113223187311178
24.375,0.31614152614443686,0.07424686041474295,0.24189468509129936,0.3161444014350453
24.5,0.3212373854530542,0.07458378922894233,0.24665355971365585,0.3212403228851964
24.625,0.3266758990791989,0.074920735745181,0.25175519302181293,0.32667893221299094
24.75,0.3325218362030306,0.07525772356617799,0.25726411484960754,0.33252497167673717
24.875,0.33884153337276957,0.0755947054864952,0.26324679045383714,0.33884478851963745
25.0,0.3457234316361995,0.07592795817720517,0.26979545926048365,0.34572679852719035
25.125,0.3533833437455745,0.07625824872667647,0.27712509483450176,0.35338684856495467
25.25,0.3620410008733006,0.07658858648158584,0.28545237013661656,0.36204463274169185
25.375,0.37205102004313395,0.07691998635885171,0.29513104271969814,0.37205480551359515
25.5,0.3841587308670459,0.0772518051843804,0.30690691129975856,0.38416274074773415
25.625,0.39968074556563915,0.07758373022214475,0.3220970548042903,0.39968513972809666
25.75,0.4207417006939199,0.07791570246534717,0.3428259539734746,0.42074641238670696
25.875,0.44785933480161916,0.07824772191398766,0.3696115940792148,0.44786466200906344
26.0,0.45206084928483764,0.0785797885680662,0.37348107104296097,0.4520661348187311
26.125,0.45267590295152,0.07891189062622331,0.3737639732332933,0.45268122167673713
26.25,0.45329091051914183,0.0792440339891387,0.37404687542362564,0.45329621412386706
26.375,0.45390577978958174,0.07957561678747709,0.3743301552574625,0.45391111216012087
26.5,0.45451442568683914,0.07990120449518101,0.374613199064109,0.4545197318731118
26.625,0.4551233481784602,0.08022679810356469,0.374896526103384,0.45512872922960723
26.75,0.45573794085453645,0.08055242121534717,0.37518551779522685,0.4557432968277946
26.875,0.456354515790219,0.08087820954616289,0.3754763032937163,0.4563598942598187
27.0,0.45697270419302305,0.08120515441021121,0.3757675136411483,0.45697809667673717
27.125,0.457590892595827,0.08153211107561907,0.37605877119401837,0.4575963462990937
27.25,0.45820880440426737,0.08185905593966741,0.3763497455142601,0.45821417107250756
27.375,0.45882703890613197,0.08218601850575502,0.37664100306713016,0.45883246790030213
27.5,0.4594468407760574,0.08251298107184264,0.37693381839945644,0.4594522753021148
27.625,0.46007106815580157,0.08283995543928976,0.37723111824839906,0.4600764728096677
27.75,0.46069561822897,0.08316692390605714,0.3775287013299701,0.46070109516616314
27.875,0.4613142676223801,0.08348865256919913,0.37782557632997005,0.4613197224320242
28.0,0.4619320411336386,0.08380924240114777,0.37812278176803654,0.4619375944108761
28.125,0.4625524883904126,0.08412987353785473,0.37842258350519664,0.4625580154833837
28.25,0.4631734427368533,0.08445045746912361,0.37872295170761355,0.46317895581570995
28.375,0.4637963332438397,0.08477104140039249,0.37902530253842925,0.46380187877643503
28.5,0.4644222662888265,0.08509209148536227,0.3793301552574625,0.46442787009063446
28.625,0.46504898301784364,0.08541387325462209,0.37963510238737186,0.46505456948640483
28.75,0.4656759763412245,0.08573562552048312,0.3799403327499096,0.46568159932024167
28.875,0.4663033845561509,0.08605736598498463,0.38024598796139,0.466308959592145
29.0,0.4669311154645015,0.08637908874744686,0.38055197361093684,0.46693674471299096
29.125,0.4675588924719128,0.0867007702051508,0.38085810087679783,0.4675644826283988
29.25,0.46818404183286916,0.08701773111904808,0.3811662579764957,0.46818967145015106
29.375,0.4688118188402804,0.08733321096232602,0.3814785691547435,0.468817456570997
29.5,0.46944074832420696,0.08764866130220518,0.3817920604689429,0.4694464690332326
29.625,0.4700701387987396,0.08796408213868553,0.38210597663208484,0.47007581193353476
29.75,0.47069980586763593,0.08827946757108734,0.38242031764416945,0.47070553247734137
29.875,0.47132905804498676,0.08859481759941061,0.38273418660187336,0.4713347337613293
30.0,0.47195831022233764,0.08891015582637436,0.3830481027650154,0.47196402945619337
30.125,0.47259166521608287,0.08922596610771877,0.38336565374688847,0.4725974320241692
30.25,0.47322727906379813,0.08954234285431997,0.383684904124532,0.4732330532477341
30.375,0.4738631695058771,0.08985867239548312,0.384004484940242,0.4738689577039275
30.5,0.47449924434419843,0.09017497833392724,0.3843242545777042,0.4745050509818731
30.625,0.47513034048397373,0.09048583204427466,0.3846444962695471,0.4751361404833837
30.75,0.47576268129838556,0.09079604258052844,0.38496662617891264,0.47576850453172204
30.875,0.47639539090528227,0.09110620591134415,0.38528913373178275,0.4764011990181269
31.0,0.47703215722951287,0.09141632793740155,0.3856157953632027,0.4770380003776435
31.125,0.477669799435895,0.09172636145326257,0.385943448308822,0.4776756514350453
31.25,0.47830702675073167,0.09203637726708433,0.38627062920006067,0.47831297205438067
31.375,0.4789440696693259,0.09234631637206922,0.3865977156804232,0.4789500094410876
31.5,0.4795814352813444,0.09265619647025654,0.38692522700972837,0.479587330060423
31.625,0.4802191235867872,0.09296601756164627,0.3872530687771,0.4802250755287009
31.75,0.48085736508095733,0.09327601567342875,0.38758133539341416,0.4808632930513595
31.875,0.4814998015896431,0.09358547092267346,0.3879142753480969,0.4815057590634441
32.0,0.4821394260556316,0.09389032954238645,0.38824905631486434,0.48214539274924473
32.125,0.48277923491786257,0.09419510555258281,0.38858412051426006,0.48278526246223563
32.25,0.483419458671639,0.09449981665530185,0.38891960956259847,0.48342546261329306
32.375,0.4840599129207185,0.09480444514850427,0.38925547625444135,0.48406599320241694
32.5,0.4847007820613435,0.09510902053558887,0.38959176779522686,0.48470685422960724
32.625,0.48534188169727155,0.09541348971043781,0.3899283897740788,0.4853479512839879
32.75,0.4859861160693212,0.09571787627577014,0.3902682217227193,0.48599216389728095
32.875,0.48663067313479513,0.09602219203294536,0.3906084785203024,0.48663675415407853
33.0,0.4872755067946327,0.09632643108128372,0.3909490657559519,0.4872816276435045
33.125,0.48792070924695524,0.09663056391738645,0.39129012504598215,0.487926831570997
33.25,0.4885645287274594,0.0969305721783381,0.3916339222514202,0.48857061933534746
33.375,0.4892069652361452,0.0972288633414801,0.39197804989492474,0.4892131325528701
33.5,0.4898497705373159,0.09752753804880639,0.39232222474386735,0.48985592900302116
33.625,0.4904969091501841,0.09782657859827769,0.39267031764416943,0.4905031155589124
33.75,0.4911444626545978,0.09812554833959189,0.3930188825988522,0.4911506325528701
33.875,0.4917922466543146,0.09842440596799068,0.39336782519703956,0.49179847998489423
34.0,0.4924402611493344,0.09872317508619309,0.39371705102785526,0.4924465162386707
34.125,0.49308786075280875,0.09902181438944083,0.3940660408314806,0.4930941748489426
34.25,0.49373522986098,0.09932031797705412,0.39441493622422985,0.4937415502265861
34.375,0.4943829216625755,0.09961866224631394,0.39476420926048367,0.494389208836858
34.5,0.49503374820029267,0.09991467574706922,0.3951190053329912,0.49504003021148035
34.625,0.4956828690727672,0.10020707803181243,0.39547578403389755,0.4956891993957704
34.75,0.49633231263866595,0.10049932689888191,0.39583298758374647,0.4963386518126888
34.875,0.4969811108177162,0.1007913633414801,0.39618967187377674,0.49698744335347433
35.0,0.49762963240240277,0.10108323456504506,0.396546403369245,0.49763604607250755
35.125,0.4982785688786348,0.1013751352920088,0.3969034180973417,0.49828497922960724
35.25,0.4989278741473518,0.1016671127278094,0.39726076326350485,0.49893433723564956
35.375,0.49958160492588743,0.10195990445741665,0.3976217432483991,0.49958808534743204
35.5,0.5002359349922111,0.10225263718022633,0.39798333690398824,0.5002424471299094
35.625,0.5008897118698074,0.10254525779012058,0.3983444112997586,0.5008961952416918
35.75,0.5015428894596158,0.1028365979525073,0.3987062409825381,0.5015493768882175
35.875,0.5021943152851208,0.10312348310167647,0.39907080858072536,0.5022008119335347
36.0,0.5028461099031108,0.10341027383996952,0.3994358010278553,0.5028526246223565
36.125,0.5034981811154645,0.10369691116058886,0.3998012183239278,0.5035047205438067
36.25,0.5041530643705154,0.10398344226897255,0.4001696095625985,0.5041596015861027
36.375,0.5048085469133544,0.10426981995968251,0.4005387088828402,0.5048150962990936
36.5,0.5054637067627691,0.10455607963679732,0.4009076665867677,0.5054703077794562
36.625,0.5061193276027899,0.10484219769759792,0.40127709634507586,0.5061258969033232
36.75,0.5067750867399925,0.10512816824140457,0.40164690374688855,0.5067817220543807
36.875,0.50743121466968,0.10541402077161605,0.4020171359976438,0.5074378776435046
37.0,0.5080866050143976,0.10569871676859491,0.40238788750821786,0.5080932779456193
37.125,0.5087423641516002,0.10597895185167648,0.40276340676803657,0.5087491030966768
37.25,0.5093998750531061,0.10625941706126862,0.40314043660187343,0.5094065332326284
37.375,0.510057846945218,0.10654008879465231,0.4035177024629006,0.5100645298338369
37.5,0.5107160954316937,0.10682062481240155,0.4038954403783085,0.5107228568731118
37.625,0.5113746666115937,0.10710101921383659,0.4042736031426589,0.511381372734139
37.75,0.5120333760886754,0.10738126609827768,0.4046520963450758,0.5120401718277946
37.875,0.5126924543582421,0.1076613831677641,0.40503101439643535,0.5126992069486405
38.0,0.5133507028447177,0.10794135272025654,0.4054093187771,0.5133574867824774
38.125,0.514012316562618,0.10822118065643478,0.4057910691547435,0.5140190709969789
38.25,0.5146723168133969,0.10849915577916892,0.4061731499704535,0.5146791446374622
38.375,0.5153309340923574,0.10877335446685775,0.40655759105806677,0.5153378021148036
38.5,0.5159910265412575,0.10904741743891212,0.40694358992513624,0.5159979229607251
38.625,0.5166513033864001,0.109321297489894,0.40733001364114835,0.5166582326283988
38.75,0.5173113497362396,0.1095950300238819,0.4077162957408462,0.5173182590634441
38.875,0.5179707506992306,0.10986862684223539,0.40810210578616346,0.5179777190332326
39.0,0.518632594912434,0.1101420761435949,0.4084905121305743,0.5186395392749245
39.125,0.5192959603946374,0.11041538972931998,0.4088805706653175,0.5193029172960725
39.25,0.5199595563721441,0.11068857350009037,0.40927100684356527,0.519966578549849
39.375,0.5206235672411962,0.11096170121440306,0.40966182066531753,0.5206305702416918
39.5,0.5212851809590965,0.11123205855956922,0.41005310654145044,0.5212922488670695
39.625,0.521944397525845,0.11150007333487134,0.41044434521214535,0.5219514728096677
39.75,0.5226065644324727,0.11176793174215986,0.41083860503087644,0.522613623489426
39.875,0.523269007933464,0.11203566328483358,0.4112333369039882,0.5232761518126888
40.0,0.5239347705668193,0.11230321485677466,0.41163156197951695,0.5239418901057402
40.125,0.5246006714973565,0.11257062481240156,0.41203002308223596,0.5246077700151057
40.25,0.5252666185269543,0.11283788430069461,0.4124287674175834,0.5252737443353475
40.375,0.5259325194574915,0.11310498447063418,0.4128275117529308,0.5259396714501511
40.5,0.526596853019968,0.11337194302425956,0.4132248871305743,0.5266040407854985
40.625,0.5272613248796262,0.11363873930919158,0.4136225457408462,0.527268504531722
40.75,0.5279206336444958,0.11390016597554355,0.4140204403783085,0.5279278228851964
40.875,0.528581325381184,0.1141613684160647,0.41441994000066495,0.5285885574018127
41.0,0.5292467192220544,0.114422420389252,0.4148242545777042,0.5292539652567976
41.125,0.5299138187281675,0.11468333959714476,0.41523045737226616,0.5299210725075528
41.25,0.5305806877389775,0.11494409948668403,0.41563661296139004,0.530588038141994
41.375,0.5312468652638784,0.11520472956126862,0.416042107674381,0.5312542012839879
41.5,0.5319132732840823,0.11546522096987889,0.4164480272363145,0.5319205532477341
41.625,0.532579819601468,0.11572558846421424,0.41685418282543835,0.5325871412386707
41.75,0.533246596414157,0.1159857966401961,0.41726076326350486,0.5332539652567976
41.875,0.5339129583353003,0.11624317839057376,0.41766979838435075,0.5339203644259819
42.0,0.5345785365724132,0.11649806710375352,0.41808043849009097,0.534585961102719
42.125,0.5352436999179806,0.11675297646931243,0.4184907009523266,0.5352511801359516
42.25,0.5359077568860933,0.11700771766549822,0.4189000193058009,0.5359151718277946
42.375,0.5365757783734186,0.11726236150046801,0.41931339732694894,0.5365832703927492
42.5,0.5372442147522895,0.11751684601708433,0.4197273418133538,0.5372517466012084
42.625,0.5379128816264633,0.11777120661942572,0.42014166394326313,0.5379203644259819
42.75,0.5385815945996979,0.11802541675443327,0.42055617489492475,0.5385891710725076
42.875,0.5392529352193872,0.11827948822346651,0.4209734709674323,0.5392605268126888
43.0,0.5399243219381372,0.11853271884563418,0.421391569532387,0.5399318825528701
43.125,0.540590038472432,0.11878115221515835,0.42180886560489456,0.5405976208459214
43.25,0.5412559855020298,0.1190294616704076,0.4222264921154686,0.5412635951661632
43.375,0.541921886432567,0.11927764426104204,0.4226442602423568,0.5419295222809668
43.5,0.5425878334621649,0.11952569703672179,0.42306207557468306,0.5425954966012084
43.625,0.54325433368049,0.1197736022954076,0.4234806933994565,0.543262037386707
43.75,0.5439244757246035,0.12002138659015835,0.42390308765927526,0.5439322129909365
43.875,0.5445968305236263,0.12026905287131394,0.4243277949855592,0.5446046072507553
44.0,0.5452692775207704,0.12051662769193328,0.4247526439281574,0.545277001510574
44.125,0.5459418628150963,0.12076409334997708,0.4251777288979459,0.5459496790030212
44.25,0.5466098382033611,0.12100664374178222,0.425603191511239,0.5466176359516617
44.375,0.5472772604028984,0.12124837393910094,0.42602889015172235,0.5472850736404834
44.5,0.5479448208996176,0.12149000972554354,0.42645482481939606,0.5479526529456193
44.625,0.5486124735944581,0.12173151864737133,0.4268809955142601,0.5486203266616314
44.75,0.5492802645864804,0.12197295676104203,0.42730730782543835,0.5492881891993958
44.875,0.5499487931634724,0.12221427391077769,0.42773451703993987,0.549956665407855
45.0,0.5506195344953738,0.12245551140133659,0.42816403932090663,0.5506274546827794
45.125,0.5512935488605787,0.12269665153067949,0.42859691318797616,0.5513015011329305
45.25,0.5519671022351775,0.12293768249744687,0.42902945661697917,0.551975075528701
45.375,0.5526368754868061,0.1231747010019786,0.42946218886773446,0.552644873489426
45.5,0.5533051274694345,0.12340994635224294,0.429895109940242,0.5533131136706949
45.625,0.5539734716501841,0.12364510909299067,0.43032831424537793,0.5539814482628399
45.75,0.5546413548403276,0.1238802600323789,0.4307610937015713,0.5546494052114803
45.875,0.5553094685257741,0.12411548177992421,0.4311939203632027,0.555317456570997
46.0,0.5559829297022517,0.12435064157033206,0.431632317266526,0.5559910309667674
46.125,0.5566572667608809,0.1245857187512233,0.43207156386773443,0.5566654078549849
46.25,0.5573317421166919,0.1248207310246372,0.4325109992906952,0.5573398791540786
46.375,0.5580063557696847,0.125055672489894,0.43295067074084626,0.5580144920694864
46.5,0.5586774197950104,0.12528693193098162,0.4333904838073115,0.5586856117824773
46.625,0.5593459022729419,0.12551599631919913,0.43382987202483414,0.5593541351963747
46.75,0.5600134166706005,0.12574497514756017,0.4342684577499097,0.5600217145015106
46.875,0.5606819913466531,0.12597390677048312,0.4347080819946227,0.5606902379154078
47.0,0.561355775216555,0.12620277643626862,0.435152946042961,0.5613640011329305
47.125,0.5620303888695478,0.12643160479729582,0.4355987542000607,0.5620386612537764
47.25,0.562705186918783,0.12666036825084565,0.4360447983843508,0.5627134629909366
47.375,0.5633795239774122,0.12688912580371575,0.43649037051426015,0.5633878398791541
47.5,0.5640534000454352,0.1271178184491085,0.43693561220610305,0.564061791918429
47.625,0.5647236803867306,0.12734268450367797,0.43738099551426013,0.5647320619335348
47.75,0.5653919784684196,0.12756535845571726,0.4378265676441695,0.5654003493202417
47.875,0.5660631807909271,0.127787997003678,0.4382751609221151,0.5660716106495468
48.0,0.5667350285002832,0.12801064145231847,0.4387243678707556,0.5667433912386707
48.125,0.5674092733607912,0.1282332770499393,0.4391759350912994,0.567417673716012
48.25,0.5680835182212991,0.12845585659110245,0.4396276439281574,0.5680920033987915
48.375,0.5687579935771101,0.12867844793362512,0.44007954158676765,0.5687665219033232
48.5,0.5694326072301029,0.1289010363258079,0.44053158086169214,0.5694411348187312
48.625,0.5701073591802776,0.1291236217676508,0.44098371454749274,0.5701159365558912
48.75,0.5707779161159365,0.12934180825273386,0.44143613146592176,0.5707865370090635
48.875,0.5714493489337472,0.12955825403728827,0.4418910502725683,0.5714579399546827
49.0,0.572120873949679,0.129774690970823,0.4423461579009671,0.5721294845166163
49.125,0.5727943812252172,0.1299911485567369,0.4428032481577647,0.5728030589123867
49.25,0.5734696863641191,0.13020760024197103,0.44326203781033263,0.5734783327039275
49.375,0.5741444844133544,0.13042411388434264,0.44372035540851995,0.5741531816465257
49.5,0.5748187753729229,0.1306406481790934,0.44417810654145046,0.5748275113293051
49.625,0.5754932046296733,0.13085721197724293,0.4446359520852571,0.5755018882175227
49.75,0.5761703076319392,0.1310737905270919,0.44509648833903354,0.5761790502265861
49.875,0.5768433078178106,0.13128493160054355,0.44555834634507585,0.5768520581570997
50.0,0.5775156626168335,0.1314952082244106,0.4460203931728704,0.5775244524169184
50.125,0.5781870032365228,0.131705526153036,0.4464814958919036,0.5781959025679758
50.25,0.5788608332054853,0.13191589718777919,0.44694491167740213,0.5788696657854985
50.375,0.579536645434054,0.1321263242789801,0.4474103100912994,0.579545506042296
50.5,0.5802122271673197,0.1323367956252792,0.44787537806713024,0.5802211102719034
50.625,0.5808875323062217,0.13254732302803598,0.4483402100157707,0.5808964784743202
50.75,0.5815666175680938,0.13275792713962964,0.44880872398858035,0.5815755759063445
50.875,0.5822446886506325,0.13296825096893478,0.4492764354689429,0.5822536820241692
51.0,0.5829166746571705,0.1331723643327943,0.44974428856561965,0.5829256514350453
51.125,0.5835887528618297,0.1333765367034514,0.4502122360731725,0.5835977624622356
51.25,0.5842610615617919,0.13358079758430488,0.45068027799160154,0.5842701095166163
51.375,0.5849355369176029,0.1337851351739952,0.4511503969493054,0.584944628021148
51.5,0.585611902334899,0.13398957602558131,0.4516223097136559,0.5856209875377644
51.625,0.5862888209409224,0.13419407588396498,0.4520947417378251,0.5862979607250756
51.75,0.5869688742830674,0.13439867900424446,0.45257019491003053,0.5869780494712991
51.875,0.5876486971299094,0.13460334408166136,0.4530453176441695,0.5876578077794562
52.0,0.5883266760143269,0.1348061268422354,0.4535205347891846,0.588335913897281
52.125,0.5890001371908044,0.13500421856240155,0.4539958935505139,0.5890093938821752
52.25,0.5896731834757364,0.13520253745873842,0.45447063864114834,0.5896824018126888
52.375,0.5903459531663048,0.13540093896459188,0.45494500608827826,0.5903551737160121
52.5,0.5910207051164794,0.13559947323573993,0.45542121454749274,0.5910300226586103
52.625,0.5916999286755334,0.135798128470823,0.45590176590700937,0.5917092145015106
52.75,0.5923815954847998,0.13599692827256016,0.4563846775384293,0.5923909554380664
52.875,0.59306353888843,0.13619584018721273,0.4568676363752873,0.5930728851963746
53.0,0.5937447908061508,0.13639486864029052,0.4573499343360124,0.5937541540785498
53.125,0.5944219399074774,0.1365900867294144,0.457831901858671,0.5944313632930514
53.25,0.5950961386689246,0.13678218040860624,0.4583139165867677,0.5951055513595166
53.375,0.5957704757275538,0.1369744098034325,0.45879602572574046,0.5957798810422961
53.5,0.5964446283899405,0.13716676753804355,0.45927780442664684,0.5964540219033233
53.625,0.5971219618875094,0.13735927721515834,0.4597626514810275,0.5971314199395771
53.75,0.5978047350742306,0.1375519226079076,0.46025278554447163,0.5978142938066465
53.875,0.5984873238647093,0.1377447081418011,0.4607425891698492,0.5984968372356495
54.0,0.5991700509523697,0.13793764561819838,0.4612323927952269,0.5991796166918429
54.125,0.5998531007334545,0.13813070995921045,0.46172233803691876,0.5998626321752266
54.25,0.6005302037357203,0.13831780281230713,0.4622123776894867,0.60053979418429
54.375,0.6012054627755617,0.1385036653736742,0.4627018036713598,0.6012151623867069
54.5,0.6018805374191607,0.13868970348026408,0.4631908048042903,0.6018902473564954
54.625,0.6025580092139114,0.13887589057901786,0.46368207179824805,0.6025676925981873
54.75,0.6032376015654504,0.1390622369961251,0.4641753686260426,0.6032473092900302
54.875,0.6039209740399594,0.1392487442067558,0.46467220586169217,0.6039307024169184
55.0,0.6046058677834687,0.13943542696260924,0.4651704120550456,0.6046156061178247
55.125,0.6052909459232203,0.1396222646113064,0.46566866545383717,0.6053007930513595
55.25,0.6059750559826992,0.1398085903760345,0.46616644679824804,0.6059848470543807
55.375,0.6066511448056316,0.13998798874272633,0.46666309521214533,0.6066609233383686
55.5,0.6073281095107156,0.1401681792756757,0.4671598852423568,0.6073379909365559
55.625,0.6080085316453455,0.1403485409283381,0.4676599796532329,0.608018457326284
55.75,0.608691258733006,0.1405290707503736,0.468162151103384,0.6087011895770392
55.875,0.6093743085140908,0.14070976579144234,0.46866455858072537,0.609384252265861
56.0,0.6100582802763879,0.14089062900188418,0.4691676269341997,0.6100682118580061
56.125,0.6107455711710489,0.14107165743135924,0.46967390525746255,0.6107555702416918
56.25,0.6114324932732251,0.1412528673067369,0.4701795699100305,0.611442503776435
56.375,0.6121168799270676,0.14143159152076634,0.4706852345625985,0.6121268882175227
56.5,0.6127960112880004,0.14160507298083055,0.4711908992151665,0.6128060800604229
56.625,0.613478000790691,0.14177868130550955,0.47169925457770423,0.6134881042296072
56.75,0.6141620647511093,0.14195245189888192,0.47220963977407887,0.6141722526435045
56.875,0.6148461748105882,0.14212637000924822,0.47271978894326316,0.6148563066465257
57.0,0.6155287175020062,0.1423004577641576,0.473228238716677,0.6155388500755287
57.125,0.6162113984906061,0.14247470631259038,0.47373668849009093,0.6162216295317221
57.25,0.6168963844322366,0.14264911122903676,0.47424721530277975,0.6169066276435046
57.375,0.6175866256667768,0.14282362088254882,0.47476298191909394,0.6175968655589124
57.5,0.6182760832172867,0.14299440425679355,0.47528167527256826,0.6182863481873112
57.625,0.6189624521307354,0.14316185522214475,0.47580055744779487,0.6189727624622356
57.75,0.619648728846063,0.14332945075415005,0.4763192508012692,0.619659035120846
57.875,0.6203336686886329,0.1434971716756002,0.4768364807861635,0.6203440332326284
58.0,0.6210190234227483,0.14366501356098538,0.47735394679824805,0.6210293617824774
58.125,0.6217052540390153,0.14383296608411605,0.47787226250821785,0.6217156344410876
58.25,0.6223957718679192,0.14400105284771123,0.4783946850912994,0.6224061555891238
58.375,0.6230865662911867,0.14416925467456168,0.47891729649613324,0.6230970071752265
58.5,0.6237798500637274,0.14433754206126861,0.47944231537830845,0.6237903606495468
58.625,0.6244677402461764,0.1444975109646863,0.4799702137922057,0.6244782382930514
58.75,0.6251500063432307,0.14465323432901786,0.4804967432483991,0.6251605929003021
58.875,0.6258325951337094,0.14480905800490532,0.4810235087317828,0.6258431363293051
59.0,0.6265193328396431,0.1449649569144597,0.48155438108827825,0.6265299282477341
59.125,0.627207361319274,0.14512131902737513,0.4820860087317828,0.6272179947129909
59.25,0.6278963117801171,0.14527848068239776,0.4826177779916015,0.6279069108761329
59.375,0.6285854927362632,0.14543569101802845,0.4831497360731725,0.6285961102719033
59.5,0.6292743509989851,0.14559296036045669,0.48368131651123897,0.6292850736404834
59.625,0.6299615496955249,0.14575025920628373,0.4842112919644112,0.629972290407855
59.75,0.6306531739018835,0.1459075964065292,0.4847456103178855,0.6306639444864048
59.875,0.6313514363729702,0.14606497048602315,0.485286443021813,0.631362254531722
60.0,0.6320499293393599,0.14622238734544535,0.4858275117529308,0.6320607533987915
60.125,0.6327487449991739,0.14637985141030563,0.48636886371667704,0.6327595827039275
60.25,0.6334476989561697,0.146537337602715,0.4869103100912994,0.6334586008308157
60.375,0.6341470217056505,0.146694832646144,0.48745218131486434,0.6341578549848943
60.5,0.634845652969222,0.14685234686678222,0.48799329725142027,0.634856589879154
60.625,0.6355494012285215,0.14701105892541136,0.48853833123933565,0.6355603285498489
60.75,0.636253379983124,0.14716974148064174,0.4890836012544414,0.6362643504531722
60.875,0.6369473552415739,0.1473182188102301,0.4896291072967375,0.6369583648036253
61.0,0.6376346922352955,0.1474597082598147,0.4901749909825381,0.6376457231873112
61.125,0.6383266852341389,0.1476011210005624,0.49072554800670726,0.6383377549093655
61.25,0.6390193697188916,0.14774245113179355,0.4912769075233236,0.6390304947129909
61.375,0.6397162953172205,0.1478837215186421,0.4918325627348039,0.6397273885951662
61.5,0.6404123911324585,0.14802491003355903,0.4923874154538372,0.6404234799848942
61.625,0.6411086713439388,0.14816602110205412,0.49294259861093687,0.6411198546072507
61.75,0.6418051820507222,0.14830703185899333,0.493498112206103,0.6418163708459215
61.875,0.6425027530358998,0.14844881044188607,0.49405390903389756,0.6425139728096677
62.0,0.6432048417290172,0.1485909408528094,0.494613859940242,0.6432160592900302
62.125,0.6439109871394685,0.1487329259594937,0.4951780593360124,0.6439222998489426
62.25,0.6446193453048291,0.14887476354918402,0.4957446190036861,0.644630711858006
62.375,0.6453261822011895,0.14901644993395555,0.4963097153027798,0.6453375188821753
62.5,0.646032788602247,0.14915794233388002,0.49687485880731147,0.6460441842900302
62.625,0.6467395333004862,0.14929925992616666,0.4974402855444716,0.6467509913141994
62.75,0.6474465545930891,0.1494403791080964,0.49800613713057434,0.6474579871601208
62.875,0.6481589694757837,0.14958130430517913,0.498577606163807,0.64817041163142
63.0,0.6488760864626605,0.14972214099206546,0.4991539373571604,0.6488875566465256
63.125,0.6495941715298102,0.149864095120181,0.49973007972876166,0.6496056929758308
63.25,0.6502978275909885,0.14999160659700314,0.5003062221003628,0.6503093844410877
63.375,0.650998487213227,0.15011611610299821,0.500882317266526,0.6510100075528701
63.5,0.651699192934526,0.15024029295817196,0.5014588372816318,0.6517108194864049
63.625,0.6523997603586433,0.1503641511766387,0.5020355933239278,0.6524113481873112
63.75,0.6531086256136707,0.15048768485771877,0.5026208935505139,0.6531202794561933
63.875,0.653819288732062,0.15061087187386302,0.5032083652272511,0.653831004531722
64.0,0.654530090147635,0.15073371074990155,0.5037963561638069,0.6545418240181269
64.125,0.6552410298603899,0.1508562073865141,0.5043848191547435,0.655252785120846
64.25,0.6559528454552964,0.15097976762065307,0.5049730461184897,0.6559645487160121
64.375,0.6566636468708695,0.15110299815431052,0.505560612206103,0.656675415407855
64.5,0.6573784128056552,0.15122581711555488,0.5061526156048946,0.6573902945619335
64.625,0.6580980191418051,0.1513482333554057,0.5067498116018734,0.6581099414652568
64.75,0.6588204375206523,0.15147025129937286,0.5073501231577646,0.6588323262839879
64.875,0.6595429941966815,0.15159184365681241,0.5079511427952269,0.6595548999244712
65.0,0.6602652281792862,0.15171299788877995,0.5085522568435653,0.6602772375377643
65.125,0.6609868628741031,0.15183374497384414,0.5091530876592752,0.6609988670694864
65.25,0.661710157135102,0.1519543467546693,0.5097557594870697,0.6617221487915408
65.375,0.6624396747692834,0.15207568243253938,0.5103640015565561,0.6624517560422961
65.5,0.6631700682856165,0.15219656892116287,0.5109734237619943,0.6631820713746224
65.625,0.6639047490145865,0.1523169737668011,0.5115878025384293,0.6639168712235649
65.75,0.6646388304557685,0.1524369102459835,0.5122018980822359,0.6646509629909365
65.875,0.6653712062317079,0.15255481910408394,0.5128163712695472,0.6653834025679758
66.0,0.6660902593791305,0.15265871089741853,0.5134315053329912,0.6661024830060422
66.125,0.6668155819987963,0.15276206425372518,0.514053484184955,0.6668277945619335
66.25,0.6675405358259772,0.15286487253473915,0.5146756046532329,0.6675527756797583
66.375,0.6682662272381278,0.15296797068664628,0.5152982443813297,0.6682785592900302
66.5,0.6689949611882788,0.15307104228549445,0.5159239052574626,0.6690073168429003
66.625,0.6697292731247639,0.1531735311922165,0.5165557500459822,0.6697416918429003
66.75,0.670465014132128,0.15327542781820783,0.5171895302574625,0.6704773885951661
66.875,0.6712009395357346,0.15337671151108923,0.5178242073722662,0.6712133685800604
67.0,0.6719370493355835,0.1534774080863347,0.5184596397740788,0.6719494901812689
67.125,0.6726761094753115,0.15357751238084943,0.5190985653783085,0.6726885385196375
67.25,0.6734161837943731,0.1536770251322184,0.5197391431728704,0.6734287197885196
67.375,0.6741575949861924,0.15377602009893857,0.5203814675686408,0.6741701283987915
67.5,0.6749043536690427,0.15387564422563796,0.5210287013299701,0.674916918429003
67.625,0.6756535556021054,0.15397462149031885,0.5216789090338976,0.6756661631419939
67.75,0.67640667595532,0.15407297660207772,0.5223336956653175,0.6764193259063445
67.875,0.6771593353179286,0.15417065829875917,0.5229886711184897,0.6771720638217522
68.0,0.6779115797889917,0.154267696083762,0.5236438353934142,0.6779242824773414
68.125,0.6786654838262368,0.15436409622655847,0.5243014071456801,0.678678294939577
68.25,0.6794244126610886,0.15445985798956355,0.5249645491396377,0.6794372167673716
68.375,0.6801868450245468,0.15455497141538022,0.5256317980067072,0.6801996790030211
68.5,0.680951674539157,0.15464991667182376,0.5263017847891845,0.6809645959214502
68.625,0.6817171955396761,0.15474470482266872,0.5269724796532329,0.681730126510574
68.75,0.6824883867246507,0.15483879890605715,0.5276495472514202,0.6825013217522659
68.875,0.6832534006355032,0.15492558352239494,0.5283277477801211,0.683266333081571
69.0,0.6840087798426879,0.15500164992274426,0.5290071284447737,0.6840218089123867
69.125,0.6847648505357817,0.15507707204262247,0.529687736450816,0.6847778984138972
69.25,0.6855285275738765,0.15515233115622235,0.5303761805595774,0.6855415879909366
69.375,0.686297459904881,0.1552271739031068,0.5310702893209066,0.6863105645770393
69.5,0.687065746849037,0.1553013458164612,0.531764398082236,0.687078833081571
69.625,0.6878348174772234,0.15537485869764514,0.5324599230067073,0.687847998489426
69.75,0.6886112639551076,0.15544770258926144,0.533163567266526,0.6886244335347432
69.875,0.6893883558198405,0.15551986347719574,0.5338685332786106,0.6894016238670695
70.0,0.6901668306563916,0.1555918469759448,0.5345749626592752,0.6901800887462236
70.125,0.6909464579694581,0.1556633163779699,0.5352830914357103,0.6909597337613294
70.25,0.6917344753115559,0.1557340954004633,0.5360003308616922,0.6917477813444108
70.375,0.6925267798662906,0.1558041785115377,0.5367226212695472,0.6925401718277946
70.5,0.6933197298078738,0.15587357972530752,0.5374460446079157,0.6933330815709969
70.625,0.6941150769006089,0.15594231010554732,0.5381727251215109,0.6941284932024169
70.75,0.694917431050557,0.15601078343742517,0.5389066280671302,0.6949309384441088
70.875,0.6957207071817173,0.15607878950922463,0.5396418527650154,0.6957342333836858
71.0,0.6965237528175746,0.1561461339673062,0.5403775495172812,0.6965372450906344
71.125,0.6973310856660687,0.15621281275495252,0.5411182500459821,0.6973446941087613
71.25,0.6981480532182307,0.15627883546076823,0.5418692413601816,0.6981617258308157
71.375,0.6989680633083931,0.15634421425490533,0.542623820287674,0.6989817314954683
71.5,0.6997895946675557,0.15640914607255071,0.5433804290490033,0.699803294939577
71.625,0.7006176720933252,0.15647377142364116,0.5441438353934142,0.700631372734139
71.75,0.7014487459580344,0.15653773442342875,0.5449110181728704,0.7014625660876133
71.875,0.7022814793889256,0.15660104466051805,0.5456803724024777,0.7022953172205438
72.0,0.7031156418906958,0.15666370139732413,0.5464518980822359,0.7031294845166163
72.125,0.7039570419449821,0.15672571274728164,0.5472313070701513,0.7039709686555892
72.25,0.7048066937311178,0.15678708977416514,0.5480195906804233,0.7048206193353475
72.375,0.7056594341543145,0.15684822007887625,0.5488111786713599,0.7056733855740182
72.5,0.706519227733785,0.15690882079757904,0.5496104139432632,0.7065332326283988
72.625,0.707380588681316,0.15696878239890552,0.5504117734598795,0.7073946374622356
72.75,0.7082454070583931,0.1570281207409325,0.5512171926441695,0.7082594882930514
72.875,0.7091176473842287,0.1570868439370947,0.5520308255746831,0.7091317975830815
73.0,0.7099964337766711,0.15714496157599672,0.5528514921154686,0.7100106684290031
73.125,0.7108817201366597,0.15720249431001768,0.5536792394719641,0.7108959592145015
73.25,0.7117731837707704,0.15725976852050672,0.5545133595625985,0.7117874339123867
73.375,0.7126661686738812,0.15731650576913778,0.555349603897946,0.7126804663897282
73.5,0.7135666677238718,0.15737265977245396,0.5561940147740788,0.7135810517371601
73.625,0.714472191571469,0.1574282355091538,0.5570439486864656,0.7144866408610272
73.75,0.7153839848913095,0.15748324404301192,0.557900727387372,0.7153985083081571
73.875,0.7163070263819392,0.15753769680659527,0.5587693074477948,0.7163215634441088
74.0,0.7172323728255995,0.15759157388510972,0.5596408142453779,0.7172469316465256
74.125,0.7181627901659271,0.15764501689486946,0.5605177496683387,0.7181773508308157
74.25,0.7191038102901954,0.15769811231771216,0.5614056367529309,0.7191183912386707
74.375,0.7200483339430702,0.15775065344545008,0.5622976307106348,0.7200629720543806
74.5,0.7210041518657949,0.15780265447659386,0.5632014732332934,0.7210188821752266
74.625,0.7219679449260055,0.1578541148579548,0.5641138127348039,0.7219827228096677
74.75,0.7229353798120044,0.15790505800785568,0.5650302591094263,0.7229501510574018
74.875,0.7239149848500047,0.1579554901957687,0.5659594509523266,0.7239298055135952
75.0,0.7249004905677634,0.15800541068410898,0.5668950155293658,0.7249154078549849
75.125,0.7258930033427351,0.15805488327397632,0.5678380857710577,0.7259079493957704
75.25,0.7268999451236783,0.15810407170923407,0.5687958369039883,0.7269149358006042
75.375,0.727912879782501,0.1581527814518464,0.569760102387372,0.7279279645015105
75.5,0.7289373853055372,0.15820101231741712,0.5707363580520245,0.7289525113293052
75.625,0.7299712489378777,0.15824878495832537,0.571722479653233,0.7299864048338368
75.75,0.7310108749527946,0.15829607650943706,0.572714785166828,0.7310260574018127
75.875,0.7320582917089549,0.1583353073632064,0.5737229989130517,0.7320735932779456
76.0,0.7331117013429947,0.15837333484709754,0.5747383878858613,0.7331270298338368
76.125,0.7341816144407336,0.15841095868761398,0.5757706292000607,0.7341969882930514
76.25,0.7352637898885952,0.15844819492722878,0.5768155687771,0.7352791729607251
76.375,0.7363534794833365,0.15848516434548077,0.5778682500459822,0.7363689577039275
76.5,0.7374629455750803,0.15852179760938276,0.5789411352423568,0.7374785215256797
76.625,0.7385775747616126,0.15855805968364872,0.5800195434749852,0.7385932779456194
76.75,0.7397095371949348,0.1585939586817133,0.5811155593360124,0.7397252171450152
76.875,0.740861230026199,0.15862949478797272,0.5822317319190939,0.7408769826283987
77.0,0.7420237100376463,0.15866468026477717,0.5833590449855592,0.7420395109516617
77.125,0.7432076722113388,0.1586995239631462,0.5845081197589731,0.7432235177492447
77.25,0.744399379027214,0.15873404008159056,0.5856653610731725,0.7444153134441087
77.375,0.7456132133921828,0.1587682334144125,0.5868449305595773,0.7456292012839879
77.5,0.7468432746264869,0.1588021250749818,0.5880411163601815,0.746859327794562
77.625,0.748097814461976,0.158835716999459,0.5892620378103326,0.7481139539274925
77.75,0.7493733293700434,0.1588690370316767,0.5905042489130516,0.7493894920694864
77.875,0.7506607839348093,0.15890216363223608,0.5917585918133538,0.7506770203927492
78.0,0.7519754369453361,0.15893502156747025,0.5930404082786106,0.7519917862537764
78.125,0.7533121253068353,0.1589676134189265,0.5943444585051967,0.7533284554380665
78.25,0.7546709873164889,0.15899995338511563,0.5956709785203024,0.7546874055891238
78.375,0.756060643498631,0.1590320539127839,0.597028606919094,0.7560771808912387
78.5,0.7574764839472007,0.1590639229309698,0.5984125287468886,0.7574930608006042
78.625,0.7589184164640767,0.15909557242542907,0.5998228384145622,0.7589350925226586
78.75,0.7603928027196233,0.15912701548829492,0.6012657670399398,0.7604095071752266
78.875,0.7618972455626888,0.1591582610627851,0.6027389543511181,0.761914086102719
79.0,0.7634347875312736,0.15918931486518312,0.6042455159070094,0.7634517560422961
79.125,0.7650176448764398,0.15922017873945143,0.6057974418888825,0.7650346487915408
79.25,0.7666478459568542,0.15925085655791113,0.6073969509523266,0.7666649358006042
79.375,0.7683157560688492,0.15928135145529831,0.6090343187771,0.7683329399546828
79.5,0.7700280595762132,0.1593116795662842,0.6107163429462843,0.7700453644259819
79.625,0.7717968344328267,0.1593418548127851,0.6124549192302722,0.7718141521903323
79.75,0.7736089885054759,0.1593718019611341,0.6142371605444716,0.7736264633685801
79.875,0.775490014574679,0.15940149565684783,0.6160884634145622,0.7755075056646525
80.0,0.7774258985260102,0.15943095438564964,0.6179949494417526,0.7774435895015106
80.125,0.7794493706925038,0.1594601870446582,0.6199891431728703,0.7794671450151057
80.25,0.7815288071185801,0.15948918759489658,0.6220395585807253,0.7815466861782477
80.375,0.7837007182602436,0.15951673547153697,0.6241840072212088,0.783718797205438
80.5,0.7859701750141617,0.1595421521886053,0.6264280593360124,0.7859883874622356
80.625,0.7883493475323358,0.15956561559627735,0.6287837051064051,0.7883676359516616
80.75,0.790848193211858,0.1595872709065941,0.631260904879819,0.7908665974320241
80.875,0.7934871800356401,0.1596072594131763,0.6338799569946226,0.7935058534743202
81.0,0.7962919390813822,0.15962571314373358,0.6366662107710577,0.7963108006042297
81.125,0.7992911439647847,0.15964298046886694,0.6396480838828402,0.7993100453172205
81.25,0.8025081208105174,0.15965935047578547,0.6428488014054988,0.8025272847432025
81.375,0.8060161671249528,0.15967487779187603,0.6463412485354082,0.806035498489426
81.5,0.8098842471027662,0.15968960708712834,0.6501946284447737,0.8099037953172206
81.625,0.8142189417720922,0.1597035794358054,0.6545154366018734,0.8142388595166163
81.75,0.8191653709757364,0.1597168385398167,0.6594484992906952,0.819185422960725
81.875,0.8250212424471299,0.15972942012593416,0.6652917772363145,0.8250417296072508
82.0,0.8323721064541635,0.15974136420814244,0.6726307122816317,0.8323930324773414
82.125,0.841358104141097,0.1597526987685713,0.6816054101668281,0.8413796261329305
82.25,0.8528256142607629,0.15976346432829502,0.6930620755746831,0.8528477152567976
82.375,0.8585901173940238,0.15977368255387212,0.6988165128858613,0.8586126321752265
82.5,0.8589895196551642,0.15978338589904123,0.6992061465716619,0.8590120845921451
82.625,0.8593891985106684,0.15979260225373404,0.6995965355444717,0.8594117258308157
82.75,0.859788231979324,0.1598013520398344,0.6999869245172813,0.8598108950151058
82.875,0.8601873576461009,0.1598096623866395,0.7003776911335955,0.8602099697885196
83.0,0.8605933059738482,0.15981755929401945,0.7007757273873719,0.8606159365558912
83.125,0.8610001762828078,0.15982505682218784,0.7011749909825381,0.8610227530211481
83.25,0.861407323186131,0.1598321825153333,0.7015751042755894,0.8614299471299094
83.375,0.8618150232781816,0.15983894829006307,0.701976067266526,0.8618378021148037
83.5,0.862229638229324,0.15984538120652567,0.7023842054840487,0.8622523602719033
83.625,0.8626458205485272,0.15985149447210198,0.702794231919094,0.8626685234138973
83.75,0.8630619106696091,0.15985730134027193,0.7032045415867677,0.8630846865558912
83.875,0.8634782773850548,0.15986282214072128,0.703615323308822,0.8635010385196374
84.0,0.8639013745633497,0.1598680689053048,0.7040332802574626,0.8639242824773414
84.125,0.8643265922984328,0.1598730546800567,0.7044535030671302,0.8643495090634441
84.25,0.8647523632222432,0.15987779334079413,0.7048745755746831,0.8647753021148036
84.375,0.8651790561272659,0.1598822974495112,0.7052966866018734,0.8652020392749245
84.5,0.8656124794951379,0.15988657956820193,0.7057258784447737,0.8656354796072507
84.625,0.8660477468254343,0.15989064774115233,0.7061570529160728,0.8660708081570997
84.75,0.8664834751463368,0.1598945193016092,0.706588982674381,0.8665066087613293
84.875,0.8669204020428153,0.15989819514850426,0.7070221397740789,0.8669435422960725
85.0,0.8673659955626888,0.15990169468954202,0.7074641714961333,0.8673890672205438
85.125,0.8678127876581382,0.15990509403427153,0.7079077137922057,0.8678360083081571
85.25,0.868260962725406,0.15990844995368594,0.7083525778405441,0.8682841767371601
85.375,0.8687119037363105,0.15991176228643855,0.7088000853934142,0.8687351774924471
85.5,0.8691701283987915,0.159915031147777,0.7092551458163749,0.8691934478851964
85.625,0.8696291828443636,0.15991826264582684,0.7097109615263447,0.8696525679758308
85.75,0.8700896202617542,0.15992145058026438,0.7101680989885804,0.8701130098187311
85.875,0.8705552207739331,0.1599246012205619,0.7106305234598794,0.8705784554380664
86.0,0.871027367352719,0.15992770852774243,0.7110995566925079,0.8710506986404833
86.125,0.8715008969033232,0.1599307784485848,0.7115701004991544,0.8715243580060423
86.25,0.8719760860201096,0.15993381105223764,0.7120422492906952,0.8719996223564954
86.375,0.8724585587884724,0.15993680636175042,0.7125217621305743,0.8724821563444108
86.5,0.8729449038779268,0.15993976437712315,0.713005145816375,0.8729685611782477
86.625,0.8734328163354419,0.1599426853519007,0.7134900400761937,0.8734563821752266
86.75,0.8739222039628965,0.15994556889424102,0.7139766337317828,0.8739459025679759
86.875,0.8744228397611404,0.15994841511939178,0.7144743678707556,0.8744465634441088
87.0,0.874925780512415,0.15995122423479877,0.7149744622816318,0.8749493957703928
87.125,0.8754304730279928,0.15995400216419123,0.7154764449100305,0.8754542107250756
87.25,0.8759394066571469,0.1599567429838399,0.7159826760278553,0.8759632741691843
87.375,0.8764558083341201,0.15995944653239808,0.7164962711940185,0.8764796072507552
87.5,0.8769739617753965,0.15996211898713986,0.7170119433994565,0.8769980173716012
87.625,0.877498753481401,0.15996476039416432,0.7175339411335955,0.877522753021148
87.75,0.8780295380652852,0.15996736464534594,0.718062075574683,0.8780534365558912
87.875,0.8785623510078361,0.15996993787185976,0.7185923814659217,0.8785864803625377
88.0,0.8791046603568731,0.15997248023505248,0.7191321284447737,0.8791287764350453
88.125,0.8796511186213651,0.1599749913891812,0.7196761239130517,0.8796753209969789
88.25,0.8801996974426454,0.1599774653644175,0.7202221964206046,0.8802239425981873
88.375,0.8807587868497451,0.15997990843023369,0.7207789373571605,0.8807830438066465
88.5,0.8813206422004815,0.15998232657950762,0.7213383217982481,0.8813449773413897
88.625,0.8818893202121885,0.15998471391155952,0.7219045038224172,0.8819136140483383
88.75,0.8824662038566843,0.15998707008064644,0.7224790884145622,0.8824905589123867
88.875,0.8830460378410593,0.15998939527116465,0.7230565997438674,0.8830704305135951
89.0,0.883636474609375,0.15999168957531223,0.7236447795021755,0.8836610649546828
89.125,0.8842316134818731,0.1599939589859671,0.7242376798042903,0.8842562311178248
89.25,0.8848309934679475,0.15999619753330088,0.724834734184955,0.8848556457703928
89.375,0.8854430967947508,0.1599984112908648,0.7254446284447738,0.8854677114803625
89.5,0.8860587958482817,0.16000059403528571,0.7260582047287616,0.8860834592145015
89.625,0.8866839913082987,0.16000275210518444,0.7266811276894867,0.8867086480362538
89.75,0.8873183143823169,0.1600048790927915,0.727313397326949,0.8873430891238671
89.875,0.8879566019755476,0.16000698135977737,0.7279496322212088,0.887981495468278
90.0,0.8886086270888406,0.1600090588946172,0.7285995566925079,0.8886336858006042
90.125,0.889265354306316,0.16001110549698735,0.7292542017076136,0.8892903134441088
90.25,0.8899314857321563,0.16001312730958767,0.7299183822212088,0.8899565709969789
90.375,0.8906104326968467,0.16001512439004195,0.7305953082030818,0.8906355740181269
90.5,0.8912944505582043,0.16001709668072642,0.7312773323722662,0.8913196752265861
90.625,0.8919952484776246,0.1600190443545125,0.7319761616774021,0.8920204871601208
90.75,0.8927032378505004,0.1600209671809049,0.7326822606200003,0.8927285687311178
90.875,0.893420262639256,0.16002286529820084,0.7333974230067073,0.8934456193353474
91.0,0.8941512093443165,0.16002473868335074,0.7341264637922057,0.8941766427492447
91.125,0.8948885177197413,0.16002659345600492,0.7348619245172813,0.8949139916918429
91.25,0.8956466628705627,0.16002842347346355,0.7356182500459821,0.8956722054380665
91.375,0.8964131058522942,0.160030229012321,0.7363827893209066,0.8964386329305136
91.5,0.89719494592027,0.1600320157542865,0.7371628119795169,0.8972205438066465
91.625,0.8979919064801265,0.16003377782172978,0.7379581292000608,0.898017749244713
91.75,0.8987962428896809,0.16003551520312612,0.7387607160580668,0.8988220354984894
91.875,0.8996237210276624,0.1600372340527001,0.7395864335807254,0.8996495468277945
92.0,0.9004598657890389,0.16003892823927665,0.7404209313148643,0.900485743957704
92.125,0.9013203508544184,0.16004060379030793,0.7412797870550456,0.9013463935045317
92.25,0.9021954032229513,0.16004225471291608,0.7421530876592752,0.9022214879154079
92.375,0.9030909235743958,0.16004388711522666,0.7430470642453779,0.9031170694864048
92.5,0.904005344540691,0.1600455009050415,0.7439598285958311,0.9040315332326284
92.625,0.9049353469894732,0.1600470900664332,0.7448882651517224,0.9049617635951661
92.75,0.9058946684408044,0.16004866075362637,0.7458459690792149,0.9059210725075528
92.875,0.9068668054309856,0.16005021285137333,0.7468166072967375,0.9068933157099698
93.0,0.9078725025372923,0.16005174647492176,0.7478207613752873,0.9078990747734139
93.125,0.9089026321457232,0.1600532615435983,0.7488493678707556,0.9089292862537764
93.25,0.9099535985295506,0.16005475804587818,0.7498988391698492,0.9099803625377644
93.375,0.9110362810670789,0.16005623615463285,0.7509800325233236,0.9110631608761329
93.5,0.9121498499752172,0.16005769574308995,0.7520920982332934,0.9121767371601208
93.625,0.9132936598671167,0.16005913677667516,0.7532345642453779,0.9133207137462236
93.75,0.9144710298751416,0.16006055932453703,0.7544104517076136,0.9144981117824773
93.875,0.9156903500283232,0.16006196337515086,0.7556282575988522,0.9157175226586103
94.0,0.9169488543830249,0.16006334894004137,0.7568855272363145,0.9169762084592145
94.125,0.9182530890058535,0.16006471600768382,0.7581883029160729,0.9182804003021148
94.25,0.9196050822554759,0.16006606467027631,0.7595390393209066,0.919632741691843
94.375,0.9210153447177115,0.16006740085154814,0.7609479328254384,0.9210429569486405
94.5,0.9224866423361971,0.1600687185931957,0.7624179101668281,0.9225144448640483
94.625,0.9240091099119618,0.16007001796436765,0.7639390582030818,0.924036914652568
94.75,0.9256016480598565,0.1600713048657437,0.7655302591094263,0.9256296261329305
94.875,0.9272517178353946,0.160072573350545,0.767179145061088,0.927279833836858
95.0,0.9290015459780967,0.16007382340724685,0.7689277288979459,0.929029833836858
95.125,0.9308251326177776,0.16007506101720234,0.7707499532181876,0.9308533799093656
95.25,0.9327704207774735,0.16007628025668216,0.7726941563903931,0.932798999244713
95.375,0.9348304033999717,0.1600774871992376,0.7747528799553477,0.9348590445619336
95.5,0.9370059102683629,0.1600786757136935,0.7769271624326891,0.9370347432024169
95.625,0.9393384305371979,0.1600798517698783,0.7792585446079157,0.9393675415407855
95.75,0.9418674250023603,0.1600810155867625,0.7817863014054988,0.9418966200906345
95.875,0.9446248864119147,0.16008216094097294,0.7845425325233236,0.9446542673716012
96.0,0.9476271338333176,0.16008329399825894,0.7875437598647133,0.9476567220543807
96.125,0.950974755416824,0.1600844147125215,0.7908903421909973,0.9510047205438067
96.25,0.9547664953502644,0.1600855169698726,0.7946809388677345,0.9547966389728096
96.375,0.9591329061732912,0.16008660699368554,0.7990462145474928,0.9591633308157099
96.5,0.9643475397115747,0.1600876847148117,0.8042598663601815,0.9643784932024169
96.625,0.9709585137957892,0.1600887500007162,0.8108697606200003,0.9709898980362538
96.75,0.9801032766474698,0.16008979702563036,0.8200133595625985,0.9801352907854984
96.875,0.9926367814447224,0.1600908316902339,0.8325459313148643,0.992669750755287
97.0,0.9998834615747734,0.16009185405791299,0.8397915884145623,0.9999170128398791
97.125,0.9998844757541069,0.16009286411714288,0.8397915884145623,0.9999180513595166
97.25,0.9998853977353191,0.16009386187368602,0.8397915884145623,0.9999189954682779
97.375,0.9998865041127738,0.1600948474024533,0.8397915884145623,0.9999201283987915
97.5,0.9998874260939861,0.1600958205881971,0.8397915884145623,0.9999210725075529
97.625,0.9998884402733195,0.16009678150006604,0.8397915884145623,0.9999220166163142
97.75,0.9998893622545317,0.16009773010924816,0.8397915884145623,0.9999229607250756
97.875,0.9998903764338651,0.160098666438793,0.8397915884145623,0.9999239048338369
98.0,0.9998912062169562,0.16009959050598774,0.8397915884145623,0.9999248489425981
98.125,0.9998921281981684,0.16010050234540663,0.8397915884145623,0.9999257930513595
98.25,0.9998929579812594,0.1601014018936635,0.8397915884145623,0.9999267371601208
98.375,0.999893972160593,0.16010229526464625,0.8397915884145623,0.9999276812688822
98.5,0.999894801943684,0.16010317626955597,0.8397915884145623,0.9999284365558913
98.625,0.9998956317267749,0.16010404511583848,0.8397915884145623,0.9999293806646525
98.75,0.9998965537079871,0.16010490165943417,0.8397915884145623,0.9999303247734139
98.875,0.9998972912929569,0.1601057460213531,0.8397915884145623,0.999931080060423
99.0,0.9998982132741692,0.16010658413108694,0.8397915884145623,0.9999320241691843
99.125,0.9998990430572602,0.16010740997270828,0.8397915884145623,0.9999327794561933
99.25,0.9998998728403512,0.16010822362689045,0.8397915884145623,0.9999337235649547
99.375,0.999900610425321,0.16010903105769944,0.8397915884145623,0.9999344788519637
99.5,0.999901440208412,0.16010982628954454,0.8397915884145623,0.9999352341389728
99.625,0.999902269991503,0.16011060921294043,0.8397915884145623,0.9999360838368581
99.75,0.9999030075764728,0.16011138600516125,0.8397915884145623,0.9999369335347432
99.875,0.9999037451614426,0.16011215059265582,0.8397915884145623,0.9999376888217523
100.0,0.9999044827464124,0.16011290902592576,0.8397915884145623,0.9999384441087613
100.125,0.9999052203313822,0.16011365520837034,0.8397915884145623,0.9999391993957704
100.25,0.9999060501144732,0.16011439519625367,0.8397915884145623,0.9999399546827794
100.375,0.999906787699443,0.16011512300822262,0.8397915884145623,0.9999407099697886
100.5,0.9999075252844127,0.16011584467749174,0.8397915884145623,0.9999414652567976
100.625,0.9999081706712614,0.1601165541535593,0.8397915884145623,0.9999421261329305
100.75,0.9999088160581099,0.1601172574465904,0.8397915884145623,0.9999427870090635
100.875,0.9999096458412009,0.16011794851184563,0.8397915884145623,0.9999435422960725
101.0,0.9999102912280494,0.1601186333537277,0.8397915884145623,0.9999442975830816
101.125,0.999910936614898,0.1601193061118935,0.8397915884145623,0.9999448640483384
101.25,0.9999115820017466,0.1601199726870228,0.8397915884145623,0.9999456193353474
101.375,0.9999122273885952,0.16012063302725416,0.8397915884145623,0.9999462802114804
101.5,0.9999128727754437,0.16012128134715545,0.8397915884145623,0.9999469410876133
101.625,0.9999136103604135,0.1601219234321588,0.8397915884145623,0.9999476019637462
101.75,0.9999141635491409,0.16012255930531372,0.8397915884145623,0.9999482628398791
101.875,0.9999148089359894,0.16012318311203955,0.8397915884145623,0.999948829305136
102.0,0.999915454322838,0.16012380073572885,0.8397915884145623,0.999949584592145
102.125,0.9999160075115653,0.16012441221671833,0.8397915884145623,0.9999501510574018
102.25,0.9999165607002927,0.16012501753772085,0.8397915884145623,0.9999507175226586
102.375,0.9999172060871412,0.16012561072890805,0.8397915884145623,0.9999512839879154
102.5,0.9999178514739898,0.16012619783501922,0.8397915884145623,0.9999520392749245
102.625,0.9999184046627172,0.16012677875233153,0.8397915884145623,0.9999526057401813
102.75,0.9999189578514445,0.16012735354999352,0.8397915884145623,0.9999531722054381
102.875,0.9999195110401718,0.16012792219919333,0.8397915884145623,0.9999537386706948
103.0,0.9999200642288991,0.1601284787185778,0.8397915884145623,0.9999543051359516
103.125,0.9999206174176265,0.16012902915864866,0.8397915884145623,0.9999548716012084
103.25,0.9999211706063539,0.16012957343873252,0.8397915884145623,0.9999554380664653
103.375,0.9999217237950812,0.16013011155306706,0.8397915884145623,0.9999560045317221
103.5,0.9999222769838085,0.160130643634187,0.8397915884145623,0.9999565709969789
103.625,0.9999228301725359,0.16013116961294382,0.8397915884145623,0.9999570430513595
103.75,0.999923291163142,0.16013168944323844,0.8397915884145623,0.9999575151057402
103.875,0.9999238443518693,0.16013220311930845,0.8397915884145623,0.999958081570997
104.0,0.9999243053424755,0.16013271072182722,0.8397915884145623,0.9999586480362538
104.125,0.9999248585312028,0.1601332123055374,0.8397915884145623,0.9999591200906345
104.25,0.9999254117199301,0.16013370770044869,0.8397915884145623,0.9999595921450151
104.375,0.9999258727105362,0.16013419695554135,0.8397915884145623,0.9999601586102719
104.5,0.9999263337011424,0.16013468014284515,0.8397915884145623,0.9999606306646526
104.625,0.9999267946917485,0.1601351572940532,0.8397915884145623,0.9999611027190333
104.75,0.9999272556823546,0.16013562828527428,0.8397915884145623,0.9999616691842901
104.875,0.9999277166729608,0.16013609315972627,0.8397915884145623,0.9999620468277945
105.0,0.9999281776635669,0.16013655196350818,0.8397915884145623,0.9999626132930514
105.125,0.9999286386541729,0.1601370047196696,0.8397915884145623,0.9999629909365559
105.25,0.9999290074466578,0.16013745133601237,0.8397915884145623,0.9999634629909365
105.375,0.9999295606353852,0.1601378918154177,0.8397915884145623,0.9999639350453172
105.5,0.9999300216259913,0.16013832627601446,0.8397915884145623,0.9999643126888218
105.625,0.9999303904184762,0.16013875467170352,0.8397915884145623,0.9999648791540785
105.75,0.9999307592109611,0.16013917693045515,0.8397915884145623,0.9999652567975831
105.875,0.9999312202015672,0.16013959305803172,0.8397915884145623,0.9999656344410877
106.0,0.9999315889940521,0.16014000318696803,0.8397915884145623,0.9999660120845921
106.125,0.9999320499846582,0.16014041325828052,0.8397915884145623,0.9999665785498489
106.25,0.9999324187771431,0.1601408172704477,0.8397915884145623,0.9999669561933535
106.375,0.999932787569628,0.16014121515432106,0.8397915884145623,0.999967333836858
106.5,0.9999332485602341,0.16014160690125695,0.8397915884145623,0.9999677114803626
106.625,0.999933617352719,0.16014199263226542,0.8397915884145623,0.999968089123867
106.75,0.9999339861452039,0.16014237236463363,0.8397915884145623,0.9999684667673716
106.875,0.9999343549376888,0.1601427519442987,0.8397915884145623,0.9999688444108761
107.0,0.9999347237301737,0.16014312547634327,0.8397915884145623,0.9999692220543807
107.125,0.9999350925226587,0.16014349298957922,0.8397915884145623,0.9999695996978852
107.25,0.9999354613151435,0.16014385440621443,0.8397915884145623,0.9999699773413897
107.375,0.9999358301076284,0.16014421575370102,0.8397915884145623,0.9999703549848943
107.5,0.9999361989001133,0.16014457110254737,0.8397915884145623,0.9999707326283988
107.625,0.9999365676925982,0.16014492031733746,0.8397915884145623,0.9999711102719033
107.75,0.9999368442869618,0.16014526344993274,0.8397915884145623,0.9999714879154079
107.875,0.999937305277568,0.16014560659981517,0.8397915884145623,0.9999718655589124
108.0,0.9999375818719316,0.16014594364445328,0.8397915884145623,0.999972243202417
108.125,0.9999379506644165,0.16014627461265893,0.8397915884145623,0.9999724320241692
108.25,0.9999382272587802,0.1601466056183201,0.8397915884145623,0.9999728096676738
108.375,0.9999385960512651,0.16014693050433093,0.8397915884145623,0.9999731873111782
108.5,0.9999388726456288,0.16014724931679056,0.8397915884145623,0.9999735649546828
108.625,0.9999392414381136,0.1601475681494185,0.8397915884145623,0.999973753776435
108.75,0.9999395180324774,0.16014788087968332,0.8397915884145623,0.9999741314199396
108.875,0.999939794626841,0.1601481875623276,0.8397915884145623,0.9999745090634441
109.0,0.9999400712212047,0.1601484942478531,0.8397915884145623,0.9999747922960726
109.125,0.9999403478155684,0.16014879483677782,0.8397915884145623,0.9999750755287009
109.25,0.9999407166080533,0.16014908936079486,0.8397915884145623,0.9999754531722055
109.375,0.9999410854005382,0.16014938391074265,0.8397915884145623,0.9999756419939577
109.5,0.9999413619949018,0.1601496724188323,0.8397915884145623,0.9999760196374622
109.625,0.9999416385892654,0.16014996083472383,0.8397915884145623,0.9999763028700906
109.75,0.9999419151836292,0.16015024316265816,0.8397915884145623,0.999976586102719
109.875,0.9999421917779928,0.1601505195294077,0.8397915884145623,0.9999768693353475
110.0,0.9999424683723565,0.1601507958241275,0.8397915884145623,0.9999771525679758
110.125,0.999942652768599,0.16015106616918726,0.8397915884145623,0.9999774358006043
110.25,0.9999429293629626,0.16015133635001913,0.8397915884145623,0.9999777190332326
110.375,0.9999432059573263,0.1601516005754286,0.8397915884145623,0.9999779078549849
110.5,0.99994348255169,0.1601518647201647,0.8397915884145623,0.9999782854984894
110.625,0.9999437591460536,0.160152122918122,0.8397915884145623,0.9999784743202417
110.75,0.9999439435422961,0.1601523809518514,0.8397915884145623,0.9999788519637463
110.875,0.9999442201366597,0.16015263304744554,0.8397915884145623,0.9999790407854985
111.0,0.9999444967310234,0.16015288505948513,0.8397915884145623,0.9999792296072507
111.125,0.9999446811272659,0.1601531311247459,0.8397915884145623,0.9999796072507553
111.25,0.9999450499197508,0.16015337702865998,0.8397915884145623,0.9999797960725075
111.375,0.9999453265141144,0.16015361698867642,0.8397915884145623,0.9999799848942598
111.5,0.9999455109103569,0.16015385689683143,0.8397915884145623,0.9999803625377643
111.625,0.9999456953065993,0.16015409084956403,0.8397915884145623,0.9999805513595166
111.75,0.999945971900963,0.16015432463230636,0.8397915884145623,0.9999807401812689
111.875,0.9999462484953267,0.16015455247979463,0.8397915884145623,0.9999810234138973
112.0,0.9999464328915691,0.1601547802581343,0.8397915884145623,0.9999813066465256
112.125,0.9999466172878115,0.1601550021041011,0.8397915884145623,0.999981495468278
112.25,0.999946801684054,0.16015522379736477,0.8397915884145623,0.9999816842900302
112.375,0.9999470782784177,0.160155439549612,0.8397915884145623,0.9999818731117824
112.5,0.9999472626746602,0.16015565522982947,0.8397915884145623,0.9999821563444109
112.625,0.9999474470709026,0.16015586497767406,0.8397915884145623,0.9999824395770393
112.75,0.9999477236652662,0.16015607456417194,0.8397915884145623,0.9999826283987916
112.875,0.9999479080615087,0.1601562782355841,0.8397915884145623,0.9999828172205438
113.0,0.9999480924577512,0.1601564818666596,0.8397915884145623,0.9999830060422961
113.125,0.9999482768539936,0.16015668544011125,0.8397915884145623,0.9999831948640483
113.25,0.9999484612502361,0.16015688308119005,0.8397915884145623,0.9999833836858006
113.375,0.9999486456464785,0.1601570805666845,0.8397915884145623,0.9999835725075529
113.5,0.9999489222408422,0.16015727212412792,0.8397915884145623,0.9999837613293051
113.625,0.9999491066370846,0.16015746367292774,0.8397915884145623,0.9999839501510575
113.75,0.9999492910333271,0.1601576551439354,0.8397915884145623,0.9999841389728097
113.875,0.9999494754295695,0.16015784069985733,0.8397915884145623,0.9999843277945619
114.0,0.999949659825812,0.16015802609299196,0.8397915884145623,0.9999846110271904
114.125,0.9999498442220544,0.16015820556815968,0.8397915884145623,0.9999847054380665
114.25,0.9999500286182968,0.16015838503180266,0.8397915884145623,0.9999848942598187
114.375,0.9999502130145392,0.16015856442053464,0.8397915884145623,0.999985083081571
114.5,0.9999503974107817,0.16015873789562152,0.8397915884145623,0.9999852719033233
114.625,0.9999505818070241,0.16015891125546072,0.8397915884145623,0.9999854607250755
114.75,0.9999507662032666,0.16015908464699305,0.8397915884145623,0.9999856495468278
114.875,0.9999508584013879,0.1601592520427663,0.8397915884145623,0.99998583836858
115.0,0.9999510427976303,0.16015941940540585,0.8397915884145623,0.9999860271903324
115.125,0.9999512271938727,0.16015958670609978,0.8397915884145623,0.9999862160120846
115.25,0.999951319391994,0.16015974800815347,0.8397915884145623,0.9999864048338368
115.375,0.9999515037882364,0.16015990938223693,0.8397915884145623,0.9999865936555892
115.5,0.9999516881844789,0.16016007059785486,0.8397915884145623,0.9999867824773414
115.625,0.9999518725807213,0.16016022591567422,0.8397915884145623,0.9999868768882175
115.75,0.9999519647788425,0.16016038121044407,0.8397915884145623,0.9999869712990936
115.875,0.999952149175085,0.1601605364418277,0.8397915884145623,0.9999871601208459
116.0,0.9999522413732062,0.1601606857725316,0.8397915884145623,0.9999873489425982
116.125,0.9999524257694486,0.160160834990869,0.8397915884145623,0.9999875377643505
116.25,0.999952610165691,0.16016098425098368,0.8397915884145623,0.9999877265861027
116.375,0.9999527023638123,0.16016112750813633,0.8397915884145623,0.9999877265861027
116.5,0.9999528867600548,0.16016127074656122,0.8397915884145623,0.999987915407855
116.625,0.9999530711562972,0.16016141392736227,0.8397915884145623,0.9999881042296073
116.75,0.9999532555525397,0.16016155111672606,0.8397915884145623,0.9999882930513595
116.875,0.9999533477506609,0.1601616883824414,0.8397915884145623,0.9999883874622356
117.0,0.999953439948782,0.16016182555019626,0.8397915884145623,0.9999884818731117
117.125,0.9999536243450245,0.16016196273956004,0.8397915884145623,0.9999886706948641
117.25,0.9999537165431458,0.16016209394613012,0.8397915884145623,0.9999888595166163
117.375,0.9999539009393882,0.16016222513397246,0.8397915884145623,0.9999888595166163
117.5,0.9999539931375094,0.16016235626275038,0.8397915884145623,0.9999890483383685
117.625,0.9999541775337519,0.16016248141737816,0.8397915884145623,0.9999892371601209
117.75,0.9999542697318731,0.1601626066425951,0.8397915884145623,0.999989331570997
117.875,0.9999543619299943,0.1601627317597674,0.8397915884145623,0.9999894259818731
118.0,0.9999545463262368,0.16016285691151397,0.8397915884145623,0.9999896148036254
118.125,0.999954638524358,0.16016297608190744,0.8397915884145623,0.9999897092145015
118.25,0.9999547307224792,0.16016309524653854,0.8397915884145623,0.9999898036253776
118.375,0.9999548229206005,0.1601632143895607,0.8397915884145623,0.9999899924471299
118.5,0.9999549151187217,0.160163333474959,0.8397915884145623,0.999990086858006
118.625,0.9999550995149641,0.1601634465847666,0.8397915884145623,0.9999901812688822
118.75,0.9999551917130853,0.16016355977668814,0.8397915884145623,0.9999903700906344
118.875,0.9999552839112066,0.16016367285768382,0.8397915884145623,0.9999903700906344
119.0,0.9999553761093278,0.16016378598333797,0.8397915884145623,0.9999905589123868
119.125,0.999955468307449,0.1601638931319608,0.8397915884145623,0.999990747734139
119.25,0.9999556527036915,0.16016400026761826,0.8397915884145623,0.999990747734139
119.375,0.9999556527036915,0.16016410738886974,0.8397915884145623,0.9999909365558912
119.5,0.999955837099934,0.1601642144957153,0.8397915884145623,0.9999909365558912
119.625,0.9999559292980551,0.1601643215463776,0.8397915884145623,0.9999911253776435
119.75,0.9999560214961764,0.16016442263297395,0.8397915884145623,0.9999912197885197
119.875,0.9999561136942976,0.16016452380024365,0.8397915884145623,0.9999913141993958
120.0,0.9999562058924188,0.1601646248594687,0.8397915884145623,0.999991503021148
120.125,0.99995629809054,0.1601647259575898,0.8397915884145623,0.999991503021148
120.25,0.9999563902886612,0.16016482109452615,0.8397915884145623,0.9999916918429003
120.375,0.9999564824867825,0.16016491621849713,0.8397915884145623,0.9999916918429003
120.5,0.9999565746849037,0.16016501132806213,0.8397915884145623,0.9999918806646526
120.625,0.9999566668830249,0.16016510644050835,0.8397915884145623,0.9999918806646526
120.75,0.9999568512792674,0.16016520152990504,0.8397915884145623,0.9999920694864048
120.875,0.9999569434773886,0.16016529656167788,0.8397915884145623,0.9999920694864048
121.0,0.9999570356755099,0.16016538563802835,0.8397915884145623,0.9999922583081571
121.125,0.999957127873631,0.16016547479505217,0.8397915884145623,0.9999922583081571
121.25,0.9999572200717523,0.1601655638497937,0.8397915884145623,0.9999924471299093
121.375,0.9999573122698735,0.16016565298664917,0.8397915884145623,0.9999924471299093
121.5,0.9999574044679947,0.16016574197224212,0.8397915884145623,0.9999926359516617
121.625,0.9999574966661159,0.16016582510325436,0.8397915884145623,0.9999926359516617
121.75,0.9999575888642371,0.16016590822274182,0.8397915884145623,0.9999928247734139
121.875,0.9999575888642371,0.16016599133070453,0.8397915884145623,0.9999928247734139
122.0,0.9999577732604796,0.16016607443722666,0.8397915884145623,0.9999930135951661
122.125,0.9999577732604796,0.16016615752646163,0.8397915884145623,0.9999930135951661
122.25,0.9999578654586009,0.16016624055951334,0.8397915884145623,0.9999931080060422
122.375,0.999957957656722,0.160166317739425,0.8397915884145623,0.9999932024169185
122.5,0.9999580498548433,0.16016639481849493,0.8397915884145623,0.9999932024169185
122.625,0.9999581420529645,0.16016647197823822,0.8397915884145623,0.9999933912386707
122.75,0.9999581420529645,0.1601665490371398,0.8397915884145623,0.9999933912386707
122.875,0.9999582342510858,0.16016662617671476,0.8397915884145623,0.9999935800604229
123.0,0.9999583264492069,0.16016670317223017,0.8397915884145623,0.9999935800604229
123.125,0.9999584186473282,0.16016677431892723,0.8397915884145623,0.999993674471299
123.25,0.9999585108454494,0.16016684545698073,0.8397915884145623,0.9999937688821752
123.375,0.9999585108454494,0.16016691659647483,0.8397915884145623,0.9999937688821752
123.5,0.9999586030435706,0.1601669877172412,0.8397915884145623,0.9999939577039275
123.625,0.9999586952416919,0.16016705882792337,0.8397915884145623,0.9999939577039275
123.75,0.999958787439813,0.16016712988386292,0.8397915884145623,0.9999939577039275
123.875,0.999958787439813,0.16016719510106833,0.8397915884145623,0.9999941465256798
124.0,0.9999588796379343,0.16016726021599145,0.8397915884145623,0.9999941465256798
124.125,0.9999589718360555,0.1601673254159097,0.8397915884145623,0.9999942409365559
124.25,0.9999590640341768,0.16016739051354567,0.8397915884145623,0.999994335347432
124.375,0.9999590640341768,0.16016745569617677,0.8397915884145623,0.999994335347432
124.5,0.9999591562322979,0.1601675207779662,0.8397915884145623,0.9999945241691843
124.625,0.9999592484304192,0.16016758594475075,0.8397915884145623,0.9999945241691843
124.75,0.9999592484304192,0.16016765097035693,0.8397915884145623,0.9999945241691843
124.875,0.9999593406285404,0.16016771015722897,0.8397915884145623,0.9999947129909366
125.0,0.9999594328266617,0.16016776933401686,0.8397915884145623,0.9999947129909366
125.125,0.9999594328266617,0.16016782850648292,0.8397915884145623,0.9999947129909366
125.25,0.9999595250247828,0.16016788766886483,0.8397915884145623,0.9999949018126888
125.375,0.9999595250247828,0.16016794682548438,0.8397915884145623,0.9999949018126888
125.5,0.999959617222904,0.16016800597346031,0.8397915884145623,0.9999949018126888
125.625,0.999959617222904,0.16016806511423332,0.8397915884145623,0.9999950906344411
125.75,0.9999597094210253,0.16016812420458543,0.8397915884145623,0.9999950906344411
125.875,0.9999598016191465,0.1601681774634064,0.8397915884145623,0.9999950906344411
126.0,0.9999598016191465,0.16016823063002925,0.8397915884145623,0.9999951850453173
126.125,0.9999598938172678,0.16016828387588483,0.8397915884145623,0.9999952794561934
126.25,0.9999599860153889,0.16016833702377994,0.8397915884145623,0.9999952794561934
126.375,0.9999599860153889,0.16016839025811078,0.8397915884145623,0.9999952794561934
126.5,0.9999599860153889,0.16016844339015932,0.8397915884145623,0.9999954682779456
126.625,0.9999600782135102,0.1601684966115248,0.8397915884145623,0.9999954682779456
126.75,0.9999601704116314,0.16016854973204858,0.8397915884145623,0.9999954682779456
126.875,0.9999601704116314,0.16016860289290905,0.8397915884145623,0.9999956570996978
127.0,0.9999602626097527,0.16016865014156498,0.8397915884145623,0.9999956570996978
127.125,0.9999602626097527,0.16016869738301792,0.8397915884145623,0.9999956570996978
127.25,0.9999603548078738,0.1601687446201491,0.8397915884145623,0.9999956570996978
127.375,0.9999603548078738,0.16016879185583968,0.8397915884145623,0.9999958459214502
127.5,0.9999604470059951,0.16016883908000548,0.8397915884145623,0.9999958459214502
127.625,0.9999604470059951,0.16016888629840892,0.8397915884145623,0.9999958459214502
127.75,0.9999605392041163,0.16016893351104997,0.8397915884145623,0.9999958459214502
127.875,0.9999605392041163,0.16016898071792862,0.8397915884145623,0.9999960347432024
128.0,0.9999607236003588,0.16016902791760432,0.8397915884145623,0.9999960347432024
128.125,0.9999607236003588,0.16016907506541855,0.8397915884145623,0.9999960347432024
128.25,0.99996081579848,0.16016911630967184,0.8397915884145623,0.9999960347432024
128.375,0.99996081579848,0.16016915764108117,0.8397915884145623,0.9999962235649547
128.5,0.99996081579848,0.1601691988738097,0.8397915884145623,0.9999962235649547
128.625,0.9999609079966012,0.16016924019585516,0.8397915884145623,0.9999962235649547
128.75,0.9999610001947224,0.1601692814228213,0.8397915884145623,0.9999962235649547
128.875,0.9999610001947224,0.16016932273406229,0.8397915884145623,0.9999963179758308
129.0,0.9999610001947224,0.16016936394734277,0.8397915884145623,0.999996412386707
129.125,0.9999610923928437,0.1601694052484996,0.8397915884145623,0.999996412386707
129.25,0.9999610923928437,0.1601694464502553,0.8397915884145623,0.999996412386707
129.375,0.9999611845909648,0.16016948774060766,0.8397915884145623,0.9999965067975831
129.5,0.9999611845909648,0.16016952888545985,0.8397915884145623,0.9999966012084592
129.625,0.9999611845909648,0.1601695642275928,0.8397915884145623,0.9999966012084592
129.75,0.9999612767890861,0.16016959956684454,0.8397915884145623,0.9999966012084592
129.875,0.9999612767890861,0.16016963490105418,0.8397915884145623,0.9999966012084592
130.0,0.9999613689872073,0.16016967023094206,0.8397915884145623,0.9999966956193354
130.125,0.9999613689872073,0.16016970556010965,0.8397915884145623,0.9999967900302115
130.25,0.9999613689872073,0.16016974088063365,0.8397915884145623,0.9999967900302115
130.375,0.9999614611853286,0.16016977619683587,0.8397915884145623,0.9999967900302115
130.5,0.9999614611853286,0.16016981151015688,0.8397915884145623,0.9999967900302115
130.625,0.9999615533834497,0.16016984681771554,0.8397915884145623,0.9999968844410876
130.75,0.9999615533834497,0.16016988212095237,0.8397915884145623,0.9999969788519637
130.875,0.9999615533834497,0.16016991741914716,0.8397915884145623,0.9999969788519637
131.0,0.9999615533834497,0.16016995271374043,0.8397915884145623,0.9999969788519637
131.125,0.999961645581571,0.16016998795647228,0.8397915884145623,0.9999969788519637
131.25,0.999961645581571,0.1601700174072893,0.8397915884145623,0.9999969788519637
131.375,0.9999617377796922,0.16017004676518795,0.8397915884145623,0.999997167673716
131.5,0.9999617377796922,0.16017007620880203,0.8397915884145623,0.999997167673716
131.625,0.9999617377796922,0.1601701055558962,0.8397915884145623,0.999997167673716
131.75,0.9999617377796922,0.16017013499230728,0.8397915884145623,0.999997167673716
131.875,0.9999618299778135,0.16017016433291878,0.8397915884145623,0.999997167673716
132.0,0.9999618299778135,0.16017019376212688,0.8397915884145623,0.999997167673716
132.125,0.9999619221759347,0.1601702230940948,0.8397915884145623,0.9999972620845922
132.25,0.9999619221759347,0.16017025251537964,0.8397915884145623,0.9999973564954683
132.375,0.9999619221759347,0.16017028184086488,0.8397915884145623,0.9999973564954683
132.5,0.9999619221759347,0.1601703112549467,0.8397915884145623,0.9999973564954683
132.625,0.9999620143740559,0.160170340573229,0.8397915884145623,0.9999973564954683
132.75,0.9999620143740559,0.16017036998370934,0.8397915884145623,0.9999973564954683
132.875,0.9999620143740559,0.16017039929406832,0.8397915884145623,0.9999974509063444
133.0,0.9999621065721771,0.16017042869374423,0.8397915884145623,0.9999975453172205
133.125,0.9999621065721771,0.16017045794719967,0.8397915884145623,0.9999975453172205
133.25,0.9999621065721771,0.16017048142386658,0.8397915884145623,0.9999975453172205
133.375,0.9999621065721771,0.1601705048976523,0.8397915884145623,0.9999975453172205
133.5,0.9999621987702983,0.16017052836855683,0.8397915884145623,0.9999975453172205
133.625,0.9999621987702983,0.1601705518365802,0.8397915884145623,0.9999975453172205
133.75,0.9999621987702983,0.16017057530244264,0.8397915884145623,0.9999976397280966
133.875,0.9999622909684196,0.1601705987647036,0.8397915884145623,0.9999977341389729
134.0,0.9999622909684196,0.16017062222336306,0.8397915884145623,0.9999977341389729
134.125,0.9999622909684196,0.16017064568274283,0.8397915884145623,0.9999977341389729
134.25,0.9999622909684196,0.1601706691356399,0.8397915884145623,0.9999977341389729
134.375,0.9999622909684196,0.1601706925856558,0.8397915884145623,0.9999977341389729
134.5,0.9999622909684196,0.1601707160327905,0.8397915884145623,0.9999977341389729
134.625,0.9999623831665407,0.1601707394777643,0.8397915884145623,0.9999977341389729
134.75,0.9999623831665407,0.16017076291985693,0.8397915884145623,0.9999979229607251
134.875,0.9999623831665407,0.16017078635762777,0.8397915884145623,0.9999979229607251
135.0,0.999962475364662,0.1601708097946783,0.8397915884145623,0.9999979229607251
135.125,0.999962475364662,0.16017083322668677,0.8397915884145623,0.9999979229607251
135.25,0.999962475364662,0.1601708566572546,0.8397915884145623,0.9999979229607251
135.375,0.999962475364662,0.16017088008422098,0.8397915884145623,0.9999979229607251
135.5,0.999962475364662,0.16017090350974675,0.8397915884145623,0.9999979229607251
135.625,0.9999625675627832,0.16017092693095072,0.8397915884145623,0.9999980173716012
135.75,0.9999625675627832,0.16017095029813236,0.8397915884145623,0.9999981117824773
135.875,0.9999625675627832,0.16017096790653293,0.8397915884145623,0.9999981117824773
136.0,0.9999626597609045,0.16017098541913388,0.8397915884145623,0.9999981117824773
136.125,0.9999626597609045,0.16017100302249235,0.8397915884145623,0.9999981117824773
136.25,0.9999626597609045,0.16017102053149182,0.8397915884145623,0.9999981117824773
136.375,0.9999626597609045,0.1601710381298082,0.8397915884145623,0.9999981117824773
136.5,0.9999626597609045,0.16017105563448586,0.8397915884145623,0.9999981117824773
136.625,0.9999626597609045,0.16017107322848048,0.8397915884145623,0.9999981117824773
136.75,0.9999626597609045,0.16017109072883634,0.8397915884145623,0.9999981117824773
136.875,0.9999627519590257,0.16017110831994977,0.8397915884145623,0.9999982061933534
137.0,0.9999627519590257,0.16017112581526358,0.8397915884145623,0.9999983006042296
137.125,0.9999627519590257,0.1601711434013349,0.8397915884145623,0.9999983006042296
137.25,0.9999627519590257,0.1601711608916066,0.8397915884145623,0.9999983006042296
137.375,0.9999628441571469,0.16017117847335616,0.8397915884145623,0.9999983006042296
137.5,0.9999628441571469,0.16017119596002638,0.8397915884145623,0.9999983006042296
137.625,0.9999628441571469,0.16017121353745412,0.8397915884145623,0.9999983006042296
137.75,0.9999628441571469,0.16017123101980257,0.8397915884145623,0.9999983006042296
137.875,0.9999628441571469,0.16017124859218823,0.8397915884145623,0.9999983006042296
138.0,0.9999628441571469,0.16017126607093518,0.8397915884145623,0.9999983006042296
138.125,0.9999629363552681,0.16017128364043964,0.8397915884145623,0.9999983950151058
138.25,0.9999629363552681,0.16017130111486483,0.8397915884145623,0.9999984894259819
138.375,0.9999629363552681,0.16017131867788661,0.8397915884145623,0.9999984894259819
138.5,0.9999629363552681,0.16017133614798998,0.8397915884145623,0.9999984894259819
138.625,0.9999630285533894,0.16017135370669,0.8397915884145623,0.9999984894259819
138.75,0.9999630285533894,0.1601713711717513,0.8397915884145623,0.9999984894259819
138.875,0.9999630285533894,0.1601713887254092,0.8397915884145623,0.9999984894259819
139.0,0.9999630285533894,0.16017140613428726,0.8397915884145623,0.9999984894259819
139.125,0.9999630285533894,0.160171417803112,0.8397915884145623,0.9999984894259819
139.25,0.9999630285533894,0.16017142947193672,0.8397915884145623,0.9999984894259819
139.375,0.9999630285533894,0.16017144113860052,0.8397915884145623,0.9999984894259819
139.5,0.9999630285533894,0.16017145280454406,0.8397915884145623,0.9999984894259819
139.625,0.9999630285533894,0.16017146446904698,0.8397915884145623,0.999998583836858
139.75,0.9999631207515106,0.16017147613210933,0.8397915884145623,0.999998583836858
139.875,0.9999631207515106,0.16017148779301077,0.8397915884145623,0.9999986782477341
140.0,0.9999631207515106,0.1601714994531919,0.8397915884145623,0.9999986782477341
140.125,0.9999631207515106,0.16017151111049185,0.8397915884145623,0.9999986782477341
140.25,0.9999631207515106,0.1601715227670715,0.8397915884145623,0.9999986782477341
140.375,0.9999631207515106,0.16017153442221058,0.8397915884145623,0.9999986782477341
140.5,0.9999632129496318,0.16017154607518874,0.8397915884145623,0.9999986782477341
140.625,0.9999632129496318,0.1601715577274466,0.8397915884145623,0.9999986782477341
140.75,0.9999632129496318,0.16017156937826388,0.8397915884145623,0.9999986782477341
140.875,0.9999632129496318,0.16017158102980145,0.8397915884145623,0.9999986782477341
141.0,0.9999632129496318,0.16017159267629694,0.8397915884145623,0.9999986782477341
141.125,0.9999632129496318,0.16017160432279243,0.8397915884145623,0.9999986782477341
141.25,0.9999632129496318,0.160171615967127,0.8397915884145623,0.9999986782477341
141.375,0.9999632129496318,0.1601716276107413,0.8397915884145623,0.9999986782477341
141.5,0.9999632129496318,0.16017163925219471,0.8397915884145623,0.9999987726586103
141.625,0.9999632129496318,0.1601716508922075,0.8397915884145623,0.9999987726586103
141.75,0.999963305147753,0.16017166253077972,0.8397915884145623,0.9999988670694864
141.875,0.999963305147753,0.16017167416791134,0.8397915884145623,0.9999988670694864
142.0,0.999963305147753,0.16017168580576324,0.8397915884145623,0.9999988670694864
142.125,0.999963305147753,0.16017169744001367,0.8397915884145623,0.9999988670694864
142.25,0.999963305147753,0.16017170907498438,0.8397915884145623,0.9999988670694864
142.375,0.999963305147753,0.1601717207063536,0.8397915884145623,0.9999988670694864
142.5,0.9999633973458742,0.16017173233628224,0.8397915884145623,0.9999988670694864
142.625,0.9999633973458742,0.1601717439662109,0.8397915884145623,0.9999988670694864
142.75,0.9999633973458742,0.16017175559397862,0.8397915884145623,0.9999988670694864
142.875,0.9999633973458742,0.16017176721886517,0.8397915884145623,0.9999988670694864
143.0,0.9999633973458742,0.16017177884447203,0.8397915884145623,0.9999988670694864
143.125,0.9999633973458742,0.16017179046791796,0.8397915884145623,0.9999988670694864
143.25,0.9999633973458742,0.16017180208920304,0.8397915884145623,0.9999988670694864
143.375,0.9999633973458742,0.1601718137097678,0.8397915884145623,0.9999989614803625
143.5,0.9999633973458742,0.16017182532889196,0.8397915884145623,0.9999989614803625
143.625,0.9999633973458742,0.16017183694585524,0.8397915884145623,0.9999990558912387
143.75,0.9999633973458742,0.1601718485620982,0.8397915884145623,0.9999990558912387
143.875,0.9999634895439955,0.1601718601761803,0.8397915884145623,0.9999990558912387
144.0,0.9999634895439955,0.16017187173551975,0.8397915884145623,0.9999990558912387
144.125,0.9999634895439955,0.16017187758649895,0.8397915884145623,0.9999990558912387
144.25,0.9999634895439955,0.16017188334528004,0.8397915884145623,0.9999990558912387
144.375,0.9999634895439955,0.16017188919625924,0.8397915884145623,0.9999990558912387
144.5,0.9999634895439955,0.16017189495287945,0.8397915884145623,0.9999990558912387
144.625,0.9999634895439955,0.16017190080241805,0.8397915884145623,0.9999990558912387
144.75,0.9999634895439955,0.16017190655759767,0.8397915884145623,0.9999990558912387
144.875,0.9999634895439955,0.16017191240569567,0.8397915884145623,0.9999990558912387
145.0,0.9999634895439955,0.16017191816087528,0.8397915884145623,0.9999990558912387
145.125,0.9999635817421167,0.1601719240060921,0.8397915884145623,0.9999990558912387
145.25,0.9999635817421167,0.1601719297591108,0.8397915884145623,0.9999990558912387
145.375,0.9999635817421167,0.16017193560288703,0.8397915884145623,0.9999990558912387
145.5,0.9999635817421167,0.16017194135518545,0.8397915884145623,0.9999990558912387
145.625,0.9999635817421167,0.16017194719680078,0.8397915884145623,0.9999990558912387
145.75,0.9999635817421167,0.1601719529476586,0.8397915884145623,0.9999990558912387
145.875,0.9999635817421167,0.16017195878783333,0.8397915884145623,0.9999990558912387
146.0,0.9999635817421167,0.16017196453725055,0.8397915884145623,0.9999990558912387
146.125,0.9999635817421167,0.160171970376705,0.8397915884145623,0.9999990558912387
146.25,0.9999635817421167,0.16017197612468162,0.8397915884145623,0.9999990558912387
146.375,0.9999635817421167,0.16017198196269547,0.8397915884145623,0.9999990558912387
146.5,0.9999635817421167,0.1601719877092315,0.8397915884145623,0.9999990558912387
146.625,0.9999635817421167,0.16017199354580475,0.8397915884145623,0.9999991503021148
146.75,0.9999635817421167,0.16017199929162046,0.8397915884145623,0.9999991503021148
146.875,0.9999635817421167,0.16017200512747343,0.8397915884145623,0.9999991503021148
147.0,0.9999635817421167,0.16017201087112826,0.8397915884145623,0.999999244712991
147.125,0.9999635817421167,0.1601720167048203,0.8397915884145623,0.999999244712991
147.25,0.9999635817421167,0.16017202244703455,0.8397915884145623,0.999999244712991
147.375,0.9999635817421167,0.1601720282807266,0.8397915884145623,0.999999244712991
147.5,0.9999635817421167,0.16017203402077995,0.8397915884145623,0.999999244712991
147.625,0.9999636739402379,0.1601720398530314,0.8397915884145623,0.999999244712991
147.75,0.9999636739402379,0.16017204559236448,0.8397915884145623,0.999999244712991
147.875,0.9999636739402379,0.16017205142173474,0.8397915884145623,0.999999244712991
148.0,0.9999636739402379,0.16017205715962718,0.8397915884145623,0.999999244712991
148.125,0.9999636739402379,0.16017206298827716,0.8397915884145623,0.999999244712991
148.25,0.9999636739402379,0.16017206872472903,0.8397915884145623,0.999999244712991
148.375,0.9999636739402379,0.1601720745504978,0.8397915884145623,0.999999244712991
148.5,0.9999636739402379,0.16017208028550906,0.8397915884145623,0.999999244712991
148.625,0.9999636739402379,0.16017208611055755,0.8397915884145623,0.999999244712991
148.75,0.9999636739402379,0.1601720918448485,0.8397915884145623,0.999999244712991
148.875,0.9999636739402379,0.16017209766845641,0.8397915884145623,0.999999244712991
149.0,0.9999636739402379,0.16017210340202706,0.8397915884145623,0.999999244712991
149.125,0.9999637661383591,0.16017210922419436,0.8397915884145623,0.999999244712991
149.25,0.9999637661383591,0.16017211495488384,0.8397915884145623,0.999999244712991
149.375,0.9999637661383591,0.16017212077561052,0.8397915884145623,0.999999244712991
149.5,0.9999637661383591,0.1601721265048594,0.8397915884145623,0.999999244712991
149.625,0.9999637661383591,0.1601721323241455,0.8397915884145623,0.999999244712991
149.75,0.9999637661383591,0.1601721380519538,0.8397915884145623,0.999999244712991
149.875,0.9999637661383591,0.16017214386907902,0.8397915884145623,0.999999244712991
150.0,0.9999637661383591,0.160172149596167,0.8397915884145623,0.999999244712991
150.125,0.9999637661383591,0.1601721554125719,0.8397915884145623,0.999999244712991
150.25,0.9999637661383591,0.1601721611382193,0.8397915884145623,0.999999244712991
150.375,0.9999637661383591,0.16017216695318362,0.8397915884145623,0.9999993391238671
150.5,0.9999637661383591,0.1601721726759498,0.8397915884145623,0.9999993391238671
150.625,0.9999637661383591,0.16017217848947352,0.8397915884145623,0.9999993391238671
150.75,0.9999637661383591,0.16017218421151944,0.8397915884145623,0.9999993391238671
150.875,0.9999637661383591,0.16017219002288224,0.8397915884145623,0.9999994335347432
151.0,0.9999637661383591,0.16017219574420785,0.8397915884145623,0.9999994335347432
151.125,0.9999637661383591,0.16017220155485037,0.8397915884145623,0.9999994335347432
151.25,0.9999637661383591,0.1601722072740151,0.8397915884145623,0.9999994335347432
151.375,0.9999637661383591,0.16017221308249674,0.8397915884145623,0.9999994335347432
151.5,0.9999637661383591,0.16017221880094115,0.8397915884145623,0.9999994335347432
151.625,0.9999637661383591,0.16017222460870248,0.8397915884145623,0.9999994335347432
151.75,0.9999638583364804,0.16017223032498598,0.8397915884145623,0.9999994335347432
151.875,0.9999638583364804,0.16017223613058645,0.8397915884145623,0.9999994335347432
152.0,0.9999638583364804,0.16017224184542936,0.8397915884145623,0.9999994335347432
152.125,0.9999638583364804,0.16017224765030952,0.8397915884145623,0.9999994335347432
152.25,0.9999638583364804,0.16017225336371183,0.8397915884145623,0.9999994335347432
152.375,0.9999638583364804,0.1601722591671514,0.8397915884145623,0.9999994335347432
152.5,0.9999638583364804,0.1601722648783928,0.8397915884145623,0.9999994335347432
152.625,0.9999638583364804,0.16017227068039178,0.8397915884145623,0.9999994335347432
152.75,0.9999638583364804,0.1601722763916332,0.8397915884145623,0.9999994335347432
152.875,0.9999638583364804,0.16017228219147125,0.8397915884145623,0.9999994335347432
153.0,0.9999638583364804,0.1601722879019924,0.8397915884145623,0.9999994335347432
153.125,0.9999638583364804,0.16017229370038988,0.8397915884145623,0.9999994335347432
153.25,0.9999639505346016,0.1601722994073095,0.8397915884145623,0.9999994335347432
153.375,0.9999639505346016,0.16017230520498668,0.8397915884145623,0.9999994335347432
153.5,0.9999639505346016,0.1601723109119063,0.8397915884145623,0.9999994335347432
153.625,0.9999639505346016,0.16017231670670232,0.8397915884145623,0.9999994335347432
153.75,0.9999639505346016,0.16017232241146107,0.8397915884145623,0.9999994335347432
153.875,0.9999639505346016,0.16017232820625704,0.8397915884145623,0.9999994335347432
154.0,0.9999639505346016,0.16017233391029548,0.8397915884145623,0.9999994335347432
154.125,0.9999639505346016,0.16017233964458644,0.8397915884145623,0.9999994335347432
154.25,0.9999639505346016,0.16017233964458644,0.8397915884145623,0.9999994335347432
