time_ns,Q_total,Q_electron,Q_hole,Q_no_trapping
0.0,0.0,0.0,0.0,0.0
0.125,0.0004538966179614341,0.00019847179723876573,0.00025542474342261435,0.0004538965406613801
0.25,0.0009063772204419277,0.00039841044196701846,0.0005079635257901312,0.0009063773790878363
0.375,0.0013747180156477269,0.0005980747050703195,0.0007766406682488939,0.0013747192456405332
0.5,0.001857654385696365,0.0008094857470956122,0.0010481722647091704,0.0018576557990497428
0.625,0.0023322550191619967,0.0010163503150988557,0.0013159052983508948,0.0023322550602609907
0.75,0.0027943948604549165,0.0012227900341344321,0.0015716024197454097,0.0027943961418049083
0.875,0.0032656923881830406,0.001425612636264731,0.001840077463910525,0.0032656937881003225
1.0,0.003718477721660879,0.001634688484137881,0.0020837873536687086,0.003718479894524163
1.125,0.004192700919067751,0.0018378326733339836,0.0023548690232708656,0.0041927031717748755
1.25,0.004637781586891935,0.0020382035428800366,0.0025995761279670455,0.0046377848339421756
1.375,0.005093268397351406,0.002245321840127859,0.002847947555009355,0.005093271976684761
1.5,0.0055834296246669805,0.00245469419717636,0.0031287358433866853,0.005583435203658138
1.625,0.006049298087635789,0.002655264214676007,0.0033940333713144565,0.006049301642708037
1.75,0.006511508878264182,0.002870261395036018,0.0036412482650558945,0.006511516298357032
1.875,0.0069684823834283835,0.0030853898655283985,0.003883087639220321,0.00696848856852392
2.0,0.0074462955451803986,0.0032991257755156478,0.0041471666767061025,0.0074463072039220165
2.125,0.007929660042247023,0.0035147336762666806,0.00441492478823828,0.007929670265865173
2.25,0.008395714342053924,0.0037244497479313847,0.0046712695092744816,0.008395725895470985
2.375,0.008869267662486281,0.003940050272832284,0.004929217740129622,0.008869278339152093
2.5,0.009341922051236708,0.004145669797333058,0.005196250068008701,0.009341937567382079
2.625,0.009819502556792198,0.004358836291690032,0.005460662493920499,0.009819517225235863
2.75,0.010284577251561098,0.004569540727272572,0.005715036387801134,0.010284594817114025
2.875,0.010769816683858542,0.004784415468520374,0.0059854025999403785,0.010769837983256113
3.0,0.011238984831150205,0.005001315618214728,0.006237671426193024,0.011239008434373138
3.125,0.011721053512434946,0.005224784700037629,0.006496267256689851,0.01172107408427788
3.25,0.01220622307584365,0.005436071827780686,0.006770153224512616,0.012206246442258688
3.375,0.012666247042284272,0.005655858885217139,0.007010384663348025,0.012666270101625644
3.5,0.013144727920117335,0.005873238465170145,0.007271489758060136,0.01314475477629076
3.625,0.013609037658599207,0.0060897587585826436,0.00751928291845201,0.013609066017340092
3.75,0.01408383061158333,0.0063123796176402375,0.007771448482802792,0.014083864242108682
3.875,0.014558695594349656,0.006528506778240641,0.008030190355132255,0.014558734750208574
4.0,0.015027792432156935,0.0067545161028493865,0.008273280673479256,0.015027828492484215
4.125,0.01551518339404887,0.006981706301064442,0.00853347706345497,0.015515221718940103
4.25,0.016027173967159768,0.007217304230846231,0.008809864919642885,0.016027216355929966
4.375,0.016500611319642772,0.007433179874957095,0.00906743550697121,0.016500657424274066
4.5,0.01697802615669919,0.00764664066573438,0.009331387679834702,0.016978074075839907
4.625,0.017479935441492546,0.007870895275596458,0.009609044182245514,0.01747999035120789
4.75,0.017946024315594906,0.008091017934213967,0.009855008131804377,0.017946073271459195
4.875,0.01843585996829491,0.008316289673809402,0.010119568074718836,0.018435919705669355
5.0,0.01892627185925256,0.008535076565967805,0.010391194082060816,0.018926331129999713
5.125,0.019431383588162793,0.008763960996958435,0.010667425570225911,0.019431439673305306
5.25,0.01992735617830674,0.008994854609525328,0.010932501822649689,0.019927416914146106
5.375,0.020447827537974562,0.009235720371472184,0.011212102599155588,0.020447890828448997
5.5,0.020919723453118363,0.009460508992883898,0.011459217181335215,0.02091980067030546
5.625,0.02140689544447239,0.00968363952318569,0.011723257864400306,0.021406971146087327
5.75,0.021879229300692003,0.009915343004097197,0.01196388464880285,0.02187930436174143
5.875,0.02240174918736576,0.010164821546244486,0.01223692976971044,0.02240183023755135
6.0,0.02291189003566961,0.010401743441125169,0.012510148960681172,0.022911975011327832
6.125,0.02342412406944436,0.010633745643967065,0.012790387010638572,0.023424216001712142
6.25,0.023927870113683972,0.010868605988735543,0.013059272152071089,0.023927965913423214
6.375,0.02444275052165697,0.011112092390234694,0.013330659181868756,0.024442844507815125
6.5,0.024955691887892987,0.01135825548774715,0.013597440730843308,0.024955796530152268
6.625,0.02548564092630346,0.011608637571535746,0.013877003152928516,0.02548574546153615
6.75,0.025973538977862125,0.011848328360556397,0.014125209360927843,0.02597364909682125
6.875,0.02650417662099049,0.01209622404526512,0.014407955199930501,0.02650429725879775
7.0,0.02703405074842747,0.01235146312636637,0.014682584653446684,0.027034166531000197
7.125,0.027574346144754,0.012612436562153604,0.014961908097987578,0.02757447410631102
7.25,0.028107729563180053,0.012866475592438196,0.015241249244568792,0.02810785723351688
7.375,0.028640121851802952,0.013116112715363348,0.015524006884931663,0.028640257897485005
7.5,0.029200023754845934,0.01337643375720631,0.015823581463598024,0.029200152780409317
7.625,0.02974757975321882,0.01364022292378186,0.016107354020939213,0.02974771819225112
7.75,0.030292934521447497,0.013894465896322632,0.01639846702433287,0.030293091501433365
7.875,0.030832549956630005,0.01415174292481566,0.01668079981572807,0.03083269394547146
8.0,0.031408183164106755,0.01441851045967496,0.016989676816582314,0.03140835544564031
8.125,0.031956082024242945,0.014683015083713422,0.01727306582971658,0.03195625424590813
8.25,0.032510045792040865,0.014944468318551816,0.017565574343955424,0.03251021599498537
8.375,0.03304771066072124,0.01521515206103929,0.017832562416733703,0.0330478977676488
8.5,0.03361378695669491,0.015488066998192032,0.018125725906464364,0.03361397656332471
8.625,0.03414663735473264,0.01574552786974963,0.018401107696694126,0.03414683453000109
8.75,0.034712805848827535,0.0159991363347827,0.018713666721934814,0.03471299298485844
8.875,0.03526776650881119,0.01626175089722455,0.019006010017130676,0.035267966700573944
9.0,0.0358519338048837,0.016531494956405067,0.01932044545864523,0.03585214878281656
9.125,0.03640756578243751,0.016788538354845128,0.019619031673393756,0.03640779222572414
9.25,0.03691520863789446,0.01698859510537364,0.01992661937564473,0.036915442486985604
9.375,0.03740787217984387,0.01716154634424798,0.020246330025174484,0.03740811387179675
9.5,0.03785507916683877,0.017317867530421575,0.020537215852384043,0.03785531756604735
9.625,0.038319826846396454,0.017480518671179408,0.020839318872476035,0.03832009053531501
9.75,0.03879304522834155,0.017639509684605877,0.021153541889506754,0.03879330737781506
9.875,0.039236140755368146,0.01777872295518823,0.021457415113630696,0.03923639534769138
10.0,0.039680371471762295,0.017898766299076503,0.02178161028004138,0.039680639850868574
10.125,0.04010022730985797,0.01801292961523866,0.02208730386397817,0.04010050569418581
10.25,0.040528441483880816,0.018118244677184887,0.022410197930425375,0.040528723950193773
10.375,0.04089885031708778,0.01818807332556507,0.022710778575049894,0.04089915389557885
10.5,0.04128735591277615,0.018233288710189616,0.023054077193305336,0.041287654673790045
10.625,0.04163178504413709,0.018266420683244574,0.02336536757232313,0.041632080321945826
10.75,0.04197867759404946,0.018283520770638627,0.023695162484154875,0.04197897835506623
10.875,0.042329782445625234,0.018299433380735544,0.024030353567943998,0.04233010127514287
11.0,0.04267618519301861,0.018311099788821807,0.024365087349024872,0.04267650660147438
11.125,0.04303761911536271,0.018316433712637734,0.024721193393451447,0.043037949811057276
11.25,0.04337827100494477,0.018320466510109275,0.025057812441826345,0.0433785990239449
11.375,0.043714099780310316,0.018320466842684305,0.02539364079906697,0.04371444213288579
11.5,0.04403043729661094,0.018320467141652936,0.025709976259575815,0.044030774643054583
11.625,0.04437443136808735,0.018320467381635924,0.026053971158083822,0.04437477839258275
11.75,0.044703143600970954,0.018320467593493536,0.026382683295116022,0.04470348462893484
11.875,0.045025162826491986,0.01832046775946592,0.026704701110567414,0.0450255112954064
12.0,0.0453519878790818,0.018320467898911084,0.027031527980305593,0.0453523558671849
12.125,0.04573459567620315,0.018320467902208697,0.027414136929430462,0.04573497071698987
12.25,0.04610836685964348,0.018320467923851398,0.027787909610095862,0.046108728645955006
12.375,0.046459120205882096,0.018320468024951957,0.028138657836985746,0.046459494574885206
12.5,0.04681093094932349,0.018320468115045462,0.028490468186294797,0.046811301973854205
12.625,0.04718840734476049,0.018320468132456413,0.028867949444407126,0.0471888038843469
12.75,0.04758621630711858,0.018320468164509666,0.0292657526448062,0.04758661298542609
12.875,0.04793686304927953,0.01832046817431247,0.029616400560134273,0.047937266801434265
13.0,0.048287818078908314,0.01832046818922489,0.029967355310827882,0.04828822155212788
13.125,0.04866311341254013,0.018320468210057252,0.03034265921798092,0.04866352545928091
13.25,0.0490308744309532,0.018320468256415173,0.0307104132049377,0.049031297148278016
13.375,0.04942777581805549,0.01832046827932965,0.031107316551620537,0.04942820934598101
13.5,0.04981949682322154,0.018320468304877713,0.03149903615082982,0.04981993189553035
13.625,0.05023339723892442,0.018320468324753432,0.03191293935689945,0.05023382920091987
13.75,0.050655774119397305,0.018320468341973054,0.032335315939602,0.050656229386342844
13.875,0.05106508191618674,0.01832046835846112,0.032744616615188564,0.051065535962609515
14.0,0.05145277501593184,0.018320468337910123,0.03313230309954506,0.05145323424832623
14.125,0.051873284884449936,0.018320468306959825,0.03355281506733396,0.05187375211679523
14.25,0.052272289541192646,0.018320468302964424,0.0339518190561347,0.05227275610559597
14.375,0.052686472313641784,0.018320468309728468,0.03436599369348923,0.052686942544310715
14.5,0.053064421224450056,0.01832046835038028,0.034743949956350134,0.053064898807171614
14.625,0.0534941797170034,0.01832046834088135,0.03517370238918579,0.053494668942047595
14.75,0.053881140994161275,0.018320468351775858,0.0355606689905693,0.05388164144411121
14.875,0.054319387476249766,0.018320468350143934,0.03599891250207819,0.05431989675698031
15.0,0.054728810520690736,0.018320468349783785,0.03640833709194699,0.054729339048889436
15.125,0.05515893780572897,0.018320468369085515,0.03683846126762936,0.05515945732389169
15.25,0.05557264806280684,0.01832046834505683,0.03725216975125547,0.05557318350955813
15.375,0.05602483374834781,0.018320468335951814,0.037704356569856,0.056025382129518866
15.5,0.05645811305665538,0.018320468350245225,0.038137631708715224,0.05645866906973831
15.625,0.056897898094891784,0.01832046834892843,0.03857741529773191,0.056898446758074886
15.75,0.05734394108060623,0.018320468340217326,0.03902346540902169,0.05734450867072488
15.875,0.057780124629732345,0.01832046833536657,0.039459643682493314,0.05778069284487661
16.0,0.058231319185470164,0.01832046834907474,0.039910839186835946,0.058231900150579455
16.125,0.05867954035179853,0.01832046836271538,0.040359054847724805,0.0586801040101081
16.25,0.059103294441707185,0.01832046836899548,0.04078281218957227,0.05910388495467599
16.375,0.059597793302507196,0.018320468358303556,0.04127730688453632,0.059598397351680356
16.5,0.06009404968999304,0.018320468367532372,0.04177356588285221,0.06009466225067635
16.625,0.06057315146454872,0.018320468371460247,0.04225266570341842,0.060573767971922675
16.75,0.061082782341994546,0.018320468376896246,0.042762295642855615,0.06108339791135987
16.875,0.06160665782916942,0.018320468393046675,0.043286163923389756,0.06160728979461444
17.0,0.06211209945448216,0.018320468394037084,0.04379160437995134,0.06211274795321634
17.125,0.06261054554734706,0.018320468379766183,0.04429005253058674,0.06261118430249152
17.25,0.06311069154307201,0.018320468373531105,0.04479019417641269,0.0631113436503578
17.375,0.06360422808598175,0.01832046836924308,0.04528373296119949,0.06360491193854513
17.5,0.06418010907590929,0.01832046835627772,0.045859615736872326,0.06418078881353786
17.625,0.0647222225039387,0.018320468347420307,0.04640172301961563,0.06472291379832149
17.75,0.06529843771205568,0.018320468358224776,0.04697794213405454,0.06529915061480071
17.875,0.06584692433521466,0.018320468364459854,0.04752642215131285,0.06584764833409934
18.0,0.06641511830678519,0.018320468377020047,0.04809462224148704,0.06641586022563374
18.125,0.06695070295535546,0.018320468381735747,0.04863020927271267,0.06695145905821959
18.25,0.06754871149437665,0.018320468383592765,0.04922821959878485,0.0675494929870122
18.375,0.0681549141414216,0.018320468370503603,0.04983442006884483,0.06815569345707218
18.5,0.06867893945054346,0.01832046838358151,0.05035844766774185,0.06867973285732941
18.625,0.06929371652286219,0.018320468383210105,0.050973221825996555,0.06929452471762443
18.75,0.06986397918977766,0.01832046838196084,0.05154348715420802,0.06986481364855632
18.875,0.07047575982315663,0.018320468375241813,0.052155257866288524,0.0704765666585965
19.0,0.07106807512819227,0.018320468373778705,0.05274757403605793,0.07106891823244656
19.125,0.0717498629474928,0.018320468386406427,0.05342936221828203,0.07175069461331043
19.25,0.072356687931856,0.01832046838425679,0.054036182259753186,0.07235755005886224
19.375,0.0729570475229684,0.01832046837879828,0.05463654695718785,0.07295792655765711
19.5,0.0735959344039871,0.01832046839421716,0.055275437195037774,0.07359681679550703
19.625,0.07425422898952334,0.01832046839233763,0.05593372886907783,0.07425514387362774
19.75,0.07496401622576296,0.018320468400643566,0.05664351577840722,0.07496494848499743
19.875,0.07562654616249292,0.01832046840783529,0.057306044140763734,0.07562747684735395
20.0,0.07628418383641546,0.018320468420575556,0.057963692640672186,0.07628516665202315
20.125,0.07700304106283044,0.01832046843192025,0.05868254889532524,0.0770040229066762
20.25,0.0777007906818678,0.018320468434452546,0.05938029841723738,0.07770179013062867
20.375,0.07847051245928531,0.01832046844457048,0.06015001853440837,0.07847154565188029
20.5,0.07924028609814601,0.018320468453292837,0.06091979175770031,0.07924133657721255
20.625,0.0800003846966608,0.018320468458053556,0.06167989376629772,0.08000145038717017
20.75,0.08080141926099886,0.018320468450715523,0.06248091699143363,0.08080248541366629
20.875,0.0815324869760934,0.018320468456095248,0.06321199355458722,0.08153358557954031
21.0,0.08233370017429133,0.018320468452437483,0.06401321740284675,0.08233483303052026
21.125,0.08315635519805632,0.018320468466944732,0.06483586071989282,0.08315749404960666
21.25,0.08401299099187476,0.01832046848222855,0.06569249785503238,0.08401414888678654
21.375,0.08493328958839809,0.01832046846858791,0.06661279152716074,0.08493447206231543
21.5,0.08584357892638607,0.018320468466832187,0.0675230835465086,0.08584478178370361
21.625,0.08679513844838675,0.01832046845806481,0.06847463312116102,0.08679637266311678
21.75,0.08771012412817457,0.01832046845852625,0.06938962798255376,0.08771138522654982
21.875,0.08860144946510339,0.01832046846052958,0.07028095521603936,0.08860273016207575
22.0,0.08957127573987149,0.018320468465841778,0.07125078509766168,0.0895725836464185
22.125,0.09060072538715835,0.01832046847675879,0.07228022955039987,0.09060206940391742
22.25,0.09156119355262227,0.01832046846183512,0.0732407009533733,0.09156253490621076
22.375,0.09253645951654256,0.018320468471829252,0.07421595356001348,0.09253782291693158
22.5,0.09368513862171922,0.01832046846985969,0.07536463895634359,0.09368653781666221
22.625,0.09473164492143245,0.01832046847794053,0.07641115407662984,0.09473309424170921
22.75,0.0958521632629579,0.018320468478897175,0.07753166962613155,0.09585363339393135
22.875,0.09696479866511871,0.01832046848292634,0.078644301867011,0.09696631284025166
23.0,0.0981754867692008,0.018320468481575782,0.07985497980853987,0.09817700848382084
23.125,0.09948327101969646,0.018320468472459512,0.0811627652425812,0.09948484112330302
23.25,0.10074350408917107,0.018320468476015983,0.08242299709564437,0.1007450847777264
23.375,0.10201036389860862,0.018320468481992206,0.0836898613131472,0.10201198439930988
23.5,0.10331163665679287,0.01832046848667414,0.08499113829703109,0.10331328498591419
23.625,0.10468951452894873,0.01832046848335402,0.08636901791005741,0.10469122360574157
23.75,0.10610715284088226,0.018320468489532823,0.08778664450428103,0.10610890920676626
23.875,0.1076351292543901,0.01832046848893633,0.0893146256178562,0.10763692572442207
24.0,0.10919874024175084,0.01832046850255446,0.09087824683927456,0.10920057054856086
24.125,0.11080860011167036,0.018320468505233067,0.09248809398864714,0.11081047670473451
24.25,0.11249785408872852,0.018320468516476465,0.09417736429225307,0.11249977061106085
24.375,0.11413736717938656,0.018320468540673974,0.09581685645848066,0.11413932178408952
24.5,0.11583745443568849,0.018320468551703533,0.09751694860940188,0.11583946114045159
24.625,0.11764845603182236,0.018320468547156653,0.09932796174496489,0.11765050968009522
24.75,0.11938362467324985,0.01832046856484897,0.10106312753843907,0.11938576988445111
24.875,0.12113357958836858,0.01832046856356594,0.10281308043626013,0.1211357581863528
25.0,0.12292215399151482,0.01832046855297531,0.10460164738469803,0.12292437234023157
25.125,0.12476938944928956,0.018320468550983234,0.10644889069611486,0.12477163925436882
25.25,0.12672464653084287,0.01832046855802865,0.10840414005620086,0.1267269712239763
25.375,0.12875513727931456,0.018320468548225846,0.11043463488900479,0.12875754866630174
25.5,0.1307191070833235,0.018320468539661055,0.11239860545428818,0.13072157823838618
25.625,0.13281799731297794,0.018320468544545575,0.11449748916952632,0.13282052096042538
25.75,0.13492305329198923,0.01832046853065733,0.11660254499615584,0.13492560038977533
25.875,0.13716239583456263,0.0183204685357782,0.11884188850064882,0.13716500290106937
26.0,0.13932840629646787,0.01832046855912035,0.12100789835277836,0.13933111896544084
26.125,0.14144784518239,0.018320468569913564,0.12312735183886772,0.14145061965697103
26.25,0.14366763019849887,0.018320468574753064,0.12534712868812758,0.1436704673143922
26.375,0.14576664720057,0.018320468579806404,0.12744613041696784,0.14576953985139374
26.5,0.14796640217484305,0.018320468579074854,0.12964586855658608,0.1479693251964528
26.625,0.15017760124091295,0.01832046858361048,0.13185708941969154,0.15018062866907977
26.75,0.1523594697796686,0.018320468601235266,0.13403894849858713,0.15236258215885704
26.875,0.1545831732159295,0.01832046859857917,0.13626265520079792,0.1545863478678689
27.0,0.15681480569061557,0.018320468601133975,0.1384942688143514,0.15681802048822346
27.125,0.15903150206966343,0.018320468601302795,0.1407109891113161,0.15903481159334945
27.25,0.16132633635644827,0.01832046859918692,0.14300579900881008,0.16132968049764448
27.375,0.16352009845284177,0.01832046861686798,0.14519957746152076,0.16352351795715622
27.5,0.16560158628711527,0.018320468617678314,0.14728105417044476,0.16560508907696192
27.625,0.16765466557528677,0.0183204686120735,0.14933413680669633,0.16765824252137476
27.75,0.1696947564531309,0.018320468623350662,0.15137423794671362,0.16969840266819314
27.875,0.17179575571480835,0.01832046862946194,0.15347523410542988,0.17179944603235026
28.0,0.17382578547267394,0.018320468614560777,0.1555052568838253,0.17382953961890693
28.125,0.1759025366284696,0.018320468618162267,0.1575820130486641,0.1759063429891866
28.25,0.17777148474379248,0.018320468610261497,0.1594509708628728,0.1777753834129168
28.375,0.17974673729288615,0.01832046860310354,0.1614262235285198,0.17975071868808526
28.5,0.18164517728223542,0.01832046860168545,0.16332467294190073,0.18164923890962748
28.625,0.1834925279876617,0.018320468593368264,0.16517199886283906,0.18349662383736687
28.75,0.18542782417597006,0.018320468591848885,0.16710730392416512,0.18543195250141337
28.875,0.18730667206455934,0.018320468592411616,0.16898612767551188,0.18731091786908266
29.0,0.18914619745444675,0.01832046860245077,0.17082567650006986,0.18915049029636108
29.125,0.1911025954877502,0.01832046858813485,0.1727820705920965,0.1911069433951888
29.25,0.19297434412100525,0.01832046858823614,0.17465382532867568,0.1929788161453701
29.375,0.19473135219239757,0.01832046859193892,0.1764108472412643,0.19473587346203935
29.5,0.1965375594862278,0.018320468603745053,0.17821703362050018,0.19654213064943651
29.625,0.19831207367588746,0.018320468600751316,0.17999156875164488,0.19831671298602205
29.75,0.20009059848382033,0.01832046859619318,0.18177008094118133,0.20009529598371978
29.875,0.20183722274180985,0.018320468599535813,0.18351670585542232,0.20184196810340163
30.0,0.2036278024540927,0.018320468608190643,0.18530727903509642,0.20363263569395745
30.125,0.20539510214076662,0.018320468608393228,0.18707457993243057,0.205399960194012
30.25,0.2070206933151199,0.018320468623339407,0.18870017009632725,0.20702566837151082
30.375,0.2086784385842499,0.018320468627402338,0.19035793076816454,0.20868349985150939
30.5,0.21044467799252975,0.018320468620728326,0.19212416954307948,0.21044973862642435
30.625,0.21232118635379296,0.018320468622202688,0.1940006802278245,0.21232636732477148
30.75,0.2140452220720827,0.018320468616901744,0.19572469373589743,0.21405042803828525
30.875,0.21580085869642182,0.018320468602349475,0.19748033488934114,0.21580604558900854
31.0,0.21749377754879862,0.018320468596789676,0.19917326361461307,0.21749911593060303
31.125,0.21928117642589925,0.01832046859614816,0.20096065042702968,0.21928657355118095
31.25,0.2210513342543311,0.01832046860300225,0.20273080725353537,0.2210568247885683
31.375,0.2228080542065946,0.01832046861053161,0.20448753413211865,0.22281359887259244
31.5,0.22453812890182448,0.01832046861196095,0.20621761353934107,0.2245437254852557
31.625,0.2263002885432402,0.018320468605928456,0.2079797690436223,0.2263059990031391
31.75,0.22817456110006373,0.018320468602079365,0.20985401386720645,0.22818029103216408
31.875,0.2301020780718939,0.018320468607785474,0.21178155363351236,0.23010785440119041
32.0,0.23201244619317646,0.018320468600053527,0.2136919106193482,0.2320183294006284
32.125,0.23403331376274547,0.0183204686009539,0.21571277554221835,0.23403921792621896
32.25,0.23605731606843608,0.018320468607402815,0.21773680322962558,0.23606338722994874
32.375,0.2381016711093868,0.01832046860985633,0.21978115285931954,0.2381078312705244
32.5,0.24015552255682354,0.01832046860557956,0.22183501438534517,0.24016178720743175
32.625,0.24223578876599083,0.01832046861741946,0.22391526375280701,0.24224206017761402
32.75,0.2443734022065592,0.018320468613806713,0.2260528677309039,0.2443796641557109
32.875,0.24656628842080108,0.018320468613660403,0.22824577288295883,0.24657268732136797
33.0,0.24868762889297347,0.018320468629619505,0.23036711458668227,0.2486942178468548
33.125,0.2511944958090422,0.0183204686396474,0.23287398312584323,0.251201157194177
33.25,0.25368034155347197,0.018320468627436103,0.23535982164110467,0.2536870193121589
33.375,0.25605093964637227,0.018320468641752023,0.23773043167524657,0.25605774735990294
33.5,0.25853383505092287,0.018320468644880815,0.24021331985045477,0.25854075354871325
33.625,0.2611779388704329,0.018320468647525658,0.2428573910034518,0.2611849899207533
33.75,0.26397034336793096,0.018320468647930827,0.24564982885704637,0.26397749858250913
33.875,0.26675523371854937,0.01832046865502126,0.24843471384010463,0.26676245437372864
34.0,0.26958338803755194,0.018320468650586924,0.25126286260970365,0.26959072115692984
34.125,0.2727928968354654,0.01832046868172855,0.25447238413594525,0.2728004079022144
34.25,0.2762174808006632,0.018320468677339236,0.25789697365070813,0.2762251154305794
34.375,0.2797921172081524,0.01832046867754182,0.2614715820564984,0.2797998654526922
34.5,0.2837294379750047,0.018320468689876922,0.2654089170697947,0.28373734208231105
34.625,0.2877439977179121,0.018320468689978213,0.2694234801843247,0.28775214122404535
34.75,0.29204474042909745,0.018320468679747733,0.27372417907857854,0.29205298173462174
34.875,0.2966910416986287,0.01832046867026006,0.27837051621075004,0.2966995312912771
35.0,0.30183463658450954,0.018320468680434267,0.28351411545685556,0.30184339016730727
35.125,0.3073126571055986,0.018320468672601026,0.2889921416486764,0.3073215579754507
35.25,0.31339141753505007,0.018320468680918217,0.29507090428077865,0.3134005566347572
35.375,0.32060377691447556,0.018320468688143705,0.30228325836949854,0.32061324116156303
35.5,0.329708525781545,0.018320468670721502,0.31138796056836926,0.3297183682094014
35.625,0.3420749906326709,0.018320468668358025,0.3237544879219455,0.3420853912201066
35.75,0.35045501616786257,0.01832046866527425,0.3321344921928578,0.350465678723664
35.875,0.36100842801465727,0.01832046867424421,0.34268790576875313,0.36101963516212915
36.0,0.3761412974930962,0.018320468661684013,0.35782081357257367,0.37615313303396036
36.125,0.38944813708164183,0.018320468662753206,0.37112757889703823,0.3894606300427581
36.25,0.40730852662976774,0.018320468660254673,0.38898799347056157,0.4073217763006146
36.375,0.4299045804764209,0.01832046865546019,0.4115840578703482,0.42991873760377747
36.5,0.4477277219835725,0.01832046865372697,0.42940722735103937,0.44774261516608144
36.625,0.46895993512202605,0.018320468636248494,0.45063943215373276,0.46897571687215095
36.75,0.5048043979978993,0.018320468644858305,0.4864838451449297,0.5048216404374551
36.875,0.5353053804610791,0.018320468652781582,0.5169847910534542,0.5353239553037643
37.0,0.5556833780063963,0.018320468647188018,0.5373627661984914,0.5557025913249736
37.125,0.5848344877767419,0.018320468642539847,0.5665139197312964,0.5848550194046815
37.25,0.6256962802114804,0.0183204686412118,0.6073757046197609,0.6257182676618124
37.375,0.69073486328125,0.01832046865035058,0.6724143697112607,0.6907595290525591
37.5,0.7559795091519543,0.018320468651599843,0.7376589921411973,0.7560063229327749
37.625,0.7984713182708648,0.01832046863541565,0.780150828107719,0.7984999527060489
37.75,0.8141544952853569,0.018320468619175186,0.7958339861328299,0.8141838660182134
37.875,0.8205321159247545,0.018320468627863778,0.8022116300136859,0.8205617931317146
38.0,0.8286151252124244,0.018320468637160123,0.8102946176507579,0.8286450640014318
38.125,0.8399129907890389,0.018320468641301834,0.8215924846316083,0.839943591858454
38.25,0.8589552219540691,0.01832046864542104,0.8406346874168591,0.8589865499307585
38.375,0.8798001107852624,0.0183204686402439,0.8614794771664809,0.8798325670218423
38.5,0.9104534045447036,0.018320468642168443,0.8921328022380752,0.9104871194348989
38.625,0.9291135666953833,0.018320468639591126,0.9107930185959525,0.9291480910798298
38.75,0.9577980617742163,0.01832046864556735,0.939477687962259,0.9578340821984801
38.875,0.9634245443200057,0.018320468643969186,0.9451041044573978,0.963460781926264
39.0,0.9684765403724509,0.018320468652500217,0.9501560307373689,0.9685131802606437
39.125,0.9750629897564199,0.01832046865538141,0.9567425114885538,0.9751000386553553
39.25,0.9803085096653135,0.018320468666613552,0.9619879800760177,0.980345601653701
39.375,0.988104321805372,0.018320468675155833,0.9697837698109467,0.9881419578539203
39.5,0.993411891049849,0.018320468681784826,0.9750913607585718,0.9934497376233087
39.625,0.9969184621943448,0.01832046868300033,0.9785979697268149,0.9969566298241969
39.75,0.9999614611853286,0.01832046868164977,0.9816409268550105,0.9999996813632742
39.875,0.9999614611853286,0.018320468698340423,0.9816409268550105,0.9999996813632742
40.0,0.9999614611853286,0.01832046867766562,0.9816409268550105,0.9999996813632742
40.125,0.9999614611853286,0.018320468657193407,0.9816409268550105,0.9999996813632742
40.25,0.9999614611853286,0.018320468661132537,0.9816409268550105,0.9999996813632742
40.375,0.9999614611853286,0.018320468642472318,0.9816409268550105,0.9999996813632742
40.5,0.9999614611853286,0.018320468650834528,0.9816409268550105,0.9999996813632742
40.625,0.9999614611853286,0.018320468633040918,0.9816409268550105,0.9999996813632742
40.75,0.9999614611853286,0.018320468653929556,0.9816409268550105,0.9999996813632742
40.875,0.9999614611853286,0.01832046865959065,0.9816409268550105,0.9999996813632742
41.0,0.9999614611853286,0.018320468651847447,0.9816409268550105,0.9999996813632742
41.125,0.9999614611853286,0.018320468665172958,0.9816409268550105,0.9999996813632742
41.25,0.9999614611853286,0.01832046866449768,0.9816409268550105,0.9999996813632742
41.375,0.9999614611853286,0.0183204686744693,0.9816409268550105,0.9999996813632742
41.5,0.9999614611853286,0.018320468677575585,0.9816409268550105,0.9999996813632742
41.625,0.9999614611853286,0.018320468680783162,0.9816409268550105,0.9999996813632742
41.75,0.9999614611853286,0.01832046869072102,0.9816409268550105,0.9999996813632742
41.875,0.9999614611853286,0.018320468689257918,0.9816409268550105,0.9999996813632742
42.0,0.9999614611853286,0.018320468694952772,0.9816409268550105,0.9999996813632742
42.125,0.9999614611853286,0.01832046869712492,0.9816409268550105,0.9999996813632742
42.25,0.9999614611853286,0.018320468693635978,0.9816409268550105,0.9999996813632742
42.375,0.9999614611853286,0.01832046867611248,0.9816409268550105,0.9999996813632742
42.5,0.9999614611853286,0.01832046866005209,0.9816409268550105,0.9999996813632742
42.625,0.9999614611853286,0.018320468656968313,0.9816409268550105,0.9999996813632742
42.75,0.9999614611853286,0.0183204686552351,0.9816409268550105,0.9999996813632742
42.875,0.9999614611853286,0.018320468663405975,0.9816409268550105,0.9999996813632742
43.0,0.9999614611853286,0.01832046866992242,0.9816409268550105,0.9999996813632742
43.125,0.9999614611853286,0.018320468688762713,0.9816409268550105,0.9999996813632742
43.25,0.9999614611853286,0.01832046868459849,0.9816409268550105,0.9999996813632742
43.375,0.9999614611853286,0.01832046868800865,0.9816409268550105,0.9999996813632742
43.5,0.9999614611853286,0.01832046869118246,0.9816409268550105,0.9999996813632742
43.625,0.9999614611853286,0.018320468680062863,0.9816409268550105,0.9999996813632742
43.75,0.9999614611853286,0.0183204686789374,0.9816409268550105,0.9999996813632742
43.875,0.9999614611853286,0.018320468686207906,0.9816409268550105,0.9999996813632742
44.0,0.9999614611853286,0.018320468690270836,0.9816409268550105,0.9999996813632742
44.125,0.9999614611853286,0.01832046868779481,0.9816409268550105,0.9999996813632742
44.25,0.9999614611853286,0.018320468682775235,0.9816409268550105,0.9999996813632742
44.375,0.9999614611853286,0.018320468687828575,0.9816409268550105,0.9999996813632742
44.5,0.9999614611853286,0.018320468694952772,0.9816409268550105,0.9999996813632742
44.625,0.9999614611853286,0.018320468700141167,0.9816409268550105,0.9999996813632742
44.75,0.9999614611853286,0.018320468699657217,0.9816409268550105,0.9999996813632742
44.875,0.9999614611853286,0.018320468701615526,0.9816409268550105,0.9999996813632742
45.0,0.9999614611853286,0.018320468694716423,0.9816409268550105,0.9999996813632742
45.125,0.9999614611853286,0.018320468699972347,0.9816409268550105,0.9999996813632742
45.25,0.9999614611853286,0.018320468701705565,0.9816409268550105,0.9999996813632742
45.375,0.9999614611853286,0.018320468696393366,0.9816409268550105,0.9999996813632742
45.5,0.9999614611853286,0.018320468700748917,0.9816409268550105,0.9999996813632742
45.625,0.9999614611853286,0.018320468697856473,0.9816409268550105,0.9999996813632742
45.75,0.9999614611853286,0.01832046869746256,0.9816409268550105,0.9999996813632742
45.875,0.9999614611853286,0.018320468702380844,0.9816409268550105,0.9999996813632742
46.0,0.9999614611853286,0.018320468702414605,0.9816409268550105,0.9999996813632742
46.125,0.9999614611853286,0.01832046871204859,0.9816409268550105,0.9999996813632742
46.25,0.9999614611853286,0.01832046870561093,0.9816409268550105,0.9999996813632742
46.375,0.9999614611853286,0.018320468708762232,0.9816409268550105,0.9999996813632742
46.5,0.9999614611853286,0.018320468713219074,0.9816409268550105,0.9999996813632742
46.625,0.9999614611853286,0.018320468710461685,0.9816409268550105,0.9999996813632742
46.75,0.9999614611853286,0.01832046871966799,0.9816409268550105,0.9999996813632742
46.875,0.9999614611853286,0.018320468719611717,0.9816409268550105,0.9999996813632742
47.0,0.9999614611853286,0.018320468708525883,0.9816409268550105,0.9999996813632742
47.125,0.9999614611853286,0.01832046870798566,0.9816409268550105,0.9999996813632742
47.25,0.9999614611853286,0.018320468706950234,0.9816409268550105,0.9999996813632742
47.375,0.9999614611853286,0.01832046870287605,0.9816409268550105,0.9999996813632742
47.5,0.9999614611853286,0.018320468698171603,0.9816409268550105,0.9999996813632742
47.625,0.9999614611853286,0.018320468698700573,0.9816409268550105,0.9999996813632742
47.75,0.9999614611853286,0.018320468685161222,0.9816409268550105,0.9999996813632742
47.875,0.9999614611853286,0.018320468700141167,0.9816409268550105,0.9999996813632742
48.0,0.9999614611853286,0.018320468709865187,0.9816409268550105,0.9999996813632742
48.125,0.9999614611853286,0.01832046869686606,0.9816409268550105,0.9999996813632742
48.25,0.9999614611853286,0.018320468697237465,0.9816409268550105,0.9999996813632742
48.375,0.9999614611853286,0.018320468690327107,0.9816409268550105,0.9999996813632742
48.5,0.9999614611853286,0.018320468692229145,0.9816409268550105,0.9999996813632742
48.625,0.9999614611853286,0.018320468690214562,0.9816409268550105,0.9999996813632742
48.75,0.9999614611853286,0.01832046868661307,0.9816409268550105,0.9999996813632742
48.875,0.9999614611853286,0.018320468687006985,0.9816409268550105,0.9999996813632742
49.0,0.9999614611853286,0.01832046869613451,0.9816409268550105,0.9999996813632742
49.125,0.9999614611853286,0.01832046870101903,0.9816409268550105,0.9999996813632742
49.25,0.9999614611853286,0.018320468706308716,0.9816409268550105,0.9999996813632742
49.375,0.9999614611853286,0.018320468706421265,0.9816409268550105,0.9999996813632742
49.5,0.9999614611853286,0.018320468714986056,0.9816409268550105,0.9999996813632742
49.625,0.9999614611853286,0.01832046870687145,0.9816409268550105,0.9999996813632742
49.75,0.9999614611853286,0.018320468715233656,0.9816409268550105,0.9999996813632742
49.875,0.9999614611853286,0.01832046871055172,0.9816409268550105,0.9999996813632742
50.0,0.9999614611853286,0.01832046870261719,0.9816409268550105,0.9999996813632742
50.125,0.9999614611853286,0.01832046869289317,0.9816409268550105,0.9999996813632742
50.25,0.9999614611853286,0.01832046870211073,0.9816409268550105,0.9999996813632742
50.375,0.9999614611853286,0.018320468701086556,0.9816409268550105,0.9999996813632742
50.5,0.9999614611853286,0.01832046869221789,0.9816409268550105,0.9999996813632742
50.625,0.9999614611853286,0.018320468705160742,0.9816409268550105,0.9999996813632742
50.75,0.9999614611853286,0.01832046870564469,0.9816409268550105,0.9999996813632742
50.875,0.9999614611853286,0.01832046871192479,0.9816409268550105,0.9999996813632742
51.0,0.9999614611853286,0.01832046870225704,0.9816409268550105,0.9999996813632742
51.125,0.9999614611853286,0.018320468719015222,0.9816409268550105,0.9999996813632742
51.25,0.9999614611853286,0.01832046872952707,0.9816409268550105,0.9999996813632742
51.375,0.9999614611853286,0.018320468732419513,0.9816409268550105,0.9999996813632742
51.5,0.9999614611853286,0.018320468726859714,0.9816409268550105,0.9999996813632742
51.625,0.9999614611853286,0.018320468727141083,0.9816409268550105,0.9999996813632742
51.75,0.9999614611853286,0.018320468720883495,0.9816409268550105,0.9999996813632742
51.875,0.9999614611853286,0.01832046870836832,0.9816409268550105,0.9999996813632742
52.0,0.9999614611853286,0.018320468710270356,0.9816409268550105,0.9999996813632742
52.125,0.9999614611853286,0.0183204687063875,0.9816409268550105,0.9999996813632742
52.25,0.9999614611853286,0.01832046871228494,0.9816409268550105,0.9999996813632742
52.375,0.9999614611853286,0.018320468714603397,0.9816409268550105,0.9999996813632742
52.5,0.9999614611853286,0.018320468713489187,0.9816409268550105,0.9999996813632742
52.625,0.9999614611853286,0.018320468723190698,0.9816409268550105,0.9999996813632742
52.75,0.9999614611853286,0.01832046872531783,0.9816409268550105,0.9999996813632742
52.875,0.9999614611853286,0.01832046871526742,0.9816409268550105,0.9999996813632742
53.0,0.9999614611853286,0.018320468723246972,0.9816409268550105,0.9999996813632742
53.125,0.9999614611853286,0.018320468715154876,0.9816409268550105,0.9999996813632742
53.25,0.9999614611853286,0.018320468713961882,0.9816409268550105,0.9999996813632742
53.375,0.9999614611853286,0.018320468719195297,0.9816409268550105,0.9999996813632742
53.5,0.9999614611853286,0.018320468718058577,0.9816409268550105,0.9999996813632742
53.625,0.9999614611853286,0.018320468717788464,0.9816409268550105,0.9999996813632742
53.75,0.9999614611853286,0.018320468716966874,0.9816409268550105,0.9999996813632742
53.875,0.9999614611853286,0.01832046871202608,0.9816409268550105,0.9999996813632742
54.0,0.9999614611853286,0.018320468709324963,0.9816409268550105,0.9999996813632742
54.125,0.9999614611853286,0.018320468708424593,0.9816409268550105,0.9999996813632742
54.25,0.9999614611853286,0.018320468701030285,0.9816409268550105,0.9999996813632742
54.375,0.9999614611853286,0.018320468694772697,0.9816409268550105,0.9999996813632742
54.5,0.9999614611853286,0.01832046868851511,0.9816409268550105,0.9999996813632742
54.625,0.9999614611853286,0.01832046868895404,0.9816409268550105,0.9999996813632742
54.75,0.9999614611853286,0.01832046868841382,0.9816409268550105,0.9999996813632742
54.875,0.9999614611853286,0.018320468690304598,0.9816409268550105,0.9999996813632742
55.0,0.9999614611853286,0.018320468689843158,0.9816409268550105,0.9999996813632742
55.125,0.9999614611853286,0.018320468683034094,0.9816409268550105,0.9999996813632742
55.25,0.9999614611853286,0.018320468690079507,0.9816409268550105,0.9999996813632742
55.375,0.9999614611853286,0.018320468699252048,0.9816409268550105,0.9999996813632742
55.5,0.9999614611853286,0.018320468704339152,0.9816409268550105,0.9999996813632742
55.625,0.9999614611853286,0.018320468708750978,0.9816409268550105,0.9999996813632742
55.75,0.9999614611853286,0.018320468708919797,0.9816409268550105,0.9999996813632742
55.875,0.9999614611853286,0.018320468717664663,0.9816409268550105,0.9999996813632742
56.0,0.9999614611853286,0.018320468724755096,0.9816409268550105,0.9999996813632742
56.125,0.9999614611853286,0.018320468719476662,0.9816409268550105,0.9999996813632742
56.25,0.9999614611853286,0.01832046870977515,0.9816409268550105,0.9999996813632742
56.375,0.9999614611853286,0.018320468713432913,0.9816409268550105,0.9999996813632742
56.5,0.9999614611853286,0.018320468703573838,0.9816409268550105,0.9999996813632742
56.625,0.9999614611853286,0.018320468697575105,0.9816409268550105,0.9999996813632742
56.75,0.9999614611853286,0.018320468715132366,0.9816409268550105,0.9999996813632742
56.875,0.9999614611853286,0.018320468722234053,0.9816409268550105,0.9999996813632742
57.0,0.9999614611853286,0.018320468727388683,0.9816409268550105,0.9999996813632742
57.125,0.9999614611853286,0.018320468728210273,0.9816409268550105,0.9999996813632742
57.25,0.9999614611853286,0.01832046871954419,0.9816409268550105,0.9999996813632742
57.375,0.9999614611853286,0.018320468727388683,0.9816409268550105,0.9999996813632742
57.5,0.9999614611853286,0.01832046873207062,0.9816409268550105,0.9999996813632742
57.625,0.9999614611853286,0.018320468741772133,0.9816409268550105,0.9999996813632742
57.75,0.9999614611853286,0.01832046872977467,0.9816409268550105,0.9999996813632742
57.875,0.9999614611853286,0.01832046873386011,0.9816409268550105,0.9999996813632742
58.0,0.9999614611853286,0.018320468732678372,0.9816409268550105,0.9999996813632742
58.125,0.9999614611853286,0.01832046873059626,0.9816409268550105,0.9999996813632742
58.25,0.9999614611853286,0.018320468728018947,0.9816409268550105,0.9999996813632742
58.375,0.9999614611853286,0.01832046871558255,0.9816409268550105,0.9999996813632742
58.5,0.9999614611853286,0.01832046870624119,0.9816409268550105,0.9999996813632742
58.625,0.9999614611853286,0.018320468703720148,0.9816409268550105,0.9999996813632742
58.75,0.9999614611853286,0.01832046871117073,0.9816409268550105,0.9999996813632742
58.875,0.9999614611853286,0.01832046871045043,0.9816409268550105,0.9999996813632742
59.0,0.9999614611853286,0.018320468705340816,0.9816409268550105,0.9999996813632742
59.125,0.9999614611853286,0.018320468705802256,0.9816409268550105,0.9999996813632742
59.25,0.9999614611853286,0.01832046869329834,0.9816409268550105,0.9999996813632742
59.375,0.9999614611853286,0.01832046869644964,0.9816409268550105,0.9999996813632742
59.5,0.9999614611853286,0.01832046869782271,0.9816409268550105,0.9999996813632742
59.625,0.9999614611853286,0.01832046870044504,0.9816409268550105,0.9999996813632742
59.75,0.9999614611853286,0.018320468696798535,0.9816409268550105,0.9999996813632742
59.875,0.9999614611853286,0.018320468689404228,0.9816409268550105,0.9999996813632742
60.0,0.9999614611853286,0.01832046868672562,0.9816409268550105,0.9999996813632742
60.125,0.9999614611853286,0.018320468683045345,0.9816409268550105,0.9999996813632742
60.25,0.9999614611853286,0.01832046868794112,0.9816409268550105,0.9999996813632742
60.375,0.9999614611853286,0.018320468701345415,0.9816409268550105,0.9999996813632742
60.5,0.9999614611853286,0.018320468699364597,0.9816409268550105,0.9999996813632742
60.625,0.9999614611853286,0.018320468710270356,0.9816409268550105,0.9999996813632742
60.75,0.9999614611853286,0.01832046870293232,0.9816409268550105,0.9999996813632742
60.875,0.9999614611853286,0.018320468704620518,0.9816409268550105,0.9999996813632742
61.0,0.9999614611853286,0.018320468702189514,0.9816409268550105,0.9999996813632742
61.125,0.9999614611853286,0.018320468700433787,0.9816409268550105,0.9999996813632742
61.25,0.9999614611853286,0.018320468694592622,0.9816409268550105,0.9999996813632742
61.375,0.9999614611853286,0.018320468691340026,0.9816409268550105,0.9999996813632742
61.5,0.9999614611853286,0.01832046869891441,0.9816409268550105,0.9999996813632742
61.625,0.9999614611853286,0.018320468696562186,0.9816409268550105,0.9999996813632742
61.75,0.9999614611853286,0.01832046871120449,0.9816409268550105,0.9999996813632742
61.875,0.9999614611853286,0.01832046871245376,0.9816409268550105,0.9999996813632742
62.0,0.9999614611853286,0.018320468706421265,0.9816409268550105,0.9999996813632742
62.125,0.9999614611853286,0.01832046869775518,0.9816409268550105,0.9999996813632742
62.25,0.9999614611853286,0.018320468704958157,0.9816409268550105,0.9999996813632742
62.375,0.9999614611853286,0.01832046870624119,0.9816409268550105,0.9999996813632742
62.5,0.9999614611853286,0.01832046870078268,0.9816409268550105,0.9999996813632742
62.625,0.9999614611853286,0.0183204686905522,0.9816409268550105,0.9999996813632742
62.75,0.9999614611853286,0.018320468700962756,0.9816409268550105,0.9999996813632742
62.875,0.9999614611853286,0.018320468690507182,0.9816409268550105,0.9999996813632742
63.0,0.9999614611853286,0.018320468693512174,0.9816409268550105,0.9999996813632742
63.125,0.9999614611853286,0.01832046868856013,0.9816409268550105,0.9999996813632742
63.25,0.9999614611853286,0.018320468680670617,0.9816409268550105,0.9999996813632742
63.375,0.9999614611853286,0.018320468688965294,0.9816409268550105,0.9999996813632742
63.5,0.9999614611853286,0.018320468679218764,0.9816409268550105,0.9999996813632742
63.625,0.9999614611853286,0.01832046867485196,0.9816409268550105,0.9999996813632742
63.75,0.9999614611853286,0.018320468679826517,0.9816409268550105,0.9999996813632742
63.875,0.9999614611853286,0.018320468689111604,0.9816409268550105,0.9999996813632742
64.0,0.9999614611853286,0.018320468679972828,0.9816409268550105,0.9999996813632742
64.125,0.9999614611853286,0.018320468677114145,0.9816409268550105,0.9999996813632742
64.25,0.9999614611853286,0.018320468678228355,0.9816409268550105,0.9999996813632742
64.375,0.9999614611853286,0.018320468681368402,0.9816409268550105,0.9999996813632742
64.5,0.9999614611853286,0.0183204686764051,0.9816409268550105,0.9999996813632742
64.625,0.9999614611853286,0.01832046866777278,0.9816409268550105,0.9999996813632742
64.75,0.9999614611853286,0.01832046866467775,0.9816409268550105,0.9999996813632742
64.875,0.9999614611853286,0.018320468675437202,0.9816409268550105,0.9999996813632742
65.0,0.9999614611853286,0.01832046867166689,0.9816409268550105,0.9999996813632742
65.125,0.9999614611853286,0.018320468662505602,0.9816409268550105,0.9999996813632742
65.25,0.9999614611853286,0.0183204686783409,0.9816409268550105,0.9999996813632742
65.375,0.9999614611853286,0.018320468679027434,0.9816409268550105,0.9999996813632742
65.5,0.9999614611853286,0.018320468687299606,0.9816409268550105,0.9999996813632742
65.625,0.9999614611853286,0.018320468681717297,0.9816409268550105,0.9999996813632742
65.75,0.9999614611853286,0.018320468681683535,0.9816409268550105,0.9999996813632742
65.875,0.9999614611853286,0.018320468673782765,0.9816409268550105,0.9999996813632742
66.0,0.9999614611853286,0.018320468680400503,0.9816409268550105,0.9999996813632742
66.125,0.9999614611853286,0.018320468694964027,0.9816409268550105,0.9999996813632742
66.25,0.9999614611853286,0.018320468693478413,0.9816409268550105,0.9999996813632742
66.375,0.9999614611853286,0.018320468685667682,0.9816409268550105,0.9999996813632742
66.5,0.9999614611853286,0.01832046869664097,0.9816409268550105,0.9999996813632742
66.625,0.9999614611853286,0.018320468690630982,0.9816409268550105,0.9999996813632742
66.75,0.9999614611853286,0.018320468697192446,0.9816409268550105,0.9999996813632742
66.875,0.9999614611853286,0.018320468709887697,0.9816409268550105,0.9999996813632742
67.0,0.9999614611853286,0.018320468707659274,0.9816409268550105,0.9999996813632742
67.125,0.9999614611853286,0.018320468704688047,0.9816409268550105,0.9999996813632742
67.25,0.9999614611853286,0.018320468710461685,0.9816409268550105,0.9999996813632742
67.375,0.9999614611853286,0.01832046870104154,0.9816409268550105,0.9999996813632742
67.5,0.9999614611853286,0.018320468702099475,0.9816409268550105,0.9999996813632742
67.625,0.9999614611853286,0.018320468690540947,0.9816409268550105,0.9999996813632742
67.75,0.9999614611853286,0.018320468696607205,0.9816409268550105,0.9999996813632742
67.875,0.9999614611853286,0.01832046869581938,0.9816409268550105,0.9999996813632742
68.0,0.9999614611853286,0.01832046869596569,0.9816409268550105,0.9999996813632742
68.125,0.9999614611853286,0.01832046868827876,0.9816409268550105,0.9999996813632742
68.25,0.9999614611853286,0.01832046869419871,0.9816409268550105,0.9999996813632742
68.375,0.9999614611853286,0.01832046869621329,0.9816409268550105,0.9999996813632742
68.5,0.9999614611853286,0.018320468692836895,0.9816409268550105,0.9999996813632742
68.625,0.9999614611853286,0.0183204686865568,0.9816409268550105,0.9999996813632742
68.75,0.9999614611853286,0.018320468690214562,0.9816409268550105,0.9999996813632742
68.875,0.9999614611853286,0.01832046867751931,0.9816409268550105,0.9999996813632742
69.0,0.9999614611853286,0.018320468679781498,0.9816409268550105,0.9999996813632742
69.125,0.9999614611853286,0.018320468678183335,0.9816409268550105,0.9999996813632742
69.25,0.9999614611853286,0.018320468668718174,0.9816409268550105,0.9999996813632742
69.375,0.9999614611853286,0.018320468672060806,0.9816409268550105,0.9999996813632742
69.5,0.9999614611853286,0.018320468674525574,0.9816409268550105,0.9999996813632742
69.625,0.9999614611853286,0.0183204686788136,0.9816409268550105,0.9999996813632742
69.75,0.9999614611853286,0.018320468685915282,0.9816409268550105,0.9999996813632742
69.875,0.9999614611853286,0.018320468685780227,0.9816409268550105,0.9999996813632742
70.0,0.9999614611853286,0.018320468682099956,0.9816409268550105,0.9999996813632742
70.125,0.9999614611853286,0.018320468678250865,0.9816409268550105,0.9999996813632742
70.25,0.9999614611853286,0.01832046868384443,0.9816409268550105,0.9999996813632742
70.375,0.9999614611853286,0.018320468682122466,0.9816409268550105,0.9999996813632742
70.5,0.9999614611853286,0.01832046868394572,0.9816409268550105,0.9999996813632742
70.625,0.9999614611853286,0.01832046867773315,0.9816409268550105,0.9999996813632742
70.75,0.9999614611853286,0.01832046866552185,0.9816409268550105,0.9999996813632742
70.875,0.9999614611853286,0.018320468668583115,0.9816409268550105,0.9999996813632742
71.0,0.9999614611853286,0.01832046867804828,0.9816409268550105,0.9999996813632742
71.125,0.9999614611853286,0.01832046868358557,0.9816409268550105,0.9999996813632742
71.25,0.9999614611853286,0.018320468689269172,0.9816409268550105,0.9999996813632742
71.375,0.9999614611853286,0.01832046869194778,0.9816409268550105,0.9999996813632742
71.5,0.9999614611853286,0.018320468694693913,0.9816409268550105,0.9999996813632742
71.625,0.9999614611853286,0.018320468689246663,0.9816409268550105,0.9999996813632742
71.75,0.9999614611853286,0.01832046869219538,0.9816409268550105,0.9999996813632742
71.875,0.9999614611853286,0.01832046868773854,0.9816409268550105,0.9999996813632742
72.0,0.9999614611853286,0.018320468690225817,0.9816409268550105,0.9999996813632742
72.125,0.9999614611853286,0.018320468689055333,0.9816409268550105,0.9999996813632742
72.25,0.9999614611853286,0.018320468700478806,0.9816409268550105,0.9999996813632742
72.375,0.9999614611853286,0.018320468698689318,0.9816409268550105,0.9999996813632742
72.5,0.9999614611853286,0.018320468690270836,0.9816409268550105,0.9999996813632742
72.625,0.9999614611853286,0.018320468701806855,0.9816409268550105,0.9999996813632742
72.75,0.9999614611853286,0.01832046869787898,0.9816409268550105,0.9999996813632742
72.875,0.9999614611853286,0.0183204686932083,0.9816409268550105,0.9999996813632742
73.0,0.9999614611853286,0.018320468693771033,0.9816409268550105,0.9999996813632742
73.125,0.9999614611853286,0.0183204686969561,0.9816409268550105,0.9999996813632742
73.25,0.9999614611853286,0.018320468695357937,0.9816409268550105,0.9999996813632742
73.375,0.9999614611853286,0.018320468692926934,0.9816409268550105,0.9999996813632742
73.5,0.9999614611853286,0.01832046868830127,0.9816409268550105,0.9999996813632742
73.625,0.9999614611853286,0.018320468689831903,0.9816409268550105,0.9999996813632742
73.75,0.9999614611853286,0.01832046868760348,0.9816409268550105,0.9999996813632742
73.875,0.9999614611853286,0.01832046869700112,0.9816409268550105,0.9999996813632742
74.0,0.9999614611853286,0.018320468700816446,0.9816409268550105,0.9999996813632742
74.125,0.9999614611853286,0.018320468698903154,0.9816409268550105,0.9999996813632742
74.25,0.9999614611853286,0.018320468703224943,0.9816409268550105,0.9999996813632742
74.375,0.9999614611853286,0.018320468708041934,0.9816409268550105,0.9999996813632742
74.5,0.9999614611853286,0.01832046870089523,0.9816409268550105,0.9999996813632742
74.625,0.9999614611853286,0.018320468712341213,0.9816409268550105,0.9999996813632742
74.75,0.9999614611853286,0.01832046872230158,0.9816409268550105,0.9999996813632742
74.875,0.9999614611853286,0.018320468731744234,0.9816409268550105,0.9999996813632742
75.0,0.9999614611853286,0.01832046872832282,0.9816409268550105,0.9999996813632742
75.125,0.9999614611853286,0.018320468732802173,0.9816409268550105,0.9999996813632742
75.25,0.9999614611853286,0.018320468722526673,0.9816409268550105,0.9999996813632742
75.375,0.9999614611853286,0.01832046872481137,0.9816409268550105,0.9999996813632742
75.5,0.9999614611853286,0.018320468722582948,0.9816409268550105,0.9999996813632742
75.625,0.9999614611853286,0.018320468715593806,0.9816409268550105,0.9999996813632742
75.75,0.9999614611853286,0.018320468716663,0.9816409268550105,0.9999996813632742
75.875,0.9999614611853286,0.018320468709234927,0.9816409268550105,0.9999996813632742
76.0,0.9999614611853286,0.018320468708435848,0.9816409268550105,0.9999996813632742
76.125,0.9999614611853286,0.018320468704215352,0.9816409268550105,0.9999996813632742
76.25,0.9999614611853286,0.018320468708300792,0.9816409268550105,0.9999996813632742
76.375,0.9999614611853286,0.0183204687034838,0.9816409268550105,0.9999996813632742
76.5,0.9999614611853286,0.01832046870914489,0.9816409268550105,0.9999996813632742
76.625,0.9999614611853286,0.018320468709640096,0.9816409268550105,0.9999996813632742
76.75,0.9999614611853286,0.018320468709696367,0.9816409268550105,0.9999996813632742
76.875,0.9999614611853286,0.018320468718632563,0.9816409268550105,0.9999996813632742
77.0,0.9999614611853286,0.018320468723809703,0.9816409268550105,0.9999996813632742
77.125,0.9999614611853286,0.018320468728154002,0.9816409268550105,0.9999996813632742
77.25,0.9999614611853286,0.018320468736797574,0.9816409268550105,0.9999996813632742
77.375,0.9999614611853286,0.018320468742526193,0.9816409268550105,0.9999996813632742
77.5,0.9999614611853286,0.018320468747174367,0.9816409268550105,0.9999996813632742
77.625,0.9999614611853286,0.01832046873121527,0.9816409268550105,0.9999996813632742
77.75,0.9999614611853286,0.018320468740421574,0.9816409268550105,0.9999996813632742
77.875,0.9999614611853286,0.01832046874152453,0.9816409268550105,0.9999996813632742
78.0,0.9999614611853286,0.018320468737157723,0.9816409268550105,0.9999996813632742
78.125,0.9999614611853286,0.01832046872754625,0.9816409268550105,0.9999996813632742
78.25,0.9999614611853286,0.0183204687252503,0.9816409268550105,0.9999996813632742
78.375,0.9999614611853286,0.018320468733117302,0.9816409268550105,0.9999996813632742
78.5,0.9999614611853286,0.018320468728671716,0.9816409268550105,0.9999996813632742
78.625,0.9999614611853286,0.018320468738497027,0.9816409268550105,0.9999996813632742
78.75,0.9999614611853286,0.01832046873320734,0.9816409268550105,0.9999996813632742
78.875,0.9999614611853286,0.018320468719803047,0.9816409268550105,0.9999996813632742
79.0,0.9999614611853286,0.018320468731158994,0.9816409268550105,0.9999996813632742
79.125,0.9999614611853286,0.018320468733623762,0.9816409268550105,0.9999996813632742
79.25,0.9999614611853286,0.018320468723359518,0.9816409268550105,0.9999996813632742
79.375,0.9999614611853286,0.018320468735638345,0.9816409268550105,0.9999996813632742
79.5,0.9999614611853286,0.018320468738654592,0.9816409268550105,0.9999996813632742
79.625,0.9999614611853286,0.01832046874472085,0.9816409268550105,0.9999996813632742
79.75,0.9999614611853286,0.01832046872657835,0.9816409268550105,0.9999996813632742
79.875,0.9999614611853286,0.01832046873400642,0.9816409268550105,0.9999996813632742
80.0,0.9999614611853286,0.018320468745047235,0.9816409268550105,0.9999996813632742
80.125,0.9999614611853286,0.01832046874401181,0.9816409268550105,0.9999996813632742
80.25,0.9999614611853286,0.01832046873889094,0.9816409268550105,0.9999996813632742
80.375,0.9999614611853286,0.01832046873303852,0.9816409268550105,0.9999996813632742
80.5,0.9999614611853286,0.018320468728604187,0.9816409268550105,0.9999996813632742
80.625,0.9999614611853286,0.018320468732959738,0.9816409268550105,0.9999996813632742
80.75,0.9999614611853286,0.018320468734310296,0.9816409268550105,0.9999996813632742
80.875,0.9999614611853286,0.018320468741783388,0.9816409268550105,0.9999996813632742
81.0,0.9999614611853286,0.01832046873410771,0.9816409268550105,0.9999996813632742
81.125,0.9999614611853286,0.018320468738879686,0.9816409268550105,0.9999996813632742
81.25,0.9999614611853286,0.018320468737337798,0.9816409268550105,0.9999996813632742
81.375,0.9999614611853286,0.01832046873620108,0.9816409268550105,0.9999996813632742
81.5,0.9999614611853286,0.018320468733184832,0.9816409268550105,0.9999996813632742
81.625,0.9999614611853286,0.01832046873422026,0.9816409268550105,0.9999996813632742
81.75,0.9999614611853286,0.018320468738035587,0.9816409268550105,0.9999996813632742
81.875,0.9999614611853286,0.01832046873526694,0.9816409268550105,0.9999996813632742
82.0,0.9999614611853286,0.018320468735300705,0.9816409268550105,0.9999996813632742
82.125,0.9999614611853286,0.018320468727658797,0.9816409268550105,0.9999996813632742
82.25,0.9999614611853286,0.018320468737709202,0.9816409268550105,0.9999996813632742
82.375,0.9999614611853286,0.01832046873821566,0.9816409268550105,0.9999996813632742
82.5,0.9999614611853286,0.018320468742289847,0.9816409268550105,0.9999996813632742
82.625,0.9999614611853286,0.01832046874409059,0.9816409268550105,0.9999996813632742
82.75,0.9999614611853286,0.018320468751788773,0.9816409268550105,0.9999996813632742
82.875,0.9999614611853286,0.018320468761850436,0.9816409268550105,0.9999996813632742
83.0,0.9999614611853286,0.018320468755772923,0.9816409268550105,0.9999996813632742
83.125,0.9999614611853286,0.01832046875110224,0.9816409268550105,0.9999996813632742
83.25,0.9999614611853286,0.01832046874072545,0.9816409268550105,0.9999996813632742
83.375,0.9999614611853286,0.01832046873983633,0.9816409268550105,0.9999996813632742
83.5,0.9999614611853286,0.018320468747196877,0.9816409268550105,0.9999996813632742
83.625,0.9999614611853286,0.018320468742920107,0.9816409268550105,0.9999996813632742
83.75,0.9999614611853286,0.01832046872953832,0.9816409268550105,0.9999996813632742
83.875,0.9999614611853286,0.018320468725239045,0.9816409268550105,0.9999996813632742
84.0,0.9999614611853286,0.018320468736594993,0.9816409268550105,0.9999996813632742
84.125,0.9999614611853286,0.018320468732543317,0.9816409268550105,0.9999996813632742
84.25,0.9999614611853286,0.018320468736763813,0.9816409268550105,0.9999996813632742
84.375,0.9999614611853286,0.018320468731811763,0.9816409268550105,0.9999996813632742
84.5,0.9999614611853286,0.01832046872558794,0.9816409268550105,0.9999996813632742
84.625,0.9999614611853286,0.018320468727568758,0.9816409268550105,0.9999996813632742
84.75,0.9999614611853286,0.018320468728075218,0.9816409268550105,0.9999996813632742
84.875,0.9999614611853286,0.018320468738058097,0.9816409268550105,0.9999996813632742
85.0,0.9999614611853286,0.01832046874278505,0.9816409268550105,0.9999996813632742
85.125,0.9999614611853286,0.018320468750381944,0.9816409268550105,0.9999996813632742
85.25,0.9999614611853286,0.01832046875059578,0.9816409268550105,0.9999996813632742
85.375,0.9999614611853286,0.01832046873516565,0.9816409268550105,0.9999996813632742
85.5,0.9999614611853286,0.0183204687309339,0.9816409268550105,0.9999996813632742
85.625,0.9999614611853286,0.01832046872786138,0.9816409268550105,0.9999996813632742
85.75,0.9999614611853286,0.018320468738305697,0.9816409268550105,0.9999996813632742
85.875,0.9999614611853286,0.018320468732633353,0.9816409268550105,0.9999996813632742
86.0,0.9999614611853286,0.0183204687395212,0.9816409268550105,0.9999996813632742
86.125,0.9999614611853286,0.018320468739746295,0.9816409268550105,0.9999996813632742
86.25,0.9999614611853286,0.018320468742030988,0.9816409268550105,0.9999996813632742
86.375,0.9999614611853286,0.01832046874853618,0.9816409268550105,0.9999996813632742
86.5,0.9999614611853286,0.018320468749582864,0.9816409268550105,0.9999996813632742
86.625,0.9999614611853286,0.018320468751709992,0.9816409268550105,0.9999996813632742
86.75,0.9999614611853286,0.01832046874527233,0.9816409268550105,0.9999996813632742
86.875,0.9999614611853286,0.018320468743516605,0.9816409268550105,0.9999996813632742
87.0,0.9999614611853286,0.018320468752711656,0.9816409268550105,0.9999996813632742
87.125,0.9999614611853286,0.018320468755660374,0.9816409268550105,0.9999996813632742
87.25,0.9999614611853286,0.01832046876703883,0.9816409268550105,0.9999996813632742
87.375,0.9999614611853286,0.01832046875965578,0.9816409268550105,0.9999996813632742
87.5,0.9999614611853286,0.018320468765215578,0.9816409268550105,0.9999996813632742
87.625,0.9999614611853286,0.018320468774421884,0.9816409268550105,0.9999996813632742
87.75,0.9999614611853286,0.018320468771079252,0.9816409268550105,0.9999996813632742
87.875,0.9999614611853286,0.0183204687676916,0.9816409268550105,0.9999996813632742
88.0,0.9999614611853286,0.018320468766734956,0.9816409268550105,0.9999996813632742
88.125,0.9999614611853286,0.018320468757326066,0.9816409268550105,0.9999996813632742
88.25,0.9999614611853286,0.018320468760083454,0.9816409268550105,0.9999996813632742
88.375,0.9999614611853286,0.0183204687497967,0.9816409268550105,0.9999996813632742
88.5,0.9999614611853286,0.018320468754546165,0.9816409268550105,0.9999996813632742
88.625,0.9999614611853286,0.018320468758654115,0.9816409268550105,0.9999996813632742
88.75,0.9999614611853286,0.018320468743617896,0.9816409268550105,0.9999996813632742
88.875,0.9999614611853286,0.01832046874971792,0.9816409268550105,0.9999996813632742
89.0,0.9999614611853286,0.018320468760713714,0.9816409268550105,0.9999996813632742
89.125,0.9999614611853286,0.018320468753747085,0.9816409268550105,0.9999996813632742
89.25,0.9999614611853286,0.018320468756864623,0.9816409268550105,0.9999996813632742
89.375,0.9999614611853286,0.018320468755176424,0.9816409268550105,0.9999996813632742
89.5,0.9999614611853286,0.018320468747466987,0.9816409268550105,0.9999996813632742
89.625,0.9999614611853286,0.018320468743190217,0.9816409268550105,0.9999996813632742
89.75,0.9999614611853286,0.018320468746341523,0.9816409268550105,0.9999996813632742
89.875,0.9999614611853286,0.018320468747298167,0.9816409268550105,0.9999996813632742
90.0,0.9999614611853286,0.018320468754017195,0.9816409268550105,0.9999996813632742
90.125,0.9999614611853286,0.01832046874977419,0.9816409268550105,0.9999996813632742
90.25,0.9999614611853286,0.01832046873838448,0.9816409268550105,0.9999996813632742
90.375,0.9999614611853286,0.01832046873944242,0.9816409268550105,0.9999996813632742
90.5,0.9999614611853286,0.01832046873617857,0.9816409268550105,0.9999996813632742
90.625,0.9999614611853286,0.01832046873415273,0.9816409268550105,0.9999996813632742
90.75,0.9999614611853286,0.01832046872909939,0.9816409268550105,0.9999996813632742
90.875,0.9999614611853286,0.01832046872462004,0.9816409268550105,0.9999996813632742
91.0,0.9999614611853286,0.018320468728221528,0.9816409268550105,0.9999996813632742
91.125,0.9999614611853286,0.018320468727366174,0.9816409268550105,0.9999996813632742
91.25,0.9999614611853286,0.01832046873495181,0.9816409268550105,0.9999996813632742
91.375,0.9999614611853286,0.01832046873465919,0.9816409268550105,0.9999996813632742
91.5,0.9999614611853286,0.01832046873985884,0.9816409268550105,0.9999996813632742
91.625,0.9999614611853286,0.018320468742514938,0.9816409268550105,0.9999996813632742
91.75,0.9999614611853286,0.018320468746893,0.9816409268550105,0.9999996813632742
91.875,0.9999614611853286,0.018320468745981373,0.9816409268550105,0.9999996813632742
92.0,0.9999614611853286,0.018320468735638345,0.9816409268550105,0.9999996813632742
92.125,0.9999614611853286,0.018320468735109376,0.9816409268550105,0.9999996813632742
92.25,0.9999614611853286,0.018320468733601252,0.9816409268550105,0.9999996813632742
92.375,0.9999614611853286,0.01832046872967338,0.9816409268550105,0.9999996813632742
92.5,0.9999614611853286,0.018320468727816362,0.9816409268550105,0.9999996813632742
92.625,0.9999614611853286,0.018320468737934296,0.9816409268550105,0.9999996813632742
92.75,0.9999614611853286,0.018320468735131885,0.9816409268550105,0.9999996813632742
92.875,0.9999614611853286,0.018320468741648333,0.9816409268550105,0.9999996813632742
93.0,0.9999614611853286,0.01832046874986423,0.9816409268550105,0.9999996813632742
93.125,0.9999614611853286,0.018320468747568278,0.9816409268550105,0.9999996813632742
93.25,0.9999614611853286,0.01832046875411849,0.9816409268550105,0.9999996813632742
93.375,0.9999614611853286,0.018320468751687483,0.9816409268550105,0.9999996813632742
93.5,0.9999614611853286,0.018320468746780453,0.9816409268550105,0.9999996813632742
93.625,0.9999614611853286,0.018320468747005547,0.9816409268550105,0.9999996813632742
93.75,0.9999614611853286,0.01832046875695466,0.9816409268550105,0.9999996813632742
93.875,0.9999614611853286,0.018320468751068478,0.9816409268550105,0.9999996813632742
94.0,0.9999614611853286,0.018320468751935087,0.9816409268550105,0.9999996813632742
94.125,0.9999614611853286,0.018320468751935087,0.9816409268550105,0.9999996813632742
94.25,0.9999614611853286,0.01832046875238527,0.9816409268550105,0.9999996813632742
94.375,0.9999614611853286,0.018320468747241893,0.9816409268550105,0.9999996813632742
94.5,0.9999614611853286,0.018320468737574147,0.9816409268550105,0.9999996813632742
94.625,0.9999614611853286,0.018320468744653325,0.9816409268550105,0.9999996813632742
94.75,0.9999614611853286,0.018320468743032652,0.9816409268550105,0.9999996813632742
94.875,0.9999614611853286,0.01832046874038781,0.9816409268550105,0.9999996813632742
95.0,0.9999614611853286,0.018320468737731712,0.9816409268550105,0.9999996813632742
95.125,0.9999614611853286,0.018320468737439092,0.9816409268550105,0.9999996813632742
95.25,0.9999614611853286,0.01832046872994349,0.9816409268550105,0.9999996813632742
95.375,0.9999614611853286,0.01832046873508687,0.9816409268550105,0.9999996813632742
95.5,0.9999614611853286,0.01832046874316771,0.9816409268550105,0.9999996813632742
95.625,0.9999614611853286,0.018320468753263135,0.9816409268550105,0.9999996813632742
95.75,0.9999614611853286,0.018320468754838785,0.9816409268550105,0.9999996813632742
95.875,0.9999614611853286,0.018320468751507408,0.9816409268550105,0.9999996813632742
96.0,0.9999614611853286,0.01832046874517104,0.9816409268550105,0.9999996813632742
96.125,0.9999614611853286,0.01832046874994301,0.9816409268550105,0.9999996813632742
96.25,0.9999614611853286,0.018320468756662038,0.9816409268550105,0.9999996813632742
96.375,0.9999614611853286,0.01832046875129357,0.9816409268550105,0.9999996813632742
96.5,0.9999614611853286,0.018320468756335653,0.9816409268550105,0.9999996813632742
96.625,0.9999614611853286,0.018320468751867557,0.9816409268550105,0.9999996813632742
96.75,0.9999614611853286,0.018320468762548225,0.9816409268550105,0.9999996813632742
96.875,0.9999614611853286,0.018320468755559084,0.9816409268550105,0.9999996813632742
97.0,0.9999614611853286,0.01832046875303804,0.9816409268550105,0.9999996813632742
97.125,0.9999614611853286,0.018320468765969638,0.9816409268550105,0.9999996813632742
97.25,0.9999614611853286,0.018320468768333115,0.9816409268550105,0.9999996813632742
97.375,0.9999614611853286,0.01832046877828223,0.9816409268550105,0.9999996813632742
97.5,0.9999614611853286,0.01832046878831013,0.9816409268550105,0.9999996813632742
97.625,0.9999614611853286,0.01832046878918799,0.9816409268550105,0.9999996813632742
97.75,0.9999614611853286,0.01832046879245184,0.9816409268550105,0.9999996813632742
97.875,0.9999614611853286,0.0183204687929583,0.9816409268550105,0.9999996813632742
98.0,0.9999614611853286,0.01832046878838891,0.9816409268550105,0.9999996813632742
98.125,0.9999614611853286,0.01832046878592414,0.9816409268550105,0.9999996813632742
98.25,0.9999614611853286,0.018320468795141702,0.9816409268550105,0.9999996813632742
98.375,0.9999614611853286,0.01832046879697621,0.9816409268550105,0.9999996813632742
98.5,0.9999614611853286,0.018320468795535616,0.9816409268550105,0.9999996813632742
98.625,0.9999614611853286,0.018320468802108334,0.9816409268550105,0.9999996813632742
98.75,0.9999614611853286,0.01832046880019504,0.9816409268550105,0.9999996813632742
98.875,0.9999614611853286,0.018320468793554794,0.9816409268550105,0.9999996813632742
99.0,0.9999614611853286,0.018320468785428937,0.9816409268550105,0.9999996813632742
99.125,0.9999614611853286,0.01832046878845644,0.9816409268550105,0.9999996813632742
99.25,0.9999614611853286,0.018320468785451446,0.9816409268550105,0.9999996813632742
99.375,0.9999614611853286,0.018320468785046277,0.9816409268550105,0.9999996813632742
99.5,0.9999614611853286,0.018320468776402702,0.9816409268550105,0.9999996813632742
99.625,0.9999614611853286,0.018320468770280172,0.9816409268550105,0.9999996813632742
99.75,0.9999614611853286,0.01832046877811341,0.9816409268550105,0.9999996813632742
99.875,0.9999614611853286,0.018320468779227623,0.9816409268550105,0.9999996813632742
100.0,0.9999614611853286,0.018320468778608615,0.9816409268550105,0.9999996813632742
100.125,0.9999614611853286,0.018320468776965436,0.9816409268550105,0.9999996813632742
100.25,0.9999614611853286,0.018320468771394382,0.9816409268550105,0.9999996813632742
100.375,0.9999614611853286,0.018320468775187202,0.9816409268550105,0.9999996813632742
100.5,0.9999614611853286,0.018320468775682407,0.9816409268550105,0.9999996813632742
100.625,0.9999614611853286,0.018320468778248465,0.9816409268550105,0.9999996813632742
100.75,0.9999614611853286,0.018320468771394382,0.9816409268550105,0.9999996813632742
100.875,0.9999614611853286,0.018320468767263925,0.9816409268550105,0.9999996813632742
101.0,0.9999614611853286,0.018320468765575727,0.9816409268550105,0.9999996813632742
101.125,0.9999614611853286,0.01832046877361155,0.9816409268550105,0.9999996813632742
101.25,0.9999614611853286,0.01832046876910969,0.9816409268550105,0.9999996813632742
101.375,0.9999614611853286,0.018320468766644917,0.9816409268550105,0.9999996813632742
101.5,0.9999614611853286,0.01832046876341483,0.9816409268550105,0.9999996813632742
101.625,0.9999614611853286,0.018320468760691207,0.9816409268550105,0.9999996813632742
101.75,0.9999614611853286,0.018320468761490287,0.9816409268550105,0.9999996813632742
101.875,0.9999614611853286,0.018320468756560748,0.9816409268550105,0.9999996813632742
102.0,0.9999614611853286,0.018320468753195606,0.9816409268550105,0.9999996813632742
102.125,0.9999614611853286,0.018320468751023458,0.9816409268550105,0.9999996813632742
102.25,0.9999614611853286,0.018320468742267337,0.9816409268550105,0.9999996813632742
102.375,0.9999614611853286,0.018320468742863832,0.9816409268550105,0.9999996813632742
102.5,0.9999614611853286,0.018320468746769198,0.9816409268550105,0.9999996813632742
102.625,0.9999614611853286,0.018320468742289847,0.9816409268550105,0.9999996813632742
102.75,0.9999614611853286,0.01832046874367417,0.9816409268550105,0.9999996813632742
102.875,0.9999614611853286,0.018320468750798364,0.9816409268550105,0.9999996813632742
103.0,0.9999614611853286,0.018320468751755012,0.9816409268550105,0.9999996813632742
103.125,0.9999614611853286,0.018320468746003883,0.9816409268550105,0.9999996813632742
103.25,0.9999614611853286,0.018320468739870095,0.9816409268550105,0.9999996813632742
103.375,0.9999614611853286,0.018320468732104384,0.9816409268550105,0.9999996813632742
103.5,0.9999614611853286,0.01832046874626274,0.9816409268550105,0.9999996813632742
103.625,0.9999614611853286,0.01832046874565499,0.9816409268550105,0.9999996813632742
103.75,0.9999614611853286,0.018320468748524926,0.9816409268550105,0.9999996813632742
103.875,0.9999614611853286,0.018320468751777518,0.9816409268550105,0.9999996813632742
104.0,0.9999614611853286,0.018320468755705394,0.9816409268550105,0.9999996813632742
104.125,0.9999614611853286,0.018320468767196396,0.9816409268550105,0.9999996813632742
104.25,0.9999614611853286,0.018320468762458186,0.9816409268550105,0.9999996813632742
104.375,0.9999614611853286,0.018320468773476494,0.9816409268550105,0.9999996813632742
104.5,0.9999614611853286,0.018320468775401038,0.9816409268550105,0.9999996813632742
104.625,0.9999614611853286,0.018320468777550676,0.9816409268550105,0.9999996813632742
104.75,0.9999614611853286,0.01832046877719053,0.9816409268550105,0.9999996813632742
104.875,0.9999614611853286,0.018320468769447328,0.9816409268550105,0.9999996813632742
105.0,0.9999614611853286,0.01832046876432646,0.9816409268550105,0.9999996813632742
105.125,0.9999614611853286,0.018320468760972573,0.9816409268550105,0.9999996813632742
105.25,0.9999614611853286,0.01832046875378085,0.9816409268550105,0.9999996813632742
105.375,0.9999614611853286,0.018320468751451133,0.9816409268550105,0.9999996813632742
105.5,0.9999614611853286,0.01832046875293675,0.9816409268550105,0.9999996813632742
105.625,0.9999614611853286,0.01832046875455742,0.9816409268550105,0.9999996813632742
105.75,0.9999614611853286,0.01832046874769208,0.9816409268550105,0.9999996813632742
105.875,0.9999614611853286,0.01832046875253158,0.9816409268550105,0.9999996813632742
106.0,0.9999614611853286,0.018320468749830465,0.9816409268550105,0.9999996813632742
106.125,0.9999614611853286,0.018320468751507408,0.9816409268550105,0.9999996813632742
106.25,0.9999614611853286,0.01832046876249195,0.9816409268550105,0.9999996813632742
106.375,0.9999614611853286,0.018320468762919626,0.9816409268550105,0.9999996813632742
106.5,0.9999614611853286,0.018320468768569464,0.9816409268550105,0.9999996813632742
106.625,0.9999614611853286,0.018320468770674083,0.9816409268550105,0.9999996813632742
106.75,0.9999614611853286,0.018320468776864145,0.9816409268550105,0.9999996813632742
106.875,0.9999614611853286,0.018320468775491077,0.9816409268550105,0.9999996813632742
107.0,0.9999614611853286,0.018320468776188866,0.9816409268550105,0.9999996813632742
107.125,0.9999614611853286,0.01832046877685289,0.9816409268550105,0.9999996813632742
107.25,0.9999614611853286,0.018320468767387726,0.9816409268550105,0.9999996813632742
107.375,0.9999614611853286,0.018320468766284768,0.9816409268550105,0.9999996813632742
107.5,0.9999614611853286,0.018320468769852494,0.9816409268550105,0.9999996813632742
107.625,0.9999614611853286,0.018320468765969638,0.9816409268550105,0.9999996813632742
107.75,0.9999614611853286,0.018320468772609885,0.9816409268550105,0.9999996813632742
107.875,0.9999614611853286,0.018320468766251007,0.9816409268550105,0.9999996813632742
108.0,0.9999614611853286,0.01832046877267741,0.9816409268550105,0.9999996813632742
108.125,0.9999614611853286,0.018320468764416495,0.9816409268550105,0.9999996813632742
108.25,0.9999614611853286,0.018320468758609095,0.9816409268550105,0.9999996813632742
108.375,0.9999614611853286,0.018320468757112227,0.9816409268550105,0.9999996813632742
108.5,0.9999614611853286,0.018320468749200205,0.9816409268550105,0.9999996813632742
108.625,0.9999614611853286,0.018320468744900925,0.9816409268550105,0.9999996813632742
108.75,0.9999614611853286,0.01832046874370793,0.9816409268550105,0.9999996813632742
108.875,0.9999614611853286,0.018320468752565346,0.9816409268550105,0.9999996813632742
109.0,0.9999614611853286,0.01832046876398882,0.9816409268550105,0.9999996813632742
109.125,0.9999614611853286,0.018320468764889193,0.9816409268550105,0.9999996813632742
109.25,0.9999614611853286,0.018320468769537364,0.9816409268550105,0.9999996813632742
109.375,0.9999614611853286,0.018320468768209315,0.9816409268550105,0.9999996813632742
109.5,0.9999614611853286,0.018320468768783304,0.9816409268550105,0.9999996813632742
109.625,0.9999614611853286,0.018320468771158033,0.9816409268550105,0.9999996813632742
109.75,0.9999614611853286,0.018320468765834583,0.9816409268550105,0.9999996813632742
109.875,0.9999614611853286,0.018320468763910035,0.9816409268550105,0.9999996813632742
110.0,0.9999614611853286,0.018320468763763725,0.9816409268550105,0.9999996813632742
110.125,0.9999614611853286,0.018320468765384398,0.9816409268550105,0.9999996813632742
110.25,0.9999614611853286,0.018320468765789563,0.9816409268550105,0.9999996813632742
110.375,0.9999614611853286,0.01832046876043235,0.9816409268550105,0.9999996813632742
110.5,0.9999614611853286,0.01832046876802924,0.9816409268550105,0.9999996813632742
110.625,0.9999614611853286,0.018320468769075924,0.9816409268550105,0.9999996813632742
110.75,0.9999614611853286,0.018320468769829984,0.9816409268550105,0.9999996813632742
110.875,0.9999614611853286,0.018320468777663225,0.9816409268550105,0.9999996813632742
111.0,0.9999614611853286,0.018320468770966707,0.9816409268550105,0.9999996813632742
111.125,0.9999614611853286,0.018320468771360617,0.9816409268550105,0.9999996813632742
111.25,0.9999614611853286,0.018320468771912096,0.9816409268550105,0.9999996813632742
111.375,0.9999614611853286,0.018320468763110956,0.9816409268550105,0.9999996813632742
111.5,0.9999614611853286,0.018320468755705394,0.9816409268550105,0.9999996813632742
111.625,0.9999614611853286,0.018320468752734166,0.9816409268550105,0.9999996813632742
111.75,0.9999614611853286,0.01832046875586296,0.9816409268550105,0.9999996813632742
111.875,0.9999614611853286,0.018320468759576995,0.9816409268550105,0.9999996813632742
112.0,0.9999614611853286,0.018320468760657443,0.9816409268550105,0.9999996813632742
112.125,0.9999614611853286,0.018320468769098434,0.9816409268550105,0.9999996813632742
112.25,0.9999614611853286,0.018320468764405243,0.9816409268550105,0.9999996813632742
112.375,0.9999614611853286,0.01832046877318387,0.9816409268550105,0.9999996813632742
112.5,0.9999614611853286,0.018320468775648642,0.9816409268550105,0.9999996813632742
112.625,0.9999614611853286,0.018320468771113017,0.9816409268550105,0.9999996813632742
112.75,0.9999614611853286,0.01832046877769699,0.9816409268550105,0.9999996813632742
112.875,0.9999614611853286,0.01832046877775326,0.9816409268550105,0.9999996813632742
113.0,0.9999614611853286,0.018320468777550676,0.9816409268550105,0.9999996813632742
113.125,0.9999614611853286,0.018320468768209315,0.9816409268550105,0.9999996813632742
113.25,0.9999614611853286,0.0183204687713156,0.9816409268550105,0.9999996813632742
113.375,0.9999614611853286,0.018320468763617415,0.9816409268550105,0.9999996813632742
113.5,0.9999614611853286,0.018320468765069268,0.9816409268550105,0.9999996813632742
113.625,0.9999614611853286,0.018320468762694535,0.9816409268550105,0.9999996813632742
113.75,0.9999614611853286,0.018320468757911306,0.9816409268550105,0.9999996813632742
113.875,0.9999614611853286,0.01832046875903677,0.9816409268550105,0.9999996813632742
114.0,0.9999614611853286,0.01832046875695466,0.9816409268550105,0.9999996813632742
114.125,0.9999614611853286,0.018320468760972573,0.9816409268550105,0.9999996813632742
114.25,0.9999614611853286,0.018320468751473643,0.9816409268550105,0.9999996813632742
114.375,0.9999614611853286,0.018320468749537844,0.9816409268550105,0.9999996813632742
114.5,0.9999614611853286,0.018320468747939682,0.9816409268550105,0.9999996813632742
114.625,0.9999614611853286,0.018320468743741696,0.9816409268550105,0.9999996813632742
114.75,0.9999614611853286,0.018320468745891334,0.9816409268550105,0.9999996813632742
114.875,0.9999614611853286,0.01832046874455203,0.9816409268550105,0.9999996813632742
115.0,0.9999614611853286,0.018320468744203136,0.9816409268550105,0.9999996813632742
115.125,0.9999614611853286,0.01832046874428192,0.9816409268550105,0.9999996813632742
115.25,0.9999614611853286,0.01832046875061829,0.9816409268550105,0.9999996813632742
115.375,0.9999614611853286,0.01832046875131608,0.9816409268550105,0.9999996813632742
115.5,0.9999614611853286,0.018320468749301495,0.9816409268550105,0.9999996813632742
115.625,0.9999614611853286,0.018320468748716255,0.9816409268550105,0.9999996813632742
115.75,0.9999614611853286,0.01832046874624023,0.9816409268550105,0.9999996813632742
115.875,0.9999614611853286,0.01832046874771459,0.9816409268550105,0.9999996813632742
116.0,0.9999614611853286,0.018320468745047235,0.9816409268550105,0.9999996813632742
116.125,0.9999614611853286,0.01832046874575628,0.9816409268550105,0.9999996813632742
116.25,0.9999614611853286,0.01832046874929024,0.9816409268550105,0.9999996813632742
116.375,0.9999614611853286,0.0183204687600722,0.9816409268550105,0.9999996813632742
116.5,0.9999614611853286,0.01832046875967829,0.9816409268550105,0.9999996813632742
116.625,0.9999614611853286,0.018320468759835853,0.9816409268550105,0.9999996813632742
116.75,0.9999614611853286,0.018320468766791227,0.9816409268550105,0.9999996813632742
116.875,0.9999614611853286,0.018320468766802482,0.9816409268550105,0.9999996813632742
117.0,0.9999614611853286,0.018320468766205987,0.9816409268550105,0.9999996813632742
117.125,0.9999614611853286,0.01832046877385915,0.9816409268550105,0.9999996813632742
117.25,0.9999614611853286,0.018320468775232218,0.9816409268550105,0.9999996813632742
117.375,0.9999614611853286,0.018320468780398107,0.9816409268550105,0.9999996813632742
117.5,0.9999614611853286,0.018320468770685338,0.9816409268550105,0.9999996813632742
117.625,0.9999614611853286,0.018320468773814134,0.9816409268550105,0.9999996813632742
117.75,0.9999614611853286,0.01832046878415716,0.9816409268550105,0.9999996813632742
117.875,0.9999614611853286,0.018320468779959173,0.9816409268550105,0.9999996813632742
118.0,0.9999614611853286,0.018320468773960444,0.9816409268550105,0.9999996813632742
118.125,0.9999614611853286,0.018320468779385188,0.9816409268550105,0.9999996813632742
118.25,0.9999614611853286,0.018320468780983347,0.9816409268550105,0.9999996813632742
118.375,0.9999614611853286,0.018320468780904566,0.9816409268550105,0.9999996813632742
118.5,0.9999614611853286,0.018320468782457706,0.9816409268550105,0.9999996813632742
118.625,0.9999614611853286,0.018320468780263048,0.9816409268550105,0.9999996813632742
118.75,0.9999614611853286,0.01832046877758444,0.9816409268550105,0.9999996813632742
118.875,0.9999614611853286,0.01832046877961028,0.9816409268550105,0.9999996813632742
119.0,0.9999614611853286,0.018320468778844964,0.9816409268550105,0.9999996813632742
119.125,0.9999614611853286,0.01832046877722429,0.9816409268550105,0.9999996813632742
119.25,0.9999614611853286,0.01832046876826559,0.9816409268550105,0.9999996813632742
119.375,0.9999614611853286,0.018320468766712446,0.9816409268550105,0.9999996813632742
119.5,0.9999614611853286,0.018320468771180543,0.9816409268550105,0.9999996813632742
119.625,0.9999614611853286,0.01832046877329642,0.9816409268550105,0.9999996813632742
119.75,0.9999614611853286,0.01832046878226638,0.9816409268550105,0.9999996813632742
119.875,0.9999614611853286,0.01832046877818094,0.9816409268550105,0.9999996813632742
120.0,0.9999614611853286,0.01832046877674034,0.9816409268550105,0.9999996813632742
120.125,0.9999614611853286,0.01832046877187833,0.9816409268550105,0.9999996813632742
120.25,0.9999614611853286,0.018320468774759523,0.9816409268550105,0.9999996813632742
120.375,0.9999614611853286,0.018320468775873733,0.9816409268550105,0.9999996813632742
120.5,0.9999614611853286,0.018320468785721557,0.9816409268550105,0.9999996813632742
120.625,0.9999614611853286,0.0183204687760313,0.9816409268550105,0.9999996813632742
120.75,0.9999614611853286,0.01832046877815843,0.9816409268550105,0.9999996813632742
120.875,0.9999614611853286,0.018320468778214704,0.9816409268550105,0.9999996813632742
121.0,0.9999614611853286,0.01832046877274494,0.9816409268550105,0.9999996813632742
121.125,0.9999614611853286,0.018320468765677018,0.9816409268550105,0.9999996813632742
121.25,0.9999614611853286,0.018320468767950456,0.9816409268550105,0.9999996813632742
121.375,0.9999614611853286,0.018320468770471502,0.9816409268550105,0.9999996813632742
121.5,0.9999614611853286,0.018320468769920023,0.9816409268550105,0.9999996813632742
121.625,0.9999614611853286,0.018320468770550283,0.9816409268550105,0.9999996813632742
121.75,0.9999614611853286,0.018320468761490287,0.9816409268550105,0.9999996813632742
121.875,0.9999614611853286,0.018320468764877938,0.9816409268550105,0.9999996813632742
122.0,0.9999614611853286,0.018320468766982557,0.9816409268550105,0.9999996813632742
122.125,0.9999614611853286,0.018320468767804146,0.9816409268550105,0.9999996813632742
122.25,0.9999614611853286,0.01832046877782079,0.9816409268550105,0.9999996813632742
122.375,0.9999614611853286,0.018320468776560267,0.9816409268550105,0.9999996813632742
122.5,0.9999614611853286,0.018320468783110475,0.9816409268550105,0.9999996813632742
122.625,0.9999614611853286,0.01832046878860275,0.9816409268550105,0.9999996813632742
122.75,0.9999614611853286,0.018320468783661954,0.9816409268550105,0.9999996813632742
122.875,0.9999614611853286,0.01832046878855773,0.9816409268550105,0.9999996813632742
123.0,0.9999614611853286,0.018320468785834102,0.9816409268550105,0.9999996813632742
123.125,0.9999614611853286,0.018320468790774896,0.9816409268550105,0.9999996813632742
123.25,0.9999614611853286,0.01832046879731385,0.9816409268550105,0.9999996813632742
123.375,0.9999614611853286,0.01832046880533842,0.9816409268550105,0.9999996813632742
123.5,0.9999614611853286,0.01832046880123047,0.9816409268550105,0.9999996813632742
123.625,0.9999614611853286,0.018320468806880305,0.9816409268550105,0.9999996813632742
123.75,0.9999614611853286,0.018320468811877374,0.9816409268550105,0.9999996813632742
123.875,0.9999614611853286,0.018320468807409274,0.9816409268550105,0.9999996813632742
124.0,0.9999614611853286,0.018320468802254644,0.9816409268550105,0.9999996813632742
124.125,0.9999614611853286,0.018320468806655214,0.9816409268550105,0.9999996813632742
124.25,0.9999614611853286,0.01832046880533842,0.9816409268550105,0.9999996813632742
124.375,0.9999614611853286,0.018320468806733995,0.9816409268550105,0.9999996813632742
124.5,0.9999614611853286,0.018320468803177524,0.9816409268550105,0.9999996813632742
124.625,0.9999614611853286,0.018320468802929923,0.9816409268550105,0.9999996813632742
124.75,0.9999614611853286,0.018320468802738594,0.9816409268550105,0.9999996813632742
124.875,0.9999614611853286,0.018320468797223814,0.9816409268550105,0.9999996813632742
125.0,0.9999614611853286,0.018320468798000384,0.9816409268550105,0.9999996813632742
125.125,0.9999614611853286,0.018320468798799464,0.9816409268550105,0.9999996813632742
125.25,0.9999614611853286,0.01832046880137678,0.9816409268550105,0.9999996813632742
125.375,0.9999614611853286,0.01832046880232217,0.9816409268550105,0.9999996813632742
125.5,0.9999614611853286,0.018320468805541,0.9816409268550105,0.9999996813632742
125.625,0.9999614611853286,0.01832046880630632,0.9816409268550105,0.9999996813632742
125.75,0.9999614611853286,0.018320468812046194,0.9816409268550105,0.9999996813632742
125.875,0.9999614611853286,0.018320468810977,0.9816409268550105,0.9999996813632742
126.0,0.9999614611853286,0.01832046880937884,0.9816409268550105,0.9999996813632742
126.125,0.9999614611853286,0.018320468808636033,0.9816409268550105,0.9999996813632742
126.25,0.9999614611853286,0.018320468811449695,0.9816409268550105,0.9999996813632742
126.375,0.9999614611853286,0.018320468813824427,0.9816409268550105,0.9999996813632742
126.5,0.9999614611853286,0.018320468810211685,0.9816409268550105,0.9999996813632742
126.625,0.9999614611853286,0.01832046881453347,0.9816409268550105,0.9999996813632742
126.75,0.9999614611853286,0.01832046882007076,0.9816409268550105,0.9999996813632742
126.875,0.9999614611853286,0.018320468814060777,0.9816409268550105,0.9999996813632742
127.0,0.9999614611853286,0.01832046881209121,0.9816409268550105,0.9999996813632742
127.125,0.9999614611853286,0.01832046881160726,0.9816409268550105,0.9999996813632742
127.25,0.9999614611853286,0.018320468813666863,0.9816409268550105,0.9999996813632742
127.375,0.9999614611853286,0.018320468818461347,0.9816409268550105,0.9999996813632742
127.5,0.9999614611853286,0.018320468822749368,0.9816409268550105,0.9999996813632742
127.625,0.9999614611853286,0.018320468823143282,0.9816409268550105,0.9999996813632742
127.75,0.9999614611853286,0.018320468818731457,0.9816409268550105,0.9999996813632742
127.875,0.9999614611853286,0.018320468814060777,0.9816409268550105,0.9999996813632742
128.0,0.9999614611853286,0.018320468816593074,0.9816409268550105,0.9999996813632742
128.125,0.9999614611853286,0.018320468815535135,0.9816409268550105,0.9999996813632742
128.25,0.9999614611853286,0.018320468812721473,0.9816409268550105,0.9999996813632742
128.375,0.9999614611853286,0.018320468812912803,0.9816409268550105,0.9999996813632742
128.5,0.9999614611853286,0.018320468817662264,0.9816409268550105,0.9999996813632742
128.625,0.9999614611853286,0.018320468818281272,0.9816409268550105,0.9999996813632742
128.75,0.9999614611853286,0.018320468813092877,0.9816409268550105,0.9999996813632742
128.875,0.9999614611853286,0.01832046881769603,0.9816409268550105,0.9999996813632742
129.0,0.9999614611853286,0.018320468817763558,0.9816409268550105,0.9999996813632742
129.125,0.9999614611853286,0.01832046882224291,0.9816409268550105,0.9999996813632742
129.25,0.9999614611853286,0.018320468824944026,0.9816409268550105,0.9999996813632742
129.375,0.9999614611853286,0.018320468827453813,0.9816409268550105,0.9999996813632742
129.5,0.9999614611853286,0.018320468829153266,0.9816409268550105,0.9999996813632742
129.625,0.9999614611853286,0.018320468824899006,0.9816409268550105,0.9999996813632742
129.75,0.9999614611853286,0.01832046882394236,0.9816409268550105,0.9999996813632742
129.875,0.9999614611853286,0.01832046882807282,0.9816409268550105,0.9999996813632742
130.0,0.9999614611853286,0.018320468826711008,0.9816409268550105,0.9999996813632742
130.125,0.9999614611853286,0.018320468825686834,0.9816409268550105,0.9999996813632742
130.25,0.9999614611853286,0.01832046882889441,0.9816409268550105,0.9999996813632742
130.375,0.9999614611853286,0.018320468824651406,0.9816409268550105,0.9999996813632742
130.5,0.9999614611853286,0.01832046882110619,0.9816409268550105,0.9999996813632742
130.625,0.9999614611853286,0.01832046881680691,0.9816409268550105,0.9999996813632742
130.75,0.9999614611853286,0.018320468817999903,0.9816409268550105,0.9999996813632742
130.875,0.9999614611853286,0.01832046881798865,0.9816409268550105,0.9999996813632742
131.0,0.9999614611853286,0.018320468813655608,0.9816409268550105,0.9999996813632742
131.125,0.9999614611853286,0.018320468811708554,0.9816409268550105,0.9999996813632742
131.25,0.9999614611853286,0.018320468806711485,0.9816409268550105,0.9999996813632742
131.375,0.9999614611853286,0.018320468802671065,0.9816409268550105,0.9999996813632742
131.5,0.9999614611853286,0.01832046880447181,0.9816409268550105,0.9999996813632742
131.625,0.9999614611853286,0.018320468800667736,0.9816409268550105,0.9999996813632742
131.75,0.9999614611853286,0.018320468802085824,0.9816409268550105,0.9999996813632742
131.875,0.9999614611853286,0.01832046880563104,0.9816409268550105,0.9999996813632742
132.0,0.9999614611853286,0.0183204688108532,0.9816409268550105,0.9999996813632742
132.125,0.9999614611853286,0.0183204688101329,0.9816409268550105,0.9999996813632742
132.25,0.9999614611853286,0.0183204688148486,0.9816409268550105,0.9999996813632742
132.375,0.9999614611853286,0.01832046881023419,0.9816409268550105,0.9999996813632742
132.5,0.9999614611853286,0.018320468808906143,0.9816409268550105,0.9999996813632742
132.625,0.9999614611853286,0.018320468810414266,0.9816409268550105,0.9999996813632742
132.75,0.9999614611853286,0.018320468815006166,0.9816409268550105,0.9999996813632742
132.875,0.9999614611853286,0.018320468814927385,0.9816409268550105,0.9999996813632742
133.0,0.9999614611853286,0.01832046881924917,0.9816409268550105,0.9999996813632742
133.125,0.9999614611853286,0.018320468813858192,0.9816409268550105,0.9999996813632742
133.25,0.9999614611853286,0.018320468814297122,0.9816409268550105,0.9999996813632742
133.375,0.9999614611853286,0.01832046881119084,0.9816409268550105,0.9999996813632742
133.5,0.9999614611853286,0.018320468809277547,0.9816409268550105,0.9999996813632742
133.625,0.9999614611853286,0.018320468814443436,0.9816409268550105,0.9999996813632742
133.75,0.9999614611853286,0.018320468816863184,0.9816409268550105,0.9999996813632742
133.875,0.9999614611853286,0.01832046881615414,0.9816409268550105,0.9999996813632742
134.0,0.9999614611853286,0.01832046881451096,0.9816409268550105,0.9999996813632742
134.125,0.9999614611853286,0.018320468813948228,0.9816409268550105,0.9999996813632742
134.25,0.9999614611853286,0.018320468817684774,0.9816409268550105,0.9999996813632742
134.375,0.9999614611853286,0.018320468818573892,0.9816409268550105,0.9999996813632742
134.5,0.9999614611853286,0.018320468814015757,0.9816409268550105,0.9999996813632742
134.625,0.9999614611853286,0.018320468810312976,0.9816409268550105,0.9999996813632742
134.75,0.9999614611853286,0.01832046880695909,0.9816409268550105,0.9999996813632742
134.875,0.9999614611853286,0.01832046880510207,0.9816409268550105,0.9999996813632742
135.0,0.9999614611853286,0.018320468809738987,0.9816409268550105,0.9999996813632742
135.125,0.9999614611853286,0.018320468809131237,0.9816409268550105,0.9999996813632742
135.25,0.9999614611853286,0.01832046881152848,0.9816409268550105,0.9999996813632742
135.375,0.9999614611853286,0.018320468810774416,0.9816409268550105,0.9999996813632742
135.5,0.9999614611853286,0.01832046881005412,0.9816409268550105,0.9999996813632742
135.625,0.9999614611853286,0.018320468815917795,0.9816409268550105,0.9999996813632742
135.75,0.9999614611853286,0.018320468813419262,0.9816409268550105,0.9999996813632742
135.875,0.9999614611853286,0.018320468816210415,0.9816409268550105,0.9999996813632742
136.0,0.9999614611853286,0.01832046881645802,0.9816409268550105,0.9999996813632742
136.125,0.9999614611853286,0.01832046881910286,0.9816409268550105,0.9999996813632742
136.25,0.9999614611853286,0.01832046881895655,0.9816409268550105,0.9999996813632742
136.375,0.9999614611853286,0.018320468822006563,0.9816409268550105,0.9999996813632742
136.5,0.9999614611853286,0.018320468819834415,0.9816409268550105,0.9999996813632742
136.625,0.9999614611853286,0.018320468823278337,0.9816409268550105,0.9999996813632742
136.75,0.9999614611853286,0.018320468823064498,0.9816409268550105,0.9999996813632742
136.875,0.9999614611853286,0.018320468819159136,0.9816409268550105,0.9999996813632742
137.0,0.9999614611853286,0.018320468820565965,0.9816409268550105,0.9999996813632742
137.125,0.9999614611853286,0.018320468823773542,0.9816409268550105,0.9999996813632742
137.25,0.9999614611853286,0.018320468820419655,0.9816409268550105,0.9999996813632742
137.375,0.9999614611853286,0.01832046881474731,0.9816409268550105,0.9999996813632742
137.5,0.9999614611853286,0.018320468813970738,0.9816409268550105,0.9999996813632742
137.625,0.9999614611853286,0.018320468812563908,0.9816409268550105,0.9999996813632742
137.75,0.9999614611853286,0.018320468812822763,0.9816409268550105,0.9999996813632742
137.875,0.9999614611853286,0.018320468811832354,0.9816409268550105,0.9999996813632742
138.0,0.9999614611853286,0.018320468814285867,0.9816409268550105,0.9999996813632742
138.125,0.9999614611853286,0.018320468819339207,0.9816409268550105,0.9999996813632742
138.25,0.9999614611853286,0.018320468819676847,0.9816409268550105,0.9999996813632742
138.375,0.9999614611853286,0.01832046882504532,0.9816409268550105,0.9999996813632742
138.5,0.9999614611853286,0.01832046882635086,0.9816409268550105,0.9999996813632742
138.625,0.9999614611853286,0.018320468824887755,0.9816409268550105,0.9999996813632742
138.75,0.9999614611853286,0.018320468829277067,0.9816409268550105,0.9999996813632742
138.875,0.9999614611853286,0.018320468825281665,0.9816409268550105,0.9999996813632742
139.0,0.9999614611853286,0.01832046882945714,0.9816409268550105,0.9999996813632742
139.125,0.9999614611853286,0.018320468830526335,0.9816409268550105,0.9999996813632742
139.25,0.9999614611853286,0.018320468830019875,0.9816409268550105,0.9999996813632742
139.375,0.9999614611853286,0.018320468827768943,0.9816409268550105,0.9999996813632742
139.5,0.9999614611853286,0.018320468822929443,0.9816409268550105,0.9999996813632742
139.625,0.9999614611853286,0.01832046882464015,0.9816409268550105,0.9999996813632742
139.75,0.9999614611853286,0.018320468822085344,0.9816409268550105,0.9999996813632742
139.875,0.9999614611853286,0.01832046882563056,0.9816409268550105,0.9999996813632742
140.0,0.9999614611853286,0.018320468831415453,0.9816409268550105,0.9999996813632742
140.125,0.9999614611853286,0.018320468825641815,0.9816409268550105,0.9999996813632742
140.25,0.9999614611853286,0.018320468821837743,0.9816409268550105,0.9999996813632742
140.375,0.9999614611853286,0.018320468818866512,0.9816409268550105,0.9999996813632742
140.5,0.9999614611853286,0.018320468816671855,0.9816409268550105,0.9999996813632742
140.625,0.9999614611853286,0.018320468816424254,0.9816409268550105,0.9999996813632742
140.75,0.9999614611853286,0.018320468814927385,0.9816409268550105,0.9999996813632742
140.875,0.9999614611853286,0.018320468813340478,0.9816409268550105,0.9999996813632742
141.0,0.9999614611853286,0.018320468815895285,0.9816409268550105,0.9999996813632742
141.125,0.9999614611853286,0.01832046881723459,0.9816409268550105,0.9999996813632742
141.25,0.9999614611853286,0.018320468816165395,0.9816409268550105,0.9999996813632742
141.375,0.9999614611853286,0.018320468811325895,0.9816409268550105,0.9999996813632742
141.5,0.9999614611853286,0.01832046881003161,0.9816409268550105,0.9999996813632742
141.625,0.9999614611853286,0.018320468812248778,0.9816409268550105,0.9999996813632742
141.75,0.9999614611853286,0.018320468815343806,0.9816409268550105,0.9999996813632742
141.875,0.9999614611853286,0.0183204688156927,0.9816409268550105,0.9999996813632742
142.0,0.9999614611853286,0.01832046882106117,0.9816409268550105,0.9999996813632742
142.125,0.9999614611853286,0.01832046881680691,0.9816409268550105,0.9999996813632742
142.25,0.9999614611853286,0.018320468813059113,0.9816409268550105,0.9999996813632742
142.375,0.9999614611853286,0.018320468814882366,0.9816409268550105,0.9999996813632742
142.5,0.9999614611853286,0.018320468817752303,0.9816409268550105,0.9999996813632742
142.625,0.9999614611853286,0.01832046882258055,0.9816409268550105,0.9999996813632742
142.75,0.9999614611853286,0.018320468823638487,0.9816409268550105,0.9999996813632742
142.875,0.9999614611853286,0.018320468820442165,0.9816409268550105,0.9999996813632742
143.0,0.9999614611853286,0.01832046881721208,0.9816409268550105,0.9999996813632742
143.125,0.9999614611853286,0.01832046881982316,0.9816409268550105,0.9999996813632742
143.25,0.9999614611853286,0.01832046881999198,0.9816409268550105,0.9999996813632742
143.375,0.9999614611853286,0.018320468819429246,0.9816409268550105,0.9999996813632742
143.5,0.9999614611853286,0.01832046882483148,0.9816409268550105,0.9999996813632742
143.625,0.9999614611853286,0.01832046883077394,0.9816409268550105,0.9999996813632742
143.75,0.9999614611853286,0.01832046883108907,0.9816409268550105,0.9999996813632742
143.875,0.9999614611853286,0.01832046882841046,0.9816409268550105,0.9999996813632742
144.0,0.9999614611853286,0.01832046882430251,0.9816409268550105,0.9999996813632742
144.125,0.9999614611853286,0.018320468820059506,0.9816409268550105,0.9999996813632742
144.25,0.9999614611853286,0.018320468814927385,0.9816409268550105,0.9999996813632742
144.375,0.9999614611853286,0.018320468810965745,0.9816409268550105,0.9999996813632742
144.5,0.9999614611853286,0.01832046881207996,0.9816409268550105,0.9999996813632742
144.625,0.9999614611853286,0.01832046881174232,0.9816409268550105,0.9999996813632742
144.75,0.9999614611853286,0.01832046881438716,0.9816409268550105,0.9999996813632742
144.875,0.9999614611853286,0.018320468813317968,0.9816409268550105,0.9999996813632742
145.0,0.9999614611853286,0.018320468809367586,0.9816409268550105,0.9999996813632742
145.125,0.9999614611853286,0.018320468810065372,0.9816409268550105,0.9999996813632742
145.25,0.9999614611853286,0.0183204688119449,0.9816409268550105,0.9999996813632742
145.375,0.9999614611853286,0.018320468816413,0.9816409268550105,0.9999996813632742
145.5,0.9999614611853286,0.018320468817178314,0.9816409268550105,0.9999996813632742
145.625,0.9999614611853286,0.018320468822141618,0.9816409268550105,0.9999996813632742
145.75,0.9999614611853286,0.018320468826654734,0.9816409268550105,0.9999996813632742
145.875,0.9999614611853286,0.018320468824381295,0.9816409268550105,0.9999996813632742
146.0,0.9999614611853286,0.018320468821871504,0.9816409268550105,0.9999996813632742
146.125,0.9999614611853286,0.018320468818326288,0.9816409268550105,0.9999996813632742
146.25,0.9999614611853286,0.01832046881511871,0.9816409268550105,0.9999996813632742
146.375,0.9999614611853286,0.018320468812631434,0.9816409268550105,0.9999996813632742
146.5,0.9999614611853286,0.018320468810965745,0.9816409268550105,0.9999996813632742
146.625,0.9999614611853286,0.018320468805867386,0.9816409268550105,0.9999996813632742
146.75,0.9999614611853286,0.01832046881039176,0.9816409268550105,0.9999996813632742
146.875,0.9999614611853286,0.018320468812507634,0.9816409268550105,0.9999996813632742
147.0,0.9999614611853286,0.018320468815748975,0.9816409268550105,0.9999996813632742
147.125,0.9999614611853286,0.018320468820273345,0.9816409268550105,0.9999996813632742
147.25,0.9999614611853286,0.018320468814454687,0.9816409268550105,0.9999996813632742
147.375,0.9999614611853286,0.01832046881281151,0.9816409268550105,0.9999996813632742
147.5,0.9999614611853286,0.01832046880739802,0.9816409268550105,0.9999996813632742
147.625,0.9999614611853286,0.018320468808545997,0.9816409268550105,0.9999996813632742
147.75,0.9999614611853286,0.018320468814162067,0.9816409268550105,0.9999996813632742
147.875,0.9999614611853286,0.018320468808658542,0.9816409268550105,0.9999996813632742
148.0,0.9999614611853286,0.01832046881141593,0.9816409268550105,0.9999996813632742
148.125,0.9999614611853286,0.018320468817223334,0.9816409268550105,0.9999996813632742
148.25,0.9999614611853286,0.01832046882110619,0.9816409268550105,0.9999996813632742
148.375,0.9999614611853286,0.01832046882623831,0.9816409268550105,0.9999996813632742
148.5,0.9999614611853286,0.018320468823908597,0.9816409268550105,0.9999996813632742
148.625,0.9999614611853286,0.01832046882821913,0.9816409268550105,0.9999996813632742
148.75,0.9999614611853286,0.018320468832315823,0.9816409268550105,0.9999996813632742
148.875,0.9999614611853286,0.018320468836502558,0.9816409268550105,0.9999996813632742
149.0,0.9999614611853286,0.018320468840295374,0.9816409268550105,0.9999996813632742
149.125,0.9999614611853286,0.018320468843322876,0.9816409268550105,0.9999996813632742
149.25,0.9999614611853286,0.018320468846969383,0.9816409268550105,0.9999996813632742
149.375,0.9999614611853286,0.01832046884379557,0.9816409268550105,0.9999996813632742
149.5,0.9999614611853286,0.018320468843919375,0.9816409268550105,0.9999996813632742
149.625,0.9999614611853286,0.01832046884865758,0.9816409268550105,0.9999996813632742
149.75,0.9999614611853286,0.018320468851414973,0.9816409268550105,0.9999996813632742
149.875,0.9999614611853286,0.018320468850919768,0.9816409268550105,0.9999996813632742
150.0,0.9999614611853286,0.018320468845708864,0.9816409268550105,0.9999996813632742
150.125,0.9999614611853286,0.018320468842186157,0.9816409268550105,0.9999996813632742
150.25,0.9999614611853286,0.018320468840295374,0.9816409268550105,0.9999996813632742
150.375,0.9999614611853286,0.018320468838089462,0.9816409268550105,0.9999996813632742
150.5,0.9999614611853286,0.0183204688428952,0.9816409268550105,0.9999996813632742
150.625,0.9999614611853286,0.018320468847700937,0.9816409268550105,0.9999996813632742
150.75,0.9999614611853286,0.018320468847475842,0.9816409268550105,0.9999996813632742
150.875,0.9999614611853286,0.018320468848229906,0.9816409268550105,0.9999996813632742
151.0,0.9999614611853286,0.018320468846654253,0.9816409268550105,0.9999996813632742
151.125,0.9999614611853286,0.018320468850041904,0.9816409268550105,0.9999996813632742
151.25,0.9999614611853286,0.018320468855511668,0.9816409268550105,0.9999996813632742
151.375,0.9999614611853286,0.018320468860508733,0.9816409268550105,0.9999996813632742
151.5,0.9999614611853286,0.018320468860745082,0.9816409268550105,0.9999996813632742
151.625,0.9999614611853286,0.01832046885517403,0.9816409268550105,0.9999996813632742
151.75,0.9999614611853286,0.01832046885457753,0.9816409268550105,0.9999996813632742
151.875,0.9999614611853286,0.018320468855027718,0.9816409268550105,0.9999996813632742
152.0,0.9999614611853286,0.01832046885765005,0.9816409268550105,0.9999996813632742
152.125,0.9999614611853286,0.01832046886337867,0.9816409268550105,0.9999996813632742
152.25,0.9999614611853286,0.018320468867497875,0.9816409268550105,0.9999996813632742
152.375,0.9999614611853286,0.01832046886194933,0.9816409268550105,0.9999996813632742
152.5,0.9999614611853286,0.01832046886194933,0.9816409268550105,0.9999996813632742
