event_id,global_decay_id,group_id,time_since_origin_ns,induced_equivalent_energy_keV
"213","213","0","0.0","0.0"
"213","213","0","2.0","2.5343684975940266"
"213","213","0","4.0","5.063172454639168"
"213","213","0","6.0","7.7066082948750925"
"213","213","0","8.0","10.515320365379068"
"213","213","0","10.0","12.720134443910244"
"213","213","0","12.0","14.377713367635932"
"213","213","0","14.0","16.143139827008653"
"213","213","0","16.0","17.959128752926585"
"213","213","0","18.0","20.01360542503664"
"213","213","0","20.0","22.731124620216075"
"213","213","0","22.0","25.87360551064056"
"213","213","0","24.0","29.608528285922226"
"213","213","0","26.0","34.84270787329141"
"213","213","0","28.0","42.68585744249726"
"213","213","0","30.0","54.00559324503018"
"213","213","0","32.0","68.15386413300683"
"213","213","0","34.0","80.40957353881149"
"213","213","0","36.0","91.779766896284"
"213","213","0","38.0","105.5789293536911"
"213","213","0","40.0","134.4304809758347"
"213","213","0","42.0","258.2457826465483"
"213","213","0","44.0","348.1882239931511"
"213","213","0","46.0","348.71716519374456"
"213","213","0","48.0","348.7171652138328"
"213","213","0","50.0","348.7171652405348"
"213","213","0","52.0","348.7171652445867"
"213","213","0","54.0","348.717165253911"
"213","213","0","56.0","348.71716527039877"
"213","213","0","58.0","348.71716528514247"
"213","213","0","60.0","348.71716529508166"
"213","213","0","62.0","348.71716528219986"
"213","213","0","64.0","348.71716536000554"
"213","213","0","66.0","348.7171653759536"
"213","213","0","68.0","348.7171653990496"
"213","213","0","70.0","348.7171653698326"
"213","213","0","72.0","348.71716543667054"
"213","213","0","74.0","348.7171654442467"
"213","213","0","76.0","348.71716548656667"
"213","213","0","78.0","348.71716548751266"
"213","213","0","80.0","348.7171655110199"
"213","213","0","82.0","348.7171655240877"
"213","213","0","84.0","348.717165553091"
"213","213","0","86.0","348.7171655729041"
"213","213","0","88.0","348.71716563223197"
"213","213","0","90.0","348.71716563890357"
"213","213","0","92.0","348.7171656225154"
"213","213","0","94.0","348.71716563189693"
"213","213","0","96.0","348.7171656145533"
"213","213","0","98.0","348.71716559275035"
"213","213","0","100.0","348.71716562312827"
"213","213","0","102.0","348.71716565233305"
"213","213","0","104.0","348.71716564146834"
"213","213","0","106.0","348.7171656571778"
"213","213","0","108.0","348.7171656528366"
"213","213","0","110.0","348.71716566394326"
"213","213","0","112.0","348.71716569294745"
"213","213","0","114.0","348.71716565763444"
"213","213","0","116.0","348.7171656644176"
"213","213","0","118.0","348.71716567210837"
"213","213","0","120.0","348.71716567934743"
"213","213","0","122.0","348.71716570311423"
"213","213","0","124.0","348.71716573185915"
"213","213","0","126.0","348.71716573473327"
"213","213","0","128.0","348.71716575437154"
"213","213","0","130.0","348.71716570859223"
"213","213","0","132.0","348.7171657072079"
"213","213","0","134.0","348.7171657410064"
"213","213","0","136.0","348.7171657516381"
"213","213","0","138.0","348.71716574273523"
"213","213","0","140.0","348.7171657325224"
"213","213","0","142.0","348.71716577273355"
"213","213","0","144.0","348.7171657751073"
"213","213","0","146.0","348.7171657877968"
"213","213","0","148.0","348.717165804533"
"213","213","0","150.0","348.71716586452146"
"213","213","0","152.0","348.7171658442872"
"213","213","0","154.0","348.71716583048874"
"213","213","0","156.0","348.7171657876205"
"213","213","0","158.0","348.717165795496"
"213","213","0","160.0","348.7171657716216"
"213","213","0","162.0","348.71716578101"
"213","213","0","164.0","348.71716580652566"
"213","213","0","166.0","348.71716581744226"
"213","213","0","168.0","348.7171658123011"
"213","213","0","170.0","348.71716582670524"
"213","213","0","172.0","348.7171658143251"
"213","213","0","174.0","348.71716583599135"
"213","213","0","176.0","348.7171658567188"
"213","213","0","178.0","348.71716590057486"
"213","213","0","180.0","348.71716592476065"
"213","213","0","182.0","348.71716592676495"
"213","213","0","184.0","348.7171659323113"
"213","213","0","186.0","348.7171659515138"
"213","213","0","188.0","348.71716598500603"
"213","213","0","190.0","348.7171659583528"
"213","213","0","192.0","348.7171659720798"
"213","213","0","194.0","348.71716600624654"
"213","213","0","196.0","348.7171660508989"
"213","213","0","198.0","348.7171660190032"
"213","213","0","200.0","348.7171659944327"
"213","213","0","202.0","348.7171660099762"
"213","213","0","204.0","348.7171660430055"
"213","213","0","206.0","348.7171660821972"
"213","213","0","208.0","348.71716606083345"
"213","213","0","210.0","348.71716605308296"
"213","213","0","212.0","348.7171660457202"
"213","213","0","214.0","348.71716605123027"
"213","213","0","216.0","348.71716606624415"
"213","213","0","218.0","348.71716607262283"
"213","213","0","220.0","348.71716609849227"
"213","213","0","222.0","348.7171661354188"
"213","213","0","224.0","348.717166153179"
"213","213","0","226.0","348.7171661275134"
"213","213","0","228.0","348.71716615724876"
"213","213","0","230.0","348.71716614435786"
"213","213","0","232.0","348.7171661511682"
"213","213","0","234.0","348.71716612038705"
"213","213","0","236.0","348.717166115613"
"213","213","0","238.0","348.7171661177921"
"213","213","0","240.0","348.717166114911"
"213","213","0","242.0","348.717166145243"
"213","213","0","244.0","348.71716616132665"
"213","213","0","246.0","348.7171661890552"
"213","213","0","248.0","348.7171661862123"
"213","213","0","250.0","348.7171661906532"
"213","213","0","252.0","348.7171661800182"
"213","213","0","254.0","348.7171662180061"
"213","213","0","256.0","348.7171661748913"
"213","213","0","258.0","348.7171662114141"
"213","213","0","260.0","348.71716623155"
"213","213","0","262.0","348.7171662021293"
"213","213","0","264.0","348.7171661893132"
"213","213","0","266.0","348.717166178486"
"213","213","0","268.0","348.71716621836725"
"213","213","0","270.0","348.7171662106591"
"213","213","0","272.0","348.71716622507427"
"213","213","0","274.0","348.71716626062374"
"213","213","0","276.0","348.71716630268304"
"213","213","0","278.0","348.71716632908095"
"213","213","0","280.0","348.71716631695637"
"213","213","0","282.0","348.7171663251523"
"213","213","0","284.0","348.71716634926236"
"213","213","0","286.0","348.71716635070067"
"213","213","0","288.0","348.7171663403827"
"213","213","0","290.0","348.7171663690663"
"213","213","0","292.0","348.71716636661466"
"213","213","0","294.0","348.71716638318065"
"213","213","0","296.0","348.7171663861479"
"213","213","0","298.0","348.7171664202183"
"213","213","0","300.0","348.7171664160024"
"213","213","0","302.0","348.7171664332166"
"213","213","0","304.0","348.71716642622175"
"213","213","0","306.0","348.71716641455396"
"213","213","0","308.0","348.7171664254778"
"213","213","0","310.0","348.7171664275634"
"213","213","0","312.0","348.71716643455125"
"213","213","0","314.0","348.7171664090622"
"213","213","0","316.0","348.7171664188693"
"213","213","0","318.0","348.71716641415355"
"213","213","0","320.0","348.71716641679916"
"213","213","0","322.0","348.7171664320626"
"213","213","0","324.0","348.7171664107441"
"213","213","0","326.0","348.7171664329565"
"213","213","0","328.0","348.71716638566386"
"213","213","0","330.0","348.71716638379405"
"213","213","0","332.0","348.7171663915305"
"213","213","0","334.0","348.71716640934187"
"213","213","0","336.0","348.717166403736"
"213","213","0","338.0","348.7171664270706"
"213","213","0","340.0","348.7171664545069"
"213","213","0","342.0","348.71716644202047"
"213","213","0","344.0","348.71716644360833"
"213","213","0","346.0","348.7171664115984"
"213","213","0","348.0","348.71716636389124"
"213","213","0","350.0","348.71716637359617"
"213","213","0","352.0","348.7171664183508"
"213","213","0","354.0","348.7171664409769"
"213","213","0","356.0","348.7171664316118"
"213","213","0","358.0","348.7171664178052"
"213","213","0","360.0","348.7171664178139"
"213","213","0","362.0","348.7171663978062"
"213","213","0","364.0","348.7171664166236"
"213","213","0","366.0","348.7171664292267"
"213","213","0","368.0","348.7171664362384"
"213","213","0","370.0","348.7171663877356"
"213","213","0","372.0","348.71716639011714"
"213","213","0","374.0","348.717166378758"
"213","213","0","376.0","348.7171663836909"
"213","213","0","378.0","348.7171663952089"
"213","213","0","380.0","348.71716639062714"
"213","213","0","382.0","348.717166408539"
"213","213","0","384.0","348.7171664557049"
"213","213","0","386.0","348.71716645538646"
"213","213","0","388.0","348.7171664870306"
"213","213","0","390.0","348.7171664656063"
"213","213","0","392.0","348.71716646287274"
"213","213","0","394.0","348.71716647380435"
"213","213","0","396.0","348.7171665128425"
"213","213","0","398.0","348.7171665067926"
"213","213","0","400.0","348.7171665001411"
"213","213","0","402.0","348.7171665080134"
"213","213","0","404.0","348.71716654027904"
"213","213","0","406.0","348.7171665448245"
"213","213","0","408.0","348.71716654668757"
"213","213","0","410.0","348.71716655511256"
"213","213","0","412.0","348.7171665467309"
"213","213","0","414.0","348.7171665502427"
"213","213","0","416.0","348.71716656438065"
"213","213","0","418.0","348.7171665478601"
"213","213","0","420.0","348.7171665806602"
"213","213","0","422.0","348.71716658087536"
"213","213","0","424.0","348.71716659724524"
"213","213","0","426.0","348.71716658621904"
"213","213","0","428.0","348.7171665681295"
"213","213","0","430.0","348.71716658171647"
"213","213","0","432.0","348.71716659609825"
"213","213","0","434.0","348.71716660890087"
"213","213","0","436.0","348.717166587901"
"213","213","0","438.0","348.71716659940904"
"213","213","0","440.0","348.71716662482146"
"213","213","0","442.0","348.7171666497843"
"213","213","0","444.0","348.717166627453"
"213","213","0","446.0","348.71716662485306"
"213","213","0","448.0","348.71716662239584"
"213","213","0","450.0","348.7171666103268"
"213","213","0","452.0","348.71716661124617"
"213","213","0","454.0","348.717166607213"
"213","213","0","456.0","348.71716659008706"
"213","213","0","458.0","348.7171666137343"
"213","213","0","460.0","348.71716659633455"
"213","213","0","462.0","348.7171665909912"
"213","213","0","464.0","348.7171666039384"
"213","213","0","466.0","348.7171666279756"
"213","213","0","468.0","348.7171666313395"
"213","213","0","470.0","348.71716662623635"
"213","213","0","472.0","348.7171666678294"
"213","213","0","474.0","348.717166683295"
"213","213","0","476.0","348.7171666987189"
"213","213","0","478.0","348.7171666736782"
"213","213","0","480.0","348.71716667057285"
"213","213","0","482.0","348.7171666740721"
"213","213","0","484.0","348.7171667055269"
"213","213","0","486.0","348.7171667207214"
"213","213","0","488.0","348.7171666894056"
"213","213","0","490.0","348.7171667079708"
"213","213","0","492.0","348.7171667457875"
"213","213","0","494.0","348.71716675757983"
"213","213","0","496.0","348.7171667350623"
"213","213","0","498.0","348.71716678400134"
"213","213","0","500.0","348.71716678914663"
"213","213","0","502.0","348.71716678689484"
"213","213","0","504.0","348.7171667854594"
"213","213","0","506.0","348.7171668211704"
"213","213","0","508.0","348.71716683479906"
"213","213","0","510.0","348.71716686545005"
"213","213","0","512.0","348.71716685562836"
"213","213","0","514.0","348.71716684493225"
"213","213","0","516.0","348.71716686183447"
"213","213","0","518.0","348.7171668503597"
"213","213","0","520.0","348.71716682965143"
"213","213","0","522.0","348.7171668485939"
"213","213","0","524.0","348.7171668546947"
"213","213","0","526.0","348.717166863463"
"213","213","0","528.0","348.71716688887307"
"213","213","0","530.0","348.71716687633113"
"213","213","0","532.0","348.7171668993198"
"213","213","0","534.0","348.71716690913905"
"213","213","0","536.0","348.7171669444339"
"213","213","0","538.0","348.71716694974054"
"213","213","0","540.0","348.717166958999"
"213","213","0","542.0","348.7171669758351"
"213","213","0","544.0","348.717166988112"
"213","213","0","546.0","348.7171669709136"
"213","213","0","548.0","348.7171669752009"
"213","213","0","550.0","348.71716699813635"
"213","213","0","552.0","348.71716698387115"
"213","213","0","554.0","348.71716698153045"
"213","213","0","556.0","348.7171669916148"
"213","213","0","558.0","348.7171669916843"
"213","213","0","560.0","348.7171670010926"
"213","213","0","562.0","348.71716702200973"
"213","213","0","564.0","348.71716702753656"
"213","213","0","566.0","348.7171670399551"
"213","213","0","568.0","348.71716704582843"
"213","213","0","570.0","348.71716704929605"
"213","213","0","572.0","348.71716704134286"
"213","213","0","574.0","348.7171670345371"
"213","213","0","576.0","348.71716704689646"
"213","213","0","578.0","348.717167050039"
"213","213","0","580.0","348.71716704569315"
"213","213","0","582.0","348.71716704723855"
"213","213","0","584.0","348.71716708211477"
"213","213","0","586.0","348.7171670846548"
"213","213","0","588.0","348.71716707887015"
"213","213","0","590.0","348.71716708075195"
"213","213","0","592.0","348.71716707403533"
"213","213","0","594.0","348.71716706850486"
"213","213","0","596.0","348.71716709361897"
"213","213","0","598.0","348.71716709538157"
"213","213","0","600.0","348.7171670909474"
"213","213","0","602.0","348.71716709515044"
"213","213","0","604.0","348.7171670986181"
"213","213","0","606.0","348.71716708612985"
"213","213","0","608.0","348.7171671023018"
"213","213","0","610.0","348.71716711231966"
"213","213","0","612.0","348.71716711085406"
"213","213","0","614.0","348.71716710098093"
"213","213","0","616.0","348.71716711390616"
"213","213","0","618.0","348.71716712144865"
"213","213","0","620.0","348.71716712232075"
"213","213","0","622.0","348.71716711529643"
"213","213","0","624.0","348.7171671281462"
"213","213","0","626.0","348.7171671237933"
"213","213","0","628.0","348.717167137247"
"213","213","0","630.0","348.7171671386745"
"213","213","0","632.0","348.7171671478475"
"213","213","0","634.0","348.71716712929793"
"213","213","0","636.0","348.71716712202385"
"213","213","0","638.0","348.71716712233973"
"213","213","0","640.0","348.7171671269941"
"213","213","0","642.0","348.7171671475307"
"213","213","0","644.0","348.71716715170754"
"213","213","0","646.0","348.7171671525628"
"213","213","0","648.0","348.7171671538244"
"213","213","0","650.0","348.71716715338505"
"213","213","0","652.0","348.71716714413776"
"213","213","0","654.0","348.7171671523389"
"213","213","0","656.0","348.7171671640886"
"213","213","0","658.0","348.7171671614658"
"213","213","0","660.0","348.7171671849025"
"213","213","0","662.0","348.7171671865688"
"213","213","0","664.0","348.71716721350384"
"213","213","0","666.0","348.7171672134349"
"213","213","0","668.0","348.7171672005074"
"213","213","0","670.0","348.71716716837443"
"213","213","0","672.0","348.71716719703534"
"213","213","0","674.0","348.71716719177493"
"213","213","0","676.0","348.71716719845296"
"213","213","0","678.0","348.71716720773077"
"213","213","0","680.0","348.7171672083112"
"213","213","0","682.0","348.71716719660645"
"213","213","0","684.0","348.7171672210407"
"213","213","0","686.0","348.7171672083544"
"213","213","0","688.0","348.71716720754665"
"213","213","0","690.0","348.71716721037313"
"213","213","0","692.0","348.71716721516714"
"213","213","0","694.0","348.71716721369427"
"213","213","0","696.0","348.7171672110226"
"213","213","0","698.0","348.71716722494824"
"213","213","0","700.0","348.7171672481358"
"213","213","0","702.0","348.7171672462385"
"213","213","0","704.0","348.7171672436223"
"213","213","0","706.0","348.71716726703113"
"213","213","0","708.0","348.7171672959079"
"213","213","0","710.0","348.7171673074779"
"213","213","0","712.0","348.71716733448096"
"213","213","0","714.0","348.7171673129206"
"213","213","0","716.0","348.71716732525624"
"213","213","0","718.0","348.71716733570133"
"213","213","0","720.0","348.7171673419642"
"213","213","0","722.0","348.71716732803765"
"213","213","0","724.0","348.71716731603385"
"213","213","0","726.0","348.7171673285272"
"213","213","0","728.0","348.7171673263218"
"213","213","0","730.0","348.71716732436005"
"213","213","0","732.0","348.7171673315005"
"213","213","0","734.0","348.71716735497137"
"213","213","0","736.0","348.7171673586431"
"213","213","0","738.0","348.7171673659763"
"213","213","0","740.0","348.71716736000093"
"213","213","0","742.0","348.71716736642225"
"213","213","0","744.0","348.7171673875134"
"213","213","0","746.0","348.71716740568183"
"213","213","0","748.0","348.7171673928954"
"213","213","0","750.0","348.71716739250706"
"213","213","0","752.0","348.71716740058395"
"213","213","0","754.0","348.71716742298275"
"213","213","0","756.0","348.71716742498614"
"213","213","0","758.0","348.7171674426767"
"213","213","0","760.0","348.7171674732397"
"213","213","0","762.0","348.717167481383"
"213","213","0","764.0","348.7171674801083"
"213","213","0","766.0","348.7171674933898"
"213","213","0","768.0","348.7171674820013"
"213","213","0","770.0","348.7171674967144"
"213","213","0","772.0","348.7171674910551"
"213","213","0","774.0","348.71716749040877"
"213","213","0","776.0","348.717167482001"
"213","213","0","778.0","348.7171674724855"
"213","213","0","780.0","348.7171674650799"
"213","213","0","782.0","348.7171674580083"
"213","213","0","784.0","348.71716746335966"
"213","213","0","786.0","348.71716745476215"
"213","213","0","788.0","348.7171674180894"
"213","213","0","790.0","348.71716742299895"
"213","213","0","792.0","348.7171674246571"
"213","213","0","794.0","348.717167425062"
"213","213","0","796.0","348.7171674289597"
"213","213","0","798.0","348.7171674271844"
"213","213","0","800.0","348.71716742464025"
"213","213","0","802.0","348.71716740899313"
"213","213","0","804.0","348.7171673903732"
"213","213","0","806.0","348.7171673986784"
"213","213","0","808.0","348.71716741983874"
"213","213","0","810.0","348.7171674374223"
"213","213","0","812.0","348.7171674563954"
"213","213","0","814.0","348.7171674525243"
"213","213","0","816.0","348.7171674893368"
"213","213","0","818.0","348.7171675117697"
"213","213","0","820.0","348.7171675149484"
"213","213","0","822.0","348.71716752792815"
"213","213","0","824.0","348.71716754805453"
"213","213","0","826.0","348.7171675663014"
"213","213","0","828.0","348.71716757540884"
"213","213","0","830.0","348.71716759040385"
"213","213","0","832.0","348.7171675934253"
"213","213","0","834.0","348.71716760701986"
"213","213","0","836.0","348.7171676165093"
"213","213","0","838.0","348.717167606325"
"213","213","0","840.0","348.71716760722927"
"213","213","0","842.0","348.7171675885104"
"213","213","0","844.0","348.7171675755454"
"213","213","0","846.0","348.71716756924013"
"213","213","0","848.0","348.7171675550605"
"213","213","0","850.0","348.71716754727527"
"213","213","0","852.0","348.7171675419909"
"213","213","0","854.0","348.7171675535751"
"213","213","0","856.0","348.71716755855323"
"213","213","0","858.0","348.71716755986716"
"213","213","0","860.0","348.71716756366305"
"213","213","0","862.0","348.71716757134004"
"213","213","0","864.0","348.7171675767789"
"213","213","0","866.0","348.7171675871213"
"213","213","0","868.0","348.7171676118931"
"213","213","0","870.0","348.717167609013"
"213","213","0","872.0","348.71716760592574"
"213","213","0","874.0","348.71716759238217"
"213","213","0","876.0","348.7171675902003"
"213","213","0","878.0","348.71716758302983"
"213","213","0","880.0","348.7171675819326"
"213","213","0","882.0","348.71716757596334"
"213","213","0","884.0","348.71716759332844"
"213","213","0","886.0","348.71716759860465"
"213","213","0","888.0","348.7171676097389"
"213","213","0","890.0","348.71716762024016"
"213","213","0","892.0","348.7171676208325"
"213","213","0","894.0","348.7171676216859"
"213","213","0","896.0","348.71716762812366"
"213","213","0","898.0","348.71716761282346"
"213","213","0","900.0","348.71716759242616"
"213","213","0","902.0","348.7171675905711"
"213","213","0","904.0","348.71716757305694"
"213","213","0","906.0","348.71716756777124"
"213","213","0","908.0","348.71716757701046"
"213","213","0","910.0","348.7171675623901"
"213","213","0","912.0","348.7171675694588"
"213","213","0","914.0","348.7171675724087"
"213","213","0","916.0","348.71716758133726"
"213","213","0","918.0","348.71716759367547"
"213","213","0","920.0","348.71716760354184"
"213","213","0","922.0","348.7171676000174"
"213","213","0","924.0","348.7171676206017"
"213","213","0","926.0","348.7171675947896"
"213","213","0","928.0","348.7171675829843"
"213","213","0","930.0","348.7171675821744"
"213","213","0","932.0","348.7171675830349"
"213","213","0","934.0","348.7171675764929"
"213","213","0","936.0","348.7171675622369"
"213","213","0","938.0","348.7171675670913"
"213","213","0","940.0","348.7171675690095"
"213","213","0","942.0","348.7171675705399"
"213","213","0","944.0","348.7171676016975"
"213","213","0","946.0","348.7171675974858"
"213","213","0","948.0","348.71716759253036"
"213","213","0","950.0","348.71716760072167"
"213","213","0","952.0","348.7171676030072"
"213","213","0","954.0","348.71716761246495"
"213","213","0","956.0","348.71716761469725"
"213","213","0","958.0","348.7171676084766"
"213","213","0","960.0","348.7171676211456"
"213","213","0","962.0","348.71716762635367"
"213","213","0","964.0","348.7171676331742"
"213","213","0","966.0","348.71716764969716"
"213","213","0","968.0","348.71716764656077"
"213","213","0","970.0","348.717167644764"
"213","213","0","972.0","348.71716766835937"
"213","213","0","974.0","348.7171676762984"
"213","213","0","976.0","348.7171676740825"
"213","213","0","978.0","348.7171676936345"
"213","213","0","980.0","348.7171677187216"
"213","213","0","982.0","348.7171677243448"
"213","213","0","984.0","348.71716773336755"
"213","213","0","986.0","348.71716773726325"
"213","213","0","988.0","348.71716773716133"
"213","213","0","990.0","348.71716775160104"
"213","213","0","992.0","348.71716775841793"
"213","213","0","994.0","348.7171677633496"
"213","213","0","996.0","348.71716776448466"
"213","213","0","998.0","348.717167761127"
"213","213","0","1000.0","348.71716775686497"
"213","213","0","1002.0","348.7171677617059"
"213","213","0","1004.0","348.7171677606007"
"213","213","0","1006.0","348.7171677602321"
"213","213","0","1008.0","348.71716775703374"
"213","213","0","1010.0","348.7171677657154"
"213","213","0","1012.0","348.71716777958096"
"213","213","0","1014.0","348.71716776824684"
"213","213","0","1016.0","348.71716778581754"
"213","213","0","1018.0","348.7171677720533"
"213","213","0","1020.0","348.71716776989626"
"213","213","0","1022.0","348.71716777313975"
"213","213","0","1024.0","348.7171677694719"
"213","213","0","1026.0","348.71716777955515"
"213","213","0","1028.0","348.7171677799503"
"213","213","0","1030.0","348.71716777579616"
"213","213","0","1032.0","348.71716776527467"
"213","213","0","1034.0","348.71716775936716"
"213","213","0","1036.0","348.7171677919306"
"213","213","0","1038.0","348.7171677954526"
"213","213","0","1040.0","348.71716781592863"
"213","213","0","1042.0","348.71716783250815"
"213","213","0","1044.0","348.71716784240266"
"213","213","0","1046.0","348.7171678363288"
"213","213","0","1048.0","348.71716783601113"
"213","213","0","1050.0","348.7171678399518"
"213","213","0","1052.0","348.71716782777446"
"213","213","0","1054.0","348.71716782298347"
"213","213","0","1056.0","348.7171678163522"
"213","213","0","1058.0","348.71716781895265"
"213","213","0","1060.0","348.71716782677936"
"213","213","0","1062.0","348.7171678246456"
"213","213","0","1064.0","348.7171678295476"
"213","213","0","1066.0","348.71716782189566"
"213","213","0","1068.0","348.7171678264327"
"213","213","0","1070.0","348.7171678335912"
"213","213","0","1072.0","348.7171678397064"
"213","213","0","1074.0","348.7171678427494"
"213","213","0","1076.0","348.71716782978393"
"213","213","0","1078.0","348.71716781542716"
"213","213","0","1080.0","348.7171678154253"
"213","213","0","1082.0","348.7171678226874"
"213","213","0","1084.0","348.7171678311298"
"213","213","0","1086.0","348.71716783673946"
"213","213","0","1088.0","348.7171678342323"
"213","213","0","1090.0","348.71716783747934"
"213","213","0","1092.0","348.7171678426846"
"213","213","0","1094.0","348.7171678482355"
"213","213","0","1096.0","348.7171678476241"
"213","213","0","1098.0","348.717167862409"
"213","213","0","1100.0","348.71716787617294"
"213","213","0","1102.0","348.71716787295395"
"213","213","0","1104.0","348.71716788697466"
"213","213","0","1106.0","348.71716789248774"
"213","213","0","1108.0","348.7171678911657"
"213","213","0","1110.0","348.71716788665515"
"213","213","0","1112.0","348.7171678814686"
"213","213","0","1114.0","348.7171678890734"
"213","213","0","1116.0","348.7171678904702"
"213","213","0","1118.0","348.7171678932215"
"213","213","0","1120.0","348.7171679074646"
"213","213","0","1122.0","348.71716790696325"
"213","213","0","1124.0","348.71716790479536"
"213","213","0","1126.0","348.7171679035438"
"213","213","0","1128.0","348.71716789676987"
"213","213","0","1130.0","348.7171678949351"
"213","213","0","1132.0","348.7171678937274"
"213","213","0","1134.0","348.71716788146415"
"213","213","0","1136.0","348.7171678716915"
"213","213","0","1138.0","348.7171678760534"
"213","213","0","1140.0","348.71716787080715"
"213","213","0","1142.0","348.71716787566186"
"213","213","0","1144.0","348.7171678709155"
"213","213","0","1146.0","348.7171678430885"
"213","213","0","1148.0","348.7171678309441"
"213","213","0","1150.0","348.71716783833256"
"213","213","0","1152.0","348.71716784478673"
"213","213","0","1154.0","348.7171678520997"
"213","213","0","1156.0","348.71716785549023"
"213","213","0","1158.0","348.71716786210067"
"213","213","0","1160.0","348.7171678677561"
"213","213","0","1162.0","348.717167870661"
"213","213","0","1164.0","348.71716786135954"
"213","213","0","1166.0","348.7171678506078"
"213","213","0","1168.0","348.7171678615435"
"213","213","0","1170.0","348.7171678705201"
"213","213","0","1172.0","348.7171678884412"
"213","213","0","1174.0","348.71716788379115"
"213","213","0","1176.0","348.71716789921516"
"213","213","0","1178.0","348.71716790320176"
"213","213","0","1180.0","348.71716789681443"
"213","213","0","1182.0","348.71716788321817"
"213","213","0","1184.0","348.7171678839923"
"213","213","0","1186.0","348.71716788598883"
"213","213","0","1188.0","348.7171678893412"
"213","213","0","1190.0","348.71716788159927"
"213","213","0","1192.0","348.71716787015185"
"213","213","0","1194.0","348.7171678792801"
"213","213","0","1196.0","348.71716788252184"
"213","213","0","1198.0","348.7171678951553"
"213","213","0","1200.0","348.7171678945325"
"213","213","0","1202.0","348.71716788927705"
"213","213","0","1204.0","348.7171678884635"
"213","213","0","1206.0","348.7171678925599"
"213","213","0","1208.0","348.7171679095936"
"213","213","0","1210.0","348.7171679097934"
"213","213","0","1212.0","348.71716790800895"
"213","213","0","1214.0","348.7171679185233"
"213","213","0","1216.0","348.71716792692484"
"213","213","0","1218.0","348.7171679265428"
"213","213","0","1220.0","348.717167922388"
"213","213","0","1222.0","348.71716793050376"
"213","213","0","1224.0","348.7171679166794"
"213","213","0","1226.0","348.7171679167901"
"213","213","0","1228.0","348.71716792514115"
"213","213","0","1230.0","348.7171679319742"
"213","213","0","1232.0","348.7171679265595"
"213","213","0","1234.0","348.71716792208053"
"213","213","0","1236.0","348.71716791939986"
"213","213","0","1238.0","348.7171679214041"
"213","213","0","1240.0","348.71716792182946"
"213","213","0","1242.0","348.71716790974887"
"213","213","0","1244.0","348.7171679090343"
"213","213","0","1246.0","348.7171679082103"
"213","213","0","1248.0","348.7171679127607"
"213","213","0","1250.0","348.71716791087863"
"213","213","0","1252.0","348.71716793696123"
"213","213","0","1254.0","348.71716792696077"
"213","213","0","1256.0","348.71716793557516"
"213","213","0","1258.0","348.71716792812276"
"213","213","0","1260.0","348.71716792915356"
"213","213","0","1262.0","348.7171679196866"
"213","213","0","1264.0","348.71716791085123"
"213","213","0","1266.0","348.71716792044714"
"213","213","0","1268.0","348.7171679203521"
"213","213","0","1270.0","348.71716792031816"
"213","213","0","1272.0","348.7171679342901"
"213","213","0","1274.0","348.71716793299095"
"213","213","0","1276.0","348.7171679356124"
"213","213","0","1278.0","348.71716793152245"
"213","213","0","1280.0","348.7171679251294"
"213","213","0","1282.0","348.71716792624295"
"213","213","0","1284.0","348.7171679220277"
"213","213","0","1286.0","348.71716792167865"
"213","213","0","1288.0","348.71716792811617"
"213","213","0","1290.0","348.7171679301381"
"213","213","0","1292.0","348.7171679238789"
"213","213","0","1294.0","348.7171679188876"
"213","213","0","1296.0","348.7171679120762"
"213","213","0","1298.0","348.71716790687293"
"213","213","0","1300.0","348.7171679221681"
"213","213","0","1302.0","348.717167933227"
"213","213","0","1304.0","348.7171679307315"
"213","213","0","1306.0","348.71716792939645"
"213","213","0","1308.0","348.71716792427657"
"213","213","0","1310.0","348.717167924443"
"213","213","0","1312.0","348.7171679323379"
"213","213","0","1314.0","348.71716793544783"
"213","213","0","1316.0","348.71716793008704"
"213","213","0","1318.0","348.71716792478674"
"213","213","0","1320.0","348.7171679301654"
"213","213","0","1322.0","348.7171679324767"
"213","213","0","1324.0","348.7171679335177"
"213","213","0","1326.0","348.717167933673"
"213","213","0","1328.0","348.71716793216495"
"213","213","0","1330.0","348.71716793921286"
"213","213","0","1332.0","348.7171679364367"
"213","213","0","1334.0","348.7171679347707"
"213","213","0","1336.0","348.71716792541093"
"213","213","0","1338.0","348.71716792332063"
"213","213","0","1340.0","348.7171679275685"
"213","213","0","1342.0","348.71716793384064"
"213","213","0","1344.0","348.71716793633715"
"213","213","0","1346.0","348.7171679499181"
"213","213","0","1348.0","348.7171679571959"
"213","213","0","1350.0","348.7171679581243"
"213","213","0","1352.0","348.71716795808817"
"213","213","0","1354.0","348.7171679681566"
"213","213","0","1356.0","348.71716796746455"
"213","213","0","1358.0","348.7171679740186"
"213","213","0","1360.0","348.71716797231335"
"213","213","0","1362.0","348.71716799228943"
"213","213","0","1364.0","348.7171679852606"
"213","213","0","1366.0","348.7171679966418"
"213","213","0","1368.0","348.7171679906733"
"213","213","0","1370.0","348.7171679962106"
"213","213","0","1372.0","348.71716799343676"
"213","213","0","1374.0","348.71716799776436"
"213","213","0","1376.0","348.7171679970611"
"213","213","0","1378.0","348.7171679925076"
"213","213","0","1380.0","348.71716799061727"
"213","213","0","1382.0","348.71716798260945"
"213","213","0","1384.0","348.71716799272957"
"213","213","0","1386.0","348.7171679977546"
"213","213","0","1388.0","348.7171679917916"
"213","213","0","1390.0","348.71716800577894"
"213","213","0","1392.0","348.7171680001028"
"213","213","0","1394.0","348.71716798876133"
"213","213","0","1396.0","348.7171679852833"
"213","213","0","1398.0","348.71716798215357"
"213","213","0","1400.0","348.7171679804686"
"213","213","0","1402.0","348.71716797483185"
"213","213","0","1404.0","348.71716797847574"
"213","213","0","1406.0","348.71716798698657"
"213","213","0","1408.0","348.71716799304085"
"213","213","0","1410.0","348.7171679974163"
"213","213","0","1412.0","348.7171680070425"
"213","213","0","1414.0","348.71716800512024"
"213","213","0","1416.0","348.71716802188104"
"213","213","0","1418.0","348.7171680098999"
"213","213","0","1420.0","348.71716800898065"
"213","213","0","1422.0","348.7171680096716"
"213","213","0","1424.0","348.71716801122955"
"213","213","0","1426.0","348.71716800914874"
"213","213","0","1428.0","348.717168002664"
"213","213","0","1430.0","348.7171680017242"
"213","213","0","1432.0","348.7171680070201"
"213","213","0","1434.0","348.7171680145212"
"213","213","0","1436.0","348.7171680179211"
"213","213","0","1438.0","348.7171680088212"
"213","213","0","1440.0","348.7171680024736"
"213","213","0","1442.0","348.717168010847"
"213","213","0","1444.0","348.71716801317655"
"213","213","0","1446.0","348.7171680199898"
"213","213","0","1448.0","348.71716801554055"
"213","213","0","1450.0","348.71716802617107"
"213","213","0","1452.0","348.71716803151065"
"213","213","0","1454.0","348.71716803774444"
"213","213","0","1456.0","348.71716803652623"
"213","213","0","1458.0","348.71716803836006"
"213","213","0","1460.0","348.71716803765764"
"213","213","0","1462.0","348.7171680293966"
"213","213","0","1464.0","348.717168032399"
"213","213","0","1466.0","348.71716803346493"
"213","213","0","1468.0","348.71716803071996"
"213","213","0","1470.0","348.717168033507"
"213","213","0","1472.0","348.71716803974175"
"213","213","0","1474.0","348.7171680436389"
"213","213","0","1476.0","348.7171680503946"
"213","213","0","1478.0","348.717168060547"
"213","213","0","1480.0","348.7171680628614"
"213","213","0","1482.0","348.71716806981436"
"213","213","0","1484.0","348.7171680679927"
"213","213","0","1486.0","348.71716806740363"
"213","213","0","1488.0","348.7171680611155"
"213","213","0","1490.0","348.7171680528793"
"213","213","0","1492.0","348.71716805162924"
"213","213","0","1494.0","348.71716804923926"
"213","213","0","1496.0","348.7171680445159"
"213","213","0","1498.0","348.71716804703766"
"213","213","0","1500.0","348.71716804976586"
"213","213","0","1502.0","348.71716804879964"
"213","213","0","1504.0","348.71716804645934"
"213","213","0","1506.0","348.7171680544083"
"213","213","0","1508.0","348.71716805131655"
"213","213","0","1510.0","348.7171680494077"
"213","213","0","1512.0","348.7171680436499"
"213","213","0","1514.0","348.71716803474976"
"213","213","0","1516.0","348.71716803164094"
"213","213","0","1518.0","348.71716802548394"
"213","213","0","1520.0","348.71716802282634"
"213","213","0","1522.0","348.7171680267535"
"213","213","0","1524.0","348.7171680294961"
"213","213","0","1526.0","348.7171680276499"
"213","213","0","1528.0","348.7171680189201"
"213","213","0","1530.0","348.71716802131334"
"213","213","0","1532.0","348.7171680298764"
"213","213","0","1534.0","348.7171680324501"
"213","213","0","1536.0","348.71716803636735"
"213","213","0","1538.0","348.7171680272306"
"213","213","0","1540.0","348.7171680244452"
"213","213","0","1542.0","348.7171680269053"
"213","213","0","1544.0","348.71716802752127"
"213","213","0","1546.0","348.7171680228838"
"213","213","0","1548.0","348.717168022897"
"213","213","0","1550.0","348.71716801475947"
"213","213","0","1552.0","348.7171680161841"
"213","213","0","1554.0","348.71716800943807"
"213","213","0","1556.0","348.7171680085578"
"213","213","0","1558.0","348.7171680153145"
"213","213","0","1560.0","348.717168011618"
"213","213","0","1562.0","348.71716801492397"
"213","213","0","1564.0","348.71716801521376"
"213","213","0","1566.0","348.7171680149396"
"213","213","0","1568.0","348.7171680207608"
"213","213","0","1570.0","348.7171680207707"
"213","213","0","1572.0","348.71716801797436"
"213","213","0","1574.0","348.7171680192122"
"213","213","0","1576.0","348.71716802184415"
"213","213","0","1578.0","348.7171680351328"
"213","213","0","1580.0","348.7171680374657"
"213","213","0","1582.0","348.7171680379603"
"213","213","0","1584.0","348.7171680426895"
"213","213","0","1586.0","348.717168043669"
"213","213","0","1588.0","348.7171680421052"
"213","213","0","1590.0","348.71716804708865"
"213","213","0","1592.0","348.7171680550028"
"213","213","0","1594.0","348.717168061919"
"213","213","0","1596.0","348.7171680583604"
"213","213","0","1598.0","348.71716807019635"
"213","213","0","1600.0","348.71716806323445"
"213","213","0","1602.0","348.7171680662325"
"213","213","0","1604.0","348.71716806337923"
"213","213","0","1606.0","348.71716806513814"
"213","213","0","1608.0","348.71716806162686"
"213","213","0","1610.0","348.7171680621889"
"213","213","0","1612.0","348.71716806253676"
"213","213","0","1614.0","348.71716806231154"
"213","213","0","1616.0","348.7171680644704"
"213","213","0","1618.0","348.717168071403"
"213","213","0","1620.0","348.71716807762414"
"213","213","0","1622.0","348.7171680768222"
"213","213","0","1624.0","348.7171680764402"
"213","213","0","1626.0","348.7171680808596"
"213","213","0","1628.0","348.71716807420444"
"213","213","0","1630.0","348.71716807625427"
"213","213","0","1632.0","348.7171680809099"
"213","213","0","1634.0","348.71716808247726"
"213","213","0","1636.0","348.71716808138535"
"213","213","0","1638.0","348.7171680786153"
"213","213","0","1640.0","348.7171680740116"
"213","213","0","1642.0","348.7171680742224"
"213","213","0","1644.0","348.71716806830483"
"213","213","0","1646.0","348.71716806868443"
"213","213","0","1648.0","348.71716807533073"
"213","213","0","1650.0","348.7171680750123"
"213","213","0","1652.0","348.71716807419267"
"213","213","0","1654.0","348.7171680794181"
"213","213","0","1656.0","348.7171680796866"
"213","213","0","1658.0","348.7171680810088"
"213","213","0","1660.0","348.71716808553754"
"213","213","0","1662.0","348.7171680869574"
"213","213","0","1664.0","348.71716808635375"
"213","213","0","1666.0","348.71716809046893"
"213","213","0","1668.0","348.7171680869073"
"213","213","0","1670.0","348.7171680850405"
"213","213","0","1672.0","348.7171680905084"
"213","213","0","1674.0","348.7171680838571"
"213","213","0","1676.0","348.7171680731317"
"213","213","0","1678.0","348.7171680767056"
"213","213","0","1680.0","348.71716807829705"
"213","213","0","1682.0","348.7171680796317"
"213","213","0","1684.0","348.7171680828401"
"213","213","0","1686.0","348.71716808295565"
"213","213","0","1688.0","348.7171680871909"
"213","213","0","1690.0","348.7171680907892"
"213","213","0","1692.0","348.71716809367126"
"213","213","0","1694.0","348.717168090723"
"213","213","0","1696.0","348.7171680890734"
"213","213","0","1698.0","348.7171680880407"
"213","213","0","1700.0","348.7171680836909"
"213","213","0","1702.0","348.71716809191986"
"213","213","0","1704.0","348.7171680962116"
"213","213","0","1706.0","348.71716810372226"
"213","213","0","1708.0","348.7171681082971"
"213","213","0","1710.0","348.7171681081694"
"213","213","0","1712.0","348.71716810927444"
"213","213","0","1714.0","348.7171681117538"
"213","213","0","1716.0","348.7171681103671"
"213","213","0","1718.0","348.71716811392895"
"213","213","0","1720.0","348.71716811769386"
"213","213","0","1722.0","348.71716811990007"
"213","213","0","1724.0","348.7171681188569"
"213","213","0","1726.0","348.71716811893924"
"213","213","0","1728.0","348.7171681271339"
"213","213","0","1730.0","348.7171681295557"
"213","213","0","1732.0","348.71716813047135"
"213","213","0","1734.0","348.7171681306114"
"213","213","0","1736.0","348.71716813945284"
"213","213","0","1738.0","348.71716814833223"
"213","213","0","1740.0","348.7171681470095"
"213","213","0","1742.0","348.7171681427159"
"213","213","0","1744.0","348.71716814748714"
"213","213","0","1746.0","348.71716813964366"
"213","213","0","1748.0","348.7171681344735"
"213","213","0","1750.0","348.71716813034254"
"213","213","0","1752.0","348.7171681281246"
"213","213","0","1754.0","348.7171681337818"
"213","213","0","1756.0","348.7171681371353"
"213","213","0","1758.0","348.7171681379283"
"213","213","0","1760.0","348.71716814957915"
"213","213","0","1762.0","348.71716815027105"
"213","213","0","1764.0","348.7171681548545"
"213","213","0","1766.0","348.71716815390033"
"213","213","0","1768.0","348.7171681522993"
"213","213","0","1770.0","348.71716815277625"
"213","213","0","1772.0","348.7171681519677"
"213","213","0","1774.0","348.7171681509622"
"213","213","0","1776.0","348.7171681479875"
"213","213","0","1778.0","348.7171681485567"
"213","213","0","1780.0","348.71716814763903"
"213","213","0","1782.0","348.7171681510838"
"213","213","0","1784.0","348.71716814897854"
"213","213","0","1786.0","348.71716815133794"
"213","213","0","1788.0","348.7171681508802"
"213","213","0","1790.0","348.71716815210596"
"213","213","0","1792.0","348.7171681455352"
"213","213","0","1794.0","348.7171681477379"
"213","213","0","1796.0","348.7171681431111"
"213","213","0","1798.0","348.71716814532186"
"213","213","0","1800.0","348.71716815327346"
"213","213","0","1802.0","348.71716815342614"
"213","213","0","1804.0","348.7171681528562"
"213","213","0","1806.0","348.71716815571966"
"213","213","0","1808.0","348.7171681565845"
"213","213","0","1810.0","348.7171681588341"
"213","213","0","1812.0","348.71716815769224"
"213","213","0","1814.0","348.7171681598824"
"213","213","0","1816.0","348.717168161298"
"213","213","0","1818.0","348.7171681544599"
"213","213","0","1820.0","348.717168146631"
"213","213","0","1822.0","348.71716814957125"
"213","213","0","1824.0","348.7171681460782"
"213","213","0","1826.0","348.71716814128195"
"213","213","0","1828.0","348.717168140602"
"213","213","0","1830.0","348.71716813773224"
"213","213","0","1832.0","348.7171681456852"
"213","213","0","1834.0","348.7171681522567"
"213","213","0","1836.0","348.71716815128036"
"213","213","0","1838.0","348.71716815095886"
"213","213","0","1840.0","348.71716814603815"
"213","213","0","1842.0","348.71716814593094"
"213","213","0","1844.0","348.71716813581696"
"213","213","0","1846.0","348.71716813434097"
"213","213","0","1848.0","348.7171681386848"
"213","213","0","1850.0","348.7171681416031"
"213","213","0","1852.0","348.7171681353252"
"213","213","0","1854.0","348.7171681345109"
"213","213","0","1856.0","348.7171681309926"
"213","213","0","1858.0","348.71716813288816"
"213","213","0","1860.0","348.717168134613"
"213","213","0","1862.0","348.71716813729597"
"213","213","0","1864.0","348.7171681412095"
"213","213","0","1866.0","348.71716813846257"
"213","213","0","1868.0","348.7171681421748"
"213","213","0","1870.0","348.7171681419396"
"213","213","0","1872.0","348.71716814102206"
"213","213","0","1874.0","348.71716814097664"
"213","213","0","1876.0","348.71716814104565"
"213","213","0","1878.0","348.71716814287674"
"213","213","0","1880.0","348.7171681451847"
"213","213","0","1882.0","348.7171681476288"
"213","213","0","1884.0","348.71716815103207"
"213","213","0","1886.0","348.71716815198096"
"213","213","0","1888.0","348.71716815295264"
"213","213","0","1890.0","348.71716815846725"
"213","213","0","1892.0","348.71716816345656"
"213","213","0","1894.0","348.7171681605467"
"213","213","0","1896.0","348.7171681615304"
"213","213","0","1898.0","348.71716815949344"
"213","213","0","1900.0","348.717168160721"
"213","213","0","1902.0","348.71716816757606"
"213","213","0","1904.0","348.7171681704354"
"213","213","0","1906.0","348.7171681687159"
"213","213","0","1908.0","348.7171681679053"
"213","213","0","1910.0","348.71716816450277"
"213","213","0","1912.0","348.71716816391876"
"213","213","0","1914.0","348.7171681617938"
"213","213","0","1916.0","348.717168168944"
"213","213","0","1918.0","348.71716816453016"
"213","213","0","1920.0","348.7171681659915"
"213","213","0","1922.0","348.7171681616794"
"213","213","0","1924.0","348.7171681667512"
"213","213","0","1926.0","348.7171681720699"
"213","213","0","1928.0","348.7171681699725"
"213","213","0","1930.0","348.7171681662782"
"213","213","0","1932.0","348.71716816744777"
"213","213","0","1934.0","348.71716817118977"
"213","213","0","1936.0","348.7171681712145"
"213","213","0","1938.0","348.71716817286745"
"213","213","0","1940.0","348.7171681803792"
"213","213","0","1942.0","348.7171681757404"
"213","213","0","1944.0","348.7171681797678"
"213","213","0","1946.0","348.7171681753706"
"213","213","0","1948.0","348.71716817570496"
"213","213","0","1950.0","348.717168174628"
"213","213","0","1952.0","348.7171681750216"
"213","213","0","1954.0","348.7171681766741"
"213","213","0","1956.0","348.71716818224854"
"213","213","0","1958.0","348.7171681812205"
"213","213","0","1960.0","348.71716818896124"
"213","213","0","1962.0","348.71716818630375"
"213","213","0","1964.0","348.717168190159"
"213","213","0","1966.0","348.71716818601806"
"213","213","0","1968.0","348.7171681885906"
"213","213","0","1970.0","348.71716818699355"
"213","213","0","1972.0","348.7171681845381"
"213","213","0","1974.0","348.71716818934095"
"213","213","0","1976.0","348.7171681969737"
"213","213","0","1978.0","348.7171681987476"
"213","213","0","1980.0","348.71716819577523"
"213","213","0","1982.0","348.71716819837894"
"213","213","0","1984.0","348.7171681965527"
"213","213","0","1986.0","348.7171682000082"
"213","213","0","1988.0","348.7171682061022"
"213","213","0","1990.0","348.717168207961"
"213","213","0","1992.0","348.7171682127565"
"213","213","0","1994.0","348.7171682117884"
"213","213","0","1996.0","348.7171682102902"
"213","213","0","1998.0","348.717168210631"
"213","213","0","2000.0","348.7171682074172"
"213","213","0","2002.0","348.717168213414"
"213","213","0","2004.0","348.71716821592594"
"213","213","0","2006.0","348.7171682149143"
"213","213","0","2008.0","348.71716821587813"
"213","213","0","2010.0","348.7171682173195"
"213","213","0","2012.0","348.7171682184172"
"213","213","0","2014.0","348.7171682187146"
"213","213","0","2016.0","348.71716822159044"
"213","213","0","2018.0","348.71716822396684"
"213","213","0","2020.0","348.71716822162205"
"213","213","0","2022.0","348.7171682257124"
"213","213","0","2024.0","348.71716821882205"
"213","213","0","2026.0","348.71716822340306"
"213","213","0","2028.0","348.7171682248539"
"213","213","0","2030.0","348.71716822691343"
"213","213","0","2032.0","348.7171682277149"
"213","213","0","2034.0","348.7171682271945"
"213","213","0","2036.0","348.7171682330762"
"213","213","0","2038.0","348.71716822805456"
"213","213","0","2040.0","348.7171682338064"
"213","213","0","2042.0","348.7171682372177"
"213","213","0","2044.0","348.71716824437823"
"213","213","0","2046.0","348.7171682477235"
"213","213","0","2048.0","348.71716825128607"
"213","213","0","2050.0","348.717168254868"
"213","213","0","2052.0","348.71716825179203"
"213","213","0","2054.0","348.7171682520717"
"213","213","0","2056.0","348.71716825584804"
"213","213","0","2058.0","348.71716825196955"
"213","213","0","2060.0","348.7171682531324"
"213","213","0","2062.0","348.7171682527936"
"213","213","0","2064.0","348.7171682543262"
"213","213","0","2066.0","348.717168254657"
"213","213","0","2068.0","348.7171682563929"
"213","213","0","2070.0","348.71716825764247"
"213","213","0","2072.0","348.7171682554331"
"213","213","0","2074.0","348.717168257231"
"213","213","0","2076.0","348.7171682576236"
"213","213","0","2078.0","348.7171682569708"
"213","213","0","2080.0","348.71716825327474"
"213","213","0","2082.0","348.7171682496672"
"213","213","0","2084.0","348.717168250999"
"213","213","0","2086.0","348.7171682517964"
"213","213","0","2088.0","348.7171682558098"
"213","213","0","2090.0","348.7171682617165"
"213","213","0","2092.0","348.71716826242"
"213","213","0","2094.0","348.71716826345886"
"213","213","0","2096.0","348.71716826640375"
"213","213","0","2098.0","348.7171682677216"
"213","213","0","2100.0","348.7171682621828"
"213","213","0","2102.0","348.7171682658733"
"213","213","0","2104.0","348.7171682582576"
"213","213","0","2106.0","348.71716825772137"
"213","213","0","2108.0","348.7171682615782"
"213","213","0","2110.0","348.7171682624375"
"213","213","0","2112.0","348.7171682615231"
"213","213","0","2114.0","348.7171682623171"
"213","213","0","2116.0","348.71716826612743"
"213","213","0","2118.0","348.7171682665373"
"213","213","0","2120.0","348.7171682658175"
"213","213","0","2122.0","348.71716826667824"
"213","213","0","2124.0","348.717168267319"
"213","213","0","2126.0","348.7171682677698"
"213","213","0","2128.0","348.71716826843516"
"213","213","0","2130.0","348.71716826506105"
"213","213","0","2132.0","348.71716827069383"
"213","213","0","2134.0","348.7171682690229"
"213","213","0","2136.0","348.71716826649333"
"213","213","0","2138.0","348.7171682713192"
"213","213","0","2140.0","348.71716827163687"
"213","213","0","2142.0","348.71716827205745"
"213","213","0","2144.0","348.71716827141546"
"213","213","0","2146.0","348.7171682751897"
"213","213","0","2148.0","348.71716827584186"
"213","213","0","2150.0","348.71716827085896"
"213","213","0","2152.0","348.71716826682666"
"213","213","0","2154.0","348.7171682660222"
"213","213","0","2156.0","348.7171682626903"
"213","213","0","2158.0","348.7171682618757"
"213","213","0","2160.0","348.71716825936073"
"213","213","0","2162.0","348.7171682580233"
"213","213","0","2164.0","348.7171682571907"
"213","213","0","2166.0","348.7171682555553"
"213","213","0","2168.0","348.71716825738906"
"213","213","0","2170.0","348.71716825925046"
"213","213","0","2172.0","348.7171682567027"
"213","213","0","2174.0","348.71716825723445"
"213","213","0","2176.0","348.71716825906174"
"213","213","0","2178.0","348.717168259943"
"213","213","0","2180.0","348.717168262914"
"213","213","0","2182.0","348.7171682625907"
"213","213","0","2184.0","348.7171682653908"
"213","213","0","2186.0","348.7171682679408"
"213","213","0","2188.0","348.71716827060476"
"213","213","0","2190.0","348.717168270708"
"213","213","0","2192.0","348.71716827378896"
"213","213","0","2194.0","348.7171682761376"
"213","213","0","2196.0","348.7171682821728"
"213","213","0","2198.0","348.71716828218155"
"213","213","0","2200.0","348.7171682847148"
"213","213","0","2202.0","348.71716828115905"
"213","213","0","2204.0","348.7171682823452"
"213","213","0","2206.0","348.7171682847932"
"213","213","0","2208.0","348.71716828470716"
"213","213","0","2210.0","348.7171682880686"
"213","213","0","2212.0","348.7171682887191"
"213","213","0","2214.0","348.71716828501366"
"213","213","0","2216.0","348.7171682892062"
"213","213","0","2218.0","348.71716828706576"
"213","213","0","2220.0","348.7171682902001"
"213","213","0","2222.0","348.7171682863394"
"213","213","0","2224.0","348.717168295962"
"213","213","0","2226.0","348.7171682960078"
"213","213","0","2228.0","348.7171682995851"
"213","213","0","2230.0","348.71716829953846"
"213","213","0","2232.0","348.7171683008717"
"213","213","0","2234.0","348.71716830132414"
"213","213","0","2236.0","348.7171683045347"
"213","213","0","2238.0","348.7171683042906"
"213","213","0","2240.0","348.7171683060278"
"213","213","0","2242.0","348.7171683066802"
"213","213","0","2244.0","348.71716830895133"
"213","213","0","2246.0","348.71716831042784"
"213","213","0","2248.0","348.7171683097827"
"213","213","0","2250.0","348.71716830981444"
"213","213","0","2252.0","348.7171683134017"
"213","213","0","2254.0","348.7171683113994"
"213","213","0","2256.0","348.71716831237626"
"213","213","0","2258.0","348.71716831259425"
"213","213","0","2260.0","348.7171683172114"
"213","213","0","2262.0","348.71716832004876"
"213","213","0","2264.0","348.717168319225"
"213","213","0","2266.0","348.71716831899283"
"213","213","0","2268.0","348.71716831326387"
"213","213","0","2270.0","348.717168311789"
"213","213","0","2272.0","348.7171683098888"
"213","213","0","2274.0","348.717168312044"
"213","213","0","2276.0","348.7171683117699"
"213","213","0","2278.0","348.7171683161504"
"213","213","0","2280.0","348.71716831570734"
"213","213","0","2282.0","348.71716831759767"
"213","213","0","2284.0","348.71716831699024"
"213","213","0","2286.0","348.71716831875426"
"213","213","0","2288.0","348.71716831946765"
"213","213","0","2290.0","348.71716832041454"
"213","213","0","2292.0","348.7171683198995"
"213","213","0","2294.0","348.71716832072593"
"213","213","0","2296.0","348.7171683164906"
"213","213","0","2298.0","348.7171683183295"
"213","213","0","2300.0","348.7171683190414"
"213","213","0","2302.0","348.7171683207768"
"213","213","0","2304.0","348.7171683189712"
"213","213","0","2306.0","348.7171683172865"
"213","213","0","2308.0","348.7171683166855"
"213","213","0","2310.0","348.7171683187387"
"213","213","0","2312.0","348.71716832078374"
"213","213","0","2314.0","348.71716832394884"
"213","213","0","2316.0","348.7171683292735"
"213","213","0","2318.0","348.7171683313838"
"213","213","0","2320.0","348.71716833131546"
"213","213","0","2322.0","348.7171683318135"
"213","213","0","2324.0","348.71716832882123"
"213","213","0","2326.0","348.7171683279103"
"213","213","0","2328.0","348.71716832953246"
"213","213","0","2330.0","348.71716833317817"
"213","213","0","2332.0","348.717168330809"
"213","213","0","2334.0","348.71716833078335"
"213","213","0","2336.0","348.7171683282534"
"213","213","0","2338.0","348.7171683310766"
"213","213","0","2340.0","348.71716833176055"
"213","213","0","2342.0","348.717168334569"
"213","213","0","2344.0","348.71716833243505"
"213","213","0","2346.0","348.7171683307191"
"213","213","0","2348.0","348.7171683296651"
"213","213","0","2350.0","348.7171683317442"
"213","213","0","2352.0","348.7171683273807"
"213","213","0","2354.0","348.71716832477136"
"213","213","0","2356.0","348.7171683263139"
"213","213","0","2358.0","348.7171683292237"
"213","213","0","2360.0","348.71716832738576"
"213","213","0","2362.0","348.7171683271248"
"213","213","0","2364.0","348.7171683294911"
"213","213","0","2366.0","348.7171683302779"
"213","213","0","2368.0","348.7171683315918"
"213","213","0","2370.0","348.7171683325142"
"213","213","0","2372.0","348.7171683316782"
"213","213","0","2374.0","348.71716833254277"
"213","213","0","2376.0","348.71716833031815"
"213","213","0","2378.0","348.7171683301689"
"213","213","0","2380.0","348.7171683314174"
"213","213","0","2382.0","348.7171683289807"
"213","213","0","2384.0","348.71716832560793"
"213","213","0","2386.0","348.717168328517"
"213","213","0","2388.0","348.7171683313667"
"213","213","0","2390.0","348.7171683334189"
"213","213","0","2392.0","348.71716833416644"
"213","213","0","2394.0","348.71716833689345"
"213","213","0","2396.0","348.7171683374049"
"213","213","0","2398.0","348.71716833602835"
"213","213","0","2400.0","348.7171683388047"
"213","213","0","2402.0","348.7171683395341"
"213","213","0","2404.0","348.71716834270467"
"213","213","0","2406.0","348.7171683448659"
"213","213","0","2408.0","348.71716834708906"
"213","213","0","2410.0","348.71716834778425"
"213","213","0","2412.0","348.71716834945"
"213","213","0","2414.0","348.7171683478057"
"213","213","0","2416.0","348.71716834981817"
"213","213","0","2418.0","348.7171683494853"
"213","213","0","2420.0","348.717168349442"
"213","213","0","2422.0","348.71716835109765"
"213","213","0","2424.0","348.7171683509608"
"213","213","0","2426.0","348.717168350252"
"213","213","0","2428.0","348.7171683489302"
"213","213","0","2430.0","348.71716834652193"
"213","213","0","2432.0","348.7171683469771"
"213","213","0","2434.0","348.7171683497539"
"213","213","0","2436.0","348.7171683456921"
"213","213","0","2438.0","348.7171683420666"
"213","213","0","2440.0","348.71716833763037"
"213","213","0","2442.0","348.71716833965877"
"213","213","0","2444.0","348.7171683424894"
"213","213","0","2446.0","348.7171683388611"
"213","213","0","2448.0","348.71716834153403"
"213","213","0","2450.0","348.7171683423077"
"213","213","0","2452.0","348.7171683418808"
"213","213","0","2454.0","348.71716834020174"
"213","213","0","2456.0","348.71716834095116"
"213","213","0","2458.0","348.7171683425917"
"213","213","0","2460.0","348.71716834589984"
"213","213","0","2462.0","348.71716834668047"
"213","213","0","2464.0","348.717168346538"
"213","213","0","2466.0","348.71716834666216"
"213","213","0","2468.0","348.71716834547175"
"213","213","0","2470.0","348.717168348365"
"213","213","0","2472.0","348.7171683465796"
"213","213","0","2474.0","348.7171683505128"
"213","213","0","2476.0","348.71716834872933"
"213","213","0","2478.0","348.7171683459768"
"213","213","0","2480.0","348.7171683470192"
"213","213","0","2482.0","348.7171683437939"
"213","213","0","2484.0","348.71716834255363"
"213","213","0","2486.0","348.71716833789355"
"213","213","0","2488.0","348.71716833803754"
"213","213","0","2490.0","348.7171683387186"
"213","213","0","2492.0","348.71716833982697"
"213","213","0","2494.0","348.7171683392372"
"213","213","0","2496.0","348.7171683430834"
"213","213","0","2498.0","348.7171683449009"
"213","213","0","2500.0","348.71716834397597"
"213","213","0","2502.0","348.71716834333336"
"213","213","0","2504.0","348.7171683450866"
"213","213","0","2506.0","348.717168346255"
"213","213","0","2508.0","348.71716834364753"
"213","213","0","2510.0","348.7171683445195"
"213","213","0","2512.0","348.71716834918567"
"213","213","0","2514.0","348.71716834662044"
"213","213","0","2516.0","348.71716834427485"
"213","213","0","2518.0","348.71716834349644"
"213","213","0","2520.0","348.71716834449285"
"213","213","0","2522.0","348.7171683435904"
"213","213","0","2524.0","348.71716834522465"
"213","213","0","2526.0","348.7171683450084"
"213","213","0","2528.0","348.71716834701834"
"213","213","0","2530.0","348.71716834755017"
"213","213","0","2532.0","348.71716834769404"
"213","213","0","2534.0","348.71716834887764"
"213","213","0","2536.0","348.7171683510395"
"213","213","0","2538.0","348.7171683505751"
"213","213","0","2540.0","348.7171683506184"
"213","213","0","2542.0","348.7171683516635"
"213","213","0","2544.0","348.7171683495893"
"213","213","0","2546.0","348.7171683495981"
"213","213","0","2548.0","348.7171683499204"
"213","213","0","2550.0","348.7171683511341"
"213","213","0","2552.0","348.71716834923774"
"213","213","0","2554.0","348.71716834764976"
"213","213","0","2556.0","348.7171683455895"
"213","213","0","2558.0","348.7171683482291"
"213","213","0","2560.0","348.71716834775543"
"213","213","0","2562.0","348.71716834506964"
"213","213","0","2564.0","348.7171683419987"
"213","213","0","2566.0","348.7171683430465"
"213","213","0","2568.0","348.71716834276924"
"213","213","0","2570.0","348.71716834263646"
"213","213","0","2572.0","348.71716834238873"
"213","213","0","2574.0","348.71716834373456"
"213","213","0","2576.0","348.7171683448608"
"213","213","0","2578.0","348.7171683461799"
"213","213","0","2580.0","348.71716834847985"
"213","213","0","2582.0","348.7171683499706"
"213","213","0","2584.0","348.7171683502083"
"213","213","0","2586.0","348.71716835128683"
"213","213","0","2588.0","348.7171683512342"
"213","213","0","2590.0","348.7171683529413"
"213","213","0","2592.0","348.7171683543253"
"213","213","0","2594.0","348.71716835296866"
"213","213","0","2596.0","348.7171683515686"
"213","213","0","2598.0","348.717168350403"
"213","213","0","2600.0","348.7171683481304"
"213","213","0","2602.0","348.7171683460089"
"213","213","0","2604.0","348.71716834719786"
"213","213","0","2606.0","348.71716834834433"
"213","213","0","2608.0","348.7171683494616"
"213","213","0","2610.0","348.7171683515312"
"213","213","0","2612.0","348.7171683522725"
"213","213","0","2614.0","348.71716835528906"
"213","213","0","2616.0","348.7171683547297"
"213","213","0","2618.0","348.71716835321365"
"213","213","0","2620.0","348.7171683531377"
"213","213","0","2622.0","348.7171683540525"
"213","213","0","2624.0","348.71716835436456"
"213","213","0","2626.0","348.71716835278465"
"213","213","0","2628.0","348.7171683551215"
"213","213","0","2630.0","348.7171683559998"
"213","213","0","2632.0","348.7171683562845"
"213","213","0","2634.0","348.71716835959717"
"213","213","0","2636.0","348.7171683604605"
"213","213","0","2638.0","348.71716835986444"
"213","213","0","2640.0","348.7171683609807"
"213","213","0","2642.0","348.7171683599427"
"213","213","0","2644.0","348.71716836180025"
"213","213","0","2646.0","348.71716836154565"
"213","213","0","2648.0","348.71716836298776"
"213","213","0","2650.0","348.71716836268473"
"213","213","0","2652.0","348.71716836500576"
"213","213","0","2654.0","348.7171683674871"
"213","213","0","2656.0","348.71716836598813"
"213","213","0","2658.0","348.7171683676382"
"213","213","0","2660.0","348.71716836701"
"213","213","0","2662.0","348.71716836877533"
"213","213","0","2664.0","348.717168369041"
"213","213","0","2666.0","348.71716836872525"
"213","213","0","2668.0","348.717168368832"
"213","213","0","2670.0","348.7171683680939"
"213","213","0","2672.0","348.71716836530516"
"213","213","0","2674.0","348.7171683622619"
"213","213","0","2676.0","348.7171683622174"
"213","213","0","2678.0","348.7171683619944"
"213","213","0","2680.0","348.71716836462167"
"213","213","0","2682.0","348.7171683659754"
"213","213","0","2684.0","348.7171683641485"
"213","213","0","2686.0","348.71716836220264"
"213","213","0","2688.0","348.71716836229103"
"213","213","0","2690.0","348.7171683629102"
"213","213","0","2692.0","348.7171683631091"
"213","213","0","2694.0","348.7171683635549"
"213","213","0","2696.0","348.717168364962"
"213","213","0","2698.0","348.7171683644994"
"213","213","0","2700.0","348.7171683628062"
"213","213","0","2702.0","348.717168362775"
"213","213","0","2704.0","348.71716836164444"
"213","213","0","2706.0","348.717168360613"
"213","213","0","2708.0","348.71716836155144"
"213","213","0","2710.0","348.7171683625756"
"213","213","0","2712.0","348.71716836431676"
"213","213","0","2714.0","348.71716836492857"
"213","213","0","2716.0","348.7171683659501"
"213","213","0","2718.0","348.71716836633084"
"213","213","0","2720.0","348.7171683665372"
"213","213","0","2722.0","348.71716836699926"
"213","213","0","2724.0","348.7171683690849"
"213","213","0","2726.0","348.7171683671374"
"213","213","0","2728.0","348.7171683668224"
"213","213","0","2730.0","348.7171683677936"
"213","213","0","2732.0","348.71716836762846"
"213","213","0","2734.0","348.71716836768536"
"213","213","0","2736.0","348.7171683691987"
"213","213","0","2738.0","348.7171683686198"
"213","213","0","2740.0","348.7171683674581"
"213","213","0","2742.0","348.7171683672003"
"213","213","0","2744.0","348.7171683674265"
"213","213","0","2746.0","348.7171683684439"
"213","213","0","2748.0","348.7171683698881"
"213","213","0","2750.0","348.7171683692433"
"213","213","0","2752.0","348.71716837116196"
"213","213","0","2754.0","348.71716837223454"
"213","213","0","2756.0","348.7171683711838"
"213","213","0","2758.0","348.717168370646"
"213","213","0","2760.0","348.7171683709808"
"213","213","0","2762.0","348.71716837122733"
"213","213","0","2764.0","348.7171683700996"
"213","213","0","2766.0","348.7171683704633"
"213","213","0","2768.0","348.7171683694144"
"213","213","0","2770.0","348.71716836855865"
"213","213","0","2772.0","348.7171683698325"
"213","213","0","2774.0","348.71716837138155"
"213","213","0","2776.0","348.7171683716297"
"213","213","0","2778.0","348.7171683703667"
"213","213","0","2780.0","348.71716837107783"
"213","213","0","2782.0","348.7171683730103"
"213","213","0","2784.0","348.7171683714253"
"213","213","0","2786.0","348.7171683705009"
"213","213","0","2788.0","348.7171683714875"
"213","213","0","2790.0","348.7171683725425"
"213","213","0","2792.0","348.71716837146124"
"213","213","0","2794.0","348.71716837148915"
"213","213","0","2796.0","348.71716837203934"
"213","213","0","2798.0","348.71716837341654"
"213","213","0","2800.0","348.71716837325533"
"213","213","0","2802.0","348.7171683734331"
"213","213","0","2804.0","348.7171683732453"
"213","213","0","2806.0","348.7171683751912"
"213","213","0","2808.0","348.71716837489095"
"213","213","0","2810.0","348.71716837281343"
"213","213","0","2812.0","348.717168373497"
"213","213","0","2814.0","348.71716837438464"
"213","213","0","2816.0","348.7171683757899"
"213","213","0","2818.0","348.717168375999"
"213","213","0","2820.0","348.7171683760722"
"213","213","0","2822.0","348.71716837689456"
"213","213","0","2824.0","348.71716837750853"
"213","213","0","2826.0","348.7171683777051"
"213","213","0","2828.0","348.71716837703286"
"213","213","0","2830.0","348.71716837993654"
"213","213","0","2832.0","348.71716837930524"
"213","213","0","2834.0","348.7171683799893"
"213","213","0","2836.0","348.7171683801958"
"213","213","0","2838.0","348.71716837925766"
"213","213","0","2840.0","348.7171683797523"
"213","213","0","2842.0","348.717168379745"
"213","213","0","2844.0","348.71716837817695"
"213","213","0","2846.0","348.71716837815035"
"213","213","0","2848.0","348.7171683782973"
"213","213","0","2850.0","348.7171683771146"
"213","213","0","2852.0","348.71716837745976"
"213","213","0","2854.0","348.7171683768719"
"213","213","0","2856.0","348.7171683749369"
"213","213","0","2858.0","348.71716837464226"
"213","213","0","2860.0","348.717168376846"
"213","213","0","2862.0","348.71716837950373"
"213","213","0","2864.0","348.7171683817877"
"213","213","0","2866.0","348.71716838454824"
"213","213","0","2868.0","348.7171683856024"
"213","213","0","2870.0","348.71716838547945"
"213","213","0","2872.0","348.71716838434156"
"213","213","0","2874.0","348.7171683846545"
"213","213","0","2876.0","348.7171683851677"
"213","213","0","2878.0","348.71716838655"
"213","213","0","2880.0","348.7171683859924"
"213","213","0","2882.0","348.71716838642277"
"213","213","0","2884.0","348.71716838749467"
"213","213","0","2886.0","348.7171683849774"
"213","213","0","2888.0","348.717168384392"
"213","213","0","2890.0","348.7171683861976"
"213","213","0","2892.0","348.7171683881892"
"213","213","0","2894.0","348.71716838828905"
"213","213","0","2896.0","348.717168388727"
"213","213","0","2898.0","348.7171683892344"
"213","213","0","2900.0","348.7171683890089"
"213","213","0","2902.0","348.7171683893413"
"213","213","0","2904.0","348.71716838884737"
"213","213","0","2906.0","348.7171683869248"
"213","213","0","2908.0","348.7171683886121"
"213","213","0","2910.0","348.7171683895864"
"213","213","0","2912.0","348.71716838758994"
"213","213","0","2914.0","348.71716838760256"
"213","213","0","2916.0","348.7171683872144"
"213","213","0","2918.0","348.71716838776535"
"213","213","0","2920.0","348.71716838660797"
"213","213","0","2922.0","348.7171683879096"
"213","213","0","2924.0","348.717168388526"
"213","213","0","2926.0","348.7171683892296"
"213","213","0","2928.0","348.7171683890722"
"213","213","0","2930.0","348.71716838795163"
"213","213","0","2932.0","348.7171683890794"
"213","213","0","2934.0","348.71716839194386"
"213","213","0","2936.0","348.71716839241043"
"213","213","0","2938.0","348.71716839408924"
"213","213","0","2940.0","348.71716839581774"
"213","213","0","2942.0","348.7171683976168"
"213","213","0","2944.0","348.71716839624855"
"213","213","0","2946.0","348.7171683993829"
"213","213","0","2948.0","348.7171684013381"
"213","213","0","2950.0","348.71716840121144"
"213","213","0","2952.0","348.71716840133786"
"213","213","0","2954.0","348.71716840143495"
"213","213","0","2956.0","348.7171684000935"
"213","213","0","2958.0","348.7171683992324"
"213","213","0","2960.0","348.71716839997555"
"213","213","0","2962.0","348.7171683992308"
"213","213","0","2964.0","348.7171683989913"
"213","213","0","2966.0","348.71716839917696"
"213","213","0","2968.0","348.71716839961994"
"213","213","0","2970.0","348.71716840032525"
"213","213","0","2972.0","348.7171684009142"
"213","213","0","2974.0","348.71716840027597"
"213","213","0","2976.0","348.7171684003659"
"213","213","0","2978.0","348.71716840142415"
"213","213","0","2980.0","348.7171684021174"
"213","213","0","2982.0","348.71716840305834"
"213","213","0","2984.0","348.7171684034625"
"213","213","0","2986.0","348.71716840214833"
"213","213","0","2988.0","348.7171684013637"
"213","213","0","2990.0","348.7171684006353"
"213","213","0","2992.0","348.7171684003408"
"213","213","0","2994.0","348.7171684000078"
"213","213","0","2996.0","348.717168401267"
"213","213","0","2998.0","348.7171684022229"
"213","213","0","3000.0","348.71716840166096"
"213","213","0","3002.0","348.71716840347403"
"213","213","0","3004.0","348.71716840479155"
"213","213","0","3006.0","348.7171684042405"
"213","213","0","3008.0","348.71716840419276"
"213","213","0","3010.0","348.71716840592137"
"213","213","0","3012.0","348.7171684080429"
"213","213","0","3014.0","348.7171684082856"
"213","213","0","3016.0","348.7171684095014"
"213","213","0","3018.0","348.7171684107371"
"213","213","0","3020.0","348.7171684118099"
"213","213","0","3022.0","348.7171684117755"
"213","213","0","3024.0","348.71716841274025"
"213","213","0","3026.0","348.717168412756"
"213","213","0","3028.0","348.7171684140367"
"213","213","0","3030.0","348.71716841548186"
"213","213","0","3032.0","348.71716841616706"
"213","213","0","3034.0","348.71716841613556"
"213","213","0","3036.0","348.71716841537733"
"213","213","0","3038.0","348.7171684159902"
"213","213","0","3040.0","348.7171684164751"
"213","213","0","3042.0","348.7171684169816"
"213","213","0","3044.0","348.71716841621725"
"213","213","0","3046.0","348.717168415557"
"213","213","0","3048.0","348.7171684146805"
"213","213","0","3050.0","348.71716841544605"
"213","213","0","3052.0","348.7171684162403"
"213","213","0","3054.0","348.71716841598715"
"213","213","0","3056.0","348.71716841550153"
"213","213","0","3058.0","348.717168414981"
"213","213","0","3060.0","348.71716841463217"
"213","213","0","3062.0","348.71716841469623"
"213","213","0","3064.0","348.71716841409284"
"213","213","0","3066.0","348.71716841427656"
"213","213","0","3068.0","348.7171684137752"
"213","213","0","3070.0","348.71716841262645"
"213","213","0","3072.0","348.7171684132424"
"213","213","0","3074.0","348.71716841237026"
"213","213","0","3076.0","348.71716841200686"
"213","213","0","3078.0","348.7171684124325"
"213","213","0","3080.0","348.7171684117242"
"213","213","0","3082.0","348.7171684117671"
"213","213","0","3084.0","348.7171684130365"
"213","213","0","3086.0","348.7171684136081"
"213","213","0","3088.0","348.7171684125793"
"213","213","0","3090.0","348.7171684127283"
"213","213","0","3092.0","348.717168413156"
"213","213","0","3094.0","348.71716841475126"
"213","213","0","3096.0","348.71716841215846"
"213","213","0","3098.0","348.7171684109667"
"213","213","0","3100.0","348.7171684123623"
"213","213","0","3102.0","348.71716841096"
"213","213","0","3104.0","348.71716841111885"
"213","213","0","3106.0","348.7171684108199"
"213","213","0","3108.0","348.71716841044304"
"213","213","0","3110.0","348.7171684099927"
"213","213","0","3112.0","348.7171684071784"
"213","213","0","3114.0","348.71716840912757"
"213","213","0","3116.0","348.7171684090052"
"213","213","0","3118.0","348.71716840852184"
"213","213","0","3120.0","348.71716840744836"
"213","213","0","3122.0","348.71716840776674"
"213","213","0","3124.0","348.71716840619916"
"213","213","0","3126.0","348.71716840690317"
"213","213","0","3128.0","348.71716840625174"
"213","213","0","3130.0","348.7171684052852"
"213","213","0","3132.0","348.7171684059652"
"213","213","0","3134.0","348.7171684061446"
"213","213","0","3136.0","348.7171684065941"
"213","213","0","3138.0","348.71716840813997"
"213","213","0","3140.0","348.71716840882743"
"213","213","0","3142.0","348.71716840777594"
"213","213","0","3144.0","348.71716840970856"
"213","213","0","3146.0","348.7171684093407"
"213","213","0","3148.0","348.7171684092069"
"213","213","0","3150.0","348.717168408793"
"213","213","0","3152.0","348.7171684097422"
"213","213","0","3154.0","348.71716840961807"
"213","213","0","3156.0","348.7171684082115"
"213","213","0","3158.0","348.71716840817896"
"213","213","0","3160.0","348.7171684084326"
"213","213","0","3162.0","348.7171684074253"
"213","213","0","3164.0","348.71716840692324"
"213","213","0","3166.0","348.71716840762923"
"213","213","0","3168.0","348.7171684065447"
"213","213","0","3170.0","348.71716840714475"
"213","213","0","3172.0","348.71716840772757"
"213","213","0","3174.0","348.71716840850945"
"213","213","0","3176.0","348.717168408194"
"213","213","0","3178.0","348.71716840654307"
"213","213","0","3180.0","348.7171684065585"
"213","213","0","3182.0","348.7171684068512"
"213","213","0","3184.0","348.7171684067264"
"213","213","0","3186.0","348.71716840681364"
"213","213","0","3188.0","348.7171684085171"
"213","213","0","3190.0","348.7171684084436"
"213","213","0","3192.0","348.7171684088091"
"213","213","0","3194.0","348.71716840950324"
"213","213","0","3196.0","348.7171684088367"
"213","213","0","3198.0","348.7171684092729"
"213","213","0","3200.0","348.7171684096921"
"213","213","0","3202.0","348.71716841039114"
"213","213","0","3204.0","348.7171684097987"
"213","213","0","3206.0","348.7171684103074"
"213","213","0","3208.0","348.7171684097326"
"213","213","0","3210.0","348.71716840999284"
"213","213","0","3212.0","348.71716840993645"
"213","213","0","3214.0","348.7171684086475"
"213","213","0","3216.0","348.71716840825263"
"213","213","0","3218.0","348.7171684084459"
"213","213","0","3220.0","348.71716840896784"
"213","213","0","3222.0","348.71716840949045"
"213","213","0","3224.0","348.7171684093265"
"213","213","0","3226.0","348.71716840891673"
"213","213","0","3228.0","348.71716841036874"
"213","213","0","3230.0","348.7171684095154"
"213","213","0","3232.0","348.7171684101782"
"213","213","0","3234.0","348.7171684102812"
"213","213","0","3236.0","348.7171684111946"
"213","213","0","3238.0","348.71716841090074"
"213","213","0","3240.0","348.7171684117112"
"213","213","0","3242.0","348.71716841177323"
"213","213","0","3244.0","348.71716841188857"
"213","213","0","3246.0","348.7171684122111"
"213","213","0","3248.0","348.71716841292283"
"213","213","0","3250.0","348.71716841328924"
"213","213","0","3252.0","348.71716841362553"
"213","213","0","3254.0","348.71716841370727"
"213","213","0","3256.0","348.7171684127349"
"213","213","0","3258.0","348.7171684136851"
"213","213","0","3260.0","348.71716841296796"
"213","213","0","3262.0","348.7171684111453"
"213","213","0","3264.0","348.7171684117922"
"213","213","0","3266.0","348.717168412773"
"213","213","0","3268.0","348.71716841281375"
"213","213","0","3270.0","348.71716841312684"
"213","213","0","3272.0","348.7171684120199"
"213","213","0","3274.0","348.71716841198145"
"213","213","0","3276.0","348.71716841291556"
"213","213","0","3278.0","348.71716841313605"
"213","213","0","3280.0","348.7171684127193"
"213","213","0","3282.0","348.7171684122374"
"213","213","0","3284.0","348.7171684133057"
"213","213","0","3286.0","348.71716841334995"
"213","213","0","3288.0","348.71716841375525"
"213","213","0","3290.0","348.71716841361325"
"213","213","0","3292.0","348.71716841425786"
"213","213","0","3294.0","348.71716841420795"
"213","213","0","3296.0","348.71716841327566"
"213","213","0","3298.0","348.71716841353714"
"213","213","0","3300.0","348.71716841489126"
"213","213","0","3302.0","348.7171684142884"
"213","213","0","3304.0","348.7171684141133"
"213","213","0","3306.0","348.7171684138035"
"213","213","0","3308.0","348.7171684142"
"213","213","0","3310.0","348.7171684144814"
"213","213","0","3312.0","348.71716841555883"
"213","213","0","3314.0","348.7171684156163"
"213","213","0","3316.0","348.71716841508845"
"213","213","0","3318.0","348.7171684140539"
"213","213","0","3320.0","348.7171684145051"
"213","213","0","3322.0","348.71716841495254"
"213","213","0","3324.0","348.717168415542"
"213","213","0","3326.0","348.71716841794125"
"213","213","0","3328.0","348.71716841704205"
"213","213","0","3330.0","348.7171684176728"
"213","213","0","3332.0","348.7171684180831"
"213","213","0","3334.0","348.7171684189115"
"213","213","0","3336.0","348.71716841847825"
"213","213","0","3338.0","348.717168417419"
"213","213","0","3340.0","348.71716841758735"
"213","213","0","3342.0","348.7171684176717"
"213","213","0","3344.0","348.7171684185634"
"213","213","0","3346.0","348.71716841754966"
"213","213","0","3348.0","348.7171684168234"
"213","213","0","3350.0","348.7171684153739"
"213","213","0","3352.0","348.717168415769"
"213","213","0","3354.0","348.71716841548516"
"213","213","0","3356.0","348.7171684151927"
"213","213","0","3358.0","348.71716841569344"
"213","213","0","3360.0","348.7171684155182"
"213","213","0","3362.0","348.71716841695877"
"213","213","0","3364.0","348.71716841694547"
"213","213","0","3366.0","348.717168416249"
"213","213","0","3368.0","348.717168416568"
"213","213","0","3370.0","348.7171684165125"
"213","213","0","3372.0","348.71716841789816"
"213","213","0","3374.0","348.717168417267"
"213","213","0","3376.0","348.71716841733695"
"213","213","0","3378.0","348.7171684154866"
"213","213","0","3380.0","348.7171684163092"
"213","213","0","3382.0","348.7171684174364"
"213","213","0","3384.0","348.71716841741744"
"213","213","0","3386.0","348.7171684171765"
"213","213","0","3388.0","348.71716841672315"
"213","213","0","3390.0","348.7171684159065"
"213","213","0","3392.0","348.71716841578274"
"213","213","0","3394.0","348.7171684174653"
"213","213","0","3396.0","348.717168416277"
"213","213","0","3398.0","348.7171684157248"
"213","213","0","3400.0","348.7171684166047"
"213","213","0","3402.0","348.717168416974"
"213","213","0","3404.0","348.71716841742585"
"213","213","0","3406.0","348.7171684171924"
"213","213","0","3408.0","348.71716841866976"
"213","213","0","3410.0","348.7171684190791"
"213","213","0","3412.0","348.7171684191417"
"213","213","0","3414.0","348.71716841944425"
"213","213","0","3416.0","348.7171684194526"
"213","213","0","3418.0","348.71716841939053"
"213","213","0","3420.0","348.71716841980884"
"213","213","0","3422.0","348.7171684194993"
"213","213","0","3424.0","348.7171684201322"
"213","213","0","3426.0","348.7171684208223"
"213","213","0","3428.0","348.7171684195696"
"213","213","0","3430.0","348.717168418573"
"213","213","0","3432.0","348.7171684175815"
"213","213","0","3434.0","348.7171684188239"
"213","213","0","3436.0","348.7171684188634"
"213","213","0","3438.0","348.71716841933886"
"213","213","0","3440.0","348.7171684196209"
"213","213","0","3442.0","348.7171684189552"
"213","213","0","3444.0","348.71716841890606"
"213","213","0","3446.0","348.71716841930896"
"213","213","0","3448.0","348.7171684195093"
"213","213","0","3450.0","348.7171684190584"
"213","213","0","3452.0","348.7171684186966"
"213","213","0","3454.0","348.7171684191235"
"213","213","0","3456.0","348.71716842026495"
"213","213","0","3458.0","348.7171684203112"
"213","213","0","3460.0","348.71716842029474"
"213","213","0","3462.0","348.71716841950933"
"213","213","0","3464.0","348.7171684183748"
"213","213","0","3466.0","348.71716841852"
"213","213","0","3468.0","348.717168418595"
"213","213","0","3470.0","348.7171684179934"
"213","213","0","3472.0","348.7171684186002"
"213","213","0","3474.0","348.7171684180822"
"213","213","0","3476.0","348.71716841746695"
"213","213","0","3478.0","348.71716841744865"
"213","213","0","3480.0","348.71716841718734"
"213","213","0","3482.0","348.71716841723844"
"213","213","0","3484.0","348.71716841872717"
"213","213","0","3486.0","348.71716841833984"
"213","213","0","3488.0","348.71716841802987"
"213","213","0","3490.0","348.71716841830596"
"213","213","0","3492.0","348.7171684189165"
"213","213","0","3494.0","348.71716841890674"
"213","213","0","3496.0","348.7171684189957"
"213","213","0","3498.0","348.71716841855437"
"213","213","0","3500.0","348.717168419104"
"213","213","0","3502.0","348.7171684197903"
"213","213","0","3504.0","348.7171684199916"
"213","213","0","3506.0","348.7171684204357"
"213","213","0","3508.0","348.71716842157593"
"213","213","0","3510.0","348.7171684215695"
"213","213","0","3512.0","348.7171684226552"
"213","213","0","3514.0","348.71716842325225"
"213","213","0","3516.0","348.71716842291755"
"213","213","0","3518.0","348.71716842281523"
"213","213","0","3520.0","348.71716842328516"
"213","213","0","3522.0","348.71716842483255"
"213","213","0","3524.0","348.71716842503736"
"213","213","0","3526.0","348.71716842379016"
"213","213","0","3528.0","348.71716842396046"
"213","213","0","3530.0","348.717168424744"
"213","213","0","3532.0","348.7171684252616"
"213","213","0","3534.0","348.71716842511546"
"213","213","0","3536.0","348.7171684250263"
"213","213","0","3538.0","348.717168425616"
"213","213","0","3540.0","348.7171684263274"
"213","213","0","3542.0","348.71716842605963"
"213","213","0","3544.0","348.71716842627944"
"213","213","0","3546.0","348.7171684260897"
"213","213","0","3548.0","348.7171684270009"
"213","213","0","3550.0","348.7171684285223"
"213","213","0","3552.0","348.71716842795627"
"213","213","0","3554.0","348.7171684277416"
"213","213","0","3556.0","348.7171684276936"
"213","213","0","3558.0","348.71716842732525"
"213","213","0","3560.0","348.71716842658554"
"213","213","0","3562.0","348.7171684269317"
"213","213","0","3564.0","348.71716842655286"
"213","213","0","3566.0","348.71716842613887"
"213","213","0","3568.0","348.7171684260725"
"213","213","0","3570.0","348.71716842591434"
"213","213","0","3572.0","348.71716842637284"
"213","213","0","3574.0","348.7171684262569"
"213","213","0","3576.0","348.7171684262931"
"213","213","0","3578.0","348.71716842659225"
"213","213","0","3580.0","348.7171684267949"
"213","213","0","3582.0","348.717168426185"
"213","213","0","3584.0","348.71716842629525"
"213","213","0","3586.0","348.7171684264276"
"213","213","0","3588.0","348.71716842603945"
"213","213","0","3590.0","348.71716842644287"
"213","213","0","3592.0","348.71716842590683"
"213","213","0","3594.0","348.7171684257552"
"213","213","0","3596.0","348.71716842610846"
"213","213","0","3598.0","348.7171684262686"
"213","213","0","3600.0","348.7171684261798"
"213","213","0","3602.0","348.71716842579673"
"213","213","0","3604.0","348.7171684258584"
"213","213","0","3606.0","348.71716842503173"
"213","213","0","3608.0","348.7171684253459"
"213","213","0","3610.0","348.71716842520163"
"213","213","0","3612.0","348.71716842516287"
"213","213","0","3614.0","348.7171684239809"
"213","213","0","3616.0","348.717168425227"
"213","213","0","3618.0","348.7171684248384"
"213","213","0","3620.0","348.71716842486023"
"213","213","0","3622.0","348.7171684251378"
"213","213","0","3624.0","348.71716842529855"
"213","213","0","3626.0","348.71716842582305"
"213","213","0","3628.0","348.71716842656133"
"213","213","0","3630.0","348.71716842699834"
"213","213","0","3632.0","348.7171684274035"
"213","213","0","3634.0","348.71716842663255"
"213","213","0","3636.0","348.71716842791056"
"213","213","0","3638.0","348.7171684268185"
"213","213","0","3640.0","348.7171684262814"
"213","213","0","3642.0","348.71716842585727"
"213","213","0","3644.0","348.71716842570373"
"213","213","0","3646.0","348.71716842628086"
"213","213","0","3648.0","348.7171684266885"
"213","213","0","3650.0","348.717168427262"
"213","213","0","3652.0","348.71716842761117"
"213","213","0","3654.0","348.7171684286199"
"213","213","0","3656.0","348.7171684281432"
"213","213","0","3658.0","348.7171684279649"
"213","213","0","3660.0","348.7171684272462"
"213","213","0","3662.0","348.7171684267298"
"213","213","0","3664.0","348.71716842622254"
"213","213","0","3666.0","348.7171684270942"
"213","213","0","3668.0","348.7171684274288"
"213","213","0","3670.0","348.7171684271649"
"213","213","0","3672.0","348.7171684277778"
"213","213","0","3674.0","348.7171684292464"
"213","213","0","3676.0","348.71716842907335"
"213","213","0","3678.0","348.7171684286571"
"213","213","0","3680.0","348.7171684284785"
"213","213","0","3682.0","348.71716842879493"
"213","213","0","3684.0","348.71716842933125"
"213","213","0","3686.0","348.7171684295529"
"213","213","0","3688.0","348.71716842946586"
"213","213","0","3690.0","348.717168429202"
"213","213","0","3692.0","348.71716842857796"
"213","213","0","3694.0","348.71716842859644"
"213","213","0","3696.0","348.7171684282059"
"213","213","0","3698.0","348.71716842813083"
"213","213","0","3700.0","348.7171684285269"
"213","213","0","3702.0","348.71716842849963"
"213","213","0","3704.0","348.71716842845615"
"213","213","0","3706.0","348.71716842755626"
"213","213","0","3708.0","348.7171684276233"
"213","213","0","3710.0","348.7171684284002"
"213","213","0","3712.0","348.7171684290768"
"213","213","0","3714.0","348.71716842834076"
"213","213","0","3716.0","348.7171684284195"
"213","213","0","3718.0","348.7171684286597"
"213","213","0","3720.0","348.71716842862287"
"213","213","0","3722.0","348.7171684291914"
"213","213","0","3724.0","348.7171684296826"
"213","213","0","3726.0","348.71716842992123"
"213","213","0","3728.0","348.7171684302189"
"213","213","0","3730.0","348.71716843039866"
"213","213","0","3732.0","348.7171684297686"
"213","213","0","3734.0","348.71716843009455"
"213","213","0","3736.0","348.7171684293021"
"213","213","0","3738.0","348.7171684299537"
"213","213","0","3740.0","348.71716843007437"
"213","213","0","3742.0","348.71716843060256"
"213","213","0","3744.0","348.7171684302738"
"213","213","0","3746.0","348.71716843039695"
"213","213","0","3748.0","348.7171684308772"
"213","213","0","3750.0","348.71716843151376"
"213","213","0","3752.0","348.7171684310417"
"213","213","0","3754.0","348.7171684306821"
"213","213","0","3756.0","348.7171684311652"
"213","213","0","3758.0","348.7171684304051"
"213","213","0","3760.0","348.7171684300303"
"213","213","0","3762.0","348.7171684295863"
"213","213","0","3764.0","348.7171684297778"
"213","213","0","3766.0","348.7171684296911"
"213","213","0","3768.0","348.7171684297451"
"213","213","0","3770.0","348.7171684299635"
"213","213","0","3772.0","348.71716843032"
"213","213","0","3774.0","348.7171684310979"
"213","213","0","3776.0","348.7171684308467"
"213","213","0","3778.0","348.71716843065786"
"213","213","0","3780.0","348.71716843122715"
"213","213","0","3782.0","348.717168430716"
"213","213","0","3784.0","348.7171684304308"
"213","213","0","3786.0","348.71716843026576"
"213","213","0","3788.0","348.7171684302805"
"213","213","0","3790.0","348.717168430463"
"213","213","0","3792.0","348.71716843101547"
"213","213","0","3794.0","348.71716843070385"
"213","213","0","3796.0","348.7171684303577"
"213","213","0","3798.0","348.7171684306416"
"213","213","0","3800.0","348.71716843095146"
"213","213","0","3802.0","348.7171684308525"
"213","213","0","3804.0","348.7171684304768"
"213","213","0","3806.0","348.71716843080816"
"213","213","0","3808.0","348.7171684312114"
"213","213","0","3810.0","348.7171684315496"
"213","213","0","3812.0","348.7171684315368"
"213","213","0","3814.0","348.71716843214716"
"213","213","0","3816.0","348.71716843210584"
"213","213","0","3818.0","348.71716843262243"
"213","213","0","3820.0","348.7171684325606"
"213","213","0","3822.0","348.71716843220594"
"213","213","0","3824.0","348.71716843183435"
"213","213","0","3826.0","348.71716843210396"
"213","213","0","3828.0","348.71716843239767"
"213","213","0","3830.0","348.7171684320455"
"213","213","0","3832.0","348.71716843203615"
"213","213","0","3834.0","348.7171684323996"
"213","213","0","3836.0","348.7171684316605"
"213","213","0","3838.0","348.71716843107794"
"213","213","0","3840.0","348.71716843112216"
"213","213","0","3842.0","348.7171684309459"
"213","213","0","3844.0","348.7171684311057"
"213","213","0","3846.0","348.7171684311229"
"213","213","0","3848.0","348.7171684314363"
"213","213","0","3850.0","348.71716843204604"
"213","213","0","3852.0","348.71716843219633"
"213","213","0","3854.0","348.71716843196634"
"213","213","0","3856.0","348.71716843196384"
"213","213","0","3858.0","348.7171684324377"
"213","213","0","3860.0","348.7171684318869"
"213","213","0","3862.0","348.71716843190467"
"213","213","0","3864.0","348.7171684316347"
"213","213","0","3866.0","348.71716843242405"
"213","213","0","3868.0","348.717168432981"
"213","213","0","3870.0","348.7171684323094"
"213","213","0","3872.0","348.7171684323017"
"213","213","0","3874.0","348.71716843223"
"213","213","0","3876.0","348.7171684318165"
"213","213","0","3878.0","348.7171684314312"
"213","213","0","3880.0","348.7171684320207"
"213","213","0","3882.0","348.7171684316577"
"213","213","0","3884.0","348.71716843116945"
"213","213","0","3886.0","348.7171684309841"
"213","213","0","3888.0","348.71716843122823"
"213","213","0","3890.0","348.71716843162983"
"213","213","0","3892.0","348.71716843155605"
"213","213","0","3894.0","348.7171684313461"
"213","213","0","3896.0","348.71716843145543"
"213","213","0","3898.0","348.717168431309"
"213","213","0","3900.0","348.7171684309554"
"213","213","0","3902.0","348.71716843155485"
"213","213","0","3904.0","348.7171684314041"
"213","213","0","3906.0","348.71716843189597"
"213","213","0","3908.0","348.71716843153547"
"213","213","0","3910.0","348.71716843174994"
"213","213","0","3912.0","348.7171684316064"
"213","213","0","3914.0","348.7171684321553"
"213","213","0","3916.0","348.7171684320009"
"213","213","0","3918.0","348.7171684316246"
"213","213","0","3920.0","348.7171684315498"
"213","213","0","3922.0","348.7171684314152"
"213","213","0","3924.0","348.71716843065826"
"213","213","0","3926.0","348.7171684302484"
"213","213","0","3928.0","348.71716843051075"
"213","213","0","3930.0","348.7171684306733"
"213","213","0","3932.0","348.71716843034073"
"213","213","0","3934.0","348.71716843040485"
"213","213","0","3936.0","348.71716843047784"
"213","213","0","3938.0","348.71716843109124"
"213","213","0","3940.0","348.7171684307016"
"213","213","0","3942.0","348.7171684306876"
"213","213","0","3944.0","348.7171684305733"
"213","213","0","3946.0","348.7171684300095"
"213","213","0","3948.0","348.7171684298583"
"213","213","0","3950.0","348.71716842940197"
"213","213","0","3952.0","348.71716842919346"
"213","213","0","3954.0","348.7171684291062"
"213","213","0","3956.0","348.71716842929925"
"213","213","0","3958.0","348.7171684291637"
"213","213","0","3960.0","348.7171684290654"
"213","213","0","3962.0","348.7171684293536"
"213","213","0","3964.0","348.71716842886536"
"213","213","0","3966.0","348.717168428935"
"213","213","0","3968.0","348.71716842898684"
"213","213","0","3970.0","348.7171684293311"
"213","213","0","3972.0","348.7171684294893"
"213","213","0","3974.0","348.71716842930186"
"213","213","0","3976.0","348.717168429696"
"213","213","0","3978.0","348.7171684299764"
"213","213","0","3980.0","348.71716843012604"
"213","213","0","3982.0","348.7171684291907"
"213","213","0","3984.0","348.71716842931784"
"213","213","0","3986.0","348.7171684299015"
"213","213","0","3988.0","348.71716842972035"
"213","213","0","3990.0","348.7171684301013"
"213","213","0","3992.0","348.71716842993334"
"213","213","0","3994.0","348.71716842966345"
"213","213","0","3996.0","348.7171684295402"
"213","213","0","3998.0","348.7171684296354"
"213","213","0","4000.0","348.71716843070965"
"213","213","0","4002.0","348.7171684309727"
"213","213","0","4004.0","348.7171684313714"
"213","213","0","4006.0","348.7171684316412"
"213","213","0","4008.0","348.7171684314665"
"213","213","0","4010.0","348.7171684312077"
"213","213","0","4012.0","348.7171684314735"
"213","213","0","4014.0","348.71716843150125"
"213","213","0","4016.0","348.7171684317415"
"213","213","0","4018.0","348.7171684312197"
"213","213","0","4020.0","348.7171684308916"
"213","213","0","4022.0","348.71716843095305"
"213","213","0","4024.0","348.71716843104684"
"213","213","0","4026.0","348.71716843118287"
"213","213","0","4028.0","348.7171684309001"
"213","213","0","4030.0","348.71716843052025"
"213","213","0","4032.0","348.71716843093895"
"213","213","0","4034.0","348.71716843141303"
"213","213","0","4036.0","348.717168431321"
"213","213","0","4038.0","348.71716843155673"
"213","213","0","4040.0","348.7171684318737"
"213","213","0","4042.0","348.7171684318584"
"213","213","0","4044.0","348.7171684314304"
"213","213","0","4046.0","348.7171684317866"
"213","213","0","4048.0","348.7171684320237"
"213","213","0","4050.0","348.71716843187056"
"213","213","0","4052.0","348.7171684320965"
"213","213","0","4054.0","348.7171684321609"
"213","213","0","4056.0","348.7171684321153"
"213","213","0","4058.0","348.71716843178183"
"213","213","0","4060.0","348.7171684317431"
"213","213","0","4062.0","348.7171684316552"
"213","213","0","4064.0","348.71716843173874"
"213","213","0","4066.0","348.71716843173175"
"213","213","0","4068.0","348.71716843142775"
"213","213","0","4070.0","348.71716843135914"
"213","213","0","4072.0","348.7171684314225"
"213","213","0","4074.0","348.7171684312049"
"213","213","0","4076.0","348.71716843107953"
"213","213","0","4078.0","348.7171684311874"
"213","213","0","4080.0","348.71716843141434"
"213","213","0","4082.0","348.71716843204416"
"213","213","0","4084.0","348.71716843229837"
"213","213","0","4086.0","348.71716843259554"
"213","213","0","4088.0","348.71716843237556"
"213","213","0","4090.0","348.71716843278614"
"213","213","0","4092.0","348.71716843255473"
"213","213","0","4094.0","348.7171684327995"
"213","213","0","4096.0","348.7171684324433"
"213","213","0","4098.0","348.7171684324104"
"213","213","0","4100.0","348.7171684324499"
"213","213","0","4102.0","348.71716843224215"
"213","213","0","4104.0","348.7171684323289"
"213","213","0","4106.0","348.7171684325795"
"213","213","0","4108.0","348.71716843265807"
"213","213","0","4110.0","348.7171684324523"
"213","213","0","4112.0","348.71716843231627"
"213","213","0","4114.0","348.71716843182884"
"213","213","0","4116.0","348.7171684318937"
"213","213","0","4118.0","348.7171684320872"
"213","213","0","4120.0","348.7171684326441"
"213","213","0","4122.0","348.7171684327357"
"213","213","0","4124.0","348.7171684326434"
"213","213","0","4126.0","348.71716843272594"
"213","213","0","4128.0","348.7171684328804"
"213","213","0","4130.0","348.71716843300624"
"213","213","0","4132.0","348.7171684325584"
"213","213","0","4134.0","348.71716843307706"
"213","213","0","4136.0","348.7171684329091"
"213","213","0","4138.0","348.71716843308474"
"213","213","0","4140.0","348.7171684327619"
"213","213","0","4142.0","348.7171684326983"
"213","213","0","4144.0","348.7171684327309"
"213","213","0","4146.0","348.71716843247606"
"213","213","0","4148.0","348.71716843229444"
"213","213","0","4150.0","348.7171684319621"
"213","213","0","4152.0","348.7171684318092"
"213","213","0","4154.0","348.7171684319553"
"213","213","0","4156.0","348.71716843238846"
"213","213","0","4158.0","348.71716843248987"
"213","213","0","4160.0","348.71716843210345"
"213","213","0","4162.0","348.7171684321451"
"213","213","0","4164.0","348.7171684326784"
"213","213","0","4166.0","348.7171684329271"
"213","213","0","4168.0","348.7171684331088"
"213","213","0","4170.0","348.71716843315096"
"213","213","0","4172.0","348.7171684333017"
"213","213","0","4174.0","348.71716843343097"
"213","213","0","4176.0","348.7171684334441"
"213","213","0","4178.0","348.71716843367835"
"213","213","0","4180.0","348.7171684339301"
"213","213","0","4182.0","348.71716843351015"
"213","213","0","4184.0","348.7171684342872"
"213","213","0","4186.0","348.71716843443454"
"213","213","0","4188.0","348.7171684340626"
"213","213","0","4190.0","348.7171684342426"
"213","213","0","4192.0","348.71716843451543"
"213","213","0","4194.0","348.71716843429806"
"213","213","0","4196.0","348.71716843457796"
"213","213","0","4198.0","348.7171684340231"
"213","213","0","4200.0","348.7171684347155"
"213","213","0","4202.0","348.71716843478794"
"213","213","0","4204.0","348.7171684349664"
"213","213","0","4206.0","348.7171684346483"
"213","213","0","4208.0","348.7171684347177"
"213","213","0","4210.0","348.71716843467146"
"213","213","0","4212.0","348.7171684345723"
"213","213","0","4214.0","348.7171684349465"
"213","213","0","4216.0","348.7171684350029"
"213","213","0","4218.0","348.7171684349092"
"213","213","0","4220.0","348.71716843482074"
"213","213","0","4222.0","348.71716843468175"
"213","213","0","4224.0","348.71716843510313"
"213","213","0","4226.0","348.71716843485683"
"213","213","0","4228.0","348.7171684348948"
"213","213","0","4230.0","348.7171684346172"
"213","213","0","4232.0","348.7171684347915"
"213","213","0","4234.0","348.7171684345634"
"213","213","0","4236.0","348.71716843447376"
"213","213","0","4238.0","348.71716843485046"
"213","213","0","4240.0","348.71716843510904"
"213","213","0","4242.0","348.71716843487917"
"213","213","0","4244.0","348.71716843508636"
"213","213","0","4246.0","348.7171684351981"
"213","213","0","4248.0","348.7171684351103"
"213","213","0","4250.0","348.71716843532647"
"213","213","0","4252.0","348.71716843496426"
"213","213","0","4254.0","348.717168435184"
"213","213","0","4256.0","348.71716843497774"
"213","213","0","4258.0","348.7171684352176"
"213","213","0","4260.0","348.7171684356278"
"213","213","0","4262.0","348.71716843575587"
"213","213","0","4264.0","348.71716843528554"
"213","213","0","4266.0","348.7171684354241"
"213","213","0","4268.0","348.71716843574006"
"213","213","0","4270.0","348.7171684354617"
"213","213","0","4272.0","348.7171684351609"
"213","213","0","4274.0","348.7171684354522"
"213","213","0","4276.0","348.71716843511877"
"213","213","0","4278.0","348.71716843530066"
"213","213","0","4280.0","348.717168435592"
"213","213","0","4282.0","348.7171684354794"
"213","213","0","4284.0","348.7171684358799"
"213","213","0","4286.0","348.71716843613353"
"213","213","0","4288.0","348.7171684362318"
"213","213","0","4290.0","348.7171684365586"
"213","213","0","4292.0","348.71716843626086"
"213","213","0","4294.0","348.7171684364621"
"213","213","0","4296.0","348.7171684366502"
"213","213","0","4298.0","348.71716843644043"
"213","213","0","4300.0","348.7171684362165"
"213","213","0","4302.0","348.7171684361785"
"213","213","0","4304.0","348.71716843646215"
"213","213","0","4306.0","348.71716843653434"
"213","213","0","4308.0","348.7171684365912"
"213","213","0","4310.0","348.7171684366985"
"213","213","0","4312.0","348.7171684367468"
"213","213","0","4314.0","348.7171684364409"
"213","213","0","4316.0","348.71716843676523"
"213","213","0","4318.0","348.71716843691587"
"213","213","0","4320.0","348.7171684367743"
"213","213","0","4322.0","348.71716843662426"
"213","213","0","4324.0","348.7171684369577"
"213","213","0","4326.0","348.7171684372221"
"213","213","0","4328.0","348.71716843683254"
"213","213","0","4330.0","348.71716843710664"
"213","213","0","4332.0","348.71716843699824"
"213","213","0","4334.0","348.717168437127"
"213","213","0","4336.0","348.7171684368439"
"213","213","0","4338.0","348.7171684367839"
"213","213","0","4340.0","348.717168437129"
"213","213","0","4342.0","348.71716843718053"
"213","213","0","4344.0","348.7171684373391"
"213","213","0","4346.0","348.71716843755434"
"213","213","0","4348.0","348.7171684375168"
"213","213","0","4350.0","348.7171684376907"
"213","213","0","4352.0","348.7171684379591"
"213","213","0","4354.0","348.717168438254"
"213","213","0","4356.0","348.71716843836197"
"213","213","0","4358.0","348.7171684382008"
"213","213","0","4360.0","348.71716843833946"
"213","213","0","4362.0","348.71716843845996"
"213","213","0","4364.0","348.7171684386379"
"213","213","0","4366.0","348.71716843896394"
"213","213","0","4368.0","348.717168438766"
"213","213","0","4370.0","348.7171684389812"
"213","213","0","4372.0","348.7171684387577"
"213","213","0","4374.0","348.71716843913583"
"213","213","0","4376.0","348.7171684391518"
"213","213","0","4378.0","348.7171684388588"
"213","213","0","4380.0","348.71716843890783"
"213","213","0","4382.0","348.7171684388302"
"213","213","0","4384.0","348.7171684387065"
"213","213","0","4386.0","348.7171684385517"
"213","213","0","4388.0","348.7171684385704"
"213","213","0","4390.0","348.717168438336"
"213","213","0","4392.0","348.71716843812163"
"213","213","0","4394.0","348.71716843818166"
"213","213","0","4396.0","348.71716843743496"
"213","213","0","4398.0","348.7171684376155"
"213","213","0","4400.0","348.7171684373624"
"213","213","0","4402.0","348.7171684369392"
"213","213","0","4404.0","348.7171684371414"
"213","213","0","4406.0","348.71716843749766"
"213","213","0","4408.0","348.71716843712824"
"213","213","0","4410.0","348.7171684373566"
"213","213","0","4412.0","348.7171684375708"
"213","213","0","4414.0","348.7171684378925"
"213","213","0","4416.0","348.71716843782656"
"213","213","0","4418.0","348.71716843775636"
"213","213","0","4420.0","348.71716843774664"
"213","213","0","4422.0","348.717168437765"
"213","213","0","4424.0","348.71716843812396"
"213","213","0","4426.0","348.7171684380854"
"213","213","0","4428.0","348.71716843804234"
"213","213","0","4430.0","348.71716843827653"
"213","213","0","4432.0","348.7171684382351"
"213","213","0","4434.0","348.71716843841455"
"213","213","0","4436.0","348.7171684384549"
"213","213","0","4438.0","348.7171684384665"
"213","213","0","4440.0","348.7171684384105"
"213","213","0","4442.0","348.717168438344"
"213","213","0","4444.0","348.717168438118"
"213","213","0","4446.0","348.71716843814085"
"213","213","0","4448.0","348.71716843799123"
"213","213","0","4450.0","348.71716843802153"
"213","213","0","4452.0","348.7171684381102"
"213","213","0","4454.0","348.7171684379606"
"213","213","0","4456.0","348.71716843811555"
"213","213","0","4458.0","348.7171684380153"
"213","213","0","4460.0","348.7171684381269"
"213","213","0","4462.0","348.7171684382849"
"213","213","0","4464.0","348.7171684386397"
"213","213","0","4466.0","348.71716843871644"
"213","213","0","4468.0","348.71716843901186"
"213","213","0","4470.0","348.7171684387966"
"213","213","0","4472.0","348.7171684387312"
"213","213","0","4474.0","348.71716843871604"
"213","213","0","4476.0","348.7171684382766"
"213","213","0","4478.0","348.71716843811254"
"213","213","0","4480.0","348.7171684378151"
"213","213","0","4482.0","348.71716843768513"
"213","213","0","4484.0","348.7171684376283"
"213","213","0","4486.0","348.71716843738955"
"213","213","0","4488.0","348.71716843749334"
"213","213","0","4490.0","348.7171684371256"
"213","213","0","4492.0","348.71716843712613"
"213","213","0","4494.0","348.71716843719526"
"213","213","0","4496.0","348.7171684375115"
"213","213","0","4498.0","348.7171684375111"
"213","213","0","4500.0","348.71716843750744"
"213","213","0","4502.0","348.7171684377161"
"213","213","0","4504.0","348.71716843778836"
"213","213","0","4506.0","348.71716843797856"
"213","213","0","4508.0","348.71716843781263"
"213","213","0","4510.0","348.7171684377056"
"213","213","0","4512.0","348.7171684375802"
"213","213","0","4514.0","348.7171684375256"
"213","213","0","4516.0","348.7171684376615"
"213","213","0","4518.0","348.7171684378058"
"213","213","0","4520.0","348.71716843772964"
"213","213","0","4522.0","348.71716843789835"
"213","213","0","4524.0","348.71716843782497"
"213","213","0","4526.0","348.71716843766575"
"213","213","0","4528.0","348.71716843750374"
"213","213","0","4530.0","348.7171684374572"
"213","213","0","4532.0","348.71716843768644"
"213","213","0","4534.0","348.71716843741206"
"213","213","0","4536.0","348.7171684375881"
"213","213","0","4538.0","348.71716843759424"
"213","213","0","4540.0","348.7171684374999"
"213","213","0","4542.0","348.7171684372595"
"213","213","0","4544.0","348.7171684371525"
"213","213","0","4546.0","348.7171684371951"
"213","213","0","4548.0","348.71716843713006"
"213","213","0","4550.0","348.71716843714836"
"213","213","0","4552.0","348.7171684368888"
"213","213","0","4554.0","348.7171684364748"
"213","213","0","4556.0","348.7171684366454"
"213","213","0","4558.0","348.7171684367707"
"213","213","0","4560.0","348.7171684367921"
"213","213","0","4562.0","348.71716843731855"
"213","213","0","4564.0","348.71716843715546"
"213","213","0","4566.0","348.7171684372945"
"213","213","0","4568.0","348.7171684371949"
"213","213","0","4570.0","348.7171684372028"
"213","213","0","4572.0","348.7171684373875"
"213","213","0","4574.0","348.71716843730303"
"213","213","0","4576.0","348.71716843744014"
"213","213","0","4578.0","348.7171684376985"
"213","213","0","4580.0","348.7171684377171"
"213","213","0","4582.0","348.71716843773487"
"213","213","0","4584.0","348.7171684377593"
"213","213","0","4586.0","348.7171684380068"
"213","213","0","4588.0","348.7171684381062"
"213","213","0","4590.0","348.71716843815307"
"213","213","0","4592.0","348.71716843824083"
"213","213","0","4594.0","348.717168438123"
"213","213","0","4596.0","348.7171684378394"
"213","213","0","4598.0","348.7171684377835"
"213","213","0","4600.0","348.71716843802125"
"213","213","0","4602.0","348.7171684382168"
"213","213","0","4604.0","348.7171684380565"
"213","213","0","4606.0","348.7171684384809"
"213","213","0","4608.0","348.7171684387794"
"213","213","0","4610.0","348.71716843852624"
"213","213","0","4612.0","348.71716843879705"
"213","213","0","4614.0","348.7171684389608"
"213","213","0","4616.0","348.7171684390355"
"213","213","0","4618.0","348.71716843930415"
"213","213","0","4620.0","348.7171684390047"
"213","213","0","4622.0","348.71716843912793"
"213","213","0","4624.0","348.7171684392301"
"213","213","0","4626.0","348.7171684393269"
"213","213","0","4628.0","348.7171684394989"
"213","213","0","4630.0","348.71716843955693"
"213","213","0","4632.0","348.7171684392574"
"213","213","0","4634.0","348.71716843936343"
"213","213","0","4636.0","348.71716843929255"
"213","213","0","4638.0","348.71716843926055"
"213","213","0","4640.0","348.7171684391488"
"213","213","0","4642.0","348.7171684390958"
"213","213","0","4644.0","348.71716843887026"
"213","213","0","4646.0","348.7171684386351"
"213","213","0","4648.0","348.71716843859156"
"213","213","0","4650.0","348.71716843851664"
"213","213","0","4652.0","348.7171684386227"
"213","213","0","4654.0","348.71716843835435"
"213","213","0","4656.0","348.7171684382258"
"213","213","0","4658.0","348.71716843820894"
"213","213","0","4660.0","348.7171684381333"
"213","213","0","4662.0","348.71716843835185"
"213","213","0","4664.0","348.71716843839016"
"213","213","0","4666.0","348.71716843847724"
"213","213","0","4668.0","348.71716843823987"
"213","213","0","4670.0","348.71716843838664"
"213","213","0","4672.0","348.7171684381211"
"213","213","0","4674.0","348.717168438363"
"213","213","0","4676.0","348.71716843850146"
"213","213","0","4678.0","348.71716843842216"
"213","213","0","4680.0","348.71716843891505"
"213","213","0","4682.0","348.7171684388745"
"213","213","0","4684.0","348.71716843891306"
"213","213","0","4686.0","348.7171684387851"
"213","213","0","4688.0","348.71716843873855"
"213","213","0","4690.0","348.7171684385528"
"213","213","0","4692.0","348.71716843864334"
"213","213","0","4694.0","348.71716843876254"
"213","213","0","4696.0","348.7171684386731"
"213","213","0","4698.0","348.7171684386727"
"213","213","0","4700.0","348.71716843878664"
"213","213","0","4702.0","348.7171684387394"
"213","213","0","4704.0","348.71716843885645"
"213","213","0","4706.0","348.71716843881455"
"213","213","0","4708.0","348.7171684387852"
"213","213","0","4710.0","348.7171684388109"
"213","213","0","4712.0","348.71716843863015"
"213","213","0","4714.0","348.71716843873986"
"213","213","0","4716.0","348.7171684387851"
"213","213","0","4718.0","348.71716843885105"
"213","213","0","4720.0","348.7171684388454"
"213","213","0","4722.0","348.71716843895166"
"213","213","0","4724.0","348.7171684390367"
"213","213","0","4726.0","348.7171684389294"
"213","213","0","4728.0","348.717168438863"
"213","213","0","4730.0","348.7171684392107"
"213","213","0","4732.0","348.7171684391816"
"213","213","0","4734.0","348.7171684391109"
"213","213","0","4736.0","348.71716843888044"
"213","213","0","4738.0","348.7171684388721"
"213","213","0","4740.0","348.7171684388453"
"213","213","0","4742.0","348.71716843855535"
"213","213","0","4744.0","348.71716843857337"
"213","213","0","4746.0","348.7171684385866"
"213","213","0","4748.0","348.7171684384973"
"213","213","0","4750.0","348.71716843831877"
"213","213","0","4752.0","348.7171684383296"
"213","213","0","4754.0","348.71716843801295"
"213","213","0","4756.0","348.71716843796156"
"213","213","0","4758.0","348.71716843794377"
"213","213","0","4760.0","348.7171684380613"
"213","213","0","4762.0","348.7171684382648"
"213","213","0","4764.0","348.71716843840056"
"213","213","0","4766.0","348.7171684382893"
"213","213","0","4768.0","348.7171684384487"
"213","213","0","4770.0","348.7171684384424"
"213","213","0","4772.0","348.717168438349"
"213","213","0","4774.0","348.71716843845155"
"213","213","0","4776.0","348.71716843853994"
"213","213","0","4778.0","348.71716843881256"
"213","213","0","4780.0","348.717168438872"
"213","213","0","4782.0","348.7171684389563"
"213","213","0","4784.0","348.7171684389562"
"213","213","0","4786.0","348.71716843862225"
"213","213","0","4788.0","348.7171684387107"
"213","213","0","4790.0","348.71716843878903"
"213","213","0","4792.0","348.71716843862424"
"213","213","0","4794.0","348.7171684385386"
"213","213","0","4796.0","348.71716843859747"
"213","213","0","4798.0","348.71716843862714"
"213","213","0","4800.0","348.71716843879204"
"213","213","0","4802.0","348.7171684387244"
"213","213","0","4804.0","348.7171684386096"
"213","213","0","4806.0","348.7171684388242"
"213","213","0","4808.0","348.717168438836"
"213","213","0","4810.0","348.71716843886213"
"213","213","0","4812.0","348.7171684389493"
"213","213","0","4814.0","348.71716843903107"
"213","213","0","4816.0","348.7171684392088"
"213","213","0","4818.0","348.71716843928016"
"213","213","0","4820.0","348.7171684392352"
"213","213","0","4822.0","348.71716843935945"
"213","213","0","4824.0","348.71716843943415"
"213","213","0","4826.0","348.7171684393374"
"213","213","0","4828.0","348.71716843935235"
"213","213","0","4830.0","348.7171684393541"
"213","213","0","4832.0","348.7171684392416"
"213","213","0","4834.0","348.71716843918966"
"213","213","0","4836.0","348.7171684394158"
"213","213","0","4838.0","348.71716843949054"
"213","213","0","4840.0","348.71716843956233"
"213","213","0","4842.0","348.71716843939"
"213","213","0","4844.0","348.7171684394366"
"213","213","0","4846.0","348.7171684392533"
"213","213","0","4848.0","348.7171684393619"
"213","213","0","4850.0","348.7171684393936"
"213","213","0","4852.0","348.71716843929397"
"213","213","0","4854.0","348.71716843922934"
"213","213","0","4856.0","348.7171684390806"
"213","213","0","4858.0","348.7171684388111"
"213","213","0","4860.0","348.71716843877715"
"213","213","0","4862.0","348.7171684385606"
"213","213","0","4864.0","348.71716843864766"
"213","213","0","4866.0","348.71716843872156"
"213","213","0","4868.0","348.71716843876357"
"213","213","0","4870.0","348.71716843902715"
"213","213","0","4872.0","348.7171684389275"
"213","213","0","4874.0","348.7171684388933"
"213","213","0","4876.0","348.7171684389544"
"213","213","0","4878.0","348.71716843911554"
"213","213","0","4880.0","348.7171684391152"
"213","213","0","4882.0","348.7171684390013"
"213","213","0","4884.0","348.71716843865875"
"213","213","0","4886.0","348.7171684388352"
"213","213","0","4888.0","348.7171684388728"
"213","213","0","4890.0","348.7171684386677"
"213","213","0","4892.0","348.7171684386734"
"213","213","0","4894.0","348.71716843857223"
"213","213","0","4896.0","348.7171684385703"
"213","213","0","4898.0","348.7171684385399"
"213","213","0","4900.0","348.71716843858974"
"213","213","0","4902.0","348.7171684387491"
"213","213","0","4904.0","348.7171684386336"
"213","213","0","4906.0","348.7171684385749"
"213","213","0","4908.0","348.7171684383183"
"213","213","0","4910.0","348.7171684384652"
"213","213","0","4912.0","348.7171684386046"
"213","213","0","4914.0","348.7171684384064"
"213","213","0","4916.0","348.71716843845223"
"213","213","0","4918.0","348.7171684384165"
"213","213","0","4920.0","348.71716843835094"
"213","213","0","4922.0","348.71716843860634"
"213","213","0","4924.0","348.71716843860145"
"213","213","0","4926.0","348.7171684384862"
"213","213","0","4928.0","348.71716843846747"
"213","213","0","4930.0","348.71716843847173"
"213","213","0","4932.0","348.71716843857405"
"213","213","0","4934.0","348.71716843830353"
"213","213","0","4936.0","348.7171684383573"
"213","213","0","4938.0","348.7171684384601"
"213","213","0","4940.0","348.7171684385828"
"213","213","0","4942.0","348.71716843857985"
"213","213","0","4944.0","348.71716843870803"
"213","213","0","4946.0","348.7171684386538"
"213","213","0","4948.0","348.71716843862663"
"213","213","0","4950.0","348.71716843873565"
"213","213","0","4952.0","348.7171684387263"
"213","213","0","4954.0","348.71716843860867"
"213","213","0","4956.0","348.7171684386973"
"213","213","0","4958.0","348.71716843868376"
"213","213","0","4960.0","348.7171684388468"
"213","213","0","4962.0","348.717168439149"
"213","213","0","4964.0","348.71716843900515"
"213","213","0","4966.0","348.7171684388701"
"213","213","0","4968.0","348.7171684388124"
"213","213","0","4970.0","348.71716843893387"
"213","213","0","4972.0","348.71716843904534"
"213","213","0","4974.0","348.7171684391265"
"213","213","0","4976.0","348.7171684390877"
"213","213","0","4978.0","348.7171684389863"
"213","213","0","4980.0","348.71716843910554"
"213","213","0","4982.0","348.7171684390763"
"213","213","0","4984.0","348.71716843921445"
"213","213","0","4986.0","348.717168439288"
"213","213","0","4988.0","348.7171684393187"
"213","213","0","4990.0","348.7171684393954"
"213","213","0","4992.0","348.7171684394371"
"213","213","0","4994.0","348.71716843932813"
"213","213","0","4996.0","348.71716843922826"
"213","213","0","4998.0","348.7171684394761"
"213","213","0","5000.0","348.71716843959445"
"213","213","0","5002.0","348.7171684395528"
"213","213","0","5004.0","348.71716843950946"
"213","213","0","5006.0","348.717168439637"
"213","213","0","5008.0","348.7171684397107"
"213","213","0","5010.0","348.7171684396723"
"213","213","0","5012.0","348.71716843990225"
"213","213","0","5014.0","348.717168439933"
"213","213","0","5016.0","348.7171684399433"
"213","213","0","5018.0","348.7171684396323"
"213","213","0","5020.0","348.71716843986144"
"213","213","0","5022.0","348.7171684398188"
"213","213","0","5024.0","348.7171684398088"
"213","213","0","5026.0","348.7171684398624"
"213","213","0","5028.0","348.71716843990686"
"213","213","0","5030.0","348.7171684399505"
"213","213","0","5032.0","348.7171684400379"
"213","213","0","5034.0","348.71716843984836"
"213","213","0","5036.0","348.7171684398863"
"213","213","0","5038.0","348.71716843991084"
"213","213","0","5040.0","348.71716843981943"
"213","213","0","5042.0","348.7171684398643"
"213","213","0","5044.0","348.7171684398332"
"213","213","0","5046.0","348.71716843947286"
"213","213","0","5048.0","348.7171684397312"
"213","213","0","5050.0","348.71716843970137"
"213","213","0","5052.0","348.71716843986087"
"213","213","0","5054.0","348.7171684398377"
"213","213","0","5056.0","348.71716843992743"
"213","213","0","5058.0","348.7171684397586"
"213","213","0","5060.0","348.7171684396631"
"213","213","0","5062.0","348.71716843968113"
"213","213","0","5064.0","348.7171684397222"
"213","213","0","5066.0","348.7171684396961"
"213","213","0","5068.0","348.7171684397981"
"213","213","0","5070.0","348.7171684396568"
"213","213","0","5072.0","348.7171684396451"
"213","213","0","5074.0","348.7171684396659"
"213","213","0","5076.0","348.7171684400044"
"213","213","0","5078.0","348.7171684399942"
"213","213","0","5080.0","348.7171684398032"
"213","213","0","5082.0","348.7171684398629"
"213","213","0","5084.0","348.71716843985655"
"213","213","0","5086.0","348.717168439918"
"213","213","0","5088.0","348.7171684397181"
"213","213","0","5090.0","348.7171684396846"
"213","213","0","5092.0","348.7171684395737"
"213","213","0","5094.0","348.7171684397135"
"213","213","0","5096.0","348.71716843969676"
"213","213","0","5098.0","348.7171684396459"
"213","213","0","5100.0","348.7171684396535"
"213","213","0","5102.0","348.71716843969267"
"213","213","0","5104.0","348.7171684398819"
"213","213","0","5106.0","348.71716843987736"
"213","213","0","5108.0","348.71716843985183"
"213","213","0","5110.0","348.7171684397574"
"213","213","0","5112.0","348.7171684396991"
"213","213","0","5114.0","348.7171684398034"
"213","213","0","5116.0","348.71716843990356"
"213","213","0","5118.0","348.7171684400041"
"213","213","0","5120.0","348.71716844001037"
"213","213","0","5122.0","348.71716843995387"
"213","213","0","5124.0","348.7171684401634"
"213","213","0","5126.0","348.7171684401229"
"213","213","0","5128.0","348.7171684399264"
"213","213","0","5130.0","348.71716843995114"
"213","213","0","5132.0","348.71716844003834"
"213","213","0","5134.0","348.717168440163"
"213","213","0","5136.0","348.7171684401457"
"213","213","0","5138.0","348.71716844020773"
"213","213","0","5140.0","348.71716844006727"
"213","213","0","5142.0","348.7171684401025"
"213","213","0","5144.0","348.7171684401525"
"213","213","0","5146.0","348.71716844017396"
"213","213","0","5148.0","348.7171684402105"
"213","213","0","5150.0","348.7171684402765"
"213","213","0","5152.0","348.7171684404091"
"213","213","0","5154.0","348.71716844043243"
"213","213","0","5156.0","348.71716844029106"
"213","213","0","5158.0","348.71716844031124"
"213","213","0","5160.0","348.7171684402577"
"213","213","0","5162.0","348.71716844030715"
"213","213","0","5164.0","348.7171684403529"
"213","213","0","5166.0","348.71716844037593"
"213","213","0","5168.0","348.7171684404461"
"213","213","0","5170.0","348.71716844043203"
"213","213","0","5172.0","348.7171684405004"
"213","213","0","5174.0","348.71716844067106"
"213","213","0","5176.0","348.7171684407267"
"213","213","0","5178.0","348.7171684406643"
"213","213","0","5180.0","348.71716844067544"
"213","213","0","5182.0","348.71716844073563"
"213","213","0","5184.0","348.71716844074956"
"213","213","0","5186.0","348.71716844056783"
"213","213","0","5188.0","348.71716844049644"
"213","213","0","5190.0","348.7171684405777"
"213","213","0","5192.0","348.71716844047467"
"213","213","0","5194.0","348.7171684405911"
"213","213","0","5196.0","348.71716844052816"
"213","213","0","5198.0","348.7171684405935"
"213","213","0","5200.0","348.717168440719"
"213","213","0","5202.0","348.71716844076866"
"213","213","0","5204.0","348.7171684407865"
"213","213","0","5206.0","348.7171684408302"
"213","213","0","5208.0","348.7171684408714"
"213","213","0","5210.0","348.71716844071096"
"213","213","0","5212.0","348.7171684407866"
"213","213","0","5214.0","348.7171684406492"
"213","213","0","5216.0","348.7171684406866"
"213","213","0","5218.0","348.71716844067373"
"213","213","0","5220.0","348.7171684407266"
"213","213","0","5222.0","348.7171684405849"
"213","213","0","5224.0","348.7171684406091"
"213","213","0","5226.0","348.71716844071113"
"213","213","0","5228.0","348.71716844070596"
"213","213","0","5230.0","348.71716844070625"
"213","213","0","5232.0","348.7171684407468"
"213","213","0","5234.0","348.7171684406884"
"213","213","0","5236.0","348.717168440695"
"213","213","0","5238.0","348.71716844075974"
"213","213","0","5240.0","348.7171684405557"
"213","213","0","5242.0","348.7171684406697"
"213","213","0","5244.0","348.71716844061314"
"213","213","0","5246.0","348.71716844055254"
"213","213","0","5248.0","348.71716844060325"
"213","213","0","5250.0","348.7171684406328"
"213","213","0","5252.0","348.7171684406111"
"213","213","0","5254.0","348.7171684405171"
"213","213","0","5256.0","348.7171684405797"
"213","213","0","5258.0","348.7171684405733"
"213","213","0","5260.0","348.71716844057124"
"213","213","0","5262.0","348.71716844054214"
"213","213","0","5264.0","348.7171684405799"
"213","213","0","5266.0","348.71716844053213"
"213","213","0","5268.0","348.71716844057977"
"213","213","0","5270.0","348.7171684406254"
"213","213","0","5272.0","348.7171684406151"
"213","213","0","5274.0","348.717168440672"
"213","213","0","5276.0","348.71716844055186"
"213","213","0","5278.0","348.717168440509"
"213","213","0","5280.0","348.71716844052213"
"213","213","0","5282.0","348.717168440496"
"213","213","0","5284.0","348.7171684405311"
"213","213","0","5286.0","348.717168440441"
"213","213","0","5288.0","348.7171684405149"
"213","213","0","5290.0","348.71716844049126"
"213","213","0","5292.0","348.7171684404031"
"213","213","0","5294.0","348.7171684404999"
"213","213","0","5296.0","348.71716844055635"
"213","213","0","5298.0","348.71716844044175"
"213","213","0","5300.0","348.7171684405359"
"213","213","0","5302.0","348.7171684405933"
"213","213","0","5304.0","348.71716844047455"
"213","213","0","5306.0","348.71716844045943"
"213","213","0","5308.0","348.7171684405989"
"213","213","0","5310.0","348.71716844063826"
"213","213","0","5312.0","348.71716844068374"
"213","213","0","5314.0","348.7171684407497"
"213","213","0","5316.0","348.717168440665"
"213","213","0","5318.0","348.7171684407295"
"213","213","0","5320.0","348.71716844092253"
"213","213","0","5322.0","348.7171684408895"
"213","213","0","5324.0","348.7171684409734"
"213","213","0","5326.0","348.71716844102974"
"213","213","0","5328.0","348.71716844103685"
"213","213","0","5330.0","348.71716844096795"
"213","213","0","5332.0","348.71716844091776"
"213","213","0","5334.0","348.7171684409655"
"213","213","0","5336.0","348.7171684410457"
"213","213","0","5338.0","348.7171684410295"
"213","213","0","5340.0","348.71716844118623"
"213","213","0","5342.0","348.7171684412046"
"213","213","0","5344.0","348.71716844118373"
"213","213","0","5346.0","348.7171684413488"
"213","213","0","5348.0","348.7171684413106"
"213","213","0","5350.0","348.7171684414026"
"213","213","0","5352.0","348.71716844135307"
"213","213","0","5354.0","348.7171684413215"
"213","213","0","5356.0","348.71716844134704"
"213","213","0","5358.0","348.7171684414017"
"213","213","0","5360.0","348.71716844138297"
"213","213","0","5362.0","348.71716844137495"
"213","213","0","5364.0","348.7171684413207"
"213","213","0","5366.0","348.71716844132015"
"213","213","0","5368.0","348.7171684411615"
"213","213","0","5370.0","348.7171684411721"
"213","213","0","5372.0","348.7171684411964"
"213","213","0","5374.0","348.717168441223"
"213","213","0","5376.0","348.71716844123597"
"213","213","0","5378.0","348.7171684413378"
"213","213","0","5380.0","348.7171684412235"
"213","213","0","5382.0","348.7171684412655"
"213","213","0","5384.0","348.71716844122386"
"213","213","0","5386.0","348.71716844131277"
"213","213","0","5388.0","348.7171684413473"
"213","213","0","5390.0","348.7171684413311"
"213","213","0","5392.0","348.7171684413442"
"213","213","0","5394.0","348.71716844135346"
"213","213","0","5396.0","348.7171684412683"
"213","213","0","5398.0","348.7171684413735"
"213","213","0","5400.0","348.7171684413968"
"213","213","0","5402.0","348.71716844139695"
"213","213","0","5404.0","348.7171684414262"
"213","213","0","5406.0","348.71716844143333"
"213","213","0","5408.0","348.7171684414668"
"213","213","0","5410.0","348.71716844142486"
"213","213","0","5412.0","348.7171684412795"
"213","213","0","5414.0","348.7171684413011"
"213","213","0","5416.0","348.71716844135375"
"213","213","0","5418.0","348.7171684412825"
"213","213","0","5420.0","348.71716844125"
"213","213","0","5422.0","348.7171684412763"
"213","213","0","5424.0","348.71716844135545"
"213","213","0","5426.0","348.7171684413908"
"213","213","0","5428.0","348.7171684413801"
"213","213","0","5430.0","348.7171684413883"
"213","213","0","5432.0","348.7171684414172"
"213","213","0","5434.0","348.7171684414137"
"213","213","0","5436.0","348.71716844136046"
"213","213","0","5438.0","348.71716844139064"
"213","213","0","5440.0","348.71716844145163"
"213","213","0","5442.0","348.7171684414839"
"213","213","0","5444.0","348.7171684414039"
"213","213","0","5446.0","348.71716844138746"
"213","213","0","5448.0","348.7171684413473"
"213","213","0","5450.0","348.71716844123654"
"213","213","0","5452.0","348.7171684414665"
"213","213","0","5454.0","348.7171684415475"
"213","213","0","5456.0","348.717168441565"
"213","213","0","5458.0","348.7171684416051"
"213","213","0","5460.0","348.71716844164666"
"213","213","0","5462.0","348.71716844167486"
"213","213","0","5464.0","348.7171684417143"
"213","213","0","5466.0","348.71716844170766"
"213","213","0","5468.0","348.7171684416879"
"213","213","0","5470.0","348.7171684417249"
"213","213","0","5472.0","348.7171684417592"
"213","213","0","5474.0","348.71716844173886"
"213","213","0","5476.0","348.71716844177513"
"213","213","0","5478.0","348.7171684418166"
"213","213","0","5480.0","348.71716844182123"
"213","213","0","5482.0","348.7171684418304"
"213","213","0","5484.0","348.7171684417186"
"213","213","0","5486.0","348.71716844178314"
"213","213","0","5488.0","348.71716844181924"
"213","213","0","5490.0","348.71716844187216"
"213","213","0","5492.0","348.71716844188035"
"213","213","0","5494.0","348.71716844185795"
"213","213","0","5496.0","348.71716844187847"
"213","213","0","5498.0","348.7171684418214"
"213","213","0","5500.0","348.7171684419155"
"213","213","0","5502.0","348.717168441816"
"213","213","0","5504.0","348.7171684418872"
"213","213","0","5506.0","348.71716844187324"
"213","213","0","5508.0","348.7171684418953"
"213","213","0","5510.0","348.71716844188893"
"213","213","0","5512.0","348.717168441945"
"213","213","0","5514.0","348.7171684420052"
"213","213","0","5516.0","348.7171684420222"
"213","213","0","5518.0","348.7171684420823"
"213","213","0","5520.0","348.7171684421274"
"213","213","0","5522.0","348.71716844204786"
"213","213","0","5524.0","348.71716844214444"
"213","213","0","5526.0","348.71716844213273"
"213","213","0","5528.0","348.71716844217787"
"213","213","0","5530.0","348.7171684421323"
"213","213","0","5532.0","348.71716844218497"
"213","213","0","5534.0","348.71716844223727"
"213","213","0","5536.0","348.7171684422611"
"213","213","0","5538.0","348.7171684422296"
"213","213","0","5540.0","348.7171684421519"
"213","213","0","5542.0","348.71716844223187"
"213","213","0","5544.0","348.7171684421437"
"213","213","0","5546.0","348.71716844210334"
"213","213","0","5548.0","348.7171684421237"
"213","213","0","5550.0","348.7171684421155"
"213","213","0","5552.0","348.71716844213097"
"213","213","0","5554.0","348.7171684420934"
"213","213","0","5556.0","348.71716844207344"
"213","213","0","5558.0","348.71716844208595"
"213","213","0","5560.0","348.7171684420105"
"213","213","0","5562.0","348.71716844198556"
"213","213","0","5564.0","348.7171684420234"
"213","213","0","5566.0","348.7171684420602"
"213","213","0","5568.0","348.7171684420291"
"213","213","0","5570.0","348.71716844198255"
"213","213","0","5572.0","348.717168442063"
"213","213","0","5574.0","348.71716844205713"
"213","213","0","5576.0","348.7171684419741"
"213","213","0","5578.0","348.7171684419534"
"213","213","0","5580.0","348.717168441903"
"213","213","0","5582.0","348.7171684419134"
"213","213","0","5584.0","348.7171684419002"
"213","213","0","5586.0","348.7171684418517"
"213","213","0","5588.0","348.71716844191127"
"213","213","0","5590.0","348.7171684418246"
"213","213","0","5592.0","348.7171684419319"
"213","213","0","5594.0","348.71716844187586"
"213","213","0","5596.0","348.7171684419551"
"213","213","0","5598.0","348.71716844205366"
"213","213","0","5600.0","348.71716844207896"
"213","213","0","5602.0","348.71716844208544"
"213","213","0","5604.0","348.7171684421621"
"213","213","0","5606.0","348.7171684421406"
"213","213","0","5608.0","348.7171684422345"
"213","213","0","5610.0","348.7171684422991"
"213","213","0","5612.0","348.7171684422586"
"213","213","0","5614.0","348.7171684422595"
"213","213","0","5616.0","348.71716844228933"
"213","213","0","5618.0","348.7171684424327"
"213","213","0","5620.0","348.71716844241064"
"213","213","0","5622.0","348.7171684424459"
"213","213","0","5624.0","348.7171684424453"
"213","213","0","5626.0","348.71716844249556"
"213","213","0","5628.0","348.71716844244503"
"213","213","0","5630.0","348.7171684425057"
"213","213","0","5632.0","348.71716844241837"
"213","213","0","5634.0","348.71716844242036"
"213","213","0","5636.0","348.71716844255207"
"213","213","0","5638.0","348.71716844261323"
"213","213","0","5640.0","348.7171684426542"
"213","213","0","5642.0","348.717168442757"
"213","213","0","5644.0","348.71716844278285"
"213","213","0","5646.0","348.717168442835"
"213","213","0","5648.0","348.71716844281207"
"213","213","0","5650.0","348.71716844287926"
"213","213","0","5652.0","348.71716844281553"
"213","213","0","5654.0","348.71716844279564"
"213","213","0","5656.0","348.71716844281104"
"213","213","0","5658.0","348.7171684427681"
"213","213","0","5660.0","348.7171684426633"
"213","213","0","5662.0","348.7171684426736"
"213","213","0","5664.0","348.7171684426868"
"213","213","0","5666.0","348.7171684427428"
"213","213","0","5668.0","348.7171684427821"
"213","213","0","5670.0","348.71716844276676"
"213","213","0","5672.0","348.71716844287096"
"213","213","0","5674.0","348.71716844282037"
"213","213","0","5676.0","348.71716844283605"
"213","213","0","5678.0","348.71716844280724"
"213","213","0","5680.0","348.7171684427769"
"213","213","0","5682.0","348.7171684427447"
"213","213","0","5684.0","348.7171684427433"
"213","213","0","5686.0","348.7171684426555"
"213","213","0","5688.0","348.7171684426151"
"213","213","0","5690.0","348.71716844264563"
"213","213","0","5692.0","348.71716844266564"
"213","213","0","5694.0","348.7171684426084"
"213","213","0","5696.0","348.7171684427685"
"213","213","0","5698.0","348.7171684426974"
"213","213","0","5700.0","348.7171684427133"
"213","213","0","5702.0","348.7171684426929"
"213","213","0","5704.0","348.71716844267416"
"213","213","0","5706.0","348.7171684426931"
"213","213","0","5708.0","348.71716844269235"
"213","213","0","5710.0","348.7171684426672"
"213","213","0","5712.0","348.7171684426545"
"213","213","0","5714.0","348.71716844260726"
"213","213","0","5716.0","348.717168442722"
"213","213","0","5718.0","348.71716844276114"
"213","213","0","5720.0","348.7171684427864"
"213","213","0","5722.0","348.71716844275784"
"213","213","0","5724.0","348.7171684427318"
"213","213","0","5726.0","348.717168442652"
"213","213","0","5728.0","348.7171684426471"
"213","213","0","5730.0","348.71716844264716"
"213","213","0","5732.0","348.7171684426213"
"213","213","0","5734.0","348.7171684424973"
"213","213","0","5736.0","348.71716844261374"
"213","213","0","5738.0","348.7171684425443"
"213","213","0","5740.0","348.71716844252006"
"213","213","0","5742.0","348.71716844251245"
"213","213","0","5744.0","348.71716844258106"
"213","213","0","5746.0","348.71716844256156"
"213","213","0","5748.0","348.71716844253865"
"213","213","0","5750.0","348.7171684425592"
"213","213","0","5752.0","348.71716844251785"
"213","213","0","5754.0","348.71716844248004"
"213","213","0","5756.0","348.7171684425173"
"213","213","0","5758.0","348.71716844254166"
"213","213","0","5760.0","348.7171684424993"
"213","213","0","5762.0","348.7171684424964"
"213","213","0","5764.0","348.71716844248346"
"213","213","0","5766.0","348.71716844254183"
"213","213","0","5768.0","348.71716844257327"
"213","213","0","5770.0","348.71716844257503"
"213","213","0","5772.0","348.7171684425723"
"213","213","0","5774.0","348.7171684425174"
"213","213","0","5776.0","348.71716844259373"
"213","213","0","5778.0","348.7171684425869"
"213","213","0","5780.0","348.7171684426206"
"213","213","0","5782.0","348.7171684426048"
"213","213","0","5784.0","348.7171684426374"
"213","213","0","5786.0","348.7171684426337"
"213","213","0","5788.0","348.7171684425413"
"213","213","0","5790.0","348.71716844261425"
"213","213","0","5792.0","348.7171684424974"
"213","213","0","5794.0","348.71716844255195"
"213","213","0","5796.0","348.7171684426242"
"213","213","0","5798.0","348.7171684426197"
"213","213","0","5800.0","348.71716844261294"
"213","213","0","5802.0","348.71716844250557"
"213","213","0","5804.0","348.71716844256457"
"213","213","0","5806.0","348.7171684425168"
"213","213","0","5808.0","348.71716844254456"
"213","213","0","5810.0","348.7171684424996"
"213","213","0","5812.0","348.71716844246174"
"213","213","0","5814.0","348.7171684424048"
"213","213","0","5816.0","348.71716844233066"
"213","213","0","5818.0","348.71716844231906"
"213","213","0","5820.0","348.71716844240046"
"213","213","0","5822.0","348.71716844236244"
"213","213","0","5824.0","348.7171684423307"
"213","213","0","5826.0","348.71716844237847"
"213","213","0","5828.0","348.7171684424239"
"213","213","0","5830.0","348.71716844235766"
"213","213","0","5832.0","348.7171684423236"
"213","213","0","5834.0","348.7171684423653"
"213","213","0","5836.0","348.7171684423671"
"213","213","0","5838.0","348.7171684424458"
"213","213","0","5840.0","348.71716844250375"
"213","213","0","5842.0","348.7171684424894"
"213","213","0","5844.0","348.7171684424503"
"213","213","0","5846.0","348.71716844249386"
"213","213","0","5848.0","348.71716844249465"
"213","213","0","5850.0","348.7171684424653"
"213","213","0","5852.0","348.71716844247953"
"213","213","0","5854.0","348.71716844254274"
"213","213","0","5856.0","348.7171684425552"
"213","213","0","5858.0","348.7171684425922"
"213","213","0","5860.0","348.7171684425797"
"213","213","0","5862.0","348.71716844256116"
"213","213","0","5864.0","348.7171684425222"
"213","213","0","5866.0","348.71716844243645"
"213","213","0","5868.0","348.71716844238745"
"213","213","0","5870.0","348.7171684422638"
"213","213","0","5872.0","348.71716844229474"
"213","213","0","5874.0","348.71716844231673"
"213","213","0","5876.0","348.7171684422699"
"213","213","0","5878.0","348.7171684422826"
"213","213","0","5880.0","348.7171684423237"
"213","213","0","5882.0","348.7171684423483"
"213","213","0","5884.0","348.7171684423061"
"213","213","0","5886.0","348.71716844228354"
"213","213","0","5888.0","348.71716844232725"
"213","213","0","5890.0","348.71716844240984"
"213","213","0","5892.0","348.71716844240814"
"213","213","0","5894.0","348.71716844241917"
"213","213","0","5896.0","348.71716844245725"
"213","213","0","5898.0","348.7171684424944"
"213","213","0","5900.0","348.71716844251966"
"213","213","0","5902.0","348.7171684424948"
"213","213","0","5904.0","348.7171684425072"
"213","213","0","5906.0","348.7171684425691"
"213","213","0","5908.0","348.7171684425422"
"213","213","0","5910.0","348.717168442513"
"213","213","0","5912.0","348.7171684425019"
"213","213","0","5914.0","348.71716844254274"
"213","213","0","5916.0","348.7171684425327"
"213","213","0","5918.0","348.71716844253024"
"213","213","0","5920.0","348.7171684425696"
"213","213","0","5922.0","348.7171684426297"
"213","213","0","5924.0","348.7171684426676"
"213","213","0","5926.0","348.71716844270753"
"213","213","0","5928.0","348.71716844272106"
"213","213","0","5930.0","348.71716844269235"
"213","213","0","5932.0","348.7171684425971"
"213","213","0","5934.0","348.7171684426113"
"213","213","0","5936.0","348.7171684426481"
"213","213","0","5938.0","348.71716844271316"
"213","213","0","5940.0","348.71716844268514"
"213","213","0","5942.0","348.7171684426403"
"213","213","0","5944.0","348.7171684426213"
"213","213","0","5946.0","348.71716844267235"
"213","213","0","5948.0","348.7171684427181"
"213","213","0","5950.0","348.7171684427184"
"213","213","0","5952.0","348.7171684426709"
"213","213","0","5954.0","348.71716844272623"
"213","213","0","5956.0","348.7171684426739"
"213","213","0","5958.0","348.71716844264705"
"213","213","0","5960.0","348.7171684426515"
"213","213","0","5962.0","348.7171684426237"
"213","213","0","5964.0","348.71716844263295"
"213","213","0","5966.0","348.71716844253035"
"213","213","0","5968.0","348.7171684425249"
"213","213","0","5970.0","348.71716844248243"
"213","213","0","5972.0","348.71716844245486"
"213","213","0","5974.0","348.71716844250534"
"213","213","0","5976.0","348.71716844256616"
"213","213","0","5978.0","348.7171684425913"
"213","213","0","5980.0","348.71716844260374"
"213","213","0","5982.0","348.71716844255513"
"213","213","0","5984.0","348.71716844255934"
"213","213","0","5986.0","348.7171684425207"
"213","213","0","5988.0","348.7171684425488"
"213","213","0","5990.0","348.71716844254024"
"213","213","0","5992.0","348.717168442521"
"213","213","0","5994.0","348.7171684424335"
"213","213","0","5996.0","348.71716844242064"
"213","213","0","5998.0","348.7171684424491"
"213","213","0","6000.0","348.7171684423974"
"213","213","0","6002.0","348.7171684423527"
"213","213","0","6004.0","348.71716844237415"
"213","213","0","6006.0","348.71716844234754"
"213","213","0","6008.0","348.7171684423141"
"213","213","0","6010.0","348.7171684422961"
"213","213","0","6012.0","348.7171684423111"
"213","213","0","6014.0","348.71716844232316"
"213","213","0","6016.0","348.7171684422911"
"213","213","0","6018.0","348.7171684422798"
"213","213","0","6020.0","348.7171684423005"
"213","213","0","6022.0","348.71716844230065"
"213","213","0","6024.0","348.71716844232594"
"213","213","0","6026.0","348.7171684423735"
"213","213","0","6028.0","348.7171684423815"
"213","213","0","6030.0","348.7171684423717"
"213","213","0","6032.0","348.7171684423468"
"213","213","0","6034.0","348.717168442354"
"213","213","0","6036.0","348.71716844230343"
"213","213","0","6038.0","348.7171684423211"
"213","213","0","6040.0","348.717168442367"
"213","213","0","6042.0","348.71716844237005"
"213","213","0","6044.0","348.71716844230787"
"213","213","0","6046.0","348.71716844235647"
"213","213","0","6048.0","348.7171684423844"
"213","213","0","6050.0","348.717168442412"
"213","213","0","6052.0","348.71716844244054"
"213","213","0","6054.0","348.7171684424045"
"213","213","0","6056.0","348.7171684424115"
"213","213","0","6058.0","348.7171684423943"
"213","213","0","6060.0","348.71716844243116"
"213","213","0","6062.0","348.71716844245634"
"213","213","0","6064.0","348.71716844249823"
"213","213","0","6066.0","348.7171684425012"
"213","213","0","6068.0","348.71716844254513"
"213","213","0","6070.0","348.71716844255167"
"213","213","0","6072.0","348.7171684425873"
"213","213","0","6074.0","348.7171684426282"
"213","213","0","6076.0","348.71716844265376"
"213","213","0","6078.0","348.71716844264074"
"213","213","0","6080.0","348.71716844265023"
"213","213","0","6082.0","348.717168442616"
"213","213","0","6084.0","348.71716844264216"
"213","213","0","6086.0","348.71716844264705"
"213","213","0","6088.0","348.7171684426417"
"213","213","0","6090.0","348.7171684426143"
"213","213","0","6092.0","348.7171684426397"
"213","213","0","6094.0","348.717168442685"
"213","213","0","6096.0","348.717168442702"
"213","213","0","6098.0","348.71716844272413"
"213","213","0","6100.0","348.7171684428037"
"213","213","0","6102.0","348.71716844286635"
"213","213","0","6104.0","348.71716844283395"
"213","213","0","6106.0","348.7171684428092"
"213","213","0","6108.0","348.7171684428311"
"213","213","0","6110.0","348.71716844278615"
"213","213","0","6112.0","348.71716844276824"
"213","213","0","6114.0","348.71716844276676"
"213","213","0","6116.0","348.7171684427486"
"213","213","0","6118.0","348.7171684427866"
"213","213","0","6120.0","348.71716844280405"
"213","213","0","6122.0","348.71716844280024"
"213","213","0","6124.0","348.71716844279297"
"213","213","0","6126.0","348.7171684428098"
"213","213","0","6128.0","348.71716844281616"
"213","213","0","6130.0","348.71716844281707"
"213","213","0","6132.0","348.717168442827"
"213","213","0","6134.0","348.7171684428673"
"213","213","0","6136.0","348.7171684428829"
"213","213","0","6138.0","348.7171684428695"
"213","213","0","6140.0","348.7171684429099"
"213","213","0","6142.0","348.7171684428835"
"213","213","0","6144.0","348.71716844294184"
"213","213","0","6146.0","348.7171684429265"
"213","213","0","6148.0","348.717168442911"
"213","213","0","6150.0","348.71716844294036"
"213","213","0","6152.0","348.7171684429336"
"213","213","0","6154.0","348.7171684429327"
"213","213","0","6156.0","348.7171684429672"
"213","213","0","6158.0","348.71716844294684"
"213","213","0","6160.0","348.717168442996"
"213","213","0","6162.0","348.71716844304257"
"213","213","0","6164.0","348.7171684430365"
"213","213","0","6166.0","348.7171684430009"
"213","213","0","6168.0","348.7171684430161"
"213","213","0","6170.0","348.71716844303376"
"213","213","0","6172.0","348.71716844301807"
"213","213","0","6174.0","348.7171684430493"
"213","213","0","6176.0","348.7171684430059"
"213","213","0","6178.0","348.71716844304814"
"213","213","0","6180.0","348.717168442983"
"213","213","0","6182.0","348.7171684429547"
"213","213","0","6184.0","348.7171684429616"
"213","213","0","6186.0","348.71716844298925"
"213","213","0","6188.0","348.71716844297606"
"213","213","0","6190.0","348.71716844297936"
"213","213","0","6192.0","348.7171684430061"
"213","213","0","6194.0","348.71716844302875"
"213","213","0","6196.0","348.7171684429878"
"213","213","0","6198.0","348.7171684429653"
"213","213","0","6200.0","348.71716844301335"
"213","213","0","6202.0","348.7171684430027"
"213","213","0","6204.0","348.71716844300374"
"213","213","0","6206.0","348.7171684429946"
"213","213","0","6208.0","348.7171684429829"
"213","213","0","6210.0","348.7171684430065"
"213","213","0","6212.0","348.7171684429802"
"213","213","0","6214.0","348.71716844296714"
"213","213","0","6216.0","348.7171684429381"
"213","213","0","6218.0","348.7171684429732"
"213","213","0","6220.0","348.7171684429437"
"213","213","0","6222.0","348.71716844296554"
"213","213","0","6224.0","348.7171684429172"
"213","213","0","6226.0","348.71716844290194"
"213","213","0","6228.0","348.71716844289654"
"213","213","0","6230.0","348.71716844293286"
"213","213","0","6232.0","348.71716844287846"
"213","213","0","6234.0","348.71716844286846"
"213","213","0","6236.0","348.7171684428727"
"213","213","0","6238.0","348.7171684428582"
"213","213","0","6240.0","348.717168442866"
"213","213","0","6242.0","348.7171684428656"
"213","213","0","6244.0","348.7171684428722"
"213","213","0","6246.0","348.7171684428859"
"213","213","0","6248.0","348.7171684428641"
"213","213","0","6250.0","348.7171684428948"
"213","213","0","6252.0","348.71716844290745"
"213","213","0","6254.0","348.7171684429277"
"213","213","0","6256.0","348.71716844292797"
"213","213","0","6258.0","348.71716844292087"
"213","213","0","6260.0","348.7171684429116"
"213","213","0","6262.0","348.71716844289034"
"213","213","0","6264.0","348.7171684428944"
"213","213","0","6266.0","348.71716844284975"
"213","213","0","6268.0","348.7171684428482"
"213","213","0","6270.0","348.71716844285294"
"213","213","0","6272.0","348.71716844289824"
"213","213","0","6274.0","348.71716844286686"
"213","213","0","6276.0","348.71716844286874"
"213","213","0","6278.0","348.71716844286783"
"213","213","0","6280.0","348.71716844282975"
"213","213","0","6282.0","348.7171684428156"
"213","213","0","6284.0","348.7171684428473"
"213","213","0","6286.0","348.71716844289665"
"213","213","0","6288.0","348.7171684429077"
"213","213","0","6290.0","348.71716844290745"
"213","213","0","6292.0","348.71716844291353"
"213","213","0","6294.0","348.7171684428633"
"213","213","0","6296.0","348.7171684428531"
"213","213","0","6298.0","348.71716844285356"
"213","213","0","6300.0","348.71716844286067"
"213","213","0","6302.0","348.717168442872"
"213","213","0","6304.0","348.7171684429395"
"213","213","0","6306.0","348.71716844292774"
"213","213","0","6308.0","348.71716844293064"
"213","213","0","6310.0","348.7171684429156"
"213","213","0","6312.0","348.7171684428924"
"213","213","0","6314.0","348.7171684429293"
"213","213","0","6316.0","348.7171684429558"
"213","213","0","6318.0","348.71716844297447"
"213","213","0","6320.0","348.7171684429756"
"213","213","0","6322.0","348.7171684429471"
"213","213","0","6324.0","348.7171684429913"
"213","213","0","6326.0","348.717168442984"
"213","213","0","6328.0","348.7171684429598"
"213","213","0","6330.0","348.717168442985"
"213","213","0","6332.0","348.71716844297356"
"213","213","0","6334.0","348.7171684429977"
"213","213","0","6336.0","348.7171684430354"
"213","213","0","6338.0","348.717168443052"
"213","213","0","6340.0","348.71716844305917"
"213","213","0","6342.0","348.717168443115"
"213","213","0","6344.0","348.7171684431218"
"213","213","0","6346.0","348.71716844309117"
"213","213","0","6348.0","348.7171684431254"
"213","213","0","6350.0","348.7171684431181"
"213","213","0","6352.0","348.7171684431054"
"213","213","0","6354.0","348.7171684431392"
"213","213","0","6356.0","348.7171684431489"
"213","213","0","6358.0","348.71716844315864"
"213","213","0","6360.0","348.7171684431808"
"213","213","0","6362.0","348.71716844317496"
"213","213","0","6364.0","348.7171684431661"
"213","213","0","6366.0","348.7171684431676"
"213","213","0","6368.0","348.71716844315284"
"213","213","0","6370.0","348.7171684431595"
"213","213","0","6372.0","348.71716844312874"
"213","213","0","6374.0","348.71716844310976"
"213","213","0","6376.0","348.7171684431305"
"213","213","0","6378.0","348.71716844311277"
"213","213","0","6380.0","348.71716844307014"
"213","213","0","6382.0","348.717168443046"
"213","213","0","6384.0","348.717168443028"
"213","213","0","6386.0","348.7171684430204"
"213","213","0","6388.0","348.71716844301807"
"213","213","0","6390.0","348.71716844305365"
"213","213","0","6392.0","348.7171684430731"
"213","213","0","6394.0","348.717168443136"
"213","213","0","6396.0","348.71716844318297"
"213","213","0","6398.0","348.7171684431709"
"213","213","0","6400.0","348.71716844310725"
"213","213","0","6402.0","348.71716844309367"
"213","213","0","6404.0","348.71716844311374"
"213","213","0","6406.0","348.71716844311146"
"213","213","0","6408.0","348.7171684431193"
"213","213","0","6410.0","348.71716844310475"
"213","213","0","6412.0","348.7171684430897"
"213","213","0","6414.0","348.7171684430978"
"213","213","0","6416.0","348.7171684431361"
"213","213","0","6418.0","348.71716844316063"
"213","213","0","6420.0","348.7171684432145"
"213","213","0","6422.0","348.71716844320883"
"213","213","0","6424.0","348.71716844319866"
"213","213","0","6426.0","348.7171684431755"
"213","213","0","6428.0","348.71716844319315"
"213","213","0","6430.0","348.71716844319013"
"213","213","0","6432.0","348.7171684432039"
"213","213","0","6434.0","348.7171684432282"
"213","213","0","6436.0","348.71716844321503"
"213","213","0","6438.0","348.7171684431975"
"213","213","0","6440.0","348.7171684431878"
"213","213","0","6442.0","348.7171684432125"
"213","213","0","6444.0","348.7171684432003"
"213","213","0","6446.0","348.7171684431948"
"213","213","0","6448.0","348.7171684432045"
"213","213","0","6450.0","348.7171684431962"
"213","213","0","6452.0","348.71716844319053"
"213","213","0","6454.0","348.7171684431756"
"213","213","0","6456.0","348.7171684431889"
"213","213","0","6458.0","348.7171684431461"
"213","213","0","6460.0","348.7171684431156"
"213","213","0","6462.0","348.717168443168"
"213","213","0","6464.0","348.7171684431576"
"213","213","0","6466.0","348.7171684431593"
"213","213","0","6468.0","348.7171684431293"
"213","213","0","6470.0","348.71716844313096"
"213","213","0","6472.0","348.71716844312783"
"213","213","0","6474.0","348.71716844311356"
"213","213","0","6476.0","348.7171684431305"
"213","213","0","6478.0","348.7171684431217"
"213","213","0","6480.0","348.7171684431016"
"213","213","0","6482.0","348.71716844311703"
"213","213","0","6484.0","348.71716844309174"
"213","213","0","6486.0","348.7171684430702"
"213","213","0","6488.0","348.7171684430633"
"213","213","0","6490.0","348.717168443089"
"213","213","0","6492.0","348.71716844304956"
"213","213","0","6494.0","348.71716844308435"
"213","213","0","6496.0","348.717168443103"
"213","213","0","6498.0","348.7171684431114"
"213","213","0","6500.0","348.71716844306616"
"213","213","0","6502.0","348.717168443065"
"213","213","0","6504.0","348.71716844305735"
"213","213","0","6506.0","348.7171684430798"
"213","213","0","6508.0","348.71716844308975"
"213","213","0","6510.0","348.7171684431004"
"213","213","0","6512.0","348.71716844310794"
"213","213","0","6514.0","348.71716844312846"
"213","213","0","6516.0","348.7171684430924"
"213","213","0","6518.0","348.71716844310436"
"213","213","0","6520.0","348.7171684430987"
"213","213","0","6522.0","348.7171684431022"
"213","213","0","6524.0","348.7171684430754"
"213","213","0","6526.0","348.71716844309015"
"213","213","0","6528.0","348.7171684430756"
"213","213","0","6530.0","348.7171684430816"
"213","213","0","6532.0","348.71716844306934"
"213","213","0","6534.0","348.71716844305456"
"213","213","0","6536.0","348.7171684430575"
"213","213","0","6538.0","348.7171684430587"
"213","213","0","6540.0","348.71716844310254"
"213","213","0","6542.0","348.7171684430804"
"213","213","0","6544.0","348.7171684430853"
"213","213","0","6546.0","348.7171684430868"
"213","213","0","6548.0","348.7171684430566"
"213","213","0","6550.0","348.71716844304365"
"213","213","0","6552.0","348.7171684430372"
"213","213","0","6554.0","348.7171684430226"
"213","213","0","6556.0","348.71716844298925"
"213","213","0","6558.0","348.7171684429936"
"213","213","0","6560.0","348.7171684429519"
"213","213","0","6562.0","348.7171684429457"
"213","213","0","6564.0","348.7171684429933"
"213","213","0","6566.0","348.7171684430165"
"213","213","0","6568.0","348.717168443048"
"213","213","0","6570.0","348.717168443055"
"213","213","0","6572.0","348.7171684430677"
"213","213","0","6574.0","348.7171684430906"
"213","213","0","6576.0","348.717168443071"
"213","213","0","6578.0","348.71716844306945"
"213","213","0","6580.0","348.71716844307514"
"213","213","0","6582.0","348.71716844311976"
"213","213","0","6584.0","348.7171684430968"
"213","213","0","6586.0","348.71716844310004"
"213","213","0","6588.0","348.7171684431137"
"213","213","0","6590.0","348.7171684431064"
"213","213","0","6592.0","348.7171684431062"
"213","213","0","6594.0","348.7171684430956"
"213","213","0","6596.0","348.7171684431259"
"213","213","0","6598.0","348.7171684431392"
"213","213","0","6600.0","348.71716844311527"
"213","213","0","6602.0","348.71716844311607"
"213","213","0","6604.0","348.71716844310725"
"213","213","0","6606.0","348.7171684430994"
"213","213","0","6608.0","348.7171684430967"
"213","213","0","6610.0","348.7171684430731"
"213","213","0","6612.0","348.7171684430897"
"213","213","0","6614.0","348.717168443079"
"213","213","0","6616.0","348.71716844305325"
"213","213","0","6618.0","348.717168443036"
"213","213","0","6620.0","348.7171684430624"
"213","213","0","6622.0","348.71716844307286"
"213","213","0","6624.0","348.7171684430677"
"213","213","0","6626.0","348.71716844306326"
"213","213","0","6628.0","348.7171684430818"
"213","213","0","6630.0","348.71716844308037"
"213","213","0","6632.0","348.71716844309555"
"213","213","0","6634.0","348.7171684431041"
"213","213","0","6636.0","348.71716844308753"
"213","213","0","6638.0","348.7171684430817"
"213","213","0","6640.0","348.71716844309515"
"213","213","0","6642.0","348.71716844311464"
"213","213","0","6644.0","348.7171684430872"
"213","213","0","6646.0","348.7171684431101"
"213","213","0","6648.0","348.717168443118"
"213","213","0","6650.0","348.71716844309196"
"213","213","0","6652.0","348.71716844309384"
"213","213","0","6654.0","348.7171684430895"
"213","213","0","6656.0","348.71716844307844"
"213","213","0","6658.0","348.7171684430847"
"213","213","0","6660.0","348.71716844307036"
"213","213","0","6662.0","348.7171684430349"
"213","213","0","6664.0","348.71716844302955"
"213","213","0","6666.0","348.7171684430032"
"213","213","0","6668.0","348.717168443"
"213","213","0","6670.0","348.71716844297663"
"213","213","0","6672.0","348.7171684429624"
"213","213","0","6674.0","348.7171684429649"
"213","213","0","6676.0","348.71716844296594"
"213","213","0","6678.0","348.71716844295736"
"213","213","0","6680.0","348.71716844295156"
"213","213","0","6682.0","348.71716844296805"
"213","213","0","6684.0","348.7171684429679"
"213","213","0","6686.0","348.7171684429593"
"213","213","0","6688.0","348.7171684429426"
"213","213","0","6690.0","348.71716844297697"
"213","213","0","6692.0","348.7171684429615"
"213","213","0","6694.0","348.717168442967"
"213","213","0","6696.0","348.71716844296157"
"213","213","0","6698.0","348.71716844298015"
"213","213","0","6700.0","348.7171684429799"
"213","213","0","6702.0","348.7171684429839"
"213","213","0","6704.0","348.7171684429987"
"213","213","0","6706.0","348.7171684429908"
"213","213","0","6708.0","348.71716844299806"
"213","213","0","6710.0","348.71716844299254"
"213","213","0","6712.0","348.7171684429865"
"213","213","0","6714.0","348.71716844300647"
"213","213","0","6716.0","348.71716844303074"
"213","213","0","6718.0","348.71716844302597"
"213","213","0","6720.0","348.7171684430404"
"213","213","0","6722.0","348.71716844303"
"213","213","0","6724.0","348.71716844304837"
"213","213","0","6726.0","348.71716844306394"
"213","213","0","6728.0","348.71716844307105"
"213","213","0","6730.0","348.71716844304854"
"213","213","0","6732.0","348.7171684430609"
"213","213","0","6734.0","348.71716844303677"
"213","213","0","6736.0","348.7171684430497"
"213","213","0","6738.0","348.7171684430491"
"213","213","0","6740.0","348.71716844306417"
"213","213","0","6742.0","348.7171684430724"
"213","213","0","6744.0","348.71716844307485"
"213","213","0","6746.0","348.7171684430753"
"213","213","0","6748.0","348.7171684430665"
"213","213","0","6750.0","348.7171684430739"
"213","213","0","6752.0","348.71716844304166"
"213","213","0","6754.0","348.7171684430472"
"213","213","0","6756.0","348.71716844306366"
"213","213","0","6758.0","348.71716844307804"
"213","213","0","6760.0","348.71716844310623"
"213","213","0","6762.0","348.71716844310475"
"213","213","0","6764.0","348.717168443124"
"213","213","0","6766.0","348.71716844310174"
"213","213","0","6768.0","348.7171684430772"
"213","213","0","6770.0","348.71716844310475"
"213","213","0","6772.0","348.71716844311123"
"213","213","0","6774.0","348.7171684431234"
"213","213","0","6776.0","348.7171684431179"
"213","213","0","6778.0","348.71716844312107"
"213","213","0","6780.0","348.71716844312476"
"213","213","0","6782.0","348.71716844316"
"213","213","0","6784.0","348.71716844315756"
"213","213","0","6786.0","348.71716844314625"
"213","213","0","6788.0","348.7171684431462"
"213","213","0","6790.0","348.71716844313795"
"213","213","0","6792.0","348.71716844312317"
"213","213","0","6794.0","348.7171684431044"
"213","213","0","6796.0","348.71716844309685"
"213","213","0","6798.0","348.7171684431054"
"213","213","0","6800.0","348.7171684430988"
"213","213","0","6802.0","348.71716844306843"
"213","213","0","6804.0","348.71716844308315"
"213","213","0","6806.0","348.7171684430831"
"213","213","0","6808.0","348.7171684431049"
"213","213","0","6810.0","348.7171684431192"
"213","213","0","6812.0","348.71716844312243"
"213","213","0","6814.0","348.7171684431272"
"213","213","0","6816.0","348.71716844309265"
"213","213","0","6818.0","348.71716844306746"
"213","213","0","6820.0","348.7171684430526"
"213","213","0","6822.0","348.7171684430409"
"213","213","0","6824.0","348.7171684430391"
"213","213","0","6826.0","348.7171684430411"
"213","213","0","6828.0","348.7171684430168"
"213","213","0","6830.0","348.71716844300687"
"213","213","0","6832.0","348.71716844299084"
"213","213","0","6834.0","348.71716844296435"
"213","213","0","6836.0","348.7171684429712"
"213","213","0","6838.0","348.71716844299084"
"213","213","0","6840.0","348.71716844301403"
"213","213","0","6842.0","348.71716844298527"
"213","213","0","6844.0","348.71716844299505"
"213","213","0","6846.0","348.71716844301085"
"213","213","0","6848.0","348.7171684430184"
"213","213","0","6850.0","348.71716844302006"
"213","213","0","6852.0","348.71716844299533"
"213","213","0","6854.0","348.7171684429585"
"213","213","0","6856.0","348.7171684429757"
"213","213","0","6858.0","348.7171684429824"
"213","213","0","6860.0","348.7171684429546"
"213","213","0","6862.0","348.71716844296697"
"213","213","0","6864.0","348.7171684429909"
"213","213","0","6866.0","348.7171684429862"
"213","213","0","6868.0","348.7171684429915"
"213","213","0","6870.0","348.71716844297634"
"213","213","0","6872.0","348.7171684429644"
"213","213","0","6874.0","348.7171684429635"
"213","213","0","6876.0","348.71716844295133"
"213","213","0","6878.0","348.71716844295315"
"213","213","0","6880.0","348.71716844296765"
"213","213","0","6882.0","348.71716844296463"
"213","213","0","6884.0","348.71716844298254"
"213","213","0","6886.0","348.71716844297737"
"213","213","0","6888.0","348.71716844297896"
"213","213","0","6890.0","348.7171684429849"
"213","213","0","6892.0","348.71716844298544"
"213","213","0","6894.0","348.7171684429844"
"213","213","0","6896.0","348.71716844299266"
"213","213","0","6898.0","348.7171684430046"
"213","213","0","6900.0","348.71716844298544"
"213","213","0","6902.0","348.71716844297316"
"213","213","0","6904.0","348.71716844298857"
"213","213","0","6906.0","348.7171684429731"
"213","213","0","6908.0","348.71716844296407"
"213","213","0","6910.0","348.71716844294616"
"213","213","0","6912.0","348.71716844295383"
"213","213","0","6914.0","348.717168442959"
"213","213","0","6916.0","348.71716844295935"
"213","213","0","6918.0","348.71716844296594"
"213","213","0","6920.0","348.7171684429634"
"213","213","0","6922.0","348.7171684429451"
"213","213","0","6924.0","348.71716844292393"
"213","213","0","6926.0","348.7171684429095"
"213","213","0","6928.0","348.7171684428826"
"213","213","0","6930.0","348.7171684428516"
"213","213","0","6932.0","348.71716844285817"
"213","213","0","6934.0","348.7171684428564"
"213","213","0","6936.0","348.71716844285334"
"213","213","0","6938.0","348.7171684428474"
"213","213","0","6940.0","348.7171684428497"
"213","213","0","6942.0","348.71716844287255"
"213","213","0","6944.0","348.7171684428786"
"213","213","0","6946.0","348.71716844288534"
"213","213","0","6948.0","348.7171684428669"
"213","213","0","6950.0","348.71716844287266"
"213","213","0","6952.0","348.7171684428979"
"213","213","0","6954.0","348.71716844291035"
"213","213","0","6956.0","348.7171684429124"
"213","213","0","6958.0","348.71716844288903"
"213","213","0","6960.0","348.71716844288994"
"213","213","0","6962.0","348.7171684428994"
"213","213","0","6964.0","348.7171684428953"
"213","213","0","6966.0","348.7171684428581"
"213","213","0","6968.0","348.7171684428528"
"213","213","0","6970.0","348.71716844288375"
"213","213","0","6972.0","348.7171684428818"
"213","213","0","6974.0","348.7171684428816"
"213","213","0","6976.0","348.7171684429027"
"213","213","0","6978.0","348.7171684429287"
"213","213","0","6980.0","348.71716844294724"
"213","213","0","6982.0","348.71716844296384"
"213","213","0","6984.0","348.7171684429633"
"213","213","0","6986.0","348.7171684429658"
"213","213","0","6988.0","348.7171684429892"
"213","213","0","6990.0","348.7171684429739"
"213","213","0","6992.0","348.71716844296543"
"213","213","0","6994.0","348.71716844296475"
"213","213","0","6996.0","348.7171684429587"
"213","213","0","6998.0","348.71716844295474"
"213","213","0","7000.0","348.71716844293735"
"213","213","0","7002.0","348.71716844292894"
"213","213","0","7004.0","348.7171684429353"
"213","213","0","7006.0","348.717168442941"
"213","213","0","7008.0","348.71716844296446"
"213","213","0","7010.0","348.7171684429503"
"213","213","0","7012.0","348.7171684429517"
"213","213","0","7014.0","348.7171684429756"
"213","213","0","7016.0","348.7171684429917"
"213","213","0","7018.0","348.71716844300016"
"213","213","0","7020.0","348.7171684429855"
"213","213","0","7022.0","348.71716844297106"
"213","213","0","7024.0","348.71716844296276"
"213","213","0","7026.0","348.7171684429539"
"213","213","0","7028.0","348.7171684429529"
"213","213","0","7030.0","348.7171684429558"
"213","213","0","7032.0","348.717168442959"
"213","213","0","7034.0","348.71716844295497"
"213","213","0","7036.0","348.7171684429703"
"213","213","0","7038.0","348.71716844296384"
"213","213","0","7040.0","348.717168442976"
"213","213","0","7042.0","348.71716844295736"
"213","213","0","7044.0","348.7171684429567"
"213","213","0","7046.0","348.71716844292996"
"213","213","0","7048.0","348.71716844295196"
"213","213","0","7050.0","348.71716844297396"
"213","213","0","7052.0","348.71716844297106"
"213","213","0","7054.0","348.71716844295105"
"213","213","0","7056.0","348.7171684429535"
"213","213","0","7058.0","348.71716844296515"
"213","213","0","7060.0","348.71716844296554"
"213","213","0","7062.0","348.7171684429649"
"213","213","0","7064.0","348.7171684429556"
"213","213","0","7066.0","348.71716844295514"
"213","213","0","7068.0","348.71716844293195"
"213","213","0","7070.0","348.7171684429199"
"213","213","0","7072.0","348.7171684429374"
"213","213","0","7074.0","348.71716844293235"
"213","213","0","7076.0","348.717168442923"
"213","213","0","7078.0","348.7171684429148"
"213","213","0","7080.0","348.7171684429039"
"213","213","0","7082.0","348.71716844289875"
"213","213","0","7084.0","348.71716844291484"
"213","213","0","7086.0","348.7171684429104"
"213","213","0","7088.0","348.7171684428795"
"213","213","0","7090.0","348.71716844289614"
"213","213","0","7092.0","348.7171684429109"
"213","213","0","7094.0","348.717168442938"
"213","213","0","7096.0","348.7171684429545"
"213","213","0","7098.0","348.7171684429358"
"213","213","0","7100.0","348.7171684429324"
"213","213","0","7102.0","348.7171684429147"
"213","213","0","7104.0","348.7171684429179"
"213","213","0","7106.0","348.717168442921"
"213","213","0","7108.0","348.7171684429185"
"213","213","0","7110.0","348.71716844293377"
"213","213","0","7112.0","348.71716844292126"
"213","213","0","7114.0","348.7171684429303"
"213","213","0","7116.0","348.717168442924"
"213","213","0","7118.0","348.7171684429318"
"213","213","0","7120.0","348.7171684429655"
"213","213","0","7122.0","348.7171684429661"
"213","213","0","7124.0","348.71716844297225"
"213","213","0","7126.0","348.7171684429708"
"213","213","0","7128.0","348.7171684429752"
"213","213","0","7130.0","348.717168442974"
"213","213","0","7132.0","348.7171684429751"
"213","213","0","7134.0","348.71716844298066"
"213","213","0","7136.0","348.71716844298385"
"213","213","0","7138.0","348.71716844299203"
"213","213","0","7140.0","348.7171684429985"
"213","213","0","7142.0","348.71716844297794"
"213","213","0","7144.0","348.71716844297544"
"213","213","0","7146.0","348.71716844298413"
"213","213","0","7148.0","348.71716844298425"
"213","213","0","7150.0","348.7171684429864"
"213","213","0","7152.0","348.71716844298334"
"213","213","0","7154.0","348.7171684430005"
"213","213","0","7156.0","348.7171684430051"
"213","213","0","7158.0","348.71716844301864"
"213","213","0","7160.0","348.71716844301824"
"213","213","0","7162.0","348.71716844302125"
"213","213","0","7164.0","348.7171684430275"
"213","213","0","7166.0","348.71716844304126"
"213","213","0","7168.0","348.7171684430276"
"213","213","0","7170.0","348.71716844305564"
"213","213","0","7172.0","348.7171684430702"
"213","213","0","7174.0","348.71716844308014"
"213","213","0","7176.0","348.7171684430813"
"213","213","0","7178.0","348.71716844309515"
"213","213","0","7180.0","348.7171684430789"
"213","213","0","7182.0","348.7171684430743"
"213","213","0","7184.0","348.7171684430789"
"213","213","0","7186.0","348.7171684430836"
"213","213","0","7188.0","348.71716844309367"
"213","213","0","7190.0","348.7171684430851"
"213","213","0","7192.0","348.7171684430872"
"213","213","0","7194.0","348.7171684430979"
"213","213","0","7196.0","348.717168443108"
"213","213","0","7198.0","348.7171684431203"
"213","213","0","7200.0","348.7171684431221"
"213","213","0","7202.0","348.7171684431208"
"213","213","0","7204.0","348.7171684431074"
"213","213","0","7206.0","348.71716844308315"
"213","213","0","7208.0","348.7171684430959"
"213","213","0","7210.0","348.71716844310515"
"213","213","0","7212.0","348.717168443109"
"213","213","0","7214.0","348.71716844310026"
"213","213","0","7216.0","348.71716844309304"
"213","213","0","7218.0","348.71716844309657"
"213","213","0","7220.0","348.7171684431055"
"213","213","0","7222.0","348.7171684431047"
"213","213","0","7224.0","348.717168443116"
"213","213","0","7226.0","348.7171684431049"
"213","213","0","7228.0","348.717168443107"
"213","213","0","7230.0","348.71716844310396"
"213","213","0","7232.0","348.71716844311834"
"213","213","0","7234.0","348.71716844311925"
"213","213","0","7236.0","348.71716844311527"
"213","213","0","7238.0","348.7171684431102"
"213","213","0","7240.0","348.71716844311743"
"213","213","0","7242.0","348.7171684431204"
"213","213","0","7244.0","348.7171684431061"
"213","213","0","7246.0","348.7171684431199"
"213","213","0","7248.0","348.717168443127"
"213","213","0","7250.0","348.7171684431223"
"213","213","0","7252.0","348.71716844313016"
"213","213","0","7254.0","348.71716844312806"
"213","213","0","7256.0","348.7171684431327"
"213","213","0","7258.0","348.71716844310737"
"213","213","0","7260.0","348.7171684431084"
"213","213","0","7262.0","348.71716844311953"
"213","213","0","7264.0","348.7171684431249"
"213","213","0","7266.0","348.7171684431175"
"213","213","0","7268.0","348.7171684431155"
"213","213","0","7270.0","348.717168443102"
"213","213","0","7272.0","348.7171684431134"
"213","213","0","7274.0","348.71716844311624"
"213","213","0","7276.0","348.7171684431095"
"213","213","0","7278.0","348.7171684431141"
"213","213","0","7280.0","348.71716844311544"
"213","213","0","7282.0","348.7171684431167"
"213","213","0","7284.0","348.7171684431084"
"213","213","0","7286.0","348.7171684431127"
"213","213","0","7288.0","348.717168443101"
"213","213","0","7290.0","348.71716844309566"
"213","213","0","7292.0","348.71716844308463"
"213","213","0","7294.0","348.7171684430919"
"213","213","0","7296.0","348.71716844309265"
"213","213","0","7298.0","348.7171684431012"
"213","213","0","7300.0","348.71716844310583"
"213","213","0","7302.0","348.71716844310197"
"213","213","0","7304.0","348.7171684430872"
"213","213","0","7306.0","348.71716844309594"
"213","213","0","7308.0","348.71716844308827"
"213","213","0","7310.0","348.7171684430765"
"213","213","0","7312.0","348.71716844308907"
"213","213","0","7314.0","348.71716844307406"
"213","213","0","7316.0","348.7171684430788"
"213","213","0","7318.0","348.7171684430857"
"213","213","0","7320.0","348.7171684430744"
"213","213","0","7322.0","348.7171684430988"
"213","213","0","7324.0","348.717168443094"
"213","213","0","7326.0","348.717168443096"
"213","213","0","7328.0","348.7171684430972"
"213","213","0","7330.0","348.717168443092"
"213","213","0","7332.0","348.71716844308685"
"213","213","0","7334.0","348.7171684430771"
"213","213","0","7336.0","348.7171684430848"
"213","213","0","7338.0","348.7171684430763"
"213","213","0","7340.0","348.71716844307923"
"213","213","0","7342.0","348.7171684430879"
"213","213","0","7344.0","348.7171684430988"
"213","213","0","7346.0","348.71716844309606"
"213","213","0","7348.0","348.7171684430721"
"213","213","0","7350.0","348.717168443067"
"213","213","0","7352.0","348.7171684430754"
"213","213","0","7354.0","348.7171684430701"
"213","213","0","7356.0","348.7171684430773"
"213","213","0","7358.0","348.717168443065"
"213","213","0","7360.0","348.717168443081"
"213","213","0","7362.0","348.71716844310305"
"213","213","0","7364.0","348.71716844310464"
"213","213","0","7366.0","348.71716844310777"
"213","213","0","7368.0","348.7171684431114"
"213","213","0","7370.0","348.71716844312834"
"213","213","0","7372.0","348.71716844313295"
"213","213","0","7374.0","348.71716844315023"
"213","213","0","7376.0","348.7171684431569"
"213","213","0","7378.0","348.71716844315773"
"213","213","0","7380.0","348.7171684431482"
"213","213","0","7382.0","348.71716844314574"
"213","213","0","7384.0","348.71716844315375"
"213","213","0","7386.0","348.7171684431527"
"213","213","0","7388.0","348.7171684431559"
"213","213","0","7390.0","348.7171684431619"
"213","213","0","7392.0","348.71716844316757"
"213","213","0","7394.0","348.7171684431692"
"213","213","0","7396.0","348.717168443182"
"213","213","0","7398.0","348.7171684431825"
"213","213","0","7400.0","348.71716844317547"
"213","213","0","7402.0","348.71716844317456"
"213","213","0","7404.0","348.7171684431787"
"213","213","0","7406.0","348.717168443178"
"213","213","0","7408.0","348.71716844318"
"213","213","0","7410.0","348.7171684431721"
"213","213","0","7412.0","348.71716844318246"
"213","213","0","7414.0","348.7171684431918"
"213","213","0","7416.0","348.71716844319485"
"213","213","0","7418.0","348.71716844319167"
"213","213","0","7420.0","348.717168443189"
"213","213","0","7422.0","348.71716844317757"
"213","213","0","7424.0","348.71716844318945"
"213","213","0","7426.0","348.7171684431888"
"213","213","0","7428.0","348.71716844318684"
"213","213","0","7430.0","348.71716844318854"
"213","213","0","7432.0","348.7171684431846"
"213","213","0","7434.0","348.7171684431903"
"213","213","0","7436.0","348.71716844319906"
"213","213","0","7438.0","348.71716844320053"
"213","213","0","7440.0","348.71716844320605"
"213","213","0","7442.0","348.7171684432037"
"213","213","0","7444.0","348.71716844320014"
"213","213","0","7446.0","348.71716844320486"
"213","213","0","7448.0","348.71716844320105"
"213","213","0","7450.0","348.7171684432016"
"213","213","0","7452.0","348.7171684432092"
"213","213","0","7454.0","348.7171684432249"
"213","213","0","7456.0","348.7171684432278"
"213","213","0","7458.0","348.71716844322737"
"213","213","0","7460.0","348.717168443229"
"213","213","0","7462.0","348.71716844323277"
"213","213","0","7464.0","348.7171684432395"
"213","213","0","7466.0","348.7171684432423"
"213","213","0","7468.0","348.7171684432449"
"213","213","0","7470.0","348.7171684432425"
"213","213","0","7472.0","348.7171684432496"
"213","213","0","7474.0","348.7171684432467"
"213","213","0","7476.0","348.7171684432454"
"213","213","0","7478.0","348.7171684432452"
"213","213","0","7480.0","348.71716844323646"
"213","213","0","7482.0","348.71716844323595"
"213","213","0","7484.0","348.7171684432404"
"213","213","0","7486.0","348.7171684432369"
"213","213","0","7488.0","348.717168443243"
"213","213","0","7490.0","348.7171684432457"
"213","213","0","7492.0","348.7171684432623"
"213","213","0","7494.0","348.7171684432626"
"213","213","0","7496.0","348.7171684432649"
"213","213","0","7498.0","348.71716844326625"
"213","213","0","7500.0","348.7171684432747"
"213","213","0","7502.0","348.7171684432716"
"213","213","0","7504.0","348.71716844326306"
"213","213","0","7506.0","348.7171684432637"
"213","213","0","7508.0","348.71716844326414"
"213","213","0","7510.0","348.7171684432596"
"213","213","0","7512.0","348.717168443264"
"213","213","0","7514.0","348.71716844326835"
"213","213","0","7516.0","348.7171684432725"
"213","213","0","7518.0","348.7171684432676"
"213","213","0","7520.0","348.71716844327057"
"213","213","0","7522.0","348.71716844326795"
"213","213","0","7524.0","348.71716844326687"
"213","213","0","7526.0","348.7171684432631"
"213","213","0","7528.0","348.71716844327045"
"213","213","0","7530.0","348.7171684432698"
"213","213","0","7532.0","348.7171684432716"
"213","213","0","7534.0","348.71716844327295"
"213","213","0","7536.0","348.71716844327085"
"213","213","0","7538.0","348.71716844327614"
"213","213","0","7540.0","348.71716844327347"
"213","213","0","7542.0","348.71716844326073"
"213","213","0","7544.0","348.71716844327307"
"213","213","0","7546.0","348.71716844326386"
"213","213","0","7548.0","348.7171684432523"
"213","213","0","7550.0","348.71716844325533"
"213","213","0","7552.0","348.7171684432572"
"213","213","0","7554.0","348.7171684432644"
"213","213","0","7556.0","348.7171684432639"
"213","213","0","7558.0","348.71716844326374"
"213","213","0","7560.0","348.71716844327557"
"213","213","0","7562.0","348.71716844328216"
"213","213","0","7564.0","348.71716844328176"
"213","213","0","7566.0","348.71716844328006"
"213","213","0","7568.0","348.71716844327165"
"213","213","0","7570.0","348.71716844326517"
"213","213","0","7572.0","348.71716844326454"
"213","213","0","7574.0","348.7171684432524"
"213","213","0","7576.0","348.71716844324794"
"213","213","0","7578.0","348.7171684432493"
"213","213","0","7580.0","348.7171684432378"
"213","213","0","7582.0","348.71716844322856"
"213","213","0","7584.0","348.71716844322145"
"213","213","0","7586.0","348.71716844323134"
"213","213","0","7588.0","348.7171684432411"
"213","213","0","7590.0","348.7171684432501"
"213","213","0","7592.0","348.71716844325044"
"213","213","0","7594.0","348.71716844324544"
"213","213","0","7596.0","348.7171684432459"
"213","213","0","7598.0","348.71716844325124"
"213","213","0","7600.0","348.71716844325516"
"213","213","0","7602.0","348.7171684432657"
"213","213","0","7604.0","348.71716844326306"
"213","213","0","7606.0","348.717168443257"
"213","213","0","7608.0","348.71716844326204"
"213","213","0","7610.0","348.71716844326943"
"213","213","0","7612.0","348.71716844326653"
"213","213","0","7614.0","348.7171684432732"
"213","213","0","7616.0","348.7171684432633"
"213","213","0","7618.0","348.71716844326306"
"213","213","0","7620.0","348.7171684432612"
"213","213","0","7622.0","348.7171684432569"
"213","213","0","7624.0","348.71716844324703"
"213","213","0","7626.0","348.71716844325124"
"213","213","0","7628.0","348.7171684432473"
"213","213","0","7630.0","348.71716844323754"
"213","213","0","7632.0","348.7171684432373"
"213","213","0","7634.0","348.7171684432439"
"213","213","0","7636.0","348.71716844324845"
"213","213","0","7638.0","348.7171684432452"
"213","213","0","7640.0","348.71716844323294"
"213","213","0","7642.0","348.7171684432203"
"213","213","0","7644.0","348.71716844322054"
"213","213","0","7646.0","348.7171684432233"
"213","213","0","7648.0","348.71716844322157"
"213","213","0","7650.0","348.7171684432184"
"213","213","0","7652.0","348.71716844320554"
"213","213","0","7654.0","348.71716844320605"
"213","213","0","7656.0","348.7171684432009"
"213","213","0","7658.0","348.717168443207"
"213","213","0","7660.0","348.7171684432094"
"213","213","0","7662.0","348.71716844321594"
"213","213","0","7664.0","348.717168443221"
"213","213","0","7666.0","348.71716844322407"
"213","213","0","7668.0","348.71716844321827"
"213","213","0","7670.0","348.71716844320906"
"213","213","0","7672.0","348.7171684432123"
"213","213","0","7674.0","348.7171684432273"
"213","213","0","7676.0","348.7171684432284"
"213","213","0","7678.0","348.71716844324703"
"213","213","0","7680.0","348.71716844324607"
"213","213","0","7682.0","348.71716844325357"
"213","213","0","7684.0","348.7171684432604"
"213","213","0","7686.0","348.7171684432672"
"213","213","0","7688.0","348.7171684432749"
"213","213","0","7690.0","348.7171684432704"
"213","213","0","7692.0","348.71716844325874"
"213","213","0","7694.0","348.7171684432517"
"213","213","0","7696.0","348.71716844325886"
"213","213","0","7698.0","348.7171684432678"
"213","213","0","7700.0","348.71716844327256"
"213","213","0","7702.0","348.71716844328523"
"213","213","0","7704.0","348.71716844328273"
"213","213","0","7706.0","348.717168443288"
"213","213","0","7708.0","348.7171684432962"
"213","213","0","7710.0","348.7171684432867"
"213","213","0","7712.0","348.717168443285"
"213","213","0","7714.0","348.7171684432836"
"213","213","0","7716.0","348.71716844328205"
"213","213","0","7718.0","348.71716844328387"
"213","213","0","7720.0","348.71716844328364"
"213","213","0","7722.0","348.7171684432848"
"213","213","0","7724.0","348.7171684432851"
"213","213","0","7726.0","348.71716844328154"
"213","213","0","7728.0","348.71716844327034"
"213","213","0","7730.0","348.7171684432718"
"213","213","0","7732.0","348.71716844326977"
"213","213","0","7734.0","348.7171684432768"
"213","213","0","7736.0","348.71716844327244"
"213","213","0","7738.0","348.71716844327665"
"213","213","0","7740.0","348.71716844327364"
"213","213","0","7742.0","348.71716844327864"
"213","213","0","7744.0","348.71716844327955"
"213","213","0","7746.0","348.71716844327926"
"213","213","0","7748.0","348.71716844328336"
"213","213","0","7750.0","348.71716844328586"
"213","213","0","7752.0","348.71716844329165"
"213","213","0","7754.0","348.71716844329137"
"213","213","0","7756.0","348.7171684432922"
"213","213","0","7758.0","348.7171684432916"
"213","213","0","7760.0","348.71716844329"
"213","213","0","7762.0","348.7171684432925"
"213","213","0","7764.0","348.7171684432957"
"213","213","0","7766.0","348.71716844329984"
"213","213","0","7768.0","348.7171684433036"
"213","213","0","7770.0","348.7171684432989"
"213","213","0","7772.0","348.71716844328967"
"213","213","0","7774.0","348.7171684432784"
"213","213","0","7776.0","348.7171684432801"
"213","213","0","7778.0","348.7171684432782"
"213","213","0","7780.0","348.71716844328563"
"213","213","0","7782.0","348.71716844328995"
"213","213","0","7784.0","348.71716844329455"
"213","213","0","7786.0","348.71716844328745"
"213","213","0","7788.0","348.7171684432851"
"213","213","0","7790.0","348.71716844328694"
"213","213","0","7792.0","348.7171684433021"
"213","213","0","7794.0","348.71716844330797"
"213","213","0","7796.0","348.71716844330524"
"213","213","0","7798.0","348.71716844330183"
"213","213","0","7800.0","348.7171684432946"
"213","213","0","7802.0","348.71716844330166"
"213","213","0","7804.0","348.71716844329336"
"213","213","0","7806.0","348.71716844329126"
"213","213","0","7808.0","348.71716844329023"
"213","213","0","7810.0","348.7171684432863"
"213","213","0","7812.0","348.71716844328785"
"213","213","0","7814.0","348.71716844329717"
"213","213","0","7816.0","348.71716844329825"
"213","213","0","7818.0","348.7171684432973"
"213","213","0","7820.0","348.7171684432908"
"213","213","0","7822.0","348.71716844328546"
"213","213","0","7824.0","348.7171684432901"
"213","213","0","7826.0","348.71716844328284"
"213","213","0","7828.0","348.7171684432804"
"213","213","0","7830.0","348.71716844328046"
"213","213","0","7832.0","348.71716844327807"
"213","213","0","7834.0","348.71716844327364"
"213","213","0","7836.0","348.7171684432811"
"213","213","0","7838.0","348.7171684432846"
"213","213","0","7840.0","348.7171684432934"
"213","213","0","7842.0","348.7171684432875"
"213","213","0","7844.0","348.7171684432942"
"213","213","0","7846.0","348.71716844329023"
"213","213","0","7848.0","348.7171684432854"
"213","213","0","7850.0","348.71716844328273"
"213","213","0","7852.0","348.71716844329"
"213","213","0","7854.0","348.7171684432868"
"213","213","0","7856.0","348.71716844328597"
"213","213","0","7858.0","348.7171684432828"
"213","213","0","7860.0","348.71716844327784"
"213","213","0","7862.0","348.7171684432795"
"213","213","0","7864.0","348.71716844327756"
"213","213","0","7866.0","348.7171684432771"
"213","213","0","7868.0","348.7171684432789"
"213","213","0","7870.0","348.71716844327494"
"213","213","0","7872.0","348.7171684432748"
"213","213","0","7874.0","348.71716844327636"
"213","213","0","7876.0","348.71716844328733"
"213","213","0","7878.0","348.71716844327887"
"213","213","0","7880.0","348.71716844328097"
"213","213","0","7882.0","348.71716844328614"
"213","213","0","7884.0","348.7171684432968"
"213","213","0","7886.0","348.7171684432965"
"213","213","0","7888.0","348.71716844329256"
"213","213","0","7890.0","348.71716844328824"
"213","213","0","7892.0","348.71716844329285"
"213","213","0","7894.0","348.71716844329615"
"213","213","0","7896.0","348.71716844329336"
"213","213","0","7898.0","348.7171684432864"
"213","213","0","7900.0","348.7171684432914"
"213","213","0","7902.0","348.71716844328904"
"213","213","0","7904.0","348.7171684432919"
"213","213","0","7906.0","348.7171684432988"
"213","213","0","7908.0","348.7171684433067"
"213","213","0","7910.0","348.7171684433025"
"213","213","0","7912.0","348.7171684433042"
"213","213","0","7914.0","348.7171684433079"
"213","213","0","7916.0","348.7171684433059"
"213","213","0","7918.0","348.71716844330274"
"213","213","0","7920.0","348.7171684433041"
"213","213","0","7922.0","348.71716844329154"
"213","213","0","7924.0","348.71716844329256"
"213","213","0","7926.0","348.71716844329626"
"213","213","0","7928.0","348.71716844329853"
"213","213","0","7930.0","348.7171684432946"
"213","213","0","7932.0","348.71716844329666"
"213","213","0","7934.0","348.7171684432926"
"213","213","0","7936.0","348.7171684432915"
"213","213","0","7938.0","348.71716844328705"
"213","213","0","7940.0","348.7171684432988"
"213","213","0","7942.0","348.7171684432998"
"213","213","0","7944.0","348.7171684433036"
"213","213","0","7946.0","348.7171684433021"
"213","213","0","7948.0","348.71716844330336"
"213","213","0","7950.0","348.71716844330064"
"213","213","0","7952.0","348.71716844328813"
"213","213","0","7954.0","348.7171684432924"
"213","213","0","7956.0","348.7171684432896"
"213","213","0","7958.0","348.71716844328853"
"213","213","0","7960.0","348.71716844328773"
"213","213","0","7962.0","348.7171684432869"
"213","213","0","7964.0","348.7171684432909"
"213","213","0","7966.0","348.71716844328773"
"213","213","0","7968.0","348.7171684432861"
"213","213","0","7970.0","348.71716844328574"
"213","213","0","7972.0","348.7171684432836"
"213","213","0","7974.0","348.71716844328193"
"213","213","0","7976.0","348.7171684432775"
"213","213","0","7978.0","348.7171684432846"
"213","213","0","7980.0","348.71716844329075"
"213","213","0","7982.0","348.71716844329393"
"213","213","0","7984.0","348.7171684432949"
"213","213","0","7986.0","348.71716844328836"
"213","213","0","7988.0","348.7171684432918"
"213","213","0","7990.0","348.71716844329"
"213","213","0","7992.0","348.7171684432854"
"213","213","0","7994.0","348.71716844329063"
"213","213","0","7996.0","348.717168443298"
"213","213","0","7998.0","348.71716844330376"
"213","213","0","8000.0","348.7171684433166"
"213","213","0","8002.0","348.7171684433179"
"213","213","0","8004.0","348.71716844331286"
"213","213","0","8006.0","348.7171684433212"
"213","213","0","8008.0","348.71716844332093"
"213","213","0","8010.0","348.71716844332"
"213","213","0","8012.0","348.7171684433183"
"213","213","0","8014.0","348.71716844331695"
"213","213","0","8016.0","348.7171684433203"
"213","213","0","8018.0","348.7171684433182"
"213","213","0","8020.0","348.71716844331723"
"213","213","0","8022.0","348.717168443316"
"213","213","0","8024.0","348.71716844331786"
"213","213","0","8026.0","348.7171684433153"
"213","213","0","8028.0","348.71716844331206"
"213","213","0","8030.0","348.71716844331286"
"213","213","0","8032.0","348.71716844331144"
"213","213","0","8034.0","348.7171684433125"
"213","213","0","8036.0","348.7171684433165"
"213","213","0","8038.0","348.71716844331803"
"213","213","0","8040.0","348.71716844331183"
"213","213","0","8042.0","348.7171684433126"
"213","213","0","8044.0","348.7171684433189"
"213","213","0","8046.0","348.7171684433171"
"213","213","0","8048.0","348.71716844331235"
"213","213","0","8050.0","348.7171684433179"
"213","213","0","8052.0","348.7171684433184"
"213","213","0","8054.0","348.7171684433198"
"213","213","0","8056.0","348.71716844332536"
"213","213","0","8058.0","348.7171684433196"
"213","213","0","8060.0","348.7171684433193"
"213","213","0","8062.0","348.71716844332303"
"213","213","0","8064.0","348.7171684433264"
"213","213","0","8066.0","348.7171684433288"
"213","213","0","8068.0","348.7171684433279"
"213","213","0","8070.0","348.7171684433224"
"213","213","0","8072.0","348.71716844332815"
"213","213","0","8074.0","348.7171684433286"
"213","213","0","8076.0","348.71716844332724"
"213","213","0","8078.0","348.71716844332553"
"213","213","0","8080.0","348.7171684433258"
"213","213","0","8082.0","348.71716844332656"
"213","213","0","8084.0","348.71716844332553"
"213","213","0","8086.0","348.71716844331894"
"213","213","0","8088.0","348.7171684433121"
"213","213","0","8090.0","348.7171684433082"
"213","213","0","8092.0","348.71716844330814"
"213","213","0","8094.0","348.71716844331496"
"213","213","0","8096.0","348.7171684433154"
"213","213","0","8098.0","348.71716844331627"
"213","213","0","8100.0","348.71716844331684"
"213","213","0","8102.0","348.7171684433106"
"213","213","0","8104.0","348.71716844331337"
"213","213","0","8106.0","348.71716844330854"
"213","213","0","8108.0","348.71716844331223"
"213","213","0","8110.0","348.717168443314"
"213","213","0","8112.0","348.7171684433092"
"213","213","0","8114.0","348.71716844330655"
"213","213","0","8116.0","348.7171684433065"
"213","213","0","8118.0","348.71716844330075"
"213","213","0","8120.0","348.71716844330996"
"213","213","0","8122.0","348.7171684433136"
"213","213","0","8124.0","348.7171684433113"
"213","213","0","8126.0","348.71716844331104"
"213","213","0","8128.0","348.71716844330683"
"213","213","0","8130.0","348.71716844330825"
"213","213","0","8132.0","348.7171684433095"
"213","213","0","8134.0","348.7171684433087"
"213","213","0","8136.0","348.71716844331496"
"213","213","0","8138.0","348.7171684433116"
"213","213","0","8140.0","348.717168443316"
"213","213","0","8142.0","348.7171684433157"
"213","213","0","8144.0","348.7171684433154"
"213","213","0","8146.0","348.71716844332167"
"213","213","0","8148.0","348.71716844332633"
"213","213","0","8150.0","348.7171684433277"
"213","213","0","8152.0","348.7171684433272"
"213","213","0","8154.0","348.71716844333105"
"213","213","0","8156.0","348.71716844333076"
"213","213","0","8158.0","348.71716844333474"
"213","213","0","8160.0","348.7171684433366"
"213","213","0","8162.0","348.7171684433436"
"213","213","0","8164.0","348.71716844334213"
"213","213","0","8166.0","348.71716844334077"
"213","213","0","8168.0","348.71716844334196"
"213","213","0","8170.0","348.71716844334367"
"213","213","0","8172.0","348.71716844334424"
"213","213","0","8174.0","348.7171684433484"
"213","213","0","8176.0","348.7171684433441"
"213","213","0","8178.0","348.7171684433395"
"213","213","0","8180.0","348.71716844333815"
"213","213","0","8182.0","348.71716844333827"
"213","213","0","8184.0","348.71716844334384"
"213","213","0","8186.0","348.7171684433454"
"213","213","0","8188.0","348.71716844334117"
"213","213","0","8190.0","348.71716844334776"
"213","213","0","8192.0","348.7171684433439"
"213","213","0","8194.0","348.717168443344"
"213","213","0","8196.0","348.71716844334486"
"213","213","0","8198.0","348.71716844334867"
"213","213","0","8200.0","348.7171684433431"
"213","213","0","8202.0","348.71716844334253"
"213","213","0","8204.0","348.7171684433441"
"213","213","0","8206.0","348.7171684433417"
"213","213","0","8208.0","348.7171684433392"
"213","213","0","8210.0","348.71716844334486"
"213","213","0","8212.0","348.7171684433466"
"213","213","0","8214.0","348.7171684433481"
"213","213","0","8216.0","348.7171684433502"
"213","213","0","8218.0","348.7171684433554"
"213","213","0","8220.0","348.71716844335634"
"213","213","0","8222.0","348.7171684433563"
"213","213","0","8224.0","348.71716844335737"
"213","213","0","8226.0","348.7171684433622"
"213","213","0","8228.0","348.717168443363"
"213","213","0","8230.0","348.7171684433668"
"213","213","0","8232.0","348.71716844336953"
"213","213","0","8234.0","348.7171684433714"
"213","213","0","8236.0","348.71716844337067"
"213","213","0","8238.0","348.7171684433682"
"213","213","0","8240.0","348.71716844337305"
"213","213","0","8242.0","348.7171684433703"
"213","213","0","8244.0","348.7171684433714"
"213","213","0","8246.0","348.71716844336964"
"213","213","0","8248.0","348.7171684433709"
"213","213","0","8250.0","348.71716844337345"
"213","213","0","8252.0","348.71716844337396"
"213","213","0","8254.0","348.717168443377"
"213","213","0","8256.0","348.7171684433778"
"213","213","0","8258.0","348.7171684433768"
"213","213","0","8260.0","348.71716844337936"
"213","213","0","8262.0","348.71716844337925"
"213","213","0","8264.0","348.71716844338187"
"213","213","0","8266.0","348.7171684433828"
"213","213","0","8268.0","348.71716844338175"
"213","213","0","8270.0","348.7171684433821"
"213","213","0","8272.0","348.7171684433879"
"213","213","0","8274.0","348.71716844338886"
"213","213","0","8276.0","348.71716844339153"
"213","213","0","8278.0","348.71716844339505"
"213","213","0","8280.0","348.7171684433918"
"213","213","0","8282.0","348.7171684433945"
"213","213","0","8284.0","348.7171684433938"
"213","213","0","8286.0","348.71716844338965"
"213","213","0","8288.0","348.7171684433912"
"213","213","0","8290.0","348.71716844339016"
"213","213","0","8292.0","348.71716844338323"
"213","213","0","8294.0","348.717168443379"
"213","213","0","8296.0","348.7171684433839"
"213","213","0","8298.0","348.71716844338414"
"213","213","0","8300.0","348.7171684433822"
"213","213","0","8302.0","348.7171684433765"
"213","213","0","8304.0","348.7171684433786"
"213","213","0","8306.0","348.7171684433788"
"213","213","0","8308.0","348.71716844337794"
"213","213","0","8310.0","348.71716844337544"
"213","213","0","8312.0","348.71716844337016"
"213","213","0","8314.0","348.71716844336856"
"213","213","0","8316.0","348.71716844337095"
"213","213","0","8318.0","348.71716844336913"
"213","213","0","8320.0","348.71716844337146"
"213","213","0","8322.0","348.71716844337544"
"213","213","0","8324.0","348.7171684433742"
"213","213","0","8326.0","348.7171684433746"
"213","213","0","8328.0","348.7171684433783"
"213","213","0","8330.0","348.71716844337914"
"213","213","0","8332.0","348.71716844338"
"213","213","0","8334.0","348.71716844338107"
"213","213","0","8336.0","348.71716844337556"
"213","213","0","8338.0","348.7171684433775"
"213","213","0","8340.0","348.71716844337965"
"213","213","0","8342.0","348.7171684433796"
"213","213","0","8344.0","348.717168443377"
"213","213","0","8346.0","348.7171684433794"
"213","213","0","8348.0","348.7171684433796"
"213","213","0","8350.0","348.7171684433762"
"213","213","0","8352.0","348.71716844337175"
"213","213","0","8354.0","348.717168443366"
"213","213","0","8356.0","348.71716844336896"
"213","213","0","8358.0","348.7171684433663"
"213","213","0","8360.0","348.7171684433629"
"213","213","0","8362.0","348.7171684433632"
"213","213","0","8364.0","348.717168443358"
"213","213","0","8366.0","348.71716844335594"
"213","213","0","8368.0","348.7171684433533"
"213","213","0","8370.0","348.7171684433546"
"213","213","0","8372.0","348.71716844335435"
"213","213","0","8374.0","348.7171684433567"
"213","213","0","8376.0","348.7171684433579"
"213","213","0","8378.0","348.717168443356"
"213","213","0","8380.0","348.7171684433597"
"213","213","0","8382.0","348.71716844335447"
"213","213","0","8384.0","348.7171684433554"
"213","213","0","8386.0","348.717168443358"
"213","213","0","8388.0","348.71716844335674"
"213","213","0","8390.0","348.71716844335583"
"213","213","0","8392.0","348.71716844336265"
"213","213","0","8394.0","348.7171684433654"
"213","213","0","8396.0","348.7171684433663"
"213","213","0","8398.0","348.7171684433692"
"213","213","0","8400.0","348.71716844336794"
"213","213","0","8402.0","348.7171684433679"
"213","213","0","8404.0","348.71716844336834"
"213","213","0","8406.0","348.7171684433733"
"213","213","0","8408.0","348.717168443372"
"213","213","0","8410.0","348.717168443374"
"213","213","0","8412.0","348.7171684433682"
"213","213","0","8414.0","348.71716844337067"
"213","213","0","8416.0","348.71716844337044"
"213","213","0","8418.0","348.7171684433687"
"213","213","0","8420.0","348.7171684433714"
"213","213","0","8422.0","348.7171684433735"
"213","213","0","8424.0","348.7171684433777"
"213","213","0","8426.0","348.71716844338187"
"213","213","0","8428.0","348.7171684433803"
"213","213","0","8430.0","348.71716844338084"
"213","213","0","8432.0","348.71716844338624"
"213","213","0","8434.0","348.7171684433901"
"213","213","0","8436.0","348.7171684433927"
"213","213","0","8438.0","348.71716844339534"
"213","213","0","8440.0","348.7171684433941"
"213","213","0","8442.0","348.7171684433929"
"213","213","0","8444.0","348.71716844339267"
"213","213","0","8446.0","348.7171684433913"
"213","213","0","8448.0","348.717168443389"
"213","213","0","8450.0","348.7171684433882"
"213","213","0","8452.0","348.71716844338687"
"213","213","0","8454.0","348.71716844338846"
"213","213","0","8456.0","348.71716844338425"
"213","213","0","8458.0","348.71716844338295"
"213","213","0","8460.0","348.71716844338243"
"213","213","0","8462.0","348.7171684433813"
"213","213","0","8464.0","348.71716844337806"
"213","213","0","8466.0","348.71716844337834"
"213","213","0","8468.0","348.7171684433782"
"213","213","0","8470.0","348.7171684433738"
"213","213","0","8472.0","348.71716844337226"
"213","213","0","8474.0","348.7171684433711"
"213","213","0","8476.0","348.7171684433732"
"213","213","0","8478.0","348.71716844337374"
"213","213","0","8480.0","348.7171684433759"
"213","213","0","8482.0","348.7171684433753"
"213","213","0","8484.0","348.71716844337635"
"213","213","0","8486.0","348.7171684433762"
"213","213","0","8488.0","348.7171684433735"
"213","213","0","8490.0","348.71716844337703"
"213","213","0","8492.0","348.71716844337914"
"213","213","0","8494.0","348.7171684433733"
"213","213","0","8496.0","348.71716844337453"
"213","213","0","8498.0","348.71716844337266"
"213","213","0","8500.0","348.7171684433714"
"213","213","0","8502.0","348.7171684433746"
"213","213","0","8504.0","348.71716844337584"
"213","213","0","8506.0","348.7171684433779"
"213","213","0","8508.0","348.71716844337436"
"213","213","0","8510.0","348.7171684433741"
"213","213","0","8512.0","348.71716844337254"
"213","213","0","8514.0","348.7171684433691"
"213","213","0","8516.0","348.7171684433665"
"213","213","0","8518.0","348.71716844336413"
"213","213","0","8520.0","348.717168443368"
"213","213","0","8522.0","348.717168443366"
"213","213","0","8524.0","348.7171684433678"
"213","213","0","8526.0","348.71716844336413"
"213","213","0","8528.0","348.71716844336765"
"213","213","0","8530.0","348.7171684433706"
"213","213","0","8532.0","348.71716844336925"
"213","213","0","8534.0","348.7171684433668"
"213","213","0","8536.0","348.717168443368"
"213","213","0","8538.0","348.71716844336777"
"213","213","0","8540.0","348.7171684433668"
"213","213","0","8542.0","348.7171684433655"
"213","213","0","8544.0","348.717168443367"
"213","213","0","8546.0","348.71716844336436"
"213","213","0","8548.0","348.7171684433652"
"213","213","0","8550.0","348.71716844336623"
"213","213","0","8552.0","348.71716844336385"
"213","213","0","8554.0","348.7171684433655"
"213","213","0","8556.0","348.7171684433702"
"213","213","0","8558.0","348.7171684433739"
"213","213","0","8560.0","348.7171684433727"
"213","213","0","8562.0","348.71716844337254"
"213","213","0","8564.0","348.71716844337317"
"213","213","0","8566.0","348.71716844337266"
"213","213","0","8568.0","348.71716844337016"
"213","213","0","8570.0","348.71716844337095"
"213","213","0","8572.0","348.71716844337357"
"213","213","0","8574.0","348.7171684433738"
"213","213","0","8576.0","348.7171684433782"
"213","213","0","8578.0","348.71716844338033"
"213","213","0","8580.0","348.71716844338266"
"213","213","0","8582.0","348.7171684433836"
"213","213","0","8584.0","348.71716844338187"
"213","213","0","8586.0","348.7171684433828"
"213","213","0","8588.0","348.71716844338073"
"213","213","0","8590.0","348.71716844338164"
"213","213","0","8592.0","348.71716844337914"
"213","213","0","8594.0","348.7171684433776"
"213","213","0","8596.0","348.7171684433777"
"213","213","0","8598.0","348.7171684433776"
"213","213","0","8600.0","348.71716844337715"
"213","213","0","8602.0","348.7171684433758"
"213","213","0","8604.0","348.7171684433788"
"213","213","0","8606.0","348.71716844337834"
"213","213","0","8608.0","348.71716844337624"
"213","213","0","8610.0","348.71716844337533"
"213","213","0","8612.0","348.7171684433748"
"213","213","0","8614.0","348.71716844337925"
"213","213","0","8616.0","348.7171684433776"
"213","213","0","8618.0","348.71716844337686"
"213","213","0","8620.0","348.7171684433747"
"213","213","0","8622.0","348.71716844337374"
"213","213","0","8624.0","348.71716844337374"
"213","213","0","8626.0","348.71716844337095"
"213","213","0","8628.0","348.71716844336663"
"213","213","0","8630.0","348.7171684433653"
"213","213","0","8632.0","348.71716844336686"
"213","213","0","8634.0","348.7171684433658"
"213","213","0","8636.0","348.7171684433658"
"213","213","0","8638.0","348.7171684433676"
"213","213","0","8640.0","348.7171684433639"
"213","213","0","8642.0","348.7171684433631"
"213","213","0","8644.0","348.7171684433599"
"213","213","0","8646.0","348.7171684433633"
"213","213","0","8648.0","348.71716844336294"
"213","213","0","8650.0","348.71716844336265"
"213","213","0","8652.0","348.7171684433586"
"213","213","0","8654.0","348.7171684433594"
"213","213","0","8656.0","348.71716844335987"
"213","213","0","8658.0","348.7171684433582"
"213","213","0","8660.0","348.7171684433565"
"213","213","0","8662.0","348.7171684433613"
"213","213","0","8664.0","348.71716844336026"
"213","213","0","8666.0","348.71716844335896"
"213","213","0","8668.0","348.7171684433574"
"213","213","0","8670.0","348.7171684433593"
"213","213","0","8672.0","348.7171684433608"
"213","213","0","8674.0","348.71716844335873"
"213","213","0","8676.0","348.7171684433611"
"213","213","0","8678.0","348.7171684433609"
"213","213","0","8680.0","348.71716844336333"
"213","213","0","8682.0","348.71716844336333"
"213","213","0","8684.0","348.717168443363"
"213","213","0","8686.0","348.71716844336055"
"213","213","0","8688.0","348.7171684433581"
"213","213","0","8690.0","348.7171684433598"
"213","213","0","8692.0","348.71716844335856"
"213","213","0","8694.0","348.71716844335623"
"213","213","0","8696.0","348.717168443355"
"213","213","0","8698.0","348.7171684433509"
"213","213","0","8700.0","348.7171684433532"
"213","213","0","8702.0","348.7171684433532"
"213","213","0","8704.0","348.71716844335174"
"213","213","0","8706.0","348.7171684433526"
"213","213","0","8708.0","348.7171684433535"
"213","213","0","8710.0","348.7171684433504"
"213","213","0","8712.0","348.71716844335344"
"213","213","0","8714.0","348.71716844335214"
"213","213","0","8716.0","348.71716844335174"
"213","213","0","8718.0","348.71716844335316"
"213","213","0","8720.0","348.71716844335407"
"213","213","0","8722.0","348.71716844335396"
"213","213","0","8724.0","348.7171684433521"
"213","213","0","8726.0","348.71716844335384"
"213","213","0","8728.0","348.71716844334895"
"213","213","0","8730.0","348.71716844334736"
"213","213","0","8732.0","348.7171684433512"
"213","213","0","8734.0","348.7171684433529"
"213","213","0","8736.0","348.717168443351"
"213","213","0","8738.0","348.71716844335174"
"213","213","0","8740.0","348.7171684433538"
"213","213","0","8742.0","348.7171684433541"
"213","213","0","8744.0","348.7171684433564"
"213","213","0","8746.0","348.7171684433558"
"213","213","0","8748.0","348.71716844335657"
"213","213","0","8750.0","348.71716844335236"
"213","213","0","8752.0","348.71716844335185"
"213","213","0","8754.0","348.7171684433528"
"213","213","0","8756.0","348.717168443358"
"213","213","0","8758.0","348.71716844335657"
"213","213","0","8760.0","348.7171684433608"
"213","213","0","8762.0","348.7171684433585"
"213","213","0","8764.0","348.7171684433565"
"213","213","0","8766.0","348.717168443357"
"213","213","0","8768.0","348.7171684433571"
"213","213","0","8770.0","348.717168443359"
"213","213","0","8772.0","348.71716844336146"
"213","213","0","8774.0","348.71716844336146"
"213","213","0","8776.0","348.71716844335873"
"213","213","0","8778.0","348.71716844335987"
"213","213","0","8780.0","348.71716844336055"
"213","213","0","8782.0","348.7171684433588"
"213","213","0","8784.0","348.71716844336"
"213","213","0","8786.0","348.71716844336015"
"213","213","0","8788.0","348.7171684433595"
"213","213","0","8790.0","348.7171684433585"
"213","213","0","8792.0","348.71716844335674"
"213","213","0","8794.0","348.71716844335526"
"213","213","0","8796.0","348.7171684433567"
"213","213","0","8798.0","348.7171684433562"
"213","213","0","8800.0","348.7171684433556"
"213","213","0","8802.0","348.71716844335384"
"213","213","0","8804.0","348.7171684433541"
"213","213","0","8806.0","348.71716844335475"
"213","213","0","8808.0","348.7171684433594"
"213","213","0","8810.0","348.7171684433583"
"213","213","0","8812.0","348.7171684433595"
"213","213","0","8814.0","348.71716844336004"
"213","213","0","8816.0","348.7171684433621"
"213","213","0","8818.0","348.7171684433624"
"213","213","0","8820.0","348.71716844336504"
"213","213","0","8822.0","348.71716844336777"
"213","213","0","8824.0","348.7171684433679"
"213","213","0","8826.0","348.71716844336817"
"213","213","0","8828.0","348.7171684433682"
"213","213","0","8830.0","348.7171684433699"
"213","213","0","8832.0","348.71716844336936"
"213","213","0","8834.0","348.71716844337277"
"213","213","0","8836.0","348.7171684433729"
"213","213","0","8838.0","348.717168443372"
"213","213","0","8840.0","348.7171684433694"
"213","213","0","8842.0","348.71716844336646"
"213","213","0","8844.0","348.71716844336527"
"213","213","0","8846.0","348.71716844336225"
"213","213","0","8848.0","348.71716844336305"
"213","213","0","8850.0","348.7171684433607"
"213","213","0","8852.0","348.7171684433594"
"213","213","0","8854.0","348.7171684433614"
"213","213","0","8856.0","348.71716844336373"
"213","213","0","8858.0","348.71716844336487"
"213","213","0","8860.0","348.71716844336567"
"213","213","0","8862.0","348.7171684433658"
"213","213","0","8864.0","348.7171684433677"
"213","213","0","8866.0","348.717168443368"
"213","213","0","8868.0","348.71716844336845"
"213","213","0","8870.0","348.7171684433689"
"213","213","0","8872.0","348.7171684433658"
"213","213","0","8874.0","348.71716844336544"
"213","213","0","8876.0","348.7171684433665"
"213","213","0","8878.0","348.7171684433658"
"213","213","0","8880.0","348.7171684433655"
"213","213","0","8882.0","348.7171684433632"
"213","213","0","8884.0","348.7171684433644"
"213","213","0","8886.0","348.71716844336584"
"213","213","0","8888.0","348.7171684433645"
"213","213","0","8890.0","348.7171684433648"
"213","213","0","8892.0","348.7171684433654"
"213","213","0","8894.0","348.71716844336413"
"213","213","0","8896.0","348.7171684433629"
"213","213","0","8898.0","348.7171684433618"
"213","213","0","8900.0","348.7171684433616"
"213","213","0","8902.0","348.71716844335987"
"213","213","0","8904.0","348.7171684433607"
"213","213","0","8906.0","348.71716844336123"
"213","213","0","8908.0","348.7171684433611"
"213","213","0","8910.0","348.7171684433601"
"213","213","0","8912.0","348.71716844336197"
"213","213","0","8914.0","348.7171684433621"
"213","213","0","8916.0","348.7171684433602"
"213","213","0","8918.0","348.7171684433599"
"213","213","0","8920.0","348.71716844335697"
"213","213","0","8922.0","348.71716844335936"
"213","213","0","8924.0","348.7171684433583"
"213","213","0","8926.0","348.7171684433564"
"213","213","0","8928.0","348.71716844335714"
"213","213","0","8930.0","348.7171684433576"
"213","213","0","8932.0","348.71716844335526"
"213","213","0","8934.0","348.7171684433559"
"213","213","0","8936.0","348.7171684433563"
"213","213","0","8938.0","348.7171684433573"
"213","213","0","8940.0","348.7171684433582"
"213","213","0","8942.0","348.7171684433585"
"213","213","0","8944.0","348.71716844335845"
"213","213","0","8946.0","348.7171684433589"
"213","213","0","8948.0","348.7171684433596"
"213","213","0","8950.0","348.71716844335765"
"213","213","0","8952.0","348.7171684433544"
"213","213","0","8954.0","348.7171684433548"
"213","213","0","8956.0","348.71716844335515"
"213","213","0","8958.0","348.71716844335407"
"213","213","0","8960.0","348.7171684433545"
"213","213","0","8962.0","348.71716844335145"
"213","213","0","8964.0","348.7171684433519"
"213","213","0","8966.0","348.717168443354"
"213","213","0","8968.0","348.71716844335594"
"213","213","0","8970.0","348.7171684433565"
"213","213","0","8972.0","348.7171684433561"
"213","213","0","8974.0","348.71716844335555"
"213","213","0","8976.0","348.7171684433524"
"213","213","0","8978.0","348.71716844335526"
"213","213","0","8980.0","348.717168443352"
"213","213","0","8982.0","348.71716844335066"
"213","213","0","8984.0","348.71716844334986"
"213","213","0","8986.0","348.7171684433489"
"213","213","0","8988.0","348.7171684433489"
"213","213","0","8990.0","348.71716844334856"
"213","213","0","8992.0","348.7171684433497"
"213","213","0","8994.0","348.7171684433498"
"213","213","0","8996.0","348.7171684433499"
"213","213","0","8998.0","348.7171684433526"
"213","213","0","9000.0","348.7171684433536"
"213","213","0","9002.0","348.71716844335435"
"213","213","0","9004.0","348.7171684433556"
"213","213","0","9006.0","348.7171684433573"
"213","213","0","9008.0","348.71716844335833"
"213","213","0","9010.0","348.71716844335964"
"213","213","0","9012.0","348.7171684433618"
"213","213","0","9014.0","348.7171684433613"
"213","213","0","9016.0","348.71716844336015"
"213","213","0","9018.0","348.7171684433599"
"213","213","0","9020.0","348.71716844336026"
"213","213","0","9022.0","348.71716844336015"
"213","213","0","9024.0","348.7171684433593"
"213","213","0","9026.0","348.71716844336055"
"213","213","0","9028.0","348.7171684433605"
"213","213","0","9030.0","348.7171684433634"
"213","213","0","9032.0","348.71716844336527"
"213","213","0","9034.0","348.71716844336504"
"213","213","0","9036.0","348.7171684433627"
"213","213","0","9038.0","348.7171684433649"
"213","213","0","9040.0","348.71716844336635"
"213","213","0","9042.0","348.71716844336476"
"213","213","0","9044.0","348.7171684433638"
"213","213","0","9046.0","348.71716844336316"
"213","213","0","9048.0","348.7171684433648"
"213","213","0","9050.0","348.7171684433663"
"213","213","0","9052.0","348.71716844336885"
"213","213","0","9054.0","348.71716844336925"
"213","213","0","9056.0","348.7171684433689"
"213","213","0","9058.0","348.717168443368"
"213","213","0","9060.0","348.71716844336845"
"213","213","0","9062.0","348.7171684433696"
"213","213","0","9064.0","348.71716844337095"
"213","213","0","9066.0","348.71716844337175"
"213","213","0","9068.0","348.7171684433705"
"213","213","0","9070.0","348.7171684433694"
"213","213","0","9072.0","348.717168443371"
"213","213","0","9074.0","348.71716844337215"
"213","213","0","9076.0","348.7171684433705"
"213","213","0","9078.0","348.7171684433693"
"213","213","0","9080.0","348.71716844337107"
"213","213","0","9082.0","348.71716844336964"
"213","213","0","9084.0","348.7171684433697"
"213","213","0","9086.0","348.71716844336834"
"213","213","0","9088.0","348.7171684433671"
"213","213","0","9090.0","348.71716844336845"
"213","213","0","9092.0","348.71716844336703"
"213","213","0","9094.0","348.7171684433685"
"213","213","0","9096.0","348.71716844337055"
"213","213","0","9098.0","348.7171684433701"
"213","213","0","9100.0","348.71716844337146"
"213","213","0","9102.0","348.71716844337146"
"213","213","0","9104.0","348.7171684433717"
"213","213","0","9106.0","348.71716844337163"
"213","213","0","9108.0","348.71716844337203"
"213","213","0","9110.0","348.7171684433729"
"213","213","0","9112.0","348.7171684433756"
"213","213","0","9114.0","348.71716844337664"
"213","213","0","9116.0","348.7171684433766"
"213","213","0","9118.0","348.71716844337965"
"213","213","0","9120.0","348.7171684433787"
"213","213","0","9122.0","348.7171684433788"
"213","213","0","9124.0","348.71716844337885"
"213","213","0","9126.0","348.71716844337845"
"213","213","0","9128.0","348.7171684433762"
"213","213","0","9130.0","348.7171684433752"
"213","213","0","9132.0","348.7171684433757"
"213","213","0","9134.0","348.71716844337465"
"213","213","0","9136.0","348.71716844337493"
"213","213","0","9138.0","348.71716844337396"
"213","213","0","9140.0","348.71716844337203"
"213","213","0","9142.0","348.7171684433744"
"213","213","0","9144.0","348.71716844337453"
"213","213","0","9146.0","348.717168443376"
"213","213","0","9148.0","348.71716844337715"
"213","213","0","9150.0","348.7171684433764"
"213","213","0","9152.0","348.7171684433767"
"213","213","0","9154.0","348.717168443379"
"213","213","0","9156.0","348.7171684433778"
"213","213","0","9158.0","348.7171684433766"
"213","213","0","9160.0","348.7171684433769"
"213","213","0","9162.0","348.7171684433762"
"213","213","0","9164.0","348.71716844337794"
"213","213","0","9166.0","348.7171684433782"
"213","213","0","9168.0","348.717168443378"
"213","213","0","9170.0","348.71716844337794"
"213","213","0","9172.0","348.71716844337953"
"213","213","0","9174.0","348.71716844337936"
"213","213","0","9176.0","348.7171684433791"
"213","213","0","9178.0","348.7171684433795"
"213","213","0","9180.0","348.71716844338147"
"213","213","0","9182.0","348.7171684433814"
"213","213","0","9184.0","348.7171684433804"
"213","213","0","9186.0","348.71716844338204"
"213","213","0","9188.0","348.7171684433826"
"213","213","0","9190.0","348.71716844338096"
"213","213","0","9192.0","348.7171684433821"
"213","213","0","9194.0","348.71716844338135"
"213","213","0","9196.0","348.71716844338204"
"213","213","0","9198.0","348.7171684433837"
"213","213","0","9200.0","348.7171684433823"
"213","213","0","9202.0","348.717168443382"
"213","213","0","9204.0","348.7171684433839"
"213","213","0","9206.0","348.71716844338334"
"213","213","0","9208.0","348.71716844338385"
"213","213","0","9210.0","348.7171684433847"
"213","213","0","9212.0","348.71716844338476"
"213","213","0","9214.0","348.7171684433846"
"213","213","0","9216.0","348.71716844338425"
"213","213","0","9218.0","348.7171684433827"
"213","213","0","9220.0","348.71716844338414"
"213","213","0","9222.0","348.7171684433831"
"213","213","0","9224.0","348.7171684433838"
"213","213","0","9226.0","348.71716844338346"
"213","213","0","9228.0","348.7171684433834"
"213","213","0","9230.0","348.717168443385"
"213","213","0","9232.0","348.71716844338556"
"213","213","0","9234.0","348.7171684433856"
"213","213","0","9236.0","348.71716844338556"
"213","213","0","9238.0","348.71716844338573"
"213","213","0","9240.0","348.71716844338727"
"213","213","0","9242.0","348.717168443389"
"213","213","0","9244.0","348.7171684433895"
"213","213","0","9246.0","348.71716844338914"
"213","213","0","9248.0","348.71716844338937"
"213","213","0","9250.0","348.71716844338914"
"213","213","0","9252.0","348.7171684433895"
"213","213","0","9254.0","348.71716844339056"
"213","213","0","9256.0","348.71716844339124"
"213","213","0","9258.0","348.717168443389"
"213","213","0","9260.0","348.71716844338954"
"213","213","0","9262.0","348.7171684433898"
"213","213","0","9264.0","348.71716844339"
"213","213","0","9266.0","348.71716844338926"
"213","213","0","9268.0","348.71716844339016"
"213","213","0","9270.0","348.7171684433904"
"213","213","0","9272.0","348.71716844339073"
"213","213","0","9274.0","348.71716844339204"
"213","213","0","9276.0","348.71716844339215"
"213","213","0","9278.0","348.71716844339244"
"213","213","0","9280.0","348.71716844339244"
"213","213","0","9282.0","348.7171684433939"
"213","213","0","9284.0","348.7171684433945"
"213","213","0","9286.0","348.7171684433943"
"213","213","0","9288.0","348.71716844339375"
"213","213","0","9290.0","348.7171684433916"
"213","213","0","9292.0","348.7171684433912"
"213","213","0","9294.0","348.7171684433908"
"213","213","0","9296.0","348.71716844339227"
"213","213","0","9298.0","348.71716844339494"
"213","213","0","9300.0","348.71716844339505"
"213","213","0","9302.0","348.7171684433947"
"213","213","0","9304.0","348.71716844339505"
"213","213","0","9306.0","348.7171684433938"
"213","213","0","9308.0","348.7171684433951"
"213","213","0","9310.0","348.717168443393"
"213","213","0","9312.0","348.71716844339403"
"213","213","0","9314.0","348.7171684433941"
"213","213","0","9316.0","348.7171684433938"
"213","213","0","9318.0","348.717168443395"
"213","213","0","9320.0","348.7171684433951"
"213","213","0","9322.0","348.71716844339494"
"213","213","0","9324.0","348.71716844339574"
"213","213","0","9326.0","348.7171684433976"
"213","213","0","9328.0","348.7171684433974"
"213","213","0","9330.0","348.71716844339784"
"213","213","0","9332.0","348.7171684433971"
"213","213","0","9334.0","348.7171684433972"
"213","213","0","9336.0","348.7171684433971"
"213","213","0","9338.0","348.7171684433974"
"213","213","0","9340.0","348.717168443396"
"213","213","0","9342.0","348.7171684433964"
"213","213","0","9344.0","348.71716844339676"
"213","213","0","9346.0","348.71716844339676"
"213","213","0","9348.0","348.71716844339704"
"213","213","0","9350.0","348.7171684433965"
"213","213","0","9352.0","348.71716844339574"
"213","213","0","9354.0","348.7171684433955"
"213","213","0","9356.0","348.7171684433973"
"213","213","0","9358.0","348.7171684433962"
"213","213","0","9360.0","348.71716844339716"
"213","213","0","9362.0","348.7171684433972"
"213","213","0","9364.0","348.717168443398"
"213","213","0","9366.0","348.71716844339795"
"213","213","0","9368.0","348.71716844339716"
"213","213","0","9370.0","348.71716844339574"
"213","213","0","9372.0","348.71716844339613"
"213","213","0","9374.0","348.7171684433971"
"213","213","0","9376.0","348.7171684433988"
"213","213","0","9378.0","348.71716844340017"
"213","213","0","9380.0","348.7171684434021"
"213","213","0","9382.0","348.71716844340096"
"213","213","0","9384.0","348.7171684434011"
"213","213","0","9386.0","348.7171684434007"
"213","213","0","9388.0","348.7171684433999"
"213","213","0","9390.0","348.7171684434014"
"213","213","0","9392.0","348.7171684434023"
"213","213","0","9394.0","348.7171684434025"
"213","213","0","9396.0","348.7171684434035"
"213","213","0","9398.0","348.71716844340426"
"213","213","0","9400.0","348.71716844340455"
"213","213","0","9402.0","348.7171684434051"
"213","213","0","9404.0","348.7171684434053"
"213","213","0","9406.0","348.7171684434041"
"213","213","0","9408.0","348.7171684434039"
"213","213","0","9410.0","348.717168443403"
"213","213","0","9412.0","348.71716844340216"
"213","213","0","9414.0","348.7171684434017"
"213","213","0","9416.0","348.7171684434018"
"213","213","0","9418.0","348.7171684433999"
"213","213","0","9420.0","348.7171684434005"
"213","213","0","9422.0","348.71716844340233"
"213","213","0","9424.0","348.7171684434011"
"213","213","0","9426.0","348.7171684434013"
"213","213","0","9428.0","348.7171684434012"
"213","213","0","9430.0","348.717168443402"
"213","213","0","9432.0","348.71716844340096"
"213","213","0","9434.0","348.7171684433997"
"213","213","0","9436.0","348.71716844339977"
"213","213","0","9438.0","348.7171684434015"
"213","213","0","9440.0","348.7171684434015"
"213","213","0","9442.0","348.7171684434014"
"213","213","0","9444.0","348.7171684434018"
"213","213","0","9446.0","348.71716844340045"
"213","213","0","9448.0","348.71716844340085"
"213","213","0","9450.0","348.7171684434001"
"213","213","0","9452.0","348.7171684434004"
"213","213","0","9454.0","348.71716844340114"
"213","213","0","9456.0","348.7171684434019"
"213","213","0","9458.0","348.7171684434031"
"213","213","0","9460.0","348.7171684434027"
"213","213","0","9462.0","348.717168443402"
"213","213","0","9464.0","348.71716844340347"
"213","213","0","9466.0","348.7171684434016"
"213","213","0","9468.0","348.71716844340057"
"213","213","0","9470.0","348.71716844339875"
"213","213","0","9472.0","348.71716844339755"
"213","213","0","9474.0","348.71716844339886"
"213","213","0","9476.0","348.71716844339977"
"213","213","0","9478.0","348.71716844340034"
"213","213","0","9480.0","348.7171684434009"
"213","213","0","9482.0","348.7171684434017"
"213","213","0","9484.0","348.7171684434006"
"213","213","0","9486.0","348.717168443401"
"213","213","0","9488.0","348.7171684434014"
"213","213","0","9490.0","348.71716844340256"
"213","213","0","9492.0","348.7171684434028"
"213","213","0","9494.0","348.71716844340216"
"213","213","0","9496.0","348.7171684434019"
"213","213","0","9498.0","348.7171684434023"
"213","213","0","9500.0","348.71716844340153"
"213","213","0","9502.0","348.71716844340176"
"213","213","0","9504.0","348.71716844340193"
"213","213","0","9506.0","348.717168443402"
"213","213","0","9508.0","348.7171684434031"
"213","213","0","9510.0","348.7171684434029"
"213","213","0","9512.0","348.71716844340244"
"213","213","0","9514.0","348.7171684434027"
"213","213","0","9516.0","348.7171684434013"
"213","213","0","9518.0","348.7171684434026"
"213","213","0","9520.0","348.717168443403"
"213","213","0","9522.0","348.71716844340375"
"213","213","0","9524.0","348.7171684434021"
"213","213","0","9526.0","348.71716844340324"
"213","213","0","9528.0","348.7171684434037"
"213","213","0","9530.0","348.7171684434031"
"213","213","0","9532.0","348.7171684434021"
"213","213","0","9534.0","348.7171684434025"
"213","213","0","9536.0","348.71716844340193"
"213","213","0","9538.0","348.7171684434018"
"213","213","0","9540.0","348.7171684434021"
"213","213","0","9542.0","348.71716844340284"
"213","213","0","9544.0","348.71716844340307"
"213","213","0","9546.0","348.7171684434041"
"213","213","0","9548.0","348.71716844340574"
"213","213","0","9550.0","348.7171684434061"
"213","213","0","9552.0","348.71716844340494"
"213","213","0","9554.0","348.71716844340386"
"213","213","0","9556.0","348.71716844340466"
"213","213","0","9558.0","348.7171684434067"
"213","213","0","9560.0","348.7171684434065"
"213","213","0","9562.0","348.7171684434059"
"213","213","0","9564.0","348.7171684434065"
"213","213","0","9566.0","348.71716844340654"
"213","213","0","9568.0","348.71716844340597"
"213","213","0","9570.0","348.71716844340705"
"213","213","0","9572.0","348.71716844340716"
"213","213","0","9574.0","348.71716844340654"
"213","213","0","9576.0","348.71716844340654"
"213","213","0","9578.0","348.7171684434064"
"213","213","0","9580.0","348.71716844340574"
"213","213","0","9582.0","348.7171684434057"
"213","213","0","9584.0","348.71716844340494"
"213","213","0","9586.0","348.717168443406"
"213","213","0","9588.0","348.7171684434066"
"213","213","0","9590.0","348.7171684434064"
"213","213","0","9592.0","348.7171684434064"
"213","213","0","9594.0","348.7171684434067"
"213","213","0","9596.0","348.71716844340654"
"213","213","0","9598.0","348.7171684434072"
"213","213","0","9600.0","348.71716844340665"
"213","213","0","9602.0","348.71716844340614"
"213","213","0","9604.0","348.7171684434069"
"213","213","0","9606.0","348.7171684434081"
"213","213","0","9608.0","348.7171684434084"
"213","213","0","9610.0","348.7171684434084"
"213","213","0","9612.0","348.7171684434086"
"213","213","0","9614.0","348.71716844341006"
"213","213","0","9616.0","348.7171684434097"
"213","213","0","9618.0","348.7171684434092"
"213","213","0","9620.0","348.71716844340926"
"213","213","0","9622.0","348.7171684434091"
"213","213","0","9624.0","348.7171684434081"
"213","213","0","9626.0","348.7171684434087"
"213","213","0","9628.0","348.7171684434074"
"213","213","0","9630.0","348.7171684434078"
"213","213","0","9632.0","348.7171684434071"
"213","213","0","9634.0","348.71716844340654"
"213","213","0","9636.0","348.7171684434083"
"213","213","0","9638.0","348.7171684434086"
"213","213","0","9640.0","348.7171684434083"
"213","213","0","9642.0","348.7171684434066"
"213","213","0","9644.0","348.71716844340614"
"213","213","0","9646.0","348.7171684434055"
"213","213","0","9648.0","348.717168443405"
"213","213","0","9650.0","348.7171684434062"
"213","213","0","9652.0","348.7171684434068"
"213","213","0","9654.0","348.7171684434072"
"213","213","0","9656.0","348.71716844340756"
"213","213","0","9658.0","348.71716844340773"
"213","213","0","9660.0","348.71716844340796"
"213","213","0","9662.0","348.71716844340835"
"213","213","0","9664.0","348.71716844340864"
"213","213","0","9666.0","348.7171684434079"
"213","213","0","9668.0","348.7171684434071"
"213","213","0","9670.0","348.7171684434075"
"213","213","0","9672.0","348.7171684434075"
"213","213","0","9674.0","348.717168443408"
"213","213","0","9676.0","348.7171684434072"
"213","213","0","9678.0","348.71716844340756"
"213","213","0","9680.0","348.7171684434066"
"213","213","0","9682.0","348.71716844340625"
"213","213","0","9684.0","348.71716844340665"
"213","213","0","9686.0","348.7171684434054"
"213","213","0","9688.0","348.71716844340534"
"213","213","0","9690.0","348.7171684434054"
"213","213","0","9692.0","348.7171684434055"
"213","213","0","9694.0","348.71716844340597"
"213","213","0","9696.0","348.71716844340585"
"213","213","0","9698.0","348.71716844340517"
"213","213","0","9700.0","348.71716844340415"
"213","213","0","9702.0","348.717168443405"
"213","213","0","9704.0","348.7171684434054"
"213","213","0","9706.0","348.71716844340466"
"213","213","0","9708.0","348.71716844340443"
"213","213","0","9710.0","348.7171684434036"
"213","213","0","9712.0","348.71716844340455"
"213","213","0","9714.0","348.71716844340443"
"213","213","0","9716.0","348.7171684434053"
"213","213","0","9718.0","348.71716844340483"
"213","213","0","9720.0","348.7171684434044"
"213","213","0","9722.0","348.71716844340466"
"213","213","0","9724.0","348.71716844340466"
"213","213","0","9726.0","348.71716844340403"
"213","213","0","9728.0","348.7171684434044"
"213","213","0","9730.0","348.71716844340426"
"213","213","0","9732.0","348.7171684434052"
"213","213","0","9734.0","348.71716844340494"
"213","213","0","9736.0","348.71716844340466"
"213","213","0","9738.0","348.7171684434042"
"213","213","0","9740.0","348.71716844340364"
"213","213","0","9742.0","348.7171684434046"
"213","213","0","9744.0","348.7171684434052"
"213","213","0","9746.0","348.71716844340585"
"213","213","0","9748.0","348.71716844340546"
"213","213","0","9750.0","348.7171684434051"
"213","213","0","9752.0","348.71716844340506"
"213","213","0","9754.0","348.7171684434039"
"213","213","0","9756.0","348.71716844340364"
"213","213","0","9758.0","348.7171684434037"
"213","213","0","9760.0","348.71716844340403"
"213","213","0","9762.0","348.7171684434047"
"213","213","0","9764.0","348.717168443404"
"213","213","0","9766.0","348.71716844340364"
"213","213","0","9768.0","348.7171684434027"
"213","213","0","9770.0","348.717168443402"
"213","213","0","9772.0","348.71716844340347"
"213","213","0","9774.0","348.717168443404"
"213","213","0","9776.0","348.7171684434038"
"213","213","0","9778.0","348.7171684434046"
"213","213","0","9780.0","348.7171684434041"
"213","213","0","9782.0","348.7171684434033"
"213","213","0","9784.0","348.7171684434021"
"213","213","0","9786.0","348.7171684434025"
"213","213","0","9788.0","348.71716844340256"
"213","213","0","9790.0","348.7171684434031"
"213","213","0","9792.0","348.71716844340307"
"213","213","0","9794.0","348.71716844340403"
"213","213","0","9796.0","348.7171684434043"
"213","213","0","9798.0","348.71716844340403"
"213","213","0","9800.0","348.7171684434039"
"213","213","0","9802.0","348.71716844340335"
"213","213","0","9804.0","348.7171684434035"
"213","213","0","9806.0","348.7171684434044"
"213","213","0","9808.0","348.7171684434037"
"213","213","0","9810.0","348.7171684434037"
"213","213","0","9812.0","348.7171684434033"
"213","213","0","9814.0","348.7171684434031"
"213","213","0","9816.0","348.71716844340233"
"213","213","0","9818.0","348.71716844340153"
"213","213","0","9820.0","348.71716844340233"
"213","213","0","9822.0","348.7171684434027"
"213","213","0","9824.0","348.7171684434023"
"213","213","0","9826.0","348.7171684434023"
"213","213","0","9828.0","348.71716844340307"
"213","213","0","9830.0","348.7171684434033"
"213","213","0","9832.0","348.71716844340415"
"213","213","0","9834.0","348.71716844340426"
"213","213","0","9836.0","348.7171684434041"
"213","213","0","9838.0","348.71716844340517"
"213","213","0","9840.0","348.71716844340614"
"213","213","0","9842.0","348.71716844340676"
"213","213","0","9844.0","348.71716844340625"
"213","213","0","9846.0","348.7171684434071"
"213","213","0","9848.0","348.71716844340676"
"213","213","0","9850.0","348.71716844340597"
"213","213","0","9852.0","348.71716844340597"
"213","213","0","9854.0","348.71716844340625"
"213","213","0","9856.0","348.7171684434059"
"213","213","0","9858.0","348.71716844340597"
"213","213","0","9860.0","348.7171684434051"
"213","213","0","9862.0","348.71716844340534"
"213","213","0","9864.0","348.7171684434056"
"213","213","0","9866.0","348.7171684434055"
"213","213","0","9868.0","348.71716844340546"
"213","213","0","9870.0","348.7171684434052"
"213","213","0","9872.0","348.7171684434049"
"213","213","0","9874.0","348.71716844340517"
"213","213","0","9876.0","348.7171684434066"
"213","213","0","9878.0","348.71716844340693"
"213","213","0","9880.0","348.71716844340676"
"213","213","0","9882.0","348.71716844340693"
"213","213","0","9884.0","348.7171684434073"
"213","213","0","9886.0","348.71716844340733"
"213","213","0","9888.0","348.7171684434076"
"213","213","0","9890.0","348.717168443408"
"213","213","0","9892.0","348.71716844340773"
"213","213","0","9894.0","348.7171684434072"
"213","213","0","9896.0","348.71716844340585"
"213","213","0","9898.0","348.7171684434064"
"213","213","0","9900.0","348.7171684434058"
"213","213","0","9902.0","348.71716844340534"
"213","213","0","9904.0","348.71716844340483"
"213","213","0","9906.0","348.71716844340443"
"213","213","0","9908.0","348.7171684434053"
"213","213","0","9910.0","348.7171684434054"
"213","213","0","9912.0","348.7171684434056"
"213","213","0","9914.0","348.7171684434064"
"213","213","0","9916.0","348.71716844340665"
"213","213","0","9918.0","348.7171684434061"
"213","213","0","9920.0","348.71716844340654"
"213","213","0","9922.0","348.71716844340614"
"213","213","0","9924.0","348.717168443407"
"213","213","0","9926.0","348.71716844340705"
"213","213","0","9928.0","348.71716844340824"
"213","213","0","9930.0","348.71716844340847"
"213","213","0","9932.0","348.7171684434081"
"213","213","0","9934.0","348.7171684434084"
"213","213","0","9936.0","348.71716844340835"
"213","213","0","9938.0","348.7171684434089"
"213","213","0","9940.0","348.7171684434085"
"213","213","0","9942.0","348.7171684434089"
"213","213","0","9944.0","348.717168443409"
"213","213","0","9946.0","348.7171684434094"
"213","213","0","9948.0","348.7171684434095"
"213","213","0","9950.0","348.7171684434092"
"213","213","0","9952.0","348.71716844340915"
"213","213","0","9954.0","348.7171684434099"
"213","213","0","9956.0","348.7171684434094"
"213","213","0","9958.0","348.7171684434088"
"213","213","0","9960.0","348.7171684434094"
"213","213","0","9962.0","348.7171684434099"
"213","213","0","9964.0","348.71716844341"
"213","213","0","9966.0","348.7171684434092"
"213","213","0","9968.0","348.71716844340915"
"213","213","0","9970.0","348.7171684434093"
"213","213","0","9972.0","348.71716844341034"
"213","213","0","9974.0","348.71716844341074"
"213","213","0","9976.0","348.71716844341034"
"213","213","0","9978.0","348.7171684434102"
"213","213","0","9980.0","348.7171684434103"
"213","213","0","9982.0","348.7171684434096"
"213","213","0","9984.0","348.71716844341"
"213","213","0","9986.0","348.71716844341034"
"213","213","0","9988.0","348.71716844340995"
"213","213","0","9990.0","348.7171684434101"
"213","213","0","9992.0","348.7171684434103"
"213","213","0","9994.0","348.7171684434105"
"213","213","0","9996.0","348.71716844341074"
"213","213","0","9998.0","348.7171684434112"
"213","213","0","10000.0","348.7171684434113"
"213","213","0","10002.0","348.7171684434113"
"220","220","0","0.0","0.0"
"220","220","0","2.0","1.1159674060085945"
"220","220","0","4.0","2.210056235987475"
"220","220","0","6.0","3.4000409861565744"
"220","220","0","8.0","4.759619995453078"
"220","220","0","10.0","6.185432169281952"
"220","220","0","12.0","7.648172246508888"
"220","220","0","14.0","9.194502143578868"
"220","220","0","16.0","10.85115228422884"
"220","220","0","18.0","12.61519001368038"
"220","220","0","20.0","14.582613010447611"
"220","220","0","22.0","16.609138858919064"
"220","220","0","24.0","18.96254377489985"
"220","220","0","26.0","22.459186129405005"
"220","220","0","28.0","27.93030194064557"
"220","220","0","30.0","36.162663044148765"
"220","220","0","32.0","45.36264347865106"
"220","220","0","34.0","52.653733127842415"
"220","220","0","36.0","59.494758567384636"
"220","220","0","38.0","67.93965237528262"
"220","220","0","40.0","86.44431351141678"
"220","220","0","42.0","168.3540942961224"
"220","220","0","44.0","222.34730295771354"
"220","220","0","46.0","222.5683493479898"
"220","220","0","48.0","222.56834935672518"
"220","220","0","50.0","222.5683493489237"
"220","220","0","52.0","222.5683493575044"
"220","220","0","54.0","222.5683493618071"
"220","220","0","56.0","222.56834936165933"
"220","220","0","58.0","222.56834935113153"
"220","220","0","60.0","222.568349350591"
"220","220","0","62.0","222.5683493555495"
"220","220","0","64.0","222.56834937372315"
"220","220","0","66.0","222.56834935088153"
"220","220","0","68.0","222.5683493632618"
"220","220","0","70.0","222.56834936115192"
"220","220","0","72.0","222.56834936365706"
"220","220","0","74.0","222.56834936420105"
"220","220","0","76.0","222.56834937865156"
"220","220","0","78.0","222.5683493952851"
"220","220","0","80.0","222.5683493814837"
"220","220","0","82.0","222.56834939348508"
"220","220","0","84.0","222.5683493759539"
"220","220","0","86.0","222.56834936748234"
"220","220","0","88.0","222.56834936108447"
"220","220","0","90.0","222.56834933979636"
"220","220","0","92.0","222.56834933067964"
"220","220","0","94.0","222.56834931766244"
"220","220","0","96.0","222.56834933233182"
"220","220","0","98.0","222.56834932024287"
"220","220","0","100.0","222.56834931934594"
"220","220","0","102.0","222.56834933032795"
"220","220","0","104.0","222.56834931116953"
"220","220","0","106.0","222.56834933287945"
"220","220","0","108.0","222.5683493409647"
"220","220","0","110.0","222.56834931929657"
"220","220","0","112.0","222.56834932773734"
"220","220","0","114.0","222.56834934405822"
"220","220","0","116.0","222.56834934743617"
"220","220","0","118.0","222.56834933759603"
"220","220","0","120.0","222.56834934446067"
"220","220","0","122.0","222.5683493819466"
"220","220","0","124.0","222.56834937667202"
"220","220","0","126.0","222.56834938324116"
"220","220","0","128.0","222.56834939731777"
"220","220","0","130.0","222.56834940834685"
"220","220","0","132.0","222.56834943248114"
"220","220","0","134.0","222.5683494448824"
"220","220","0","136.0","222.5683494457881"
"220","220","0","138.0","222.56834945725484"
"220","220","0","140.0","222.56834944325993"
"220","220","0","142.0","222.5683494410989"
"220","220","0","144.0","222.5683494730112"
"220","220","0","146.0","222.5683494714672"
"220","220","0","148.0","222.5683494759353"
"220","220","0","150.0","222.56834947361654"
"220","220","0","152.0","222.5683494620375"
"220","220","0","154.0","222.56834945620008"
"220","220","0","156.0","222.5683494702601"
"220","220","0","158.0","222.56834944491231"
"220","220","0","160.0","222.5683494487947"
"220","220","0","162.0","222.56834943347377"
"220","220","0","164.0","222.5683494315575"
"220","220","0","166.0","222.56834945034996"
"220","220","0","168.0","222.5683494665032"
"220","220","0","170.0","222.56834948743975"
"220","220","0","172.0","222.5683494919098"
"220","220","0","174.0","222.56834949425144"
"220","220","0","176.0","222.56834949195135"
"220","220","0","178.0","222.5683494917195"
"220","220","0","180.0","222.56834948662632"
"220","220","0","182.0","222.5683495011009"
"220","220","0","184.0","222.56834952410105"
"220","220","0","186.0","222.56834953898255"
"220","220","0","188.0","222.568349541072"
"220","220","0","190.0","222.56834953811594"
"220","220","0","192.0","222.56834952535394"
"220","220","0","194.0","222.5683495276612"
"220","220","0","196.0","222.56834953241417"
"220","220","0","198.0","222.56834952710238"
"220","220","0","200.0","222.568349553663"
"220","220","0","202.0","222.56834955236346"
"220","220","0","204.0","222.56834953628527"
"220","220","0","206.0","222.56834955260862"
"220","220","0","208.0","222.5683495508557"
"220","220","0","210.0","222.5683495533329"
"220","220","0","212.0","222.56834954609246"
"220","220","0","214.0","222.56834953638207"
"220","220","0","216.0","222.568349524018"
"220","220","0","218.0","222.5683495355978"
"220","220","0","220.0","222.56834954882436"
"220","220","0","222.0","222.56834954275917"
"220","220","0","224.0","222.568349522577"
"220","220","0","226.0","222.56834952858293"
"220","220","0","228.0","222.56834953631704"
"220","220","0","230.0","222.56834955893868"
"220","220","0","232.0","222.56834956809354"
"220","220","0","234.0","222.56834955759032"
"220","220","0","236.0","222.56834955005635"
"220","220","0","238.0","222.56834955553666"
"220","220","0","240.0","222.56834956115034"
"220","220","0","242.0","222.5683495525854"
"220","220","0","244.0","222.56834955700046"
"220","220","0","246.0","222.56834957422592"
"220","220","0","248.0","222.56834958794667"
"220","220","0","250.0","222.56834957711303"
"220","220","0","252.0","222.56834958918643"
"220","220","0","254.0","222.56834959676783"
"220","220","0","256.0","222.5683496019605"
"220","220","0","258.0","222.56834960671742"
"220","220","0","260.0","222.56834962233356"
"220","220","0","262.0","222.56834963008774"
"220","220","0","264.0","222.5683496212434"
"220","220","0","266.0","222.56834963317914"
"220","220","0","268.0","222.56834962503234"
"220","220","0","270.0","222.56834964135604"
"220","220","0","272.0","222.56834966404227"
"220","220","0","274.0","222.56834965382097"
"220","220","0","276.0","222.56834964120682"
"220","220","0","278.0","222.56834964180632"
"220","220","0","280.0","222.5683496331454"
"220","220","0","282.0","222.5683496438492"
"220","220","0","284.0","222.56834965120677"
"220","220","0","286.0","222.56834964517142"
"220","220","0","288.0","222.56834964753145"
"220","220","0","290.0","222.56834966424506"
"220","220","0","292.0","222.56834967216093"
"220","220","0","294.0","222.56834966863497"
"220","220","0","296.0","222.56834968073107"
"220","220","0","298.0","222.5683496894268"
"220","220","0","300.0","222.56834969627312"
"220","220","0","302.0","222.56834968115794"
"220","220","0","304.0","222.56834967138172"
"220","220","0","306.0","222.56834967064978"
"220","220","0","308.0","222.56834968788797"
"220","220","0","310.0","222.5683496814268"
"220","220","0","312.0","222.56834967724473"
"220","220","0","314.0","222.56834968068154"
"220","220","0","316.0","222.56834969128656"
"220","220","0","318.0","222.56834970415272"
"220","220","0","320.0","222.56834970301924"
"220","220","0","322.0","222.5683497169669"
"220","220","0","324.0","222.5683497158472"
"220","220","0","326.0","222.56834970119075"
"220","220","0","328.0","222.56834970785604"
"220","220","0","330.0","222.5683497164648"
"220","220","0","332.0","222.56834971733602"
"220","220","0","334.0","222.56834972221645"
"220","220","0","336.0","222.56834971401378"
"220","220","0","338.0","222.56834971448114"
"220","220","0","340.0","222.56834971974476"
"220","220","0","342.0","222.5683497205898"
"220","220","0","344.0","222.56834971065211"
"220","220","0","346.0","222.56834970873945"
"220","220","0","348.0","222.5683497115664"
"220","220","0","350.0","222.56834970955583"
"220","220","0","352.0","222.56834971682682"
"220","220","0","354.0","222.56834971618682"
"220","220","0","356.0","222.56834972118233"
"220","220","0","358.0","222.56834972407836"
"220","220","0","360.0","222.56834970889145"
"220","220","0","362.0","222.56834970848158"
"220","220","0","364.0","222.56834970376752"
"220","220","0","366.0","222.56834969311475"
"220","220","0","368.0","222.56834969854185"
"220","220","0","370.0","222.56834971054965"
"220","220","0","372.0","222.56834971540513"
"220","220","0","374.0","222.56834970846498"
"220","220","0","376.0","222.56834973337268"
"220","220","0","378.0","222.56834972026903"
"220","220","0","380.0","222.5683497027362"
"220","220","0","382.0","222.56834969902002"
"220","220","0","384.0","222.56834970978545"
"220","220","0","386.0","222.5683497046912"
"220","220","0","388.0","222.56834968956431"
"220","220","0","390.0","222.56834970782154"
"220","220","0","392.0","222.56834970212316"
"220","220","0","394.0","222.56834969881106"
"220","220","0","396.0","222.56834969899256"
"220","220","0","398.0","222.56834969249329"
"220","220","0","400.0","222.56834968618878"
"220","220","0","402.0","222.56834969186573"
"220","220","0","404.0","222.56834968752946"
"220","220","0","406.0","222.56834970574297"
"220","220","0","408.0","222.56834971528173"
"220","220","0","410.0","222.56834971582916"
"220","220","0","412.0","222.56834972284597"
"220","220","0","414.0","222.56834972927828"
"220","220","0","416.0","222.56834974012887"
"220","220","0","418.0","222.56834974160262"
"220","220","0","420.0","222.5683497313994"
"220","220","0","422.0","222.5683497241002"
"220","220","0","424.0","222.56834973433257"
"220","220","0","426.0","222.56834973598063"
"220","220","0","428.0","222.56834972296943"
"220","220","0","430.0","222.56834972146842"
"220","220","0","432.0","222.56834972755195"
"220","220","0","434.0","222.5683497348084"
"220","220","0","436.0","222.5683497431682"
"220","220","0","438.0","222.56834974596393"
"220","220","0","440.0","222.5683497630761"
"220","220","0","442.0","222.568349769653"
"220","220","0","444.0","222.56834975001928"
"220","220","0","446.0","222.5683497571473"
"220","220","0","448.0","222.56834976754706"
"220","220","0","450.0","222.56834976318171"
"220","220","0","452.0","222.56834976348097"
"220","220","0","454.0","222.56834978132545"
"220","220","0","456.0","222.56834977662444"
"220","220","0","458.0","222.56834978124505"
"220","220","0","460.0","222.56834979611983"
"220","220","0","462.0","222.5683498075696"
"220","220","0","464.0","222.56834981812273"
"220","220","0","466.0","222.56834982860207"
"220","220","0","468.0","222.56834982881622"
"220","220","0","470.0","222.56834983960613"
"220","220","0","472.0","222.56834985154939"
"220","220","0","474.0","222.56834986259298"
"220","220","0","476.0","222.56834986645399"
"220","220","0","478.0","222.56834986392704"
"220","220","0","480.0","222.56834987053367"
"220","220","0","482.0","222.5683498657122"
"220","220","0","484.0","222.56834986784537"
"220","220","0","486.0","222.568349852407"
"220","220","0","488.0","222.5683498518503"
"220","220","0","490.0","222.56834983962165"
"220","220","0","492.0","222.56834985322544"
"220","220","0","494.0","222.56834985064168"
"220","220","0","496.0","222.5683498492573"
"220","220","0","498.0","222.56834985300372"
"220","220","0","500.0","222.56834986415598"
"220","220","0","502.0","222.56834986858823"
"220","220","0","504.0","222.56834986615283"
"220","220","0","506.0","222.56834986610275"
"220","220","0","508.0","222.5683498783755"
"220","220","0","510.0","222.5683498846569"
"220","220","0","512.0","222.56834988238984"
"220","220","0","514.0","222.568349878439"
"220","220","0","516.0","222.56834988666665"
"220","220","0","518.0","222.56834988542957"
"220","220","0","520.0","222.56834987751415"
"220","220","0","522.0","222.56834988256693"
"220","220","0","524.0","222.56834988352279"
"220","220","0","526.0","222.5683498793808"
"220","220","0","528.0","222.5683498871966"
"220","220","0","530.0","222.56834989362054"
"220","220","0","532.0","222.56834988605485"
"220","220","0","534.0","222.5683498967348"
"220","220","0","536.0","222.56834990129425"
"220","220","0","538.0","222.5683499015738"
"220","220","0","540.0","222.56834988812156"
"220","220","0","542.0","222.56834989258243"
"220","220","0","544.0","222.5683499009408"
"220","220","0","546.0","222.5683498931463"
"220","220","0","548.0","222.56834989156525"
"220","220","0","550.0","222.56834988447235"
"220","220","0","552.0","222.56834988343618"
"220","220","0","554.0","222.56834988695837"
"220","220","0","556.0","222.5683498846387"
"220","220","0","558.0","222.56834988762225"
"220","220","0","560.0","222.56834989728048"
"220","220","0","562.0","222.56834989392104"
"220","220","0","564.0","222.5683499083277"
"220","220","0","566.0","222.56834990247398"
"220","220","0","568.0","222.5683498943967"
"220","220","0","570.0","222.56834990132683"
"220","220","0","572.0","222.56834990002415"
"220","220","0","574.0","222.56834989199808"
"220","220","0","576.0","222.56834988651468"
"220","220","0","578.0","222.56834989055662"
"220","220","0","580.0","222.5683498858897"
"220","220","0","582.0","222.56834989512927"
"220","220","0","584.0","222.56834990237087"
"220","220","0","586.0","222.5683498988906"
"220","220","0","588.0","222.56834989931292"
"220","220","0","590.0","222.56834989827115"
"220","220","0","592.0","222.56834989691288"
"220","220","0","594.0","222.5683499129629"
"220","220","0","596.0","222.56834991137717"
"220","220","0","598.0","222.56834991051562"
"220","220","0","600.0","222.56834992474106"
"220","220","0","602.0","222.56834991792275"
"220","220","0","604.0","222.568349911219"
"220","220","0","606.0","222.5683499217341"
"220","220","0","608.0","222.56834992546734"
"220","220","0","610.0","222.5683499224149"
"220","220","0","612.0","222.56834993322775"
"220","220","0","614.0","222.56834992848152"
"220","220","0","616.0","222.56834993604272"
"220","220","0","618.0","222.5683499430783"
"220","220","0","620.0","222.56834995139207"
"220","220","0","622.0","222.56834995822373"
"220","220","0","624.0","222.56834997110502"
"220","220","0","626.0","222.5683499792025"
"220","220","0","628.0","222.56834998600831"
"220","220","0","630.0","222.56834997733137"
"220","220","0","632.0","222.56834997739278"
"220","220","0","634.0","222.56834998263017"
"220","220","0","636.0","222.56834997671405"
"220","220","0","638.0","222.56834997542774"
"220","220","0","640.0","222.56834998596182"
"220","220","0","642.0","222.5683499762634"
"220","220","0","644.0","222.56834996272812"
"220","220","0","646.0","222.56834997246588"
"220","220","0","648.0","222.56834998148165"
"220","220","0","650.0","222.5683499779362"
"220","220","0","652.0","222.56834998050294"
"220","220","0","654.0","222.56834996502695"
"220","220","0","656.0","222.5683499749508"
"220","220","0","658.0","222.56834997173928"
"220","220","0","660.0","222.56834996709168"
"220","220","0","662.0","222.56834995956982"
"220","220","0","664.0","222.56834995537932"
"220","220","0","666.0","222.56834995941446"
"220","220","0","668.0","222.56834996326057"
"220","220","0","670.0","222.56834996233272"
"220","220","0","672.0","222.56834996913065"
"220","220","0","674.0","222.56834997017177"
"220","220","0","676.0","222.5683499621241"
"220","220","0","678.0","222.56834995866654"
"220","220","0","680.0","222.56834997332825"
"220","220","0","682.0","222.5683499811867"
"220","220","0","684.0","222.56834998817845"
"220","220","0","686.0","222.5683499821668"
"220","220","0","688.0","222.56834999219464"
"220","220","0","690.0","222.56835000517785"
"220","220","0","692.0","222.56834999558023"
"220","220","0","694.0","222.56834998800701"
"220","220","0","696.0","222.5683499864371"
"220","220","0","698.0","222.56834998299576"
"220","220","0","700.0","222.56834997479882"
"220","220","0","702.0","222.56834997682697"
"220","220","0","704.0","222.5683499827354"
"220","220","0","706.0","222.56834998188566"
"220","220","0","708.0","222.5683499704525"
"220","220","0","710.0","222.56834995807046"
"220","220","0","712.0","222.56834995547436"
"220","220","0","714.0","222.56834996434043"
"220","220","0","716.0","222.56834997239974"
"220","220","0","718.0","222.5683499724091"
"220","220","0","720.0","222.56834996305165"
"220","220","0","722.0","222.56834996072553"
"220","220","0","724.0","222.5683499705203"
"220","220","0","726.0","222.5683499706305"
"220","220","0","728.0","222.56834996295845"
"220","220","0","730.0","222.56834998440632"
"220","220","0","732.0","222.56834998837323"
"220","220","0","734.0","222.56834999336849"
"220","220","0","736.0","222.56834999664906"
"220","220","0","738.0","222.56834999554508"
"220","220","0","740.0","222.56835000287788"
"220","220","0","742.0","222.56835001245364"
"220","220","0","744.0","222.56835001299797"
"220","220","0","746.0","222.56835001005626"
"220","220","0","748.0","222.56835001521134"
"220","220","0","750.0","222.56835003012048"
"220","220","0","752.0","222.56835002700836"
"220","220","0","754.0","222.56835001706486"
"220","220","0","756.0","222.56835002110427"
"220","220","0","758.0","222.56835001319996"
"220","220","0","760.0","222.56835001756778"
"220","220","0","762.0","222.5683500147313"
"220","220","0","764.0","222.56835002132408"
"220","220","0","766.0","222.5683500131249"
"220","220","0","768.0","222.568350014358"
"220","220","0","770.0","222.56835000438298"
"220","220","0","772.0","222.56835000828357"
"220","220","0","774.0","222.56835001650958"
"220","220","0","776.0","222.56835002127931"
"220","220","0","778.0","222.5683500302274"
"220","220","0","780.0","222.56835002654185"
"220","220","0","782.0","222.56835003133295"
"220","220","0","784.0","222.5683500401093"
"220","220","0","786.0","222.56835004253094"
"220","220","0","788.0","222.56835004264502"
"220","220","0","790.0","222.56835003935967"
"220","220","0","792.0","222.5683500387896"
"220","220","0","794.0","222.56835003842164"
"220","220","0","796.0","222.5683500311196"
"220","220","0","798.0","222.56835002532608"
"220","220","0","800.0","222.56835003390492"
"220","220","0","802.0","222.56835003297206"
"220","220","0","804.0","222.56835004153965"
"220","220","0","806.0","222.5683500429125"
"220","220","0","808.0","222.5683500481695"
"220","220","0","810.0","222.56835004955153"
"220","220","0","812.0","222.5683500468059"
"220","220","0","814.0","222.56835004151537"
"220","220","0","816.0","222.56835004545994"
"220","220","0","818.0","222.5683500390974"
"220","220","0","820.0","222.5683500313524"
"220","220","0","822.0","222.56835003124652"
"220","220","0","824.0","222.5683500231324"
"220","220","0","826.0","222.56835003438243"
"220","220","0","828.0","222.5683500276285"
"220","220","0","830.0","222.5683500350068"
"220","220","0","832.0","222.568350039275"
"220","220","0","834.0","222.56835003470417"
"220","220","0","836.0","222.56835003323238"
"220","220","0","838.0","222.56835002409773"
"220","220","0","840.0","222.5683500186336"
"220","220","0","842.0","222.56835001737863"
"220","220","0","844.0","222.56835001748888"
"220","220","0","846.0","222.5683500146155"
"220","220","0","848.0","222.56835000478586"
"220","220","0","850.0","222.5683500039866"
"220","220","0","852.0","222.56835000495502"
"220","220","0","854.0","222.56835000541756"
"220","220","0","856.0","222.5683500157123"
"220","220","0","858.0","222.56835000860298"
"220","220","0","860.0","222.5683500149855"
"220","220","0","862.0","222.56835001839602"
"220","220","0","864.0","222.5683500119163"
"220","220","0","866.0","222.5683500078211"
"220","220","0","868.0","222.56835001363183"
"220","220","0","870.0","222.56835001234265"
"220","220","0","872.0","222.56835000942357"
"220","220","0","874.0","222.56835000472805"
"220","220","0","876.0","222.56835000269086"
"220","220","0","878.0","222.56835000330136"
"220","220","0","880.0","222.56835001268638"
"220","220","0","882.0","222.5683500274008"
"220","220","0","884.0","222.56835003156405"
"220","220","0","886.0","222.56835003268688"
"220","220","0","888.0","222.5683500346591"
"220","220","0","890.0","222.5683500336156"
"220","220","0","892.0","222.56835002969655"
"220","220","0","894.0","222.56835003619403"
"220","220","0","896.0","222.56835004083064"
"220","220","0","898.0","222.56835004176054"
"220","220","0","900.0","222.56835004461522"
"220","220","0","902.0","222.56835004616198"
"220","220","0","904.0","222.56835004869913"
"220","220","0","906.0","222.56835004912625"
"220","220","0","908.0","222.56835004236"
"220","220","0","910.0","222.56835004392303"
"220","220","0","912.0","222.56835003522633"
"220","220","0","914.0","222.56835003838094"
"220","220","0","916.0","222.56835004077848"
"220","220","0","918.0","222.56835004742214"
"220","220","0","920.0","222.56835005514174"
"220","220","0","922.0","222.56835005386057"
"220","220","0","924.0","222.56835005331317"
"220","220","0","926.0","222.56835005584188"
"220","220","0","928.0","222.5683500548579"
"220","220","0","930.0","222.56835006451624"
"220","220","0","932.0","222.56835006098493"
"220","220","0","934.0","222.56835005523757"
"220","220","0","936.0","222.56835005782"
"220","220","0","938.0","222.56835006308822"
"220","220","0","940.0","222.5683500635352"
"220","220","0","942.0","222.56835007084032"
"220","220","0","944.0","222.5683500659673"
"220","220","0","946.0","222.56835006189837"
"220","220","0","948.0","222.5683500557373"
"220","220","0","950.0","222.5683500464776"
"220","220","0","952.0","222.56835003988377"
"220","220","0","954.0","222.56835004067423"
"220","220","0","956.0","222.56835004320644"
"220","220","0","958.0","222.56835003978824"
"220","220","0","960.0","222.5683500349684"
"220","220","0","962.0","222.5683500333946"
"220","220","0","964.0","222.56835003680214"
"220","220","0","966.0","222.56835004050762"
"220","220","0","968.0","222.5683500424458"
"220","220","0","970.0","222.56835004887506"
"220","220","0","972.0","222.5683500521366"
"220","220","0","974.0","222.5683500462104"
"220","220","0","976.0","222.56835005440846"
"220","220","0","978.0","222.5683500590712"
"220","220","0","980.0","222.56835005538562"
"220","220","0","982.0","222.56835005928005"
"220","220","0","984.0","222.56835005040773"
"220","220","0","986.0","222.56835005250701"
"220","220","0","988.0","222.5683500446902"
"220","220","0","990.0","222.56835003843324"
"220","220","0","992.0","222.56835003556947"
"220","220","0","994.0","222.56835003233053"
"220","220","0","996.0","222.56835002485568"
"220","220","0","998.0","222.56835002417617"
"220","220","0","1000.0","222.56835001942224"
"220","220","0","1002.0","222.5683500202522"
"220","220","0","1004.0","222.56835002750745"
"220","220","0","1006.0","222.56835002653185"
"220","220","0","1008.0","222.56835002485084"
"220","220","0","1010.0","222.56835002015512"
"220","220","0","1012.0","222.56835002296967"
"220","220","0","1014.0","222.56835002668862"
"220","220","0","1016.0","222.56835002763088"
"220","220","0","1018.0","222.56835002709946"
"220","220","0","1020.0","222.56835002291388"
"220","220","0","1022.0","222.56835002948552"
"220","220","0","1024.0","222.56835003034354"
"220","220","0","1026.0","222.568350026914"
"220","220","0","1028.0","222.56835003281003"
"220","220","0","1030.0","222.56835003216884"
"220","220","0","1032.0","222.56835003059356"
"220","220","0","1034.0","222.56835003036673"
"220","220","0","1036.0","222.5683500287307"
"220","220","0","1038.0","222.56835003587216"
"220","220","0","1040.0","222.56835004321033"
"220","220","0","1042.0","222.56835004078079"
"220","220","0","1044.0","222.5683500542483"
"220","220","0","1046.0","222.56835006301128"
"220","220","0","1048.0","222.5683500521215"
"220","220","0","1050.0","222.56835004845667"
"220","220","0","1052.0","222.56835005812343"
"220","220","0","1054.0","222.5683500573637"
"220","220","0","1056.0","222.56835006112374"
"220","220","0","1058.0","222.5683500595687"
"220","220","0","1060.0","222.56835005842456"
"220","220","0","1062.0","222.56835005197692"
"220","220","0","1064.0","222.5683500505823"
"220","220","0","1066.0","222.56835005257204"
"220","220","0","1068.0","222.56835004706764"
"220","220","0","1070.0","222.56835004646075"
"220","220","0","1072.0","222.5683500496574"
"220","220","0","1074.0","222.56835004534673"
"220","220","0","1076.0","222.56835004427444"
"220","220","0","1078.0","222.56835004785364"
"220","220","0","1080.0","222.56835004646322"
"220","220","0","1082.0","222.56835005011771"
"220","220","0","1084.0","222.56835004580154"
"220","220","0","1086.0","222.56835004179104"
"220","220","0","1088.0","222.56835004796616"
"220","220","0","1090.0","222.568350042755"
"220","220","0","1092.0","222.5683500386077"
"220","220","0","1094.0","222.56835003536148"
"220","220","0","1096.0","222.56835003934353"
"220","220","0","1098.0","222.56835003622223"
"220","220","0","1100.0","222.56835003582333"
"220","220","0","1102.0","222.56835003333163"
"220","220","0","1104.0","222.56835003328112"
"220","220","0","1106.0","222.56835003210335"
"220","220","0","1108.0","222.568350041956"
"220","220","0","1110.0","222.5683500431794"
"220","220","0","1112.0","222.5683500469001"
"220","220","0","1114.0","222.56835004395424"
"220","220","0","1116.0","222.56835004704757"
"220","220","0","1118.0","222.56835003915114"
"220","220","0","1120.0","222.56835003579465"
"220","220","0","1122.0","222.56835003122848"
"220","220","0","1124.0","222.5683500328432"
"220","220","0","1126.0","222.5683500305599"
"220","220","0","1128.0","222.56835003056548"
"220","220","0","1130.0","222.56835003130126"
"220","220","0","1132.0","222.56835003540587"
"220","220","0","1134.0","222.56835003428324"
"220","220","0","1136.0","222.5683500381785"
"220","220","0","1138.0","222.56835003890149"
"220","220","0","1140.0","222.56835004257894"
"220","220","0","1142.0","222.56835004140552"
"220","220","0","1144.0","222.5683500477998"
"220","220","0","1146.0","222.56835004573972"
"220","220","0","1148.0","222.56835004258338"
"220","220","0","1150.0","222.568350040043"
"220","220","0","1152.0","222.5683500479646"
"220","220","0","1154.0","222.56835005512679"
"220","220","0","1156.0","222.56835005981344"
"220","220","0","1158.0","222.56835007004133"
"220","220","0","1160.0","222.56835007609217"
"220","220","0","1162.0","222.56835008847287"
"220","220","0","1164.0","222.5683500912696"
"220","220","0","1166.0","222.56835008793"
"220","220","0","1168.0","222.56835008541142"
"220","220","0","1170.0","222.56835008457895"
"220","220","0","1172.0","222.56835007875912"
"220","220","0","1174.0","222.56835008730917"
"220","220","0","1176.0","222.56835009425254"
"220","220","0","1178.0","222.56835009620892"
"220","220","0","1180.0","222.5683500956966"
"220","220","0","1182.0","222.56835009652158"
"220","220","0","1184.0","222.56835010390893"
"220","220","0","1186.0","222.5683501031054"
"220","220","0","1188.0","222.5683500992651"
"220","220","0","1190.0","222.5683501063687"
"220","220","0","1192.0","222.5683501079857"
"220","220","0","1194.0","222.56835011246773"
"220","220","0","1196.0","222.56835011788195"
"220","220","0","1198.0","222.5683501188681"
"220","220","0","1200.0","222.56835011666774"
"220","220","0","1202.0","222.56835011243595"
"220","220","0","1204.0","222.5683501120701"
"220","220","0","1206.0","222.56835010766582"
"220","220","0","1208.0","222.56835011328394"
"220","220","0","1210.0","222.5683501084432"
"220","220","0","1212.0","222.5683501122396"
"220","220","0","1214.0","222.56835011113282"
"220","220","0","1216.0","222.5683501134833"
"220","220","0","1218.0","222.5683501143365"
"220","220","0","1220.0","222.56835011212803"
"220","220","0","1222.0","222.56835011540753"
"220","220","0","1224.0","222.56835011535264"
"220","220","0","1226.0","222.5683501134407"
"220","220","0","1228.0","222.5683501148478"
"220","220","0","1230.0","222.56835011731727"
"220","220","0","1232.0","222.5683501195559"
"220","220","0","1234.0","222.56835012283346"
"220","220","0","1236.0","222.56835011721816"
"220","220","0","1238.0","222.56835012036467"
"220","220","0","1240.0","222.56835012545"
"220","220","0","1242.0","222.56835012525377"
"220","220","0","1244.0","222.56835012211744"
"220","220","0","1246.0","222.56835011728236"
"220","220","0","1248.0","222.5683501177318"
"220","220","0","1250.0","222.56835011666465"
"220","220","0","1252.0","222.5683501186012"
"220","220","0","1254.0","222.56835012503856"
"220","220","0","1256.0","222.5683501260685"
"220","220","0","1258.0","222.56835012875945"
"220","220","0","1260.0","222.56835012851178"
"220","220","0","1262.0","222.56835012362075"
"220","220","0","1264.0","222.56835012710644"
"220","220","0","1266.0","222.56835013033876"
"220","220","0","1268.0","222.56835013046316"
"220","220","0","1270.0","222.56835012801542"
"220","220","0","1272.0","222.56835011925676"
"220","220","0","1274.0","222.56835012167096"
"220","220","0","1276.0","222.56835012132717"
"220","220","0","1278.0","222.56835011684078"
"220","220","0","1280.0","222.56835011578417"
"220","220","0","1282.0","222.56835011834568"
"220","220","0","1284.0","222.56835012035017"
"220","220","0","1286.0","222.5683501275451"
"220","220","0","1288.0","222.56835012896008"
"220","220","0","1290.0","222.56835012557542"
"220","220","0","1292.0","222.5683501266882"
"220","220","0","1294.0","222.56835012584304"
"220","220","0","1296.0","222.56835012661296"
"220","220","0","1298.0","222.56835012801457"
"220","220","0","1300.0","222.56835012713776"
"220","220","0","1302.0","222.5683501266438"
"220","220","0","1304.0","222.56835013289782"
"220","220","0","1306.0","222.56835013323297"
"220","220","0","1308.0","222.56835013468367"
"220","220","0","1310.0","222.56835014107463"
"220","220","0","1312.0","222.56835014049292"
"220","220","0","1314.0","222.56835013989496"
"220","220","0","1316.0","222.56835013987785"
"220","220","0","1318.0","222.56835013793832"
"220","220","0","1320.0","222.56835013877438"
"220","220","0","1322.0","222.56835013289106"
"220","220","0","1324.0","222.5683501376972"
"220","220","0","1326.0","222.56835013565495"
"220","220","0","1328.0","222.56835013375837"
"220","220","0","1330.0","222.5683501361168"
"220","220","0","1332.0","222.56835013207854"
"220","220","0","1334.0","222.56835013392617"
"220","220","0","1336.0","222.56835013212194"
"220","220","0","1338.0","222.56835013133883"
"220","220","0","1340.0","222.5683501365646"
"220","220","0","1342.0","222.56835013291604"
"220","220","0","1344.0","222.56835014160836"
"220","220","0","1346.0","222.56835013618345"
"220","220","0","1348.0","222.56835013601"
"220","220","0","1350.0","222.5683501351238"
"220","220","0","1352.0","222.56835013708746"
"220","220","0","1354.0","222.56835013604436"
"220","220","0","1356.0","222.56835013500762"
"220","220","0","1358.0","222.56835013952053"
"220","220","0","1360.0","222.56835013429068"
"220","220","0","1362.0","222.56835013585908"
"220","220","0","1364.0","222.568350136701"
"220","220","0","1366.0","222.5683501330555"
"220","220","0","1368.0","222.56835013444697"
"220","220","0","1370.0","222.56835013995513"
"220","220","0","1372.0","222.56835014195738"
"220","220","0","1374.0","222.5683501433911"
"220","220","0","1376.0","222.5683501437417"
"220","220","0","1378.0","222.56835014946105"
"220","220","0","1380.0","222.5683501476698"
"220","220","0","1382.0","222.56835014955433"
"220","220","0","1384.0","222.56835014526436"
"220","220","0","1386.0","222.56835014627788"
"220","220","0","1388.0","222.56835014495786"
"220","220","0","1390.0","222.5683501438025"
"220","220","0","1392.0","222.56835014430794"
"220","220","0","1394.0","222.56835014473037"
"220","220","0","1396.0","222.56835015221804"
"220","220","0","1398.0","222.56835015374384"
"220","220","0","1400.0","222.56835015702515"
"220","220","0","1402.0","222.56835015754723"
"220","220","0","1404.0","222.56835015634908"
"220","220","0","1406.0","222.56835015845357"
"220","220","0","1408.0","222.5683501559072"
"220","220","0","1410.0","222.5683501600762"
"220","220","0","1412.0","222.56835016093814"
"220","220","0","1414.0","222.56835016628438"
"220","220","0","1416.0","222.56835016771373"
"220","220","0","1418.0","222.56835017205984"
"220","220","0","1420.0","222.56835017312608"
"220","220","0","1422.0","222.56835017488098"
"220","220","0","1424.0","222.56835017818545"
"220","220","0","1426.0","222.56835018072888"
"220","220","0","1428.0","222.56835018456604"
"220","220","0","1430.0","222.56835018345024"
"220","220","0","1432.0","222.56835018064555"
"220","220","0","1434.0","222.56835018023412"
"220","220","0","1436.0","222.56835017826893"
"220","220","0","1438.0","222.56835017686058"
"220","220","0","1440.0","222.56835017705646"
"220","220","0","1442.0","222.5683501754665"
"220","220","0","1444.0","222.56835017194152"
"220","220","0","1446.0","222.56835017315078"
"220","220","0","1448.0","222.56835017050292"
"220","220","0","1450.0","222.56835016901147"
"220","220","0","1452.0","222.56835016577256"
"220","220","0","1454.0","222.5683501646114"
"220","220","0","1456.0","222.5683501624524"
"220","220","0","1458.0","222.56835015936284"
"220","220","0","1460.0","222.56835016455884"
"220","220","0","1462.0","222.5683501631752"
"220","220","0","1464.0","222.5683501603544"
"220","220","0","1466.0","222.56835016294602"
"220","220","0","1468.0","222.56835015319547"
"220","220","0","1470.0","222.56835015827076"
"220","220","0","1472.0","222.56835015460132"
"220","220","0","1474.0","222.56835015254723"
"220","220","0","1476.0","222.56835014615334"
"220","220","0","1478.0","222.56835014616723"
"220","220","0","1480.0","222.56835014033558"
"220","220","0","1482.0","222.5683501422919"
"220","220","0","1484.0","222.56835014666584"
"220","220","0","1486.0","222.5683501460722"
"220","220","0","1488.0","222.56835014792694"
"220","220","0","1490.0","222.56835014999808"
"220","220","0","1492.0","222.56835015017805"
"220","220","0","1494.0","222.56835015070635"
"220","220","0","1496.0","222.5683501523896"
"220","220","0","1498.0","222.56835015858007"
"220","220","0","1500.0","222.5683501591749"
"220","220","0","1502.0","222.5683501626209"
"220","220","0","1504.0","222.568350167646"
"220","220","0","1506.0","222.56835016634827"
"220","220","0","1508.0","222.5683501649454"
"220","220","0","1510.0","222.56835016201566"
"220","220","0","1512.0","222.5683501584824"
"220","220","0","1514.0","222.56835015810682"
"220","220","0","1516.0","222.5683501600056"
"220","220","0","1518.0","222.56835016191556"
"220","220","0","1520.0","222.56835016946647"
"220","220","0","1522.0","222.56835016857406"
"220","220","0","1524.0","222.56835017395764"
"220","220","0","1526.0","222.56835017619838"
"220","220","0","1528.0","222.56835018237464"
"220","220","0","1530.0","222.56835017712007"
"220","220","0","1532.0","222.5683501801641"
"220","220","0","1534.0","222.56835018272693"
"220","220","0","1536.0","222.56835018079954"
"220","220","0","1538.0","222.56835017971397"
"220","220","0","1540.0","222.56835018003255"
"220","220","0","1542.0","222.5683501865537"
"220","220","0","1544.0","222.5683501881725"
"220","220","0","1546.0","222.5683501876308"
"220","220","0","1548.0","222.56835018411823"
"220","220","0","1550.0","222.56835019333903"
"220","220","0","1552.0","222.5683501917501"
"220","220","0","1554.0","222.56835019788863"
"220","220","0","1556.0","222.5683501931491"
"220","220","0","1558.0","222.56835019164203"
"220","220","0","1560.0","222.56835019186622"
"220","220","0","1562.0","222.5683501931565"
"220","220","0","1564.0","222.56835019324078"
"220","220","0","1566.0","222.56835019222532"
"220","220","0","1568.0","222.56835019491714"
"220","220","0","1570.0","222.56835019599606"
"220","220","0","1572.0","222.56835020014364"
"220","220","0","1574.0","222.5683501991358"
"220","220","0","1576.0","222.5683501951397"
"220","220","0","1578.0","222.56835019891224"
"220","220","0","1580.0","222.56835019676902"
"220","220","0","1582.0","222.5683501964818"
"220","220","0","1584.0","222.56835020142069"
"220","220","0","1586.0","222.568350196793"
"220","220","0","1588.0","222.56835019887964"
"220","220","0","1590.0","222.5683502038077"
"220","220","0","1592.0","222.56835020635452"
"220","220","0","1594.0","222.56835020953395"
"220","220","0","1596.0","222.5683502092713"
"220","220","0","1598.0","222.56835021203386"
"220","220","0","1600.0","222.56835021492932"
"220","220","0","1602.0","222.5683502169535"
"220","220","0","1604.0","222.5683502121403"
"220","220","0","1606.0","222.56835021611525"
"220","220","0","1608.0","222.56835021256603"
"220","220","0","1610.0","222.56835021476854"
"220","220","0","1612.0","222.5683502171683"
"220","220","0","1614.0","222.56835020985122"
"220","220","0","1616.0","222.56835021103402"
"220","220","0","1618.0","222.5683502112152"
"220","220","0","1620.0","222.56835021153756"
"220","220","0","1622.0","222.56835021359882"
"220","220","0","1624.0","222.56835020974225"
"220","220","0","1626.0","222.56835021225746"
"220","220","0","1628.0","222.5683502117274"
"220","220","0","1630.0","222.56835021463075"
"220","220","0","1632.0","222.56835021337073"
"220","220","0","1634.0","222.56835021432983"
"220","220","0","1636.0","222.56835021650818"
"220","220","0","1638.0","222.56835021817858"
"220","220","0","1640.0","222.56835022411315"
"220","220","0","1642.0","222.5683502239875"
"220","220","0","1644.0","222.56835022473982"
"220","220","0","1646.0","222.56835022193678"
"220","220","0","1648.0","222.5683502208158"
"220","220","0","1650.0","222.56835022201835"
"220","220","0","1652.0","222.56835022227096"
"220","220","0","1654.0","222.5683502217071"
"220","220","0","1656.0","222.5683502212193"
"220","220","0","1658.0","222.56835022475767"
"220","220","0","1660.0","222.56835022335974"
"220","220","0","1662.0","222.5683502257979"
"220","220","0","1664.0","222.56835022342608"
"220","220","0","1666.0","222.56835022626493"
"220","220","0","1668.0","222.56835022105955"
"220","220","0","1670.0","222.5683502207366"
"220","220","0","1672.0","222.568350223294"
"220","220","0","1674.0","222.5683502249956"
"220","220","0","1676.0","222.56835022775277"
"220","220","0","1678.0","222.56835022829574"
"220","220","0","1680.0","222.5683502296851"
"220","220","0","1682.0","222.56835022901376"
"220","220","0","1684.0","222.56835022833283"
"220","220","0","1686.0","222.56835023182697"
"220","220","0","1688.0","222.5683502312354"
"220","220","0","1690.0","222.56835023373188"
"220","220","0","1692.0","222.56835023413888"
"220","220","0","1694.0","222.56835023332619"
"220","220","0","1696.0","222.5683502349877"
"220","220","0","1698.0","222.56835023762775"
"220","220","0","1700.0","222.5683502408434"
"220","220","0","1702.0","222.56835023885267"
"220","220","0","1704.0","222.56835024093598"
"220","220","0","1706.0","222.56835024247476"
"220","220","0","1708.0","222.56835024316987"
"220","220","0","1710.0","222.5683502429996"
"220","220","0","1712.0","222.56835024352287"
"220","220","0","1714.0","222.56835024309294"
"220","220","0","1716.0","222.56835024395525"
"220","220","0","1718.0","222.5683502423832"
"220","220","0","1720.0","222.56835024594363"
"220","220","0","1722.0","222.56835024894028"
"220","220","0","1724.0","222.56835024852992"
"220","220","0","1726.0","222.56835025058135"
"220","220","0","1728.0","222.56835025463292"
"220","220","0","1730.0","222.56835025645992"
"220","220","0","1732.0","222.56835025529455"
"220","220","0","1734.0","222.56835025706798"
"220","220","0","1736.0","222.5683502585063"
"220","220","0","1738.0","222.56835026160527"
"220","220","0","1740.0","222.56835025974954"
"220","220","0","1742.0","222.56835025897573"
"220","220","0","1744.0","222.5683502573134"
"220","220","0","1746.0","222.56835025974348"
"220","220","0","1748.0","222.56835026000175"
"220","220","0","1750.0","222.56835025672373"
"220","220","0","1752.0","222.568350254594"
"220","220","0","1754.0","222.56835025366271"
"220","220","0","1756.0","222.56835025442885"
"220","220","0","1758.0","222.5683502538297"
"220","220","0","1760.0","222.56835025460956"
"220","220","0","1762.0","222.56835025147566"
"220","220","0","1764.0","222.568350250569"
"220","220","0","1766.0","222.5683502497638"
"220","220","0","1768.0","222.5683502495441"
"220","220","0","1770.0","222.56835024819296"
"220","220","0","1772.0","222.56835024740673"
"220","220","0","1774.0","222.568350248837"
"220","220","0","1776.0","222.56835024820177"
"220","220","0","1778.0","222.56835025152813"
"220","220","0","1780.0","222.5683502530599"
"220","220","0","1782.0","222.56835025632685"
"220","220","0","1784.0","222.56835025656912"
"220","220","0","1786.0","222.56835025668408"
"220","220","0","1788.0","222.56835025833416"
"220","220","0","1790.0","222.5683502591797"
"220","220","0","1792.0","222.56835025957946"
"220","220","0","1794.0","222.56835026097707"
"220","220","0","1796.0","222.5683502598424"
"220","220","0","1798.0","222.5683502613915"
"220","220","0","1800.0","222.5683502591607"
"220","220","0","1802.0","222.56835026125674"
"220","220","0","1804.0","222.56835026050706"
"220","220","0","1806.0","222.5683502623492"
"220","220","0","1808.0","222.56835026226656"
"220","220","0","1810.0","222.56835026217354"
"220","220","0","1812.0","222.56835026464987"
"220","220","0","1814.0","222.56835026507693"
"220","220","0","1816.0","222.56835026536262"
"220","220","0","1818.0","222.56835026490498"
"220","220","0","1820.0","222.56835026368327"
"220","220","0","1822.0","222.56835026631677"
"220","220","0","1824.0","222.56835026879676"
"220","220","0","1826.0","222.5683502679949"
"220","220","0","1828.0","222.56835026543004"
"220","220","0","1830.0","222.56835026805143"
"220","220","0","1832.0","222.5683502691191"
"220","220","0","1834.0","222.56835026910161"
"220","220","0","1836.0","222.56835026955926"
"220","220","0","1838.0","222.56835026792024"
"220","220","0","1840.0","222.56835026603758"
"220","220","0","1842.0","222.56835026629207"
"220","220","0","1844.0","222.56835026513977"
"220","220","0","1846.0","222.56835026346107"
"220","220","0","1848.0","222.56835026225087"
"220","220","0","1850.0","222.56835026315576"
"220","220","0","1852.0","222.56835026691576"
"220","220","0","1854.0","222.5683502644045"
"220","220","0","1856.0","222.568350264379"
"220","220","0","1858.0","222.56835026487633"
"220","220","0","1860.0","222.56835026610426"
"220","220","0","1862.0","222.56835026587055"
"220","220","0","1864.0","222.56835026573356"
"220","220","0","1866.0","222.56835026670893"
"220","220","0","1868.0","222.5683502654981"
"220","220","0","1870.0","222.56835026335324"
"220","220","0","1872.0","222.56835026352172"
"220","220","0","1874.0","222.56835026529734"
"220","220","0","1876.0","222.5683502650237"
"220","220","0","1878.0","222.56835026306027"
"220","220","0","1880.0","222.56835026378843"
"220","220","0","1882.0","222.56835026550021"
"220","220","0","1884.0","222.56835026430272"
"220","220","0","1886.0","222.5683502671685"
"220","220","0","1888.0","222.5683502623206"
"220","220","0","1890.0","222.56835026198746"
"220","220","0","1892.0","222.56835026206906"
"220","220","0","1894.0","222.5683502628432"
"220","220","0","1896.0","222.5683502616609"
"220","220","0","1898.0","222.56835026271668"
"220","220","0","1900.0","222.56835026235024"
"220","220","0","1902.0","222.56835026218803"
"220","220","0","1904.0","222.56835026088027"
"220","220","0","1906.0","222.5683502630622"
"220","220","0","1908.0","222.5683502654888"
"220","220","0","1910.0","222.5683502686681"
"220","220","0","1912.0","222.5683502700167"
"220","220","0","1914.0","222.56835026949867"
"220","220","0","1916.0","222.56835026741166"
"220","220","0","1918.0","222.5683502661633"
"220","220","0","1920.0","222.56835026762218"
"220","220","0","1922.0","222.56835027033458"
"220","220","0","1924.0","222.56835026907052"
"220","220","0","1926.0","222.5683502681324"
"220","220","0","1928.0","222.568350270064"
"220","220","0","1930.0","222.5683502670152"
"220","220","0","1932.0","222.56835026853162"
"220","220","0","1934.0","222.56835026892068"
"220","220","0","1936.0","222.56835027040256"
"220","220","0","1938.0","222.5683502707291"
"220","220","0","1940.0","222.56835027168395"
"220","220","0","1942.0","222.5683502672435"
"220","220","0","1944.0","222.5683502677515"
"220","220","0","1946.0","222.5683502676762"
"220","220","0","1948.0","222.56835026852403"
"220","220","0","1950.0","222.5683502707817"
"220","220","0","1952.0","222.5683502680824"
"220","220","0","1954.0","222.56835027148708"
"220","220","0","1956.0","222.5683502724277"
"220","220","0","1958.0","222.56835027120633"
"220","220","0","1960.0","222.56835027126706"
"220","220","0","1962.0","222.5683502715759"
"220","220","0","1964.0","222.5683502737874"
"220","220","0","1966.0","222.56835027472866"
"220","220","0","1968.0","222.56835027662112"
"220","220","0","1970.0","222.56835027513978"
"220","220","0","1972.0","222.56835027558245"
"220","220","0","1974.0","222.56835027492707"
"220","220","0","1976.0","222.5683502738614"
"220","220","0","1978.0","222.5683502738936"
"220","220","0","1980.0","222.5683502742792"
"220","220","0","1982.0","222.5683502755768"
"220","220","0","1984.0","222.56835027832807"
"220","220","0","1986.0","222.5683502769124"
"220","220","0","1988.0","222.56835028071913"
"220","220","0","1990.0","222.56835027702562"
"220","220","0","1992.0","222.56835027777802"
"220","220","0","1994.0","222.56835027938325"
"220","220","0","1996.0","222.5683502753548"
"220","220","0","1998.0","222.56835027820247"
"220","220","0","2000.0","222.5683502788995"
"220","220","0","2002.0","222.5683502810784"
"220","220","0","2004.0","222.56835028233058"
"220","220","0","2006.0","222.56835028318721"
"220","220","0","2008.0","222.56835028181757"
"220","220","0","2010.0","222.56835028191517"
"220","220","0","2012.0","222.56835028127605"
"220","220","0","2014.0","222.5683502804888"
"220","220","0","2016.0","222.5683502816281"
"220","220","0","2018.0","222.5683502836734"
"220","220","0","2020.0","222.56835028380007"
"220","220","0","2022.0","222.56835028239334"
"220","220","0","2024.0","222.56835028205265"
"220","220","0","2026.0","222.56835028102955"
"220","220","0","2028.0","222.56835028248867"
"220","220","0","2030.0","222.5683502818905"
"220","220","0","2032.0","222.5683502824995"
"220","220","0","2034.0","222.5683502821991"
"220","220","0","2036.0","222.56835028087775"
"220","220","0","2038.0","222.56835028050972"
"220","220","0","2040.0","222.56835027981046"
"220","220","0","2042.0","222.5683502816162"
"220","220","0","2044.0","222.56835028115455"
"220","220","0","2046.0","222.5683502808654"
"220","220","0","2048.0","222.56835028083023"
"220","220","0","2050.0","222.56835027860058"
"220","220","0","2052.0","222.56835028143453"
"220","220","0","2054.0","222.5683502814228"
"220","220","0","2056.0","222.56835028159009"
"220","220","0","2058.0","222.56835027987447"
"220","220","0","2060.0","222.56835027996746"
"220","220","0","2062.0","222.5683502766206"
"220","220","0","2064.0","222.56835027744742"
"220","220","0","2066.0","222.5683502779723"
"220","220","0","2068.0","222.56835027714962"
"220","220","0","2070.0","222.5683502787638"
"220","220","0","2072.0","222.5683502794153"
"220","220","0","2074.0","222.56835027730142"
"220","220","0","2076.0","222.56835027599772"
"220","220","0","2078.0","222.56835027524156"
"220","220","0","2080.0","222.56835027733646"
"220","220","0","2082.0","222.56835027583514"
"220","220","0","2084.0","222.5683502760067"
"220","220","0","2086.0","222.56835027584538"
"220","220","0","2088.0","222.5683502782777"
"220","220","0","2090.0","222.5683502788544"
"220","220","0","2092.0","222.56835027963047"
"220","220","0","2094.0","222.56835027987836"
"220","220","0","2096.0","222.56835027860612"
"220","220","0","2098.0","222.56835028041988"
"220","220","0","2100.0","222.5683502778213"
"220","220","0","2102.0","222.56835027828325"
"220","220","0","2104.0","222.56835027936538"
"220","220","0","2106.0","222.56835028023693"
"220","220","0","2108.0","222.56835027906726"
"220","220","0","2110.0","222.56835027849323"
"220","220","0","2112.0","222.56835027746223"
"220","220","0","2114.0","222.56835027525167"
"220","220","0","2116.0","222.56835027281286"
"220","220","0","2118.0","222.5683502741384"
"220","220","0","2120.0","222.56835027380149"
"220","220","0","2122.0","222.56835027273073"
"220","220","0","2124.0","222.56835027252637"
"220","220","0","2126.0","222.56835027377207"
"220","220","0","2128.0","222.56835027521888"
"220","220","0","2130.0","222.56835027697653"
"220","220","0","2132.0","222.56835027599368"
"220","220","0","2134.0","222.56835027522038"
"220","220","0","2136.0","222.56835027218565"
"220","220","0","2138.0","222.56835027055374"
"220","220","0","2140.0","222.56835027025699"
"220","220","0","2142.0","222.56835027061265"
"220","220","0","2144.0","222.5683502713896"
"220","220","0","2146.0","222.56835026906774"
"220","220","0","2148.0","222.56835027176535"
"220","220","0","2150.0","222.56835027012076"
"220","220","0","2152.0","222.5683502699836"
"220","220","0","2154.0","222.5683502729948"
"220","220","0","2156.0","222.56835027567206"
"220","220","0","2158.0","222.56835027569608"
"220","220","0","2160.0","222.56835027659693"
"220","220","0","2162.0","222.56835027644783"
"220","220","0","2164.0","222.56835027760425"
"220","220","0","2166.0","222.5683502781004"
"220","220","0","2168.0","222.5683502789305"
"220","220","0","2170.0","222.5683502792406"
"220","220","0","2172.0","222.5683502790552"
"220","220","0","2174.0","222.5683502801703"
"220","220","0","2176.0","222.56835027985056"
"220","220","0","2178.0","222.56835027990488"
"220","220","0","2180.0","222.5683502785852"
"220","220","0","2182.0","222.56835027792022"
"220","220","0","2184.0","222.56835027795844"
"220","220","0","2186.0","222.56835027590776"
"220","220","0","2188.0","222.56835027559782"
"220","220","0","2190.0","222.56835027696673"
"220","220","0","2192.0","222.5683502759095"
"220","220","0","2194.0","222.5683502743121"
"220","220","0","2196.0","222.56835027239268"
"220","220","0","2198.0","222.5683502725324"
"220","220","0","2200.0","222.56835027280147"
"220","220","0","2202.0","222.5683502724335"
"220","220","0","2204.0","222.56835027412842"
"220","220","0","2206.0","222.56835027269375"
"220","220","0","2208.0","222.56835027276054"
"220","220","0","2210.0","222.56835027204806"
"220","220","0","2212.0","222.56835026889374"
"220","220","0","2214.0","222.5683502703486"
"220","220","0","2216.0","222.56835027173986"
"220","220","0","2218.0","222.5683502732272"
"220","220","0","2220.0","222.56835027183604"
"220","220","0","2222.0","222.56835027108454"
"220","220","0","2224.0","222.5683502711021"
"220","220","0","2226.0","222.56835027257603"
"220","220","0","2228.0","222.5683502743857"
"220","220","0","2230.0","222.5683502759194"
"220","220","0","2232.0","222.56835027386848"
"220","220","0","2234.0","222.56835027231116"
"220","220","0","2236.0","222.5683502731447"
"220","220","0","2238.0","222.56835027422244"
"220","220","0","2240.0","222.56835027217264"
"220","220","0","2242.0","222.56835027241257"
"220","220","0","2244.0","222.56835027079325"
"220","220","0","2246.0","222.56835027121065"
"220","220","0","2248.0","222.56835027212358"
"220","220","0","2250.0","222.56835027259473"
"220","220","0","2252.0","222.5683502743442"
"220","220","0","2254.0","222.5683502753573"
"220","220","0","2256.0","222.56835027532063"
"220","220","0","2258.0","222.56835027714342"
"220","220","0","2260.0","222.56835027729963"
"220","220","0","2262.0","222.5683502762896"
"220","220","0","2264.0","222.56835027523005"
"220","220","0","2266.0","222.56835027603992"
"220","220","0","2268.0","222.56835027864818"
"220","220","0","2270.0","222.56835027951547"
"220","220","0","2272.0","222.56835028116475"
"220","220","0","2274.0","222.56835027923236"
"220","220","0","2276.0","222.56835027783433"
"220","220","0","2278.0","222.56835027685221"
"220","220","0","2280.0","222.56835027871114"
"220","220","0","2282.0","222.56835027931498"
"220","220","0","2284.0","222.56835027869064"
"220","220","0","2286.0","222.56835027985403"
"220","220","0","2288.0","222.5683502797562"
"220","220","0","2290.0","222.56835027889588"
"220","220","0","2292.0","222.568350278881"
"220","220","0","2294.0","222.56835028050324"
"220","220","0","2296.0","222.5683502814886"
"220","220","0","2298.0","222.5683502798168"
"220","220","0","2300.0","222.56835027984238"
"220","220","0","2302.0","222.5683502795806"
"220","220","0","2304.0","222.5683502806941"
"220","220","0","2306.0","222.56835027961998"
"220","220","0","2308.0","222.5683502785569"
"220","220","0","2310.0","222.5683502810516"
"220","220","0","2312.0","222.56835028266687"
"220","220","0","2314.0","222.56835028078368"
"220","220","0","2316.0","222.5683502814335"
"220","220","0","2318.0","222.56835028159335"
"220","220","0","2320.0","222.56835028195832"
"220","220","0","2322.0","222.5683502824141"
"220","220","0","2324.0","222.56835028228116"
"220","220","0","2326.0","222.56835028418166"
"220","220","0","2328.0","222.56835028388213"
"220","220","0","2330.0","222.56835028378495"
"220","220","0","2332.0","222.56835028428753"
"220","220","0","2334.0","222.56835028316635"
"220","220","0","2336.0","222.56835028388002"
"220","220","0","2338.0","222.56835028286363"
"220","220","0","2340.0","222.56835028186535"
"220","220","0","2342.0","222.56835028047254"
"220","220","0","2344.0","222.5683502793875"
"220","220","0","2346.0","222.56835027864852"
"220","220","0","2348.0","222.5683502786518"
"220","220","0","2350.0","222.56835027853802"
"220","220","0","2352.0","222.56835027807253"
"220","220","0","2354.0","222.56835027780915"
"220","220","0","2356.0","222.5683502802172"
"220","220","0","2358.0","222.56835028182624"
"220","220","0","2360.0","222.56835028245393"
"220","220","0","2362.0","222.56835028325264"
"220","220","0","2364.0","222.56835028439286"
"220","220","0","2366.0","222.56835028460827"
"220","220","0","2368.0","222.56835028525342"
"220","220","0","2370.0","222.56835028541101"
"220","220","0","2372.0","222.56835028443126"
"220","220","0","2374.0","222.56835028395432"
"220","220","0","2376.0","222.56835028501698"
"220","220","0","2378.0","222.56835028621268"
"220","220","0","2380.0","222.56835028606932"
"220","220","0","2382.0","222.5683502868536"
"220","220","0","2384.0","222.56835028827487"
"220","220","0","2386.0","222.56835028853308"
"220","220","0","2388.0","222.5683502888646"
"220","220","0","2390.0","222.56835028777357"
"220","220","0","2392.0","222.56835028904447"
"220","220","0","2394.0","222.5683502894039"
"220","220","0","2396.0","222.56835028847107"
"220","220","0","2398.0","222.56835028895233"
"220","220","0","2400.0","222.56835028931576"
"220","220","0","2402.0","222.568350289446"
"220","220","0","2404.0","222.5683502892565"
"220","220","0","2406.0","222.56835028974967"
"220","220","0","2408.0","222.56835029166888"
"220","220","0","2410.0","222.56835029243743"
"220","220","0","2412.0","222.56835029037438"
"220","220","0","2414.0","222.56835029310642"
"220","220","0","2416.0","222.56835029202594"
"220","220","0","2418.0","222.5683502945375"
"220","220","0","2420.0","222.56835029310295"
"220","220","0","2422.0","222.5683502948391"
"220","220","0","2424.0","222.56835029556711"
"220","220","0","2426.0","222.5683502946842"
"220","220","0","2428.0","222.56835029458634"
"220","220","0","2430.0","222.56835029390993"
"220","220","0","2432.0","222.5683502943256"
"220","220","0","2434.0","222.56835029271855"
"220","220","0","2436.0","222.5683502935343"
"220","220","0","2438.0","222.5683502920867"
"220","220","0","2440.0","222.56835029273955"
"220","220","0","2442.0","222.56835029401995"
"220","220","0","2444.0","222.56835029421214"
"220","220","0","2446.0","222.56835029587168"
"220","220","0","2448.0","222.56835029613"
"220","220","0","2450.0","222.56835029695242"
"220","220","0","2452.0","222.56835029824077"
"220","220","0","2454.0","222.56835029879852"
"220","220","0","2456.0","222.56835029859062"
"220","220","0","2458.0","222.56835029838084"
"220","220","0","2460.0","222.56835029747936"
"220","220","0","2462.0","222.5683502970478"
"220","220","0","2464.0","222.56835029615704"
"220","220","0","2466.0","222.56835029512834"
"220","220","0","2468.0","222.56835029461394"
"220","220","0","2470.0","222.56835029537248"
"220","220","0","2472.0","222.56835029582118"
"220","220","0","2474.0","222.56835029554617"
"220","220","0","2476.0","222.56835029676864"
"220","220","0","2478.0","222.56835029777136"
"220","220","0","2480.0","222.56835029988497"
"220","220","0","2482.0","222.56835029963372"
"220","220","0","2484.0","222.56835029959504"
"220","220","0","2486.0","222.56835030005547"
"220","220","0","2488.0","222.568350299618"
"220","220","0","2490.0","222.5683503009308"
"220","220","0","2492.0","222.56835030231105"
"220","220","0","2494.0","222.56835030336376"
"220","220","0","2496.0","222.56835030257196"
"220","220","0","2498.0","222.56835030160164"
"220","220","0","2500.0","222.56835030120538"
"220","220","0","2502.0","222.5683503000329"
"220","220","0","2504.0","222.56835030099032"
"220","220","0","2506.0","222.56835030309287"
"220","220","0","2508.0","222.5683503025582"
"220","220","0","2510.0","222.56835030234205"
"220","220","0","2512.0","222.5683503017673"
"220","220","0","2514.0","222.56835030031974"
"220","220","0","2516.0","222.56835030156296"
"220","220","0","2518.0","222.56835030193466"
"220","220","0","2520.0","222.56835030080327"
"220","220","0","2522.0","222.5683502996915"
"220","220","0","2524.0","222.56835029820394"
"220","220","0","2526.0","222.568350297097"
"220","220","0","2528.0","222.56835029628147"
"220","220","0","2530.0","222.56835029729785"
"220","220","0","2532.0","222.56835029678192"
"220","220","0","2534.0","222.5683502964108"
"220","220","0","2536.0","222.5683502969003"
"220","220","0","2538.0","222.56835029686934"
"220","220","0","2540.0","222.56835029585196"
"220","220","0","2542.0","222.56835029713972"
"220","220","0","2544.0","222.5683502984074"
"220","220","0","2546.0","222.5683502981002"
"220","220","0","2548.0","222.5683502963874"
"220","220","0","2550.0","222.5683502962594"
"220","220","0","2552.0","222.56835029627806"
"220","220","0","2554.0","222.56835029628755"
"220","220","0","2556.0","222.56835029587666"
"220","220","0","2558.0","222.56835029386352"
"220","220","0","2560.0","222.5683502943645"
"220","220","0","2562.0","222.56835029481903"
"220","220","0","2564.0","222.56835029486692"
"220","220","0","2566.0","222.5683502961849"
"220","220","0","2568.0","222.5683502963373"
"220","220","0","2570.0","222.56835029603877"
"220","220","0","2572.0","222.56835029583107"
"220","220","0","2574.0","222.56835029477796"
"220","220","0","2576.0","222.56835029554267"
"220","220","0","2578.0","222.56835029449047"
"220","220","0","2580.0","222.56835029603428"
"220","220","0","2582.0","222.56835029651907"
"220","220","0","2584.0","222.56835029695173"
"220","220","0","2586.0","222.56835029669008"
"220","220","0","2588.0","222.56835029672376"
"220","220","0","2590.0","222.5683502954957"
"220","220","0","2592.0","222.56835029577394"
"220","220","0","2594.0","222.56835029619174"
"220","220","0","2596.0","222.5683502972044"
"220","220","0","2598.0","222.56835029791043"
"220","220","0","2600.0","222.56835029799072"
"220","220","0","2602.0","222.5683502981295"
"220","220","0","2604.0","222.56835029777733"
"220","220","0","2606.0","222.5683502978575"
"220","220","0","2608.0","222.56835029849665"
"220","220","0","2610.0","222.56835029850618"
"220","220","0","2612.0","222.5683503014146"
"220","220","0","2614.0","222.56835030074765"
"220","220","0","2616.0","222.56835030157637"
"220","220","0","2618.0","222.56835030225838"
"220","220","0","2620.0","222.5683503026398"
"220","220","0","2622.0","222.56835030254575"
"220","220","0","2624.0","222.56835030328241"
"220","220","0","2626.0","222.5683503018832"
"220","220","0","2628.0","222.56835030267592"
"220","220","0","2630.0","222.5683503041313"
"220","220","0","2632.0","222.56835030358954"
"220","220","0","2634.0","222.56835030352693"
"220","220","0","2636.0","222.56835030561243"
"220","220","0","2638.0","222.5683503059748"
"220","220","0","2640.0","222.56835030754294"
"220","220","0","2642.0","222.56835030798203"
"220","220","0","2644.0","222.56835030686096"
"220","220","0","2646.0","222.5683503068354"
"220","220","0","2648.0","222.5683503071324"
"220","220","0","2650.0","222.56835030611063"
"220","220","0","2652.0","222.56835030581195"
"220","220","0","2654.0","222.56835030481867"
"220","220","0","2656.0","222.56835030383905"
"220","220","0","2658.0","222.56835030475588"
"220","220","0","2660.0","222.56835030531835"
"220","220","0","2662.0","222.56835030433206"
"220","220","0","2664.0","222.56835030517925"
"220","220","0","2666.0","222.5683503038738"
"220","220","0","2668.0","222.56835030337874"
"220","220","0","2670.0","222.56835030429713"
"220","220","0","2672.0","222.56835030396695"
"220","220","0","2674.0","222.56835030354858"
"220","220","0","2676.0","222.56835030360622"
"220","220","0","2678.0","222.5683503039666"
"220","220","0","2680.0","222.56835030516254"
"220","220","0","2682.0","222.5683503064741"
"220","220","0","2684.0","222.56835030539077"
"220","220","0","2686.0","222.56835030620368"
"220","220","0","2688.0","222.568350305682"
"220","220","0","2690.0","222.56835030586512"
"220","220","0","2692.0","222.5683503053192"
"220","220","0","2694.0","222.56835030542152"
"220","220","0","2696.0","222.56835030648716"
"220","220","0","2698.0","222.5683503061018"
"220","220","0","2700.0","222.5683503062378"
"220","220","0","2702.0","222.56835030686497"
"220","220","0","2704.0","222.56835030684155"
"220","220","0","2706.0","222.5683503068677"
"220","220","0","2708.0","222.56835030676135"
"220","220","0","2710.0","222.5683503073191"
"220","220","0","2712.0","222.56835030761016"
"220","220","0","2714.0","222.56835030737525"
"220","220","0","2716.0","222.56835030750256"
"220","220","0","2718.0","222.56835030732117"
"220","220","0","2720.0","222.5683503080516"
"220","220","0","2722.0","222.56835030820636"
"220","220","0","2724.0","222.5683503098934"
"220","220","0","2726.0","222.56835030984487"
"220","220","0","2728.0","222.56835031030892"
"220","220","0","2730.0","222.56835031087635"
"220","220","0","2732.0","222.56835031110958"
"220","220","0","2734.0","222.56835031016374"
"220","220","0","2736.0","222.56835031056517"
"220","220","0","2738.0","222.56835031061624"
"220","220","0","2740.0","222.56835030951927"
"220","220","0","2742.0","222.5683503092907"
"220","220","0","2744.0","222.56835030819337"
"220","220","0","2746.0","222.56835030869433"
"220","220","0","2748.0","222.5683503090253"
"220","220","0","2750.0","222.56835030935542"
"220","220","0","2752.0","222.568350307999"
"220","220","0","2754.0","222.56835030835992"
"220","220","0","2756.0","222.56835030791092"
"220","220","0","2758.0","222.56835030958916"
"220","220","0","2760.0","222.56835030958194"
"220","220","0","2762.0","222.5683503093186"
"220","220","0","2764.0","222.56835030915653"
"220","220","0","2766.0","222.56835030920072"
"220","220","0","2768.0","222.56835030950214"
"220","220","0","2770.0","222.56835030924813"
"220","220","0","2772.0","222.56835031003132"
"220","220","0","2774.0","222.56835030904804"
"220","220","0","2776.0","222.56835030956762"
"220","220","0","2778.0","222.56835031062948"
"220","220","0","2780.0","222.5683503118933"
"220","220","0","2782.0","222.56835031292042"
"220","220","0","2784.0","222.56835031215638"
"220","220","0","2786.0","222.56835031247633"
"220","220","0","2788.0","222.5683503121639"
"220","220","0","2790.0","222.56835031453795"
"220","220","0","2792.0","222.56835031413982"
"220","220","0","2794.0","222.56835031362044"
"220","220","0","2796.0","222.5683503119289"
"220","220","0","2798.0","222.56835031238344"
"220","220","0","2800.0","222.56835031202706"
"220","220","0","2802.0","222.56835031188172"
"220","220","0","2804.0","222.5683503130315"
"220","220","0","2806.0","222.56835031365603"
"220","220","0","2808.0","222.56835031308626"
"220","220","0","2810.0","222.568350312959"
"220","220","0","2812.0","222.56835031409713"
"220","220","0","2814.0","222.56835031477894"
"220","220","0","2816.0","222.56835031501524"
"220","220","0","2818.0","222.56835031430145"
"220","220","0","2820.0","222.56835031590927"
"220","220","0","2822.0","222.56835031602182"
"220","220","0","2824.0","222.56835031638664"
"220","220","0","2826.0","222.5683503163352"
"220","220","0","2828.0","222.56835031638315"
"220","220","0","2830.0","222.5683503157345"
"220","220","0","2832.0","222.56835031580974"
"220","220","0","2834.0","222.56835031623476"
"220","220","0","2836.0","222.56835031576142"
"220","220","0","2838.0","222.56835031621762"
"220","220","0","2840.0","222.56835031629723"
"220","220","0","2842.0","222.5683503177258"
"220","220","0","2844.0","222.5683503177188"
"220","220","0","2846.0","222.56835031777055"
"220","220","0","2848.0","222.56835031763427"
"220","220","0","2850.0","222.56835031868036"
"220","220","0","2852.0","222.56835031999682"
"220","220","0","2854.0","222.56835032040516"
"220","220","0","2856.0","222.56835032076899"
"220","220","0","2858.0","222.56835032175502"
"220","220","0","2860.0","222.56835032163542"
"220","220","0","2862.0","222.56835032065527"
"220","220","0","2864.0","222.5683503213633"
"220","220","0","2866.0","222.56835032153526"
"220","220","0","2868.0","222.56835032211504"
"220","220","0","2870.0","222.56835032220127"
"220","220","0","2872.0","222.5683503224149"
"220","220","0","2874.0","222.56835032219882"
"220","220","0","2876.0","222.56835032111263"
"220","220","0","2878.0","222.5683503218552"
"220","220","0","2880.0","222.56835032178333"
"220","220","0","2882.0","222.56835032189102"
"220","220","0","2884.0","222.56835032052462"
"220","220","0","2886.0","222.56835032048247"
"220","220","0","2888.0","222.56835031958315"
"220","220","0","2890.0","222.568350319225"
"220","220","0","2892.0","222.568350320068"
"220","220","0","2894.0","222.5683503205241"
"220","220","0","2896.0","222.5683503205235"
"220","220","0","2898.0","222.56835031998565"
"220","220","0","2900.0","222.5683503197321"
"220","220","0","2902.0","222.56835031953128"
"220","220","0","2904.0","222.56835032004054"
"220","220","0","2906.0","222.5683503203923"
"220","220","0","2908.0","222.5683503212356"
"220","220","0","2910.0","222.56835032109282"
"220","220","0","2912.0","222.56835032180123"
"220","220","0","2914.0","222.5683503223645"
"220","220","0","2916.0","222.56835032205072"
"220","220","0","2918.0","222.56835032150065"
"220","220","0","2920.0","222.5683503223774"
"220","220","0","2922.0","222.56835032301183"
"220","220","0","2924.0","222.56835032384123"
"220","220","0","2926.0","222.56835032450087"
"220","220","0","2928.0","222.56835032500578"
"220","220","0","2930.0","222.56835032518723"
"220","220","0","2932.0","222.56835032550023"
"220","220","0","2934.0","222.56835032514786"
"220","220","0","2936.0","222.56835032597445"
"220","220","0","2938.0","222.56835032669846"
"220","220","0","2940.0","222.56835032719584"
"220","220","0","2942.0","222.5683503267873"
"220","220","0","2944.0","222.56835032660655"
"220","220","0","2946.0","222.5683503269662"
"220","220","0","2948.0","222.56835032648723"
"220","220","0","2950.0","222.56835032677813"
"220","220","0","2952.0","222.56835032709625"
"220","220","0","2954.0","222.56835032749052"
"220","220","0","2956.0","222.5683503269306"
"220","220","0","2958.0","222.56835032665137"
"220","220","0","2960.0","222.56835032605187"
"220","220","0","2962.0","222.56835032663508"
"220","220","0","2964.0","222.56835032709816"
"220","220","0","2966.0","222.5683503277946"
"220","220","0","2968.0","222.56835032726386"
"220","220","0","2970.0","222.56835032666908"
"220","220","0","2972.0","222.56835032664074"
"220","220","0","2974.0","222.56835032652447"
"220","220","0","2976.0","222.56835032659788"
"220","220","0","2978.0","222.568350326144"
"220","220","0","2980.0","222.5683503260645"
"220","220","0","2982.0","222.56835032597144"
"220","220","0","2984.0","222.56835032518362"
"220","220","0","2986.0","222.5683503249516"
"220","220","0","2988.0","222.56835032403106"
"220","220","0","2990.0","222.5683503239109"
"220","220","0","2992.0","222.56835032380963"
"220","220","0","2994.0","222.56835032376125"
"220","220","0","2996.0","222.5683503236217"
"220","220","0","2998.0","222.56835032342934"
"220","220","0","3000.0","222.5683503234662"
"220","220","0","3002.0","222.56835032378862"
"220","220","0","3004.0","222.56835032456604"
"220","220","0","3006.0","222.56835032481303"
"220","220","0","3008.0","222.56835032511668"
"220","220","0","3010.0","222.56835032564558"
"220","220","0","3012.0","222.56835032624375"
"220","220","0","3014.0","222.56835032580588"
"220","220","0","3016.0","222.56835032504176"
"220","220","0","3018.0","222.56835032546584"
"220","220","0","3020.0","222.56835032426204"
"220","220","0","3022.0","222.5683503239494"
"220","220","0","3024.0","222.56835032430985"
"220","220","0","3026.0","222.56835032326237"
"220","220","0","3028.0","222.5683503229447"
"220","220","0","3030.0","222.56835032268168"
"220","220","0","3032.0","222.56835032330596"
"220","220","0","3034.0","222.56835032345293"
"220","220","0","3036.0","222.56835032363293"
"220","220","0","3038.0","222.56835032348548"
"220","220","0","3040.0","222.56835032385132"
"220","220","0","3042.0","222.56835032426724"
"220","220","0","3044.0","222.56835032389023"
"220","220","0","3046.0","222.56835032319532"
"220","220","0","3048.0","222.56835032358669"
"220","220","0","3050.0","222.5683503233613"
"220","220","0","3052.0","222.56835032389108"
"220","220","0","3054.0","222.56835032429933"
"220","220","0","3056.0","222.56835032457212"
"220","220","0","3058.0","222.56835032475917"
"220","220","0","3060.0","222.56835032537373"
"220","220","0","3062.0","222.56835032565562"
"220","220","0","3064.0","222.56835032566926"
"220","220","0","3066.0","222.56835032492438"
"220","220","0","3068.0","222.5683503249696"
"220","220","0","3070.0","222.5683503241727"
"220","220","0","3072.0","222.56835032472986"
"220","220","0","3074.0","222.5683503255053"
"220","220","0","3076.0","222.56835032563444"
"220","220","0","3078.0","222.56835032530802"
"220","220","0","3080.0","222.5683503264136"
"220","220","0","3082.0","222.56835032677117"
"220","220","0","3084.0","222.56835032698783"
"220","220","0","3086.0","222.56835032751087"
"220","220","0","3088.0","222.56835032744814"
"220","220","0","3090.0","222.5683503270077"
"220","220","0","3092.0","222.56835032748268"
"220","220","0","3094.0","222.56835032746943"
"220","220","0","3096.0","222.56835032769487"
"220","220","0","3098.0","222.568350327877"
"220","220","0","3100.0","222.56835032753037"
"220","220","0","3102.0","222.56835032665944"
"220","220","0","3104.0","222.56835032620893"
"220","220","0","3106.0","222.56835032671464"
"220","220","0","3108.0","222.56835032678507"
"220","220","0","3110.0","222.5683503267925"
"220","220","0","3112.0","222.56835032628922"
"220","220","0","3114.0","222.56835032707963"
"220","220","0","3116.0","222.56835032771707"
"220","220","0","3118.0","222.56835032730498"
"220","220","0","3120.0","222.56835032716725"
"220","220","0","3122.0","222.56835032853866"
"220","220","0","3124.0","222.56835032980288"
"220","220","0","3126.0","222.56835032973797"
"220","220","0","3128.0","222.56835032968323"
"220","220","0","3130.0","222.56835033026832"
"220","220","0","3132.0","222.56835033008952"
"220","220","0","3134.0","222.56835032993513"
"220","220","0","3136.0","222.56835033060491"
"220","220","0","3138.0","222.5683503304958"
"220","220","0","3140.0","222.56835033068288"
"220","220","0","3142.0","222.56835033118557"
"220","220","0","3144.0","222.56835033134314"
"220","220","0","3146.0","222.56835033150773"
"220","220","0","3148.0","222.5683503312437"
"220","220","0","3150.0","222.56835033156446"
"220","220","0","3152.0","222.56835033130324"
"220","220","0","3154.0","222.5683503317481"
"220","220","0","3156.0","222.56835033239648"
"220","220","0","3158.0","222.56835033270048"
"220","220","0","3160.0","222.56835033275414"
"220","220","0","3162.0","222.56835033317907"
"220","220","0","3164.0","222.56835033354767"
"220","220","0","3166.0","222.56835033271312"
"220","220","0","3168.0","222.56835033233793"
"220","220","0","3170.0","222.56835033323915"
"220","220","0","3172.0","222.5683503324829"
"220","220","0","3174.0","222.56835033272543"
"220","220","0","3176.0","222.5683503325647"
"220","220","0","3178.0","222.56835033223305"
"220","220","0","3180.0","222.56835033193317"
"220","220","0","3182.0","222.5683503324584"
"220","220","0","3184.0","222.56835033277804"
"220","220","0","3186.0","222.56835033232394"
"220","220","0","3188.0","222.56835033158254"
"220","220","0","3190.0","222.56835033144108"
"220","220","0","3192.0","222.56835033189583"
"220","220","0","3194.0","222.56835033136247"
"220","220","0","3196.0","222.5683503314648"
"220","220","0","3198.0","222.5683503318441"
"220","220","0","3200.0","222.56835033131244"
"220","220","0","3202.0","222.5683503316244"
"220","220","0","3204.0","222.56835033186778"
"220","220","0","3206.0","222.56835033148943"
"220","220","0","3208.0","222.56835033067009"
"220","220","0","3210.0","222.5683503303614"
"220","220","0","3212.0","222.56835033012433"
"220","220","0","3214.0","222.5683503299258"
"220","220","0","3216.0","222.56835032956144"
"220","220","0","3218.0","222.56835033002994"
"220","220","0","3220.0","222.5683503298534"
"220","220","0","3222.0","222.5683503298005"
"220","220","0","3224.0","222.56835032989062"
"220","220","0","3226.0","222.56835033107663"
"220","220","0","3228.0","222.56835033091795"
"220","220","0","3230.0","222.5683503305163"
"220","220","0","3232.0","222.5683503301646"
"220","220","0","3234.0","222.56835033059332"
"220","220","0","3236.0","222.56835033009804"
"220","220","0","3238.0","222.5683503304908"
"220","220","0","3240.0","222.5683503302692"
"220","220","0","3242.0","222.56835033112822"
"220","220","0","3244.0","222.56835033157006"
"220","220","0","3246.0","222.56835033143284"
"220","220","0","3248.0","222.56835033150642"
"220","220","0","3250.0","222.56835033180025"
"220","220","0","3252.0","222.56835033185558"
"220","220","0","3254.0","222.5683503316381"
"220","220","0","3256.0","222.56835033161252"
"220","220","0","3258.0","222.56835033143602"
"220","220","0","3260.0","222.5683503316037"
"220","220","0","3262.0","222.5683503320891"
"220","220","0","3264.0","222.56835033125842"
"220","220","0","3266.0","222.5683503315251"
"220","220","0","3268.0","222.56835033103718"
"220","220","0","3270.0","222.5683503317142"
"220","220","0","3272.0","222.5683503320765"
"220","220","0","3274.0","222.56835033246463"
"220","220","0","3276.0","222.56835033190518"
"220","220","0","3278.0","222.56835033243226"
"220","220","0","3280.0","222.56835033261402"
"220","220","0","3282.0","222.56835033201406"
"220","220","0","3284.0","222.5683503327898"
"220","220","0","3286.0","222.56835033286046"
"220","220","0","3288.0","222.56835033321917"
"220","220","0","3290.0","222.56835033330287"
"220","220","0","3292.0","222.56835033363436"
"220","220","0","3294.0","222.5683503335658"
"220","220","0","3296.0","222.56835033314638"
"220","220","0","3298.0","222.56835033368037"
"220","220","0","3300.0","222.5683503334899"
"220","220","0","3302.0","222.5683503338538"
"220","220","0","3304.0","222.56835033376578"
"220","220","0","3306.0","222.5683503342445"
"220","220","0","3308.0","222.5683503343348"
"220","220","0","3310.0","222.5683503347779"
"220","220","0","3312.0","222.56835033480482"
"220","220","0","3314.0","222.56835033502674"
"220","220","0","3316.0","222.56835033578136"
"220","220","0","3318.0","222.56835033587578"
"220","220","0","3320.0","222.56835033623156"
"220","220","0","3322.0","222.5683503362997"
"220","220","0","3324.0","222.56835033624165"
"220","220","0","3326.0","222.56835033608775"
"220","220","0","3328.0","222.56835033588604"
"220","220","0","3330.0","222.56835033601698"
"220","220","0","3332.0","222.5683503362941"
"220","220","0","3334.0","222.56835033619134"
"220","220","0","3336.0","222.56835033678468"
"220","220","0","3338.0","222.56835033697303"
"220","220","0","3340.0","222.56835033698476"
"220","220","0","3342.0","222.56835033637662"
"220","220","0","3344.0","222.568350336549"
"220","220","0","3346.0","222.56835033613044"
"220","220","0","3348.0","222.56835033645632"
"220","220","0","3350.0","222.5683503362414"
"220","220","0","3352.0","222.56835033617568"
"220","220","0","3354.0","222.56835033676612"
"220","220","0","3356.0","222.56835033671945"
"220","220","0","3358.0","222.56835033719497"
"220","220","0","3360.0","222.5683503378494"
"220","220","0","3362.0","222.56835033797142"
"220","220","0","3364.0","222.56835033728805"
"220","220","0","3366.0","222.56835033693167"
"220","220","0","3368.0","222.56835033673622"
"220","220","0","3370.0","222.56835033672766"
"220","220","0","3372.0","222.5683503372607"
"220","220","0","3374.0","222.56835033787644"
"220","220","0","3376.0","222.568350338334"
"220","220","0","3378.0","222.5683503386791"
"220","220","0","3380.0","222.56835033814522"
"220","220","0","3382.0","222.5683503381279"
"220","220","0","3384.0","222.56835033826243"
"220","220","0","3386.0","222.56835033819308"
"220","220","0","3388.0","222.56835033805268"
"220","220","0","3390.0","222.568350339109"
"220","220","0","3392.0","222.56835033893094"
"220","220","0","3394.0","222.56835033945367"
"220","220","0","3396.0","222.56835033978717"
"220","220","0","3398.0","222.5683503396005"
"220","220","0","3400.0","222.5683503395668"
"220","220","0","3402.0","222.56835033901234"
"220","220","0","3404.0","222.56835033889354"
"220","220","0","3406.0","222.5683503386416"
"220","220","0","3408.0","222.56835033926615"
"220","220","0","3410.0","222.56835033946882"
"220","220","0","3412.0","222.56835033944142"
"220","220","0","3414.0","222.56835033943585"
"220","220","0","3416.0","222.56835033947098"
"220","220","0","3418.0","222.56835033921544"
"220","220","0","3420.0","222.56835033904994"
"220","220","0","3422.0","222.5683503392243"
"220","220","0","3424.0","222.5683503392475"
"220","220","0","3426.0","222.56835033920646"
"220","220","0","3428.0","222.56835033949181"
"220","220","0","3430.0","222.56835033984973"
"220","220","0","3432.0","222.56835033965248"
"220","220","0","3434.0","222.56835033960309"
"220","220","0","3436.0","222.56835033942372"
"220","220","0","3438.0","222.56835033965464"
"220","220","0","3440.0","222.56835033952217"
"220","220","0","3442.0","222.56835033906884"
"220","220","0","3444.0","222.56835033892935"
"220","220","0","3446.0","222.5683503389851"
"220","220","0","3448.0","222.56835033886244"
"220","220","0","3450.0","222.56835033878366"
"220","220","0","3452.0","222.56835033847756"
"220","220","0","3454.0","222.56835033931242"
"220","220","0","3456.0","222.56835033999138"
"220","220","0","3458.0","222.56835033948144"
"220","220","0","3460.0","222.5683503393683"
"220","220","0","3462.0","222.56835033929335"
"220","220","0","3464.0","222.5683503394395"
"220","220","0","3466.0","222.56835033942153"
"220","220","0","3468.0","222.5683503389787"
"220","220","0","3470.0","222.5683503384929"
"220","220","0","3472.0","222.56835033906427"
"220","220","0","3474.0","222.56835033984888"
"220","220","0","3476.0","222.56835033998937"
"220","220","0","3478.0","222.56835034022887"
"220","220","0","3480.0","222.56835034012096"
"220","220","0","3482.0","222.56835033985732"
"220","220","0","3484.0","222.56835033976216"
"220","220","0","3486.0","222.5683503398211"
"220","220","0","3488.0","222.5683503400673"
"220","220","0","3490.0","222.56835034039324"
"220","220","0","3492.0","222.56835034056817"
"220","220","0","3494.0","222.56835034080257"
"220","220","0","3496.0","222.56835034030394"
"220","220","0","3498.0","222.56835034049772"
"220","220","0","3500.0","222.5683503404222"
"220","220","0","3502.0","222.5683503406138"
"220","220","0","3504.0","222.56835034041106"
"220","220","0","3506.0","222.56835034059173"
"220","220","0","3508.0","222.5683503410873"
"220","220","0","3510.0","222.5683503410803"
"220","220","0","3512.0","222.56835034071608"
"220","220","0","3514.0","222.56835034080478"
"220","220","0","3516.0","222.56835034078088"
"220","220","0","3518.0","222.56835034113894"
"220","220","0","3520.0","222.56835034090233"
"220","220","0","3522.0","222.5683503405861"
"220","220","0","3524.0","222.56835034028586"
"220","220","0","3526.0","222.56835034033443"
"220","220","0","3528.0","222.56835034046327"
"220","220","0","3530.0","222.56835034076713"
"220","220","0","3532.0","222.56835034057173"
"220","220","0","3534.0","222.56835034074166"
"220","220","0","3536.0","222.56835034104094"
"220","220","0","3538.0","222.5683503407952"
"220","220","0","3540.0","222.56835034113558"
"220","220","0","3542.0","222.5683503414725"
"220","220","0","3544.0","222.56835034117572"
"220","220","0","3546.0","222.56835034083764"
"220","220","0","3548.0","222.5683503407153"
"220","220","0","3550.0","222.5683503404086"
"220","220","0","3552.0","222.5683503401449"
"220","220","0","3554.0","222.56835034022245"
"220","220","0","3556.0","222.56835034003097"
"220","220","0","3558.0","222.5683503402911"
"220","220","0","3560.0","222.56835034004888"
"220","220","0","3562.0","222.56835034025409"
"220","220","0","3564.0","222.56835034048765"
"220","220","0","3566.0","222.56835034056985"
"220","220","0","3568.0","222.56835034071128"
"220","220","0","3570.0","222.5683503403643"
"220","220","0","3572.0","222.5683503399195"
"220","220","0","3574.0","222.56835034005852"
"220","220","0","3576.0","222.56835034024454"
"220","220","0","3578.0","222.56835034021657"
"220","220","0","3580.0","222.5683503401967"
"220","220","0","3582.0","222.5683503402107"
"220","220","0","3584.0","222.56835033993505"
"220","220","0","3586.0","222.56835034012263"
"220","220","0","3588.0","222.5683503396548"
"220","220","0","3590.0","222.56835033968952"
"220","220","0","3592.0","222.56835033986778"
"220","220","0","3594.0","222.5683503396213"
"220","220","0","3596.0","222.56835033930244"
"220","220","0","3598.0","222.56835033923952"
"220","220","0","3600.0","222.56835033946467"
"220","220","0","3602.0","222.56835033947445"
"220","220","0","3604.0","222.56835033944077"
"220","220","0","3606.0","222.56835033961133"
"220","220","0","3608.0","222.5683503393776"
"220","220","0","3610.0","222.56835033914498"
"220","220","0","3612.0","222.5683503391573"
"220","220","0","3614.0","222.56835033911284"
"220","220","0","3616.0","222.56835033930764"
"220","220","0","3618.0","222.56835033981338"
"220","220","0","3620.0","222.56835033965186"
"220","220","0","3622.0","222.56835033958706"
"220","220","0","3624.0","222.56835033960155"
"220","220","0","3626.0","222.56835034008827"
"220","220","0","3628.0","222.56835034045454"
"220","220","0","3630.0","222.56835034020054"
"220","220","0","3632.0","222.56835034005903"
"220","220","0","3634.0","222.56835034016427"
"220","220","0","3636.0","222.5683503400709"
"220","220","0","3638.0","222.56835034035691"
"220","220","0","3640.0","222.56835034015654"
"220","220","0","3642.0","222.56835034034088"
"220","220","0","3644.0","222.56835033999977"
"220","220","0","3646.0","222.56835033999448"
"220","220","0","3648.0","222.56835033980144"
"220","220","0","3650.0","222.56835033977208"
"220","220","0","3652.0","222.5683503397316"
"220","220","0","3654.0","222.56835033919089"
"220","220","0","3656.0","222.56835033935"
"220","220","0","3658.0","222.56835033902792"
"220","220","0","3660.0","222.5683503393187"
"220","220","0","3662.0","222.56835033993787"
"220","220","0","3664.0","222.5683503402991"
"220","220","0","3666.0","222.56835034025664"
"220","220","0","3668.0","222.56835034014387"
"220","220","0","3670.0","222.568350340363"
"220","220","0","3672.0","222.5683503405068"
"220","220","0","3674.0","222.5683503404018"
"220","220","0","3676.0","222.56835034009038"
"220","220","0","3678.0","222.56835033991513"
"220","220","0","3680.0","222.56835033994378"
"220","220","0","3682.0","222.5683503400162"
"220","220","0","3684.0","222.56835033963074"
"220","220","0","3686.0","222.56835033963114"
"220","220","0","3688.0","222.56835033985843"
"220","220","0","3690.0","222.56835033989776"
"220","220","0","3692.0","222.5683503396062"
"220","220","0","3694.0","222.56835033939322"
"220","220","0","3696.0","222.56835033981457"
"220","220","0","3698.0","222.5683503397382"
"220","220","0","3700.0","222.56835033984228"
"220","220","0","3702.0","222.56835033996813"
"220","220","0","3704.0","222.5683503402909"
"220","220","0","3706.0","222.56835034015623"
"220","220","0","3708.0","222.5683503405102"
"220","220","0","3710.0","222.5683503404171"
"220","220","0","3712.0","222.5683503403119"
"220","220","0","3714.0","222.56835034047575"
"220","220","0","3716.0","222.56835034060893"
"220","220","0","3718.0","222.56835034073916"
"220","220","0","3720.0","222.56835034016137"
"220","220","0","3722.0","222.56835034032088"
"220","220","0","3724.0","222.56835034041666"
"220","220","0","3726.0","222.56835034034557"
"220","220","0","3728.0","222.56835034043993"
"220","220","0","3730.0","222.56835034018852"
"220","220","0","3732.0","222.56835033994213"
"220","220","0","3734.0","222.56835033978115"
"220","220","0","3736.0","222.56835033927416"
"220","220","0","3738.0","222.56835033948065"
"220","220","0","3740.0","222.56835033991925"
"220","220","0","3742.0","222.568350339875"
"220","220","0","3744.0","222.56835033982924"
"220","220","0","3746.0","222.568350339788"
"220","220","0","3748.0","222.56835033969162"
"220","220","0","3750.0","222.5683503396305"
"220","220","0","3752.0","222.56835033993676"
"220","220","0","3754.0","222.56835033991567"
"220","220","0","3756.0","222.56835033999988"
"220","220","0","3758.0","222.56835034018098"
"220","220","0","3760.0","222.56835034044713"
"220","220","0","3762.0","222.5683503406288"
"220","220","0","3764.0","222.56835034046466"
"220","220","0","3766.0","222.56835034089144"
"220","220","0","3768.0","222.5683503411303"
"220","220","0","3770.0","222.56835034156225"
"220","220","0","3772.0","222.5683503416517"
"220","220","0","3774.0","222.56835034201987"
"220","220","0","3776.0","222.5683503420459"
"220","220","0","3778.0","222.5683503419454"
"220","220","0","3780.0","222.56835034208507"
"220","220","0","3782.0","222.56835034230295"
"220","220","0","3784.0","222.5683503425525"
"220","220","0","3786.0","222.56835034268147"
"220","220","0","3788.0","222.56835034253726"
"220","220","0","3790.0","222.5683503426144"
"220","220","0","3792.0","222.56835034266155"
"220","220","0","3794.0","222.5683503427189"
"220","220","0","3796.0","222.56835034248638"
"220","220","0","3798.0","222.56835034216746"
"220","220","0","3800.0","222.56835034240785"
"220","220","0","3802.0","222.56835034209868"
"220","220","0","3804.0","222.56835034199992"
"220","220","0","3806.0","222.56835034218057"
"220","220","0","3808.0","222.56835034190794"
"220","220","0","3810.0","222.56835034197348"
"220","220","0","3812.0","222.56835034172065"
"220","220","0","3814.0","222.56835034180602"
"220","220","0","3816.0","222.56835034199906"
"220","220","0","3818.0","222.56835034211358"
"220","220","0","3820.0","222.56835034204477"
"220","220","0","3822.0","222.56835034195478"
"220","220","0","3824.0","222.5683503422208"
"220","220","0","3826.0","222.56835034217733"
"220","220","0","3828.0","222.5683503423312"
"220","220","0","3830.0","222.56835034233163"
"220","220","0","3832.0","222.56835034207552"
"220","220","0","3834.0","222.56835034206085"
"220","220","0","3836.0","222.5683503423344"
"220","220","0","3838.0","222.5683503423879"
"220","220","0","3840.0","222.5683503428839"
"220","220","0","3842.0","222.5683503434239"
"220","220","0","3844.0","222.56835034341532"
"220","220","0","3846.0","222.56835034362987"
"220","220","0","3848.0","222.5683503437463"
"220","220","0","3850.0","222.56835034356826"
"220","220","0","3852.0","222.56835034362896"
"220","220","0","3854.0","222.56835034364227"
"220","220","0","3856.0","222.568350343808"
"220","220","0","3858.0","222.56835034390966"
"220","220","0","3860.0","222.56835034407254"
"220","220","0","3862.0","222.5683503447725"
"220","220","0","3864.0","222.56835034466715"
"220","220","0","3866.0","222.56835034505468"
"220","220","0","3868.0","222.5683503451947"
"220","220","0","3870.0","222.56835034492764"
"220","220","0","3872.0","222.5683503450029"
"220","220","0","3874.0","222.56835034492187"
"220","220","0","3876.0","222.5683503449568"
"220","220","0","3878.0","222.56835034512602"
"220","220","0","3880.0","222.5683503446733"
"220","220","0","3882.0","222.56835034422514"
"220","220","0","3884.0","222.56835034438032"
"220","220","0","3886.0","222.5683503441142"
"220","220","0","3888.0","222.56835034414078"
"220","220","0","3890.0","222.56835034423005"
"220","220","0","3892.0","222.5683503443439"
"220","220","0","3894.0","222.56835034441835"
"220","220","0","3896.0","222.56835034449892"
"220","220","0","3898.0","222.56835034431876"
"220","220","0","3900.0","222.56835034421636"
"220","220","0","3902.0","222.5683503443565"
"220","220","0","3904.0","222.5683503444559"
"220","220","0","3906.0","222.56835034453107"
"220","220","0","3908.0","222.5683503445116"
"220","220","0","3910.0","222.56835034426032"
"220","220","0","3912.0","222.56835034442759"
"220","220","0","3914.0","222.56835034458973"
"220","220","0","3916.0","222.5683503452249"
"220","220","0","3918.0","222.56835034491357"
"220","220","0","3920.0","222.56835034464694"
"220","220","0","3922.0","222.56835034437026"
"220","220","0","3924.0","222.5683503443633"
"220","220","0","3926.0","222.5683503441637"
"220","220","0","3928.0","222.5683503443519"
"220","220","0","3930.0","222.56835034431555"
"220","220","0","3932.0","222.56835034372602"
"220","220","0","3934.0","222.56835034360353"
"220","220","0","3936.0","222.5683503435749"
"220","220","0","3938.0","222.56835034383474"
"220","220","0","3940.0","222.56835034383596"
"220","220","0","3942.0","222.56835034374214"
"220","220","0","3944.0","222.56835034394723"
"220","220","0","3946.0","222.5683503438751"
"220","220","0","3948.0","222.56835034368393"
"220","220","0","3950.0","222.56835034361785"
"220","220","0","3952.0","222.56835034351664"
"220","220","0","3954.0","222.5683503434243"
"220","220","0","3956.0","222.5683503435102"
"220","220","0","3958.0","222.56835034324246"
"220","220","0","3960.0","222.5683503431289"
"220","220","0","3962.0","222.56835034334443"
"220","220","0","3964.0","222.56835034329117"
"220","220","0","3966.0","222.56835034370982"
"220","220","0","3968.0","222.568350343684"
"220","220","0","3970.0","222.56835034370133"
"220","220","0","3972.0","222.56835034375834"
"220","220","0","3974.0","222.56835034383974"
"220","220","0","3976.0","222.56835034357664"
"220","220","0","3978.0","222.56835034372241"
"220","220","0","3980.0","222.56835034338945"
"220","220","0","3982.0","222.56835034380023"
"220","220","0","3984.0","222.5683503437162"
"220","220","0","3986.0","222.56835034374572"
"220","220","0","3988.0","222.56835034370155"
"220","220","0","3990.0","222.5683503438979"
"220","220","0","3992.0","222.56835034394211"
"220","220","0","3994.0","222.56835034394237"
"220","220","0","3996.0","222.568350343775"
"220","220","0","3998.0","222.56835034332448"
"220","220","0","4000.0","222.56835034335845"
"220","220","0","4002.0","222.56835034362064"
"220","220","0","4004.0","222.5683503437466"
"220","220","0","4006.0","222.56835034355856"
"220","220","0","4008.0","222.56835034367802"
"220","220","0","4010.0","222.5683503438534"
"220","220","0","4012.0","222.56835034387436"
"220","220","0","4014.0","222.56835034376206"
"220","220","0","4016.0","222.56835034373754"
"220","220","0","4018.0","222.56835034367649"
"220","220","0","4020.0","222.56835034370582"
"220","220","0","4022.0","222.5683503434601"
"220","220","0","4024.0","222.56835034360097"
"220","220","0","4026.0","222.568350343746"
"220","220","0","4028.0","222.56835034381"
"220","220","0","4030.0","222.56835034383997"
"220","220","0","4032.0","222.56835034374825"
"220","220","0","4034.0","222.56835034355973"
"220","220","0","4036.0","222.56835034365432"
"220","220","0","4038.0","222.56835034335086"
"220","220","0","4040.0","222.56835034369175"
"220","220","0","4042.0","222.56835034377357"
"220","220","0","4044.0","222.56835034366628"
"220","220","0","4046.0","222.56835034349643"
"220","220","0","4048.0","222.56835034359597"
"220","220","0","4050.0","222.568350343786"
"220","220","0","4052.0","222.5683503438391"
"220","220","0","4054.0","222.568350343803"
"220","220","0","4056.0","222.56835034362334"
"220","220","0","4058.0","222.56835034367964"
"220","220","0","4060.0","222.56835034384673"
"220","220","0","4062.0","222.56835034370414"
"220","220","0","4064.0","222.56835034373006"
"220","220","0","4066.0","222.56835034395124"
"220","220","0","4068.0","222.56835034369325"
"220","220","0","4070.0","222.5683503438617"
"220","220","0","4072.0","222.56835034357516"
"220","220","0","4074.0","222.5683503435513"
"220","220","0","4076.0","222.5683503436072"
"220","220","0","4078.0","222.5683503436848"
"220","220","0","4080.0","222.56835034407732"
"220","220","0","4082.0","222.56835034405532"
"220","220","0","4084.0","222.5683503439823"
"220","220","0","4086.0","222.56835034442364"
"220","220","0","4088.0","222.56835034442378"
"220","220","0","4090.0","222.56835034456384"
"220","220","0","4092.0","222.56835034471703"
"220","220","0","4094.0","222.5683503447693"
"220","220","0","4096.0","222.56835034469742"
"220","220","0","4098.0","222.56835034495685"
"220","220","0","4100.0","222.5683503448349"
"220","220","0","4102.0","222.56835034482452"
"220","220","0","4104.0","222.5683503448501"
"220","220","0","4106.0","222.56835034506216"
"220","220","0","4108.0","222.5683503449489"
"220","220","0","4110.0","222.56835034491462"
"220","220","0","4112.0","222.56835034482475"
"220","220","0","4114.0","222.56835034500352"
"220","220","0","4116.0","222.56835034456492"
"220","220","0","4118.0","222.56835034481142"
"220","220","0","4120.0","222.56835034474955"
"220","220","0","4122.0","222.56835034466124"
"220","220","0","4124.0","222.56835034475287"
"220","220","0","4126.0","222.56835034488506"
"220","220","0","4128.0","222.56835034503752"
"220","220","0","4130.0","222.5683503451813"
"220","220","0","4132.0","222.56835034514964"
"220","220","0","4134.0","222.5683503451447"
"220","220","0","4136.0","222.56835034502652"
"220","220","0","4138.0","222.56835034506423"
"220","220","0","4140.0","222.56835034508222"
"220","220","0","4142.0","222.56835034508944"
"220","220","0","4144.0","222.56835034517948"
"220","220","0","4146.0","222.56835034545492"
"220","220","0","4148.0","222.56835034547885"
"220","220","0","4150.0","222.5683503456827"
"220","220","0","4152.0","222.56835034578796"
"220","220","0","4154.0","222.56835034577233"
"220","220","0","4156.0","222.5683503457972"
"220","220","0","4158.0","222.56835034586905"
"220","220","0","4160.0","222.56835034590284"
"220","220","0","4162.0","222.5683503458126"
"220","220","0","4164.0","222.56835034561107"
"220","220","0","4166.0","222.56835034571023"
"220","220","0","4168.0","222.56835034574883"
"220","220","0","4170.0","222.568350345488"
"220","220","0","4172.0","222.56835034514933"
"220","220","0","4174.0","222.56835034517883"
"220","220","0","4176.0","222.56835034505332"
"220","220","0","4178.0","222.5683503450645"
"220","220","0","4180.0","222.5683503451306"
"220","220","0","4182.0","222.56835034502194"
"220","220","0","4184.0","222.5683503450721"
"220","220","0","4186.0","222.5683503451615"
"220","220","0","4188.0","222.5683503452447"
"220","220","0","4190.0","222.56835034526796"
"220","220","0","4192.0","222.5683503452476"
"220","220","0","4194.0","222.56835034537653"
"220","220","0","4196.0","222.56835034552861"
"220","220","0","4198.0","222.5683503455797"
"220","220","0","4200.0","222.56835034545458"
"220","220","0","4202.0","222.568350345527"
"220","220","0","4204.0","222.56835034566996"
"220","220","0","4206.0","222.56835034562857"
"220","220","0","4208.0","222.5683503455592"
"220","220","0","4210.0","222.56835034557656"
"220","220","0","4212.0","222.56835034543212"
"220","220","0","4214.0","222.5683503453799"
"220","220","0","4216.0","222.56835034539915"
"220","220","0","4218.0","222.56835034518235"
"220","220","0","4220.0","222.5683503450849"
"220","220","0","4222.0","222.56835034519258"
"220","220","0","4224.0","222.56835034543036"
"220","220","0","4226.0","222.56835034574797"
"220","220","0","4228.0","222.5683503456621"
"220","220","0","4230.0","222.5683503454686"
"220","220","0","4232.0","222.56835034569642"
"220","220","0","4234.0","222.56835034579345"
"220","220","0","4236.0","222.56835034582667"
"220","220","0","4238.0","222.5683503458727"
"220","220","0","4240.0","222.56835034588866"
"220","220","0","4242.0","222.56835034598583"
"220","220","0","4244.0","222.5683503458179"
"220","220","0","4246.0","222.5683503461495"
"220","220","0","4248.0","222.56835034602298"
"220","220","0","4250.0","222.568350346095"
"220","220","0","4252.0","222.56835034629714"
"220","220","0","4254.0","222.56835034635998"
"220","220","0","4256.0","222.56835034629245"
"220","220","0","4258.0","222.56835034634437"
"220","220","0","4260.0","222.56835034645772"
"220","220","0","4262.0","222.5683503463279"
"220","220","0","4264.0","222.56835034624504"
"220","220","0","4266.0","222.56835034634216"
"220","220","0","4268.0","222.56835034614602"
"220","220","0","4270.0","222.56835034608278"
"220","220","0","4272.0","222.56835034623072"
"220","220","0","4274.0","222.56835034643996"
"220","220","0","4276.0","222.56835034617754"
"220","220","0","4278.0","222.5683503461853"
"220","220","0","4280.0","222.56835034599465"
"220","220","0","4282.0","222.56835034597893"
"220","220","0","4284.0","222.56835034582443"
"220","220","0","4286.0","222.56835034568894"
"220","220","0","4288.0","222.5683503457201"
"220","220","0","4290.0","222.56835034567968"
"220","220","0","4292.0","222.56835034561823"
"220","220","0","4294.0","222.56835034561664"
"220","220","0","4296.0","222.56835034562152"
"220","220","0","4298.0","222.5683503457136"
"220","220","0","4300.0","222.56835034584273"
"220","220","0","4302.0","222.56835034586132"
"220","220","0","4304.0","222.5683503460145"
"220","220","0","4306.0","222.56835034634435"
"220","220","0","4308.0","222.56835034635856"
"220","220","0","4310.0","222.56835034627645"
"220","220","0","4312.0","222.56835034632203"
"220","220","0","4314.0","222.56835034635662"
"220","220","0","4316.0","222.5683503464571"
"220","220","0","4318.0","222.56835034645374"
"220","220","0","4320.0","222.56835034652005"
"220","220","0","4322.0","222.56835034671838"
"220","220","0","4324.0","222.56835034671465"
"220","220","0","4326.0","222.5683503467443"
"220","220","0","4328.0","222.5683503469588"
"220","220","0","4330.0","222.5683503469597"
"220","220","0","4332.0","222.56835034684627"
"220","220","0","4334.0","222.56835034703636"
"220","220","0","4336.0","222.5683503469107"
"220","220","0","4338.0","222.56835034699316"
"220","220","0","4340.0","222.5683503469321"
"220","220","0","4342.0","222.56835034708135"
"220","220","0","4344.0","222.5683503471381"
"220","220","0","4346.0","222.56835034721635"
"220","220","0","4348.0","222.5683503472617"
"220","220","0","4350.0","222.5683503472256"
"220","220","0","4352.0","222.56835034732234"
"220","220","0","4354.0","222.5683503471633"
"220","220","0","4356.0","222.56835034724108"
"220","220","0","4358.0","222.56835034729934"
"220","220","0","4360.0","222.56835034742346"
"220","220","0","4362.0","222.56835034738484"
"220","220","0","4364.0","222.5683503475969"
"220","220","0","4366.0","222.56835034767255"
"220","220","0","4368.0","222.56835034772206"
"220","220","0","4370.0","222.56835034783046"
"220","220","0","4372.0","222.56835034795216"
"220","220","0","4374.0","222.56835034795284"
"220","220","0","4376.0","222.56835034780738"
"220","220","0","4378.0","222.56835034771976"
"220","220","0","4380.0","222.56835034788247"
"220","220","0","4382.0","222.5683503477087"
"220","220","0","4384.0","222.56835034764492"
"220","220","0","4386.0","222.56835034764353"
"220","220","0","4388.0","222.56835034772797"
"220","220","0","4390.0","222.56835034789094"
"220","220","0","4392.0","222.56835034795157"
"220","220","0","4394.0","222.56835034807258"
"220","220","0","4396.0","222.56835034821282"
"220","220","0","4398.0","222.5683503482378"
"220","220","0","4400.0","222.56835034816268"
"220","220","0","4402.0","222.56835034815026"
"220","220","0","4404.0","222.56835034850786"
"220","220","0","4406.0","222.56835034833045"
"220","220","0","4408.0","222.5683503482045"
"220","220","0","4410.0","222.56835034810157"
"220","220","0","4412.0","222.56835034815325"
"220","220","0","4414.0","222.56835034825951"
"220","220","0","4416.0","222.5683503483902"
"220","220","0","4418.0","222.56835034829618"
"220","220","0","4420.0","222.56835034825417"
"220","220","0","4422.0","222.5683503482456"
"220","220","0","4424.0","222.56835034818604"
"220","220","0","4426.0","222.56835034827756"
"220","220","0","4428.0","222.56835034835936"
"220","220","0","4430.0","222.5683503483428"
"220","220","0","4432.0","222.5683503482667"
"220","220","0","4434.0","222.56835034837312"
"220","220","0","4436.0","222.56835034838772"
"220","220","0","4438.0","222.5683503483181"
"220","220","0","4440.0","222.56835034843553"
"220","220","0","4442.0","222.56835034856132"
"220","220","0","4444.0","222.5683503484837"
"220","220","0","4446.0","222.56835034854308"
"220","220","0","4448.0","222.56835034864224"
"220","220","0","4450.0","222.5683503485256"
"220","220","0","4452.0","222.56835034863536"
"220","220","0","4454.0","222.5683503485139"
"220","220","0","4456.0","222.5683503485316"
"220","220","0","4458.0","222.56835034863684"
"220","220","0","4460.0","222.5683503485764"
"220","220","0","4462.0","222.56835034868183"
"220","220","0","4464.0","222.56835034866347"
"220","220","0","4466.0","222.56835034860185"
"220","220","0","4468.0","222.56835034862965"
"220","220","0","4470.0","222.56835034881604"
"220","220","0","4472.0","222.5683503487879"
"220","220","0","4474.0","222.56835034875854"
"220","220","0","4476.0","222.56835034890992"
"220","220","0","4478.0","222.56835034883412"
"220","220","0","4480.0","222.56835034897574"
"220","220","0","4482.0","222.56835034878603"
"220","220","0","4484.0","222.56835034896915"
"220","220","0","4486.0","222.56835034891154"
"220","220","0","4488.0","222.56835034892572"
"220","220","0","4490.0","222.56835034905262"
"220","220","0","4492.0","222.56835034912277"
"220","220","0","4494.0","222.56835034914533"
"220","220","0","4496.0","222.56835034933266"
"220","220","0","4498.0","222.56835034908718"
"220","220","0","4500.0","222.56835034903173"
"220","220","0","4502.0","222.56835034890585"
"220","220","0","4504.0","222.5683503488645"
"220","220","0","4506.0","222.56835034885987"
"220","220","0","4508.0","222.56835034886137"
"220","220","0","4510.0","222.56835034900155"
"220","220","0","4512.0","222.56835034898168"
"220","220","0","4514.0","222.56835034896642"
"220","220","0","4516.0","222.5683503489527"
"220","220","0","4518.0","222.56835034902585"
"220","220","0","4520.0","222.56835034905723"
"220","220","0","4522.0","222.56835034917728"
"220","220","0","4524.0","222.5683503493042"
"220","220","0","4526.0","222.5683503492972"
"220","220","0","4528.0","222.56835034925024"
"220","220","0","4530.0","222.5683503493894"
"220","220","0","4532.0","222.56835034941355"
"220","220","0","4534.0","222.56835034940065"
"220","220","0","4536.0","222.5683503493535"
"220","220","0","4538.0","222.56835034920726"
"220","220","0","4540.0","222.5683503492389"
"220","220","0","4542.0","222.56835034915736"
"220","220","0","4544.0","222.5683503491236"
"220","220","0","4546.0","222.56835034913195"
"220","220","0","4548.0","222.56835034910216"
"220","220","0","4550.0","222.5683503489602"
"220","220","0","4552.0","222.5683503489757"
"220","220","0","4554.0","222.56835034902534"
"220","220","0","4556.0","222.56835034907525"
"220","220","0","4558.0","222.568350349127"
"220","220","0","4560.0","222.56835034915494"
"220","220","0","4562.0","222.56835034914386"
"220","220","0","4564.0","222.56835034918922"
"220","220","0","4566.0","222.56835034927158"
"220","220","0","4568.0","222.56835034929998"
"220","220","0","4570.0","222.56835034929676"
"220","220","0","4572.0","222.56835034939212"
"220","220","0","4574.0","222.56835034940104"
"220","220","0","4576.0","222.5683503494821"
"220","220","0","4578.0","222.56835034942486"
"220","220","0","4580.0","222.56835034948404"
"220","220","0","4582.0","222.56835034948378"
"220","220","0","4584.0","222.5683503493493"
"220","220","0","4586.0","222.5683503494005"
"220","220","0","4588.0","222.56835034949373"
"220","220","0","4590.0","222.56835034946647"
"220","220","0","4592.0","222.56835034952866"
"220","220","0","4594.0","222.56835034958118"
"220","220","0","4596.0","222.56835034953656"
"220","220","0","4598.0","222.56835034964047"
"220","220","0","4600.0","222.5683503498096"
"220","220","0","4602.0","222.56835034993392"
"220","220","0","4604.0","222.56835035000077"
"220","220","0","4606.0","222.56835035004713"
"220","220","0","4608.0","222.56835035010755"
"220","220","0","4610.0","222.5683503501196"
"220","220","0","4612.0","222.568350349914"
"220","220","0","4614.0","222.5683503497174"
"220","220","0","4616.0","222.56835034960105"
"220","220","0","4618.0","222.56835034966568"
"220","220","0","4620.0","222.56835034974213"
"220","220","0","4622.0","222.56835034983885"
"220","220","0","4624.0","222.5683503499673"
"220","220","0","4626.0","222.56835035013165"
"220","220","0","4628.0","222.56835035017133"
"220","220","0","4630.0","222.5683503500476"
"220","220","0","4632.0","222.5683503500501"
"220","220","0","4634.0","222.56835035001265"
"220","220","0","4636.0","222.56835035012557"
"220","220","0","4638.0","222.5683503500734"
"220","220","0","4640.0","222.56835035026026"
"220","220","0","4642.0","222.56835035016186"
"220","220","0","4644.0","222.56835035013762"
"220","220","0","4646.0","222.56835035014078"
"220","220","0","4648.0","222.5683503501647"
"220","220","0","4650.0","222.56835035014848"
"220","220","0","4652.0","222.56835035019148"
"220","220","0","4654.0","222.56835035017468"
"220","220","0","4656.0","222.5683503502233"
"220","220","0","4658.0","222.56835035030718"
"220","220","0","4660.0","222.56835035042954"
"220","220","0","4662.0","222.56835035046052"
"220","220","0","4664.0","222.56835035040487"
"220","220","0","4666.0","222.56835035052103"
"220","220","0","4668.0","222.56835035047675"
"220","220","0","4670.0","222.56835035057696"
"220","220","0","4672.0","222.568350350726"
"220","220","0","4674.0","222.56835035074104"
"220","220","0","4676.0","222.56835035066894"
"220","220","0","4678.0","222.56835035088963"
"220","220","0","4680.0","222.56835035081917"
"220","220","0","4682.0","222.56835035073544"
"220","220","0","4684.0","222.5683503505762"
"220","220","0","4686.0","222.56835035052347"
"220","220","0","4688.0","222.56835035064364"
"220","220","0","4690.0","222.56835035069005"
"220","220","0","4692.0","222.56835035065163"
"220","220","0","4694.0","222.56835035075255"
"220","220","0","4696.0","222.5683503507412"
"220","220","0","4698.0","222.5683503507262"
"220","220","0","4700.0","222.56835035072632"
"220","220","0","4702.0","222.5683503506574"
"220","220","0","4704.0","222.56835035073956"
"220","220","0","4706.0","222.56835035069338"
"220","220","0","4708.0","222.56835035077128"
"220","220","0","4710.0","222.56835035077617"
"220","220","0","4712.0","222.5683503507891"
"220","220","0","4714.0","222.56835035082028"
"220","220","0","4716.0","222.5683503508094"
"220","220","0","4718.0","222.56835035086996"
"220","220","0","4720.0","222.56835035079155"
"220","220","0","4722.0","222.56835035086732"
"220","220","0","4724.0","222.56835035092794"
"220","220","0","4726.0","222.568350350844"
"220","220","0","4728.0","222.5683503509248"
"220","220","0","4730.0","222.5683503509571"
"220","220","0","4732.0","222.56835035108165"
"220","220","0","4734.0","222.5683503510402"
"220","220","0","4736.0","222.568350351033"
"220","220","0","4738.0","222.56835035108762"
"220","220","0","4740.0","222.56835035096498"
"220","220","0","4742.0","222.56835035091098"
"220","220","0","4744.0","222.5683503509838"
"220","220","0","4746.0","222.56835035103268"
"220","220","0","4748.0","222.56835035107807"
"220","220","0","4750.0","222.56835035100642"
"220","220","0","4752.0","222.56835035112962"
"220","220","0","4754.0","222.56835035100806"
"220","220","0","4756.0","222.56835035100298"
"220","220","0","4758.0","222.56835035092013"
"220","220","0","4760.0","222.5683503508932"
"220","220","0","4762.0","222.5683503509482"
"220","220","0","4764.0","222.56835035102043"
"220","220","0","4766.0","222.56835035098442"
"220","220","0","4768.0","222.56835035096887"
"220","220","0","4770.0","222.56835035077515"
"220","220","0","4772.0","222.56835035066317"
"220","220","0","4774.0","222.56835035090504"
"220","220","0","4776.0","222.56835035078572"
"220","220","0","4778.0","222.5683503508151"
"220","220","0","4780.0","222.56835035077592"
"220","220","0","4782.0","222.5683503508218"
"220","220","0","4784.0","222.56835035085945"
"220","220","0","4786.0","222.5683503508219"
"220","220","0","4788.0","222.5683503508001"
"220","220","0","4790.0","222.56835035083455"
"220","220","0","4792.0","222.5683503509515"
"220","220","0","4794.0","222.56835035099482"
"220","220","0","4796.0","222.56835035100096"
"220","220","0","4798.0","222.56835035089316"
"220","220","0","4800.0","222.568350350838"
"220","220","0","4802.0","222.56835035097714"
"220","220","0","4804.0","222.56835035104427"
"220","220","0","4806.0","222.5683503510351"
"220","220","0","4808.0","222.56835035092507"
"220","220","0","4810.0","222.5683503509423"
"220","220","0","4812.0","222.568350350893"
"220","220","0","4814.0","222.56835035093022"
"220","220","0","4816.0","222.5683503508684"
"220","220","0","4818.0","222.5683503509069"
"220","220","0","4820.0","222.56835035088318"
"220","220","0","4822.0","222.56835035091885"
"220","220","0","4824.0","222.56835035089478"
"220","220","0","4826.0","222.5683503508554"
"220","220","0","4828.0","222.5683503508702"
"220","220","0","4830.0","222.56835035085953"
"220","220","0","4832.0","222.56835035090162"
"220","220","0","4834.0","222.56835035095568"
"220","220","0","4836.0","222.56835035095213"
"220","220","0","4838.0","222.56835035104058"
"220","220","0","4840.0","222.56835035103566"
"220","220","0","4842.0","222.56835035112243"
"220","220","0","4844.0","222.56835035108128"
"220","220","0","4846.0","222.56835035107295"
"220","220","0","4848.0","222.56835035102756"
"220","220","0","4850.0","222.56835035100931"
"220","220","0","4852.0","222.56835035107449"
"220","220","0","4854.0","222.56835035117163"
"220","220","0","4856.0","222.5683503511974"
"220","220","0","4858.0","222.56835035115984"
"220","220","0","4860.0","222.5683503512633"
"220","220","0","4862.0","222.5683503512153"
"220","220","0","4864.0","222.56835035135157"
"220","220","0","4866.0","222.56835035150584"
"220","220","0","4868.0","222.5683503514801"
"220","220","0","4870.0","222.56835035151886"
"220","220","0","4872.0","222.56835035143433"
"220","220","0","4874.0","222.5683503515645"
"220","220","0","4876.0","222.56835035155896"
"220","220","0","4878.0","222.56835035151107"
"220","220","0","4880.0","222.56835035149132"
"220","220","0","4882.0","222.56835035147736"
"220","220","0","4884.0","222.56835035136922"
"220","220","0","4886.0","222.5683503513734"
"220","220","0","4888.0","222.5683503513015"
"220","220","0","4890.0","222.56835035128887"
"220","220","0","4892.0","222.56835035126832"
"220","220","0","4894.0","222.56835035118607"
"220","220","0","4896.0","222.5683503512169"
"220","220","0","4898.0","222.56835035117592"
"220","220","0","4900.0","222.56835035122322"
"220","220","0","4902.0","222.56835035123234"
"220","220","0","4904.0","222.5683503513265"
"220","220","0","4906.0","222.56835035125982"
"220","220","0","4908.0","222.5683503511977"
"220","220","0","4910.0","222.5683503512223"
"220","220","0","4912.0","222.56835035117405"
"220","220","0","4914.0","222.5683503511502"
"220","220","0","4916.0","222.56835035113136"
"220","220","0","4918.0","222.56835035110177"
"220","220","0","4920.0","222.5683503510691"
"220","220","0","4922.0","222.56835035106963"
"220","220","0","4924.0","222.56835035109887"
"220","220","0","4926.0","222.5683503510678"
"220","220","0","4928.0","222.56835035111166"
"220","220","0","4930.0","222.5683503510946"
"220","220","0","4932.0","222.56835035110618"
"220","220","0","4934.0","222.5683503509974"
"220","220","0","4936.0","222.5683503510814"
"220","220","0","4938.0","222.56835035117183"
"220","220","0","4940.0","222.56835035117902"
"220","220","0","4942.0","222.56835035115796"
"220","220","0","4944.0","222.56835035111948"
"220","220","0","4946.0","222.56835035106195"
"220","220","0","4948.0","222.56835035114784"
"220","220","0","4950.0","222.5683503511172"
"220","220","0","4952.0","222.5683503510618"
"220","220","0","4954.0","222.56835035102512"
"220","220","0","4956.0","222.56835035108097"
"220","220","0","4958.0","222.56835035104976"
"220","220","0","4960.0","222.5683503511641"
"220","220","0","4962.0","222.56835035126565"
"220","220","0","4964.0","222.5683503512302"
"220","220","0","4966.0","222.56835035128904"
"220","220","0","4968.0","222.56835035128188"
"220","220","0","4970.0","222.56835035128765"
"220","220","0","4972.0","222.56835035134674"
"220","220","0","4974.0","222.5683503513396"
"220","220","0","4976.0","222.568350351371"
"220","220","0","4978.0","222.56835035137135"
"220","220","0","4980.0","222.56835035144266"
"220","220","0","4982.0","222.56835035147392"
"220","220","0","4984.0","222.56835035156115"
"220","220","0","4986.0","222.5683503514838"
"220","220","0","4988.0","222.56835035156453"
"220","220","0","4990.0","222.56835035156266"
"220","220","0","4992.0","222.5683503516283"
"220","220","0","4994.0","222.56835035163834"
"220","220","0","4996.0","222.56835035156578"
"220","220","0","4998.0","222.5683503516233"
"220","220","0","5000.0","222.5683503516368"
"220","220","0","5002.0","222.56835035168245"
"220","220","0","5004.0","222.56835035160927"
"220","220","0","5006.0","222.5683503516689"
"220","220","0","5008.0","222.5683503516703"
"220","220","0","5010.0","222.56835035170198"
"220","220","0","5012.0","222.5683503517345"
"220","220","0","5014.0","222.5683503517197"
"220","220","0","5016.0","222.56835035174987"
"220","220","0","5018.0","222.5683503517815"
"220","220","0","5020.0","222.56835035179358"
"220","220","0","5022.0","222.56835035174026"
"220","220","0","5024.0","222.56835035183985"
"220","220","0","5026.0","222.56835035189803"
"220","220","0","5028.0","222.56835035187837"
"220","220","0","5030.0","222.56835035186134"
"220","220","0","5032.0","222.56835035186054"
"220","220","0","5034.0","222.56835035183477"
"220","220","0","5036.0","222.5683503519216"
"220","220","0","5038.0","222.56835035189664"
"220","220","0","5040.0","222.56835035190846"
"220","220","0","5042.0","222.56835035189758"
"220","220","0","5044.0","222.56835035190863"
"220","220","0","5046.0","222.56835035200058"
"220","220","0","5048.0","222.56835035194635"
"220","220","0","5050.0","222.56835035194922"
"220","220","0","5052.0","222.56835035197827"
"220","220","0","5054.0","222.56835035206643"
"220","220","0","5056.0","222.56835035205899"
"220","220","0","5058.0","222.56835035212075"
"220","220","0","5060.0","222.568350352097"
"220","220","0","5062.0","222.568350352137"
"220","220","0","5064.0","222.56835035212907"
"220","220","0","5066.0","222.5683503521167"
"220","220","0","5068.0","222.56835035211182"
"220","220","0","5070.0","222.56835035212828"
"220","220","0","5072.0","222.5683503521709"
"220","220","0","5074.0","222.56835035218677"
"220","220","0","5076.0","222.56835035220954"
"220","220","0","5078.0","222.5683503522019"
"220","220","0","5080.0","222.5683503522989"
"220","220","0","5082.0","222.56835035233152"
"220","220","0","5084.0","222.56835035239575"
"220","220","0","5086.0","222.56835035238697"
"220","220","0","5088.0","222.56835035241735"
"220","220","0","5090.0","222.56835035244322"
"220","220","0","5092.0","222.56835035248716"
"220","220","0","5094.0","222.568350352487"
"220","220","0","5096.0","222.5683503525187"
"220","220","0","5098.0","222.56835035256108"
"220","220","0","5100.0","222.56835035247013"
"220","220","0","5102.0","222.56835035250344"
"220","220","0","5104.0","222.56835035250427"
"220","220","0","5106.0","222.568350352453"
"220","220","0","5108.0","222.56835035246266"
"220","220","0","5110.0","222.5683503524204"
"220","220","0","5112.0","222.56835035243716"
"220","220","0","5114.0","222.5683503524129"
"220","220","0","5116.0","222.56835035243415"
"220","220","0","5118.0","222.5683503525446"
"220","220","0","5120.0","222.56835035255696"
"220","220","0","5122.0","222.56835035252476"
"220","220","0","5124.0","222.5683503525158"
"220","220","0","5126.0","222.56835035247633"
"220","220","0","5128.0","222.56835035247587"
"220","220","0","5130.0","222.56835035246883"
"220","220","0","5132.0","222.56835035250182"
"220","220","0","5134.0","222.5683503524968"
"220","220","0","5136.0","222.56835035251902"
"220","220","0","5138.0","222.56835035247593"
"220","220","0","5140.0","222.56835035255895"
"220","220","0","5142.0","222.5683503525628"
"220","220","0","5144.0","222.5683503525567"
"220","220","0","5146.0","222.56835035250273"
"220","220","0","5148.0","222.56835035252448"
"220","220","0","5150.0","222.56835035262293"
"220","220","0","5152.0","222.56835035264356"
"220","220","0","5154.0","222.5683503526914"
"220","220","0","5156.0","222.5683503527467"
"220","220","0","5158.0","222.56835035276177"
"220","220","0","5160.0","222.56835035278965"
"220","220","0","5162.0","222.56835035283757"
"220","220","0","5164.0","222.56835035282052"
"220","220","0","5166.0","222.56835035283865"
"220","220","0","5168.0","222.56835035286124"
"220","220","0","5170.0","222.56835035285587"
"220","220","0","5172.0","222.56835035287648"
"220","220","0","5174.0","222.5683503528972"
"220","220","0","5176.0","222.56835035286582"
"220","220","0","5178.0","222.5683503529638"
"220","220","0","5180.0","222.56835035292895"
"220","220","0","5182.0","222.56835035294873"
"220","220","0","5184.0","222.5683503530093"
"220","220","0","5186.0","222.56835035301376"
"220","220","0","5188.0","222.56835035294517"
"220","220","0","5190.0","222.56835035288313"
"220","220","0","5192.0","222.56835035287557"
"220","220","0","5194.0","222.5683503528968"
"220","220","0","5196.0","222.5683503529189"
"220","220","0","5198.0","222.56835035288168"
"220","220","0","5200.0","222.56835035285087"
"220","220","0","5202.0","222.56835035286383"
"220","220","0","5204.0","222.56835035288054"
"220","220","0","5206.0","222.56835035290408"
"220","220","0","5208.0","222.56835035292877"
"220","220","0","5210.0","222.56835035287793"
"220","220","0","5212.0","222.56835035287145"
"220","220","0","5214.0","222.56835035280207"
"220","220","0","5216.0","222.56835035282998"
"220","220","0","5218.0","222.56835035279775"
"220","220","0","5220.0","222.56835035275154"
"220","220","0","5222.0","222.56835035277484"
"220","220","0","5224.0","222.56835035279843"
"220","220","0","5226.0","222.56835035279192"
"220","220","0","5228.0","222.5683503528576"
"220","220","0","5230.0","222.56835035287457"
"220","220","0","5232.0","222.56835035287682"
"220","220","0","5234.0","222.56835035282757"
"220","220","0","5236.0","222.56835035277345"
"220","220","0","5238.0","222.56835035278263"
"220","220","0","5240.0","222.56835035276958"
"220","220","0","5242.0","222.56835035285062"
"220","220","0","5244.0","222.56835035282117"
"220","220","0","5246.0","222.5683503527615"
"220","220","0","5248.0","222.56835035277095"
"220","220","0","5250.0","222.56835035276436"
"220","220","0","5252.0","222.5683503527784"
"220","220","0","5254.0","222.5683503527249"
"220","220","0","5256.0","222.56835035270043"
"220","220","0","5258.0","222.56835035270603"
"220","220","0","5260.0","222.56835035267855"
"220","220","0","5262.0","222.5683503527357"
"220","220","0","5264.0","222.56835035273238"
"220","220","0","5266.0","222.56835035277567"
"220","220","0","5268.0","222.56835035277842"
"220","220","0","5270.0","222.56835035273488"
"220","220","0","5272.0","222.56835035278317"
"220","220","0","5274.0","222.56835035276987"
"220","220","0","5276.0","222.56835035276077"
"220","220","0","5278.0","222.56835035277774"
"220","220","0","5280.0","222.56835035271777"
"220","220","0","5282.0","222.56835035276342"
"220","220","0","5284.0","222.5683503527708"
"220","220","0","5286.0","222.56835035274793"
"220","220","0","5288.0","222.56835035280727"
"220","220","0","5290.0","222.5683503529261"
"220","220","0","5292.0","222.56835035294722"
"220","220","0","5294.0","222.5683503529374"
"220","220","0","5296.0","222.5683503529584"
"220","220","0","5298.0","222.56835035298576"
"220","220","0","5300.0","222.5683503529674"
"220","220","0","5302.0","222.56835035293557"
"220","220","0","5304.0","222.56835035296035"
"220","220","0","5306.0","222.5683503529271"
"220","220","0","5308.0","222.56835035290266"
"220","220","0","5310.0","222.5683503528702"
"220","220","0","5312.0","222.5683503528951"
"220","220","0","5314.0","222.56835035286156"
"220","220","0","5316.0","222.56835035284024"
"220","220","0","5318.0","222.56835035284456"
"220","220","0","5320.0","222.5683503528084"
"220","220","0","5322.0","222.56835035283083"
"220","220","0","5324.0","222.56835035288813"
"220","220","0","5326.0","222.568350352867"
"220","220","0","5328.0","222.5683503528889"
"220","220","0","5330.0","222.5683503529199"
"220","220","0","5332.0","222.56835035291962"
"220","220","0","5334.0","222.5683503529662"
"220","220","0","5336.0","222.5683503529661"
"220","220","0","5338.0","222.56835035296447"
"220","220","0","5340.0","222.5683503529935"
"220","220","0","5342.0","222.56835035293204"
"220","220","0","5344.0","222.56835035293972"
"220","220","0","5346.0","222.56835035291962"
"220","220","0","5348.0","222.56835035296365"
"220","220","0","5350.0","222.5683503529798"
"220","220","0","5352.0","222.56835035297377"
"220","220","0","5354.0","222.56835035299602"
"220","220","0","5356.0","222.56835035301927"
"220","220","0","5358.0","222.56835035299366"
"220","220","0","5360.0","222.5683503530594"
"220","220","0","5362.0","222.56835035304704"
"220","220","0","5364.0","222.56835035301404"
"220","220","0","5366.0","222.56835035300716"
"220","220","0","5368.0","222.56835035299363"
"220","220","0","5370.0","222.56835035303638"
"220","220","0","5372.0","222.56835035298235"
"220","220","0","5374.0","222.56835035302564"
"220","220","0","5376.0","222.56835035298226"
"220","220","0","5378.0","222.56835035298607"
"220","220","0","5380.0","222.56835035304871"
"220","220","0","5382.0","222.56835035304206"
"220","220","0","5384.0","222.56835035312017"
"220","220","0","5386.0","222.56835035315189"
"220","220","0","5388.0","222.56835035319247"
"220","220","0","5390.0","222.56835035319875"
"220","220","0","5392.0","222.56835035321743"
"220","220","0","5394.0","222.56835035318258"
"220","220","0","5396.0","222.56835035317377"
"220","220","0","5398.0","222.56835035320765"
"220","220","0","5400.0","222.56835035317053"
"220","220","0","5402.0","222.56835035320395"
"220","220","0","5404.0","222.56835035322155"
"220","220","0","5406.0","222.56835035321598"
"220","220","0","5408.0","222.5683503532115"
"220","220","0","5410.0","222.56835035324463"
"220","220","0","5412.0","222.56835035327114"
"220","220","0","5414.0","222.5683503532431"
"220","220","0","5416.0","222.56835035321444"
"220","220","0","5418.0","222.56835035319367"
"220","220","0","5420.0","222.56835035313938"
"220","220","0","5422.0","222.5683503531521"
"220","220","0","5424.0","222.56835035318358"
"220","220","0","5426.0","222.56835035314427"
"220","220","0","5428.0","222.56835035315214"
"220","220","0","5430.0","222.56835035316348"
"220","220","0","5432.0","222.56835035314666"
"220","220","0","5434.0","222.56835035301808"
"220","220","0","5436.0","222.56835035304437"
"220","220","0","5438.0","222.5683503530877"
"220","220","0","5440.0","222.56835035312398"
"220","220","0","5442.0","222.5683503530856"
"220","220","0","5444.0","222.56835035311303"
"220","220","0","5446.0","222.5683503531093"
"220","220","0","5448.0","222.5683503531219"
"220","220","0","5450.0","222.56835035311886"
"220","220","0","5452.0","222.56835035315748"
"220","220","0","5454.0","222.56835035322024"
"220","220","0","5456.0","222.5683503531884"
"220","220","0","5458.0","222.5683503531979"
"220","220","0","5460.0","222.56835035319762"
"220","220","0","5462.0","222.56835035322507"
"220","220","0","5464.0","222.56835035323672"
"220","220","0","5466.0","222.56835035321535"
"220","220","0","5468.0","222.56835035319003"
"220","220","0","5470.0","222.56835035317923"
"220","220","0","5472.0","222.56835035318895"
"220","220","0","5474.0","222.56835035322783"
"220","220","0","5476.0","222.5683503532476"
"220","220","0","5478.0","222.5683503532516"
"220","220","0","5480.0","222.56835035323454"
"220","220","0","5482.0","222.5683503532398"
"220","220","0","5484.0","222.5683503532318"
"220","220","0","5486.0","222.56835035322618"
"220","220","0","5488.0","222.56835035322956"
"220","220","0","5490.0","222.56835035323968"
"220","220","0","5492.0","222.5683503532308"
"220","220","0","5494.0","222.5683503532213"
"220","220","0","5496.0","222.5683503532163"
"220","220","0","5498.0","222.5683503532429"
"220","220","0","5500.0","222.5683503532346"
"220","220","0","5502.0","222.56835035322317"
"220","220","0","5504.0","222.5683503532307"
"220","220","0","5506.0","222.56835035321438"
"220","220","0","5508.0","222.56835035321987"
"220","220","0","5510.0","222.56835035322425"
"220","220","0","5512.0","222.56835035322905"
"220","220","0","5514.0","222.56835035329016"
"220","220","0","5516.0","222.5683503532651"
"220","220","0","5518.0","222.56835035324298"
"220","220","0","5520.0","222.56835035323076"
"220","220","0","5522.0","222.56835035324485"
"220","220","0","5524.0","222.56835035327947"
"220","220","0","5526.0","222.56835035326336"
"220","220","0","5528.0","222.56835035321203"
"220","220","0","5530.0","222.5683503532152"
"220","220","0","5532.0","222.56835035323385"
"220","220","0","5534.0","222.5683503532666"
"220","220","0","5536.0","222.56835035324903"
"220","220","0","5538.0","222.56835035326816"
"220","220","0","5540.0","222.5683503532082"
"220","220","0","5542.0","222.56835035319298"
"220","220","0","5544.0","222.56835035314228"
"220","220","0","5546.0","222.5683503531715"
"220","220","0","5548.0","222.56835035316024"
"220","220","0","5550.0","222.56835035320364"
"220","220","0","5552.0","222.56835035320248"
"220","220","0","5554.0","222.56835035320452"
"220","220","0","5556.0","222.56835035323925"
"220","220","0","5558.0","222.568350353255"
"220","220","0","5560.0","222.56835035328126"
"220","220","0","5562.0","222.56835035328527"
"220","220","0","5564.0","222.56835035332077"
"220","220","0","5566.0","222.56835035332676"
"220","220","0","5568.0","222.56835035338895"
"220","220","0","5570.0","222.56835035338523"
"220","220","0","5572.0","222.5683503533484"
"220","220","0","5574.0","222.56835035335834"
"220","220","0","5576.0","222.56835035338273"
"220","220","0","5578.0","222.568350353354"
"220","220","0","5580.0","222.56835035331096"
"220","220","0","5582.0","222.5683503533506"
"220","220","0","5584.0","222.5683503533643"
"220","220","0","5586.0","222.5683503533203"
"220","220","0","5588.0","222.5683503533316"
"220","220","0","5590.0","222.56835035332503"
"220","220","0","5592.0","222.56835035333046"
"220","220","0","5594.0","222.56835035338122"
"220","220","0","5596.0","222.56835035336903"
"220","220","0","5598.0","222.56835035334234"
"220","220","0","5600.0","222.5683503533095"
"220","220","0","5602.0","222.5683503533525"
"220","220","0","5604.0","222.56835035329556"
"220","220","0","5606.0","222.5683503533109"
"220","220","0","5608.0","222.56835035333594"
"220","220","0","5610.0","222.56835035331278"
"220","220","0","5612.0","222.56835035331312"
"220","220","0","5614.0","222.56835035334157"
"220","220","0","5616.0","222.56835035335595"
"220","220","0","5618.0","222.56835035334666"
"220","220","0","5620.0","222.56835035335035"
"220","220","0","5622.0","222.56835035332142"
"220","220","0","5624.0","222.5683503532914"
"220","220","0","5626.0","222.5683503533106"
"220","220","0","5628.0","222.5683503533706"
"220","220","0","5630.0","222.56835035337843"
"220","220","0","5632.0","222.56835035339458"
"220","220","0","5634.0","222.56835035340745"
"220","220","0","5636.0","222.56835035339066"
"220","220","0","5638.0","222.568350353408"
"220","220","0","5640.0","222.56835035339986"
"220","220","0","5642.0","222.56835035336815"
"220","220","0","5644.0","222.56835035338634"
"220","220","0","5646.0","222.5683503534075"
"220","220","0","5648.0","222.56835035340592"
"220","220","0","5650.0","222.56835035342885"
"220","220","0","5652.0","222.5683503534435"
"220","220","0","5654.0","222.56835035343738"
"220","220","0","5656.0","222.56835035341896"
"220","220","0","5658.0","222.56835035339444"
"220","220","0","5660.0","222.5683503534201"
"220","220","0","5662.0","222.5683503533951"
"220","220","0","5664.0","222.56835035337605"
"220","220","0","5666.0","222.5683503533693"
"220","220","0","5668.0","222.56835035334646"
"220","220","0","5670.0","222.56835035336746"
"220","220","0","5672.0","222.56835035342124"
"220","220","0","5674.0","222.56835035343698"
"220","220","0","5676.0","222.56835035348365"
"220","220","0","5678.0","222.56835035351062"
"220","220","0","5680.0","222.5683503534681"
"220","220","0","5682.0","222.5683503534661"
"220","220","0","5684.0","222.56835035352717"
"220","220","0","5686.0","222.56835035349573"
"220","220","0","5688.0","222.5683503534931"
"220","220","0","5690.0","222.56835035349772"
"220","220","0","5692.0","222.56835035351102"
"220","220","0","5694.0","222.5683503535302"
"220","220","0","5696.0","222.56835035356073"
"220","220","0","5698.0","222.56835035358426"
"220","220","0","5700.0","222.56835035360396"
"220","220","0","5702.0","222.56835035361507"
"220","220","0","5704.0","222.5683503536006"
"220","220","0","5706.0","222.56835035357133"
"220","220","0","5708.0","222.56835035355098"
"220","220","0","5710.0","222.5683503535455"
"220","220","0","5712.0","222.56835035357096"
"220","220","0","5714.0","222.56835035358426"
"220","220","0","5716.0","222.56835035357565"
"220","220","0","5718.0","222.5683503535773"
"220","220","0","5720.0","222.56835035359887"
"220","220","0","5722.0","222.56835035358552"
"220","220","0","5724.0","222.5683503535952"
"220","220","0","5726.0","222.5683503535732"
"220","220","0","5728.0","222.56835035352836"
"220","220","0","5730.0","222.56835035346845"
"220","220","0","5732.0","222.56835035349252"
"220","220","0","5734.0","222.5683503534527"
"220","220","0","5736.0","222.56835035346407"
"220","220","0","5738.0","222.56835035346737"
"220","220","0","5740.0","222.5683503534231"
"220","220","0","5742.0","222.56835035341686"
"220","220","0","5744.0","222.56835035339142"
"220","220","0","5746.0","222.56835035340166"
"220","220","0","5748.0","222.5683503534122"
"220","220","0","5750.0","222.56835035344326"
"220","220","0","5752.0","222.56835035344042"
"220","220","0","5754.0","222.5683503534577"
"220","220","0","5756.0","222.56835035347686"
"220","220","0","5758.0","222.56835035350593"
"220","220","0","5760.0","222.56835035347757"
"220","220","0","5762.0","222.56835035348078"
"220","220","0","5764.0","222.56835035348485"
"220","220","0","5766.0","222.56835035349536"
"220","220","0","5768.0","222.56835035348342"
"220","220","0","5770.0","222.5683503534711"
"220","220","0","5772.0","222.56835035345017"
"220","220","0","5774.0","222.5683503535025"
"220","220","0","5776.0","222.5683503535479"
"220","220","0","5778.0","222.568350353561"
"220","220","0","5780.0","222.5683503535402"
"220","220","0","5782.0","222.56835035353137"
"220","220","0","5784.0","222.5683503535524"
"220","220","0","5786.0","222.5683503535164"
"220","220","0","5788.0","222.56835035353987"
"220","220","0","5790.0","222.56835035350224"
"220","220","0","5792.0","222.56835035346097"
"220","220","0","5794.0","222.5683503534474"
"220","220","0","5796.0","222.56835035347393"
"220","220","0","5798.0","222.56835035348158"
"220","220","0","5800.0","222.56835035350832"
"220","220","0","5802.0","222.56835035348797"
"220","220","0","5804.0","222.5683503534832"
"220","220","0","5806.0","222.56835035351477"
"220","220","0","5808.0","222.56835035354993"
"220","220","0","5810.0","222.5683503535564"
"220","220","0","5812.0","222.56835035356838"
"220","220","0","5814.0","222.56835035355985"
"220","220","0","5816.0","222.56835035356357"
"220","220","0","5818.0","222.56835035356843"
"220","220","0","5820.0","222.56835035359487"
"220","220","0","5822.0","222.5683503536153"
"220","220","0","5824.0","222.5683503536373"
"220","220","0","5826.0","222.56835035363423"
"220","220","0","5828.0","222.56835035365415"
"220","220","0","5830.0","222.56835035366552"
"220","220","0","5832.0","222.5683503536544"
"220","220","0","5834.0","222.56835035365046"
"220","220","0","5836.0","222.56835035366873"
"220","220","0","5838.0","222.56835035367214"
"220","220","0","5840.0","222.5683503536582"
"220","220","0","5842.0","222.56835035366987"
"220","220","0","5844.0","222.5683503536475"
"220","220","0","5846.0","222.5683503536534"
"220","220","0","5848.0","222.5683503536382"
"220","220","0","5850.0","222.56835035364574"
"220","220","0","5852.0","222.56835035367"
"220","220","0","5854.0","222.56835035369815"
"220","220","0","5856.0","222.56835035371356"
"220","220","0","5858.0","222.56835035369826"
"220","220","0","5860.0","222.56835035370796"
"220","220","0","5862.0","222.56835035373842"
"220","220","0","5864.0","222.56835035374826"
"220","220","0","5866.0","222.56835035376145"
"220","220","0","5868.0","222.56835035374533"
"220","220","0","5870.0","222.56835035372518"
"220","220","0","5872.0","222.5683503537359"
"220","220","0","5874.0","222.5683503537322"
"220","220","0","5876.0","222.56835035372828"
"220","220","0","5878.0","222.56835035377333"
"220","220","0","5880.0","222.56835035376722"
"220","220","0","5882.0","222.56835035375101"
"220","220","0","5884.0","222.5683503537589"
"220","220","0","5886.0","222.56835035376693"
"220","220","0","5888.0","222.56835035375147"
"220","220","0","5890.0","222.56835035375488"
"220","220","0","5892.0","222.5683503537663"
"220","220","0","5894.0","222.56835035378975"
"220","220","0","5896.0","222.56835035380698"
"220","220","0","5898.0","222.56835035381607"
"220","220","0","5900.0","222.56835035378666"
"220","220","0","5902.0","222.56835035383145"
"220","220","0","5904.0","222.56835035380527"
"220","220","0","5906.0","222.56835035380843"
"220","220","0","5908.0","222.5683503538071"
"220","220","0","5910.0","222.56835035383185"
"220","220","0","5912.0","222.56835035384856"
"220","220","0","5914.0","222.56835035386666"
"220","220","0","5916.0","222.56835035386632"
"220","220","0","5918.0","222.5683503538436"
"220","220","0","5920.0","222.56835035386828"
"220","220","0","5922.0","222.56835035386567"
"220","220","0","5924.0","222.56835035384574"
"220","220","0","5926.0","222.56835035384898"
"220","220","0","5928.0","222.5683503538606"
"220","220","0","5930.0","222.5683503538923"
"220","220","0","5932.0","222.56835035388352"
"220","220","0","5934.0","222.56835035393658"
"220","220","0","5936.0","222.5683503539208"
"220","220","0","5938.0","222.568350353918"
"220","220","0","5940.0","222.56835035389634"
"220","220","0","5942.0","222.56835035388883"
"220","220","0","5944.0","222.56835035390378"
"220","220","0","5946.0","222.56835035391117"
"220","220","0","5948.0","222.5683503539133"
"220","220","0","5950.0","222.5683503538961"
"220","220","0","5952.0","222.5683503539134"
"220","220","0","5954.0","222.5683503539128"
"220","220","0","5956.0","222.56835035391416"
"220","220","0","5958.0","222.5683503539251"
"220","220","0","5960.0","222.5683503539226"
"220","220","0","5962.0","222.56835035395022"
"220","220","0","5964.0","222.5683503539468"
"220","220","0","5966.0","222.5683503539524"
"220","220","0","5968.0","222.56835035394698"
"220","220","0","5970.0","222.56835035393195"
"220","220","0","5972.0","222.56835035395542"
"220","220","0","5974.0","222.56835035395707"
"220","220","0","5976.0","222.56835035396577"
"220","220","0","5978.0","222.56835035395562"
"220","220","0","5980.0","222.56835035396264"
"220","220","0","5982.0","222.56835035393843"
"220","220","0","5984.0","222.56835035394764"
"220","220","0","5986.0","222.5683503539519"
"220","220","0","5988.0","222.56835035394076"
"220","220","0","5990.0","222.56835035393178"
"220","220","0","5992.0","222.5683503539281"
"220","220","0","5994.0","222.56835035392135"
"220","220","0","5996.0","222.568350353899"
"220","220","0","5998.0","222.56835035390708"
"220","220","0","6000.0","222.56835035390804"
"220","220","0","6002.0","222.56835035392555"
"220","220","0","6004.0","222.56835035392567"
"220","220","0","6006.0","222.56835035389267"
"220","220","0","6008.0","222.5683503538643"
"220","220","0","6010.0","222.5683503538508"
"220","220","0","6012.0","222.5683503538481"
"220","220","0","6014.0","222.56835035386925"
"220","220","0","6016.0","222.56835035387854"
"220","220","0","6018.0","222.56835035387599"
"220","220","0","6020.0","222.5683503539001"
"220","220","0","6022.0","222.56835035391228"
"220","220","0","6024.0","222.56835035394246"
"220","220","0","6026.0","222.56835035395196"
"220","220","0","6028.0","222.56835035393306"
"220","220","0","6030.0","222.5683503539618"
"220","220","0","6032.0","222.56835035397893"
"220","220","0","6034.0","222.56835035398925"
"220","220","0","6036.0","222.56835035399098"
"220","220","0","6038.0","222.5683503540112"
"220","220","0","6040.0","222.5683503540223"
"220","220","0","6042.0","222.56835035404248"
"220","220","0","6044.0","222.5683503540135"
"220","220","0","6046.0","222.56835035401681"
"220","220","0","6048.0","222.56835035402642"
"220","220","0","6050.0","222.56835035402344"
"220","220","0","6052.0","222.5683503540353"
"220","220","0","6054.0","222.5683503540364"
"220","220","0","6056.0","222.56835035402003"
"220","220","0","6058.0","222.56835035404862"
"220","220","0","6060.0","222.56835035404646"
"220","220","0","6062.0","222.5683503540271"
"220","220","0","6064.0","222.5683503540308"
"220","220","0","6066.0","222.56835035404222"
"220","220","0","6068.0","222.56835035403498"
"220","220","0","6070.0","222.5683503540022"
"220","220","0","6072.0","222.5683503539863"
"220","220","0","6074.0","222.56835035402793"
"220","220","0","6076.0","222.5683503539888"
"220","220","0","6078.0","222.5683503539889"
"220","220","0","6080.0","222.56835035400007"
"220","220","0","6082.0","222.56835035401303"
"220","220","0","6084.0","222.5683503539966"
"220","220","0","6086.0","222.56835035401255"
"220","220","0","6088.0","222.56835035400988"
"220","220","0","6090.0","222.5683503539888"
"220","220","0","6092.0","222.5683503539784"
"220","220","0","6094.0","222.5683503539925"
"220","220","0","6096.0","222.56835035401997"
"220","220","0","6098.0","222.5683503540242"
"220","220","0","6100.0","222.56835035400064"
"220","220","0","6102.0","222.56835035398083"
"220","220","0","6104.0","222.56835035395613"
"220","220","0","6106.0","222.56835035394124"
"220","220","0","6108.0","222.56835035393675"
"220","220","0","6110.0","222.56835035394403"
"220","220","0","6112.0","222.5683503539659"
"220","220","0","6114.0","222.56835035396787"
"220","220","0","6116.0","222.56835035396807"
"220","220","0","6118.0","222.56835035397054"
"220","220","0","6120.0","222.56835035395736"
"220","220","0","6122.0","222.56835035398248"
"220","220","0","6124.0","222.56835035395392"
"220","220","0","6126.0","222.56835035396887"
"220","220","0","6128.0","222.56835035396554"
"220","220","0","6130.0","222.56835035394306"
"220","220","0","6132.0","222.56835035394374"
"220","220","0","6134.0","222.56835035395437"
"220","220","0","6136.0","222.5683503539371"
"220","220","0","6138.0","222.56835035392038"
"220","220","0","6140.0","222.56835035391688"
"220","220","0","6142.0","222.56835035391222"
"220","220","0","6144.0","222.5683503539103"
"220","220","0","6146.0","222.5683503539105"
"220","220","0","6148.0","222.568350353924"
"220","220","0","6150.0","222.568350353936"
"220","220","0","6152.0","222.5683503539356"
"220","220","0","6154.0","222.56835035392524"
"220","220","0","6156.0","222.5683503539066"
"220","220","0","6158.0","222.56835035389935"
"220","220","0","6160.0","222.56835035388394"
"220","220","0","6162.0","222.568350353892"
"220","220","0","6164.0","222.56835035390606"
"220","220","0","6166.0","222.56835035392533"
"220","220","0","6168.0","222.56835035394138"
"220","220","0","6170.0","222.56835035392456"
"220","220","0","6172.0","222.56835035392757"
"220","220","0","6174.0","222.5683503539182"
"220","220","0","6176.0","222.5683503538877"
"220","220","0","6178.0","222.56835035390657"
"220","220","0","6180.0","222.56835035393792"
"220","220","0","6182.0","222.5683503539507"
"220","220","0","6184.0","222.56835035396966"
"220","220","0","6186.0","222.56835035395838"
"220","220","0","6188.0","222.56835035396023"
"220","220","0","6190.0","222.56835035396756"
"220","220","0","6192.0","222.56835035396594"
"220","220","0","6194.0","222.56835035397793"
"220","220","0","6196.0","222.5683503539812"
"220","220","0","6198.0","222.56835035396037"
"220","220","0","6200.0","222.568350353976"
"220","220","0","6202.0","222.56835035398956"
"220","220","0","6204.0","222.5683503539711"
"220","220","0","6206.0","222.56835035396435"
"220","220","0","6208.0","222.56835035396776"
"220","220","0","6210.0","222.56835035398188"
"220","220","0","6212.0","222.56835035397992"
"220","220","0","6214.0","222.56835035396566"
"220","220","0","6216.0","222.56835035398393"
"220","220","0","6218.0","222.5683503539945"
"220","220","0","6220.0","222.5683503539973"
"220","220","0","6222.0","222.5683503540282"
"220","220","0","6224.0","222.56835035401286"
"220","220","0","6226.0","222.56835035399365"
"220","220","0","6228.0","222.56835035398169"
"220","220","0","6230.0","222.56835035398987"
"220","220","0","6232.0","222.5683503539825"
"220","220","0","6234.0","222.56835035399737"
"220","220","0","6236.0","222.56835035399442"
"220","220","0","6238.0","222.56835035400204"
"220","220","0","6240.0","222.5683503539829"
"220","220","0","6242.0","222.56835035397438"
"220","220","0","6244.0","222.56835035397026"
"220","220","0","6246.0","222.56835035399433"
"220","220","0","6248.0","222.56835035398382"
"220","220","0","6250.0","222.56835035396472"
"220","220","0","6252.0","222.56835035396244"
"220","220","0","6254.0","222.56835035397458"
"220","220","0","6256.0","222.5683503539566"
"220","220","0","6258.0","222.56835035391643"
"220","220","0","6260.0","222.56835035390145"
"220","220","0","6262.0","222.56835035390358"
"220","220","0","6264.0","222.56835035390225"
"220","220","0","6266.0","222.568350353905"
"220","220","0","6268.0","222.5683503538908"
"220","220","0","6270.0","222.56835035391106"
"220","220","0","6272.0","222.5683503539082"
"220","220","0","6274.0","222.56835035390284"
"220","220","0","6276.0","222.56835035392547"
"220","220","0","6278.0","222.56835035393044"
"220","220","0","6280.0","222.56835035391464"
"220","220","0","6282.0","222.56835035390958"
"220","220","0","6284.0","222.5683503538919"
"220","220","0","6286.0","222.5683503538935"
"220","220","0","6288.0","222.568350353889"
"220","220","0","6290.0","222.5683503538832"
"220","220","0","6292.0","222.56835035385546"
"220","220","0","6294.0","222.56835035384495"
"220","220","0","6296.0","222.568350353847"
"220","220","0","6298.0","222.56835035386135"
"220","220","0","6300.0","222.56835035387056"
"220","220","0","6302.0","222.56835035387846"
"220","220","0","6304.0","222.56835035388193"
"220","220","0","6306.0","222.56835035389005"
"220","220","0","6308.0","222.56835035388056"
"220","220","0","6310.0","222.5683503538825"
"220","220","0","6312.0","222.56835035388417"
"220","220","0","6314.0","222.56835035389292"
"220","220","0","6316.0","222.56835035387178"
"220","220","0","6318.0","222.56835035386814"
"220","220","0","6320.0","222.5683503538655"
"220","220","0","6322.0","222.56835035388127"
"220","220","0","6324.0","222.5683503538829"
"220","220","0","6326.0","222.56835035387408"
"220","220","0","6328.0","222.56835035387903"
"220","220","0","6330.0","222.56835035387166"
"220","220","0","6332.0","222.56835035387243"
"220","220","0","6334.0","222.56835035384987"
"220","220","0","6336.0","222.56835035386192"
"220","220","0","6338.0","222.56835035383534"
"220","220","0","6340.0","222.56835035380175"
"220","220","0","6342.0","222.56835035381945"
"220","220","0","6344.0","222.56835035382"
"220","220","0","6346.0","222.5683503538471"
"220","220","0","6348.0","222.56835035385038"
"220","220","0","6350.0","222.5683503538493"
"220","220","0","6352.0","222.56835035387155"
"220","220","0","6354.0","222.56835035387175"
"220","220","0","6356.0","222.56835035387118"
"220","220","0","6358.0","222.56835035386786"
"220","220","0","6360.0","222.56835035387206"
"220","220","0","6362.0","222.56835035386914"
"220","220","0","6364.0","222.56835035388067"
"220","220","0","6366.0","222.568350353884"
"220","220","0","6368.0","222.5683503538852"
"220","220","0","6370.0","222.56835035386595"
"220","220","0","6372.0","222.56835035387562"
"220","220","0","6374.0","222.5683503538928"
"220","220","0","6376.0","222.56835035390225"
"220","220","0","6378.0","222.56835035390614"
"220","220","0","6380.0","222.56835035391697"
"220","220","0","6382.0","222.56835035392706"
"220","220","0","6384.0","222.5683503539286"
"220","220","0","6386.0","222.56835035393073"
"220","220","0","6388.0","222.5683503539471"
"220","220","0","6390.0","222.56835035397245"
"220","220","0","6392.0","222.56835035395682"
"220","220","0","6394.0","222.56835035395105"
"220","220","0","6396.0","222.5683503539511"
"220","220","0","6398.0","222.5683503539658"
"220","220","0","6400.0","222.5683503539624"
"220","220","0","6402.0","222.56835035398063"
"220","220","0","6404.0","222.56835035397626"
"220","220","0","6406.0","222.5683503539818"
"220","220","0","6408.0","222.56835035397685"
"220","220","0","6410.0","222.56835035398117"
"220","220","0","6412.0","222.56835035398987"
"220","220","0","6414.0","222.56835035398504"
"220","220","0","6416.0","222.56835035398288"
"220","220","0","6418.0","222.56835035400613"
"220","220","0","6420.0","222.56835035401028"
"220","220","0","6422.0","222.5683503539919"
"220","220","0","6424.0","222.5683503540087"
"220","220","0","6426.0","222.56835035400113"
"220","220","0","6428.0","222.56835035398836"
"220","220","0","6430.0","222.5683503540009"
"220","220","0","6432.0","222.5683503539921"
"220","220","0","6434.0","222.56835035397333"
"220","220","0","6436.0","222.56835035396725"
"220","220","0","6438.0","222.56835035395068"
"220","220","0","6440.0","222.56835035394596"
"220","220","0","6442.0","222.5683503539467"
"220","220","0","6444.0","222.56835035393894"
"220","220","0","6446.0","222.56835035394332"
"220","220","0","6448.0","222.5683503539405"
"220","220","0","6450.0","222.56835035393036"
"220","220","0","6452.0","222.56835035393073"
"220","220","0","6454.0","222.56835035391563"
"220","220","0","6456.0","222.56835035391774"
"220","220","0","6458.0","222.56835035391154"
"220","220","0","6460.0","222.56835035391697"
"220","220","0","6462.0","222.56835035392987"
"220","220","0","6464.0","222.56835035392297"
"220","220","0","6466.0","222.56835035392407"
"220","220","0","6468.0","222.56835035394505"
"220","220","0","6470.0","222.56835035395648"
"220","220","0","6472.0","222.56835035396776"
"220","220","0","6474.0","222.56835035396267"
"220","220","0","6476.0","222.56835035395244"
"220","220","0","6478.0","222.56835035393425"
"220","220","0","6480.0","222.56835035394113"
"220","220","0","6482.0","222.5683503539541"
"220","220","0","6484.0","222.56835035397756"
"220","220","0","6486.0","222.56835035397012"
"220","220","0","6488.0","222.56835035398058"
"220","220","0","6490.0","222.56835035400292"
"220","220","0","6492.0","222.5683503539984"
"220","220","0","6494.0","222.5683503539998"
"220","220","0","6496.0","222.568350353984"
"220","220","0","6498.0","222.56835035396014"
"220","220","0","6500.0","222.56835035395213"
"220","220","0","6502.0","222.56835035395346"
"220","220","0","6504.0","222.56835035395486"
"220","220","0","6506.0","222.56835035395196"
"220","220","0","6508.0","222.56835035395505"
"220","220","0","6510.0","222.56835035395912"
"220","220","0","6512.0","222.56835035394352"
"220","220","0","6514.0","222.56835035395181"
"220","220","0","6516.0","222.5683503539575"
"220","220","0","6518.0","222.56835035394474"
"220","220","0","6520.0","222.5683503539552"
"220","220","0","6522.0","222.5683503539601"
"220","220","0","6524.0","222.56835035395844"
"220","220","0","6526.0","222.5683503539535"
"220","220","0","6528.0","222.56835035394587"
"220","220","0","6530.0","222.56835035396324"
"220","220","0","6532.0","222.5683503539646"
"220","220","0","6534.0","222.56835035394798"
"220","220","0","6536.0","222.56835035395952"
"220","220","0","6538.0","222.56835035394744"
"220","220","0","6540.0","222.5683503539554"
"220","220","0","6542.0","222.5683503539646"
"220","220","0","6544.0","222.56835035396946"
"220","220","0","6546.0","222.56835035397796"
"220","220","0","6548.0","222.56835035398257"
"220","220","0","6550.0","222.56835035398086"
"220","220","0","6552.0","222.56835035397427"
"220","220","0","6554.0","222.5683503539858"
"220","220","0","6556.0","222.56835035398552"
"220","220","0","6558.0","222.5683503539815"
"220","220","0","6560.0","222.5683503539787"
"220","220","0","6562.0","222.5683503539966"
"220","220","0","6564.0","222.56835035400752"
"220","220","0","6566.0","222.5683503540086"
"220","220","0","6568.0","222.5683503540124"
"220","220","0","6570.0","222.56835035400147"
"220","220","0","6572.0","222.56835035400377"
"220","220","0","6574.0","222.56835035399098"
"220","220","0","6576.0","222.56835035398922"
"220","220","0","6578.0","222.5683503539984"
"220","220","0","6580.0","222.56835035400405"
"220","220","0","6582.0","222.56835035399374"
"220","220","0","6584.0","222.56835035398674"
"220","220","0","6586.0","222.56835035397378"
"220","220","0","6588.0","222.56835035398203"
"220","220","0","6590.0","222.56835035397788"
"220","220","0","6592.0","222.56835035396955"
"220","220","0","6594.0","222.56835035395366"
"220","220","0","6596.0","222.56835035397782"
"220","220","0","6598.0","222.5683503539682"
"220","220","0","6600.0","222.56835035398396"
"220","220","0","6602.0","222.56835035398402"
"220","220","0","6604.0","222.56835035398535"
"220","220","0","6606.0","222.56835035398421"
"220","220","0","6608.0","222.56835035399175"
"220","220","0","6610.0","222.56835035400445"
"220","220","0","6612.0","222.56835035399035"
"220","220","0","6614.0","222.5683503539816"
"220","220","0","6616.0","222.5683503539816"
"220","220","0","6618.0","222.56835035397006"
"220","220","0","6620.0","222.56835035396853"
"220","220","0","6622.0","222.56835035396398"
"220","220","0","6624.0","222.56835035396244"
"220","220","0","6626.0","222.5683503539619"
"220","220","0","6628.0","222.5683503539611"
"220","220","0","6630.0","222.56835035396384"
"220","220","0","6632.0","222.5683503539735"
"220","220","0","6634.0","222.56835035398146"
"220","220","0","6636.0","222.56835035399104"
"220","220","0","6638.0","222.56835035399283"
"220","220","0","6640.0","222.56835035400294"
"220","220","0","6642.0","222.56835035399735"
"220","220","0","6644.0","222.56835035399615"
"220","220","0","6646.0","222.56835035400132"
"220","220","0","6648.0","222.56835035401198"
"220","220","0","6650.0","222.5683503540203"
"220","220","0","6652.0","222.5683503540083"
"220","220","0","6654.0","222.56835035400508"
"220","220","0","6656.0","222.56835035401005"
"220","220","0","6658.0","222.56835035400036"
"220","220","0","6660.0","222.56835035399826"
"220","220","0","6662.0","222.5683503539954"
"220","220","0","6664.0","222.56835035399791"
"220","220","0","6666.0","222.56835035398794"
"220","220","0","6668.0","222.5683503539966"
"220","220","0","6670.0","222.56835035400374"
"220","220","0","6672.0","222.56835035400235"
"220","220","0","6674.0","222.5683503540154"
"220","220","0","6676.0","222.56835035401613"
"220","220","0","6678.0","222.56835035401906"
"220","220","0","6680.0","222.56835035403196"
"220","220","0","6682.0","222.56835035402386"
"220","220","0","6684.0","222.56835035402725"
"220","220","0","6686.0","222.56835035404654"
"220","220","0","6688.0","222.56835035405052"
"220","220","0","6690.0","222.56835035404427"
"220","220","0","6692.0","222.5683503540452"
"220","220","0","6694.0","222.56835035404174"
"220","220","0","6696.0","222.56835035403049"
"220","220","0","6698.0","222.56835035403088"
"220","220","0","6700.0","222.5683503540241"
"220","220","0","6702.0","222.56835035403327"
"220","220","0","6704.0","222.56835035403614"
"220","220","0","6706.0","222.56835035402898"
"220","220","0","6708.0","222.56835035402506"
"220","220","0","6710.0","222.56835035402494"
"220","220","0","6712.0","222.56835035403847"
"220","220","0","6714.0","222.56835035402418"
"220","220","0","6716.0","222.56835035401275"
"220","220","0","6718.0","222.5683503540169"
"220","220","0","6720.0","222.56835035401753"
"220","220","0","6722.0","222.5683503540218"
"220","220","0","6724.0","222.56835035402486"
"220","220","0","6726.0","222.56835035403722"
"220","220","0","6728.0","222.56835035402827"
"220","220","0","6730.0","222.56835035402443"
"220","220","0","6732.0","222.5683503540174"
"220","220","0","6734.0","222.56835035401198"
"220","220","0","6736.0","222.56835035401582"
"220","220","0","6738.0","222.5683503540178"
"220","220","0","6740.0","222.56835035402946"
"220","220","0","6742.0","222.56835035403734"
"220","220","0","6744.0","222.56835035403432"
"220","220","0","6746.0","222.5683503540268"
"220","220","0","6748.0","222.5683503540235"
"220","220","0","6750.0","222.56835035402878"
"220","220","0","6752.0","222.56835035402497"
"220","220","0","6754.0","222.56835035403302"
"220","220","0","6756.0","222.568350354032"
"220","220","0","6758.0","222.5683503540307"
"220","220","0","6760.0","222.5683503540196"
"220","220","0","6762.0","222.56835035402443"
"220","220","0","6764.0","222.5683503540185"
"220","220","0","6766.0","222.56835035402253"
"220","220","0","6768.0","222.56835035402398"
"220","220","0","6770.0","222.5683503540231"
"220","220","0","6772.0","222.56835035401244"
"220","220","0","6774.0","222.56835035402227"
"220","220","0","6776.0","222.56835035403049"
"220","220","0","6778.0","222.56835035401937"
"220","220","0","6780.0","222.56835035401411"
"220","220","0","6782.0","222.5683503540142"
"220","220","0","6784.0","222.56835035401517"
"220","220","0","6786.0","222.56835035402642"
"220","220","0","6788.0","222.56835035403458"
"220","220","0","6790.0","222.56835035403873"
"220","220","0","6792.0","222.56835035403853"
"220","220","0","6794.0","222.56835035404933"
"220","220","0","6796.0","222.56835035404677"
"220","220","0","6798.0","222.5683503540427"
"220","220","0","6800.0","222.56835035403094"
"220","220","0","6802.0","222.56835035403918"
"220","220","0","6804.0","222.5683503540406"
"220","220","0","6806.0","222.56835035403398"
"220","220","0","6808.0","222.56835035403006"
"220","220","0","6810.0","222.56835035402784"
"220","220","0","6812.0","222.56835035402278"
"220","220","0","6814.0","222.56835035402167"
"220","220","0","6816.0","222.56835035403145"
"220","220","0","6818.0","222.5683503540285"
"220","220","0","6820.0","222.56835035402793"
"220","220","0","6822.0","222.5683503540457"
"220","220","0","6824.0","222.56835035403535"
"220","220","0","6826.0","222.56835035404052"
"220","220","0","6828.0","222.56835035403932"
"220","220","0","6830.0","222.56835035405206"
"220","220","0","6832.0","222.5683503540563"
"220","220","0","6834.0","222.5683503540624"
"220","220","0","6836.0","222.5683503540572"
"220","220","0","6838.0","222.5683503540506"
"220","220","0","6840.0","222.5683503540492"
"220","220","0","6842.0","222.56835035404941"
"220","220","0","6844.0","222.56835035404507"
"220","220","0","6846.0","222.5683503540494"
"220","220","0","6848.0","222.5683503540417"
"220","220","0","6850.0","222.56835035403154"
"220","220","0","6852.0","222.56835035404154"
"220","220","0","6854.0","222.568350354051"
"220","220","0","6856.0","222.56835035404907"
"220","220","0","6858.0","222.56835035404367"
"220","220","0","6860.0","222.56835035404848"
"220","220","0","6862.0","222.56835035403972"
"220","220","0","6864.0","222.5683503540385"
"220","220","0","6866.0","222.568350354027"
"220","220","0","6868.0","222.56835035402977"
"220","220","0","6870.0","222.56835035401795"
"220","220","0","6872.0","222.56835035400997"
"220","220","0","6874.0","222.56835035401912"
"220","220","0","6876.0","222.56835035402707"
"220","220","0","6878.0","222.56835035402764"
"220","220","0","6880.0","222.568350354036"
"220","220","0","6882.0","222.56835035404228"
"220","220","0","6884.0","222.56835035403955"
"220","220","0","6886.0","222.5683503540363"
"220","220","0","6888.0","222.56835035403898"
"220","220","0","6890.0","222.56835035403304"
"220","220","0","6892.0","222.56835035403793"
"220","220","0","6894.0","222.56835035403194"
"220","220","0","6896.0","222.56835035404316"
"220","220","0","6898.0","222.56835035405396"
"220","220","0","6900.0","222.56835035404606"
"220","220","0","6902.0","222.56835035404742"
"220","220","0","6904.0","222.5683503540504"
"220","220","0","6906.0","222.5683503540488"
"220","220","0","6908.0","222.56835035405652"
"220","220","0","6910.0","222.56835035405294"
"220","220","0","6912.0","222.56835035406573"
"220","220","0","6914.0","222.5683503540601"
"220","220","0","6916.0","222.56835035405192"
"220","220","0","6918.0","222.56835035404984"
"220","220","0","6920.0","222.5683503540622"
"220","220","0","6922.0","222.56835035406326"
"220","220","0","6924.0","222.56835035406863"
"220","220","0","6926.0","222.5683503540735"
"220","220","0","6928.0","222.56835035408227"
"220","220","0","6930.0","222.56835035408125"
"220","220","0","6932.0","222.56835035408508"
"220","220","0","6934.0","222.5683503540897"
"220","220","0","6936.0","222.5683503540888"
"220","220","0","6938.0","222.56835035408827"
"220","220","0","6940.0","222.56835035407818"
"220","220","0","6942.0","222.56835035408875"
"220","220","0","6944.0","222.56835035409733"
"220","220","0","6946.0","222.56835035409955"
"220","220","0","6948.0","222.56835035410847"
"220","220","0","6950.0","222.56835035410242"
"220","220","0","6952.0","222.56835035410464"
"220","220","0","6954.0","222.56835035412044"
"220","220","0","6956.0","222.568350354127"
"220","220","0","6958.0","222.5683503541295"
"220","220","0","6960.0","222.5683503541299"
"220","220","0","6962.0","222.56835035414727"
"220","220","0","6964.0","222.56835035414232"
"220","220","0","6966.0","222.56835035413243"
"220","220","0","6968.0","222.5683503541344"
"220","220","0","6970.0","222.56835035413232"
"220","220","0","6972.0","222.5683503541304"
"220","220","0","6974.0","222.5683503541313"
"220","220","0","6976.0","222.56835035413022"
"220","220","0","6978.0","222.56835035412644"
"220","220","0","6980.0","222.56835035413525"
"220","220","0","6982.0","222.56835035413576"
"220","220","0","6984.0","222.568350354131"
"220","220","0","6986.0","222.56835035413425"
"220","220","0","6988.0","222.56835035413962"
"220","220","0","6990.0","222.5683503541384"
"220","220","0","6992.0","222.56835035413968"
"220","220","0","6994.0","222.5683503541364"
"220","220","0","6996.0","222.56835035413386"
"220","220","0","6998.0","222.56835035413093"
"220","220","0","7000.0","222.5683503541387"
"220","220","0","7002.0","222.56835035414338"
"220","220","0","7004.0","222.56835035415037"
"220","220","0","7006.0","222.568350354151"
"220","220","0","7008.0","222.56835035416128"
"220","220","0","7010.0","222.56835035416077"
"220","220","0","7012.0","222.56835035415824"
"220","220","0","7014.0","222.56835035416432"
"220","220","0","7016.0","222.5683503541682"
"220","220","0","7018.0","222.56835035416609"
"220","220","0","7020.0","222.56835035416628"
"220","220","0","7022.0","222.56835035416222"
"220","220","0","7024.0","222.56835035415563"
"220","220","0","7026.0","222.5683503541726"
"220","220","0","7028.0","222.56835035417274"
"220","220","0","7030.0","222.56835035417743"
"220","220","0","7032.0","222.56835035417964"
"220","220","0","7034.0","222.56835035417996"
"220","220","0","7036.0","222.56835035417419"
"220","220","0","7038.0","222.56835035416864"
"220","220","0","7040.0","222.56835035416995"
"220","220","0","7042.0","222.5683503541634"
"220","220","0","7044.0","222.56835035416867"
"220","220","0","7046.0","222.56835035417737"
"220","220","0","7048.0","222.56835035416736"
"220","220","0","7050.0","222.5683503541654"
"220","220","0","7052.0","222.56835035416242"
"220","220","0","7054.0","222.56835035416077"
"220","220","0","7056.0","222.56835035415665"
"220","220","0","7058.0","222.56835035415986"
"220","220","0","7060.0","222.5683503541676"
"220","220","0","7062.0","222.56835035416583"
"220","220","0","7064.0","222.56835035416398"
"220","220","0","7066.0","222.5683503541715"
"220","220","0","7068.0","222.5683503541649"
"220","220","0","7070.0","222.56835035416788"
"220","220","0","7072.0","222.56835035416032"
"220","220","0","7074.0","222.56835035415872"
"220","220","0","7076.0","222.56835035416628"
"220","220","0","7078.0","222.56835035416623"
"220","220","0","7080.0","222.5683503541752"
"220","220","0","7082.0","222.56835035417373"
"220","220","0","7084.0","222.56835035418038"
"220","220","0","7086.0","222.56835035417538"
"220","220","0","7088.0","222.56835035417132"
"220","220","0","7090.0","222.56835035416583"
"220","220","0","7092.0","222.5683503541696"
"220","220","0","7094.0","222.5683503541696"
"220","220","0","7096.0","222.5683503541632"
"220","220","0","7098.0","222.56835035416108"
"220","220","0","7100.0","222.56835035416643"
"220","220","0","7102.0","222.56835035416435"
"220","220","0","7104.0","222.56835035416248"
"220","220","0","7106.0","222.568350354168"
"220","220","0","7108.0","222.56835035416898"
"220","220","0","7110.0","222.56835035417316"
"220","220","0","7112.0","222.56835035417703"
"220","220","0","7114.0","222.5683503541856"
"220","220","0","7116.0","222.56835035419053"
"220","220","0","7118.0","222.56835035419053"
"220","220","0","7120.0","222.5683503541913"
"220","220","0","7122.0","222.56835035418644"
"220","220","0","7124.0","222.56835035419058"
"220","220","0","7126.0","222.56835035419073"
"220","220","0","7128.0","222.56835035419235"
"220","220","0","7130.0","222.56835035419073"
"220","220","0","7132.0","222.56835035419562"
"220","220","0","7134.0","222.56835035420238"
"220","220","0","7136.0","222.56835035420636"
"220","220","0","7138.0","222.56835035421344"
"220","220","0","7140.0","222.5683503542165"
"220","220","0","7142.0","222.5683503542116"
"220","220","0","7144.0","222.56835035420872"
"220","220","0","7146.0","222.568350354207"
"220","220","0","7148.0","222.56835035420636"
"220","220","0","7150.0","222.56835035421463"
"220","220","0","7152.0","222.5683503542211"
"220","220","0","7154.0","222.56835035421372"
"220","220","0","7156.0","222.5683503542136"
"220","220","0","7158.0","222.56835035421022"
"220","220","0","7160.0","222.56835035420937"
"220","220","0","7162.0","222.56835035420642"
"220","220","0","7164.0","222.56835035421386"
"220","220","0","7166.0","222.56835035421787"
"220","220","0","7168.0","222.56835035421562"
"220","220","0","7170.0","222.56835035421705"
"220","220","0","7172.0","222.5683503542174"
"220","220","0","7174.0","222.56835035421776"
"220","220","0","7176.0","222.5683503542183"
"220","220","0","7178.0","222.5683503542232"
"220","220","0","7180.0","222.5683503542309"
"220","220","0","7182.0","222.56835035423288"
"220","220","0","7184.0","222.56835035423134"
"220","220","0","7186.0","222.56835035422375"
"220","220","0","7188.0","222.56835035421034"
"220","220","0","7190.0","222.56835035421642"
"220","220","0","7192.0","222.56835035421287"
"220","220","0","7194.0","222.5683503542141"
"220","220","0","7196.0","222.56835035421568"
"220","220","0","7198.0","222.56835035421216"
"220","220","0","7200.0","222.56835035421375"
"220","220","0","7202.0","222.56835035421327"
"220","220","0","7204.0","222.56835035421318"
"220","220","0","7206.0","222.56835035421534"
"220","220","0","7208.0","222.56835035421494"
"220","220","0","7210.0","222.56835035422066"
"220","220","0","7212.0","222.56835035421804"
"220","220","0","7214.0","222.5683503542227"
"220","220","0","7216.0","222.5683503542218"
"220","220","0","7218.0","222.56835035421574"
"220","220","0","7220.0","222.56835035421852"
"220","220","0","7222.0","222.56835035422"
"220","220","0","7224.0","222.56835035422364"
"220","220","0","7226.0","222.56835035422228"
"220","220","0","7228.0","222.56835035421386"
"220","220","0","7230.0","222.56835035420835"
"220","220","0","7232.0","222.56835035421125"
"220","220","0","7234.0","222.56835035420673"
"220","220","0","7236.0","222.56835035420266"
"220","220","0","7238.0","222.5683503542072"
"220","220","0","7240.0","222.56835035420414"
"220","220","0","7242.0","222.5683503542002"
"220","220","0","7244.0","222.56835035419678"
"220","220","0","7246.0","222.56835035420133"
"220","220","0","7248.0","222.56835035420403"
"220","220","0","7250.0","222.56835035419755"
"220","220","0","7252.0","222.5683503541965"
"220","220","0","7254.0","222.5683503541974"
"220","220","0","7256.0","222.5683503541991"
"220","220","0","7258.0","222.56835035420087"
"220","220","0","7260.0","222.56835035420588"
"220","220","0","7262.0","222.5683503542116"
"220","220","0","7264.0","222.5683503542153"
"220","220","0","7266.0","222.5683503542212"
"220","220","0","7268.0","222.56835035421508"
"220","220","0","7270.0","222.5683503542113"
"220","220","0","7272.0","222.56835035421565"
"220","220","0","7274.0","222.56835035421113"
"220","220","0","7276.0","222.5683503542158"
"220","220","0","7278.0","222.56835035421045"
"220","220","0","7280.0","222.56835035420954"
"220","220","0","7282.0","222.56835035421247"
"220","220","0","7284.0","222.56835035421403"
"220","220","0","7286.0","222.56835035420704"
"220","220","0","7288.0","222.5683503542057"
"220","220","0","7290.0","222.56835035421545"
"220","220","0","7292.0","222.5683503542196"
"220","220","0","7294.0","222.5683503542217"
"220","220","0","7296.0","222.5683503542142"
"220","220","0","7298.0","222.56835035420178"
"220","220","0","7300.0","222.56835035419465"
"220","220","0","7302.0","222.56835035419257"
"220","220","0","7304.0","222.56835035419965"
"220","220","0","7306.0","222.56835035420883"
"220","220","0","7308.0","222.56835035420866"
"220","220","0","7310.0","222.56835035420784"
"220","220","0","7312.0","222.56835035420332"
"220","220","0","7314.0","222.5683503542079"
"220","220","0","7316.0","222.5683503542089"
"220","220","0","7318.0","222.5683503542095"
"220","220","0","7320.0","222.5683503542116"
"220","220","0","7322.0","222.56835035422148"
"220","220","0","7324.0","222.56835035422057"
"220","220","0","7326.0","222.5683503542228"
"220","220","0","7328.0","222.56835035422418"
"220","220","0","7330.0","222.56835035422768"
"220","220","0","7332.0","222.5683503542342"
"220","220","0","7334.0","222.56835035423146"
"220","220","0","7336.0","222.5683503542339"
"220","220","0","7338.0","222.56835035423384"
"220","220","0","7340.0","222.56835035423669"
"220","220","0","7342.0","222.56835035424905"
"220","220","0","7344.0","222.56835035424996"
"220","220","0","7346.0","222.56835035424982"
"220","220","0","7348.0","222.568350354247"
"220","220","0","7350.0","222.56835035424615"
"220","220","0","7352.0","222.56835035424484"
"220","220","0","7354.0","222.5683503542474"
"220","220","0","7356.0","222.56835035424578"
"220","220","0","7358.0","222.56835035424317"
"220","220","0","7360.0","222.5683503542421"
"220","220","0","7362.0","222.56835035424595"
"220","220","0","7364.0","222.5683503542425"
"220","220","0","7366.0","222.56835035424334"
"220","220","0","7368.0","222.5683503542386"
"220","220","0","7370.0","222.56835035424018"
"220","220","0","7372.0","222.56835035423683"
"220","220","0","7374.0","222.56835035424032"
"220","220","0","7376.0","222.56835035424075"
"220","220","0","7378.0","222.56835035424047"
"220","220","0","7380.0","222.56835035423975"
"220","220","0","7382.0","222.5683503542402"
"220","220","0","7384.0","222.5683503542447"
"220","220","0","7386.0","222.56835035424535"
"220","220","0","7388.0","222.56835035424643"
"220","220","0","7390.0","222.56835035424538"
"220","220","0","7392.0","222.568350354245"
"220","220","0","7394.0","222.56835035424172"
"220","220","0","7396.0","222.5683503542346"
"220","220","0","7398.0","222.5683503542374"
"220","220","0","7400.0","222.5683503542382"
"220","220","0","7402.0","222.56835035424444"
"220","220","0","7404.0","222.56835035424737"
"220","220","0","7406.0","222.5683503542509"
"220","220","0","7408.0","222.56835035425328"
"220","220","0","7410.0","222.56835035425274"
"220","220","0","7412.0","222.56835035424766"
"220","220","0","7414.0","222.56835035424828"
"220","220","0","7416.0","222.56835035425328"
"220","220","0","7418.0","222.5683503542583"
"220","220","0","7420.0","222.56835035425945"
"220","220","0","7422.0","222.56835035426184"
"220","220","0","7424.0","222.56835035426835"
"220","220","0","7426.0","222.56835035427076"
"220","220","0","7428.0","222.5683503542709"
"220","220","0","7430.0","222.56835035426823"
"220","220","0","7432.0","222.56835035426178"
"220","220","0","7434.0","222.5683503542659"
"220","220","0","7436.0","222.56835035427042"
"220","220","0","7438.0","222.5683503542672"
"220","220","0","7440.0","222.56835035426565"
"220","220","0","7442.0","222.5683503542694"
"220","220","0","7444.0","222.56835035427375"
"220","220","0","7446.0","222.5683503542807"
"220","220","0","7448.0","222.56835035428287"
"220","220","0","7450.0","222.56835035428531"
"220","220","0","7452.0","222.56835035428796"
"220","220","0","7454.0","222.5683503542904"
"220","220","0","7456.0","222.56835035428796"
"220","220","0","7458.0","222.56835035429435"
"220","220","0","7460.0","222.5683503542901"
"220","220","0","7462.0","222.56835035429677"
"220","220","0","7464.0","222.56835035429907"
"220","220","0","7466.0","222.56835035430393"
"220","220","0","7468.0","222.56835035430407"
"220","220","0","7470.0","222.5683503543046"
"220","220","0","7472.0","222.56835035430348"
"220","220","0","7474.0","222.56835035430353"
"220","220","0","7476.0","222.56835035430893"
"220","220","0","7478.0","222.5683503543102"
"220","220","0","7480.0","222.56835035430865"
"220","220","0","7482.0","222.56835035431402"
"220","220","0","7484.0","222.56835035431476"
"220","220","0","7486.0","222.5683503543155"
"220","220","0","7488.0","222.56835035431843"
"220","220","0","7490.0","222.5683503543201"
"220","220","0","7492.0","222.56835035432925"
"220","220","0","7494.0","222.56835035432857"
"220","220","0","7496.0","222.56835035432633"
"220","220","0","7498.0","222.56835035433065"
"220","220","0","7500.0","222.56835035432982"
"220","220","0","7502.0","222.56835035433272"
"220","220","0","7504.0","222.56835035433255"
"220","220","0","7506.0","222.56835035433988"
"220","220","0","7508.0","222.56835035434202"
"220","220","0","7510.0","222.56835035434162"
"220","220","0","7512.0","222.56835035433488"
"220","220","0","7514.0","222.56835035433878"
"220","220","0","7516.0","222.56835035433906"
"220","220","0","7518.0","222.56835035433883"
"220","220","0","7520.0","222.56835035434256"
"220","220","0","7522.0","222.56835035434662"
"220","220","0","7524.0","222.56835035434662"
"220","220","0","7526.0","222.56835035434307"
"220","220","0","7528.0","222.5683503543421"
"220","220","0","7530.0","222.56835035433923"
"220","220","0","7532.0","222.5683503543371"
"220","220","0","7534.0","222.56835035434028"
"220","220","0","7536.0","222.56835035434403"
"220","220","0","7538.0","222.5683503543427"
"220","220","0","7540.0","222.56835035434105"
"220","220","0","7542.0","222.56835035434344"
"220","220","0","7544.0","222.5683503543449"
"220","220","0","7546.0","222.56835035434986"
"220","220","0","7548.0","222.56835035434392"
"220","220","0","7550.0","222.56835035434455"
"220","220","0","7552.0","222.56835035434287"
"220","220","0","7554.0","222.56835035434423"
"220","220","0","7556.0","222.5683503543435"
"220","220","0","7558.0","222.56835035434324"
"220","220","0","7560.0","222.56835035434537"
"220","220","0","7562.0","222.56835035434977"
"220","220","0","7564.0","222.5683503543538"
"220","220","0","7566.0","222.56835035435384"
"220","220","0","7568.0","222.5683503543587"
"220","220","0","7570.0","222.56835035435154"
"220","220","0","7572.0","222.5683503543523"
"220","220","0","7574.0","222.56835035435205"
"220","220","0","7576.0","222.56835035435736"
"220","220","0","7578.0","222.5683503543563"
"220","220","0","7580.0","222.56835035435174"
"220","220","0","7582.0","222.56835035435438"
"220","220","0","7584.0","222.56835035435398"
"220","220","0","7586.0","222.56835035435319"
"220","220","0","7588.0","222.56835035435174"
"220","220","0","7590.0","222.56835035434912"
"220","220","0","7592.0","222.5683503543463"
"220","220","0","7594.0","222.56835035434477"
"220","220","0","7596.0","222.56835035434582"
"220","220","0","7598.0","222.56835035435125"
"220","220","0","7600.0","222.5683503543451"
"220","220","0","7602.0","222.56835035434483"
"220","220","0","7604.0","222.5683503543415"
"220","220","0","7606.0","222.56835035434136"
"220","220","0","7608.0","222.56835035434193"
"220","220","0","7610.0","222.5683503543406"
"220","220","0","7612.0","222.5683503543362"
"220","220","0","7614.0","222.56835035433542"
"220","220","0","7616.0","222.56835035432843"
"220","220","0","7618.0","222.56835035433295"
"220","220","0","7620.0","222.56835035433508"
"220","220","0","7622.0","222.56835035433514"
"220","220","0","7624.0","222.56835035433355"
"220","220","0","7626.0","222.56835035433497"
"220","220","0","7628.0","222.56835035433627"
"220","220","0","7630.0","222.5683503543369"
"220","220","0","7632.0","222.56835035433667"
"220","220","0","7634.0","222.5683503543346"
"220","220","0","7636.0","222.56835035432968"
"220","220","0","7638.0","222.56835035433318"
"220","220","0","7640.0","222.56835035433846"
"220","220","0","7642.0","222.56835035434182"
"220","220","0","7644.0","222.56835035433667"
"220","220","0","7646.0","222.56835035434028"
"220","220","0","7648.0","222.5683503543396"
"220","220","0","7650.0","222.56835035434355"
"220","220","0","7652.0","222.56835035434523"
"220","220","0","7654.0","222.56835035434375"
"220","220","0","7656.0","222.5683503543406"
"220","220","0","7658.0","222.56835035433903"
"220","220","0","7660.0","222.56835035434307"
"220","220","0","7662.0","222.56835035434054"
"220","220","0","7664.0","222.5683503543427"
"220","220","0","7666.0","222.56835035434355"
"220","220","0","7668.0","222.56835035434216"
"220","220","0","7670.0","222.5683503543453"
"220","220","0","7672.0","222.56835035434116"
"220","220","0","7674.0","222.56835035434173"
"220","220","0","7676.0","222.56835035434227"
"220","220","0","7678.0","222.56835035434514"
"220","220","0","7680.0","222.56835035434935"
"220","220","0","7682.0","222.56835035434798"
"220","220","0","7684.0","222.56835035434483"
"220","220","0","7686.0","222.5683503543477"
"220","220","0","7688.0","222.56835035435057"
"220","220","0","7690.0","222.5683503543545"
"220","220","0","7692.0","222.56835035435537"
"220","220","0","7694.0","222.56835035435356"
"220","220","0","7696.0","222.5683503543533"
"220","220","0","7698.0","222.56835035435145"
"220","220","0","7700.0","222.5683503543535"
"220","220","0","7702.0","222.56835035435003"
"220","220","0","7704.0","222.56835035434634"
"220","220","0","7706.0","222.56835035434608"
"220","220","0","7708.0","222.56835035434815"
"220","220","0","7710.0","222.56835035434875"
"220","220","0","7712.0","222.56835035434756"
"220","220","0","7714.0","222.56835035434767"
"220","220","0","7716.0","222.56835035434835"
"220","220","0","7718.0","222.56835035434975"
"220","220","0","7720.0","222.5683503543552"
"220","220","0","7722.0","222.5683503543482"
"220","220","0","7724.0","222.5683503543449"
"220","220","0","7726.0","222.56835035434707"
"220","220","0","7728.0","222.56835035434713"
"220","220","0","7730.0","222.56835035434344"
"220","220","0","7732.0","222.568350354347"
"220","220","0","7734.0","222.56835035434494"
"220","220","0","7736.0","222.56835035434625"
"220","220","0","7738.0","222.56835035434747"
"220","220","0","7740.0","222.56835035434457"
"220","220","0","7742.0","222.5683503543435"
"220","220","0","7744.0","222.5683503543434"
"220","220","0","7746.0","222.56835035434503"
"220","220","0","7748.0","222.56835035434688"
"220","220","0","7750.0","222.56835035434784"
"220","220","0","7752.0","222.56835035434622"
"220","220","0","7754.0","222.56835035434756"
"220","220","0","7756.0","222.56835035434972"
"220","220","0","7758.0","222.5683503543498"
"220","220","0","7760.0","222.5683503543512"
"220","220","0","7762.0","222.56835035435134"
"220","220","0","7764.0","222.56835035435202"
"220","220","0","7766.0","222.5683503543509"
"220","220","0","7768.0","222.56835035434744"
"220","220","0","7770.0","222.56835035435319"
"220","220","0","7772.0","222.56835035435174"
"220","220","0","7774.0","222.56835035435225"
"220","220","0","7776.0","222.5683503543526"
"220","220","0","7778.0","222.56835035435068"
"220","220","0","7780.0","222.56835035435768"
"220","220","0","7782.0","222.56835035435438"
"220","220","0","7784.0","222.568350354357"
"220","220","0","7786.0","222.56835035435515"
"220","220","0","7788.0","222.56835035435404"
"220","220","0","7790.0","222.5683503543519"
"220","220","0","7792.0","222.56835035434972"
"220","220","0","7794.0","222.56835035435228"
"220","220","0","7796.0","222.5683503543533"
"220","220","0","7798.0","222.56835035435128"
"220","220","0","7800.0","222.56835035434915"
"220","220","0","7802.0","222.56835035434625"
"220","220","0","7804.0","222.568350354348"
"220","220","0","7806.0","222.5683503543512"
"220","220","0","7808.0","222.56835035435017"
"220","220","0","7810.0","222.56835035434958"
"220","220","0","7812.0","222.5683503543524"
"220","220","0","7814.0","222.56835035435142"
"220","220","0","7816.0","222.56835035434963"
"220","220","0","7818.0","222.56835035435194"
"220","220","0","7820.0","222.5683503543535"
"220","220","0","7822.0","222.56835035435356"
"220","220","0","7824.0","222.56835035435628"
"220","220","0","7826.0","222.56835035435498"
"220","220","0","7828.0","222.56835035435452"
"220","220","0","7830.0","222.56835035435685"
"220","220","0","7832.0","222.5683503543596"
"220","220","0","7834.0","222.5683503543616"
"220","220","0","7836.0","222.5683503543595"
"220","220","0","7838.0","222.56835035436043"
"220","220","0","7840.0","222.56835035436"
"220","220","0","7842.0","222.56835035436166"
"220","220","0","7844.0","222.56835035435904"
"220","220","0","7846.0","222.5683503543569"
"220","220","0","7848.0","222.5683503543587"
"220","220","0","7850.0","222.5683503543559"
"220","220","0","7852.0","222.5683503543549"
"220","220","0","7854.0","222.56835035435233"
"220","220","0","7856.0","222.5683503543503"
"220","220","0","7858.0","222.5683503543515"
"220","220","0","7860.0","222.56835035435594"
"220","220","0","7862.0","222.56835035435316"
"220","220","0","7864.0","222.56835035435464"
"220","220","0","7866.0","222.5683503543523"
"220","220","0","7868.0","222.56835035434847"
"220","220","0","7870.0","222.5683503543487"
"220","220","0","7872.0","222.56835035434685"
"220","220","0","7874.0","222.56835035434784"
"220","220","0","7876.0","222.56835035435296"
"220","220","0","7878.0","222.56835035435074"
"220","220","0","7880.0","222.5683503543527"
"220","220","0","7882.0","222.56835035435256"
"220","220","0","7884.0","222.5683503543543"
"220","220","0","7886.0","222.56835035435577"
"220","220","0","7888.0","222.56835035435273"
"220","220","0","7890.0","222.56835035435037"
"220","220","0","7892.0","222.56835035435174"
"220","220","0","7894.0","222.56835035435188"
"220","220","0","7896.0","222.5683503543513"
"220","220","0","7898.0","222.56835035435228"
"220","220","0","7900.0","222.5683503543502"
"220","220","0","7902.0","222.5683503543528"
"220","220","0","7904.0","222.5683503543497"
"220","220","0","7906.0","222.56835035434767"
"220","220","0","7908.0","222.56835035434784"
"220","220","0","7910.0","222.56835035435176"
"220","220","0","7912.0","222.56835035435333"
"220","220","0","7914.0","222.5683503543504"
"220","220","0","7916.0","222.5683503543511"
"220","220","0","7918.0","222.5683503543553"
"220","220","0","7920.0","222.5683503543519"
"220","220","0","7922.0","222.56835035435108"
"220","220","0","7924.0","222.56835035435034"
"220","220","0","7926.0","222.568350354352"
"220","220","0","7928.0","222.56835035434958"
"220","220","0","7930.0","222.5683503543492"
"220","220","0","7932.0","222.56835035434779"
"220","220","0","7934.0","222.56835035434972"
"220","220","0","7936.0","222.56835035434747"
"220","220","0","7938.0","222.56835035434756"
"220","220","0","7940.0","222.56835035434634"
"220","220","0","7942.0","222.56835035434727"
"220","220","0","7944.0","222.5683503543479"
"220","220","0","7946.0","222.5683503543468"
"220","220","0","7948.0","222.5683503543469"
"220","220","0","7950.0","222.56835035434594"
"220","220","0","7952.0","222.56835035434275"
"220","220","0","7954.0","222.56835035434355"
"220","220","0","7956.0","222.5683503543441"
"220","220","0","7958.0","222.56835035434148"
"220","220","0","7960.0","222.56835035434523"
"220","220","0","7962.0","222.56835035434767"
"220","220","0","7964.0","222.56835035434437"
"220","220","0","7966.0","222.5683503543433"
"220","220","0","7968.0","222.5683503543411"
"220","220","0","7970.0","222.56835035434054"
"220","220","0","7972.0","222.56835035434267"
"220","220","0","7974.0","222.5683503543401"
"220","220","0","7976.0","222.5683503543405"
"220","220","0","7978.0","222.5683503543432"
"220","220","0","7980.0","222.5683503543447"
"220","220","0","7982.0","222.5683503543464"
"220","220","0","7984.0","222.56835035434761"
"220","220","0","7986.0","222.5683503543453"
"220","220","0","7988.0","222.56835035434773"
"220","220","0","7990.0","222.56835035434818"
"220","220","0","7992.0","222.56835035435034"
"220","220","0","7994.0","222.56835035435282"
"220","220","0","7996.0","222.56835035435324"
"220","220","0","7998.0","222.56835035435327"
"220","220","0","8000.0","222.5683503543528"
"220","220","0","8002.0","222.56835035435566"
"220","220","0","8004.0","222.56835035435643"
"220","220","0","8006.0","222.56835035435734"
"220","220","0","8008.0","222.5683503543582"
"220","220","0","8010.0","222.56835035435594"
"220","220","0","8012.0","222.56835035436058"
"220","220","0","8014.0","222.56835035436097"
"220","220","0","8016.0","222.56835035435958"
"220","220","0","8018.0","222.5683503543611"
"220","220","0","8020.0","222.5683503543582"
"220","220","0","8022.0","222.5683503543579"
"220","220","0","8024.0","222.56835035435972"
"220","220","0","8026.0","222.56835035435972"
"220","220","0","8028.0","222.5683503543567"
"220","220","0","8030.0","222.56835035435654"
"220","220","0","8032.0","222.56835035435455"
"220","220","0","8034.0","222.56835035435557"
"220","220","0","8036.0","222.56835035435498"
"220","220","0","8038.0","222.56835035435714"
"220","220","0","8040.0","222.56835035435782"
"220","220","0","8042.0","222.56835035435662"
"220","220","0","8044.0","222.5683503543563"
"220","220","0","8046.0","222.56835035435546"
"220","220","0","8048.0","222.56835035435932"
"220","220","0","8050.0","222.568350354359"
"220","220","0","8052.0","222.5683503543575"
"220","220","0","8054.0","222.5683503543564"
"220","220","0","8056.0","222.56835035435822"
"220","220","0","8058.0","222.5683503543559"
"220","220","0","8060.0","222.56835035435776"
"220","220","0","8062.0","222.56835035435785"
"220","220","0","8064.0","222.56835035435998"
"220","220","0","8066.0","222.56835035436274"
"220","220","0","8068.0","222.5683503543638"
"220","220","0","8070.0","222.56835035436185"
"220","220","0","8072.0","222.5683503543586"
"220","220","0","8074.0","222.56835035435682"
"220","220","0","8076.0","222.56835035435924"
"220","220","0","8078.0","222.56835035435768"
"220","220","0","8080.0","222.56835035435896"
"220","220","0","8082.0","222.56835035435807"
"220","220","0","8084.0","222.56835035435927"
"220","220","0","8086.0","222.56835035435498"
"220","220","0","8088.0","222.5683503543546"
"220","220","0","8090.0","222.56835035435353"
"220","220","0","8092.0","222.5683503543522"
"220","220","0","8094.0","222.56835035435006"
"220","220","0","8096.0","222.56835035435125"
"220","220","0","8098.0","222.56835035435165"
"220","220","0","8100.0","222.56835035435122"
"220","220","0","8102.0","222.56835035435134"
"220","220","0","8104.0","222.568350354352"
"220","220","0","8106.0","222.5683503543522"
"220","220","0","8108.0","222.56835035435472"
"220","220","0","8110.0","222.56835035435518"
"220","220","0","8112.0","222.5683503543554"
"220","220","0","8114.0","222.56835035435446"
"220","220","0","8116.0","222.56835035435242"
"220","220","0","8118.0","222.568350354352"
"220","220","0","8120.0","222.56835035435006"
"220","220","0","8122.0","222.5683503543486"
"220","220","0","8124.0","222.56835035434872"
"220","220","0","8126.0","222.56835035434915"
"220","220","0","8128.0","222.56835035434995"
"220","220","0","8130.0","222.56835035435157"
"220","220","0","8132.0","222.5683503543508"
"220","220","0","8134.0","222.56835035434923"
"220","220","0","8136.0","222.56835035434986"
"220","220","0","8138.0","222.56835035434614"
"220","220","0","8140.0","222.56835035434523"
"220","220","0","8142.0","222.56835035434426"
"220","220","0","8144.0","222.56835035434617"
"220","220","0","8146.0","222.56835035434688"
"220","220","0","8148.0","222.56835035434753"
"220","220","0","8150.0","222.5683503543489"
"220","220","0","8152.0","222.5683503543498"
"220","220","0","8154.0","222.5683503543469"
"220","220","0","8156.0","222.56835035434793"
"220","220","0","8158.0","222.568350354348"
"220","220","0","8160.0","222.56835035434455"
"220","220","0","8162.0","222.56835035434923"
"220","220","0","8164.0","222.56835035434946"
"220","220","0","8166.0","222.56835035435248"
"220","220","0","8168.0","222.56835035435205"
"220","220","0","8170.0","222.56835035435114"
"220","220","0","8172.0","222.5683503543506"
"220","220","0","8174.0","222.5683503543484"
"220","220","0","8176.0","222.56835035434764"
"220","220","0","8178.0","222.56835035434642"
"220","220","0","8180.0","222.5683503543479"
"220","220","0","8182.0","222.56835035434605"
"220","220","0","8184.0","222.56835035434403"
"220","220","0","8186.0","222.56835035434372"
"220","220","0","8188.0","222.5683503543453"
"220","220","0","8190.0","222.56835035434642"
"220","220","0","8192.0","222.56835035434693"
"220","220","0","8194.0","222.56835035434682"
"220","220","0","8196.0","222.5683503543459"
"220","220","0","8198.0","222.5683503543479"
"220","220","0","8200.0","222.56835035434528"
"220","220","0","8202.0","222.56835035434415"
"220","220","0","8204.0","222.56835035434463"
"220","220","0","8206.0","222.5683503543458"
"220","220","0","8208.0","222.56835035434563"
"220","220","0","8210.0","222.56835035434312"
"220","220","0","8212.0","222.5683503543407"
"220","220","0","8214.0","222.56835035434196"
"220","220","0","8216.0","222.5683503543452"
"220","220","0","8218.0","222.5683503543471"
"220","220","0","8220.0","222.56835035434733"
"220","220","0","8222.0","222.56835035434807"
"220","220","0","8224.0","222.56835035434642"
"220","220","0","8226.0","222.5683503543464"
"220","220","0","8228.0","222.5683503543508"
"220","220","0","8230.0","222.56835035435154"
"220","220","0","8232.0","222.56835035434943"
"220","220","0","8234.0","222.56835035435049"
"220","220","0","8236.0","222.56835035435427"
"220","220","0","8238.0","222.56835035435788"
"220","220","0","8240.0","222.56835035435628"
"220","220","0","8242.0","222.56835035435589"
"220","220","0","8244.0","222.56835035435583"
"220","220","0","8246.0","222.56835035435475"
"220","220","0","8248.0","222.5683503543566"
"220","220","0","8250.0","222.56835035435668"
"220","220","0","8252.0","222.56835035435657"
"220","220","0","8254.0","222.56835035435458"
"220","220","0","8256.0","222.56835035435387"
"220","220","0","8258.0","222.5683503543525"
"220","220","0","8260.0","222.56835035435336"
"220","220","0","8262.0","222.56835035435162"
"220","220","0","8264.0","222.568350354352"
"220","220","0","8266.0","222.56835035435398"
"220","220","0","8268.0","222.56835035435407"
"220","220","0","8270.0","222.56835035435418"
"220","220","0","8272.0","222.56835035435475"
"220","220","0","8274.0","222.5683503543552"
"220","220","0","8276.0","222.56835035435716"
"220","220","0","8278.0","222.56835035435688"
"220","220","0","8280.0","222.56835035435768"
"220","220","0","8282.0","222.56835035436026"
"220","220","0","8284.0","222.5683503543592"
"220","220","0","8286.0","222.56835035435878"
"220","220","0","8288.0","222.56835035435768"
"220","220","0","8290.0","222.56835035435827"
"220","220","0","8292.0","222.5683503543603"
"220","220","0","8294.0","222.56835035436075"
"220","220","0","8296.0","222.56835035436188"
"220","220","0","8298.0","222.56835035436126"
"220","220","0","8300.0","222.56835035435898"
"220","220","0","8302.0","222.56835035435589"
"220","220","0","8304.0","222.56835035435668"
"220","220","0","8306.0","222.56835035435665"
"220","220","0","8308.0","222.56835035435637"
"220","220","0","8310.0","222.56835035435864"
"220","220","0","8312.0","222.56835035435782"
"220","220","0","8314.0","222.5683503543568"
"220","220","0","8316.0","222.5683503543542"
"220","220","0","8318.0","222.5683503543527"
"220","220","0","8320.0","222.5683503543535"
"220","220","0","8322.0","222.5683503543539"
"220","220","0","8324.0","222.5683503543557"
"220","220","0","8326.0","222.56835035435617"
"220","220","0","8328.0","222.568350354357"
"220","220","0","8330.0","222.56835035435614"
"220","220","0","8332.0","222.56835035435714"
"220","220","0","8334.0","222.56835035435708"
"220","220","0","8336.0","222.5683503543582"
"220","220","0","8338.0","222.56835035435705"
"220","220","0","8340.0","222.56835035435805"
"220","220","0","8342.0","222.56835035435992"
"220","220","0","8344.0","222.56835035436026"
"220","220","0","8346.0","222.56835035435938"
"220","220","0","8348.0","222.56835035435944"
"220","220","0","8350.0","222.5683503543608"
"220","220","0","8352.0","222.56835035436154"
"220","220","0","8354.0","222.56835035436106"
"220","220","0","8356.0","222.56835035436387"
"220","220","0","8358.0","222.56835035436347"
"220","220","0","8360.0","222.56835035436288"
"220","220","0","8362.0","222.5683503543657"
"220","220","0","8364.0","222.56835035436717"
"220","220","0","8366.0","222.56835035436816"
"220","220","0","8368.0","222.5683503543686"
"220","220","0","8370.0","222.56835035436842"
"220","220","0","8372.0","222.56835035436853"
"220","220","0","8374.0","222.56835035436882"
"220","220","0","8376.0","222.5683503543695"
"220","220","0","8378.0","222.56835035436936"
"220","220","0","8380.0","222.56835035436882"
"220","220","0","8382.0","222.56835035436652"
"220","220","0","8384.0","222.56835035436478"
"220","220","0","8386.0","222.5683503543655"
"220","220","0","8388.0","222.56835035436575"
"220","220","0","8390.0","222.56835035436853"
"220","220","0","8392.0","222.5683503543709"
"220","220","0","8394.0","222.56835035437223"
"220","220","0","8396.0","222.56835035437098"
"220","220","0","8398.0","222.56835035437138"
"220","220","0","8400.0","222.5683503543728"
"220","220","0","8402.0","222.56835035437365"
"220","220","0","8404.0","222.56835035437217"
"220","220","0","8406.0","222.56835035437322"
"220","220","0","8408.0","222.5683503543754"
"220","220","0","8410.0","222.56835035437632"
"220","220","0","8412.0","222.56835035437544"
"220","220","0","8414.0","222.56835035437453"
"220","220","0","8416.0","222.5683503543741"
"220","220","0","8418.0","222.56835035437587"
"220","220","0","8420.0","222.5683503543769"
"220","220","0","8422.0","222.56835035437504"
"220","220","0","8424.0","222.56835035437496"
"220","220","0","8426.0","222.56835035437476"
"220","220","0","8428.0","222.5683503543731"
"220","220","0","8430.0","222.56835035437305"
"220","220","0","8432.0","222.56835035437413"
"220","220","0","8434.0","222.56835035437243"
"220","220","0","8436.0","222.56835035437314"
"220","220","0","8438.0","222.56835035437314"
"220","220","0","8440.0","222.56835035437453"
"220","220","0","8442.0","222.56835035437325"
"220","220","0","8444.0","222.5683503543723"
"220","220","0","8446.0","222.568350354372"
"220","220","0","8448.0","222.56835035437092"
"220","220","0","8450.0","222.56835035436967"
"220","220","0","8452.0","222.5683503543676"
"220","220","0","8454.0","222.5683503543675"
"220","220","0","8456.0","222.56835035436677"
"220","220","0","8458.0","222.5683503543676"
"220","220","0","8460.0","222.56835035436742"
"220","220","0","8462.0","222.56835035436745"
"220","220","0","8464.0","222.56835035436796"
"220","220","0","8466.0","222.56835035436754"
"220","220","0","8468.0","222.56835035436634"
"220","220","0","8470.0","222.5683503543687"
"220","220","0","8472.0","222.56835035436822"
"220","220","0","8474.0","222.56835035436632"
"220","220","0","8476.0","222.56835035436657"
"220","220","0","8478.0","222.568350354367"
"220","220","0","8480.0","222.56835035436714"
"220","220","0","8482.0","222.5683503543652"
"220","220","0","8484.0","222.5683503543663"
"220","220","0","8486.0","222.56835035436606"
"220","220","0","8488.0","222.56835035436524"
"220","220","0","8490.0","222.5683503543649"
"220","220","0","8492.0","222.5683503543639"
"220","220","0","8494.0","222.56835035436296"
"220","220","0","8496.0","222.5683503543634"
"220","220","0","8498.0","222.56835035436606"
"220","220","0","8500.0","222.5683503543654"
"220","220","0","8502.0","222.56835035436785"
"220","220","0","8504.0","222.56835035436728"
"220","220","0","8506.0","222.56835035436762"
"220","220","0","8508.0","222.56835035436904"
"220","220","0","8510.0","222.56835035436953"
"220","220","0","8512.0","222.56835035436862"
"220","220","0","8514.0","222.56835035436907"
"220","220","0","8516.0","222.5683503543684"
"220","220","0","8518.0","222.56835035436788"
"220","220","0","8520.0","222.56835035436802"
"220","220","0","8522.0","222.56835035437"
"220","220","0","8524.0","222.5683503543686"
"220","220","0","8526.0","222.56835035436868"
"220","220","0","8528.0","222.56835035436967"
"220","220","0","8530.0","222.56835035436978"
"220","220","0","8532.0","222.56835035437"
"220","220","0","8534.0","222.56835035437027"
"220","220","0","8536.0","222.56835035437132"
"220","220","0","8538.0","222.56835035437064"
"220","220","0","8540.0","222.56835035436853"
"220","220","0","8542.0","222.56835035436643"
"220","220","0","8544.0","222.56835035436646"
"220","220","0","8546.0","222.56835035436728"
"220","220","0","8548.0","222.56835035436688"
"220","220","0","8550.0","222.5683503543677"
"220","220","0","8552.0","222.56835035437004"
"220","220","0","8554.0","222.56835035437047"
"220","220","0","8556.0","222.56835035437052"
"220","220","0","8558.0","222.56835035437163"
"220","220","0","8560.0","222.56835035437143"
"220","220","0","8562.0","222.5683503543729"
"220","220","0","8564.0","222.56835035437436"
"220","220","0","8566.0","222.56835035437499"
"220","220","0","8568.0","222.56835035437481"
"220","220","0","8570.0","222.56835035437445"
"220","220","0","8572.0","222.5683503543747"
"220","220","0","8574.0","222.56835035437368"
"220","220","0","8576.0","222.56835035437396"
"220","220","0","8578.0","222.568350354374"
"220","220","0","8580.0","222.56835035437274"
"220","220","0","8582.0","222.56835035437294"
"220","220","0","8584.0","222.56835035437354"
"220","220","0","8586.0","222.56835035437425"
"220","220","0","8588.0","222.56835035437445"
"220","220","0","8590.0","222.56835035437516"
"220","220","0","8592.0","222.5683503543774"
"220","220","0","8594.0","222.5683503543788"
"220","220","0","8596.0","222.56835035438002"
"220","220","0","8598.0","222.56835035437956"
"220","220","0","8600.0","222.56835035438087"
"220","220","0","8602.0","222.56835035438257"
"220","220","0","8604.0","222.56835035438252"
"220","220","0","8606.0","222.56835035438345"
"220","220","0","8608.0","222.5683503543835"
"220","220","0","8610.0","222.5683503543828"
"220","220","0","8612.0","222.5683503543819"
"220","220","0","8614.0","222.56835035437973"
"220","220","0","8616.0","222.56835035437976"
"220","220","0","8618.0","222.56835035438098"
"220","220","0","8620.0","222.56835035438263"
"220","220","0","8622.0","222.568350354382"
"220","220","0","8624.0","222.56835035438223"
"220","220","0","8626.0","222.56835035438334"
"220","220","0","8628.0","222.56835035438317"
"220","220","0","8630.0","222.56835035438368"
"220","220","0","8632.0","222.56835035438556"
"220","220","0","8634.0","222.56835035438567"
"220","220","0","8636.0","222.5683503543837"
"220","220","0","8638.0","222.56835035438476"
"220","220","0","8640.0","222.5683503543842"
"220","220","0","8642.0","222.5683503543861"
"220","220","0","8644.0","222.5683503543876"
"220","220","0","8646.0","222.5683503543868"
"220","220","0","8648.0","222.56835035438786"
"220","220","0","8650.0","222.56835035438826"
"220","220","0","8652.0","222.56835035438954"
"220","220","0","8654.0","222.56835035438917"
"220","220","0","8656.0","222.56835035438965"
"220","220","0","8658.0","222.56835035439056"
"220","220","0","8660.0","222.56835035438957"
"220","220","0","8662.0","222.56835035439033"
"220","220","0","8664.0","222.5683503543899"
"220","220","0","8666.0","222.56835035438942"
"220","220","0","8668.0","222.56835035438982"
"220","220","0","8670.0","222.5683503543887"
"220","220","0","8672.0","222.5683503543893"
"220","220","0","8674.0","222.56835035438863"
"220","220","0","8676.0","222.5683503543879"
"220","220","0","8678.0","222.56835035439013"
"220","220","0","8680.0","222.56835035439082"
"220","220","0","8682.0","222.56835035439124"
"220","220","0","8684.0","222.56835035439192"
"220","220","0","8686.0","222.56835035439155"
"220","220","0","8688.0","222.56835035439025"
"220","220","0","8690.0","222.5683503543905"
"220","220","0","8692.0","222.56835035439067"
"220","220","0","8694.0","222.56835035439033"
"220","220","0","8696.0","222.56835035439033"
"220","220","0","8698.0","222.5683503543916"
"220","220","0","8700.0","222.56835035439096"
"220","220","0","8702.0","222.56835035439101"
"220","220","0","8704.0","222.56835035439062"
"220","220","0","8706.0","222.5683503543907"
"220","220","0","8708.0","222.56835035439056"
"220","220","0","8710.0","222.56835035439008"
"220","220","0","8712.0","222.56835035438965"
"220","220","0","8714.0","222.5683503543906"
"220","220","0","8716.0","222.56835035439016"
"220","220","0","8718.0","222.56835035439065"
"220","220","0","8720.0","222.56835035439138"
"220","220","0","8722.0","222.56835035439246"
"220","220","0","8724.0","222.5683503543932"
"220","220","0","8726.0","222.56835035439332"
"220","220","0","8728.0","222.56835035439423"
"220","220","0","8730.0","222.5683503543952"
"220","220","0","8732.0","222.56835035439573"
"220","220","0","8734.0","222.5683503543954"
"220","220","0","8736.0","222.56835035439573"
"220","220","0","8738.0","222.56835035439485"
"220","220","0","8740.0","222.5683503543949"
"220","220","0","8742.0","222.56835035439505"
"220","220","0","8744.0","222.56835035439474"
"220","220","0","8746.0","222.56835035439582"
"220","220","0","8748.0","222.56835035439482"
"220","220","0","8750.0","222.56835035439389"
"220","220","0","8752.0","222.56835035439306"
"220","220","0","8754.0","222.56835035439352"
"220","220","0","8756.0","222.5683503543946"
"220","220","0","8758.0","222.56835035439494"
"220","220","0","8760.0","222.56835035439542"
"220","220","0","8762.0","222.56835035439548"
"220","220","0","8764.0","222.56835035439502"
"220","220","0","8766.0","222.5683503543948"
"220","220","0","8768.0","222.56835035439283"
"220","220","0","8770.0","222.56835035439315"
"220","220","0","8772.0","222.5683503543933"
"220","220","0","8774.0","222.56835035439423"
"220","220","0","8776.0","222.56835035439371"
"220","220","0","8778.0","222.56835035439303"
"220","220","0","8780.0","222.56835035439377"
"220","220","0","8782.0","222.56835035439434"
"220","220","0","8784.0","222.56835035439352"
"220","220","0","8786.0","222.56835035439246"
"220","220","0","8788.0","222.56835035439192"
"220","220","0","8790.0","222.56835035439147"
"220","220","0","8792.0","222.5683503543912"
"220","220","0","8794.0","222.56835035439093"
"220","220","0","8796.0","222.5683503543905"
"220","220","0","8798.0","222.56835035439101"
"220","220","0","8800.0","222.56835035439227"
"220","220","0","8802.0","222.56835035439198"
"220","220","0","8804.0","222.5683503543926"
"220","220","0","8806.0","222.5683503543937"
"220","220","0","8808.0","222.56835035439286"
"220","220","0","8810.0","222.5683503543932"
"220","220","0","8812.0","222.56835035439323"
"220","220","0","8814.0","222.56835035439298"
"220","220","0","8816.0","222.56835035439283"
"220","220","0","8818.0","222.5683503543936"
"220","220","0","8820.0","222.5683503543953"
"220","220","0","8822.0","222.56835035439607"
"220","220","0","8824.0","222.56835035439602"
"220","220","0","8826.0","222.56835035439627"
"220","220","0","8828.0","222.56835035439465"
"220","220","0","8830.0","222.5683503543942"
"220","220","0","8832.0","222.5683503543945"
"220","220","0","8834.0","222.56835035439371"
"220","220","0","8836.0","222.56835035439298"
"220","220","0","8838.0","222.56835035439374"
"220","220","0","8840.0","222.5683503543943"
"220","220","0","8842.0","222.5683503543948"
"220","220","0","8844.0","222.5683503543962"
"220","220","0","8846.0","222.56835035439536"
"220","220","0","8848.0","222.5683503543956"
"220","220","0","8850.0","222.5683503543962"
"220","220","0","8852.0","222.56835035439747"
"220","220","0","8854.0","222.56835035439792"
"220","220","0","8856.0","222.56835035439696"
"220","220","0","8858.0","222.5683503543971"
"220","220","0","8860.0","222.56835035439707"
"220","220","0","8862.0","222.56835035439633"
"220","220","0","8864.0","222.56835035439673"
"220","220","0","8866.0","222.5683503543975"
"220","220","0","8868.0","222.56835035439744"
"220","220","0","8870.0","222.56835035439684"
"220","220","0","8872.0","222.5683503543982"
"220","220","0","8874.0","222.56835035439775"
"220","220","0","8876.0","222.56835035439764"
"220","220","0","8878.0","222.56835035439772"
"220","220","0","8880.0","222.56835035439767"
"220","220","0","8882.0","222.56835035439798"
"220","220","0","8884.0","222.56835035439926"
"220","220","0","8886.0","222.56835035439926"
"220","220","0","8888.0","222.56835035439846"
"220","220","0","8890.0","222.56835035439858"
"220","220","0","8892.0","222.5683503543986"
"220","220","0","8894.0","222.56835035439792"
"220","220","0","8896.0","222.5683503543981"
"220","220","0","8898.0","222.56835035439823"
"220","220","0","8900.0","222.56835035439786"
"220","220","0","8902.0","222.56835035439892"
"220","220","0","8904.0","222.56835035439974"
"220","220","0","8906.0","222.56835035440088"
"220","220","0","8908.0","222.5683503544009"
"220","220","0","8910.0","222.56835035440048"
"220","220","0","8912.0","222.56835035439985"
"220","220","0","8914.0","222.5683503543994"
"220","220","0","8916.0","222.5683503543994"
"220","220","0","8918.0","222.56835035439872"
"220","220","0","8920.0","222.56835035439838"
"220","220","0","8922.0","222.56835035439838"
"220","220","0","8924.0","222.56835035439744"
"220","220","0","8926.0","222.56835035439744"
"220","220","0","8928.0","222.56835035439806"
"220","220","0","8930.0","222.5683503543981"
"220","220","0","8932.0","222.56835035439914"
"220","220","0","8934.0","222.5683503544001"
"220","220","0","8936.0","222.56835035440042"
"220","220","0","8938.0","222.5683503544007"
"220","220","0","8940.0","222.56835035440025"
"220","220","0","8942.0","222.5683503544014"
"220","220","0","8944.0","222.56835035440102"
"220","220","0","8946.0","222.5683503544017"
"220","220","0","8948.0","222.56835035440253"
"220","220","0","8950.0","222.56835035440312"
"220","220","0","8952.0","222.56835035440315"
"220","220","0","8954.0","222.56835035440318"
"220","220","0","8956.0","222.56835035440255"
"220","220","0","8958.0","222.5683503544032"
"220","220","0","8960.0","222.56835035440284"
"220","220","0","8962.0","222.56835035440335"
"220","220","0","8964.0","222.56835035440344"
"220","220","0","8966.0","222.5683503544047"
"220","220","0","8968.0","222.56835035440548"
"220","220","0","8970.0","222.5683503544065"
"220","220","0","8972.0","222.5683503544071"
"220","220","0","8974.0","222.56835035440733"
"220","220","0","8976.0","222.5683503544068"
"220","220","0","8978.0","222.56835035440673"
"220","220","0","8980.0","222.5683503544064"
"220","220","0","8982.0","222.56835035440665"
"220","220","0","8984.0","222.5683503544058"
"220","220","0","8986.0","222.56835035440528"
"220","220","0","8988.0","222.56835035440537"
"220","220","0","8990.0","222.56835035440486"
"220","220","0","8992.0","222.5683503544044"
"220","220","0","8994.0","222.56835035440542"
"220","220","0","8996.0","222.56835035440682"
"220","220","0","8998.0","222.56835035440702"
"220","220","0","9000.0","222.56835035440696"
"220","220","0","9002.0","222.5683503544079"
"220","220","0","9004.0","222.56835035440832"
"220","220","0","9006.0","222.56835035440875"
"220","220","0","9008.0","222.56835035440864"
"220","220","0","9010.0","222.56835035440827"
"220","220","0","9012.0","222.5683503544086"
"220","220","0","9014.0","222.56835035440784"
"220","220","0","9016.0","222.56835035440764"
"220","220","0","9018.0","222.56835035440852"
"220","220","0","9020.0","222.56835035440923"
"220","220","0","9022.0","222.5683503544106"
"220","220","0","9024.0","222.56835035440974"
"220","220","0","9026.0","222.5683503544097"
"220","220","0","9028.0","222.5683503544101"
"220","220","0","9030.0","222.56835035440997"
"220","220","0","9032.0","222.5683503544105"
"220","220","0","9034.0","222.56835035441168"
"220","220","0","9036.0","222.56835035441162"
"220","220","0","9038.0","222.56835035441162"
"220","220","0","9040.0","222.56835035441136"
"220","220","0","9042.0","222.56835035441182"
"220","220","0","9044.0","222.56835035441122"
"220","220","0","9046.0","222.5683503544115"
"220","220","0","9048.0","222.56835035441134"
"220","220","0","9050.0","222.568350354412"
"220","220","0","9052.0","222.5683503544111"
"220","220","0","9054.0","222.5683503544121"
"220","220","0","9056.0","222.5683503544116"
"220","220","0","9058.0","222.56835035441156"
"220","220","0","9060.0","222.56835035441043"
"220","220","0","9062.0","222.5683503544104"
"220","220","0","9064.0","222.56835035441065"
"220","220","0","9066.0","222.5683503544111"
"220","220","0","9068.0","222.56835035441085"
"220","220","0","9070.0","222.56835035441094"
"220","220","0","9072.0","222.56835035441088"
"220","220","0","9074.0","222.56835035441057"
"220","220","0","9076.0","222.5683503544111"
"220","220","0","9078.0","222.56835035441182"
"220","220","0","9080.0","222.56835035441222"
"220","220","0","9082.0","222.5683503544126"
"220","220","0","9084.0","222.56835035441304"
"220","220","0","9086.0","222.56835035441364"
"220","220","0","9088.0","222.5683503544136"
"220","220","0","9090.0","222.5683503544141"
"220","220","0","9092.0","222.56835035441412"
"220","220","0","9094.0","222.56835035441418"
"220","220","0","9096.0","222.56835035441523"
"220","220","0","9098.0","222.56835035441472"
"220","220","0","9100.0","222.5683503544149"
"220","220","0","9102.0","222.56835035441483"
"220","220","0","9104.0","222.56835035441503"
"220","220","0","9106.0","222.5683503544157"
"220","220","0","9108.0","222.5683503544159"
"220","220","0","9110.0","222.568350354416"
"220","220","0","9112.0","222.5683503544162"
"220","220","0","9114.0","222.56835035441625"
"220","220","0","9116.0","222.56835035441622"
"220","220","0","9118.0","222.5683503544167"
"220","220","0","9120.0","222.56835035441642"
"220","220","0","9122.0","222.56835035441622"
"220","220","0","9124.0","222.5683503544165"
"220","220","0","9126.0","222.5683503544182"
"220","220","0","9128.0","222.56835035441858"
"220","220","0","9130.0","222.56835035441796"
"220","220","0","9132.0","222.56835035441821"
"220","220","0","9134.0","222.56835035441824"
"220","220","0","9136.0","222.56835035441918"
"220","220","0","9138.0","222.56835035441915"
"220","220","0","9140.0","222.5683503544189"
"220","220","0","9142.0","222.56835035441887"
"220","220","0","9144.0","222.56835035441935"
"220","220","0","9146.0","222.5683503544192"
"220","220","0","9148.0","222.568350354419"
"220","220","0","9150.0","222.568350354419"
"220","220","0","9152.0","222.56835035441918"
"220","220","0","9154.0","222.5683503544192"
"220","220","0","9156.0","222.56835035441807"
"220","220","0","9158.0","222.5683503544176"
"220","220","0","9160.0","222.56835035441824"
"220","220","0","9162.0","222.56835035441932"
"220","220","0","9164.0","222.56835035441904"
"220","220","0","9166.0","222.5683503544187"
"220","220","0","9168.0","222.5683503544178"
"220","220","0","9170.0","222.5683503544183"
"220","220","0","9172.0","222.56835035441748"
"220","220","0","9174.0","222.56835035441776"
"220","220","0","9176.0","222.5683503544182"
"220","220","0","9178.0","222.56835035441821"
"220","220","0","9180.0","222.5683503544182"
"220","220","0","9182.0","222.56835035441824"
"220","220","0","9184.0","222.56835035441784"
"220","220","0","9186.0","222.5683503544173"
"220","220","0","9188.0","222.56835035441668"
"220","220","0","9190.0","222.56835035441625"
"220","220","0","9192.0","222.568350354416"
"220","220","0","9194.0","222.5683503544161"
"220","220","0","9196.0","222.5683503544163"
"220","220","0","9198.0","222.5683503544155"
"220","220","0","9200.0","222.56835035441577"
"220","220","0","9202.0","222.5683503544154"
"220","220","0","9204.0","222.56835035441534"
"220","220","0","9206.0","222.56835035441466"
"220","220","0","9208.0","222.56835035441475"
"220","220","0","9210.0","222.56835035441478"
"220","220","0","9212.0","222.56835035441438"
"220","220","0","9214.0","222.56835035441472"
"220","220","0","9216.0","222.56835035441497"
"220","220","0","9218.0","222.56835035441537"
"220","220","0","9220.0","222.56835035441543"
"220","220","0","9222.0","222.56835035441514"
"220","220","0","9224.0","222.5683503544144"
"220","220","0","9226.0","222.56835035441537"
"220","220","0","9228.0","222.568350354415"
"220","220","0","9230.0","222.5683503544154"
"220","220","0","9232.0","222.56835035441478"
"220","220","0","9234.0","222.5683503544146"
"220","220","0","9236.0","222.56835035441404"
"220","220","0","9238.0","222.568350354414"
"220","220","0","9240.0","222.56835035441418"
"220","220","0","9242.0","222.56835035441517"
"220","220","0","9244.0","222.56835035441506"
"220","220","0","9246.0","222.56835035441483"
"220","220","0","9248.0","222.5683503544158"
"220","220","0","9250.0","222.56835035441566"
"220","220","0","9252.0","222.5683503544159"
"220","220","0","9254.0","222.56835035441617"
"220","220","0","9256.0","222.56835035441583"
"220","220","0","9258.0","222.56835035441534"
"220","220","0","9260.0","222.5683503544151"
"220","220","0","9262.0","222.56835035441512"
"220","220","0","9264.0","222.5683503544153"
"220","220","0","9266.0","222.5683503544155"
"220","220","0","9268.0","222.56835035441543"
"220","220","0","9270.0","222.56835035441568"
"220","220","0","9272.0","222.56835035441614"
"220","220","0","9274.0","222.56835035441563"
"220","220","0","9276.0","222.56835035441605"
"220","220","0","9278.0","222.5683503544163"
"220","220","0","9280.0","222.56835035441617"
"220","220","0","9282.0","222.56835035441668"
"220","220","0","9284.0","222.5683503544169"
"220","220","0","9286.0","222.5683503544169"
"220","220","0","9288.0","222.56835035441702"
"220","220","0","9290.0","222.5683503544179"
"220","220","0","9292.0","222.56835035441753"
"220","220","0","9294.0","222.56835035441816"
"220","220","0","9296.0","222.5683503544182"
"220","220","0","9298.0","222.5683503544183"
"220","220","0","9300.0","222.56835035441878"
"220","220","0","9302.0","222.56835035441878"
"220","220","0","9304.0","222.56835035441887"
"220","220","0","9306.0","222.56835035441796"
"220","220","0","9308.0","222.56835035441722"
"220","220","0","9310.0","222.56835035441765"
"220","220","0","9312.0","222.56835035441765"
"220","220","0","9314.0","222.56835035441736"
"220","220","0","9316.0","222.56835035441765"
"220","220","0","9318.0","222.5683503544169"
"220","220","0","9320.0","222.5683503544167"
"220","220","0","9322.0","222.56835035441617"
"220","220","0","9324.0","222.56835035441625"
"220","220","0","9326.0","222.56835035441628"
"220","220","0","9328.0","222.56835035441622"
"220","220","0","9330.0","222.56835035441648"
"220","220","0","9332.0","222.56835035441586"
"220","220","0","9334.0","222.56835035441574"
"220","220","0","9336.0","222.5683503544158"
"220","220","0","9338.0","222.5683503544156"
"220","220","0","9340.0","222.5683503544152"
"220","220","0","9342.0","222.568350354415"
"220","220","0","9344.0","222.568350354415"
"220","220","0","9346.0","222.56835035441426"
"220","220","0","9348.0","222.56835035441466"
"220","220","0","9350.0","222.56835035441452"
"220","220","0","9352.0","222.56835035441372"
"220","220","0","9354.0","222.56835035441335"
"220","220","0","9356.0","222.56835035441307"
"220","220","0","9358.0","222.5683503544135"
"220","220","0","9360.0","222.56835035441387"
"220","220","0","9362.0","222.56835035441446"
"220","220","0","9364.0","222.56835035441463"
"220","220","0","9366.0","222.56835035441426"
"220","220","0","9368.0","222.5683503544145"
"220","220","0","9370.0","222.5683503544146"
"220","220","0","9372.0","222.56835035441418"
"220","220","0","9374.0","222.56835035441432"
"220","220","0","9376.0","222.56835035441435"
"220","220","0","9378.0","222.5683503544149"
"220","220","0","9380.0","222.5683503544154"
"220","220","0","9382.0","222.56835035441483"
"220","220","0","9384.0","222.5683503544152"
"220","220","0","9386.0","222.56835035441534"
"220","220","0","9388.0","222.56835035441532"
"220","220","0","9390.0","222.5683503544157"
"220","220","0","9392.0","222.5683503544153"
"220","220","0","9394.0","222.56835035441475"
"220","220","0","9396.0","222.56835035441466"
"220","220","0","9398.0","222.56835035441506"
"220","220","0","9400.0","222.56835035441512"
"220","220","0","9402.0","222.5683503544155"
"220","220","0","9404.0","222.56835035441568"
"220","220","0","9406.0","222.5683503544152"
"220","220","0","9408.0","222.56835035441463"
"220","220","0","9410.0","222.5683503544144"
"220","220","0","9412.0","222.56835035441475"
"220","220","0","9414.0","222.56835035441526"
"220","220","0","9416.0","222.56835035441475"
"220","220","0","9418.0","222.56835035441452"
"220","220","0","9420.0","222.56835035441446"
"220","220","0","9422.0","222.56835035441418"
"220","220","0","9424.0","222.5683503544139"
"220","220","0","9426.0","222.56835035441367"
"220","220","0","9428.0","222.56835035441287"
"220","220","0","9430.0","222.5683503544133"
"220","220","0","9432.0","222.5683503544132"
"220","220","0","9434.0","222.5683503544134"
"220","220","0","9436.0","222.5683503544132"
"220","220","0","9438.0","222.56835035441293"
"220","220","0","9440.0","222.56835035441281"
"220","220","0","9442.0","222.56835035441298"
"220","220","0","9444.0","222.56835035441256"
"220","220","0","9446.0","222.5683503544119"
"220","220","0","9448.0","222.5683503544119"
"220","220","0","9450.0","222.5683503544122"
"220","220","0","9452.0","222.5683503544118"
"220","220","0","9454.0","222.56835035441193"
"220","220","0","9456.0","222.56835035441173"
"220","220","0","9458.0","222.56835035441205"
"220","220","0","9460.0","222.56835035441173"
"220","220","0","9462.0","222.56835035441185"
"220","220","0","9464.0","222.56835035441182"
"220","220","0","9466.0","222.56835035441262"
"220","220","0","9468.0","222.56835035441225"
"220","220","0","9470.0","222.56835035441293"
"220","220","0","9472.0","222.56835035441256"
"220","220","0","9474.0","222.5683503544126"
"220","220","0","9476.0","222.56835035441247"
"220","220","0","9478.0","222.56835035441247"
"220","220","0","9480.0","222.5683503544121"
"220","220","0","9482.0","222.56835035441196"
"220","220","0","9484.0","222.56835035441185"
"220","220","0","9486.0","222.56835035441182"
"220","220","0","9488.0","222.56835035441165"
"220","220","0","9490.0","222.56835035441173"
"220","220","0","9492.0","222.5683503544116"
"220","220","0","9494.0","222.56835035441168"
"220","220","0","9496.0","222.56835035441168"
"220","220","0","9498.0","222.56835035441202"
"220","220","0","9500.0","222.56835035441244"
"220","220","0","9502.0","222.56835035441267"
"220","220","0","9504.0","222.56835035441307"
"220","220","0","9506.0","222.56835035441318"
"220","220","0","9508.0","222.56835035441304"
"220","220","0","9510.0","222.5683503544127"
"220","220","0","9512.0","222.5683503544122"
"220","220","0","9514.0","222.568350354412"
"220","220","0","9516.0","222.56835035441165"
"220","220","0","9518.0","222.56835035441202"
"220","220","0","9520.0","222.56835035441262"
"220","220","0","9522.0","222.56835035441256"
"220","220","0","9524.0","222.56835035441264"
"220","220","0","9526.0","222.56835035441304"
"220","220","0","9528.0","222.5683503544131"
"220","220","0","9530.0","222.56835035441367"
"220","220","0","9532.0","222.56835035441304"
"220","220","0","9534.0","222.56835035441347"
"220","220","0","9536.0","222.5683503544141"
"220","220","0","9538.0","222.56835035441412"
"220","220","0","9540.0","222.5683503544143"
"220","220","0","9542.0","222.56835035441438"
"220","220","0","9544.0","222.5683503544146"
"220","220","0","9546.0","222.56835035441458"
"220","220","0","9548.0","222.56835035441398"
"220","220","0","9550.0","222.5683503544139"
"220","220","0","9552.0","222.5683503544144"
"220","220","0","9554.0","222.56835035441412"
"220","220","0","9556.0","222.56835035441438"
"220","220","0","9558.0","222.56835035441406"
"220","220","0","9560.0","222.5683503544141"
"220","220","0","9562.0","222.56835035441418"
"220","220","0","9564.0","222.56835035441404"
"220","220","0","9566.0","222.56835035441415"
"220","220","0","9568.0","222.56835035441458"
"220","220","0","9570.0","222.5683503544145"
"220","220","0","9572.0","222.5683503544148"
"220","220","0","9574.0","222.56835035441466"
"220","220","0","9576.0","222.5683503544145"
"220","220","0","9578.0","222.56835035441458"
"220","220","0","9580.0","222.56835035441466"
"220","220","0","9582.0","222.56835035441458"
"220","220","0","9584.0","222.56835035441478"
"220","220","0","9586.0","222.56835035441452"
"220","220","0","9588.0","222.56835035441395"
"220","220","0","9590.0","222.56835035441412"
"220","220","0","9592.0","222.56835035441418"
"220","220","0","9594.0","222.56835035441384"
"220","220","0","9596.0","222.56835035441392"
"220","220","0","9598.0","222.56835035441418"
"220","220","0","9600.0","222.5683503544146"
"220","220","0","9602.0","222.56835035441472"
"220","220","0","9604.0","222.5683503544142"
"220","220","0","9606.0","222.56835035441418"
"220","220","0","9608.0","222.56835035441395"
"220","220","0","9610.0","222.56835035441426"
"220","220","0","9612.0","222.56835035441406"
"220","220","0","9614.0","222.56835035441443"
"220","220","0","9616.0","222.5683503544147"
"220","220","0","9618.0","222.56835035441506"
"220","220","0","9620.0","222.56835035441566"
"220","220","0","9622.0","222.56835035441526"
"220","220","0","9624.0","222.56835035441546"
"220","220","0","9626.0","222.5683503544152"
"220","220","0","9628.0","222.5683503544153"
"220","220","0","9630.0","222.56835035441537"
"220","220","0","9632.0","222.56835035441557"
"220","220","0","9634.0","222.56835035441594"
"220","220","0","9636.0","222.56835035441594"
"220","220","0","9638.0","222.56835035441588"
"220","220","0","9640.0","222.56835035441568"
"220","220","0","9642.0","222.56835035441557"
"220","220","0","9644.0","222.56835035441586"
"220","220","0","9646.0","222.56835035441543"
"220","220","0","9648.0","222.5683503544154"
"220","220","0","9650.0","222.56835035441543"
"220","220","0","9652.0","222.56835035441546"
"220","220","0","9654.0","222.5683503544151"
"220","220","0","9656.0","222.56835035441543"
"220","220","0","9658.0","222.56835035441557"
"220","220","0","9660.0","222.56835035441574"
"220","220","0","9662.0","222.56835035441586"
"220","220","0","9664.0","222.56835035441608"
"220","220","0","9666.0","222.56835035441566"
"220","220","0","9668.0","222.56835035441557"
"220","220","0","9670.0","222.56835035441543"
"220","220","0","9672.0","222.56835035441597"
"220","220","0","9674.0","222.56835035441622"
"220","220","0","9676.0","222.56835035441634"
"220","220","0","9678.0","222.56835035441657"
"220","220","0","9680.0","222.56835035441654"
"220","220","0","9682.0","222.56835035441665"
"220","220","0","9684.0","222.5683503544168"
"220","220","0","9686.0","222.56835035441708"
"220","220","0","9688.0","222.56835035441725"
"220","220","0","9690.0","222.5683503544172"
"220","220","0","9692.0","222.56835035441756"
"220","220","0","9694.0","222.56835035441713"
"220","220","0","9696.0","222.56835035441722"
"220","220","0","9698.0","222.5683503544173"
"220","220","0","9700.0","222.5683503544172"
"220","220","0","9702.0","222.56835035441776"
"220","220","0","9704.0","222.56835035441745"
"220","220","0","9706.0","222.56835035441765"
"220","220","0","9708.0","222.5683503544177"
"220","220","0","9710.0","222.56835035441793"
"220","220","0","9712.0","222.56835035441796"
"220","220","0","9714.0","222.5683503544176"
"220","220","0","9716.0","222.56835035441742"
"220","220","0","9718.0","222.56835035441745"
"220","220","0","9720.0","222.56835035441756"
"220","220","0","9722.0","222.56835035441767"
"220","220","0","9724.0","222.56835035441793"
"220","220","0","9726.0","222.56835035441762"
"220","220","0","9728.0","222.5683503544178"
"220","220","0","9730.0","222.56835035441816"
"220","220","0","9732.0","222.56835035441844"
"220","220","0","9734.0","222.5683503544184"
"220","220","0","9736.0","222.5683503544184"
"220","220","0","9738.0","222.56835035441827"
"220","220","0","9740.0","222.56835035441836"
"220","220","0","9742.0","222.56835035441807"
"220","220","0","9744.0","222.5683503544184"
"220","220","0","9746.0","222.56835035441793"
"220","220","0","9748.0","222.56835035441813"
"220","220","0","9750.0","222.56835035441824"
"220","220","0","9752.0","222.56835035441807"
"220","220","0","9754.0","222.56835035441824"
"220","220","0","9756.0","222.56835035441802"
"220","220","0","9758.0","222.56835035441813"
"220","220","0","9760.0","222.56835035441753"
"220","220","0","9762.0","222.56835035441802"
"220","220","0","9764.0","222.5683503544181"
"220","220","0","9766.0","222.5683503544182"
"220","220","0","9768.0","222.56835035441816"
"220","220","0","9770.0","222.5683503544181"
"220","220","0","9772.0","222.568350354418"
"220","220","0","9774.0","222.568350354418"
"220","220","0","9776.0","222.56835035441802"
"220","220","0","9778.0","222.5683503544179"
"220","220","0","9780.0","222.56835035441821"
"220","220","0","9782.0","222.5683503544183"
"220","220","0","9784.0","222.56835035441847"
"220","220","0","9786.0","222.56835035441838"
"220","220","0","9788.0","222.56835035441827"
"220","220","0","9790.0","222.56835035441853"
"220","220","0","9792.0","222.56835035441895"
"220","220","0","9794.0","222.56835035441912"
"220","220","0","9796.0","222.5683503544194"
"220","220","0","9798.0","222.56835035441915"
"220","220","0","9800.0","222.56835035441915"
"220","220","0","9802.0","222.56835035441904"
"220","220","0","9804.0","222.56835035441904"
"220","220","0","9806.0","222.56835035441915"
"220","220","0","9808.0","222.5683503544192"
"220","220","0","9810.0","222.56835035441907"
"220","220","0","9812.0","222.56835035441893"
"220","220","0","9814.0","222.56835035441884"
"220","220","0","9816.0","222.56835035441895"
"220","220","0","9818.0","222.56835035441924"
"220","220","0","9820.0","222.56835035441918"
"220","220","0","9822.0","222.56835035441898"
"220","220","0","9824.0","222.5683503544191"
"220","220","0","9826.0","222.56835035441912"
"220","220","0","9828.0","222.5683503544192"
"220","220","0","9830.0","222.56835035441893"
"220","220","0","9832.0","222.5683503544192"
"220","220","0","9834.0","222.56835035441947"
"220","220","0","9836.0","222.56835035441952"
"220","220","0","9838.0","222.56835035441964"
"220","220","0","9840.0","222.56835035442015"
"220","220","0","9842.0","222.56835035441998"
"220","220","0","9844.0","222.56835035442037"
"220","220","0","9846.0","222.56835035442057"
"220","220","0","9848.0","222.5683503544206"
"220","220","0","9850.0","222.56835035442086"
"220","220","0","9852.0","222.56835035442109"
"220","220","0","9854.0","222.56835035442103"
"220","220","0","9856.0","222.5683503544214"
"220","220","0","9858.0","222.56835035442126"
"220","220","0","9860.0","222.56835035442123"
"220","220","0","9862.0","222.56835035442134"
"220","220","0","9864.0","222.56835035442143"
"220","220","0","9866.0","222.56835035442157"
"220","220","0","9868.0","222.5683503544218"
"220","220","0","9870.0","222.56835035442177"
"220","220","0","9872.0","222.56835035442185"
"220","220","0","9874.0","222.56835035442188"
"220","220","0","9876.0","222.56835035442174"
"220","220","0","9878.0","222.568350354422"
"220","220","0","9880.0","222.56835035442194"
"220","220","0","9882.0","222.56835035442214"
"220","220","0","9884.0","222.5683503544219"
"220","220","0","9886.0","222.5683503544222"
"220","220","0","9888.0","222.56835035442225"
"220","220","0","9890.0","222.56835035442253"
"220","220","0","9892.0","222.5683503544229"
"220","220","0","9894.0","222.56835035442265"
"220","220","0","9896.0","222.56835035442256"
"220","220","0","9898.0","222.56835035442268"
"220","220","0","9900.0","222.56835035442276"
"220","220","0","9902.0","222.56835035442293"
"220","220","0","9904.0","222.56835035442302"
"220","220","0","9906.0","222.56835035442273"
"220","220","0","9908.0","222.56835035442288"
"220","220","0","9910.0","222.5683503544229"
"220","220","0","9912.0","222.5683503544226"
"220","220","0","9914.0","222.56835035442265"
"220","220","0","9916.0","222.56835035442273"
"220","220","0","9918.0","222.56835035442265"
"220","220","0","9920.0","222.56835035442288"
"220","220","0","9922.0","222.56835035442288"
"220","220","0","9924.0","222.56835035442288"
"220","220","0","9926.0","222.56835035442296"
"220","220","0","9928.0","222.56835035442305"
"220","220","0","9930.0","222.568350354423"
"220","220","0","9932.0","222.56835035442322"
"220","220","0","9934.0","222.56835035442333"
"220","220","0","9936.0","222.56835035442336"
"220","220","0","9938.0","222.56835035442333"
"220","220","0","9940.0","222.56835035442356"
"220","220","0","9942.0","222.56835035442361"
"220","220","0","9944.0","222.56835035442373"
"220","220","0","9946.0","222.56835035442387"
"220","220","0","9948.0","222.5683503544237"
"220","220","0","9950.0","222.5683503544237"
"220","220","0","9952.0","222.5683503544237"
"220","220","0","9954.0","222.56835035442364"
"220","220","0","9956.0","222.56835035442379"
"220","220","0","9958.0","222.5683503544243"
"220","220","0","9960.0","222.56835035442455"
"220","220","0","9962.0","222.5683503544246"
"220","220","0","9964.0","222.56835035442447"
"220","220","0","9966.0","222.5683503544245"
"220","220","0","9968.0","222.5683503544244"
"220","220","0","9970.0","222.56835035442452"
"220","220","0","9972.0","222.56835035442452"
"220","220","0","9974.0","222.5683503544246"
"220","220","0","9976.0","222.56835035442455"
"220","220","0","9978.0","222.56835035442458"
"220","220","0","9980.0","222.5683503544247"
"220","220","0","9982.0","222.56835035442484"
"220","220","0","9984.0","222.56835035442495"
"220","220","0","9986.0","222.5683503544248"
"220","220","0","9988.0","222.56835035442475"
"220","220","0","9990.0","222.56835035442472"
"220","220","0","9992.0","222.568350354425"
"220","220","0","9994.0","222.568350354425"
"220","220","0","9996.0","222.56835035442523"
"220","220","0","9998.0","222.5683503544253"
"220","220","0","10000.0","222.5683503544254"
"220","220","0","10002.0","222.5683503544254"
"325","325","0","0.0","0.0"
"325","325","0","2.0","1.3267963490245145"
"325","325","0","4.0","2.5326858656346145"
"325","325","0","6.0","3.3466354125540523"
"325","325","0","8.0","3.845573160561279"
"325","325","0","10.0","4.3959360102645695"
"325","325","0","12.0","4.923391398006987"
"325","325","0","14.0","5.443616608685216"
"325","325","0","16.0","6.205160438552021"
"325","325","0","18.0","6.973298919065345"
"325","325","0","20.0","7.751217280079294"
"325","325","0","22.0","8.52996839822365"
"325","325","0","24.0","9.32884364212344"
"325","325","0","26.0","10.492395259174057"
"325","325","0","28.0","12.071469932293127"
"325","325","0","30.0","13.916341885630416"
"325","325","0","32.0","17.209486137830726"
"325","325","0","34.0","24.43196183495866"
"325","325","0","36.0","31.608499338013992"
"325","325","0","38.0","34.86668377083555"
"325","325","0","40.0","38.211798007691876"
"325","325","0","42.0","42.382152659554336"
"325","325","0","44.0","50.26134235574442"
"325","325","0","46.0","74.17078753394648"
"325","325","0","48.0","125.25821067334262"
"325","325","0","50.0","146.69333367910335"
"325","325","0","52.0","147.85977914618337"
"325","325","0","54.0","147.8600688755048"
"325","325","0","56.0","147.8600688726577"
"325","325","0","58.0","147.86006886897917"
"325","325","0","60.0","147.86006885775757"
"325","325","0","62.0","147.86006886577644"
"325","325","0","64.0","147.8600688668732"
"325","325","0","66.0","147.86006886634058"
"325","325","0","68.0","147.86006886510452"
"325","325","0","70.0","147.8600688815989"
"325","325","0","72.0","147.86006889549978"
"325","325","0","74.0","147.8600688861359"
"325","325","0","76.0","147.86006889195096"
"325","325","0","78.0","147.86006889210617"
"325","325","0","80.0","147.86006888505585"
"325","325","0","82.0","147.86006887528484"
"325","325","0","84.0","147.86006888216613"
"325","325","0","86.0","147.86006888746144"
"325","325","0","88.0","147.86006888555195"
"325","325","0","90.0","147.86006889552078"
"325","325","0","92.0","147.86006889284346"
"325","325","0","94.0","147.86006889839257"
"325","325","0","96.0","147.86006891336973"
"325","325","0","98.0","147.86006891263622"
"325","325","0","100.0","147.86006889907657"
"325","325","0","102.0","147.86006890295266"
"325","325","0","104.0","147.86006889111115"
"325","325","0","106.0","147.86006888720175"
"325","325","0","108.0","147.86006887631547"
"325","325","0","110.0","147.86006887683376"
"325","325","0","112.0","147.8600688934742"
"325","325","0","114.0","147.86006888876113"
"325","325","0","116.0","147.86006889583143"
"325","325","0","118.0","147.86006888665705"
"325","325","0","120.0","147.86006888527234"
"325","325","0","122.0","147.8600688924239"
"325","325","0","124.0","147.8600688918557"
"325","325","0","126.0","147.8600689001496"
"325","325","0","128.0","147.86006890644003"
"325","325","0","130.0","147.86006891353108"
"325","325","0","132.0","147.86006891409818"
"325","325","0","134.0","147.86006891637285"
"325","325","0","136.0","147.86006892310456"
"325","325","0","138.0","147.8600689329376"
"325","325","0","140.0","147.86006894117068"
"325","325","0","142.0","147.86006894123196"
"325","325","0","144.0","147.86006893629644"
"325","325","0","146.0","147.86006893892292"
"325","325","0","148.0","147.86006893911372"
"325","325","0","150.0","147.86006893771656"
"325","325","0","152.0","147.8600689302705"
"325","325","0","154.0","147.86006893317955"
"325","325","0","156.0","147.86006894741078"
"325","325","0","158.0","147.8600689594728"
"325","325","0","160.0","147.86006896856074"
"325","325","0","162.0","147.86006896510798"
"325","325","0","164.0","147.86006896587247"
"325","325","0","166.0","147.86006896985296"
"325","325","0","168.0","147.86006897088393"
"325","325","0","170.0","147.86006897489082"
"325","325","0","172.0","147.86006896132008"
"325","325","0","174.0","147.86006896002343"
"325","325","0","176.0","147.86006894962412"
"325","325","0","178.0","147.8600689490687"
"325","325","0","180.0","147.86006894707594"
"325","325","0","182.0","147.86006894118674"
"325","325","0","184.0","147.8600689413133"
"325","325","0","186.0","147.86006892963843"
"325","325","0","188.0","147.86006892905579"
"325","325","0","190.0","147.86006893445932"
"325","325","0","192.0","147.86006892836218"
"325","325","0","194.0","147.86006893691334"
"325","325","0","196.0","147.8600689377196"
"325","325","0","198.0","147.86006893885423"
"325","325","0","200.0","147.860068942923"
"325","325","0","202.0","147.86006893693153"
"325","325","0","204.0","147.86006894610392"
"325","325","0","206.0","147.86006893838427"
"325","325","0","208.0","147.86006893979334"
"325","325","0","210.0","147.86006894013678"
"325","325","0","212.0","147.86006894530303"
"325","325","0","214.0","147.86006894547327"
"325","325","0","216.0","147.86006893908493"
"325","325","0","218.0","147.86006894033548"
"325","325","0","220.0","147.86006895337175"
"325","325","0","222.0","147.86006894425987"
"325","325","0","224.0","147.86006894609974"
"325","325","0","226.0","147.86006894492314"
"325","325","0","228.0","147.86006894880077"
"325","325","0","230.0","147.86006894555985"
"325","325","0","232.0","147.86006895163467"
"325","325","0","234.0","147.86006894758634"
"325","325","0","236.0","147.86006894680895"
"325","325","0","238.0","147.86006896123556"
"325","325","0","240.0","147.86006896175138"
"325","325","0","242.0","147.8600689656249"
"325","325","0","244.0","147.86006896058583"
"325","325","0","246.0","147.86006896897686"
"325","325","0","248.0","147.8600689672018"
"325","325","0","250.0","147.86006896246676"
"325","325","0","252.0","147.8600689669459"
"325","325","0","254.0","147.86006896418598"
"325","325","0","256.0","147.86006897103667"
"325","325","0","258.0","147.8600689887923"
"325","325","0","260.0","147.86006898762886"
"325","325","0","262.0","147.86006900008084"
"325","325","0","264.0","147.86006899746891"
"325","325","0","266.0","147.8600689863403"
"325","325","0","268.0","147.86006898990888"
"325","325","0","270.0","147.86006898666378"
"325","325","0","272.0","147.86006898855288"
"325","325","0","274.0","147.86006899190605"
"325","325","0","276.0","147.8600690016394"
"325","325","0","278.0","147.86006899332475"
"325","325","0","280.0","147.86006898254746"
"325","325","0","282.0","147.860068977583"
"325","325","0","284.0","147.86006897297392"
"325","325","0","286.0","147.86006898035296"
"325","325","0","288.0","147.86006897147007"
"325","325","0","290.0","147.8600689663338"
"325","325","0","292.0","147.86006898303432"
"325","325","0","294.0","147.86006898994904"
"325","325","0","296.0","147.860068985036"
"325","325","0","298.0","147.860068990742"
"325","325","0","300.0","147.86006898703945"
"325","325","0","302.0","147.8600690005315"
"325","325","0","304.0","147.86006901040585"
"325","325","0","306.0","147.8600690089094"
"325","325","0","308.0","147.86006900961948"
"325","325","0","310.0","147.86006901121203"
"325","325","0","312.0","147.8600689987066"
"325","325","0","314.0","147.8600689940073"
"325","325","0","316.0","147.86006900253608"
"325","325","0","318.0","147.86006900852533"
"325","325","0","320.0","147.86006900823025"
"325","325","0","322.0","147.86006900827243"
"325","325","0","324.0","147.86006900285"
"325","325","0","326.0","147.86006901036896"
"325","325","0","328.0","147.86006901543533"
"325","325","0","330.0","147.86006901317757"
"325","325","0","332.0","147.86006900467288"
"325","325","0","334.0","147.86006899597078"
"325","325","0","336.0","147.8600690020637"
"325","325","0","338.0","147.86006900210077"
"325","325","0","340.0","147.86006900522753"
"325","325","0","342.0","147.86006900630665"
"325","325","0","344.0","147.8600690039093"
"325","325","0","346.0","147.86006901243744"
"325","325","0","348.0","147.86006901964635"
"325","325","0","350.0","147.86006901652485"
"325","325","0","352.0","147.86006902486426"
"325","325","0","354.0","147.8600690179493"
"325","325","0","356.0","147.86006902132806"
"325","325","0","358.0","147.86006903106562"
"325","325","0","360.0","147.86006902893698"
"325","325","0","362.0","147.8600690336558"
"325","325","0","364.0","147.86006903066766"
"325","325","0","366.0","147.8600690300672"
"325","325","0","368.0","147.86006902296958"
"325","325","0","370.0","147.86006902954946"
"325","325","0","372.0","147.8600690352698"
"325","325","0","374.0","147.86006903392143"
"325","325","0","376.0","147.86006903607432"
"325","325","0","378.0","147.86006903121134"
"325","325","0","380.0","147.86006903301535"
"325","325","0","382.0","147.86006902802615"
"325","325","0","384.0","147.8600690239945"
"325","325","0","386.0","147.86006902946073"
"325","325","0","388.0","147.86006903379914"
"325","325","0","390.0","147.86006903547246"
"325","325","0","392.0","147.8600690414363"
"325","325","0","394.0","147.8600690462379"
"325","325","0","396.0","147.86006905186156"
"325","325","0","398.0","147.8600690476175"
"325","325","0","400.0","147.86006904652544"
"325","325","0","402.0","147.86006904709177"
"325","325","0","404.0","147.86006903951758"
"325","325","0","406.0","147.86006904157705"
"325","325","0","408.0","147.86006903834405"
"325","325","0","410.0","147.86006904457037"
"325","325","0","412.0","147.86006904994858"
"325","325","0","414.0","147.86006904532795"
"325","325","0","416.0","147.8600690455439"
"325","325","0","418.0","147.86006905271722"
"325","325","0","420.0","147.8600690527602"
"325","325","0","422.0","147.86006905128232"
"325","325","0","424.0","147.86006904861577"
"325","325","0","426.0","147.86006904916508"
"325","325","0","428.0","147.86006904012504"
"325","325","0","430.0","147.8600690442829"
"325","325","0","432.0","147.860069053994"
"325","325","0","434.0","147.8600690522715"
"325","325","0","436.0","147.86006905522282"
"325","325","0","438.0","147.86006905764066"
"325","325","0","440.0","147.86006905621997"
"325","325","0","442.0","147.86006905826062"
"325","325","0","444.0","147.86006905614843"
"325","325","0","446.0","147.86006906510227"
"325","325","0","448.0","147.86006905901706"
"325","325","0","450.0","147.86006906367422"
"325","325","0","452.0","147.86006906400567"
"325","325","0","454.0","147.86006906165204"
"325","325","0","456.0","147.86006906538913"
"325","325","0","458.0","147.86006907034604"
"325","325","0","460.0","147.86006906859228"
"325","325","0","462.0","147.86006907280594"
"325","325","0","464.0","147.86006907708102"
"325","325","0","466.0","147.8600690806997"
"325","325","0","468.0","147.86006908888106"
"325","325","0","470.0","147.86006909688038"
"325","325","0","472.0","147.86006910085766"
"325","325","0","474.0","147.86006911181315"
"325","325","0","476.0","147.8600691099366"
"325","325","0","478.0","147.8600691025322"
"325","325","0","480.0","147.86006910109128"
"325","325","0","482.0","147.8600691029717"
"325","325","0","484.0","147.86006910621063"
"325","325","0","486.0","147.86006910293656"
"325","325","0","488.0","147.8600691031477"
"325","325","0","490.0","147.86006909953693"
"325","325","0","492.0","147.8600690978197"
"325","325","0","494.0","147.86006909056022"
"325","325","0","496.0","147.86006908056623"
"325","325","0","498.0","147.86006908668836"
"325","325","0","500.0","147.86006908429835"
"325","325","0","502.0","147.86006909188376"
"325","325","0","504.0","147.86006909039517"
"325","325","0","506.0","147.8600690880515"
"325","325","0","508.0","147.86006909704446"
"325","325","0","510.0","147.8600690967004"
"325","325","0","512.0","147.8600690909306"
"325","325","0","514.0","147.8600691000729"
"325","325","0","516.0","147.8600690972743"
"325","325","0","518.0","147.86006908816282"
"325","325","0","520.0","147.86006908924753"
"325","325","0","522.0","147.86006909110966"
"325","325","0","524.0","147.8600690961539"
"325","325","0","526.0","147.86006909326383"
"325","325","0","528.0","147.86006909809552"
"325","325","0","530.0","147.8600690977163"
"325","325","0","532.0","147.8600690971615"
"325","325","0","534.0","147.86006910011776"
"325","325","0","536.0","147.8600691005569"
"325","325","0","538.0","147.8600691040616"
"325","325","0","540.0","147.8600691049374"
"325","325","0","542.0","147.8600691077529"
"325","325","0","544.0","147.86006909813688"
"325","325","0","546.0","147.86006910071444"
"325","325","0","548.0","147.86006910573826"
"325","325","0","550.0","147.86006911093148"
"325","325","0","552.0","147.86006911648838"
"325","325","0","554.0","147.86006911828161"
"325","325","0","556.0","147.86006911498612"
"325","325","0","558.0","147.86006910490119"
"325","325","0","560.0","147.86006910012716"
"325","325","0","562.0","147.86006910349056"
"325","325","0","564.0","147.8600690988066"
"325","325","0","566.0","147.8600690965593"
"325","325","0","568.0","147.8600690963331"
"325","325","0","570.0","147.8600690935457"
"325","325","0","572.0","147.8600690933045"
"325","325","0","574.0","147.8600690894923"
"325","325","0","576.0","147.86006908468318"
"325","325","0","578.0","147.86006908958663"
"325","325","0","580.0","147.8600690853549"
"325","325","0","582.0","147.86006908195515"
"325","325","0","584.0","147.86006908483188"
"325","325","0","586.0","147.86006907726983"
"325","325","0","588.0","147.86006907591374"
"325","325","0","590.0","147.86006907719036"
"325","325","0","592.0","147.86006908326505"
"325","325","0","594.0","147.86006908771682"
"325","325","0","596.0","147.86006908921664"
"325","325","0","598.0","147.86006909087183"
"325","325","0","600.0","147.8600690843072"
"325","325","0","602.0","147.86006908248913"
"325","325","0","604.0","147.86006908346036"
"325","325","0","606.0","147.86006908210305"
"325","325","0","608.0","147.86006908474246"
"325","325","0","610.0","147.8600690857306"
"325","325","0","612.0","147.86006908550485"
"325","325","0","614.0","147.86006908683706"
"325","325","0","616.0","147.8600690945224"
"325","325","0","618.0","147.86006908501082"
"325","325","0","620.0","147.86006908441811"
"325","325","0","622.0","147.86006909014282"
"325","325","0","624.0","147.8600690885212"
"325","325","0","626.0","147.8600690926818"
"325","325","0","628.0","147.86006909754613"
"325","325","0","630.0","147.86006909854228"
"325","325","0","632.0","147.8600691011875"
"325","325","0","634.0","147.86006910498529"
"325","325","0","636.0","147.86006910193697"
"325","325","0","638.0","147.8600691023922"
"325","325","0","640.0","147.860069107239"
"325","325","0","642.0","147.86006910895782"
"325","325","0","644.0","147.8600691097911"
"325","325","0","646.0","147.86006911470565"
"325","325","0","648.0","147.86006911172157"
"325","325","0","650.0","147.86006911655417"
"325","325","0","652.0","147.86006912664877"
"325","325","0","654.0","147.86006912786448"
"325","325","0","656.0","147.86006912600664"
"325","325","0","658.0","147.86006911902336"
"325","325","0","660.0","147.86006911822898"
"325","325","0","662.0","147.86006912211036"
"325","325","0","664.0","147.860069127383"
"325","325","0","666.0","147.86006912286578"
"325","325","0","668.0","147.8600691268842"
"325","325","0","670.0","147.8600691192541"
"325","325","0","672.0","147.86006911382745"
"325","325","0","674.0","147.86006911465404"
"325","325","0","676.0","147.8600691206122"
"325","325","0","678.0","147.86006912683374"
"325","325","0","680.0","147.86006912140172"
"325","325","0","682.0","147.86006912399782"
"325","325","0","684.0","147.86006912488838"
"325","325","0","686.0","147.86006912142685"
"325","325","0","688.0","147.86006912954682"
"325","325","0","690.0","147.86006912566654"
"325","325","0","692.0","147.86006912529996"
"325","325","0","694.0","147.86006912085605"
"325","325","0","696.0","147.86006912566532"
"325","325","0","698.0","147.86006913502226"
"325","325","0","700.0","147.86006913445974"
"325","325","0","702.0","147.8600691356443"
"325","325","0","704.0","147.86006913577026"
"325","325","0","706.0","147.86006913289717"
"325","325","0","708.0","147.86006913490752"
"325","325","0","710.0","147.86006913353796"
"325","325","0","712.0","147.8600691375491"
"325","325","0","714.0","147.8600691393782"
"325","325","0","716.0","147.86006914187965"
"325","325","0","718.0","147.86006913823397"
"325","325","0","720.0","147.86006913224696"
"325","325","0","722.0","147.86006913633972"
"325","325","0","724.0","147.86006914421995"
"325","325","0","726.0","147.8600691510698"
"325","325","0","728.0","147.86006915780413"
"325","325","0","730.0","147.86006915999897"
"325","325","0","732.0","147.8600691567978"
"325","325","0","734.0","147.86006916003686"
"325","325","0","736.0","147.8600691572268"
"325","325","0","738.0","147.86006915559517"
"325","325","0","740.0","147.86006915292765"
"325","325","0","742.0","147.86006915148903"
"325","325","0","744.0","147.8600691460121"
"325","325","0","746.0","147.8600691504386"
"325","325","0","748.0","147.86006914464875"
"325","325","0","750.0","147.86006913894198"
"325","325","0","752.0","147.86006913973497"
"325","325","0","754.0","147.86006914801763"
"325","325","0","756.0","147.8600691546222"
"325","325","0","758.0","147.86006915932538"
"325","325","0","760.0","147.86006915528515"
"325","325","0","762.0","147.8600691590319"
"325","325","0","764.0","147.8600691600963"
"325","325","0","766.0","147.86006915839877"
"325","325","0","768.0","147.86006916767192"
"325","325","0","770.0","147.86006916121366"
"325","325","0","772.0","147.86006916112896"
"325","325","0","774.0","147.86006916600567"
"325","325","0","776.0","147.86006916284117"
"325","325","0","778.0","147.8600691701578"
"325","325","0","780.0","147.86006917269555"
"325","325","0","782.0","147.86006917276737"
"325","325","0","784.0","147.86006917422557"
"325","325","0","786.0","147.86006917489087"
"325","325","0","788.0","147.8600691792285"
"325","325","0","790.0","147.86006917778576"
"325","325","0","792.0","147.86006918268635"
"325","325","0","794.0","147.86006918138148"
"325","325","0","796.0","147.86006918016827"
"325","325","0","798.0","147.86006918413406"
"325","325","0","800.0","147.86006918437386"
"325","325","0","802.0","147.86006918242526"
"325","325","0","804.0","147.86006918440273"
"325","325","0","806.0","147.8600691892846"
"325","325","0","808.0","147.8600691880651"
"325","325","0","810.0","147.86006918544635"
"325","325","0","812.0","147.86006918950494"
"325","325","0","814.0","147.86006918890956"
"325","325","0","816.0","147.86006918633385"
"325","325","0","818.0","147.86006918556404"
"325","325","0","820.0","147.86006919119168"
"325","325","0","822.0","147.86006919815225"
"325","325","0","824.0","147.86006919400984"
"325","325","0","826.0","147.86006919499457"
"325","325","0","828.0","147.86006919611557"
"325","325","0","830.0","147.86006919827793"
"325","325","0","832.0","147.86006919734405"
"325","325","0","834.0","147.86006919932984"
"325","325","0","836.0","147.86006919543618"
"325","325","0","838.0","147.86006919858949"
"325","325","0","840.0","147.86006919817208"
"325","325","0","842.0","147.86006919603682"
"325","325","0","844.0","147.86006920061715"
"325","325","0","846.0","147.860069197806"
"325","325","0","848.0","147.86006919941647"
"325","325","0","850.0","147.8600691947132"
"325","325","0","852.0","147.86006919625171"
"325","325","0","854.0","147.86006919820807"
"325","325","0","856.0","147.8600691997641"
"325","325","0","858.0","147.8600691971142"
"325","325","0","860.0","147.86006920378782"
"325","325","0","862.0","147.86006920118396"
"325","325","0","864.0","147.86006920248343"
"325","325","0","866.0","147.8600692040335"
"325","325","0","868.0","147.86006920707024"
"325","325","0","870.0","147.86006920528527"
"325","325","0","872.0","147.8600692061783"
"325","325","0","874.0","147.86006920872182"
"325","325","0","876.0","147.86006921213607"
"325","325","0","878.0","147.86006921822198"
"325","325","0","880.0","147.8600692192208"
"325","325","0","882.0","147.86006922092474"
"325","325","0","884.0","147.86006922150108"
"325","325","0","886.0","147.86006921814385"
"325","325","0","888.0","147.86006922100384"
"325","325","0","890.0","147.86006922576848"
"325","325","0","892.0","147.860069225572"
"325","325","0","894.0","147.86006922497737"
"325","325","0","896.0","147.86006922193948"
"325","325","0","898.0","147.8600692290365"
"325","325","0","900.0","147.86006922776602"
"325","325","0","902.0","147.86006922403004"
"325","325","0","904.0","147.86006921705695"
"325","325","0","906.0","147.86006921642675"
"325","325","0","908.0","147.8600692214261"
"325","325","0","910.0","147.86006922412625"
"325","325","0","912.0","147.86006922110778"
"325","325","0","914.0","147.86006922053247"
"325","325","0","916.0","147.86006921767435"
"325","325","0","918.0","147.86006921743362"
"325","325","0","920.0","147.8600692197155"
"325","325","0","922.0","147.86006922319183"
"325","325","0","924.0","147.86006921895523"
"325","325","0","926.0","147.86006921816346"
"325","325","0","928.0","147.86006922078886"
"325","325","0","930.0","147.86006921781487"
"325","325","0","932.0","147.86006921575174"
"325","325","0","934.0","147.86006922174144"
"325","325","0","936.0","147.86006922130443"
"325","325","0","938.0","147.86006922120706"
"325","325","0","940.0","147.86006921888176"
"325","325","0","942.0","147.86006922110533"
"325","325","0","944.0","147.86006922125208"
"325","325","0","946.0","147.86006922435365"
"325","325","0","948.0","147.8600692269606"
"325","325","0","950.0","147.86006922926916"
"325","325","0","952.0","147.86006922644845"
"325","325","0","954.0","147.86006922974565"
"325","325","0","956.0","147.86006922654857"
"325","325","0","958.0","147.86006922158086"
"325","325","0","960.0","147.8600692241803"
"325","325","0","962.0","147.8600692249633"
"325","325","0","964.0","147.86006922380363"
"325","325","0","966.0","147.8600692295774"
"325","325","0","968.0","147.86006923037058"
"325","325","0","970.0","147.86006922509787"
"325","325","0","972.0","147.86006922395381"
"325","325","0","974.0","147.86006922138034"
"325","325","0","976.0","147.8600692243363"
"325","325","0","978.0","147.86006923113982"
"325","325","0","980.0","147.8600692321201"
"325","325","0","982.0","147.86006923497075"
"325","325","0","984.0","147.86006923552773"
"325","325","0","986.0","147.86006923822745"
"325","325","0","988.0","147.86006924201828"
"325","325","0","990.0","147.86006924059805"
"325","325","0","992.0","147.8600692420344"
"325","325","0","994.0","147.86006923642248"
"325","325","0","996.0","147.86006923500713"
"325","325","0","998.0","147.86006923838448"
"325","325","0","1000.0","147.86006923615213"
"325","325","0","1002.0","147.8600692375608"
"325","325","0","1004.0","147.86006923831425"
"325","325","0","1006.0","147.86006923805374"
"325","325","0","1008.0","147.86006923905427"
"325","325","0","1010.0","147.86006923869596"
"325","325","0","1012.0","147.86006924305357"
"325","325","0","1014.0","147.86006924414963"
"325","325","0","1016.0","147.86006923978735"
"325","325","0","1018.0","147.8600692435073"
"325","325","0","1020.0","147.86006924528405"
"325","325","0","1022.0","147.86006924534104"
"325","325","0","1024.0","147.86006924604217"
"325","325","0","1026.0","147.86006924964707"
"325","325","0","1028.0","147.8600692512169"
"325","325","0","1030.0","147.8600692487242"
"325","325","0","1032.0","147.8600692492344"
"325","325","0","1034.0","147.86006924999145"
"325","325","0","1036.0","147.86006924933614"
"325","325","0","1038.0","147.86006925236484"
"325","325","0","1040.0","147.86006925408907"
"325","325","0","1042.0","147.86006924915756"
"325","325","0","1044.0","147.86006924749154"
"325","325","0","1046.0","147.86006924574747"
"325","325","0","1048.0","147.86006924658952"
"325","325","0","1050.0","147.86006923873998"
"325","325","0","1052.0","147.86006923505573"
"325","325","0","1054.0","147.8600692309164"
"325","325","0","1056.0","147.86006923382345"
"325","325","0","1058.0","147.8600692349692"
"325","325","0","1060.0","147.86006923780343"
"325","325","0","1062.0","147.86006923537255"
"325","325","0","1064.0","147.8600692366369"
"325","325","0","1066.0","147.8600692397679"
"325","325","0","1068.0","147.8600692401623"
"325","325","0","1070.0","147.86006924440545"
"325","325","0","1072.0","147.86006924759877"
"325","325","0","1074.0","147.86006925067124"
"325","325","0","1076.0","147.86006925136888"
"325","325","0","1078.0","147.86006925246275"
"325","325","0","1080.0","147.8600692523431"
"325","325","0","1082.0","147.86006924807083"
"325","325","0","1084.0","147.8600692512717"
"325","325","0","1086.0","147.86006925249623"
"325","325","0","1088.0","147.86006925219965"
"325","325","0","1090.0","147.86006925070862"
"325","325","0","1092.0","147.86006925126776"
"325","325","0","1094.0","147.8600692480478"
"325","325","0","1096.0","147.86006925042568"
"325","325","0","1098.0","147.86006924629484"
"325","325","0","1100.0","147.8600692471416"
"325","325","0","1102.0","147.8600692469485"
"325","325","0","1104.0","147.8600692473232"
"325","325","0","1106.0","147.8600692472641"
"325","325","0","1108.0","147.86006924453096"
"325","325","0","1110.0","147.86006924651016"
"325","325","0","1112.0","147.86006924561104"
"325","325","0","1114.0","147.86006924479864"
"325","325","0","1116.0","147.86006924911118"
"325","325","0","1118.0","147.86006924690605"
"325","325","0","1120.0","147.86006924670576"
"325","325","0","1122.0","147.86006924729418"
"325","325","0","1124.0","147.86006924478608"
"325","325","0","1126.0","147.86006924831432"
"325","325","0","1128.0","147.86006924735145"
"325","325","0","1130.0","147.86006924904748"
"325","325","0","1132.0","147.86006924635367"
"325","325","0","1134.0","147.8600692498131"
"325","325","0","1136.0","147.86006924906303"
"325","325","0","1138.0","147.86006924904305"
"325","325","0","1140.0","147.86006924815453"
"325","325","0","1142.0","147.86006924919926"
"325","325","0","1144.0","147.86006924996474"
"325","325","0","1146.0","147.86006925215946"
"325","325","0","1148.0","147.8600692503139"
"325","325","0","1150.0","147.86006925306756"
"325","325","0","1152.0","147.86006925477113"
"325","325","0","1154.0","147.8600692542416"
"325","325","0","1156.0","147.860069253896"
"325","325","0","1158.0","147.86006925308405"
"325","325","0","1160.0","147.86006925204038"
"325","325","0","1162.0","147.86006925016827"
"325","325","0","1164.0","147.86006924952864"
"325","325","0","1166.0","147.86006924489084"
"325","325","0","1168.0","147.86006924708585"
"325","325","0","1170.0","147.86006925038572"
"325","325","0","1172.0","147.860069251626"
"325","325","0","1174.0","147.86006925303974"
"325","325","0","1176.0","147.86006925133103"
"325","325","0","1178.0","147.86006925175997"
"325","325","0","1180.0","147.86006925218814"
"325","325","0","1182.0","147.86006925443482"
"325","325","0","1184.0","147.860069254653"
"325","325","0","1186.0","147.86006925322346"
"325","325","0","1188.0","147.86006925472256"
"325","325","0","1190.0","147.86006925128538"
"325","325","0","1192.0","147.86006924766528"
"325","325","0","1194.0","147.86006925507746"
"325","325","0","1196.0","147.86006925276416"
"325","325","0","1198.0","147.8600692550166"
"325","325","0","1200.0","147.8600692560613"
"325","325","0","1202.0","147.86006925629846"
"325","325","0","1204.0","147.86006925839231"
"325","325","0","1206.0","147.86006926220955"
"325","325","0","1208.0","147.86006926482338"
"325","325","0","1210.0","147.860069267373"
"325","325","0","1212.0","147.86006926527017"
"325","325","0","1214.0","147.86006926746856"
"325","325","0","1216.0","147.86006926586066"
"325","325","0","1218.0","147.86006926752788"
"325","325","0","1220.0","147.86006926414788"
"325","325","0","1222.0","147.86006926517814"
"325","325","0","1224.0","147.86006926372903"
"325","325","0","1226.0","147.86006926545573"
"325","325","0","1228.0","147.86006926169873"
"325","325","0","1230.0","147.86006926202367"
"325","325","0","1232.0","147.86006926145356"
"325","325","0","1234.0","147.86006926260774"
"325","325","0","1236.0","147.86006926143958"
"325","325","0","1238.0","147.86006926235217"
"325","325","0","1240.0","147.8600692636215"
"325","325","0","1242.0","147.86006926431585"
"325","325","0","1244.0","147.8600692630981"
"325","325","0","1246.0","147.8600692644145"
"325","325","0","1248.0","147.86006926566967"
"325","325","0","1250.0","147.86006926888666"
"325","325","0","1252.0","147.86006926864655"
"325","325","0","1254.0","147.8600692704983"
"325","325","0","1256.0","147.86006927183936"
"325","325","0","1258.0","147.86006927203601"
"325","325","0","1260.0","147.86006927301776"
"325","325","0","1262.0","147.8600692745943"
"325","325","0","1264.0","147.86006927510616"
"325","325","0","1266.0","147.86006927473625"
"325","325","0","1268.0","147.86006927634702"
"325","325","0","1270.0","147.86006927570915"
"325","325","0","1272.0","147.86006927683286"
"325","325","0","1274.0","147.86006927346713"
"325","325","0","1276.0","147.86006927380066"
"325","325","0","1278.0","147.86006927128238"
"325","325","0","1280.0","147.86006927134048"
"325","325","0","1282.0","147.86006927024164"
"325","325","0","1284.0","147.8600692721924"
"325","325","0","1286.0","147.8600692755133"
"325","325","0","1288.0","147.86006927853825"
"325","325","0","1290.0","147.86006927678164"
"325","325","0","1292.0","147.86006927634506"
"325","325","0","1294.0","147.86006927418654"
"325","325","0","1296.0","147.86006927559072"
"325","325","0","1298.0","147.86006927418094"
"325","325","0","1300.0","147.8600692769789"
"325","325","0","1302.0","147.8600692782588"
"325","325","0","1304.0","147.86006927901994"
"325","325","0","1306.0","147.86006928249444"
"325","325","0","1308.0","147.860069281117"
"325","325","0","1310.0","147.86006927904884"
"325","325","0","1312.0","147.86006927717852"
"325","325","0","1314.0","147.8600692787922"
"325","325","0","1316.0","147.86006927828655"
"325","325","0","1318.0","147.86006928298545"
"325","325","0","1320.0","147.86006928516647"
"325","325","0","1322.0","147.86006928753167"
"325","325","0","1324.0","147.86006928996022"
"325","325","0","1326.0","147.86006928914708"
"325","325","0","1328.0","147.86006928885865"
"325","325","0","1330.0","147.86006929006896"
"325","325","0","1332.0","147.8600692891904"
"325","325","0","1334.0","147.86006929195256"
"325","325","0","1336.0","147.86006929668764"
"325","325","0","1338.0","147.86006929135917"
"325","325","0","1340.0","147.860069296027"
"325","325","0","1342.0","147.86006929616207"
"325","325","0","1344.0","147.86006929861523"
"325","325","0","1346.0","147.86006929852218"
"325","325","0","1348.0","147.86006929677785"
"325","325","0","1350.0","147.86006930142494"
"325","325","0","1352.0","147.86006930072406"
"325","325","0","1354.0","147.86006929908433"
"325","325","0","1356.0","147.86006930222996"
"325","325","0","1358.0","147.86006930567382"
"325","325","0","1360.0","147.86006930716616"
"325","325","0","1362.0","147.8600693084643"
"325","325","0","1364.0","147.8600693090632"
"325","325","0","1366.0","147.86006930887547"
"325","325","0","1368.0","147.8600693110012"
"325","325","0","1370.0","147.8600693098245"
"325","325","0","1372.0","147.86006931196206"
"325","325","0","1374.0","147.86006931097552"
"325","325","0","1376.0","147.86006931166634"
"325","325","0","1378.0","147.8600693160769"
"325","325","0","1380.0","147.8600693162406"
"325","325","0","1382.0","147.86006931314375"
"325","325","0","1384.0","147.86006931075667"
"325","325","0","1386.0","147.8600693092305"
"325","325","0","1388.0","147.86006930757196"
"325","325","0","1390.0","147.86006930782582"
"325","325","0","1392.0","147.86006930425935"
"325","325","0","1394.0","147.86006930171985"
"325","325","0","1396.0","147.86006930112268"
"325","325","0","1398.0","147.86006930151416"
"325","325","0","1400.0","147.8600692983507"
"325","325","0","1402.0","147.86006930016333"
"325","325","0","1404.0","147.86006930337308"
"325","325","0","1406.0","147.8600693022585"
"325","325","0","1408.0","147.86006930269835"
"325","325","0","1410.0","147.8600693015498"
"325","325","0","1412.0","147.8600693002094"
"325","325","0","1414.0","147.86006930216536"
"325","325","0","1416.0","147.86006930345164"
"325","325","0","1418.0","147.86006930026994"
"325","325","0","1420.0","147.86006929906205"
"325","325","0","1422.0","147.86006929774913"
"325","325","0","1424.0","147.86006929891764"
"325","325","0","1426.0","147.86006929740662"
"325","325","0","1428.0","147.86006929937082"
"325","325","0","1430.0","147.86006930429735"
"325","325","0","1432.0","147.86006930649916"
"325","325","0","1434.0","147.86006930489665"
"325","325","0","1436.0","147.86006930339002"
"325","325","0","1438.0","147.86006930459868"
"325","325","0","1440.0","147.86006930182612"
"325","325","0","1442.0","147.86006930451913"
"325","325","0","1444.0","147.86006930462557"
"325","325","0","1446.0","147.86006930888456"
"325","325","0","1448.0","147.86006930744693"
"325","325","0","1450.0","147.86006930592234"
"325","325","0","1452.0","147.86006930646494"
"325","325","0","1454.0","147.86006930685954"
"325","325","0","1456.0","147.8600693077564"
"325","325","0","1458.0","147.8600693115114"
"325","325","0","1460.0","147.86006931085134"
"325","325","0","1462.0","147.86006930878847"
"325","325","0","1464.0","147.86006930697712"
"325","325","0","1466.0","147.86006930721513"
"325","325","0","1468.0","147.86006930445515"
"325","325","0","1470.0","147.8600693080602"
"325","325","0","1472.0","147.8600693055496"
"325","325","0","1474.0","147.86006930464674"
"325","325","0","1476.0","147.8600693091521"
"325","325","0","1478.0","147.86006931007637"
"325","325","0","1480.0","147.86006930839662"
"325","325","0","1482.0","147.8600693093346"
"325","325","0","1484.0","147.86006931092285"
"325","325","0","1486.0","147.86006931172346"
"325","325","0","1488.0","147.86006930998727"
"325","325","0","1490.0","147.86006931223764"
"325","325","0","1492.0","147.86006931150072"
"325","325","0","1494.0","147.86006931162018"
"325","325","0","1496.0","147.86006931303393"
"325","325","0","1498.0","147.8600693126277"
"325","325","0","1500.0","147.8600693118789"
"325","325","0","1502.0","147.86006931201223"
"325","325","0","1504.0","147.86006931251987"
"325","325","0","1506.0","147.86006931371955"
"325","325","0","1508.0","147.86006931541448"
"325","325","0","1510.0","147.86006931567908"
"325","325","0","1512.0","147.86006931629035"
"325","325","0","1514.0","147.86006931351025"
"325","325","0","1516.0","147.8600693120845"
"325","325","0","1518.0","147.86006931231114"
"325","325","0","1520.0","147.86006931226032"
"325","325","0","1522.0","147.86006931580138"
"325","325","0","1524.0","147.8600693144377"
"325","325","0","1526.0","147.86006931307992"
"325","325","0","1528.0","147.86006931514373"
"325","325","0","1530.0","147.86006931441736"
"325","325","0","1532.0","147.8600693164332"
"325","325","0","1534.0","147.8600693161268"
"325","325","0","1536.0","147.86006931755682"
"325","325","0","1538.0","147.86006931844912"
"325","325","0","1540.0","147.86006931834095"
"325","325","0","1542.0","147.86006931734343"
"325","325","0","1544.0","147.86006931778317"
"325","325","0","1546.0","147.8600693166889"
"325","325","0","1548.0","147.8600693175605"
"325","325","0","1550.0","147.86006932016892"
"325","325","0","1552.0","147.86006932021894"
"325","325","0","1554.0","147.8600693192292"
"325","325","0","1556.0","147.8600693169689"
"325","325","0","1558.0","147.86006931647123"
"325","325","0","1560.0","147.86006931380692"
"325","325","0","1562.0","147.86006931162902"
"325","325","0","1564.0","147.86006931412314"
"325","325","0","1566.0","147.8600693120008"
"325","325","0","1568.0","147.86006931294364"
"325","325","0","1570.0","147.86006931405458"
"325","325","0","1572.0","147.860069313584"
"325","325","0","1574.0","147.86006931408258"
"325","325","0","1576.0","147.8600693153884"
"325","325","0","1578.0","147.86006931595242"
"325","325","0","1580.0","147.8600693149323"
"325","325","0","1582.0","147.86006931525597"
"325","325","0","1584.0","147.86006931619391"
"325","325","0","1586.0","147.86006931603018"
"325","325","0","1588.0","147.8600693167223"
"325","325","0","1590.0","147.8600693173794"
"325","325","0","1592.0","147.86006931772772"
"325","325","0","1594.0","147.86006931925664"
"325","325","0","1596.0","147.86006931686694"
"325","325","0","1598.0","147.8600693165497"
"325","325","0","1600.0","147.86006931429284"
"325","325","0","1602.0","147.8600693135441"
"325","325","0","1604.0","147.8600693149095"
"325","325","0","1606.0","147.86006931587298"
"325","325","0","1608.0","147.8600693164885"
"325","325","0","1610.0","147.86006931209926"
"325","325","0","1612.0","147.8600693149868"
"325","325","0","1614.0","147.86006931512392"
"325","325","0","1616.0","147.86006931659722"
"325","325","0","1618.0","147.86006931815942"
"325","325","0","1620.0","147.8600693165206"
"325","325","0","1622.0","147.86006931562494"
"325","325","0","1624.0","147.86006931599945"
"325","325","0","1626.0","147.86006931406624"
"325","325","0","1628.0","147.8600693133717"
"325","325","0","1630.0","147.86006931424293"
"325","325","0","1632.0","147.86006931548275"
"325","325","0","1634.0","147.86006931466946"
"325","325","0","1636.0","147.86006931470538"
"325","325","0","1638.0","147.86006931449495"
"325","325","0","1640.0","147.86006931495103"
"325","325","0","1642.0","147.86006931500597"
"325","325","0","1644.0","147.86006931373177"
"325","325","0","1646.0","147.86006931352247"
"325","325","0","1648.0","147.8600693136708"
"325","325","0","1650.0","147.86006931388098"
"325","325","0","1652.0","147.86006931434488"
"325","325","0","1654.0","147.86006931529494"
"325","325","0","1656.0","147.86006931315674"
"325","325","0","1658.0","147.86006931311678"
"325","325","0","1660.0","147.86006931009723"
"325","325","0","1662.0","147.8600693087438"
"325","325","0","1664.0","147.86006930829885"
"325","325","0","1666.0","147.8600693074486"
"325","325","0","1668.0","147.86006930671948"
"325","325","0","1670.0","147.8600693104767"
"325","325","0","1672.0","147.86006930934235"
"325","325","0","1674.0","147.8600693081375"
"325","325","0","1676.0","147.86006930896468"
"325","325","0","1678.0","147.8600693066445"
"325","325","0","1680.0","147.86006930606578"
"325","325","0","1682.0","147.86006930741843"
"325","325","0","1684.0","147.86006930484803"
"325","325","0","1686.0","147.86006930712426"
"325","325","0","1688.0","147.86006930799212"
"325","325","0","1690.0","147.8600693059126"
"325","325","0","1692.0","147.860069307089"
"325","325","0","1694.0","147.86006930859315"
"325","325","0","1696.0","147.8600693072273"
"325","325","0","1698.0","147.86006930558162"
"325","325","0","1700.0","147.8600693045336"
"325","325","0","1702.0","147.86006930298856"
"325","325","0","1704.0","147.86006930271412"
"325","325","0","1706.0","147.86006930382013"
"325","325","0","1708.0","147.86006930394308"
"325","325","0","1710.0","147.86006930534134"
"325","325","0","1712.0","147.86006930685642"
"325","325","0","1714.0","147.8600693071996"
"325","325","0","1716.0","147.86006930717457"
"325","325","0","1718.0","147.860069306276"
"325","325","0","1720.0","147.86006930557318"
"325","325","0","1722.0","147.86006930755613"
"325","325","0","1724.0","147.8600693076961"
"325","325","0","1726.0","147.8600693058325"
"325","325","0","1728.0","147.86006930363743"
"325","325","0","1730.0","147.86006930310776"
"325","325","0","1732.0","147.86006930424344"
"325","325","0","1734.0","147.86006930322864"
"325","325","0","1736.0","147.86006930301124"
"325","325","0","1738.0","147.86006930489341"
"325","325","0","1740.0","147.8600693037806"
"325","325","0","1742.0","147.86006930390496"
"325","325","0","1744.0","147.86006930304882"
"325","325","0","1746.0","147.86006930344885"
"325","325","0","1748.0","147.86006930305774"
"325","325","0","1750.0","147.86006930316796"
"325","325","0","1752.0","147.8600693038398"
"325","325","0","1754.0","147.86006930420788"
"325","325","0","1756.0","147.8600693049391"
"325","325","0","1758.0","147.86006930410264"
"325","325","0","1760.0","147.86006930267908"
"325","325","0","1762.0","147.86006930332167"
"325","325","0","1764.0","147.86006930330933"
"325","325","0","1766.0","147.86006930155685"
"325","325","0","1768.0","147.8600693008684"
"325","325","0","1770.0","147.8600692991103"
"325","325","0","1772.0","147.86006929688605"
"325","325","0","1774.0","147.86006929717448"
"325","325","0","1776.0","147.860069298753"
"325","325","0","1778.0","147.86006929654545"
"325","325","0","1780.0","147.8600692953823"
"325","325","0","1782.0","147.86006929727705"
"325","325","0","1784.0","147.8600692980399"
"325","325","0","1786.0","147.8600692985703"
"325","325","0","1788.0","147.86006930011408"
"325","325","0","1790.0","147.86006930095027"
"325","325","0","1792.0","147.8600693015934"
"325","325","0","1794.0","147.86006930176546"
"325","325","0","1796.0","147.86006930070417"
"325","325","0","1798.0","147.86006930006178"
"325","325","0","1800.0","147.86006930176038"
"325","325","0","1802.0","147.8600693020451"
"325","325","0","1804.0","147.86006930214688"
"325","325","0","1806.0","147.86006930277796"
"325","325","0","1808.0","147.86006930405344"
"325","325","0","1810.0","147.86006930407677"
"325","325","0","1812.0","147.8600693041407"
"325","325","0","1814.0","147.86006930185638"
"325","325","0","1816.0","147.86006930148616"
"325","325","0","1818.0","147.86006930117276"
"325","325","0","1820.0","147.86006930323063"
"325","325","0","1822.0","147.86006930215643"
"325","325","0","1824.0","147.8600693017121"
"325","325","0","1826.0","147.8600693011217"
"325","325","0","1828.0","147.86006930258478"
"325","325","0","1830.0","147.86006930377823"
"325","325","0","1832.0","147.8600693036433"
"325","325","0","1834.0","147.86006930352818"
"325","325","0","1836.0","147.86006930378753"
"325","325","0","1838.0","147.86006930406862"
"325","325","0","1840.0","147.86006930636142"
"325","325","0","1842.0","147.86006930651556"
"325","325","0","1844.0","147.86006930852557"
"325","325","0","1846.0","147.8600693105008"
"325","325","0","1848.0","147.8600693114644"
"325","325","0","1850.0","147.8600693119019"
"325","325","0","1852.0","147.86006931099203"
"325","325","0","1854.0","147.86006931221672"
"325","325","0","1856.0","147.86006931358102"
"325","325","0","1858.0","147.86006931521325"
"325","325","0","1860.0","147.8600693170611"
"325","325","0","1862.0","147.86006931885575"
"325","325","0","1864.0","147.86006931701723"
"325","325","0","1866.0","147.860069316324"
"325","325","0","1868.0","147.8600693166231"
"325","325","0","1870.0","147.8600693175864"
"325","325","0","1872.0","147.86006931719808"
"325","325","0","1874.0","147.86006931853143"
"325","325","0","1876.0","147.8600693183919"
"325","325","0","1878.0","147.86006931770697"
"325","325","0","1880.0","147.8600693207656"
"325","325","0","1882.0","147.8600693229978"
"325","325","0","1884.0","147.86006932243117"
"325","325","0","1886.0","147.8600693226044"
"325","325","0","1888.0","147.86006932541974"
"325","325","0","1890.0","147.86006932519908"
"325","325","0","1892.0","147.86006932432736"
"325","325","0","1894.0","147.86006932192868"
"325","325","0","1896.0","147.86006932375398"
"325","325","0","1898.0","147.86006932414924"
"325","325","0","1900.0","147.86006932376458"
"325","325","0","1902.0","147.8600693232723"
"325","325","0","1904.0","147.8600693245058"
"325","325","0","1906.0","147.8600693221889"
"325","325","0","1908.0","147.86006932252846"
"325","325","0","1910.0","147.8600693229784"
"325","325","0","1912.0","147.86006932440336"
"325","325","0","1914.0","147.86006932359462"
"325","325","0","1916.0","147.86006932479754"
"325","325","0","1918.0","147.8600693242596"
"325","325","0","1920.0","147.8600693239089"
"325","325","0","1922.0","147.86006932250342"
"325","325","0","1924.0","147.86006932057194"
"325","325","0","1926.0","147.86006931935432"
"325","325","0","1928.0","147.86006931951624"
"325","325","0","1930.0","147.86006931987868"
"325","325","0","1932.0","147.86006931997608"
"325","325","0","1934.0","147.86006931934108"
"325","325","0","1936.0","147.86006931878504"
"325","325","0","1938.0","147.86006932021027"
"325","325","0","1940.0","147.86006932360138"
"325","325","0","1942.0","147.86006932496312"
"325","325","0","1944.0","147.86006932515215"
"325","325","0","1946.0","147.86006932586497"
"325","325","0","1948.0","147.86006932598968"
"325","325","0","1950.0","147.86006932559732"
"325","325","0","1952.0","147.86006932530293"
"325","325","0","1954.0","147.86006932482155"
"325","325","0","1956.0","147.86006932409822"
"325","325","0","1958.0","147.86006932473617"
"325","325","0","1960.0","147.86006932744647"
"325","325","0","1962.0","147.86006932876865"
"325","325","0","1964.0","147.86006932870038"
"325","325","0","1966.0","147.86006932983145"
"325","325","0","1968.0","147.86006932996935"
"325","325","0","1970.0","147.86006932864393"
"325","325","0","1972.0","147.86006932985143"
"325","325","0","1974.0","147.86006932995397"
"325","325","0","1976.0","147.8600693316643"
"325","325","0","1978.0","147.86006933262203"
"325","325","0","1980.0","147.8600693319777"
"325","325","0","1982.0","147.86006933107242"
"325","325","0","1984.0","147.86006933012317"
"325","325","0","1986.0","147.86006933103957"
"325","325","0","1988.0","147.8600693309216"
"325","325","0","1990.0","147.86006933027227"
"325","325","0","1992.0","147.86006932925116"
"325","325","0","1994.0","147.86006933007712"
"325","325","0","1996.0","147.86006933001352"
"325","325","0","1998.0","147.86006933080785"
"325","325","0","2000.0","147.86006933029148"
"325","325","0","2002.0","147.86006933148315"
"325","325","0","2004.0","147.86006933279174"
"325","325","0","2006.0","147.86006933379676"
"325","325","0","2008.0","147.8600693353016"
"325","325","0","2010.0","147.86006933488247"
"325","325","0","2012.0","147.86006933495543"
"325","325","0","2014.0","147.86006933422144"
"325","325","0","2016.0","147.86006933346798"
"325","325","0","2018.0","147.8600693343222"
"325","325","0","2020.0","147.86006933458106"
"325","325","0","2022.0","147.86006933422672"
"325","325","0","2024.0","147.86006933488747"
"325","325","0","2026.0","147.86006933393895"
"325","325","0","2028.0","147.86006933362088"
"325","325","0","2030.0","147.86006933274376"
"325","325","0","2032.0","147.860069331796"
"325","325","0","2034.0","147.8600693325831"
"325","325","0","2036.0","147.8600693313815"
"325","325","0","2038.0","147.86006933270667"
"325","325","0","2040.0","147.86006933258702"
"325","325","0","2042.0","147.86006933324433"
"325","325","0","2044.0","147.86006933293766"
"325","325","0","2046.0","147.86006933475377"
"325","325","0","2048.0","147.86006933402126"
"325","325","0","2050.0","147.86006933266893"
"325","325","0","2052.0","147.86006933195634"
"325","325","0","2054.0","147.86006933146487"
"325","325","0","2056.0","147.86006933063393"
"325","325","0","2058.0","147.86006932946853"
"325","325","0","2060.0","147.8600693303542"
"325","325","0","2062.0","147.8600693302084"
"325","325","0","2064.0","147.86006933064633"
"325","325","0","2066.0","147.86006933108374"
"325","325","0","2068.0","147.8600693304274"
"325","325","0","2070.0","147.86006933176714"
"325","325","0","2072.0","147.86006933182662"
"325","325","0","2074.0","147.8600693323612"
"325","325","0","2076.0","147.86006933220676"
"325","325","0","2078.0","147.86006933183913"
"325","325","0","2080.0","147.86006933121064"
"325","325","0","2082.0","147.86006933008335"
"325","325","0","2084.0","147.86006933059434"
"325","325","0","2086.0","147.86006933151558"
"325","325","0","2088.0","147.8600693308393"
"325","325","0","2090.0","147.86006933127365"
"325","325","0","2092.0","147.8600693306592"
"325","325","0","2094.0","147.86006932955718"
"325","325","0","2096.0","147.8600693281135"
"325","325","0","2098.0","147.86006932902475"
"325","325","0","2100.0","147.860069329479"
"325","325","0","2102.0","147.86006932833"
"325","325","0","2104.0","147.8600693281228"
"325","325","0","2106.0","147.86006932771394"
"325","325","0","2108.0","147.86006932857106"
"325","325","0","2110.0","147.8600693282337"
"325","325","0","2112.0","147.86006932783522"
"325","325","0","2114.0","147.86006932734338"
"325","325","0","2116.0","147.86006932793518"
"325","325","0","2118.0","147.86006932692828"
"325","325","0","2120.0","147.860069326306"
"325","325","0","2122.0","147.86006932625813"
"325","325","0","2124.0","147.8600693261967"
"325","325","0","2126.0","147.8600693264228"
"325","325","0","2128.0","147.8600693268314"
"325","325","0","2130.0","147.86006932637997"
"325","325","0","2132.0","147.86006932606617"
"325","325","0","2134.0","147.86006932568642"
"325","325","0","2136.0","147.86006932671523"
"325","325","0","2138.0","147.86006932685606"
"325","325","0","2140.0","147.86006932582208"
"325","325","0","2142.0","147.86006932501118"
"325","325","0","2144.0","147.86006932432045"
"325","325","0","2146.0","147.8600693239047"
"325","325","0","2148.0","147.8600693231681"
"325","325","0","2150.0","147.86006932288524"
"325","325","0","2152.0","147.86006932222634"
"325","325","0","2154.0","147.86006932167155"
"325","325","0","2156.0","147.8600693227642"
"325","325","0","2158.0","147.8600693224782"
"325","325","0","2160.0","147.86006932319216"
"325","325","0","2162.0","147.86006932397348"
"325","325","0","2164.0","147.86006932424925"
"325","325","0","2166.0","147.860069324921"
"325","325","0","2168.0","147.8600693260061"
"325","325","0","2170.0","147.86006932618523"
"325","325","0","2172.0","147.86006932581842"
"325","325","0","2174.0","147.86006932496073"
"325","325","0","2176.0","147.86006932366527"
"325","325","0","2178.0","147.8600693243471"
"325","325","0","2180.0","147.86006932457536"
"325","325","0","2182.0","147.8600693243672"
"325","325","0","2184.0","147.8600693236078"
"325","325","0","2186.0","147.8600693239878"
"325","325","0","2188.0","147.86006932458042"
"325","325","0","2190.0","147.86006932706675"
"325","325","0","2192.0","147.86006932664867"
"325","325","0","2194.0","147.86006932676713"
"325","325","0","2196.0","147.860069324814"
"325","325","0","2198.0","147.8600693259491"
"325","325","0","2200.0","147.86006932717007"
"325","325","0","2202.0","147.86006932616723"
"325","325","0","2204.0","147.860069326214"
"325","325","0","2206.0","147.86006932683"
"325","325","0","2208.0","147.86006932547792"
"325","325","0","2210.0","147.86006932623124"
"325","325","0","2212.0","147.86006932585298"
"325","325","0","2214.0","147.86006932623621"
"325","325","0","2216.0","147.86006932503193"
"325","325","0","2218.0","147.86006932342517"
"325","325","0","2220.0","147.8600693243456"
"325","325","0","2222.0","147.86006932407147"
"325","325","0","2224.0","147.8600693254019"
"325","325","0","2226.0","147.86006932439815"
"325","325","0","2228.0","147.86006932501573"
"325","325","0","2230.0","147.86006932603718"
"325","325","0","2232.0","147.86006932655533"
"325","325","0","2234.0","147.86006932554153"
"325","325","0","2236.0","147.86006932518617"
"325","325","0","2238.0","147.86006932448063"
"325","325","0","2240.0","147.86006932521073"
"325","325","0","2242.0","147.86006932451158"
"325","325","0","2244.0","147.8600693241468"
"325","325","0","2246.0","147.8600693245897"
"325","325","0","2248.0","147.86006932454694"
"325","325","0","2250.0","147.86006932395696"
"325","325","0","2252.0","147.86006932383822"
"325","325","0","2254.0","147.8600693236931"
"325","325","0","2256.0","147.8600693239186"
"325","325","0","2258.0","147.8600693231051"
"325","325","0","2260.0","147.8600693228211"
"325","325","0","2262.0","147.86006932352956"
"325","325","0","2264.0","147.86006932411266"
"325","325","0","2266.0","147.86006932523438"
"325","325","0","2268.0","147.86006932542088"
"325","325","0","2270.0","147.86006932686522"
"325","325","0","2272.0","147.86006932775828"
"325","325","0","2274.0","147.86006932789988"
"325","325","0","2276.0","147.8600693271296"
"325","325","0","2278.0","147.8600693268233"
"325","325","0","2280.0","147.86006932631273"
"325","325","0","2282.0","147.86006932712968"
"325","325","0","2284.0","147.86006932740037"
"325","325","0","2286.0","147.86006932781154"
"325","325","0","2288.0","147.86006932912477"
"325","325","0","2290.0","147.86006933006405"
"325","325","0","2292.0","147.86006932939296"
"325","325","0","2294.0","147.86006932907452"
"325","325","0","2296.0","147.8600693283576"
"325","325","0","2298.0","147.86006932786515"
"325","325","0","2300.0","147.86006932759787"
"325","325","0","2302.0","147.86006932738002"
"325","325","0","2304.0","147.8600693271492"
"325","325","0","2306.0","147.86006932681727"
"325","325","0","2308.0","147.86006932580466"
"325","325","0","2310.0","147.8600693265177"
"325","325","0","2312.0","147.86006932638088"
"325","325","0","2314.0","147.86006932652148"
"325","325","0","2316.0","147.8600693262215"
"325","325","0","2318.0","147.8600693264984"
"325","325","0","2320.0","147.86006932541994"
"325","325","0","2322.0","147.8600693259848"
"325","325","0","2324.0","147.86006932610184"
"325","325","0","2326.0","147.8600693262878"
"325","325","0","2328.0","147.8600693260888"
"325","325","0","2330.0","147.8600693256727"
"325","325","0","2332.0","147.86006932551453"
"325","325","0","2334.0","147.8600693249153"
"325","325","0","2336.0","147.86006932572482"
"325","325","0","2338.0","147.86006932536796"
"325","325","0","2340.0","147.86006932580304"
"325","325","0","2342.0","147.86006932570228"
"325","325","0","2344.0","147.8600693250584"
"325","325","0","2346.0","147.86006932494857"
"325","325","0","2348.0","147.8600693254483"
"325","325","0","2350.0","147.8600693259127"
"325","325","0","2352.0","147.86006932548878"
"325","325","0","2354.0","147.86006932607276"
"325","325","0","2356.0","147.8600693268622"
"325","325","0","2358.0","147.86006932677896"
"325","325","0","2360.0","147.8600693264683"
"325","325","0","2362.0","147.86006932627944"
"325","325","0","2364.0","147.86006932589933"
"325","325","0","2366.0","147.86006932683378"
"325","325","0","2368.0","147.8600693263105"
"325","325","0","2370.0","147.86006932627657"
"325","325","0","2372.0","147.8600693266065"
"325","325","0","2374.0","147.86006932688662"
"325","325","0","2376.0","147.86006932694306"
"325","325","0","2378.0","147.86006932760944"
"325","325","0","2380.0","147.86006932743143"
"325","325","0","2382.0","147.86006932707596"
"325","325","0","2384.0","147.86006932826922"
"325","325","0","2386.0","147.86006932855588"
"325","325","0","2388.0","147.86006932886914"
"325","325","0","2390.0","147.86006932976971"
"325","325","0","2392.0","147.8600693295526"
"325","325","0","2394.0","147.86006933011396"
"325","325","0","2396.0","147.86006932994482"
"325","325","0","2398.0","147.86006933097832"
"325","325","0","2400.0","147.86006933141493"
"325","325","0","2402.0","147.8600693313811"
"325","325","0","2404.0","147.8600693305438"
"325","325","0","2406.0","147.86006933016276"
"325","325","0","2408.0","147.86006933065286"
"325","325","0","2410.0","147.8600693308117"
"325","325","0","2412.0","147.8600693313267"
"325","325","0","2414.0","147.86006933181375"
"325","325","0","2416.0","147.86006933209285"
"325","325","0","2418.0","147.86006933110536"
"325","325","0","2420.0","147.86006933010506"
"325","325","0","2422.0","147.86006932980916"
"325","325","0","2424.0","147.86006932966762"
"325","325","0","2426.0","147.86006932999544"
"325","325","0","2428.0","147.8600693297318"
"325","325","0","2430.0","147.86006932966734"
"325","325","0","2432.0","147.86006932846303"
"325","325","0","2434.0","147.86006932863205"
"325","325","0","2436.0","147.86006932926472"
"325","325","0","2438.0","147.8600693284919"
"325","325","0","2440.0","147.86006932738255"
"325","325","0","2442.0","147.8600693278305"
"325","325","0","2444.0","147.86006932667402"
"325","325","0","2446.0","147.8600693266186"
"325","325","0","2448.0","147.86006932608365"
"325","325","0","2450.0","147.8600693255734"
"325","325","0","2452.0","147.86006932530532"
"325","325","0","2454.0","147.8600693250006"
"325","325","0","2456.0","147.86006932482653"
"325","325","0","2458.0","147.8600693261077"
"325","325","0","2460.0","147.86006932691222"
"325","325","0","2462.0","147.86006932706476"
"325","325","0","2464.0","147.86006932585113"
"325","325","0","2466.0","147.86006932522503"
"325","325","0","2468.0","147.8600693247422"
"325","325","0","2470.0","147.86006932516256"
"325","325","0","2472.0","147.8600693249018"
"325","325","0","2474.0","147.86006932486924"
"325","325","0","2476.0","147.86006932507956"
"325","325","0","2478.0","147.8600693255415"
"325","325","0","2480.0","147.86006932597195"
"325","325","0","2482.0","147.86006932599338"
"325","325","0","2484.0","147.86006932593375"
"325","325","0","2486.0","147.86006932627708"
"325","325","0","2488.0","147.86006932630562"
"325","325","0","2490.0","147.86006932588333"
"325","325","0","2492.0","147.8600693253987"
"325","325","0","2494.0","147.86006932659342"
"325","325","0","2496.0","147.86006932692058"
"325","325","0","2498.0","147.86006932769956"
"325","325","0","2500.0","147.86006932832572"
"325","325","0","2502.0","147.86006932814968"
"325","325","0","2504.0","147.8600693273158"
"325","325","0","2506.0","147.86006932749748"
"325","325","0","2508.0","147.86006932714628"
"325","325","0","2510.0","147.86006932814036"
"325","325","0","2512.0","147.86006932813925"
"325","325","0","2514.0","147.86006932863933"
"325","325","0","2516.0","147.86006932813336"
"325","325","0","2518.0","147.8600693291838"
"325","325","0","2520.0","147.86006932966117"
"325","325","0","2522.0","147.8600693292465"
"325","325","0","2524.0","147.860069329178"
"325","325","0","2526.0","147.86006932881963"
"325","325","0","2528.0","147.8600693292799"
"325","325","0","2530.0","147.86006932932565"
"325","325","0","2532.0","147.86006932856594"
"325","325","0","2534.0","147.86006932856498"
"325","325","0","2536.0","147.86006932872874"
"325","325","0","2538.0","147.8600693276237"
"325","325","0","2540.0","147.86006932830747"
"325","325","0","2542.0","147.86006932802593"
"325","325","0","2544.0","147.8600693286221"
"325","325","0","2546.0","147.8600693286472"
"325","325","0","2548.0","147.86006932793237"
"325","325","0","2550.0","147.86006932737115"
"325","325","0","2552.0","147.86006932706823"
"325","325","0","2554.0","147.8600693269694"
"325","325","0","2556.0","147.86006932706982"
"325","325","0","2558.0","147.86006932797386"
"325","325","0","2560.0","147.8600693282133"
"325","325","0","2562.0","147.86006932865757"
"325","325","0","2564.0","147.86006932877976"
"325","325","0","2566.0","147.86006932874017"
"325","325","0","2568.0","147.86006932906076"
"325","325","0","2570.0","147.86006932982525"
"325","325","0","2572.0","147.86006932870114"
"325","325","0","2574.0","147.86006932900227"
"325","325","0","2576.0","147.86006932861943"
"325","325","0","2578.0","147.86006932824463"
"325","325","0","2580.0","147.8600693281286"
"325","325","0","2582.0","147.8600693279761"
"325","325","0","2584.0","147.8600693280095"
"325","325","0","2586.0","147.8600693286443"
"325","325","0","2588.0","147.8600693286635"
"325","325","0","2590.0","147.8600693286348"
"325","325","0","2592.0","147.86006932861605"
"325","325","0","2594.0","147.8600693286384"
"325","325","0","2596.0","147.8600693281712"
"325","325","0","2598.0","147.8600693272409"
"325","325","0","2600.0","147.8600693271354"
"325","325","0","2602.0","147.86006932635283"
"325","325","0","2604.0","147.8600693274617"
"325","325","0","2606.0","147.8600693264102"
"325","325","0","2608.0","147.86006932590084"
"325","325","0","2610.0","147.86006932539632"
"325","325","0","2612.0","147.8600693248337"
"325","325","0","2614.0","147.86006932500237"
"325","325","0","2616.0","147.86006932527712"
"325","325","0","2618.0","147.86006932537117"
"325","325","0","2620.0","147.86006932427225"
"325","325","0","2622.0","147.8600693257749"
"325","325","0","2624.0","147.86006932589652"
"325","325","0","2626.0","147.86006932515195"
"325","325","0","2628.0","147.86006932587708"
"325","325","0","2630.0","147.86006932646438"
"325","325","0","2632.0","147.86006932689338"
"325","325","0","2634.0","147.86006932658827"
"325","325","0","2636.0","147.860069326514"
"325","325","0","2638.0","147.86006932735955"
"325","325","0","2640.0","147.8600693276804"
"325","325","0","2642.0","147.86006932780145"
"325","325","0","2644.0","147.86006932651784"
"325","325","0","2646.0","147.86006932763"
"325","325","0","2648.0","147.86006932769712"
"325","325","0","2650.0","147.8600693276754"
"325","325","0","2652.0","147.86006932822573"
"325","325","0","2654.0","147.86006932796795"
"325","325","0","2656.0","147.86006932808698"
"325","325","0","2658.0","147.8600693286515"
"325","325","0","2660.0","147.86006932854025"
"325","325","0","2662.0","147.86006932912014"
"325","325","0","2664.0","147.8600693281627"
"325","325","0","2666.0","147.86006932872434"
"325","325","0","2668.0","147.8600693287369"
"325","325","0","2670.0","147.86006932851467"
"325","325","0","2672.0","147.8600693289768"
"325","325","0","2674.0","147.86006932836688"
"325","325","0","2676.0","147.86006932859163"
"325","325","0","2678.0","147.86006932842253"
"325","325","0","2680.0","147.86006932809386"
"325","325","0","2682.0","147.86006932810707"
"325","325","0","2684.0","147.86006932819484"
"325","325","0","2686.0","147.86006932791688"
"325","325","0","2688.0","147.86006932854247"
"325","325","0","2690.0","147.86006932842346"
"325","325","0","2692.0","147.86006932887796"
"325","325","0","2694.0","147.86006932929746"
"325","325","0","2696.0","147.8600693292666"
"325","325","0","2698.0","147.860069329215"
"325","325","0","2700.0","147.86006932931366"
"325","325","0","2702.0","147.86006932938136"
"325","325","0","2704.0","147.8600693295074"
"325","325","0","2706.0","147.86006932956445"
"325","325","0","2708.0","147.86006932947868"
"325","325","0","2710.0","147.86006932881298"
"325","325","0","2712.0","147.8600693287092"
"325","325","0","2714.0","147.86006932864677"
"325","325","0","2716.0","147.8600693292563"
"325","325","0","2718.0","147.8600693289661"
"325","325","0","2720.0","147.86006932898837"
"325","325","0","2722.0","147.86006932911053"
"325","325","0","2724.0","147.86006932879084"
"325","325","0","2726.0","147.8600693293395"
"325","325","0","2728.0","147.86006932961567"
"325","325","0","2730.0","147.8600693293012"
"325","325","0","2732.0","147.86006932995593"
"325","325","0","2734.0","147.86006933010663"
"325","325","0","2736.0","147.86006932959256"
"325","325","0","2738.0","147.8600693301034"
"325","325","0","2740.0","147.86006933073108"
"325","325","0","2742.0","147.8600693312917"
"325","325","0","2744.0","147.86006933046664"
"325","325","0","2746.0","147.86006933076513"
"325","325","0","2748.0","147.8600693319793"
"325","325","0","2750.0","147.86006933139163"
"325","325","0","2752.0","147.86006933271162"
"325","325","0","2754.0","147.8600693325414"
"325","325","0","2756.0","147.8600693322113"
"325","325","0","2758.0","147.8600693331063"
"325","325","0","2760.0","147.8600693332012"
"325","325","0","2762.0","147.86006933362586"
"325","325","0","2764.0","147.86006933344186"
"325","325","0","2766.0","147.86006933350865"
"325","325","0","2768.0","147.8600693337926"
"325","325","0","2770.0","147.86006933379954"
"325","325","0","2772.0","147.86006933377595"
"325","325","0","2774.0","147.86006933300106"
"325","325","0","2776.0","147.86006933296048"
"325","325","0","2778.0","147.86006933346394"
"325","325","0","2780.0","147.86006933325163"
"325","325","0","2782.0","147.86006933399483"
"325","325","0","2784.0","147.86006933357496"
"325","325","0","2786.0","147.86006933338544"
"325","325","0","2788.0","147.86006933335958"
"325","325","0","2790.0","147.86006933343901"
"325","325","0","2792.0","147.86006933361026"
"325","325","0","2794.0","147.8600693341043"
"325","325","0","2796.0","147.86006933404047"
"325","325","0","2798.0","147.86006933445046"
"325","325","0","2800.0","147.86006933399398"
"325","325","0","2802.0","147.86006933404605"
"325","325","0","2804.0","147.86006933417315"
"325","325","0","2806.0","147.86006933366085"
"325","325","0","2808.0","147.86006933374028"
"325","325","0","2810.0","147.8600693333291"
"325","325","0","2812.0","147.86006933273129"
"325","325","0","2814.0","147.8600693323314"
"325","325","0","2816.0","147.86006933273464"
"325","325","0","2818.0","147.86006933262354"
"325","325","0","2820.0","147.86006933243848"
"325","325","0","2822.0","147.86006933251085"
"325","325","0","2824.0","147.86006933210413"
"325","325","0","2826.0","147.8600693325733"
"325","325","0","2828.0","147.86006933246665"
"325","325","0","2830.0","147.86006933252156"
"325","325","0","2832.0","147.8600693320696"
"325","325","0","2834.0","147.86006933329247"
"325","325","0","2836.0","147.86006933335756"
"325","325","0","2838.0","147.8600693334941"
"325","325","0","2840.0","147.86006933389936"
"325","325","0","2842.0","147.86006933440854"
"325","325","0","2844.0","147.8600693340174"
"325","325","0","2846.0","147.86006933444565"
"325","325","0","2848.0","147.86006933421328"
"325","325","0","2850.0","147.86006933447314"
"325","325","0","2852.0","147.86006933458535"
"325","325","0","2854.0","147.8600693343074"
"325","325","0","2856.0","147.86006933439708"
"325","325","0","2858.0","147.86006933456943"
"325","325","0","2860.0","147.8600693346463"
"325","325","0","2862.0","147.86006933551178"
"325","325","0","2864.0","147.86006933537053"
"325","325","0","2866.0","147.86006933606745"
"325","325","0","2868.0","147.8600693358176"
"325","325","0","2870.0","147.86006933600754"
"325","325","0","2872.0","147.86006933613731"
"325","325","0","2874.0","147.86006933593546"
"325","325","0","2876.0","147.86006933699827"
"325","325","0","2878.0","147.86006933704778"
"325","325","0","2880.0","147.86006933723132"
"325","325","0","2882.0","147.86006933674952"
"325","325","0","2884.0","147.86006933663793"
"325","325","0","2886.0","147.8600693370459"
"325","325","0","2888.0","147.86006933713793"
"325","325","0","2890.0","147.8600693370494"
"325","325","0","2892.0","147.8600693368204"
"325","325","0","2894.0","147.86006933652519"
"325","325","0","2896.0","147.86006933676254"
"325","325","0","2898.0","147.86006933695208"
"325","325","0","2900.0","147.86006933711917"
"325","325","0","2902.0","147.86006933693136"
"325","325","0","2904.0","147.86006933665"
"325","325","0","2906.0","147.86006933735382"
"325","325","0","2908.0","147.86006933731286"
"325","325","0","2910.0","147.8600693373255"
"325","325","0","2912.0","147.86006933752964"
"325","325","0","2914.0","147.86006933792893"
"325","325","0","2916.0","147.86006933800923"
"325","325","0","2918.0","147.8600693384136"
"325","325","0","2920.0","147.86006933877286"
"325","325","0","2922.0","147.86006933850769"
"325","325","0","2924.0","147.86006933798848"
"325","325","0","2926.0","147.86006933772592"
"325","325","0","2928.0","147.86006933772163"
"325","325","0","2930.0","147.8600693379582"
"325","325","0","2932.0","147.86006933787777"
"325","325","0","2934.0","147.86006933862342"
"325","325","0","2936.0","147.86006933889763"
"325","325","0","2938.0","147.86006933874975"
"325","325","0","2940.0","147.86006933904483"
"325","325","0","2942.0","147.8600693388834"
"325","325","0","2944.0","147.8600693385483"
"325","325","0","2946.0","147.8600693388819"
"325","325","0","2948.0","147.86006933841972"
"325","325","0","2950.0","147.86006933860273"
"325","325","0","2952.0","147.86006933889257"
"325","325","0","2954.0","147.86006933916806"
"325","325","0","2956.0","147.8600693391178"
"325","325","0","2958.0","147.8600693392091"
"325","325","0","2960.0","147.86006933899398"
"325","325","0","2962.0","147.8600693390531"
"325","325","0","2964.0","147.86006933850953"
"325","325","0","2966.0","147.86006933875876"
"325","325","0","2968.0","147.86006933877303"
"325","325","0","2970.0","147.86006933922403"
"325","325","0","2972.0","147.86006933966524"
"325","325","0","2974.0","147.86006933883985"
"325","325","0","2976.0","147.86006933837794"
"325","325","0","2978.0","147.86006933857345"
"325","325","0","2980.0","147.86006933820178"
"325","325","0","2982.0","147.86006933744875"
"325","325","0","2984.0","147.86006933709734"
"325","325","0","2986.0","147.86006933727663"
"325","325","0","2988.0","147.8600693375335"
"325","325","0","2990.0","147.86006933766103"
"325","325","0","2992.0","147.86006933784623"
"325","325","0","2994.0","147.8600693383774"
"325","325","0","2996.0","147.86006933852556"
"325","325","0","2998.0","147.860069338417"
"325","325","0","3000.0","147.86006933861924"
"325","325","0","3002.0","147.86006933906546"
"325","325","0","3004.0","147.8600693385658"
"325","325","0","3006.0","147.86006933840818"
"325","325","0","3008.0","147.860069338324"
"325","325","0","3010.0","147.86006933788653"
"325","325","0","3012.0","147.86006933793016"
"325","325","0","3014.0","147.86006933758432"
"325","325","0","3016.0","147.8600693374628"
"325","325","0","3018.0","147.8600693380493"
"325","325","0","3020.0","147.86006933783707"
"325","325","0","3022.0","147.86006933777344"
"325","325","0","3024.0","147.86006933818388"
"325","325","0","3026.0","147.86006933808557"
"325","325","0","3028.0","147.86006933764284"
"325","325","0","3030.0","147.86006933773135"
"325","325","0","3032.0","147.8600693373988"
"325","325","0","3034.0","147.86006933771844"
"325","325","0","3036.0","147.8600693372694"
"325","325","0","3038.0","147.8600693375535"
"325","325","0","3040.0","147.86006933741345"
"325","325","0","3042.0","147.8600693381053"
"325","325","0","3044.0","147.86006933841048"
"325","325","0","3046.0","147.8600693382695"
"325","325","0","3048.0","147.8600693386979"
"325","325","0","3050.0","147.86006933883118"
"325","325","0","3052.0","147.86006933890963"
"325","325","0","3054.0","147.8600693388405"
"325","325","0","3056.0","147.8600693387406"
"325","325","0","3058.0","147.86006933899478"
"325","325","0","3060.0","147.86006933895084"
"325","325","0","3062.0","147.86006933903576"
"325","325","0","3064.0","147.86006933928417"
"325","325","0","3066.0","147.86006933908803"
"325","325","0","3068.0","147.8600693390706"
"325","325","0","3070.0","147.8600693391184"
"325","325","0","3072.0","147.86006933921115"
"325","325","0","3074.0","147.86006933969105"
"325","325","0","3076.0","147.86006933986923"
"325","325","0","3078.0","147.8600693396493"
"325","325","0","3080.0","147.86006933981093"
"325","325","0","3082.0","147.8600693395413"
"325","325","0","3084.0","147.8600693396313"
"325","325","0","3086.0","147.86006933994446"
"325","325","0","3088.0","147.86006933961679"
"325","325","0","3090.0","147.86006933930855"
"325","325","0","3092.0","147.86006933915013"
"325","325","0","3094.0","147.86006933955977"
"325","325","0","3096.0","147.86006933943202"
"325","325","0","3098.0","147.86006933906623"
"325","325","0","3100.0","147.86006933892"
"325","325","0","3102.0","147.86006933887114"
"325","325","0","3104.0","147.86006933876536"
"325","325","0","3106.0","147.8600693392136"
"325","325","0","3108.0","147.8600693389813"
"325","325","0","3110.0","147.86006933869754"
"325","325","0","3112.0","147.8600693390981"
"325","325","0","3114.0","147.8600693389605"
"325","325","0","3116.0","147.86006933901828"
"325","325","0","3118.0","147.86006933839786"
"325","325","0","3120.0","147.86006933865087"
"325","325","0","3122.0","147.86006933900217"
"325","325","0","3124.0","147.8600693389874"
"325","325","0","3126.0","147.86006933882229"
"325","325","0","3128.0","147.86006933872915"
"325","325","0","3130.0","147.86006933800698"
"325","325","0","3132.0","147.86006933761627"
"325","325","0","3134.0","147.8600693375615"
"325","325","0","3136.0","147.86006933802847"
"325","325","0","3138.0","147.8600693378841"
"325","325","0","3140.0","147.86006933800158"
"325","325","0","3142.0","147.86006933796466"
"325","325","0","3144.0","147.86006933817828"
"325","325","0","3146.0","147.86006933798163"
"325","325","0","3148.0","147.86006933791805"
"325","325","0","3150.0","147.8600693380341"
"325","325","0","3152.0","147.86006933795275"
"325","325","0","3154.0","147.8600693381303"
"325","325","0","3156.0","147.86006933851647"
"325","325","0","3158.0","147.8600693383422"
"325","325","0","3160.0","147.86006933838138"
"325","325","0","3162.0","147.8600693385323"
"325","325","0","3164.0","147.8600693389034"
"325","325","0","3166.0","147.86006933914553"
"325","325","0","3168.0","147.86006933926774"
"325","325","0","3170.0","147.8600693391787"
"325","325","0","3172.0","147.86006933975347"
"325","325","0","3174.0","147.8600693397238"
"325","325","0","3176.0","147.86006933966289"
"325","325","0","3178.0","147.86006933936207"
"325","325","0","3180.0","147.8600693394517"
"325","325","0","3182.0","147.86006933929468"
"325","325","0","3184.0","147.86006933903386"
"325","325","0","3186.0","147.86006933956926"
"325","325","0","3188.0","147.8600693394519"
"325","325","0","3190.0","147.860069339678"
"325","325","0","3192.0","147.8600693397332"
"325","325","0","3194.0","147.86006933976032"
"325","325","0","3196.0","147.86006934028114"
"325","325","0","3198.0","147.86006934027472"
"325","325","0","3200.0","147.860069340825"
"325","325","0","3202.0","147.860069340861"
"325","325","0","3204.0","147.86006934140357"
"325","325","0","3206.0","147.86006934129384"
"325","325","0","3208.0","147.8600693413361"
"325","325","0","3210.0","147.8600693417863"
"325","325","0","3212.0","147.86006934168262"
"325","325","0","3214.0","147.86006934155762"
"325","325","0","3216.0","147.860069341572"
"325","325","0","3218.0","147.86006934167676"
"325","325","0","3220.0","147.86006934159832"
"325","325","0","3222.0","147.86006934175614"
"325","325","0","3224.0","147.86006934179431"
"325","325","0","3226.0","147.86006934179994"
"325","325","0","3228.0","147.8600693416121"
"325","325","0","3230.0","147.8600693418914"
"325","325","0","3232.0","147.86006934183018"
"325","325","0","3234.0","147.86006934198272"
"325","325","0","3236.0","147.86006934198826"
"325","325","0","3238.0","147.86006934184377"
"325","325","0","3240.0","147.86006934142011"
"325","325","0","3242.0","147.8600693412892"
"325","325","0","3244.0","147.86006934128585"
"325","325","0","3246.0","147.8600693416171"
"325","325","0","3248.0","147.86006934121664"
"325","325","0","3250.0","147.86006934144405"
"325","325","0","3252.0","147.86006934155"
"325","325","0","3254.0","147.8600693416229"
"325","325","0","3256.0","147.86006934124634"
"325","325","0","3258.0","147.86006934153008"
"325","325","0","3260.0","147.8600693412457"
"325","325","0","3262.0","147.86006934116114"
"325","325","0","3264.0","147.8600693419301"
"325","325","0","3266.0","147.86006934183393"
"325","325","0","3268.0","147.86006934166366"
"325","325","0","3270.0","147.86006934188865"
"325","325","0","3272.0","147.86006934144464"
"325","325","0","3274.0","147.86006934176783"
"325","325","0","3276.0","147.86006934200185"
"325","325","0","3278.0","147.860069342095"
"325","325","0","3280.0","147.86006934224588"
"325","325","0","3282.0","147.8600693422152"
"325","325","0","3284.0","147.86006934207646"
"325","325","0","3286.0","147.86006934159082"
"325","325","0","3288.0","147.86006934146226"
"325","325","0","3290.0","147.8600693414651"
"325","325","0","3292.0","147.86006934178806"
"325","325","0","3294.0","147.86006934170211"
"325","325","0","3296.0","147.86006934186827"
"325","325","0","3298.0","147.86006934207208"
"325","325","0","3300.0","147.86006934196672"
"325","325","0","3302.0","147.86006934181168"
"325","325","0","3304.0","147.86006934166323"
"325","325","0","3306.0","147.86006934152212"
"325","325","0","3308.0","147.86006934166247"
"325","325","0","3310.0","147.86006934190047"
"325","325","0","3312.0","147.86006934168822"
"325","325","0","3314.0","147.86006934167938"
"325","325","0","3316.0","147.86006934171155"
"325","325","0","3318.0","147.86006934139695"
"325","325","0","3320.0","147.86006934162322"
"325","325","0","3322.0","147.86006934174827"
"325","325","0","3324.0","147.86006934091517"
"325","325","0","3326.0","147.86006934196766"
"325","325","0","3328.0","147.86006934212867"
"325","325","0","3330.0","147.86006934217986"
"325","325","0","3332.0","147.8600693424485"
"325","325","0","3334.0","147.86006934233706"
"325","325","0","3336.0","147.86006934253984"
"325","325","0","3338.0","147.86006934250008"
"325","325","0","3340.0","147.86006934234157"
"325","325","0","3342.0","147.86006934226958"
"325","325","0","3344.0","147.86006934238176"
"325","325","0","3346.0","147.86006934192406"
"325","325","0","3348.0","147.86006934197692"
"325","325","0","3350.0","147.86006934216195"
"325","325","0","3352.0","147.86006934210516"
"325","325","0","3354.0","147.86006934239356"
"325","325","0","3356.0","147.8600693418408"
"325","325","0","3358.0","147.860069342318"
"325","325","0","3360.0","147.8600693422555"
"325","325","0","3362.0","147.8600693425553"
"325","325","0","3364.0","147.86006934246996"
"325","325","0","3366.0","147.86006934235314"
"325","325","0","3368.0","147.8600693423802"
"325","325","0","3370.0","147.86006934265038"
"325","325","0","3372.0","147.860069342586"
"325","325","0","3374.0","147.86006934226586"
"325","325","0","3376.0","147.8600693424318"
"325","325","0","3378.0","147.86006934221373"
"325","325","0","3380.0","147.8600693421916"
"325","325","0","3382.0","147.86006934191988"
"325","325","0","3384.0","147.86006934177848"
"325","325","0","3386.0","147.86006934170865"
"325","325","0","3388.0","147.8600693415899"
"325","325","0","3390.0","147.86006934166295"
"325","325","0","3392.0","147.86006934141284"
"325","325","0","3394.0","147.86006934155895"
"325","325","0","3396.0","147.86006934141182"
"325","325","0","3398.0","147.86006934171493"
"325","325","0","3400.0","147.8600693415374"
"325","325","0","3402.0","147.86006934153545"
"325","325","0","3404.0","147.86006934139914"
"325","325","0","3406.0","147.86006934123859"
"325","325","0","3408.0","147.8600693405032"
"325","325","0","3410.0","147.860069340766"
"325","325","0","3412.0","147.86006934099873"
"325","325","0","3414.0","147.86006934116955"
"325","325","0","3416.0","147.86006934131848"
"325","325","0","3418.0","147.86006934130094"
"325","325","0","3420.0","147.8600693413414"
"325","325","0","3422.0","147.860069341483"
"325","325","0","3424.0","147.86006934144345"
"325","325","0","3426.0","147.86006934122568"
"325","325","0","3428.0","147.86006934105666"
"325","325","0","3430.0","147.8600693410974"
"325","325","0","3432.0","147.8600693409354"
"325","325","0","3434.0","147.86006934086052"
"325","325","0","3436.0","147.86006934059043"
"325","325","0","3438.0","147.86006934052836"
"325","325","0","3440.0","147.8600693401954"
"325","325","0","3442.0","147.86006934065935"
"325","325","0","3444.0","147.86006934063013"
"325","325","0","3446.0","147.86006934061237"
"325","325","0","3448.0","147.86006934058423"
"325","325","0","3450.0","147.86006934052057"
"325","325","0","3452.0","147.8600693409293"
"325","325","0","3454.0","147.8600693407775"
"325","325","0","3456.0","147.86006934064085"
"325","325","0","3458.0","147.8600693407329"
"325","325","0","3460.0","147.8600693405575"
"325","325","0","3462.0","147.86006934072302"
"325","325","0","3464.0","147.8600693407229"
"325","325","0","3466.0","147.8600693408282"
"325","325","0","3468.0","147.8600693404385"
"325","325","0","3470.0","147.86006934058707"
"325","325","0","3472.0","147.86006934034984"
"325","325","0","3474.0","147.86006934045088"
"325","325","0","3476.0","147.86006934033423"
"325","325","0","3478.0","147.86006934081"
"325","325","0","3480.0","147.8600693406179"
"325","325","0","3482.0","147.86006934096028"
"325","325","0","3484.0","147.8600693412747"
"325","325","0","3486.0","147.8600693412907"
"325","325","0","3488.0","147.86006934125388"
"325","325","0","3490.0","147.86006934145246"
"325","325","0","3492.0","147.86006934143143"
"325","325","0","3494.0","147.86006934124902"
"325","325","0","3496.0","147.86006934110355"
"325","325","0","3498.0","147.86006934103173"
"325","325","0","3500.0","147.86006934091023"
"325","325","0","3502.0","147.8600693410705"
"325","325","0","3504.0","147.86006934097486"
"325","325","0","3506.0","147.8600693407358"
"325","325","0","3508.0","147.86006934072742"
"325","325","0","3510.0","147.86006934035242"
"325","325","0","3512.0","147.860069340208"
"325","325","0","3514.0","147.86006934014324"
"325","325","0","3516.0","147.8600693400099"
"325","325","0","3518.0","147.86006934015634"
"325","325","0","3520.0","147.86006934014992"
"325","325","0","3522.0","147.86006934035962"
"325","325","0","3524.0","147.86006934037502"
"325","325","0","3526.0","147.86006934094226"
"325","325","0","3528.0","147.86006934068956"
"325","325","0","3530.0","147.86006934097273"
"325","325","0","3532.0","147.8600693410237"
"325","325","0","3534.0","147.8600693409802"
"325","325","0","3536.0","147.86006934091586"
"325","325","0","3538.0","147.8600693409779"
"325","325","0","3540.0","147.86006934113283"
"325","325","0","3542.0","147.86006934137893"
"325","325","0","3544.0","147.86006934099345"
"325","325","0","3546.0","147.8600693409048"
"325","325","0","3548.0","147.8600693409402"
"325","325","0","3550.0","147.86006934097247"
"325","325","0","3552.0","147.86006934079438"
"325","325","0","3554.0","147.86006934088599"
"325","325","0","3556.0","147.86006934072478"
"325","325","0","3558.0","147.860069340779"
"325","325","0","3560.0","147.86006934115127"
"325","325","0","3562.0","147.86006934105612"
"325","325","0","3564.0","147.86006934112032"
"325","325","0","3566.0","147.86006934121457"
"325","325","0","3568.0","147.86006934127624"
"325","325","0","3570.0","147.86006934109665"
"325","325","0","3572.0","147.8600693411943"
"325","325","0","3574.0","147.86006934139525"
"325","325","0","3576.0","147.8600693412327"
"325","325","0","3578.0","147.86006934117074"
"325","325","0","3580.0","147.86006934128454"
"325","325","0","3582.0","147.86006934119277"
"325","325","0","3584.0","147.86006934137345"
"325","325","0","3586.0","147.8600692757307"
"325","325","0","3588.0","147.8600693410449"
"325","325","0","3590.0","147.86006934105285"
"325","325","0","3592.0","147.86006934063235"
"325","325","0","3594.0","147.8600693405914"
"325","325","0","3596.0","147.86006934062362"
"325","325","0","3598.0","147.86006934048297"
"325","325","0","3600.0","147.86006934019528"
"325","325","0","3602.0","147.86006933995276"
"325","325","0","3604.0","147.8600693402168"
"325","325","0","3606.0","147.86006934006096"
"325","325","0","3608.0","147.86006934019318"
"325","325","0","3610.0","147.86006934030087"
"325","325","0","3612.0","147.86006934017502"
"325","325","0","3614.0","147.86006934000912"
"325","325","0","3616.0","147.86006933995415"
"325","325","0","3618.0","147.86006933966485"
"325","325","0","3620.0","147.86006933981918"
"325","325","0","3622.0","147.86006933961184"
"325","325","0","3624.0","147.86006934011385"
"325","325","0","3626.0","147.86006934003808"
"325","325","0","3628.0","147.8600693402879"
"325","325","0","3630.0","147.8600693405"
"325","325","0","3632.0","147.86006934035527"
"325","325","0","3634.0","147.8600693402705"
"325","325","0","3636.0","147.86006934013716"
"325","325","0","3638.0","147.86006933992667"
"325","325","0","3640.0","147.86006933945512"
"325","325","0","3642.0","147.86006933934163"
"325","325","0","3644.0","147.86006933936034"
"325","325","0","3646.0","147.86006933930395"
"325","325","0","3648.0","147.8600693396533"
"325","325","0","3650.0","147.86006933963768"
"325","325","0","3652.0","147.86006933971638"
"325","325","0","3654.0","147.86006933972504"
"325","325","0","3656.0","147.86006933971692"
"325","325","0","3658.0","147.86006933973587"
"325","325","0","3660.0","147.86006933957245"
"325","325","0","3662.0","147.8600693395229"
"325","325","0","3664.0","147.86006933932654"
"325","325","0","3666.0","147.8600693394467"
"325","325","0","3668.0","147.8600693394459"
"325","325","0","3670.0","147.86006933944572"
"325","325","0","3672.0","147.860069339614"
"325","325","0","3674.0","147.8600693396098"
"325","325","0","3676.0","147.8600693394663"
"325","325","0","3678.0","147.86006933976492"
"325","325","0","3680.0","147.86006933971416"
"325","325","0","3682.0","147.86006933981628"
"325","325","0","3684.0","147.86006933981983"
"325","325","0","3686.0","147.8600693399804"
"325","325","0","3688.0","147.86006933991024"
"325","325","0","3690.0","147.8600693398589"
"325","325","0","3692.0","147.86006933982227"
"325","325","0","3694.0","147.8600693396068"
"325","325","0","3696.0","147.86006933974954"
"325","325","0","3698.0","147.8600693397002"
"325","325","0","3700.0","147.86006933979615"
"325","325","0","3702.0","147.86006933991493"
"325","325","0","3704.0","147.8600693401149"
"325","325","0","3706.0","147.86006933994906"
"325","325","0","3708.0","147.86006933991365"
"325","325","0","3710.0","147.86006933998652"
"325","325","0","3712.0","147.86006934001276"
"325","325","0","3714.0","147.86006934005303"
"325","325","0","3716.0","147.8600693401346"
"325","325","0","3718.0","147.86006934018758"
"325","325","0","3720.0","147.86006934047543"
"325","325","0","3722.0","147.86006934042567"
"325","325","0","3724.0","147.86006934051395"
"325","325","0","3726.0","147.8600693404441"
"325","325","0","3728.0","147.86006934054265"
"325","325","0","3730.0","147.86006934049595"
"325","325","0","3732.0","147.86006934055555"
"325","325","0","3734.0","147.86006934047415"
"325","325","0","3736.0","147.8600693402359"
"325","325","0","3738.0","147.86006934006883"
"325","325","0","3740.0","147.86006934036098"
"325","325","0","3742.0","147.86006934019431"
"325","325","0","3744.0","147.8600693400941"
"325","325","0","3746.0","147.86006927630103"
"325","325","0","3748.0","147.86006934013983"
"325","325","0","3750.0","147.86006934002384"
"325","325","0","3752.0","147.8600693405649"
"325","325","0","3754.0","147.8600693406429"
"325","325","0","3756.0","147.86006934041546"
"325","325","0","3758.0","147.86006934040827"
"325","325","0","3760.0","147.8600693405682"
"325","325","0","3762.0","147.86006934094956"
"325","325","0","3764.0","147.8600693408882"
"325","325","0","3766.0","147.86006934119564"
"325","325","0","3768.0","147.86006934124518"
"325","325","0","3770.0","147.86006934126"
"325","325","0","3772.0","147.86006934111967"
"325","325","0","3774.0","147.8600693415737"
"325","325","0","3776.0","147.86006934154307"
"325","325","0","3778.0","147.8600693413215"
"325","325","0","3780.0","147.860069341516"
"325","325","0","3782.0","147.86006934164038"
"325","325","0","3784.0","147.86006934167378"
"325","325","0","3786.0","147.8600693417218"
"325","325","0","3788.0","147.86006934183584"
"325","325","0","3790.0","147.86006934171172"
"325","325","0","3792.0","147.86006934155463"
"325","325","0","3794.0","147.8600693415463"
"325","325","0","3796.0","147.86006934154904"
"325","325","0","3798.0","147.86006934148756"
"325","325","0","3800.0","147.86006934157658"
"325","325","0","3802.0","147.86006934184894"
"325","325","0","3804.0","147.860069341793"
"325","325","0","3806.0","147.86006934191636"
"325","325","0","3808.0","147.86006934201728"
"325","325","0","3810.0","147.8600693420403"
"325","325","0","3812.0","147.86006934199514"
"325","325","0","3814.0","147.86006934215774"
"325","325","0","3816.0","147.8600693419799"
"325","325","0","3818.0","147.860069341984"
"325","325","0","3820.0","147.86006934186332"
"325","325","0","3822.0","147.86006934206443"
"325","325","0","3824.0","147.8600693420803"
"325","325","0","3826.0","147.86006934184618"
"325","325","0","3828.0","147.86006934181708"
"325","325","0","3830.0","147.86006934192102"
"325","325","0","3832.0","147.86006934194933"
"325","325","0","3834.0","147.8600693422167"
"325","325","0","3836.0","147.86006934236764"
"325","325","0","3838.0","147.8600693422852"
"325","325","0","3840.0","147.86006934235863"
"325","325","0","3842.0","147.86006934199307"
"325","325","0","3844.0","147.86006934180773"
"325","325","0","3846.0","147.86006934173847"
"325","325","0","3848.0","147.86006934175867"
"325","325","0","3850.0","147.86006934175649"
"325","325","0","3852.0","147.860069341852"
"325","325","0","3854.0","147.86006934182294"
"325","325","0","3856.0","147.86006934185394"
"325","325","0","3858.0","147.86006934218403"
"325","325","0","3860.0","147.8600693420573"
"325","325","0","3862.0","147.8600693419531"
"325","325","0","3864.0","147.86006934205457"
"325","325","0","3866.0","147.8600693419583"
"325","325","0","3868.0","147.8600693417637"
"325","325","0","3870.0","147.8600693419093"
"325","325","0","3872.0","147.8600693416665"
"325","325","0","3874.0","147.8600693416749"
"325","325","0","3876.0","147.86006934187182"
"325","325","0","3878.0","147.86006934185255"
"325","325","0","3880.0","147.86006934198255"
"325","325","0","3882.0","147.86006934204067"
"325","325","0","3884.0","147.8600693420843"
"325","325","0","3886.0","147.8600693422627"
"325","325","0","3888.0","147.86006934240186"
"325","325","0","3890.0","147.86006934227464"
"325","325","0","3892.0","147.8600693419842"
"325","325","0","3894.0","147.86006934181788"
"325","325","0","3896.0","147.86006934161787"
"325","325","0","3898.0","147.86006934186946"
"325","325","0","3900.0","147.86006934181208"
"325","325","0","3902.0","147.86006934200432"
"325","325","0","3904.0","147.86006934215217"
"325","325","0","3906.0","147.86006934209593"
"325","325","0","3908.0","147.8600693420529"
"325","325","0","3910.0","147.8600693419215"
"325","325","0","3912.0","147.8600693418599"
"325","325","0","3914.0","147.86006934190812"
"325","325","0","3916.0","147.8600693418945"
"325","325","0","3918.0","147.86006934184212"
"325","325","0","3920.0","147.86006934172048"
"325","325","0","3922.0","147.86006934187665"
"325","325","0","3924.0","147.8600693417733"
"325","325","0","3926.0","147.86006934183666"
"325","325","0","3928.0","147.860069341742"
"325","325","0","3930.0","147.86006934181873"
"325","325","0","3932.0","147.860069341808"
"325","325","0","3934.0","147.86006934190073"
"325","325","0","3936.0","147.86006934174756"
"325","325","0","3938.0","147.86006934173648"
"325","325","0","3940.0","147.8600693420305"
"325","325","0","3942.0","147.8600693420682"
"325","325","0","3944.0","147.86006934228868"
"325","325","0","3946.0","147.8600693423652"
"325","325","0","3948.0","147.8600693421938"
"325","325","0","3950.0","147.8600693422292"
"325","325","0","3952.0","147.86006934235178"
"325","325","0","3954.0","147.8600693424429"
"325","325","0","3956.0","147.86006934258768"
"325","325","0","3958.0","147.86006934278598"
"325","325","0","3960.0","147.86006934276563"
"325","325","0","3962.0","147.86006934277572"
"325","325","0","3964.0","147.86006934283017"
"325","325","0","3966.0","147.86006934293016"
"325","325","0","3968.0","147.86006934295273"
"325","325","0","3970.0","147.8600693429008"
"325","325","0","3972.0","147.8600693427732"
"325","325","0","3974.0","147.86006934282221"
"325","325","0","3976.0","147.8600693429917"
"325","325","0","3978.0","147.86006934310396"
"325","325","0","3980.0","147.86006934317876"
"325","325","0","3982.0","147.8600693430537"
"325","325","0","3984.0","147.86006934311808"
"325","325","0","3986.0","147.86006934307701"
"325","325","0","3988.0","147.8600693429122"
"325","325","0","3990.0","147.86006934293158"
"325","325","0","3992.0","147.86006934304083"
"325","325","0","3994.0","147.86006934300718"
"325","325","0","3996.0","147.860069343278"
"325","325","0","3998.0","147.8600693431006"
"325","325","0","4000.0","147.86006934311644"
"325","325","0","4002.0","147.86006934309071"
"325","325","0","4004.0","147.86006934308256"
"325","325","0","4006.0","147.86006934329006"
"325","325","0","4008.0","147.86006934302463"
"325","325","0","4010.0","147.86006934278234"
"325","325","0","4012.0","147.8600693426883"
"325","325","0","4014.0","147.86006934294272"
"325","325","0","4016.0","147.86006934310805"
"325","325","0","4018.0","147.86006934298533"
"325","325","0","4020.0","147.86006934283313"
"325","325","0","4022.0","147.86006934299218"
"325","325","0","4024.0","147.86006934295085"
"325","325","0","4026.0","147.86006934296302"
"325","325","0","4028.0","147.86006934304072"
"325","325","0","4030.0","147.8600693430264"
"325","325","0","4032.0","147.86006934309736"
"325","325","0","4034.0","147.86006934316865"
"325","325","0","4036.0","147.86006934313633"
"325","325","0","4038.0","147.8600693430575"
"325","325","0","4040.0","147.86006934313582"
"325","325","0","4042.0","147.86006934297387"
"325","325","0","4044.0","147.86006934311357"
"325","325","0","4046.0","147.86006934290802"
"325","325","0","4048.0","147.86006934277012"
"325","325","0","4050.0","147.8600693429356"
"325","325","0","4052.0","147.86006934284325"
"325","325","0","4054.0","147.86006934286473"
"325","325","0","4056.0","147.8600693429048"
"325","325","0","4058.0","147.86006934282932"
"325","325","0","4060.0","147.86006934292084"
"325","325","0","4062.0","147.8600693428061"
"325","325","0","4064.0","147.86006934300724"
"325","325","0","4066.0","147.86006934294826"
"325","325","0","4068.0","147.860069342981"
"325","325","0","4070.0","147.86006934294198"
"325","325","0","4072.0","147.8600693428867"
"325","325","0","4074.0","147.8600693427898"
"325","325","0","4076.0","147.86006934283185"
"325","325","0","4078.0","147.86006934279243"
"325","325","0","4080.0","147.8600693427583"
"325","325","0","4082.0","147.86006934277484"
"325","325","0","4084.0","147.86006934275966"
"325","325","0","4086.0","147.8600693426965"
"325","325","0","4088.0","147.86006934284762"
"325","325","0","4090.0","147.86006934293454"
"325","325","0","4092.0","147.86006934299752"
"325","325","0","4094.0","147.8600693430971"
"325","325","0","4096.0","147.86006934323274"
"325","325","0","4098.0","147.86006934341637"
"325","325","0","4100.0","147.86006934335387"
"325","325","0","4102.0","147.8600693435199"
"325","325","0","4104.0","147.86006934370076"
"325","325","0","4106.0","147.86006934372588"
"325","325","0","4108.0","147.86006934383747"
"325","325","0","4110.0","147.8600693439039"
"325","325","0","4112.0","147.86006934386648"
"325","325","0","4114.0","147.8600693438662"
"325","325","0","4116.0","147.86006934382397"
"325","325","0","4118.0","147.86006934359963"
"325","325","0","4120.0","147.86006934377235"
"325","325","0","4122.0","147.86006934375422"
"325","325","0","4124.0","147.86006934369206"
"325","325","0","4126.0","147.86006934385296"
"325","325","0","4128.0","147.8600693437802"
"325","325","0","4130.0","147.8600693438738"
"325","325","0","4132.0","147.8600693438148"
"325","325","0","4134.0","147.86006934381797"
"325","325","0","4136.0","147.8600693438234"
"325","325","0","4138.0","147.860069343783"
"325","325","0","4140.0","147.86006934369976"
"325","325","0","4142.0","147.86006934380816"
"325","325","0","4144.0","147.86006934398753"
"325","325","0","4146.0","147.86006934401922"
"325","325","0","4148.0","147.8600693438832"
"325","325","0","4150.0","147.8600693439057"
"325","325","0","4152.0","147.86006934389414"
"325","325","0","4154.0","147.8600693439072"
"325","325","0","4156.0","147.860069343905"
"325","325","0","4158.0","147.86006934387783"
"325","325","0","4160.0","147.8600693438575"
"325","325","0","4162.0","147.8600693440115"
"325","325","0","4164.0","147.86006934407837"
"325","325","0","4166.0","147.860069343928"
"325","325","0","4168.0","147.86006934394504"
"325","325","0","4170.0","147.86006934387513"
"325","325","0","4172.0","147.86006934383713"
"325","325","0","4174.0","147.8600693437237"
"325","325","0","4176.0","147.86006934360674"
"325","325","0","4178.0","147.8600693436315"
"325","325","0","4180.0","147.86006934353384"
"325","325","0","4182.0","147.86006934357601"
"325","325","0","4184.0","147.86006934350385"
"325","325","0","4186.0","147.8600693433863"
"325","325","0","4188.0","147.86006934328955"
"325","325","0","4190.0","147.86006934330314"
"325","325","0","4192.0","147.8600693435655"
"325","325","0","4194.0","147.86006934352758"
"325","325","0","4196.0","147.86006934347438"
"325","325","0","4198.0","147.86006934342524"
"325","325","0","4200.0","147.8600693434221"
"325","325","0","4202.0","147.8600693435844"
"325","325","0","4204.0","147.86006934367126"
"325","325","0","4206.0","147.8600693436034"
"325","325","0","4208.0","147.860069343639"
"325","325","0","4210.0","147.86006934370172"
"325","325","0","4212.0","147.86006934367242"
"325","325","0","4214.0","147.86006934373304"
"325","325","0","4216.0","147.86006934371161"
"325","325","0","4218.0","147.8600693437891"
"325","325","0","4220.0","147.8600693438293"
"325","325","0","4222.0","147.8600693439114"
"325","325","0","4224.0","147.86006934394155"
"325","325","0","4226.0","147.86006934391284"
"325","325","0","4228.0","147.8600693439252"
"325","325","0","4230.0","147.8600693441044"
"325","325","0","4232.0","147.86006934405032"
"325","325","0","4234.0","147.8600693441085"
"325","325","0","4236.0","147.8600693440899"
"325","325","0","4238.0","147.86006934407789"
"325","325","0","4240.0","147.8600693441741"
"325","325","0","4242.0","147.86006934435179"
"325","325","0","4244.0","147.86006934442455"
"325","325","0","4246.0","147.86006934429682"
"325","325","0","4248.0","147.86006934429437"
"325","325","0","4250.0","147.86006934441477"
"325","325","0","4252.0","147.86006934441403"
"325","325","0","4254.0","147.86006934449438"
"325","325","0","4256.0","147.86006934445052"
"325","325","0","4258.0","147.86006934445368"
"325","325","0","4260.0","147.86006934450143"
"325","325","0","4262.0","147.8600693446404"
"325","325","0","4264.0","147.86006934482472"
"325","325","0","4266.0","147.86006934495703"
"325","325","0","4268.0","147.8600693448946"
"325","325","0","4270.0","147.86006934496675"
"325","325","0","4272.0","147.86006934501455"
"325","325","0","4274.0","147.86006934501088"
"325","325","0","4276.0","147.8600693451218"
"325","325","0","4278.0","147.86006934514938"
"325","325","0","4280.0","147.8600693451635"
"325","325","0","4282.0","147.8600693451852"
"325","325","0","4284.0","147.86006934505258"
"325","325","0","4286.0","147.8600693451067"
"325","325","0","4288.0","147.86006934498505"
"325","325","0","4290.0","147.86006934499306"
"325","325","0","4292.0","147.8600693448989"
"325","325","0","4294.0","147.86006934491002"
"325","325","0","4296.0","147.8600693448893"
"325","325","0","4298.0","147.86006934483942"
"325","325","0","4300.0","147.8600693448553"
"325","325","0","4302.0","147.86006934488964"
"325","325","0","4304.0","147.8600693450441"
"325","325","0","4306.0","147.86006934502348"
"325","325","0","4308.0","147.86006934508714"
"325","325","0","4310.0","147.86006934492235"
"325","325","0","4312.0","147.8600693449536"
"325","325","0","4314.0","147.86006934487585"
"325","325","0","4316.0","147.86006934489774"
"325","325","0","4318.0","147.8600693448755"
"325","325","0","4320.0","147.8600693449894"
"325","325","0","4322.0","147.86006934520057"
"325","325","0","4324.0","147.86006934519247"
"325","325","0","4326.0","147.8600693451966"
"325","325","0","4328.0","147.86006934530695"
"325","325","0","4330.0","147.86006934521188"
"325","325","0","4332.0","147.86006934527546"
"325","325","0","4334.0","147.86006934515092"
"325","325","0","4336.0","147.8600693451906"
"325","325","0","4338.0","147.86006934518602"
"325","325","0","4340.0","147.86006934502345"
"325","325","0","4342.0","147.8600693450201"
"325","325","0","4344.0","147.86006934500796"
"325","325","0","4346.0","147.86006934514793"
"325","325","0","4348.0","147.86006934520663"
"325","325","0","4350.0","147.86006934519202"
"325","325","0","4352.0","147.86006934528268"
"325","325","0","4354.0","147.86006934528578"
"325","325","0","4356.0","147.8600693451526"
"325","325","0","4358.0","147.86006934516848"
"325","325","0","4360.0","147.86006934524576"
"325","325","0","4362.0","147.86006934525926"
"325","325","0","4364.0","147.8600693452358"
"325","325","0","4366.0","147.86006934522928"
"325","325","0","4368.0","147.86006934527637"
"325","325","0","4370.0","147.86006934531946"
"325","325","0","4372.0","147.8600693452304"
"325","325","0","4374.0","147.86006934530266"
"325","325","0","4376.0","147.86006934531088"
"325","325","0","4378.0","147.86006934541922"
"325","325","0","4380.0","147.8600693453547"
"325","325","0","4382.0","147.8600693455163"
"325","325","0","4384.0","147.86006934556752"
"325","325","0","4386.0","147.8600693456292"
"325","325","0","4388.0","147.86006934557608"
"325","325","0","4390.0","147.8600693455746"
"325","325","0","4392.0","147.8600693456829"
"325","325","0","4394.0","147.86006934550343"
"325","325","0","4396.0","147.86006934549758"
"325","325","0","4398.0","147.86006934552756"
"325","325","0","4400.0","147.8600693454864"
"325","325","0","4402.0","147.86006934558077"
"325","325","0","4404.0","147.8600693455546"
"325","325","0","4406.0","147.86006934562852"
"325","325","0","4408.0","147.8600693457219"
"325","325","0","4410.0","147.86006934567487"
"325","325","0","4412.0","147.8600693457686"
"325","325","0","4414.0","147.8600693459418"
"325","325","0","4416.0","147.86006934591646"
"325","325","0","4418.0","147.86006934592322"
"325","325","0","4420.0","147.86006934598265"
"325","325","0","4422.0","147.86006934602983"
"325","325","0","4424.0","147.86006934602406"
"325","325","0","4426.0","147.86006934604708"
"325","325","0","4428.0","147.86006934613437"
"325","325","0","4430.0","147.86006934608267"
"325","325","0","4432.0","147.86006934608852"
"325","325","0","4434.0","147.8600693461049"
"325","325","0","4436.0","147.8600693461345"
"325","325","0","4438.0","147.86006934607857"
"325","325","0","4440.0","147.86006934610205"
"325","325","0","4442.0","147.86006934623092"
"325","325","0","4444.0","147.86006934629538"
"325","325","0","4446.0","147.86006934630677"
"325","325","0","4448.0","147.86006934618462"
"325","325","0","4450.0","147.86006934611262"
"325","325","0","4452.0","147.86006934606783"
"325","325","0","4454.0","147.86006934612155"
"325","325","0","4456.0","147.8600693460724"
"325","325","0","4458.0","147.86006934621352"
"325","325","0","4460.0","147.860069346094"
"325","325","0","4462.0","147.86006934622853"
"325","325","0","4464.0","147.8600693463184"
"325","325","0","4466.0","147.8600693462937"
"325","325","0","4468.0","147.8600693463427"
"325","325","0","4470.0","147.86006934643783"
"325","325","0","4472.0","147.86006934643393"
"325","325","0","4474.0","147.86006934643575"
"325","325","0","4476.0","147.86006934649993"
"325","325","0","4478.0","147.86006934651172"
"325","325","0","4480.0","147.86006934648123"
"325","325","0","4482.0","147.86006934664962"
"325","325","0","4484.0","147.86006934674378"
"325","325","0","4486.0","147.86006934672534"
"325","325","0","4488.0","147.8600693466953"
"325","325","0","4490.0","147.86006934668342"
"325","325","0","4492.0","147.86006934665653"
"325","325","0","4494.0","147.8600693467552"
"325","325","0","4496.0","147.8600693467294"
"325","325","0","4498.0","147.86006934678605"
"325","325","0","4500.0","147.86006934679722"
"325","325","0","4502.0","147.86006934680762"
"325","325","0","4504.0","147.86006934682763"
"325","325","0","4506.0","147.86006934691372"
"325","325","0","4508.0","147.86006934688675"
"325","325","0","4510.0","147.86006934696056"
"325","325","0","4512.0","147.86006934701874"
"325","325","0","4514.0","147.8600693469768"
"325","325","0","4516.0","147.86006934699267"
"325","325","0","4518.0","147.86006934700183"
"325","325","0","4520.0","147.86006934700606"
"325","325","0","4522.0","147.86006934697383"
"325","325","0","4524.0","147.8600693469587"
"325","325","0","4526.0","147.86006934692537"
"325","325","0","4528.0","147.86006934704534"
"325","325","0","4530.0","147.86006934701626"
"325","325","0","4532.0","147.86006934703562"
"325","325","0","4534.0","147.86006934694953"
"325","325","0","4536.0","147.86006934698608"
"325","325","0","4538.0","147.8600693470815"
"325","325","0","4540.0","147.86006934720695"
"325","325","0","4542.0","147.8600693471502"
"325","325","0","4544.0","147.86006934717528"
"325","325","0","4546.0","147.86006934717855"
"325","325","0","4548.0","147.8600693471122"
"325","325","0","4550.0","147.86006934708263"
"325","325","0","4552.0","147.8600693471076"
"325","325","0","4554.0","147.8600693470866"
"325","325","0","4556.0","147.86006934719074"
"325","325","0","4558.0","147.86006934714135"
"325","325","0","4560.0","147.8600693470837"
"325","325","0","4562.0","147.86006934706586"
"325","325","0","4564.0","147.860069347088"
"325","325","0","4566.0","147.86006934711986"
"325","325","0","4568.0","147.86006934712833"
"325","325","0","4570.0","147.86006934713717"
"325","325","0","4572.0","147.86006934718105"
"325","325","0","4574.0","147.8600693471362"
"325","325","0","4576.0","147.86006934714374"
"325","325","0","4578.0","147.8600693471206"
"325","325","0","4580.0","147.86006934705367"
"325","325","0","4582.0","147.86006934705878"
"325","325","0","4584.0","147.8600693470656"
"325","325","0","4586.0","147.8600693470702"
"325","325","0","4588.0","147.86006934699273"
"325","325","0","4590.0","147.86006934695843"
"325","325","0","4592.0","147.86006934691835"
"325","325","0","4594.0","147.86006934686492"
"325","325","0","4596.0","147.86006934686264"
"325","325","0","4598.0","147.86006934685298"
"325","325","0","4600.0","147.8600693468233"
"325","325","0","4602.0","147.86006934693833"
"325","325","0","4604.0","147.86006934694493"
"325","325","0","4606.0","147.86006934703803"
"325","325","0","4608.0","147.86006934708075"
"325","325","0","4610.0","147.86006934717048"
"325","325","0","4612.0","147.86006934708706"
"325","325","0","4614.0","147.8600693471581"
"325","325","0","4616.0","147.8600693471053"
"325","325","0","4618.0","147.8600693471656"
"325","325","0","4620.0","147.86006934721104"
"325","325","0","4622.0","147.86006934713666"
"325","325","0","4624.0","147.86006934713404"
"325","325","0","4626.0","147.8600693472115"
"325","325","0","4628.0","147.860069347242"
"325","325","0","4630.0","147.86006934718597"
"325","325","0","4632.0","147.8600693471444"
"325","325","0","4634.0","147.86006934712404"
"325","325","0","4636.0","147.86006934717236"
"325","325","0","4638.0","147.86006934709465"
"325","325","0","4640.0","147.86006934706438"
"325","325","0","4642.0","147.8600693471597"
"325","325","0","4644.0","147.86006934717193"
"325","325","0","4646.0","147.86006934717705"
"325","325","0","4648.0","147.860069347182"
"325","325","0","4650.0","147.86006934719558"
"325","325","0","4652.0","147.86006934720703"
"325","325","0","4654.0","147.86006934717474"
"325","325","0","4656.0","147.86006934722735"
"325","325","0","4658.0","147.86006934726518"
"325","325","0","4660.0","147.8600693472574"
"325","325","0","4662.0","147.8600693472299"
"325","325","0","4664.0","147.86006934723537"
"325","325","0","4666.0","147.8600693473238"
"325","325","0","4668.0","147.86006934732185"
"325","325","0","4670.0","147.86006934732333"
"325","325","0","4672.0","147.86006934728323"
"325","325","0","4674.0","147.86006934731932"
"325","325","0","4676.0","147.8600693473196"
"325","325","0","4678.0","147.8600693473145"
"325","325","0","4680.0","147.86006934732706"
"325","325","0","4682.0","147.86006934731054"
"325","325","0","4684.0","147.860069347296"
"325","325","0","4686.0","147.86006934721837"
"325","325","0","4688.0","147.86006934719668"
"325","325","0","4690.0","147.86006934707189"
"325","325","0","4692.0","147.86006934708655"
"325","325","0","4694.0","147.86006934721033"
"325","325","0","4696.0","147.8600693472136"
"325","325","0","4698.0","147.86006934723255"
"325","325","0","4700.0","147.86006934731464"
"325","325","0","4702.0","147.86006934735863"
"325","325","0","4704.0","147.86006934745222"
"325","325","0","4706.0","147.86006934749582"
"325","325","0","4708.0","147.8600693473513"
"325","325","0","4710.0","147.86006934734343"
"325","325","0","4712.0","147.86006934734502"
"325","325","0","4714.0","147.8600693472983"
"325","325","0","4716.0","147.86006934734576"
"325","325","0","4718.0","147.86006934736452"
"325","325","0","4720.0","147.86006934732805"
"325","325","0","4722.0","147.86006934732956"
"325","325","0","4724.0","147.86006934739035"
"325","325","0","4726.0","147.8600693473352"
"325","325","0","4728.0","147.86006934730278"
"325","325","0","4730.0","147.86006934726987"
"325","325","0","4732.0","147.86006934730113"
"325","325","0","4734.0","147.8600693473842"
"325","325","0","4736.0","147.86006934737003"
"325","325","0","4738.0","147.86006934732617"
"325","325","0","4740.0","147.8600693473577"
"325","325","0","4742.0","147.86006934734212"
"325","325","0","4744.0","147.86006934739052"
"325","325","0","4746.0","147.86006934742537"
"325","325","0","4748.0","147.8600693474441"
"325","325","0","4750.0","147.860069284415"
"325","325","0","4752.0","147.86006934736798"
"325","325","0","4754.0","147.8600693473888"
"325","325","0","4756.0","147.86006934737188"
"325","325","0","4758.0","147.86006934736486"
"325","325","0","4760.0","147.86006934725037"
"325","325","0","4762.0","147.8600693472695"
"325","325","0","4764.0","147.86006934729147"
"325","325","0","4766.0","147.86006934728775"
"325","325","0","4768.0","147.86006934731387"
"325","325","0","4770.0","147.8600693473499"
"325","325","0","4772.0","147.8600693473682"
"325","325","0","4774.0","147.86006934730725"
"325","325","0","4776.0","147.86006934733823"
"325","325","0","4778.0","147.86006934742196"
"325","325","0","4780.0","147.8600693473924"
"325","325","0","4782.0","147.86006934738876"
"325","325","0","4784.0","147.86006934740917"
"325","325","0","4786.0","147.8600693474499"
"325","325","0","4788.0","147.86006934749722"
"325","325","0","4790.0","147.86006934758322"
"325","325","0","4792.0","147.8600693475994"
"325","325","0","4794.0","147.86006934762537"
"325","325","0","4796.0","147.86006934768486"
"325","325","0","4798.0","147.86006934764106"
"325","325","0","4800.0","147.86006934765206"
"325","325","0","4802.0","147.8600693476595"
"325","325","0","4804.0","147.860069347685"
"325","325","0","4806.0","147.86006934763816"
"325","325","0","4808.0","147.86006934763765"
"325","325","0","4810.0","147.86006934765885"
"325","325","0","4812.0","147.8600693475899"
"325","325","0","4814.0","147.860069347608"
"325","325","0","4816.0","147.86006934759058"
"325","325","0","4818.0","147.8600693475652"
"325","325","0","4820.0","147.8600693476053"
"325","325","0","4822.0","147.86006934769242"
"325","325","0","4824.0","147.8600693477012"
"325","325","0","4826.0","147.86006934765172"
"325","325","0","4828.0","147.8600693476941"
"325","325","0","4830.0","147.8600693477164"
"325","325","0","4832.0","147.86006934776236"
"325","325","0","4834.0","147.86006934777103"
"325","325","0","4836.0","147.86006934770109"
"325","325","0","4838.0","147.86006934766783"
"325","325","0","4840.0","147.86006934769492"
"325","325","0","4842.0","147.86006934761744"
"325","325","0","4844.0","147.86006934758564"
"325","325","0","4846.0","147.8600693476277"
"325","325","0","4848.0","147.8600693476743"
"325","325","0","4850.0","147.86006934766095"
"325","325","0","4852.0","147.8600693477"
"325","325","0","4854.0","147.8600693476838"
"325","325","0","4856.0","147.8600693477073"
"325","325","0","4858.0","147.86006934769858"
"325","325","0","4860.0","147.86006934767798"
"325","325","0","4862.0","147.8600693476651"
"325","325","0","4864.0","147.86006934761818"
"325","325","0","4866.0","147.8600693476891"
"325","325","0","4868.0","147.86006934764987"
"325","325","0","4870.0","147.86006934768375"
"325","325","0","4872.0","147.86006934767715"
"325","325","0","4874.0","147.8600693476561"
"325","325","0","4876.0","147.86006934770552"
"325","325","0","4878.0","147.8600693477329"
"325","325","0","4880.0","147.86006934770748"
"325","325","0","4882.0","147.8600693477394"
"325","325","0","4884.0","147.86006934780474"
"325","325","0","4886.0","147.86006934790117"
"325","325","0","4888.0","147.86006934790208"
"325","325","0","4890.0","147.86006934789913"
"325","325","0","4892.0","147.86006934787943"
"325","325","0","4894.0","147.86006934783742"
"325","325","0","4896.0","147.86006934785263"
"325","325","0","4898.0","147.86006934782625"
"325","325","0","4900.0","147.86006934779834"
"325","325","0","4902.0","147.8600693478424"
"325","325","0","4904.0","147.8600693478754"
"325","325","0","4906.0","147.86006934785354"
"325","325","0","4908.0","147.86006934790382"
"325","325","0","4910.0","147.8600693478897"
"325","325","0","4912.0","147.8600693479295"
"325","325","0","4914.0","147.86006934788733"
"325","325","0","4916.0","147.8600693479494"
"325","325","0","4918.0","147.8600693479456"
"325","325","0","4920.0","147.86006934793454"
"325","325","0","4922.0","147.86006934787056"
"325","325","0","4924.0","147.8600693479172"
"325","325","0","4926.0","147.86006934793093"
"325","325","0","4928.0","147.860069347922"
"325","325","0","4930.0","147.86006934792127"
"325","325","0","4932.0","147.8600693478719"
"325","325","0","4934.0","147.8600693478624"
"325","325","0","4936.0","147.86006934791413"
"325","325","0","4938.0","147.86006934791544"
"325","325","0","4940.0","147.860069347964"
"325","325","0","4942.0","147.86006934800344"
"325","325","0","4944.0","147.86006934805656"
"325","325","0","4946.0","147.86006934799397"
"325","325","0","4948.0","147.86006934800423"
"325","325","0","4950.0","147.86006934802293"
"325","325","0","4952.0","147.86006934802458"
"325","325","0","4954.0","147.8600693480445"
"325","325","0","4956.0","147.86006934806397"
"325","325","0","4958.0","147.86006934803464"
"325","325","0","4960.0","147.8600693480553"
"325","325","0","4962.0","147.86006934805104"
"325","325","0","4964.0","147.86006934806997"
"325","325","0","4966.0","147.86006934813156"
"325","325","0","4968.0","147.8600693481421"
"325","325","0","4970.0","147.86006934810547"
"325","325","0","4972.0","147.86006934808154"
"325","325","0","4974.0","147.86006934806758"
"325","325","0","4976.0","147.86006934813673"
"325","325","0","4978.0","147.86006934814074"
"325","325","0","4980.0","147.8600693481568"
"325","325","0","4982.0","147.8600693481542"
"325","325","0","4984.0","147.86006934815356"
"325","325","0","4986.0","147.86006934817254"
"325","325","0","4988.0","147.86006934820887"
"325","325","0","4990.0","147.86006934819838"
"325","325","0","4992.0","147.86006934819085"
"325","325","0","4994.0","147.86006934819554"
"325","325","0","4996.0","147.86006934816606"
"325","325","0","4998.0","147.86006934822856"
"325","325","0","5000.0","147.86006934818153"
"325","325","0","5002.0","147.8600693482341"
"325","325","0","5004.0","147.86006934825227"
"325","325","0","5006.0","147.8600693482488"
"325","325","0","5008.0","147.8600693482711"
"325","325","0","5010.0","147.86006934828535"
"325","325","0","5012.0","147.86006934823985"
"325","325","0","5014.0","147.86006934825684"
"325","325","0","5016.0","147.86006934825582"
"325","325","0","5018.0","147.8600693482695"
"325","325","0","5020.0","147.86006934825986"
"325","325","0","5022.0","147.860069348257"
"325","325","0","5024.0","147.86006934828436"
"325","325","0","5026.0","147.86006934825258"
"325","325","0","5028.0","147.8600693482601"
"325","325","0","5030.0","147.86006934826182"
"325","325","0","5032.0","147.86006934820205"
"325","325","0","5034.0","147.86006934822908"
"325","325","0","5036.0","147.86006934825173"
"325","325","0","5038.0","147.86006934825159"
"325","325","0","5040.0","147.86006934825315"
"325","325","0","5042.0","147.86006934825986"
"325","325","0","5044.0","147.86006934824692"
"325","325","0","5046.0","147.86006934817505"
"325","325","0","5048.0","147.86006934816433"
"325","325","0","5050.0","147.86006934820256"
"325","325","0","5052.0","147.8600693481755"
"325","325","0","5054.0","147.86006934817667"
"325","325","0","5056.0","147.86006934813287"
"325","325","0","5058.0","147.86006934814088"
"325","325","0","5060.0","147.8600693481478"
"325","325","0","5062.0","147.86006934814628"
"325","325","0","5064.0","147.86006934818937"
"325","325","0","5066.0","147.8600693481403"
"325","325","0","5068.0","147.86006934814685"
"325","325","0","5070.0","147.8600693480525"
"325","325","0","5072.0","147.86006934804004"
"325","325","0","5074.0","147.86006934800645"
"325","325","0","5076.0","147.86006934798903"
"325","325","0","5078.0","147.8600693480092"
"325","325","0","5080.0","147.86006934802234"
"325","325","0","5082.0","147.86006934802597"
"325","325","0","5084.0","147.86006934793812"
"325","325","0","5086.0","147.86006934799389"
"325","325","0","5088.0","147.8600693480391"
"325","325","0","5090.0","147.86006934813952"
"325","325","0","5092.0","147.86006934815597"
"325","325","0","5094.0","147.8600693481482"
"325","325","0","5096.0","147.86006934813034"
"325","325","0","5098.0","147.86006934805792"
"325","325","0","5100.0","147.86006934806906"
"325","325","0","5102.0","147.86006934807287"
"325","325","0","5104.0","147.8600693480282"
"325","325","0","5106.0","147.86006934796953"
"325","325","0","5108.0","147.8600693479898"
"325","325","0","5110.0","147.86006934794258"
"325","325","0","5112.0","147.86006934791052"
"325","325","0","5114.0","147.8600693479023"
"325","325","0","5116.0","147.86006934789265"
"325","325","0","5118.0","147.8600693478997"
"325","325","0","5120.0","147.8600693479176"
"325","325","0","5122.0","147.86006934790106"
"325","325","0","5124.0","147.86006934787588"
"325","325","0","5126.0","147.86006934787244"
"325","325","0","5128.0","147.8600693478215"
"325","325","0","5130.0","147.86006934782452"
"325","325","0","5132.0","147.86006934784422"
"325","325","0","5134.0","147.86006934784422"
"325","325","0","5136.0","147.86006934786374"
"325","325","0","5138.0","147.86006934782915"
"325","325","0","5140.0","147.8600693479076"
"325","325","0","5142.0","147.8600693478937"
"325","325","0","5144.0","147.86006934789145"
"325","325","0","5146.0","147.86006934793053"
"325","325","0","5148.0","147.86006934794048"
"325","325","0","5150.0","147.86006934798021"
"325","325","0","5152.0","147.8600693479999"
"325","325","0","5154.0","147.8600693479757"
"325","325","0","5156.0","147.8600693480026"
"325","325","0","5158.0","147.86006934801782"
"325","325","0","5160.0","147.86006934804556"
"325","325","0","5162.0","147.86006934806213"
"325","325","0","5164.0","147.8600693480667"
"325","325","0","5166.0","147.86006934805644"
"325","325","0","5168.0","147.8600693481241"
"325","325","0","5170.0","147.86006934815074"
"325","325","0","5172.0","147.86006934818522"
"325","325","0","5174.0","147.86006934816484"
"325","325","0","5176.0","147.86006934818988"
"325","325","0","5178.0","147.86006934823493"
"325","325","0","5180.0","147.86006934824664"
"325","325","0","5182.0","147.86006934823362"
"325","325","0","5184.0","147.86006934826176"
"325","325","0","5186.0","147.86006934827395"
"325","325","0","5188.0","147.8600693482755"
"325","325","0","5190.0","147.86006934827208"
"325","325","0","5192.0","147.86006934826065"
"325","325","0","5194.0","147.8600693482465"
"325","325","0","5196.0","147.86006934822683"
"325","325","0","5198.0","147.8600693481996"
"325","325","0","5200.0","147.86006934820443"
"325","325","0","5202.0","147.8600693482126"
"325","325","0","5204.0","147.8600693482306"
"325","325","0","5206.0","147.86006934825235"
"325","325","0","5208.0","147.8600693482799"
"325","325","0","5210.0","147.86006934830033"
"325","325","0","5212.0","147.86006934829905"
"325","325","0","5214.0","147.8600693482742"
"325","325","0","5216.0","147.8600693482755"
"325","325","0","5218.0","147.8600693482997"
"325","325","0","5220.0","147.86006934828387"
"325","325","0","5222.0","147.8600693483057"
"325","325","0","5224.0","147.86006934831192"
"325","325","0","5226.0","147.8600693482887"
"325","325","0","5228.0","147.8600693483392"
"325","325","0","5230.0","147.8600693483299"
"325","325","0","5232.0","147.86006934833208"
"325","325","0","5234.0","147.8600693483452"
"325","325","0","5236.0","147.8600693483468"
"325","325","0","5238.0","147.86006934837246"
"325","325","0","5240.0","147.86006934833"
"325","325","0","5242.0","147.86006934834987"
"325","325","0","5244.0","147.8600693483022"
"325","325","0","5246.0","147.86006934830996"
"325","325","0","5248.0","147.86006934829206"
"325","325","0","5250.0","147.86006934829314"
"325","325","0","5252.0","147.86006934831343"
"325","325","0","5254.0","147.86006934837215"
"325","325","0","5256.0","147.8600693484238"
"325","325","0","5258.0","147.8600693484529"
"325","325","0","5260.0","147.86006934844968"
"325","325","0","5262.0","147.86006934841876"
"325","325","0","5264.0","147.860069348413"
"325","325","0","5266.0","147.86006934843505"
"325","325","0","5268.0","147.86006934843653"
"325","325","0","5270.0","147.86006934843738"
"325","325","0","5272.0","147.86006934842726"
"325","325","0","5274.0","147.86006934842035"
"325","325","0","5276.0","147.86006934847185"
"325","325","0","5278.0","147.8600693484635"
"325","325","0","5280.0","147.86006934843005"
"325","325","0","5282.0","147.86006934844198"
"325","325","0","5284.0","147.86006934841535"
"325","325","0","5286.0","147.86006934844318"
"325","325","0","5288.0","147.8600693484246"
"325","325","0","5290.0","147.86006934843678"
"325","325","0","5292.0","147.86006934843812"
"325","325","0","5294.0","147.8600693484064"
"325","325","0","5296.0","147.86006934843545"
"325","325","0","5298.0","147.86006934845156"
"325","325","0","5300.0","147.86006934849678"
"325","325","0","5302.0","147.8600693484565"
"325","325","0","5304.0","147.8600693484419"
"325","325","0","5306.0","147.8600693485185"
"325","325","0","5308.0","147.8600693485592"
"325","325","0","5310.0","147.86006934855806"
"325","325","0","5312.0","147.86006934856627"
"325","325","0","5314.0","147.86006934857699"
"325","325","0","5316.0","147.86006934856647"
"325","325","0","5318.0","147.86006934855902"
"325","325","0","5320.0","147.8600693485877"
"325","325","0","5322.0","147.8600693485684"
"325","325","0","5324.0","147.86006934857292"
"325","325","0","5326.0","147.86006934854623"
"325","325","0","5328.0","147.86006934857014"
"325","325","0","5330.0","147.86006934857392"
"325","325","0","5332.0","147.86006934857264"
"325","325","0","5334.0","147.86006934855303"
"325","325","0","5336.0","147.86006934858062"
"325","325","0","5338.0","147.86006934855646"
"325","325","0","5340.0","147.86006934852784"
"325","325","0","5342.0","147.8600693484929"
"325","325","0","5344.0","147.86006934850727"
"325","325","0","5346.0","147.86006934851818"
"325","325","0","5348.0","147.86006934851721"
"325","325","0","5350.0","147.86006934849544"
"325","325","0","5352.0","147.86006934851008"
"325","325","0","5354.0","147.86006934849212"
"325","325","0","5356.0","147.86006934846108"
"325","325","0","5358.0","147.86006934842737"
"325","325","0","5360.0","147.86006934840825"
"325","325","0","5362.0","147.86006934838218"
"325","325","0","5364.0","147.86006934842123"
"325","325","0","5366.0","147.8600693484518"
"325","325","0","5368.0","147.86006934845065"
"325","325","0","5370.0","147.8600693484589"
"325","325","0","5372.0","147.8600693484122"
"325","325","0","5374.0","147.86006934838792"
"325","325","0","5376.0","147.86006934838144"
"325","325","0","5378.0","147.8600693483649"
"325","325","0","5380.0","147.86006934833077"
"325","325","0","5382.0","147.86006934830388"
"325","325","0","5384.0","147.86006934827532"
"325","325","0","5386.0","147.86006934830527"
"325","325","0","5388.0","147.86006934829692"
"325","325","0","5390.0","147.8600693482955"
"325","325","0","5392.0","147.86006934833807"
"325","325","0","5394.0","147.86006934836038"
"325","325","0","5396.0","147.86006934838878"
"325","325","0","5398.0","147.86006934839065"
"325","325","0","5400.0","147.8600693483585"
"325","325","0","5402.0","147.8600693483669"
"325","325","0","5404.0","147.86006934841993"
"325","325","0","5406.0","147.86006934846756"
"325","325","0","5408.0","147.86006934848277"
"325","325","0","5410.0","147.86006934850178"
"325","325","0","5412.0","147.8600693484907"
"325","325","0","5414.0","147.86006934848396"
"325","325","0","5416.0","147.86006934850377"
"325","325","0","5418.0","147.86006934849746"
"325","325","0","5420.0","147.86006934846952"
"325","325","0","5422.0","147.86006934849374"
"325","325","0","5424.0","147.86006934849303"
"325","325","0","5426.0","147.86006934852062"
"325","325","0","5428.0","147.86006934852895"
"325","325","0","5430.0","147.86006934850684"
"325","325","0","5432.0","147.86006934852105"
"325","325","0","5434.0","147.86006934855797"
"325","325","0","5436.0","147.8600693485688"
"325","325","0","5438.0","147.8600693485626"
"325","325","0","5440.0","147.8600693485826"
"325","325","0","5442.0","147.8600693485946"
"325","325","0","5444.0","147.86006934861047"
"325","325","0","5446.0","147.86006934865978"
"325","325","0","5448.0","147.86006934867555"
"325","325","0","5450.0","147.8600693486763"
"325","325","0","5452.0","147.86006934867154"
"325","325","0","5454.0","147.86006934867353"
"325","325","0","5456.0","147.8600693486741"
"325","325","0","5458.0","147.86006934865924"
"325","325","0","5460.0","147.86006934867513"
"325","325","0","5462.0","147.86006934864469"
"325","325","0","5464.0","147.86006934868792"
"325","325","0","5466.0","147.86006934870372"
"325","325","0","5468.0","147.86006934871514"
"325","325","0","5470.0","147.8600693487199"
"325","325","0","5472.0","147.86006934873419"
"325","325","0","5474.0","147.86006934875886"
"325","325","0","5476.0","147.86006934875195"
"325","325","0","5478.0","147.86006934873737"
"325","325","0","5480.0","147.86006934872503"
"325","325","0","5482.0","147.86006934870227"
"325","325","0","5484.0","147.86006934868573"
"325","325","0","5486.0","147.86006934869957"
"325","325","0","5488.0","147.86006934869957"
"325","325","0","5490.0","147.86006934870295"
"325","325","0","5492.0","147.86006934869135"
"325","325","0","5494.0","147.86006934871935"
"325","325","0","5496.0","147.86006934875908"
"325","325","0","5498.0","147.8600693487535"
"325","325","0","5500.0","147.86006934875041"
"325","325","0","5502.0","147.86006934876454"
"325","325","0","5504.0","147.86006934877204"
"325","325","0","5506.0","147.86006934878446"
"325","325","0","5508.0","147.8600693487948"
"325","325","0","5510.0","147.86006934878367"
"325","325","0","5512.0","147.86006934875664"
"325","325","0","5514.0","147.8600693487511"
"325","325","0","5516.0","147.86006934875343"
"325","325","0","5518.0","147.86006934877324"
"325","325","0","5520.0","147.86006934874683"
"325","325","0","5522.0","147.86006934872958"
"325","325","0","5524.0","147.8600693487131"
"325","325","0","5526.0","147.86006934873407"
"325","325","0","5528.0","147.86006934875473"
"325","325","0","5530.0","147.860069348774"
"325","325","0","5532.0","147.86006934879288"
"325","325","0","5534.0","147.86006934878017"
"325","325","0","5536.0","147.86006934878347"
"325","325","0","5538.0","147.8600693488152"
"325","325","0","5540.0","147.86006934882033"
"325","325","0","5542.0","147.86006934883687"
"325","325","0","5544.0","147.86006934883707"
"325","325","0","5546.0","147.86006934882278"
"325","325","0","5548.0","147.8600693488267"
"325","325","0","5550.0","147.86006934882786"
"325","325","0","5552.0","147.86006934881"
"325","325","0","5554.0","147.86006934882192"
"325","325","0","5556.0","147.86006934881968"
"325","325","0","5558.0","147.8600693488169"
"325","325","0","5560.0","147.8600693488027"
"325","325","0","5562.0","147.86006934884688"
"325","325","0","5564.0","147.86006934884674"
"325","325","0","5566.0","147.86006934883392"
"325","325","0","5568.0","147.86006934885629"
"325","325","0","5570.0","147.8600693488675"
"325","325","0","5572.0","147.86006934887638"
"325","325","0","5574.0","147.8600693488654"
"325","325","0","5576.0","147.86006934891077"
"325","325","0","5578.0","147.8600693489075"
"325","325","0","5580.0","147.8600693489087"
"325","325","0","5582.0","147.86006934892816"
"325","325","0","5584.0","147.8600693489174"
"325","325","0","5586.0","147.86006934892657"
"325","325","0","5588.0","147.86006934891554"
"325","325","0","5590.0","147.86006934889602"
"325","325","0","5592.0","147.8600693488956"
"325","325","0","5594.0","147.86006934887638"
"325","325","0","5596.0","147.86006934888906"
"325","325","0","5598.0","147.86006934888047"
"325","325","0","5600.0","147.86006934889747"
"325","325","0","5602.0","147.86006934887106"
"325","325","0","5604.0","147.86006934885611"
"325","325","0","5606.0","147.8600693488519"
"325","325","0","5608.0","147.86006934884585"
"325","325","0","5610.0","147.8600693488303"
"325","325","0","5612.0","147.8600693488425"
"325","325","0","5614.0","147.86006934886967"
"325","325","0","5616.0","147.86006934889835"
"325","325","0","5618.0","147.86006934889693"
"325","325","0","5620.0","147.86006934886484"
"325","325","0","5622.0","147.86006934884853"
"325","325","0","5624.0","147.86006934889073"
"325","325","0","5626.0","147.86006934888522"
"325","325","0","5628.0","147.86006934888005"
"325","325","0","5630.0","147.86006934887317"
"325","325","0","5632.0","147.86006934887217"
"325","325","0","5634.0","147.86006934885174"
"325","325","0","5636.0","147.8600693488809"
"325","325","0","5638.0","147.86006934888886"
"325","325","0","5640.0","147.8600693489031"
"325","325","0","5642.0","147.86006934888482"
"325","325","0","5644.0","147.860069348918"
"325","325","0","5646.0","147.86006934893493"
"325","325","0","5648.0","147.8600693489593"
"325","325","0","5650.0","147.8600693489494"
"325","325","0","5652.0","147.86006934895082"
"325","325","0","5654.0","147.8600693489617"
"325","325","0","5656.0","147.86006934893916"
"325","325","0","5658.0","147.86006934892396"
"325","325","0","5660.0","147.86006934894024"
"325","325","0","5662.0","147.86006934894004"
"325","325","0","5664.0","147.8600693489537"
"325","325","0","5666.0","147.8600693489476"
"325","325","0","5668.0","147.86006934893263"
"325","325","0","5670.0","147.8600693489317"
"325","325","0","5672.0","147.86006934892782"
"325","325","0","5674.0","147.8600693489547"
"325","325","0","5676.0","147.86006934893234"
"325","325","0","5678.0","147.86006934892288"
"325","325","0","5680.0","147.86006934893302"
"325","325","0","5682.0","147.8600693489276"
"325","325","0","5684.0","147.86006934894317"
"325","325","0","5686.0","147.8600693489555"
"325","325","0","5688.0","147.86006934898003"
"325","325","0","5690.0","147.8600693489503"
"325","325","0","5692.0","147.86006934895838"
"325","325","0","5694.0","147.86006934896446"
"325","325","0","5696.0","147.8600693489635"
"325","325","0","5698.0","147.86006934899413"
"325","325","0","5700.0","147.86006934899655"
"325","325","0","5702.0","147.86006934900382"
"325","325","0","5704.0","147.86006934898572"
"325","325","0","5706.0","147.86006934897102"
"325","325","0","5708.0","147.8600693489858"
"325","325","0","5710.0","147.86006934900658"
"325","325","0","5712.0","147.86006934901917"
"325","325","0","5714.0","147.86006934903912"
"325","325","0","5716.0","147.8600693490401"
"325","325","0","5718.0","147.86006934902122"
"325","325","0","5720.0","147.86006934898805"
"325","325","0","5722.0","147.8600693489749"
"325","325","0","5724.0","147.8600693489463"
"325","325","0","5726.0","147.8600693489199"
"325","325","0","5728.0","147.86006934890062"
"325","325","0","5730.0","147.8600693489073"
"325","325","0","5732.0","147.8600693489437"
"325","325","0","5734.0","147.8600693489466"
"325","325","0","5736.0","147.8600693489577"
"325","325","0","5738.0","147.86006934895886"
"325","325","0","5740.0","147.86006934897634"
"325","325","0","5742.0","147.8600693489867"
"325","325","0","5744.0","147.8600693489768"
"325","325","0","5746.0","147.86006934899837"
"325","325","0","5748.0","147.8600693489654"
"325","325","0","5750.0","147.8600693489853"
"325","325","0","5752.0","147.86006934897344"
"325","325","0","5754.0","147.8600693489688"
"325","325","0","5756.0","147.86006934895045"
"325","325","0","5758.0","147.86006934896346"
"325","325","0","5760.0","147.86006934895207"
"325","325","0","5762.0","147.8600693489687"
"325","325","0","5764.0","147.86006934896938"
"325","325","0","5766.0","147.86006934895897"
"325","325","0","5768.0","147.86006934896378"
"325","325","0","5770.0","147.86006934896025"
"325","325","0","5772.0","147.86006934898396"
"325","325","0","5774.0","147.86006934899027"
"325","325","0","5776.0","147.86006934899376"
"325","325","0","5778.0","147.8600693490073"
"325","325","0","5780.0","147.86006934900368"
"325","325","0","5782.0","147.860069349028"
"325","325","0","5784.0","147.86006934900593"
"325","325","0","5786.0","147.86006934900303"
"325","325","0","5788.0","147.8600693490035"
"325","325","0","5790.0","147.86006934900638"
"325","325","0","5792.0","147.86006934899154"
"325","325","0","5794.0","147.86006934898842"
"325","325","0","5796.0","147.86006934898"
"325","325","0","5798.0","147.86006934898225"
"325","325","0","5800.0","147.8600693489804"
"325","325","0","5802.0","147.86006934898245"
"325","325","0","5804.0","147.86006934898933"
"325","325","0","5806.0","147.8600693490166"
"325","325","0","5808.0","147.86006934902696"
"325","325","0","5810.0","147.8600693490219"
"325","325","0","5812.0","147.8600693490113"
"325","325","0","5814.0","147.86006934902196"
"325","325","0","5816.0","147.86006934900948"
"325","325","0","5818.0","147.860069349006"
"325","325","0","5820.0","147.86006934899112"
"325","325","0","5822.0","147.86006934900303"
"325","325","0","5824.0","147.86006934904097"
"325","325","0","5826.0","147.86006934903816"
"325","325","0","5828.0","147.86006934904205"
"325","325","0","5830.0","147.86006934904032"
"325","325","0","5832.0","147.86006934904603"
"325","325","0","5834.0","147.86006934903253"
"325","325","0","5836.0","147.86006934905146"
"325","325","0","5838.0","147.86006934906564"
"325","325","0","5840.0","147.8600693490645"
"325","325","0","5842.0","147.86006934907334"
"325","325","0","5844.0","147.86006934908553"
"325","325","0","5846.0","147.8600693490891"
"325","325","0","5848.0","147.86006934907846"
"325","325","0","5850.0","147.8600693490635"
"325","325","0","5852.0","147.86006934904248"
"325","325","0","5854.0","147.8600693490344"
"325","325","0","5856.0","147.86006934902"
"325","325","0","5858.0","147.8600693490184"
"325","325","0","5860.0","147.860069349008"
"325","325","0","5862.0","147.86006934901997"
"325","325","0","5864.0","147.8600693490341"
"325","325","0","5866.0","147.86006934903736"
"325","325","0","5868.0","147.86006934903492"
"325","325","0","5870.0","147.86006934904148"
"325","325","0","5872.0","147.86006934904606"
"325","325","0","5874.0","147.860069349044"
"325","325","0","5876.0","147.86006934902284"
"325","325","0","5878.0","147.86006934903943"
"325","325","0","5880.0","147.86006934902534"
"325","325","0","5882.0","147.86006934903915"
"325","325","0","5884.0","147.8600693490689"
"325","325","0","5886.0","147.8600693490527"
"325","325","0","5888.0","147.8600693490538"
"325","325","0","5890.0","147.8600693490681"
"325","325","0","5892.0","147.86006934907599"
"325","325","0","5894.0","147.86006934906868"
"325","325","0","5896.0","147.86006934906652"
"325","325","0","5898.0","147.8600693490549"
"325","325","0","5900.0","147.86006934906305"
"325","325","0","5902.0","147.86006934905498"
"325","325","0","5904.0","147.8600693490654"
"325","325","0","5906.0","147.86006934908073"
"325","325","0","5908.0","147.8600693490801"
"325","325","0","5910.0","147.86006934907212"
"325","325","0","5912.0","147.86006934908957"
"325","325","0","5914.0","147.86006934908855"
"325","325","0","5916.0","147.8600693490877"
"325","325","0","5918.0","147.86006934909247"
"325","325","0","5920.0","147.86006934910577"
"325","325","0","5922.0","147.86006934910515"
"325","325","0","5924.0","147.86006934909514"
"325","325","0","5926.0","147.86006934910878"
"325","325","0","5928.0","147.8600693491184"
"325","325","0","5930.0","147.8600693491062"
"325","325","0","5932.0","147.86006934911225"
"325","325","0","5934.0","147.8600693491011"
"325","325","0","5936.0","147.86006934910898"
"325","325","0","5938.0","147.86006934910495"
"325","325","0","5940.0","147.86006934910003"
"325","325","0","5942.0","147.86006934909045"
"325","325","0","5944.0","147.86006934909847"
"325","325","0","5946.0","147.8600693490877"
"325","325","0","5948.0","147.86006934909454"
"325","325","0","5950.0","147.8600693491095"
"325","325","0","5952.0","147.8600693490893"
"325","325","0","5954.0","147.860069349093"
"325","325","0","5956.0","147.86006934910165"
"325","325","0","5958.0","147.8600693490843"
"325","325","0","5960.0","147.8600693490843"
"325","325","0","5962.0","147.86006934906467"
"325","325","0","5964.0","147.8600693490909"
"325","325","0","5966.0","147.86006934910557"
"325","325","0","5968.0","147.8600693491075"
"325","325","0","5970.0","147.86006934911046"
"325","325","0","5972.0","147.8600693491151"
"325","325","0","5974.0","147.86006934911435"
"325","325","0","5976.0","147.86006934910398"
"325","325","0","5978.0","147.86006934909534"
"325","325","0","5980.0","147.86006934910242"
"325","325","0","5982.0","147.8600693491097"
"325","325","0","5984.0","147.86006934911495"
"325","325","0","5986.0","147.86006934913902"
"325","325","0","5988.0","147.86006934914204"
"325","325","0","5990.0","147.8600693491448"
"325","325","0","5992.0","147.86006934914764"
"325","325","0","5994.0","147.8600693491369"
"325","325","0","5996.0","147.86006934913905"
"325","325","0","5998.0","147.86006934913408"
"325","325","0","6000.0","147.86006934912828"
"325","325","0","6002.0","147.86006934914502"
"325","325","0","6004.0","147.86006934912692"
"325","325","0","6006.0","147.86006934915426"
"325","325","0","6008.0","147.86006934915173"
"325","325","0","6010.0","147.86006934915355"
"325","325","0","6012.0","147.8600693491601"
"325","325","0","6014.0","147.86006934916944"
"325","325","0","6016.0","147.8600693491685"
"325","325","0","6018.0","147.86006934916827"
"325","325","0","6020.0","147.86006934917367"
"325","325","0","6022.0","147.8600693491805"
"325","325","0","6024.0","147.86006934916304"
"325","325","0","6026.0","147.8600693491636"
"325","325","0","6028.0","147.8600693491759"
"325","325","0","6030.0","147.86006934916068"
"325","325","0","6032.0","147.86006934918015"
"325","325","0","6034.0","147.8600693491671"
"325","325","0","6036.0","147.8600693491392"
"325","325","0","6038.0","147.86006934913698"
"325","325","0","6040.0","147.86006934915233"
"325","325","0","6042.0","147.86006934917526"
"325","325","0","6044.0","147.8600693491676"
"325","325","0","6046.0","147.8600693491695"
"325","325","0","6048.0","147.8600693491724"
"325","325","0","6050.0","147.8600693491533"
"325","325","0","6052.0","147.86006934915895"
"325","325","0","6054.0","147.86006934917722"
"325","325","0","6056.0","147.8600693491986"
"325","325","0","6058.0","147.86006934920252"
"325","325","0","6060.0","147.86006934920394"
"325","325","0","6062.0","147.86006934919527"
"325","325","0","6064.0","147.86006934919422"
"325","325","0","6066.0","147.8600693491884"
"325","325","0","6068.0","147.8600693491795"
"325","325","0","6070.0","147.86006934918066"
"325","325","0","6072.0","147.8600693491751"
"325","325","0","6074.0","147.86006934917052"
"325","325","0","6076.0","147.8600693491679"
"325","325","0","6078.0","147.86006934916387"
"325","325","0","6080.0","147.86006934915565"
"325","325","0","6082.0","147.8600693491647"
"325","325","0","6084.0","147.86006934915545"
"325","325","0","6086.0","147.86006934914803"
"325","325","0","6088.0","147.86006934914462"
"325","325","0","6090.0","147.86006934915264"
"325","325","0","6092.0","147.86006934916134"
"325","325","0","6094.0","147.8600693491668"
"325","325","0","6096.0","147.860069349168"
"325","325","0","6098.0","147.86006934917"
"325","325","0","6100.0","147.8600693491711"
"325","325","0","6102.0","147.86006934917603"
"325","325","0","6104.0","147.86006934917984"
"325","325","0","6106.0","147.86006934917899"
"325","325","0","6108.0","147.86006934917242"
"325","325","0","6110.0","147.8600693491686"
"325","325","0","6112.0","147.86006934918322"
"325","325","0","6114.0","147.8600693491705"
"325","325","0","6116.0","147.8600693491724"
"325","325","0","6118.0","147.86006934919175"
"325","325","0","6120.0","147.86006934916685"
"325","325","0","6122.0","147.86006934915378"
"325","325","0","6124.0","147.86006934916122"
"325","325","0","6126.0","147.86006934916148"
"325","325","0","6128.0","147.86006934916483"
"325","325","0","6130.0","147.86006934915267"
"325","325","0","6132.0","147.86006934914775"
"325","325","0","6134.0","147.86006934913726"
"325","325","0","6136.0","147.86006934914715"
"325","325","0","6138.0","147.86006934913954"
"325","325","0","6140.0","147.86006934913115"
"325","325","0","6142.0","147.86006934911688"
"325","325","0","6144.0","147.86006934911072"
"325","325","0","6146.0","147.86006934910606"
"325","325","0","6148.0","147.86006934912848"
"325","325","0","6150.0","147.86006934911347"
"325","325","0","6152.0","147.86006934911694"
"325","325","0","6154.0","147.86006934913163"
"325","325","0","6156.0","147.86006934912712"
"325","325","0","6158.0","147.86006934913104"
"325","325","0","6160.0","147.86006934913323"
"325","325","0","6162.0","147.86006934912825"
"325","325","0","6164.0","147.86006934911353"
"325","325","0","6166.0","147.8600693490908"
"325","325","0","6168.0","147.86006934909676"
"325","325","0","6170.0","147.86006934911745"
"325","325","0","6172.0","147.86006934910745"
"325","325","0","6174.0","147.86006934911825"
"325","325","0","6176.0","147.86006934911194"
"325","325","0","6178.0","147.86006934912737"
"325","325","0","6180.0","147.8600693491211"
"325","325","0","6182.0","147.86006934912885"
"325","325","0","6184.0","147.86006934911558"
"325","325","0","6186.0","147.86006934910918"
"325","325","0","6188.0","147.86006934913596"
"325","325","0","6190.0","147.86006934913019"
"325","325","0","6192.0","147.86006934912922"
"325","325","0","6194.0","147.86006934910904"
"325","325","0","6196.0","147.86006934911723"
"325","325","0","6198.0","147.8600693491173"
"325","325","0","6200.0","147.86006934910998"
"325","325","0","6202.0","147.8600693491257"
"325","325","0","6204.0","147.86006934914084"
"325","325","0","6206.0","147.86006934915397"
"325","325","0","6208.0","147.86006934915866"
"325","325","0","6210.0","147.86006934917165"
"325","325","0","6212.0","147.86006934917447"
"325","325","0","6214.0","147.860069349167"
"325","325","0","6216.0","147.86006934915105"
"325","325","0","6218.0","147.86006934915738"
"325","325","0","6220.0","147.86006934914946"
"325","325","0","6222.0","147.86006934913536"
"325","325","0","6224.0","147.8600693491179"
"325","325","0","6226.0","147.8600693491153"
"325","325","0","6228.0","147.86006934911376"
"325","325","0","6230.0","147.86006934912024"
"325","325","0","6232.0","147.86006934913095"
"325","325","0","6234.0","147.86006934912987"
"325","325","0","6236.0","147.86006934913763"
"325","325","0","6238.0","147.86006934913107"
"325","325","0","6240.0","147.8600693491399"
"325","325","0","6242.0","147.86006934914428"
"325","325","0","6244.0","147.860069349146"
"325","325","0","6246.0","147.86006934914053"
"325","325","0","6248.0","147.86006934914124"
"325","325","0","6250.0","147.86006934914533"
"325","325","0","6252.0","147.86006934913132"
"325","325","0","6254.0","147.86006934912191"
"325","325","0","6256.0","147.86006934911094"
"325","325","0","6258.0","147.8600693491109"
"325","325","0","6260.0","147.86006934912606"
"325","325","0","6262.0","147.86006934913965"
"325","325","0","6264.0","147.86006934913544"
"325","325","0","6266.0","147.86006934913578"
"325","325","0","6268.0","147.8600693491302"
"325","325","0","6270.0","147.86006934912413"
"325","325","0","6272.0","147.86006934912064"
"325","325","0","6274.0","147.86006934912035"
"325","325","0","6276.0","147.8600693491159"
"325","325","0","6278.0","147.8600693491221"
"325","325","0","6280.0","147.86006934911902"
"325","325","0","6282.0","147.8600693491418"
"325","325","0","6284.0","147.8600693491334"
"325","325","0","6286.0","147.8600693491273"
"325","325","0","6288.0","147.86006934912695"
"325","325","0","6290.0","147.86006934913823"
"325","325","0","6292.0","147.86006934913618"
"325","325","0","6294.0","147.86006934913303"
"325","325","0","6296.0","147.86006934914047"
"325","325","0","6298.0","147.86006934913587"
"325","325","0","6300.0","147.86006934915002"
"325","325","0","6302.0","147.86006934914164"
"325","325","0","6304.0","147.86006934914585"
"325","325","0","6306.0","147.86006934915454"
"325","325","0","6308.0","147.86006934914752"
"325","325","0","6310.0","147.8600693491533"
"325","325","0","6312.0","147.86006934914138"
"325","325","0","6314.0","147.86006934914045"
"325","325","0","6316.0","147.8600693491482"
"325","325","0","6318.0","147.86006934914266"
"325","325","0","6320.0","147.86006934914207"
"325","325","0","6322.0","147.86006934915153"
"325","325","0","6324.0","147.8600693491602"
"325","325","0","6326.0","147.86006934916398"
"325","325","0","6328.0","147.8600693491685"
"325","325","0","6330.0","147.86006934917668"
"325","325","0","6332.0","147.8600693491748"
"325","325","0","6334.0","147.86006934917668"
"325","325","0","6336.0","147.86006934916827"
"325","325","0","6338.0","147.86006934916045"
"325","325","0","6340.0","147.8600693491568"
"325","325","0","6342.0","147.86006934916745"
"325","325","0","6344.0","147.8600693491668"
"325","325","0","6346.0","147.86006934917216"
"325","325","0","6348.0","147.8600693491766"
"325","325","0","6350.0","147.86006934917935"
"325","325","0","6352.0","147.86006934917668"
"325","325","0","6354.0","147.8600693491828"
"325","325","0","6356.0","147.86006934918248"
"325","325","0","6358.0","147.8600693491921"
"325","325","0","6360.0","147.86006934920383"
"325","325","0","6362.0","147.86006934921517"
"325","325","0","6364.0","147.86006934921085"
"325","325","0","6366.0","147.86006934921858"
"325","325","0","6368.0","147.86006934921346"
"325","325","0","6370.0","147.86006934922258"
"325","325","0","6372.0","147.86006934921687"
"325","325","0","6374.0","147.86006934921193"
"325","325","0","6376.0","147.8600693492259"
"325","325","0","6378.0","147.86006934921514"
"325","325","0","6380.0","147.86006934919928"
"325","325","0","6382.0","147.86006934918868"
"325","325","0","6384.0","147.86006934919408"
"325","325","0","6386.0","147.86006934918646"
"325","325","0","6388.0","147.86006934918163"
"325","325","0","6390.0","147.8600693491753"
"325","325","0","6392.0","147.8600693491838"
"325","325","0","6394.0","147.86006934917293"
"325","325","0","6396.0","147.86006934917728"
"325","325","0","6398.0","147.86006934917776"
"325","325","0","6400.0","147.86006934917538"
"325","325","0","6402.0","147.86006934916577"
"325","325","0","6404.0","147.86006934916543"
"325","325","0","6406.0","147.86006934916514"
"325","325","0","6408.0","147.86006934916477"
"325","325","0","6410.0","147.8600693491649"
"325","325","0","6412.0","147.86006934916176"
"325","325","0","6414.0","147.86006934915252"
"325","325","0","6416.0","147.86006934914917"
"325","325","0","6418.0","147.86006934915096"
"325","325","0","6420.0","147.86006934915432"
"325","325","0","6422.0","147.86006934914377"
"325","325","0","6424.0","147.86006934913271"
"325","325","0","6426.0","147.86006934913556"
"325","325","0","6428.0","147.86006934912461"
"325","325","0","6430.0","147.8600693491245"
"325","325","0","6432.0","147.8600693491134"
"325","325","0","6434.0","147.86006934912066"
"325","325","0","6436.0","147.86006934912717"
"325","325","0","6438.0","147.86006934913004"
"325","325","0","6440.0","147.86006934912484"
"325","325","0","6442.0","147.8600693491252"
"325","325","0","6444.0","147.86006934911953"
"325","325","0","6446.0","147.86006934911063"
"325","325","0","6448.0","147.86006934912754"
"325","325","0","6450.0","147.86006934912757"
"325","325","0","6452.0","147.8600693491217"
"325","325","0","6454.0","147.8600693491151"
"325","325","0","6456.0","147.86006934911478"
"325","325","0","6458.0","147.86006934911342"
"325","325","0","6460.0","147.86006934911634"
"325","325","0","6462.0","147.86006934911802"
"325","325","0","6464.0","147.8600693491315"
"325","325","0","6466.0","147.86006934913843"
"325","325","0","6468.0","147.860069349138"
"325","325","0","6470.0","147.86006934913763"
"325","325","0","6472.0","147.86006934912763"
"325","325","0","6474.0","147.86006934912228"
"325","325","0","6476.0","147.86006934912336"
"325","325","0","6478.0","147.86006934912052"
"325","325","0","6480.0","147.8600693491263"
"325","325","0","6482.0","147.86006934912785"
"325","325","0","6484.0","147.8600693491273"
"325","325","0","6486.0","147.86006934913576"
"325","325","0","6488.0","147.86006934912518"
"325","325","0","6490.0","147.8600693491251"
"325","325","0","6492.0","147.8600693491311"
"325","325","0","6494.0","147.86006934914505"
"325","325","0","6496.0","147.86006934915022"
"325","325","0","6498.0","147.86006934915704"
"325","325","0","6500.0","147.86006934914786"
"325","325","0","6502.0","147.86006934914815"
"325","325","0","6504.0","147.86006934915838"
"325","325","0","6506.0","147.86006934916543"
"325","325","0","6508.0","147.86006934916085"
"325","325","0","6510.0","147.86006934916205"
"325","325","0","6512.0","147.86006934916045"
"325","325","0","6514.0","147.86006934915596"
"325","325","0","6516.0","147.86006934916003"
"325","325","0","6518.0","147.86006934915827"
"325","325","0","6520.0","147.86006934916372"
"325","325","0","6522.0","147.86006934916824"
"325","325","0","6524.0","147.86006934917157"
"325","325","0","6526.0","147.86006934916773"
"325","325","0","6528.0","147.86006934917862"
"325","325","0","6530.0","147.86006934917492"
"325","325","0","6532.0","147.86006934917557"
"325","325","0","6534.0","147.86006934916537"
"325","325","0","6536.0","147.86006934917881"
"325","325","0","6538.0","147.86006934916773"
"325","325","0","6540.0","147.86006934917307"
"325","325","0","6542.0","147.8600693491724"
"325","325","0","6544.0","147.86006934918817"
"325","325","0","6546.0","147.86006934919584"
"325","325","0","6548.0","147.86006934920698"
"325","325","0","6550.0","147.86006934921156"
"325","325","0","6552.0","147.8600693492151"
"325","325","0","6554.0","147.8600693492243"
"325","325","0","6556.0","147.86006934921903"
"325","325","0","6558.0","147.86006934921025"
"325","325","0","6560.0","147.86006934921198"
"325","325","0","6562.0","147.86006934922054"
"325","325","0","6564.0","147.86006934921627"
"325","325","0","6566.0","147.86006934922258"
"325","325","0","6568.0","147.86006934921627"
"325","325","0","6570.0","147.8600693492202"
"325","325","0","6572.0","147.86006934922656"
"325","325","0","6574.0","147.86006934921602"
"325","325","0","6576.0","147.86006934921636"
"325","325","0","6578.0","147.86006934922386"
"325","325","0","6580.0","147.8600693492207"
"325","325","0","6582.0","147.86006934922474"
"325","325","0","6584.0","147.86006934921048"
"325","325","0","6586.0","147.860069349208"
"325","325","0","6588.0","147.86006934921195"
"325","325","0","6590.0","147.860069349206"
"325","325","0","6592.0","147.86006934921463"
"325","325","0","6594.0","147.86006934921005"
"325","325","0","6596.0","147.86006934921096"
"325","325","0","6598.0","147.86006934920712"
"325","325","0","6600.0","147.86006934920252"
"325","325","0","6602.0","147.86006934919072"
"325","325","0","6604.0","147.8600693491938"
"325","325","0","6606.0","147.86006934919294"
"325","325","0","6608.0","147.86006934919783"
"325","325","0","6610.0","147.86006934918842"
"325","325","0","6612.0","147.86006934918512"
"325","325","0","6614.0","147.86006934919203"
"325","325","0","6616.0","147.86006934918953"
"325","325","0","6618.0","147.86006934919035"
"325","325","0","6620.0","147.86006934919354"
"325","325","0","6622.0","147.86006934919268"
"325","325","0","6624.0","147.8600693492037"
"325","325","0","6626.0","147.86006934920363"
"325","325","0","6628.0","147.8600693492045"
"325","325","0","6630.0","147.86006934920024"
"325","325","0","6632.0","147.86006934920312"
"325","325","0","6634.0","147.86006934919496"
"325","325","0","6636.0","147.86006934919544"
"325","325","0","6638.0","147.86006934919376"
"325","325","0","6640.0","147.86006934920493"
"325","325","0","6642.0","147.8600693492087"
"325","325","0","6644.0","147.8600693492087"
"325","325","0","6646.0","147.86006934920403"
"325","325","0","6648.0","147.86006934920664"
"325","325","0","6650.0","147.86006934920772"
"325","325","0","6652.0","147.86006934919803"
"325","325","0","6654.0","147.86006934920036"
"325","325","0","6656.0","147.860069349209"
"325","325","0","6658.0","147.86006934921025"
"325","325","0","6660.0","147.8600693492151"
"325","325","0","6662.0","147.8600693492142"
"325","325","0","6664.0","147.86006934921392"
"325","325","0","6666.0","147.86006934921127"
"325","325","0","6668.0","147.8600693492071"
"325","325","0","6670.0","147.8600693492203"
"325","325","0","6672.0","147.86006934921448"
"325","325","0","6674.0","147.8600693492113"
"325","325","0","6676.0","147.86006934920127"
"325","325","0","6678.0","147.860069349201"
"325","325","0","6680.0","147.86006934920934"
"325","325","0","6682.0","147.8600693492118"
"325","325","0","6684.0","147.8600693492141"
"325","325","0","6686.0","147.86006934920903"
"325","325","0","6688.0","147.86006934921255"
"325","325","0","6690.0","147.86006934922148"
"325","325","0","6692.0","147.86006934921448"
"325","325","0","6694.0","147.86006934921446"
"325","325","0","6696.0","147.86006934921045"
"325","325","0","6698.0","147.86006934922403"
"325","325","0","6700.0","147.8600693492226"
"325","325","0","6702.0","147.860069349225"
"325","325","0","6704.0","147.86006934922852"
"325","325","0","6706.0","147.8600693492211"
"325","325","0","6708.0","147.86006934921963"
"325","325","0","6710.0","147.8600693492311"
"325","325","0","6712.0","147.8600693492358"
"325","325","0","6714.0","147.8600693492336"
"325","325","0","6716.0","147.86006934923685"
"325","325","0","6718.0","147.8600693492406"
"325","325","0","6720.0","147.8600693492244"
"325","325","0","6722.0","147.86006934922767"
"325","325","0","6724.0","147.86006934922767"
"325","325","0","6726.0","147.8600693492218"
"325","325","0","6728.0","147.86006934921812"
"325","325","0","6730.0","147.86006934921693"
"325","325","0","6732.0","147.860069349221"
"325","325","0","6734.0","147.8600693492184"
"325","325","0","6736.0","147.86006934921616"
"325","325","0","6738.0","147.86006934921323"
"325","325","0","6740.0","147.8600693492112"
"325","325","0","6742.0","147.86006934921573"
"325","325","0","6744.0","147.8600693492206"
"325","325","0","6746.0","147.8600693492256"
"325","325","0","6748.0","147.8600693492192"
"325","325","0","6750.0","147.86006934922372"
"325","325","0","6752.0","147.8600693492242"
"325","325","0","6754.0","147.86006934921602"
"325","325","0","6756.0","147.86006934921164"
"325","325","0","6758.0","147.8600693492153"
"325","325","0","6760.0","147.86006934921375"
"325","325","0","6762.0","147.86006934922204"
"325","325","0","6764.0","147.86006934922264"
"325","325","0","6766.0","147.8600693492263"
"325","325","0","6768.0","147.86006934923003"
"325","325","0","6770.0","147.8600693492324"
"325","325","0","6772.0","147.86006934923378"
"325","325","0","6774.0","147.86006934923847"
"325","325","0","6776.0","147.8600693492334"
"325","325","0","6778.0","147.86006934923108"
"325","325","0","6780.0","147.86006934923134"
"325","325","0","6782.0","147.8600693492273"
"325","325","0","6784.0","147.8600693492261"
"325","325","0","6786.0","147.86006934923014"
"325","325","0","6788.0","147.86006934922196"
"325","325","0","6790.0","147.8600693492275"
"325","325","0","6792.0","147.86006934922534"
"325","325","0","6794.0","147.86006934923145"
"325","325","0","6796.0","147.86006934923623"
"325","325","0","6798.0","147.86006934924268"
"325","325","0","6800.0","147.8600693492435"
"325","325","0","6802.0","147.86006934924055"
"325","325","0","6804.0","147.86006934924143"
"325","325","0","6806.0","147.8600693492498"
"325","325","0","6808.0","147.86006934924984"
"325","325","0","6810.0","147.860069349245"
"325","325","0","6812.0","147.86006934924853"
"325","325","0","6814.0","147.8600693492512"
"325","325","0","6816.0","147.86006934925146"
"325","325","0","6818.0","147.86006934924745"
"325","325","0","6820.0","147.86006934924558"
"325","325","0","6822.0","147.86006934925246"
"325","325","0","6824.0","147.8600693492604"
"325","325","0","6826.0","147.8600693492637"
"325","325","0","6828.0","147.86006934925888"
"325","325","0","6830.0","147.8600693492588"
"325","325","0","6832.0","147.86006934925308"
"325","325","0","6834.0","147.86006934924885"
"325","325","0","6836.0","147.86006934924174"
"325","325","0","6838.0","147.860069349242"
"325","325","0","6840.0","147.86006934924518"
"325","325","0","6842.0","147.86006934924075"
"325","325","0","6844.0","147.86006934923662"
"325","325","0","6846.0","147.86006934924183"
"325","325","0","6848.0","147.8600693492356"
"325","325","0","6850.0","147.86006934924453"
"325","325","0","6852.0","147.86006934924427"
"325","325","0","6854.0","147.8600693492463"
"325","325","0","6856.0","147.8600693492469"
"325","325","0","6858.0","147.8600693492494"
"325","325","0","6860.0","147.86006934924674"
"325","325","0","6862.0","147.86006934924123"
"325","325","0","6864.0","147.86006934924274"
"325","325","0","6866.0","147.86006934924464"
"325","325","0","6868.0","147.8600693492477"
"325","325","0","6870.0","147.86006934925024"
"325","325","0","6872.0","147.86006934925337"
"325","325","0","6874.0","147.86006934925695"
"325","325","0","6876.0","147.8600693492506"
"325","325","0","6878.0","147.86006934924592"
"325","325","0","6880.0","147.8600693492454"
"325","325","0","6882.0","147.8600693492487"
"325","325","0","6884.0","147.86006934925135"
"325","325","0","6886.0","147.860069349251"
"325","325","0","6888.0","147.86006934924413"
"325","325","0","6890.0","147.86006934924197"
"325","325","0","6892.0","147.86006934924416"
"325","325","0","6894.0","147.86006934924944"
"325","325","0","6896.0","147.86006934924922"
"325","325","0","6898.0","147.8600693492447"
"325","325","0","6900.0","147.860069349245"
"325","325","0","6902.0","147.86006934924174"
"325","325","0","6904.0","147.8600693492409"
"325","325","0","6906.0","147.86006934924865"
"325","325","0","6908.0","147.8600693492452"
"325","325","0","6910.0","147.86006934924882"
"325","325","0","6912.0","147.8600693492536"
"325","325","0","6914.0","147.86006934925507"
"325","325","0","6916.0","147.8600693492634"
"325","325","0","6918.0","147.8600693492616"
"325","325","0","6920.0","147.86006934926448"
"325","325","0","6922.0","147.86006934926723"
"325","325","0","6924.0","147.860069349266"
"325","325","0","6926.0","147.8600693492686"
"325","325","0","6928.0","147.86006934926718"
"325","325","0","6930.0","147.86006934926795"
"325","325","0","6932.0","147.8600693492699"
"325","325","0","6934.0","147.86006934927173"
"325","325","0","6936.0","147.8600693492689"
"325","325","0","6938.0","147.86006934926604"
"325","325","0","6940.0","147.86006934926735"
"325","325","0","6942.0","147.8600693492705"
"325","325","0","6944.0","147.86006934927155"
"325","325","0","6946.0","147.86006934927764"
"325","325","0","6948.0","147.86006934927704"
"325","325","0","6950.0","147.86006934927607"
"325","325","0","6952.0","147.8600693492817"
"325","325","0","6954.0","147.86006934927426"
"325","325","0","6956.0","147.86006934927443"
"325","325","0","6958.0","147.86006934927568"
"325","325","0","6960.0","147.8600693492793"
"325","325","0","6962.0","147.8600693492728"
"325","325","0","6964.0","147.86006934927806"
"325","325","0","6966.0","147.860069349277"
"325","325","0","6968.0","147.86006934928037"
"325","325","0","6970.0","147.86006934928065"
"325","325","0","6972.0","147.8600693492809"
"325","325","0","6974.0","147.86006934928582"
"325","325","0","6976.0","147.8600693492868"
"325","325","0","6978.0","147.86006934929148"
"325","325","0","6980.0","147.86006934929196"
"325","325","0","6982.0","147.8600693492913"
"325","325","0","6984.0","147.86006934929267"
"325","325","0","6986.0","147.86006934929048"
"325","325","0","6988.0","147.86006934929503"
"325","325","0","6990.0","147.86006934929503"
"325","325","0","6992.0","147.86006934929281"
"325","325","0","6994.0","147.86006934929497"
"325","325","0","6996.0","147.8600693492942"
"325","325","0","6998.0","147.86006934928554"
"325","325","0","7000.0","147.8600693492846"
"325","325","0","7002.0","147.86006934928474"
"325","325","0","7004.0","147.8600693492834"
"325","325","0","7006.0","147.860069349284"
"325","325","0","7008.0","147.86006934928017"
"325","325","0","7010.0","147.86006934928642"
"325","325","0","7012.0","147.86006934928946"
"325","325","0","7014.0","147.86006934929523"
"325","325","0","7016.0","147.86006934929256"
"325","325","0","7018.0","147.86006934929839"
"325","325","0","7020.0","147.86006934929932"
"325","325","0","7022.0","147.86006934930413"
"325","325","0","7024.0","147.86006934930583"
"325","325","0","7026.0","147.8600693493039"
"325","325","0","7028.0","147.86006934930086"
"325","325","0","7030.0","147.86006934930367"
"325","325","0","7032.0","147.86006934930657"
"325","325","0","7034.0","147.86006934930415"
"325","325","0","7036.0","147.86006934930376"
"325","325","0","7038.0","147.86006934930134"
"325","325","0","7040.0","147.86006934930143"
"325","325","0","7042.0","147.86006934930197"
"325","325","0","7044.0","147.8600693492982"
"325","325","0","7046.0","147.86006934929227"
"325","325","0","7048.0","147.86006934929347"
"325","325","0","7050.0","147.86006934928952"
"325","325","0","7052.0","147.86006934929156"
"325","325","0","7054.0","147.8600693492905"
"325","325","0","7056.0","147.86006934929392"
"325","325","0","7058.0","147.86006934929222"
"325","325","0","7060.0","147.86006934929677"
"325","325","0","7062.0","147.86006934929694"
"325","325","0","7064.0","147.8600693493026"
"325","325","0","7066.0","147.8600693492947"
"325","325","0","7068.0","147.86006934928943"
"325","325","0","7070.0","147.86006934928582"
"325","325","0","7072.0","147.86006934928935"
"325","325","0","7074.0","147.86006934929202"
"325","325","0","7076.0","147.86006934929338"
"325","325","0","7078.0","147.86006934929574"
"325","325","0","7080.0","147.86006934929713"
"325","325","0","7082.0","147.86006934929534"
"325","325","0","7084.0","147.86006934929435"
"325","325","0","7086.0","147.8600693492935"
"325","325","0","7088.0","147.86006934929668"
"325","325","0","7090.0","147.86006934929586"
"325","325","0","7092.0","147.86006934929688"
"325","325","0","7094.0","147.8600693492971"
"325","325","0","7096.0","147.86006934929665"
"325","325","0","7098.0","147.860069349298"
"325","325","0","7100.0","147.86006934930043"
"325","325","0","7102.0","147.8600693492963"
"325","325","0","7104.0","147.8600693492988"
"325","325","0","7106.0","147.8600693493041"
"325","325","0","7108.0","147.86006934931117"
"325","325","0","7110.0","147.86006934931288"
"325","325","0","7112.0","147.86006934931422"
"325","325","0","7114.0","147.8600693493163"
"325","325","0","7116.0","147.86006934932"
"325","325","0","7118.0","147.8600693493217"
"325","325","0","7120.0","147.8600693493188"
"325","325","0","7122.0","147.8600693493205"
"325","325","0","7124.0","147.8600693493161"
"325","325","0","7126.0","147.86006934931774"
"325","325","0","7128.0","147.86006934931828"
"325","325","0","7130.0","147.86006934931874"
"325","325","0","7132.0","147.86006934932232"
"325","325","0","7134.0","147.8600693493226"
"325","325","0","7136.0","147.8600693493208"
"325","325","0","7138.0","147.86006934932266"
"325","325","0","7140.0","147.86006934932155"
"325","325","0","7142.0","147.86006934931734"
"325","325","0","7144.0","147.8600693493133"
"325","325","0","7146.0","147.86006934931152"
"325","325","0","7148.0","147.86006934931416"
"325","325","0","7150.0","147.86006934931035"
"325","325","0","7152.0","147.86006934931746"
"325","325","0","7154.0","147.86006934932584"
"325","325","0","7156.0","147.86006934932564"
"325","325","0","7158.0","147.86006934932567"
"325","325","0","7160.0","147.8600693493251"
"325","325","0","7162.0","147.86006934932672"
"325","325","0","7164.0","147.8600693493299"
"325","325","0","7166.0","147.86006934932715"
"325","325","0","7168.0","147.86006934932936"
"325","325","0","7170.0","147.86006934932783"
"325","325","0","7172.0","147.86006934932396"
"325","325","0","7174.0","147.86006934932996"
"325","325","0","7176.0","147.86006934933255"
"325","325","0","7178.0","147.86006934933286"
"325","325","0","7180.0","147.8600693493343"
"325","325","0","7182.0","147.8600693493294"
"325","325","0","7184.0","147.86006934932928"
"325","325","0","7186.0","147.86006934932513"
"325","325","0","7188.0","147.86006934933098"
"325","325","0","7190.0","147.86006934933073"
"325","325","0","7192.0","147.86006934933084"
"325","325","0","7194.0","147.86006934932766"
"325","325","0","7196.0","147.86006934933113"
"325","325","0","7198.0","147.86006934932976"
"325","325","0","7200.0","147.86006934933312"
"325","325","0","7202.0","147.86006934933266"
"325","325","0","7204.0","147.86006934933366"
"325","325","0","7206.0","147.8600693493354"
"325","325","0","7208.0","147.86006934933417"
"325","325","0","7210.0","147.86006934933684"
"325","325","0","7212.0","147.86006934933437"
"325","325","0","7214.0","147.86006934933621"
"325","325","0","7216.0","147.86006934933286"
"325","325","0","7218.0","147.86006934933357"
"325","325","0","7220.0","147.8600693493308"
"325","325","0","7222.0","147.86006934933414"
"325","325","0","7224.0","147.86006934933337"
"325","325","0","7226.0","147.86006934933144"
"325","325","0","7228.0","147.860069349335"
"325","325","0","7230.0","147.86006934933292"
"325","325","0","7232.0","147.86006934933468"
"325","325","0","7234.0","147.86006934933246"
"325","325","0","7236.0","147.86006934933215"
"325","325","0","7238.0","147.86006934932772"
"325","325","0","7240.0","147.86006934932456"
"325","325","0","7242.0","147.8600693493251"
"325","325","0","7244.0","147.8600693493229"
"325","325","0","7246.0","147.86006934932306"
"325","325","0","7248.0","147.8600693493268"
"325","325","0","7250.0","147.86006934932544"
"325","325","0","7252.0","147.86006934932726"
"325","325","0","7254.0","147.86006934932726"
"325","325","0","7256.0","147.86006934933044"
"325","325","0","7258.0","147.86006934933195"
"325","325","0","7260.0","147.86006934933306"
"325","325","0","7262.0","147.86006934933118"
"325","325","0","7264.0","147.86006934933053"
"325","325","0","7266.0","147.86006934933152"
"325","325","0","7268.0","147.86006934933377"
"325","325","0","7270.0","147.86006934933383"
"325","325","0","7272.0","147.8600693493344"
"325","325","0","7274.0","147.86006934933104"
"325","325","0","7276.0","147.86006934932723"
"325","325","0","7278.0","147.86006934932303"
"325","325","0","7280.0","147.8600693493225"
"325","325","0","7282.0","147.86006934932098"
"325","325","0","7284.0","147.86006934932098"
"325","325","0","7286.0","147.86006934932442"
"325","325","0","7288.0","147.86006934932416"
"325","325","0","7290.0","147.8600693493263"
"325","325","0","7292.0","147.86006934932558"
"325","325","0","7294.0","147.8600693493253"
"325","325","0","7296.0","147.86006934932396"
"325","325","0","7298.0","147.86006934932536"
"325","325","0","7300.0","147.86006934932715"
"325","325","0","7302.0","147.86006934932988"
"325","325","0","7304.0","147.86006934932726"
"325","325","0","7306.0","147.860069349331"
"325","325","0","7308.0","147.86006934933127"
"325","325","0","7310.0","147.86006934932956"
"325","325","0","7312.0","147.86006934933064"
"325","325","0","7314.0","147.86006934933096"
"325","325","0","7316.0","147.86006934933178"
"325","325","0","7318.0","147.86006934933562"
"325","325","0","7320.0","147.860069349333"
"325","325","0","7322.0","147.86006934932664"
"325","325","0","7324.0","147.86006934932396"
"325","325","0","7326.0","147.86006934932774"
"325","325","0","7328.0","147.8600693493263"
"325","325","0","7330.0","147.86006934932283"
"325","325","0","7332.0","147.86006934931814"
"325","325","0","7334.0","147.8600693493205"
"325","325","0","7336.0","147.86006934932337"
"325","325","0","7338.0","147.86006934932465"
"325","325","0","7340.0","147.8600693493247"
"325","325","0","7342.0","147.8600693493241"
"325","325","0","7344.0","147.86006934932533"
"325","325","0","7346.0","147.86006934932445"
"325","325","0","7348.0","147.86006934932809"
"325","325","0","7350.0","147.86006934932763"
"325","325","0","7352.0","147.86006934932476"
"325","325","0","7354.0","147.86006934932615"
"325","325","0","7356.0","147.8600693493273"
"325","325","0","7358.0","147.8600693493241"
"325","325","0","7360.0","147.86006934932396"
"325","325","0","7362.0","147.86006934932564"
"325","325","0","7364.0","147.8600693493269"
"325","325","0","7366.0","147.86006934932823"
"325","325","0","7368.0","147.86006934932968"
"325","325","0","7370.0","147.86006934933334"
"325","325","0","7372.0","147.86006934933462"
"325","325","0","7374.0","147.86006934933246"
"325","325","0","7376.0","147.86006934933468"
"325","325","0","7378.0","147.860069349335"
"325","325","0","7380.0","147.86006934933766"
"325","325","0","7382.0","147.86006934934053"
"325","325","0","7384.0","147.86006934933857"
"325","325","0","7386.0","147.8600693493409"
"325","325","0","7388.0","147.86006934933852"
"325","325","0","7390.0","147.86006934933846"
"325","325","0","7392.0","147.86006934933508"
"325","325","0","7394.0","147.8600693493366"
"325","325","0","7396.0","147.86006934933602"
"325","325","0","7398.0","147.8600693493335"
"325","325","0","7400.0","147.86006934933198"
"325","325","0","7402.0","147.86006934933192"
"325","325","0","7404.0","147.86006934933297"
"325","325","0","7406.0","147.860069349331"
"325","325","0","7408.0","147.8600693493306"
"325","325","0","7410.0","147.86006934932627"
"325","325","0","7412.0","147.86006934932746"
"325","325","0","7414.0","147.86006934932618"
"325","325","0","7416.0","147.86006934932544"
"325","325","0","7418.0","147.86006934932692"
"325","325","0","7420.0","147.8600693493259"
"325","325","0","7422.0","147.8600693493261"
"325","325","0","7424.0","147.86006934932996"
"325","325","0","7426.0","147.86006934933306"
"325","325","0","7428.0","147.86006934933363"
"325","325","0","7430.0","147.8600693493362"
"325","325","0","7432.0","147.86006934933422"
"325","325","0","7434.0","147.86006934933596"
"325","325","0","7436.0","147.8600693493342"
"325","325","0","7438.0","147.86006934933584"
"325","325","0","7440.0","147.86006934933368"
"325","325","0","7442.0","147.86006934932993"
"325","325","0","7444.0","147.86006934932573"
"325","325","0","7446.0","147.86006934932655"
"325","325","0","7448.0","147.8600693493289"
"325","325","0","7450.0","147.86006934933278"
"325","325","0","7452.0","147.86006934933448"
"325","325","0","7454.0","147.86006934933212"
"325","325","0","7456.0","147.86006934932578"
"325","325","0","7458.0","147.8600693493293"
"325","325","0","7460.0","147.8600693493302"
"325","325","0","7462.0","147.8600693493314"
"325","325","0","7464.0","147.8600693493323"
"325","325","0","7466.0","147.8600693493324"
"325","325","0","7468.0","147.86006934933025"
"325","325","0","7470.0","147.8600693493316"
"325","325","0","7472.0","147.86006934933675"
"325","325","0","7474.0","147.86006934933542"
"325","325","0","7476.0","147.86006934933505"
"325","325","0","7478.0","147.86006934933363"
"325","325","0","7480.0","147.86006934933218"
"325","325","0","7482.0","147.86006934933212"
"325","325","0","7484.0","147.86006934933368"
"325","325","0","7486.0","147.86006934933172"
"325","325","0","7488.0","147.86006934933215"
"325","325","0","7490.0","147.86006934933354"
"325","325","0","7492.0","147.8600693493351"
"325","325","0","7494.0","147.8600693493337"
"325","325","0","7496.0","147.86006934933116"
"325","325","0","7498.0","147.86006934933073"
"325","325","0","7500.0","147.86006934933096"
"325","325","0","7502.0","147.86006934933124"
"325","325","0","7504.0","147.86006934933314"
"325","325","0","7506.0","147.8600693493343"
"325","325","0","7508.0","147.86006934933593"
"325","325","0","7510.0","147.86006934933764"
"325","325","0","7512.0","147.8600693493342"
"325","325","0","7514.0","147.8600693493356"
"325","325","0","7516.0","147.86006934933658"
"325","325","0","7518.0","147.86006934933454"
"325","325","0","7520.0","147.8600693493349"
"325","325","0","7522.0","147.86006934934096"
"325","325","0","7524.0","147.86006934933988"
"325","325","0","7526.0","147.86006934934153"
"325","325","0","7528.0","147.8600693493414"
"325","325","0","7530.0","147.86006934934022"
"325","325","0","7532.0","147.86006934934213"
"325","325","0","7534.0","147.86006934934005"
"325","325","0","7536.0","147.86006934933982"
"325","325","0","7538.0","147.86006934934014"
"325","325","0","7540.0","147.86006934934176"
"325","325","0","7542.0","147.86006934934235"
"325","325","0","7544.0","147.86006934934179"
"325","325","0","7546.0","147.86006934934187"
"325","325","0","7548.0","147.86006934934366"
"325","325","0","7550.0","147.8600693493447"
"325","325","0","7552.0","147.86006934934645"
"325","325","0","7554.0","147.86006934934414"
"325","325","0","7556.0","147.86006934934318"
"325","325","0","7558.0","147.86006934934534"
"325","325","0","7560.0","147.8600693493484"
"325","325","0","7562.0","147.86006934934673"
"325","325","0","7564.0","147.86006934934747"
"325","325","0","7566.0","147.86006934934719"
"325","325","0","7568.0","147.86006934934812"
"325","325","0","7570.0","147.86006934934406"
"325","325","0","7572.0","147.86006934934665"
"325","325","0","7574.0","147.86006934934866"
"325","325","0","7576.0","147.86006934934755"
"325","325","0","7578.0","147.86006934934815"
"325","325","0","7580.0","147.86006934934807"
"325","325","0","7582.0","147.86006934934596"
"325","325","0","7584.0","147.86006934934713"
"325","325","0","7586.0","147.8600693493482"
"325","325","0","7588.0","147.86006934935014"
"325","325","0","7590.0","147.86006934934906"
"325","325","0","7592.0","147.86006934934977"
"325","325","0","7594.0","147.8600693493492"
"325","325","0","7596.0","147.86006934934642"
"325","325","0","7598.0","147.86006934934392"
"325","325","0","7600.0","147.86006934934437"
"325","325","0","7602.0","147.8600693493467"
"325","325","0","7604.0","147.86006934934733"
"325","325","0","7606.0","147.86006934934534"
"325","325","0","7608.0","147.8600693493447"
"325","325","0","7610.0","147.86006934934684"
"325","325","0","7612.0","147.86006934934562"
"325","325","0","7614.0","147.8600693493467"
"325","325","0","7616.0","147.86006934934917"
"325","325","0","7618.0","147.8600693493477"
"325","325","0","7620.0","147.86006934935142"
"325","325","0","7622.0","147.860069349352"
"325","325","0","7624.0","147.86006934935082"
"325","325","0","7626.0","147.86006934935008"
"325","325","0","7628.0","147.86006934935136"
"325","325","0","7630.0","147.86006934934863"
"325","325","0","7632.0","147.86006934934719"
"325","325","0","7634.0","147.86006934934943"
"325","325","0","7636.0","147.860069349351"
"325","325","0","7638.0","147.86006934934937"
"325","325","0","7640.0","147.8600693493501"
"325","325","0","7642.0","147.86006934934758"
"325","325","0","7644.0","147.86006934934605"
"325","325","0","7646.0","147.86006934934684"
"325","325","0","7648.0","147.8600693493457"
"325","325","0","7650.0","147.86006934934863"
"325","325","0","7652.0","147.86006934935318"
"325","325","0","7654.0","147.86006934935605"
"325","325","0","7656.0","147.8600693493597"
"325","325","0","7658.0","147.86006934935787"
"325","325","0","7660.0","147.86006934935787"
"325","325","0","7662.0","147.8600693493578"
"325","325","0","7664.0","147.8600693493592"
"325","325","0","7666.0","147.86006934936145"
"325","325","0","7668.0","147.860069349363"
"325","325","0","7670.0","147.86006934936637"
"325","325","0","7672.0","147.86006934936685"
"325","325","0","7674.0","147.8600693493664"
"325","325","0","7676.0","147.8600693493673"
"325","325","0","7678.0","147.86006934936688"
"325","325","0","7680.0","147.8600693493686"
"325","325","0","7682.0","147.8600693493687"
"325","325","0","7684.0","147.8600693493712"
"325","325","0","7686.0","147.86006934936967"
"325","325","0","7688.0","147.86006934936933"
"325","325","0","7690.0","147.86006934936796"
"325","325","0","7692.0","147.86006934936637"
"325","325","0","7694.0","147.86006934936574"
"325","325","0","7696.0","147.8600693493667"
"325","325","0","7698.0","147.86006934936708"
"325","325","0","7700.0","147.86006934936756"
"325","325","0","7702.0","147.86006934936603"
"325","325","0","7704.0","147.86006934936805"
"325","325","0","7706.0","147.8600693493683"
"325","325","0","7708.0","147.86006934936978"
"325","325","0","7710.0","147.8600693493675"
"325","325","0","7712.0","147.86006934936694"
"325","325","0","7714.0","147.860069349365"
"325","325","0","7716.0","147.86006934936486"
"325","325","0","7718.0","147.8600693493597"
"325","325","0","7720.0","147.86006934935912"
"325","325","0","7722.0","147.86006934935864"
"325","325","0","7724.0","147.86006934936046"
"325","325","0","7726.0","147.86006934936051"
"325","325","0","7728.0","147.8600693493614"
"325","325","0","7730.0","147.86006934936205"
"325","325","0","7732.0","147.86006934936313"
"325","325","0","7734.0","147.86006934936592"
"325","325","0","7736.0","147.86006934936594"
"325","325","0","7738.0","147.86006934936734"
"325","325","0","7740.0","147.8600693493667"
"325","325","0","7742.0","147.86006934936555"
"325","325","0","7744.0","147.86006934936606"
"325","325","0","7746.0","147.8600693493653"
"325","325","0","7748.0","147.8600693493648"
"325","325","0","7750.0","147.86006934936643"
"325","325","0","7752.0","147.86006934936935"
"325","325","0","7754.0","147.86006934937046"
"325","325","0","7756.0","147.86006934937296"
"325","325","0","7758.0","147.86006934937097"
"325","325","0","7760.0","147.8600693493703"
"325","325","0","7762.0","147.86006934937066"
"325","325","0","7764.0","147.86006934937095"
"325","325","0","7766.0","147.86006934937143"
"325","325","0","7768.0","147.8600693493733"
"325","325","0","7770.0","147.860069349374"
"325","325","0","7772.0","147.86006934937313"
"325","325","0","7774.0","147.86006934937313"
"325","325","0","7776.0","147.86006934937217"
"325","325","0","7778.0","147.86006934937126"
"325","325","0","7780.0","147.86006934937072"
"325","325","0","7782.0","147.86006934937052"
"325","325","0","7784.0","147.86006934937063"
"325","325","0","7786.0","147.86006934936756"
"325","325","0","7788.0","147.8600693493646"
"325","325","0","7790.0","147.8600693493647"
"325","325","0","7792.0","147.8600693493635"
"325","325","0","7794.0","147.86006934936285"
"325","325","0","7796.0","147.8600693493638"
"325","325","0","7798.0","147.86006934936398"
"325","325","0","7800.0","147.86006934936466"
"325","325","0","7802.0","147.86006934936432"
"325","325","0","7804.0","147.8600693493651"
"325","325","0","7806.0","147.860069349365"
"325","325","0","7808.0","147.8600693493656"
"325","325","0","7810.0","147.86006934936523"
"325","325","0","7812.0","147.86006934936646"
"325","325","0","7814.0","147.8600693493655"
"325","325","0","7816.0","147.8600693493659"
"325","325","0","7818.0","147.86006934936398"
"325","325","0","7820.0","147.86006934936304"
"325","325","0","7822.0","147.86006934936208"
"325","325","0","7824.0","147.86006934936043"
"325","325","0","7826.0","147.86006934936188"
"325","325","0","7828.0","147.8600693493617"
"325","325","0","7830.0","147.8600693493606"
"325","325","0","7832.0","147.86006934936307"
"325","325","0","7834.0","147.86006934936205"
"325","325","0","7836.0","147.86006934936273"
"325","325","0","7838.0","147.86006934936253"
"325","325","0","7840.0","147.86006934935992"
"325","325","0","7842.0","147.86006934936017"
"325","325","0","7844.0","147.86006934936356"
"325","325","0","7846.0","147.8600693493649"
"325","325","0","7848.0","147.8600693493654"
"325","325","0","7850.0","147.86006934936972"
"325","325","0","7852.0","147.86006934937006"
"325","325","0","7854.0","147.86006934937046"
"325","325","0","7856.0","147.86006934937106"
"325","325","0","7858.0","147.86006934937052"
"325","325","0","7860.0","147.86006934937214"
"325","325","0","7862.0","147.86006934936958"
"325","325","0","7864.0","147.86006934937132"
"325","325","0","7866.0","147.86006934937183"
"325","325","0","7868.0","147.86006934937265"
"325","325","0","7870.0","147.86006934937217"
"325","325","0","7872.0","147.8600693493742"
"325","325","0","7874.0","147.8600693493732"
"325","325","0","7876.0","147.8600693493729"
"325","325","0","7878.0","147.86006934937225"
"325","325","0","7880.0","147.8600693493741"
"325","325","0","7882.0","147.86006934937595"
"325","325","0","7884.0","147.8600693493735"
"325","325","0","7886.0","147.8600693493733"
"325","325","0","7888.0","147.86006934937356"
"325","325","0","7890.0","147.8600693493745"
"325","325","0","7892.0","147.8600693493741"
"325","325","0","7894.0","147.86006934937245"
"325","325","0","7896.0","147.8600693493718"
"325","325","0","7898.0","147.86006934936992"
"325","325","0","7900.0","147.86006934936876"
"325","325","0","7902.0","147.8600693493683"
"325","325","0","7904.0","147.86006934936867"
"325","325","0","7906.0","147.86006934936677"
"325","325","0","7908.0","147.86006934936665"
"325","325","0","7910.0","147.8600693493666"
"325","325","0","7912.0","147.86006934936466"
"325","325","0","7914.0","147.86006934936205"
"325","325","0","7916.0","147.86006934936785"
"325","325","0","7918.0","147.86006934936717"
"325","325","0","7920.0","147.86006934936614"
"325","325","0","7922.0","147.86006934936745"
"325","325","0","7924.0","147.86006934936862"
"325","325","0","7926.0","147.86006934937066"
"325","325","0","7928.0","147.86006934937"
"325","325","0","7930.0","147.86006934937024"
"325","325","0","7932.0","147.86006934936785"
"325","325","0","7934.0","147.8600693493688"
"325","325","0","7936.0","147.86006934936893"
"325","325","0","7938.0","147.86006934936879"
"325","325","0","7940.0","147.86006934936844"
"325","325","0","7942.0","147.86006934936927"
"325","325","0","7944.0","147.8600693493711"
"325","325","0","7946.0","147.8600693493705"
"325","325","0","7948.0","147.86006934937134"
"325","325","0","7950.0","147.86006934937157"
"325","325","0","7952.0","147.8600693493732"
"325","325","0","7954.0","147.8600693493749"
"325","325","0","7956.0","147.86006934937677"
"325","325","0","7958.0","147.86006934937768"
"325","325","0","7960.0","147.86006934937717"
"325","325","0","7962.0","147.8600693493765"
"325","325","0","7964.0","147.86006934937743"
"325","325","0","7966.0","147.86006934937933"
"325","325","0","7968.0","147.86006934938038"
"325","325","0","7970.0","147.86006934938283"
"325","325","0","7972.0","147.8600693493819"
"325","325","0","7974.0","147.8600693493781"
"325","325","0","7976.0","147.86006934937805"
"325","325","0","7978.0","147.86006934937657"
"325","325","0","7980.0","147.86006934937512"
"325","325","0","7982.0","147.86006934937603"
"325","325","0","7984.0","147.86006934937566"
"325","325","0","7986.0","147.86006934937566"
"325","325","0","7988.0","147.86006934937816"
"325","325","0","7990.0","147.86006934937683"
"325","325","0","7992.0","147.86006934937714"
"325","325","0","7994.0","147.8600693493774"
"325","325","0","7996.0","147.86006934937598"
"325","325","0","7998.0","147.86006934937592"
"325","325","0","8000.0","147.86006934937683"
"325","325","0","8002.0","147.86006934937768"
"325","325","0","8004.0","147.86006934937814"
"325","325","0","8006.0","147.86006934937666"
"325","325","0","8008.0","147.86006934937407"
"325","325","0","8010.0","147.86006934937475"
"325","325","0","8012.0","147.8600693493765"
"325","325","0","8014.0","147.8600693493759"
"325","325","0","8016.0","147.86006934937492"
"325","325","0","8018.0","147.86006934937677"
"325","325","0","8020.0","147.86006934937683"
"325","325","0","8022.0","147.8600693493767"
"325","325","0","8024.0","147.86006934937762"
"325","325","0","8026.0","147.86006934937612"
"325","325","0","8028.0","147.86006934937686"
"325","325","0","8030.0","147.86006934937848"
"325","325","0","8032.0","147.86006934937924"
"325","325","0","8034.0","147.86006934937802"
"325","325","0","8036.0","147.8600693493795"
"325","325","0","8038.0","147.86006934938047"
"325","325","0","8040.0","147.8600693493804"
"325","325","0","8042.0","147.86006934938035"
"325","325","0","8044.0","147.8600693493822"
"325","325","0","8046.0","147.86006934938257"
"325","325","0","8048.0","147.8600693493829"
"325","325","0","8050.0","147.86006934938544"
"325","325","0","8052.0","147.86006934938686"
"325","325","0","8054.0","147.86006934938817"
"325","325","0","8056.0","147.86006934938746"
"325","325","0","8058.0","147.86006934938675"
"325","325","0","8060.0","147.86006934938786"
"325","325","0","8062.0","147.8600693493878"
"325","325","0","8064.0","147.8600693493864"
"325","325","0","8066.0","147.860069349387"
"325","325","0","8068.0","147.86006934938507"
"325","325","0","8070.0","147.86006934938473"
"325","325","0","8072.0","147.86006934938513"
"325","325","0","8074.0","147.86006934938365"
"325","325","0","8076.0","147.86006934938663"
"325","325","0","8078.0","147.8600693493856"
"325","325","0","8080.0","147.86006934938544"
"325","325","0","8082.0","147.8600693493877"
"325","325","0","8084.0","147.8600693493876"
"325","325","0","8086.0","147.86006934938843"
"325","325","0","8088.0","147.8600693493886"
"325","325","0","8090.0","147.86006934938945"
"325","325","0","8092.0","147.86006934938942"
"325","325","0","8094.0","147.8600693493912"
"325","325","0","8096.0","147.86006934939127"
"325","325","0","8098.0","147.86006934939059"
"325","325","0","8100.0","147.86006934938862"
"325","325","0","8102.0","147.86006934939002"
"325","325","0","8104.0","147.86006934939033"
"325","325","0","8106.0","147.86006934938848"
"325","325","0","8108.0","147.86006934938882"
"325","325","0","8110.0","147.8600693493874"
"325","325","0","8112.0","147.86006934938715"
"325","325","0","8114.0","147.86006934938698"
"325","325","0","8116.0","147.86006934938916"
"325","325","0","8118.0","147.86006934938985"
"325","325","0","8120.0","147.86006934939095"
"325","325","0","8122.0","147.86006934938945"
"325","325","0","8124.0","147.86006934938948"
"325","325","0","8126.0","147.86006934938902"
"325","325","0","8128.0","147.86006934938814"
"325","325","0","8130.0","147.86006934938771"
"325","325","0","8132.0","147.86006934938902"
"325","325","0","8134.0","147.86006934938828"
"325","325","0","8136.0","147.86006934938655"
"325","325","0","8138.0","147.86006934938703"
"325","325","0","8140.0","147.86006934938754"
"325","325","0","8142.0","147.86006934938735"
"325","325","0","8144.0","147.86006934938771"
"325","325","0","8146.0","147.86006934938663"
"325","325","0","8148.0","147.86006934938652"
"325","325","0","8150.0","147.86006934938635"
"325","325","0","8152.0","147.86006934938695"
"325","325","0","8154.0","147.86006934938547"
"325","325","0","8156.0","147.86006934938638"
"325","325","0","8158.0","147.86006934938413"
"325","325","0","8160.0","147.86006934938402"
"325","325","0","8162.0","147.86006934938487"
"325","325","0","8164.0","147.8600693493843"
"325","325","0","8166.0","147.860069349384"
"325","325","0","8168.0","147.86006934938462"
"325","325","0","8170.0","147.8600693493851"
"325","325","0","8172.0","147.86006934938575"
"325","325","0","8174.0","147.86006934938555"
"325","325","0","8176.0","147.8600693493846"
"325","325","0","8178.0","147.86006934938464"
"325","325","0","8180.0","147.86006934938518"
"325","325","0","8182.0","147.86006934938393"
"325","325","0","8184.0","147.86006934938325"
"325","325","0","8186.0","147.86006934938274"
"325","325","0","8188.0","147.86006934938155"
"325","325","0","8190.0","147.86006934937978"
"325","325","0","8192.0","147.86006934938064"
"325","325","0","8194.0","147.86006934938007"
"325","325","0","8196.0","147.86006934937697"
"325","325","0","8198.0","147.8600693493773"
"325","325","0","8200.0","147.86006934937723"
"325","325","0","8202.0","147.8600693493777"
"325","325","0","8204.0","147.860069349377"
"325","325","0","8206.0","147.86006934937723"
"325","325","0","8208.0","147.86006934937777"
"325","325","0","8210.0","147.860069349377"
"325","325","0","8212.0","147.86006934937794"
"325","325","0","8214.0","147.86006934937794"
"325","325","0","8216.0","147.86006934937686"
"325","325","0","8218.0","147.86006934937706"
"325","325","0","8220.0","147.86006934937683"
"325","325","0","8222.0","147.86006934937797"
"325","325","0","8224.0","147.86006934937794"
"325","325","0","8226.0","147.86006934938078"
"325","325","0","8228.0","147.86006934937896"
"325","325","0","8230.0","147.86006934937978"
"325","325","0","8232.0","147.86006934938092"
"325","325","0","8234.0","147.8600693493815"
"325","325","0","8236.0","147.8600693493806"
"325","325","0","8238.0","147.860069349382"
"325","325","0","8240.0","147.86006934938183"
"325","325","0","8242.0","147.86006934938334"
"325","325","0","8244.0","147.8600693493842"
"325","325","0","8246.0","147.86006934938263"
"325","325","0","8248.0","147.860069349384"
"325","325","0","8250.0","147.86006934938266"
"325","325","0","8252.0","147.86006934938484"
"325","325","0","8254.0","147.86006934938484"
"325","325","0","8256.0","147.86006934938538"
"325","325","0","8258.0","147.86006934938337"
"325","325","0","8260.0","147.8600693493845"
"325","325","0","8262.0","147.86006934938416"
"325","325","0","8264.0","147.86006934938217"
"325","325","0","8266.0","147.8600693493827"
"325","325","0","8268.0","147.86006934938467"
"325","325","0","8270.0","147.86006934938484"
"325","325","0","8272.0","147.86006934938464"
"325","325","0","8274.0","147.86006934938553"
"325","325","0","8276.0","147.86006934938496"
"325","325","0","8278.0","147.86006934938405"
"325","325","0","8280.0","147.86006934938564"
"325","325","0","8282.0","147.86006934938598"
"325","325","0","8284.0","147.86006934938692"
"325","325","0","8286.0","147.86006934938607"
"325","325","0","8288.0","147.86006934938652"
"325","325","0","8290.0","147.8600693493854"
"325","325","0","8292.0","147.86006934938632"
"325","325","0","8294.0","147.8600693493863"
"325","325","0","8296.0","147.8600693493869"
"325","325","0","8298.0","147.86006934938786"
"325","325","0","8300.0","147.86006934938706"
"325","325","0","8302.0","147.8600693493874"
"325","325","0","8304.0","147.86006934938644"
"325","325","0","8306.0","147.86006934938752"
"325","325","0","8308.0","147.86006934938726"
"325","325","0","8310.0","147.86006934938717"
"325","325","0","8312.0","147.86006934938686"
"325","325","0","8314.0","147.86006934938706"
"325","325","0","8316.0","147.860069349388"
"325","325","0","8318.0","147.86006934938808"
"325","325","0","8320.0","147.86006934938885"
"325","325","0","8322.0","147.86006934938914"
"325","325","0","8324.0","147.8600693493894"
"325","325","0","8326.0","147.86006934938854"
"325","325","0","8328.0","147.86006934939"
"325","325","0","8330.0","147.86006934939047"
"325","325","0","8332.0","147.86006934938908"
"325","325","0","8334.0","147.86006934938848"
"325","325","0","8336.0","147.8600693493878"
"325","325","0","8338.0","147.86006934938874"
"325","325","0","8340.0","147.8600693493902"
"325","325","0","8342.0","147.86006934939098"
"325","325","0","8344.0","147.86006934939084"
"325","325","0","8346.0","147.86006934939178"
"325","325","0","8348.0","147.8600693493921"
"325","325","0","8350.0","147.86006934939138"
"325","325","0","8352.0","147.8600693493916"
"325","325","0","8354.0","147.8600693493908"
"325","325","0","8356.0","147.86006934939087"
"325","325","0","8358.0","147.86006934938894"
"325","325","0","8360.0","147.86006934938982"
"325","325","0","8362.0","147.86006934938956"
"325","325","0","8364.0","147.8600693493893"
"325","325","0","8366.0","147.86006934938857"
"325","325","0","8368.0","147.86006934939013"
"325","325","0","8370.0","147.86006934938996"
"325","325","0","8372.0","147.86006934938814"
"325","325","0","8374.0","147.86006934938803"
"325","325","0","8376.0","147.8600693493888"
"325","325","0","8378.0","147.86006934938936"
"325","325","0","8380.0","147.86006934938914"
"325","325","0","8382.0","147.86006934938897"
"325","325","0","8384.0","147.8600693493895"
"325","325","0","8386.0","147.86006934939005"
"325","325","0","8388.0","147.8600693493887"
"325","325","0","8390.0","147.8600693493878"
"325","325","0","8392.0","147.86006934938828"
"325","325","0","8394.0","147.86006934938632"
"325","325","0","8396.0","147.86006934938882"
"325","325","0","8398.0","147.86006934938976"
"325","325","0","8400.0","147.86006934939087"
"325","325","0","8402.0","147.86006934939041"
"325","325","0","8404.0","147.8600693493901"
"325","325","0","8406.0","147.86006934939024"
"325","325","0","8408.0","147.86006934939047"
"325","325","0","8410.0","147.86006934939064"
"325","325","0","8412.0","147.8600693493904"
"325","325","0","8414.0","147.86006934939084"
"325","325","0","8416.0","147.860069349391"
"325","325","0","8418.0","147.86006934939132"
"325","325","0","8420.0","147.86006934939135"
"325","325","0","8422.0","147.8600693493905"
"325","325","0","8424.0","147.86006934939016"
"325","325","0","8426.0","147.86006934938968"
"325","325","0","8428.0","147.86006934939093"
"325","325","0","8430.0","147.86006934939024"
"325","325","0","8432.0","147.86006934939084"
"325","325","0","8434.0","147.86006934939198"
"325","325","0","8436.0","147.86006934939093"
"325","325","0","8438.0","147.86006934939005"
"325","325","0","8440.0","147.86006934938996"
"325","325","0","8442.0","147.86006934939013"
"325","325","0","8444.0","147.8600693493902"
"325","325","0","8446.0","147.86006934938968"
"325","325","0","8448.0","147.86006934938823"
"325","325","0","8450.0","147.86006934938743"
"325","325","0","8452.0","147.86006934938706"
"325","325","0","8454.0","147.86006934938786"
"325","325","0","8456.0","147.8600693493872"
"325","325","0","8458.0","147.86006934938763"
"325","325","0","8460.0","147.86006934938712"
"325","325","0","8462.0","147.86006934938703"
"325","325","0","8464.0","147.8600693493885"
"325","325","0","8466.0","147.86006934938905"
"325","325","0","8468.0","147.8600693493892"
"325","325","0","8470.0","147.86006934939"
"325","325","0","8472.0","147.8600693493909"
"325","325","0","8474.0","147.86006934939041"
"325","325","0","8476.0","147.86006934938985"
"325","325","0","8478.0","147.86006934938973"
"325","325","0","8480.0","147.86006934939098"
"325","325","0","8482.0","147.86006934938962"
"325","325","0","8484.0","147.86006934938962"
"325","325","0","8486.0","147.8600693493894"
"325","325","0","8488.0","147.86006934938985"
"325","325","0","8490.0","147.86006934938936"
"325","325","0","8492.0","147.86006934938888"
"325","325","0","8494.0","147.86006934938956"
"325","325","0","8496.0","147.86006934938965"
"325","325","0","8498.0","147.86006934938916"
"325","325","0","8500.0","147.8600693493892"
"325","325","0","8502.0","147.86006934938916"
"325","325","0","8504.0","147.86006934938897"
"325","325","0","8506.0","147.8600693493899"
"325","325","0","8508.0","147.86006934939041"
"325","325","0","8510.0","147.8600693493889"
"325","325","0","8512.0","147.860069349389"
"325","325","0","8514.0","147.86006934938797"
"325","325","0","8516.0","147.86006934938854"
"325","325","0","8518.0","147.8600693493887"
"325","325","0","8520.0","147.86006934938823"
"325","325","0","8522.0","147.86006934938908"
"325","325","0","8524.0","147.8600693493893"
"325","325","0","8526.0","147.86006934938885"
"325","325","0","8528.0","147.86006934938888"
"325","325","0","8530.0","147.8600693493896"
"325","325","0","8532.0","147.86006934938908"
"325","325","0","8534.0","147.8600693493899"
"325","325","0","8536.0","147.86006934938993"
"325","325","0","8538.0","147.86006934938905"
"325","325","0","8540.0","147.86006934938908"
"325","325","0","8542.0","147.860069349389"
"325","325","0","8544.0","147.86006934938888"
"325","325","0","8546.0","147.86006934938823"
"325","325","0","8548.0","147.86006934938854"
"325","325","0","8550.0","147.8600693493878"
"325","325","0","8552.0","147.86006934938814"
"325","325","0","8554.0","147.86006934938706"
"325","325","0","8556.0","147.86006934938652"
"325","325","0","8558.0","147.86006934938618"
"325","325","0","8560.0","147.86006934938857"
"325","325","0","8562.0","147.86006934938908"
"325","325","0","8564.0","147.86006934938857"
"325","325","0","8566.0","147.8600693493883"
"325","325","0","8568.0","147.86006934938777"
"325","325","0","8570.0","147.86006934938834"
"325","325","0","8572.0","147.8600693493879"
"325","325","0","8574.0","147.86006934938843"
"325","325","0","8576.0","147.86006934938797"
"325","325","0","8578.0","147.86006934938754"
"325","325","0","8580.0","147.86006934938786"
"325","325","0","8582.0","147.86006934938763"
"325","325","0","8584.0","147.86006934938797"
"325","325","0","8586.0","147.86006934938902"
"325","325","0","8588.0","147.8600693493888"
"325","325","0","8590.0","147.86006934938868"
"325","325","0","8592.0","147.86006934938902"
"325","325","0","8594.0","147.86006934938936"
"325","325","0","8596.0","147.8600693493894"
"325","325","0","8598.0","147.8600693493893"
"325","325","0","8600.0","147.8600693493894"
"325","325","0","8602.0","147.86006934939016"
"325","325","0","8604.0","147.86006934938908"
"325","325","0","8606.0","147.8600693493881"
"325","325","0","8608.0","147.8600693493877"
"325","325","0","8610.0","147.86006934938743"
"325","325","0","8612.0","147.86006934938746"
"325","325","0","8614.0","147.86006934938862"
"325","325","0","8616.0","147.86006934938774"
"325","325","0","8618.0","147.8600693493881"
"325","325","0","8620.0","147.86006934938786"
"325","325","0","8622.0","147.86006934938783"
"325","325","0","8624.0","147.8600693493874"
"325","325","0","8626.0","147.8600693493878"
"325","325","0","8628.0","147.86006934938732"
"325","325","0","8630.0","147.86006934938737"
"325","325","0","8632.0","147.860069349387"
"325","325","0","8634.0","147.86006934938678"
"325","325","0","8636.0","147.86006934938538"
"325","325","0","8638.0","147.8600693493851"
"325","325","0","8640.0","147.86006934938337"
"325","325","0","8642.0","147.86006934938348"
"325","325","0","8644.0","147.86006934938365"
"325","325","0","8646.0","147.86006934938266"
"325","325","0","8648.0","147.86006934938217"
"325","325","0","8650.0","147.86006934938248"
"325","325","0","8652.0","147.86006934938246"
"325","325","0","8654.0","147.8600693493825"
"325","325","0","8656.0","147.86006934938243"
"325","325","0","8658.0","147.86006934938302"
"325","325","0","8660.0","147.86006934938322"
"325","325","0","8662.0","147.86006934938231"
"325","325","0","8664.0","147.86006934938212"
"325","325","0","8666.0","147.860069349382"
"325","325","0","8668.0","147.86006934938126"
"325","325","0","8670.0","147.86006934938237"
"325","325","0","8672.0","147.8600693493832"
"325","325","0","8674.0","147.86006934938152"
"325","325","0","8676.0","147.86006934938078"
"325","325","0","8678.0","147.8600693493805"
"325","325","0","8680.0","147.86006934938118"
"325","325","0","8682.0","147.86006934938106"
"325","325","0","8684.0","147.86006934938064"
"325","325","0","8686.0","147.86006934938058"
"325","325","0","8688.0","147.86006934938027"
"325","325","0","8690.0","147.8600693493803"
"325","325","0","8692.0","147.86006934938095"
"325","325","0","8694.0","147.86006934938067"
"325","325","0","8696.0","147.8600693493799"
"325","325","0","8698.0","147.86006934937987"
"325","325","0","8700.0","147.86006934937916"
"325","325","0","8702.0","147.86006934937996"
"325","325","0","8704.0","147.86006934937922"
"325","325","0","8706.0","147.86006934937973"
"325","325","0","8708.0","147.8600693493801"
"325","325","0","8710.0","147.86006934938035"
"325","325","0","8712.0","147.86006934938015"
"325","325","0","8714.0","147.86006934937956"
"325","325","0","8716.0","147.8600693493808"
"325","325","0","8718.0","147.86006934938086"
"325","325","0","8720.0","147.86006934938055"
"325","325","0","8722.0","147.86006934938138"
"325","325","0","8724.0","147.8600693493812"
"325","325","0","8726.0","147.86006934938118"
"325","325","0","8728.0","147.8600693493801"
"325","325","0","8730.0","147.86006934938052"
"325","325","0","8732.0","147.86006934938115"
"325","325","0","8734.0","147.8600693493805"
"325","325","0","8736.0","147.86006934937978"
"325","325","0","8738.0","147.86006934938055"
"325","325","0","8740.0","147.8600693493814"
"325","325","0","8742.0","147.86006934938098"
"325","325","0","8744.0","147.8600693493799"
"325","325","0","8746.0","147.86006934938058"
"325","325","0","8748.0","147.8600693493803"
"325","325","0","8750.0","147.86006934937993"
"325","325","0","8752.0","147.86006934937956"
"325","325","0","8754.0","147.86006934938044"
"325","325","0","8756.0","147.86006934938047"
"325","325","0","8758.0","147.86006934937976"
"325","325","0","8760.0","147.86006934937865"
"325","325","0","8762.0","147.86006934937757"
"325","325","0","8764.0","147.86006934937882"
"325","325","0","8766.0","147.86006934937853"
"325","325","0","8768.0","147.86006934937853"
"325","325","0","8770.0","147.8600693493776"
"325","325","0","8772.0","147.86006934937723"
"325","325","0","8774.0","147.86006934937691"
"325","325","0","8776.0","147.86006934937726"
"325","325","0","8778.0","147.86006934937666"
"325","325","0","8780.0","147.86006934937674"
"325","325","0","8782.0","147.8600693493769"
"325","325","0","8784.0","147.86006934937814"
"325","325","0","8786.0","147.86006934937916"
"325","325","0","8788.0","147.86006934937836"
"325","325","0","8790.0","147.86006934937845"
"325","325","0","8792.0","147.86006934937822"
"325","325","0","8794.0","147.8600693493773"
"325","325","0","8796.0","147.86006934937822"
"325","325","0","8798.0","147.8600693493774"
"325","325","0","8800.0","147.86006934937734"
"325","325","0","8802.0","147.86006934937762"
"325","325","0","8804.0","147.86006934937706"
"325","325","0","8806.0","147.86006934937748"
"325","325","0","8808.0","147.86006934937757"
"325","325","0","8810.0","147.86006934937785"
"325","325","0","8812.0","147.86006934937836"
"325","325","0","8814.0","147.86006934937936"
"325","325","0","8816.0","147.8600693493793"
"325","325","0","8818.0","147.86006934937842"
"325","325","0","8820.0","147.8600693493789"
"325","325","0","8822.0","147.86006934937774"
"325","325","0","8824.0","147.86006934937814"
"325","325","0","8826.0","147.86006934937916"
"325","325","0","8828.0","147.86006934937916"
"325","325","0","8830.0","147.86006934938035"
"325","325","0","8832.0","147.8600693493801"
"325","325","0","8834.0","147.8600693493805"
"325","325","0","8836.0","147.86006934938"
"325","325","0","8838.0","147.86006934937973"
"325","325","0","8840.0","147.86006934937853"
"325","325","0","8842.0","147.8600693493781"
"325","325","0","8844.0","147.86006934937774"
"325","325","0","8846.0","147.86006934937674"
"325","325","0","8848.0","147.86006934937674"
"325","325","0","8850.0","147.86006934937686"
"325","325","0","8852.0","147.8600693493772"
"325","325","0","8854.0","147.86006934937691"
"325","325","0","8856.0","147.86006934937683"
"325","325","0","8858.0","147.86006934937734"
"325","325","0","8860.0","147.86006934937768"
"325","325","0","8862.0","147.86006934937726"
"325","325","0","8864.0","147.86006934937774"
"325","325","0","8866.0","147.86006934937691"
"325","325","0","8868.0","147.86006934937723"
"325","325","0","8870.0","147.86006934937785"
"325","325","0","8872.0","147.86006934937674"
"325","325","0","8874.0","147.86006934937578"
"325","325","0","8876.0","147.86006934937615"
"325","325","0","8878.0","147.86006934937575"
"325","325","0","8880.0","147.86006934937575"
"325","325","0","8882.0","147.86006934937578"
"325","325","0","8884.0","147.86006934937623"
"325","325","0","8886.0","147.8600693493755"
"325","325","0","8888.0","147.8600693493751"
"325","325","0","8890.0","147.86006934937535"
"325","325","0","8892.0","147.86006934937518"
"325","325","0","8894.0","147.86006934937527"
"325","325","0","8896.0","147.8600693493744"
"325","325","0","8898.0","147.86006934937478"
"325","325","0","8900.0","147.8600693493744"
"325","325","0","8902.0","147.86006934937424"
"325","325","0","8904.0","147.860069349374"
"325","325","0","8906.0","147.86006934937416"
"325","325","0","8908.0","147.86006934937393"
"325","325","0","8910.0","147.86006934937407"
"325","325","0","8912.0","147.86006934937342"
"325","325","0","8914.0","147.86006934937365"
"325","325","0","8916.0","147.86006934937325"
"325","325","0","8918.0","147.86006934937274"
"325","325","0","8920.0","147.86006934937316"
"325","325","0","8922.0","147.86006934937333"
"325","325","0","8924.0","147.86006934937257"
"325","325","0","8926.0","147.86006934937313"
"325","325","0","8928.0","147.86006934937285"
"325","325","0","8930.0","147.86006934937254"
"325","325","0","8932.0","147.8600693493733"
"325","325","0","8934.0","147.86006934937353"
"325","325","0","8936.0","147.86006934937427"
"325","325","0","8938.0","147.86006934937487"
"325","325","0","8940.0","147.86006934937512"
"325","325","0","8942.0","147.8600693493761"
"325","325","0","8944.0","147.860069349376"
"325","325","0","8946.0","147.8600693493762"
"325","325","0","8948.0","147.8600693493765"
"325","325","0","8950.0","147.8600693493754"
"325","325","0","8952.0","147.86006934937575"
"325","325","0","8954.0","147.8600693493762"
"325","325","0","8956.0","147.8600693493761"
"325","325","0","8958.0","147.86006934937572"
"325","325","0","8960.0","147.8600693493755"
"325","325","0","8962.0","147.86006934937603"
"325","325","0","8964.0","147.8600693493769"
"325","325","0","8966.0","147.8600693493763"
"325","325","0","8968.0","147.8600693493763"
"325","325","0","8970.0","147.86006934937637"
"325","325","0","8972.0","147.8600693493764"
"325","325","0","8974.0","147.86006934937646"
"325","325","0","8976.0","147.86006934937657"
"325","325","0","8978.0","147.86006934937677"
"325","325","0","8980.0","147.86006934937683"
"325","325","0","8982.0","147.86006934937765"
"325","325","0","8984.0","147.86006934937728"
"325","325","0","8986.0","147.86006934937723"
"325","325","0","8988.0","147.86006934937592"
"325","325","0","8990.0","147.86006934937603"
"325","325","0","8992.0","147.86006934937612"
"325","325","0","8994.0","147.86006934937538"
"325","325","0","8996.0","147.86006934937413"
"325","325","0","8998.0","147.86006934937512"
"325","325","0","9000.0","147.86006934937467"
"325","325","0","9002.0","147.8600693493753"
"325","325","0","9004.0","147.86006934937646"
"325","325","0","9006.0","147.86006934937564"
"325","325","0","9008.0","147.86006934937603"
"325","325","0","9010.0","147.86006934937615"
"325","325","0","9012.0","147.86006934937572"
"325","325","0","9014.0","147.86006934937572"
"325","325","0","9016.0","147.86006934937558"
"325","325","0","9018.0","147.86006934937626"
"325","325","0","9020.0","147.860069349376"
"325","325","0","9022.0","147.86006934937612"
"325","325","0","9024.0","147.8600693493767"
"325","325","0","9026.0","147.86006934937717"
"325","325","0","9028.0","147.86006934937643"
"325","325","0","9030.0","147.86006934937654"
"325","325","0","9032.0","147.8600693493769"
"325","325","0","9034.0","147.86006934937726"
"325","325","0","9036.0","147.86006934937777"
"325","325","0","9038.0","147.8600693493777"
"325","325","0","9040.0","147.86006934937797"
"325","325","0","9042.0","147.8600693493782"
"325","325","0","9044.0","147.86006934937856"
"325","325","0","9046.0","147.86006934937876"
"325","325","0","9048.0","147.86006934937822"
"325","325","0","9050.0","147.8600693493783"
"325","325","0","9052.0","147.86006934937816"
"325","325","0","9054.0","147.86006934937748"
"325","325","0","9056.0","147.86006934937762"
"325","325","0","9058.0","147.86006934937828"
"325","325","0","9060.0","147.86006934937848"
"325","325","0","9062.0","147.86006934937834"
"325","325","0","9064.0","147.86006934937848"
"325","325","0","9066.0","147.86006934937933"
"325","325","0","9068.0","147.86006934937936"
"325","325","0","9070.0","147.8600693493788"
"325","325","0","9072.0","147.86006934937842"
"325","325","0","9074.0","147.86006934937836"
"325","325","0","9076.0","147.86006934937825"
"325","325","0","9078.0","147.86006934937842"
"325","325","0","9080.0","147.860069349379"
"325","325","0","9082.0","147.8600693493791"
"325","325","0","9084.0","147.86006934937998"
"325","325","0","9086.0","147.86006934938027"
"325","325","0","9088.0","147.86006934937996"
"325","325","0","9090.0","147.8600693493795"
"325","325","0","9092.0","147.86006934937942"
"325","325","0","9094.0","147.86006934937902"
"325","325","0","9096.0","147.86006934937956"
"325","325","0","9098.0","147.86006934937956"
"325","325","0","9100.0","147.8600693493796"
"325","325","0","9102.0","147.86006934937996"
"325","325","0","9104.0","147.8600693493801"
"325","325","0","9106.0","147.86006934937993"
"325","325","0","9108.0","147.86006934938"
"325","325","0","9110.0","147.86006934937953"
"325","325","0","9112.0","147.8600693493796"
"325","325","0","9114.0","147.8600693493793"
"325","325","0","9116.0","147.8600693493792"
"325","325","0","9118.0","147.8600693493794"
"325","325","0","9120.0","147.8600693493794"
"325","325","0","9122.0","147.86006934937856"
"325","325","0","9124.0","147.86006934937907"
"325","325","0","9126.0","147.8600693493796"
"325","325","0","9128.0","147.8600693493798"
"325","325","0","9130.0","147.86006934937907"
"325","325","0","9132.0","147.86006934937893"
"325","325","0","9134.0","147.86006934937916"
"325","325","0","9136.0","147.86006934937888"
"325","325","0","9138.0","147.86006934937927"
"325","325","0","9140.0","147.8600693493795"
"325","325","0","9142.0","147.86006934937973"
"325","325","0","9144.0","147.86006934937933"
"325","325","0","9146.0","147.86006934937922"
"325","325","0","9148.0","147.8600693493796"
"325","325","0","9150.0","147.86006934938007"
"325","325","0","9152.0","147.86006934938"
"325","325","0","9154.0","147.8600693493796"
"325","325","0","9156.0","147.8600693493793"
"325","325","0","9158.0","147.86006934937973"
"325","325","0","9160.0","147.86006934938007"
"325","325","0","9162.0","147.86006934937984"
"325","325","0","9164.0","147.86006934938007"
"325","325","0","9166.0","147.86006934938004"
"325","325","0","9168.0","147.8600693493799"
"325","325","0","9170.0","147.86006934938044"
"325","325","0","9172.0","147.86006934938075"
"325","325","0","9174.0","147.8600693493809"
"325","325","0","9176.0","147.8600693493808"
"325","325","0","9178.0","147.86006934938032"
"325","325","0","9180.0","147.86006934938055"
"325","325","0","9182.0","147.86006934938104"
"325","325","0","9184.0","147.86006934938078"
"325","325","0","9186.0","147.8600693493804"
"325","325","0","9188.0","147.86006934938067"
"325","325","0","9190.0","147.86006934938115"
"325","325","0","9192.0","147.8600693493814"
"325","325","0","9194.0","147.86006934938084"
"325","325","0","9196.0","147.86006934938098"
"325","325","0","9198.0","147.86006934938086"
"325","325","0","9200.0","147.8600693493811"
"325","325","0","9202.0","147.86006934938055"
"325","325","0","9204.0","147.86006934937996"
"325","325","0","9206.0","147.86006934937961"
"325","325","0","9208.0","147.8600693493792"
"325","325","0","9210.0","147.86006934937942"
"325","325","0","9212.0","147.86006934937987"
"325","325","0","9214.0","147.8600693493802"
"325","325","0","9216.0","147.8600693493798"
"325","325","0","9218.0","147.86006934937984"
"325","325","0","9220.0","147.86006934937978"
"325","325","0","9222.0","147.86006934938024"
"325","325","0","9224.0","147.86006934938027"
"325","325","0","9226.0","147.86006934937978"
"325","325","0","9228.0","147.86006934938004"
"325","325","0","9230.0","147.86006934937978"
"325","325","0","9232.0","147.86006934937984"
"325","325","0","9234.0","147.86006934937922"
"325","325","0","9236.0","147.86006934937902"
"325","325","0","9238.0","147.86006934937907"
"325","325","0","9240.0","147.86006934937961"
"325","325","0","9242.0","147.86006934937978"
"325","325","0","9244.0","147.86006934938038"
"325","325","0","9246.0","147.86006934938055"
"325","325","0","9248.0","147.86006934938064"
"325","325","0","9250.0","147.86006934938013"
"325","325","0","9252.0","147.8600693493802"
"325","325","0","9254.0","147.86006934938027"
"325","325","0","9256.0","147.86006934937998"
"325","325","0","9258.0","147.86006934937984"
"325","325","0","9260.0","147.86006934937967"
"325","325","0","9262.0","147.86006934937993"
"325","325","0","9264.0","147.8600693493803"
"325","325","0","9266.0","147.86006934938024"
"325","325","0","9268.0","147.86006934938015"
"325","325","0","9270.0","147.8600693493803"
"325","325","0","9272.0","147.86006934937978"
"325","325","0","9274.0","147.86006934937944"
"325","325","0","9276.0","147.86006934937961"
"325","325","0","9278.0","147.8600693493794"
"325","325","0","9280.0","147.8600693493789"
"325","325","0","9282.0","147.86006934937893"
"325","325","0","9284.0","147.8600693493788"
"325","325","0","9286.0","147.8600693493786"
"325","325","0","9288.0","147.86006934937885"
"325","325","0","9290.0","147.86006934937865"
"325","325","0","9292.0","147.86006934937834"
"325","325","0","9294.0","147.860069349378"
"325","325","0","9296.0","147.86006934937848"
"325","325","0","9298.0","147.86006934937816"
"325","325","0","9300.0","147.86006934937774"
"325","325","0","9302.0","147.86006934937865"
"325","325","0","9304.0","147.86006934937822"
"325","325","0","9306.0","147.8600693493778"
"325","325","0","9308.0","147.86006934937834"
"325","325","0","9310.0","147.86006934937814"
"325","325","0","9312.0","147.86006934937865"
"325","325","0","9314.0","147.8600693493791"
"325","325","0","9316.0","147.86006934937927"
"325","325","0","9318.0","147.8600693493793"
"325","325","0","9320.0","147.8600693493795"
"325","325","0","9322.0","147.86006934937882"
"325","325","0","9324.0","147.86006934937927"
"325","325","0","9326.0","147.86006934937961"
"325","325","0","9328.0","147.86006934937967"
"325","325","0","9330.0","147.86006934937987"
"325","325","0","9332.0","147.86006934937973"
"325","325","0","9334.0","147.86006934937953"
"325","325","0","9336.0","147.8600693493794"
"325","325","0","9338.0","147.86006934937933"
"325","325","0","9340.0","147.86006934937947"
"325","325","0","9342.0","147.8600693493796"
"325","325","0","9344.0","147.8600693493799"
"325","325","0","9346.0","147.86006934938018"
"325","325","0","9348.0","147.8600693493798"
"325","325","0","9350.0","147.86006934938"
"325","325","0","9352.0","147.8600693493797"
"325","325","0","9354.0","147.86006934937976"
"325","325","0","9356.0","147.86006934937947"
"325","325","0","9358.0","147.86006934937888"
"325","325","0","9360.0","147.86006934937882"
"325","325","0","9362.0","147.860069349379"
"325","325","0","9364.0","147.86006934937944"
"325","325","0","9366.0","147.86006934937873"
"325","325","0","9368.0","147.8600693493787"
"325","325","0","9370.0","147.8600693493783"
"325","325","0","9372.0","147.8600693493783"
"325","325","0","9374.0","147.8600693493782"
"325","325","0","9376.0","147.8600693493782"
"325","325","0","9378.0","147.8600693493778"
"325","325","0","9380.0","147.8600693493769"
"325","325","0","9382.0","147.8600693493782"
"325","325","0","9384.0","147.86006934937905"
"325","325","0","9386.0","147.860069349379"
"325","325","0","9388.0","147.8600693493792"
"325","325","0","9390.0","147.86006934937927"
"325","325","0","9392.0","147.8600693493794"
"325","325","0","9394.0","147.86006934937927"
"325","325","0","9396.0","147.86006934937893"
"325","325","0","9398.0","147.86006934937893"
"325","325","0","9400.0","147.86006934937882"
"325","325","0","9402.0","147.86006934937873"
"325","325","0","9404.0","147.86006934937856"
"325","325","0","9406.0","147.86006934937822"
"325","325","0","9408.0","147.86006934937868"
"325","325","0","9410.0","147.86006934937834"
"325","325","0","9412.0","147.8600693493786"
"325","325","0","9414.0","147.86006934937933"
"325","325","0","9416.0","147.86006934937888"
"325","325","0","9418.0","147.86006934937913"
"325","325","0","9420.0","147.86006934937853"
"325","325","0","9422.0","147.8600693493788"
"325","325","0","9424.0","147.8600693493788"
"325","325","0","9426.0","147.86006934937916"
"325","325","0","9428.0","147.86006934937922"
"325","325","0","9430.0","147.8600693493789"
"325","325","0","9432.0","147.8600693493793"
"325","325","0","9434.0","147.86006934937862"
"325","325","0","9436.0","147.8600693493787"
"325","325","0","9438.0","147.8600693493787"
"325","325","0","9440.0","147.86006934937922"
"325","325","0","9442.0","147.86006934937944"
"325","325","0","9444.0","147.8600693493794"
"325","325","0","9446.0","147.86006934937936"
"325","325","0","9448.0","147.8600693493795"
"325","325","0","9450.0","147.86006934937961"
"325","325","0","9452.0","147.86006934938004"
"325","325","0","9454.0","147.86006934937944"
"325","325","0","9456.0","147.86006934937956"
"325","325","0","9458.0","147.86006934937947"
"325","325","0","9460.0","147.86006934937944"
"325","325","0","9462.0","147.86006934937944"
"325","325","0","9464.0","147.86006934937961"
"325","325","0","9466.0","147.86006934937933"
"325","325","0","9468.0","147.86006934937916"
"325","325","0","9470.0","147.86006934937893"
"325","325","0","9472.0","147.86006934937944"
"325","325","0","9474.0","147.8600693493794"
"325","325","0","9476.0","147.86006934937927"
"325","325","0","9478.0","147.86006934937927"
"325","325","0","9480.0","147.860069349379"
"325","325","0","9482.0","147.86006934937882"
"325","325","0","9484.0","147.86006934937868"
"325","325","0","9486.0","147.86006934937848"
"325","325","0","9488.0","147.86006934937927"
"325","325","0","9490.0","147.86006934937905"
"325","325","0","9492.0","147.8600693493791"
"325","325","0","9494.0","147.86006934937916"
"325","325","0","9496.0","147.86006934937896"
"325","325","0","9498.0","147.86006934937922"
"325","325","0","9500.0","147.860069349379"
"325","325","0","9502.0","147.8600693493793"
"325","325","0","9504.0","147.86006934937907"
"325","325","0","9506.0","147.86006934937893"
"325","325","0","9508.0","147.86006934937924"
"325","325","0","9510.0","147.86006934937902"
"325","325","0","9512.0","147.86006934937893"
"325","325","0","9514.0","147.86006934937893"
"325","325","0","9516.0","147.8600693493785"
"325","325","0","9518.0","147.86006934937913"
"325","325","0","9520.0","147.86006934937888"
"325","325","0","9522.0","147.86006934937924"
"325","325","0","9524.0","147.86006934937933"
"325","325","0","9526.0","147.86006934937922"
"325","325","0","9528.0","147.86006934937961"
"325","325","0","9530.0","147.86006934937961"
"325","325","0","9532.0","147.8600693493798"
"325","325","0","9534.0","147.8600693493801"
"325","325","0","9536.0","147.86006934938052"
"325","325","0","9538.0","147.86006934938092"
"325","325","0","9540.0","147.86006934938064"
"325","325","0","9542.0","147.86006934938123"
"325","325","0","9544.0","147.8600693493811"
"325","325","0","9546.0","147.86006934938132"
"325","325","0","9548.0","147.86006934938126"
"325","325","0","9550.0","147.86006934938095"
"325","325","0","9552.0","147.860069349381"
"325","325","0","9554.0","147.86006934938098"
"325","325","0","9556.0","147.86006934938155"
"325","325","0","9558.0","147.86006934938166"
"325","325","0","9560.0","147.86006934938175"
"325","325","0","9562.0","147.86006934938203"
"325","325","0","9564.0","147.86006934938175"
"325","325","0","9566.0","147.86006934938152"
"325","325","0","9568.0","147.86006934938163"
"325","325","0","9570.0","147.86006934938217"
"325","325","0","9572.0","147.86006934938257"
"325","325","0","9574.0","147.86006934938283"
"325","325","0","9576.0","147.86006934938268"
"325","325","0","9578.0","147.86006934938285"
"325","325","0","9580.0","147.8600693493826"
"325","325","0","9582.0","147.86006934938257"
"325","325","0","9584.0","147.86006934938277"
"325","325","0","9586.0","147.86006934938305"
"325","325","0","9588.0","147.8600693493831"
"325","325","0","9590.0","147.86006934938263"
"325","325","0","9592.0","147.86006934938254"
"325","325","0","9594.0","147.86006934938285"
"325","325","0","9596.0","147.8600693493824"
"325","325","0","9598.0","147.8600693493823"
"325","325","0","9600.0","147.8600693493827"
"325","325","0","9602.0","147.86006934938285"
"325","325","0","9604.0","147.8600693493829"
"325","325","0","9606.0","147.86006934938285"
"325","325","0","9608.0","147.8600693493829"
"325","325","0","9610.0","147.8600693493831"
"325","325","0","9612.0","147.8600693493833"
"325","325","0","9614.0","147.86006934938314"
"325","325","0","9616.0","147.8600693493828"
"325","325","0","9618.0","147.86006934938337"
"325","325","0","9620.0","147.86006934938342"
"325","325","0","9622.0","147.86006934938325"
"325","325","0","9624.0","147.86006934938328"
"325","325","0","9626.0","147.86006934938322"
"325","325","0","9628.0","147.86006934938348"
"325","325","0","9630.0","147.86006934938308"
"325","325","0","9632.0","147.86006934938305"
"325","325","0","9634.0","147.8600693493826"
"325","325","0","9636.0","147.8600693493823"
"325","325","0","9638.0","147.8600693493818"
"325","325","0","9640.0","147.86006934938126"
"325","325","0","9642.0","147.86006934938118"
"325","325","0","9644.0","147.8600693493813"
"325","325","0","9646.0","147.86006934938118"
"325","325","0","9648.0","147.8600693493812"
"325","325","0","9650.0","147.86006934938112"
"325","325","0","9652.0","147.86006934938152"
"325","325","0","9654.0","147.8600693493812"
"325","325","0","9656.0","147.86006934938138"
"325","325","0","9658.0","147.86006934938163"
"325","325","0","9660.0","147.8600693493816"
"325","325","0","9662.0","147.86006934938177"
"325","325","0","9664.0","147.86006934938118"
"325","325","0","9666.0","147.86006934938126"
"325","325","0","9668.0","147.86006934938143"
"325","325","0","9670.0","147.86006934938126"
"325","325","0","9672.0","147.8600693493815"
"325","325","0","9674.0","147.8600693493813"
"325","325","0","9676.0","147.86006934938132"
"325","325","0","9678.0","147.86006934938112"
"325","325","0","9680.0","147.86006934938104"
"325","325","0","9682.0","147.86006934938095"
"325","325","0","9684.0","147.86006934938104"
"325","325","0","9686.0","147.86006934938106"
"325","325","0","9688.0","147.86006934938138"
"325","325","0","9690.0","147.8600693493815"
"325","325","0","9692.0","147.86006934938138"
"325","325","0","9694.0","147.86006934938126"
"325","325","0","9696.0","147.86006934938115"
"325","325","0","9698.0","147.86006934938135"
"325","325","0","9700.0","147.86006934938152"
"325","325","0","9702.0","147.86006934938146"
"325","325","0","9704.0","147.8600693493813"
"325","325","0","9706.0","147.8600693493813"
"325","325","0","9708.0","147.8600693493815"
"325","325","0","9710.0","147.86006934938146"
"325","325","0","9712.0","147.86006934938146"
"325","325","0","9714.0","147.86006934938163"
"325","325","0","9716.0","147.86006934938172"
"325","325","0","9718.0","147.8600693493818"
"325","325","0","9720.0","147.86006934938183"
"325","325","0","9722.0","147.8600693493817"
"325","325","0","9724.0","147.86006934938172"
"325","325","0","9726.0","147.86006934938143"
"325","325","0","9728.0","147.8600693493814"
"325","325","0","9730.0","147.86006934938135"
"325","325","0","9732.0","147.86006934938132"
"325","325","0","9734.0","147.86006934938115"
"325","325","0","9736.0","147.86006934938106"
"325","325","0","9738.0","147.86006934938104"
"325","325","0","9740.0","147.86006934938106"
"325","325","0","9742.0","147.86006934938112"
"325","325","0","9744.0","147.86006934938118"
"325","325","0","9746.0","147.8600693493811"
"325","325","0","9748.0","147.86006934938106"
"325","325","0","9750.0","147.8600693493809"
"325","325","0","9752.0","147.86006934938075"
"325","325","0","9754.0","147.86006934938052"
"325","325","0","9756.0","147.86006934938055"
"325","325","0","9758.0","147.86006934938055"
"325","325","0","9760.0","147.86006934938052"
"325","325","0","9762.0","147.86006934938078"
"325","325","0","9764.0","147.8600693493807"
"325","325","0","9766.0","147.86006934938078"
"325","325","0","9768.0","147.8600693493806"
"325","325","0","9770.0","147.86006934938106"
"325","325","0","9772.0","147.8600693493809"
"325","325","0","9774.0","147.86006934938064"
"325","325","0","9776.0","147.86006934938067"
"325","325","0","9778.0","147.8600693493808"
"325","325","0","9780.0","147.86006934938052"
"325","325","0","9782.0","147.8600693493807"
"325","325","0","9784.0","147.8600693493806"
"325","325","0","9786.0","147.86006934938047"
"325","325","0","9788.0","147.86006934938078"
"325","325","0","9790.0","147.86006934938072"
"325","325","0","9792.0","147.86006934938064"
"325","325","0","9794.0","147.8600693493808"
"325","325","0","9796.0","147.86006934938112"
"325","325","0","9798.0","147.8600693493811"
"325","325","0","9800.0","147.8600693493814"
"325","325","0","9802.0","147.86006934938126"
"325","325","0","9804.0","147.86006934938135"
"325","325","0","9806.0","147.86006934938123"
"325","325","0","9808.0","147.86006934938078"
"325","325","0","9810.0","147.86006934938092"
"325","325","0","9812.0","147.8600693493812"
"325","325","0","9814.0","147.8600693493811"
"325","325","0","9816.0","147.86006934938118"
"325","325","0","9818.0","147.86006934938098"
"325","325","0","9820.0","147.8600693493809"
"325","325","0","9822.0","147.86006934938095"
"325","325","0","9824.0","147.8600693493807"
"325","325","0","9826.0","147.86006934938072"
"325","325","0","9828.0","147.86006934938072"
"325","325","0","9830.0","147.86006934938092"
"325","325","0","9832.0","147.86006934938112"
"325","325","0","9834.0","147.86006934938138"
"325","325","0","9836.0","147.86006934938123"
"325","325","0","9838.0","147.86006934938104"
"325","325","0","9840.0","147.86006934938104"
"325","325","0","9842.0","147.860069349381"
"325","325","0","9844.0","147.86006934938078"
"325","325","0","9846.0","147.86006934938098"
"325","325","0","9848.0","147.8600693493812"
"325","325","0","9850.0","147.8600693493812"
"325","325","0","9852.0","147.8600693493811"
"325","325","0","9854.0","147.86006934938143"
"325","325","0","9856.0","147.86006934938123"
"325","325","0","9858.0","147.86006934938135"
"325","325","0","9860.0","147.86006934938163"
"325","325","0","9862.0","147.86006934938183"
"325","325","0","9864.0","147.86006934938192"
"325","325","0","9866.0","147.8600693493818"
"325","325","0","9868.0","147.86006934938166"
"325","325","0","9870.0","147.86006934938152"
"325","325","0","9872.0","147.8600693493815"
"325","325","0","9874.0","147.86006934938155"
"325","325","0","9876.0","147.8600693493815"
"325","325","0","9878.0","147.86006934938138"
"325","325","0","9880.0","147.86006934938146"
"325","325","0","9882.0","147.86006934938143"
"325","325","0","9884.0","147.8600693493814"
"325","325","0","9886.0","147.8600693493818"
"325","325","0","9888.0","147.8600693493817"
"325","325","0","9890.0","147.86006934938143"
"325","325","0","9892.0","147.86006934938143"
"325","325","0","9894.0","147.86006934938118"
"325","325","0","9896.0","147.86006934938098"
"325","325","0","9898.0","147.8600693493808"
"325","325","0","9900.0","147.86006934938123"
"325","325","0","9902.0","147.86006934938132"
"325","325","0","9904.0","147.86006934938143"
"325","325","0","9906.0","147.86006934938132"
"325","325","0","9908.0","147.86006934938115"
"325","325","0","9910.0","147.86006934938112"
"325","325","0","9912.0","147.8600693493807"
"325","325","0","9914.0","147.86006934938132"
"325","325","0","9916.0","147.86006934938115"
"325","325","0","9918.0","147.86006934938112"
"325","325","0","9920.0","147.86006934938115"
"325","325","0","9922.0","147.86006934938104"
"325","325","0","9924.0","147.86006934938115"
"325","325","0","9926.0","147.8600693493812"
"325","325","0","9928.0","147.86006934938126"
"325","325","0","9930.0","147.86006934938106"
"325","325","0","9932.0","147.86006934938098"
"325","325","0","9934.0","147.8600693493813"
"325","325","0","9936.0","147.8600693493808"
"325","325","0","9938.0","147.86006934938135"
"325","325","0","9940.0","147.8600693493815"
"325","325","0","9942.0","147.86006934938138"
"325","325","0","9944.0","147.86006934938126"
"325","325","0","9946.0","147.86006934938112"
"325","325","0","9948.0","147.86006934938126"
"325","325","0","9950.0","147.86006934938123"
"325","325","0","9952.0","147.86006934938112"
"325","325","0","9954.0","147.86006934938084"
"325","325","0","9956.0","147.86006934938086"
"325","325","0","9958.0","147.86006934938098"
"325","325","0","9960.0","147.86006934938098"
"325","325","0","9962.0","147.8600693493811"
"325","325","0","9964.0","147.8600693493811"
"325","325","0","9966.0","147.86006934938118"
"325","325","0","9968.0","147.86006934938123"
"325","325","0","9970.0","147.86006934938104"
"325","325","0","9972.0","147.8600693493809"
"325","325","0","9974.0","147.86006934938084"
"325","325","0","9976.0","147.86006934938104"
"325","325","0","9978.0","147.86006934938115"
"325","325","0","9980.0","147.86006934938098"
"325","325","0","9982.0","147.86006934938098"
"325","325","0","9984.0","147.86006934938098"
"325","325","0","9986.0","147.86006934938132"
"325","325","0","9988.0","147.8600693493813"
"325","325","0","9990.0","147.86006934938118"
"325","325","0","9992.0","147.86006934938092"
"325","325","0","9994.0","147.86006934938112"
"325","325","0","9996.0","147.860069349381"
"325","325","0","9998.0","147.8600693493811"
"325","325","0","10000.0","147.8600693493811"
"325","325","0","10002.0","147.8600693493811"
"450","450","0","0.0","0.0"
"450","450","0","2.0","8.229617091300424"
"450","450","0","4.0","18.267978131522042"
"450","450","0","6.0","33.15306590591304"
"450","450","0","8.0","55.1289259914116"
"450","450","0","10.0","71.43261024523446"
"450","450","0","12.0","86.02955601333123"
"450","450","0","14.0","100.53523188225623"
"450","450","0","16.0","122.186676476014"
"450","450","0","18.0","176.054919412065"
"450","450","0","20.0","395.7219341009157"
"450","450","0","22.0","409.69229897303694"
"450","450","0","24.0","410.70551412182914"
"450","450","0","26.0","411.6905627015673"
"450","450","0","28.0","412.6268039663598"
"450","450","0","30.0","413.37661421864703"
"450","450","0","32.0","414.07804226180093"
"450","450","0","34.0","414.7640553471372"
"450","450","0","36.0","415.42523882658764"
"450","450","0","38.0","416.05549572903726"
"450","450","0","40.0","416.575871669266"
"450","450","0","42.0","417.05226317304107"
"450","450","0","44.0","417.5121789831859"
"450","450","0","46.0","417.9456234616205"
"450","450","0","48.0","418.32708587708294"
"450","450","0","50.0","418.6640844170674"
"450","450","0","52.0","418.97945802322636"
"450","450","0","54.0","419.2833666703205"
"450","450","0","56.0","419.57620317879923"
"450","450","0","58.0","419.84622663953076"
"450","450","0","60.0","420.0941810036831"
"450","450","0","62.0","420.32896291520683"
"450","450","0","64.0","420.5522412264223"
"450","450","0","66.0","420.76542009028213"
"450","450","0","68.0","420.9613375014018"
"450","450","0","70.0","421.13785414704193"
"450","450","0","72.0","421.2839323111928"
"450","450","0","74.0","421.39896420241007"
"450","450","0","76.0","421.4944324771332"
"450","450","0","78.0","421.5782410280758"
"450","450","0","80.0","421.65108972583454"
"450","450","0","82.0","421.71773521974376"
"450","450","0","84.0","421.7755092228526"
"450","450","0","86.0","421.8227690436448"
"450","450","0","88.0","421.86184537065276"
"450","450","0","90.0","421.89531926922376"
"450","450","0","92.0","421.92473193764346"
"450","450","0","94.0","421.95146881670456"
"450","450","0","96.0","421.9743207768252"
"450","450","0","98.0","421.99437705884844"
"450","450","0","100.0","422.011354430028"
"450","450","0","102.0","422.0191142687754"
"450","450","0","104.0","422.0230507444291"
"450","450","0","106.0","422.0259320570693"
"450","450","0","108.0","422.02795315829667"
"450","450","0","110.0","422.0298919436966"
"450","450","0","112.0","422.0317019364331"
"450","450","0","114.0","422.03350797884565"
"450","450","0","116.0","422.0351518519654"
"450","450","0","118.0","422.03581930305967"
"450","450","0","120.0","422.03628371799647"
"450","450","0","122.0","422.0365925530212"
"450","450","0","124.0","422.0368733252887"
"450","450","0","126.0","422.0371501025192"
"450","450","0","128.0","422.0373939241982"
"450","450","0","130.0","422.0374628690588"
"450","450","0","132.0","422.0374920151951"
"450","450","0","134.0","422.03751732194024"
"450","450","0","136.0","422.0375462696777"
"450","450","0","138.0","422.03756936334133"
"450","450","0","140.0","422.037590470324"
"450","450","0","142.0","422.0376127412383"
"450","450","0","144.0","422.03762864772784"
"450","450","0","146.0","422.03764234381686"
"450","450","0","148.0","422.03765221762484"
"450","450","0","150.0","422.0376590918437"
"450","450","0","152.0","422.03765976500154"
"450","450","0","154.0","422.0376597648059"
"450","450","0","156.0","422.037659754648"
"450","450","0","158.0","422.03765975684684"
"450","450","0","160.0","422.03765976292334"
"450","450","0","162.0","422.03765976074635"
"450","450","0","164.0","422.0376597625584"
"450","450","0","166.0","422.03765976897915"
"450","450","0","168.0","422.0376597677803"
"450","450","0","170.0","422.03765977194877"
"450","450","0","172.0","422.0376597805109"
"450","450","0","174.0","422.037659785635"
"450","450","0","176.0","422.03765979654884"
"450","450","0","178.0","422.0376597995513"
"450","450","0","180.0","422.03765980790456"
"450","450","0","182.0","422.03765980375516"
"450","450","0","184.0","422.0376598039635"
"450","450","0","186.0","422.0376598158916"
"450","450","0","188.0","422.0376598096474"
"450","450","0","190.0","422.03765981322726"
"450","450","0","192.0","422.03765981631034"
"450","450","0","194.0","422.0376598065568"
"450","450","0","196.0","422.03765982022503"
"450","450","0","198.0","422.03765982624356"
"450","450","0","200.0","422.0376598258895"
"450","450","0","202.0","422.0376598280167"
"450","450","0","204.0","422.03765983350957"
"450","450","0","206.0","422.0376598345142"
"450","450","0","208.0","422.0376598389123"
"450","450","0","210.0","422.03765984845614"
"450","450","0","212.0","422.0376598448098"
"450","450","0","214.0","422.0376598449419"
"450","450","0","216.0","422.0376598504425"
"450","450","0","218.0","422.0376598510423"
"450","450","0","220.0","422.0376598511888"
"450","450","0","222.0","422.0376598586539"
"450","450","0","224.0","422.0376598587246"
"450","450","0","226.0","422.03765985605867"
"450","450","0","228.0","422.03765986036285"
"450","450","0","230.0","422.03765985571954"
"450","450","0","232.0","422.03765986060773"
"450","450","0","234.0","422.03765987017584"
"450","450","0","236.0","422.0376598721771"
"450","450","0","238.0","422.0376598781177"
"450","450","0","240.0","422.03765988204026"
"450","450","0","242.0","422.0376598822285"
"450","450","0","244.0","422.03765987984224"
"450","450","0","246.0","422.037659886054"
"450","450","0","248.0","422.03765989466626"
"450","450","0","250.0","422.0376599022861"
"450","450","0","252.0","422.0376599045106"
"450","450","0","254.0","422.03765989375336"
"450","450","0","256.0","422.03765989758165"
"450","450","0","258.0","422.0376598895266"
"450","450","0","260.0","422.0376598886488"
"450","450","0","262.0","422.03765988884413"
"450","450","0","264.0","422.0376598896975"
"450","450","0","266.0","422.03765989984873"
"450","450","0","268.0","422.03765990247814"
"450","450","0","270.0","422.0376598986703"
"450","450","0","272.0","422.0376598988378"
"450","450","0","274.0","422.0376598983919"
"450","450","0","276.0","422.0376598957766"
"450","450","0","278.0","422.0376598874862"
"450","450","0","280.0","422.0376598856396"
"450","450","0","282.0","422.0376598878995"
"450","450","0","284.0","422.0376598874189"
"450","450","0","286.0","422.0376598870467"
"450","450","0","288.0","422.0376598882703"
"450","450","0","290.0","422.0376598876"
"450","450","0","292.0","422.0376598920612"
"450","450","0","294.0","422.0376598823008"
"450","450","0","296.0","422.03765988775694"
"450","450","0","298.0","422.03765988968536"
"450","450","0","300.0","422.0376598958983"
"450","450","0","302.0","422.03765989256624"
"450","450","0","304.0","422.0376598995456"
"450","450","0","306.0","422.0376599004935"
"450","450","0","308.0","422.0376599076855"
"450","450","0","310.0","422.0376599132351"
"450","450","0","312.0","422.03765992150556"
"450","450","0","314.0","422.0376599188878"
"450","450","0","316.0","422.03765991324155"
"450","450","0","318.0","422.03765989869316"
"450","450","0","320.0","422.0376599043935"
"450","450","0","322.0","422.0376599050683"
"450","450","0","324.0","422.03765990551506"
"450","450","0","326.0","422.03765990900615"
"450","450","0","328.0","422.03765991023965"
"450","450","0","330.0","422.037659910468"
"450","450","0","332.0","422.0376599120966"
"450","450","0","334.0","422.0376599233268"
"450","450","0","336.0","422.03765992607606"
"450","450","0","338.0","422.0376599271544"
"450","450","0","340.0","422.03765992574745"
"450","450","0","342.0","422.03765992527224"
"450","450","0","344.0","422.0376599304489"
"450","450","0","346.0","422.03765992713414"
"450","450","0","348.0","422.0376599405496"
"450","450","0","350.0","422.03765994036775"
"450","450","0","352.0","422.03765994209533"
"450","450","0","354.0","422.0376599406608"
"450","450","0","356.0","422.0376599356112"
"450","450","0","358.0","422.0376599488792"
"450","450","0","360.0","422.03765994563724"
"450","450","0","362.0","422.03765994738023"
"450","450","0","364.0","422.03765994665486"
"450","450","0","366.0","422.0376599350611"
"450","450","0","368.0","422.0376599341945"
"450","450","0","370.0","422.0376599340582"
"450","450","0","372.0","422.037659938919"
"450","450","0","374.0","422.03765995040555"
"450","450","0","376.0","422.03765994564804"
"450","450","0","378.0","422.0376599485842"
"450","450","0","380.0","422.03765994619664"
"450","450","0","382.0","422.03765995894287"
"450","450","0","384.0","422.03765994938055"
"450","450","0","386.0","422.03765994690025"
"450","450","0","388.0","422.0376599529375"
"450","450","0","390.0","422.0376599532058"
"450","450","0","392.0","422.03765995641714"
"450","450","0","394.0","422.03765995832816"
"450","450","0","396.0","422.0376599599933"
"450","450","0","398.0","422.03765996223274"
"450","450","0","400.0","422.03765995009167"
"450","450","0","402.0","422.03765995692584"
"450","450","0","404.0","422.037659962897"
"450","450","0","406.0","422.0376599644262"
"450","450","0","408.0","422.03765997096383"
"450","450","0","410.0","422.0376599656669"
"450","450","0","412.0","422.03765996630887"
"450","450","0","414.0","422.03765996438324"
"450","450","0","416.0","422.03765996640806"
"450","450","0","418.0","422.03765996565005"
"450","450","0","420.0","422.03765996636366"
"450","450","0","422.0","422.0376599652603"
"450","450","0","424.0","422.037659976034"
"450","450","0","426.0","422.0376599726967"
"450","450","0","428.0","422.0376599688464"
"450","450","0","430.0","422.0376599689096"
"450","450","0","432.0","422.03765997053614"
"450","450","0","434.0","422.037659962872"
"450","450","0","436.0","422.037659969175"
"450","450","0","438.0","422.03765997098714"
"450","450","0","440.0","422.03765996791316"
"450","450","0","442.0","422.03765996373346"
"450","450","0","444.0","422.0376599666529"
"450","450","0","446.0","422.037659964501"
"450","450","0","448.0","422.03765996662844"
"450","450","0","450.0","422.03765996317384"
"450","450","0","452.0","422.03765996100066"
"450","450","0","454.0","422.0376599663232"
"450","450","0","456.0","422.03765996804486"
"450","450","0","458.0","422.0376599700933"
"450","450","0","460.0","422.0376599754682"
"450","450","0","462.0","422.0376599768243"
"450","450","0","464.0","422.0376599767109"
"450","450","0","466.0","422.0376599808327"
"450","450","0","468.0","422.03765997651544"
"450","450","0","470.0","422.0376599836972"
"450","450","0","472.0","422.0376599834626"
"450","450","0","474.0","422.0376599885402"
"450","450","0","476.0","422.037659986873"
"450","450","0","478.0","422.0376599886654"
"450","450","0","480.0","422.0376599854466"
"450","450","0","482.0","422.03765998350855"
"450","450","0","484.0","422.0376599852823"
"450","450","0","486.0","422.037659984574"
"450","450","0","488.0","422.0376599843576"
"450","450","0","490.0","422.0376599821759"
"450","450","0","492.0","422.03765997262633"
"450","450","0","494.0","422.0376599778504"
"450","450","0","496.0","422.03765997606456"
"450","450","0","498.0","422.0376599722966"
"450","450","0","500.0","422.0376599790019"
"450","450","0","502.0","422.0376599829806"
"450","450","0","504.0","422.0376599776731"
"450","450","0","506.0","422.03765997854026"
"450","450","0","508.0","422.0376599828119"
"450","450","0","510.0","422.0376599878326"
"450","450","0","512.0","422.0376599756213"
"450","450","0","514.0","422.03765997437563"
"450","450","0","516.0","422.0376599793326"
"450","450","0","518.0","422.03765997346954"
"450","450","0","520.0","422.0376599677286"
"450","450","0","522.0","422.03765997376456"
"450","450","0","524.0","422.0376599762988"
"450","450","0","526.0","422.0376599718368"
"450","450","0","528.0","422.0376599666492"
"450","450","0","530.0","422.03765997748565"
"450","450","0","532.0","422.0376599803389"
"450","450","0","534.0","422.0376599804761"
"450","450","0","536.0","422.03765998351446"
"450","450","0","538.0","422.03765998176794"
"450","450","0","540.0","422.03765998718586"
"450","450","0","542.0","422.03765999052257"
"450","450","0","544.0","422.03765999379914"
"450","450","0","546.0","422.03765999115194"
"450","450","0","548.0","422.0376599933775"
"450","450","0","550.0","422.0376599912346"
"450","450","0","552.0","422.03765999767046"
"450","450","0","554.0","422.0376600037564"
"450","450","0","556.0","422.0376600042698"
"450","450","0","558.0","422.0376600015972"
"450","450","0","560.0","422.0376599978937"
"450","450","0","562.0","422.03765999350503"
"450","450","0","564.0","422.03765999648755"
"450","450","0","566.0","422.03765999848116"
"450","450","0","568.0","422.03765999654746"
"450","450","0","570.0","422.0376599990275"
"450","450","0","572.0","422.03766000215984"
"450","450","0","574.0","422.03765999376714"
"450","450","0","576.0","422.03765999336747"
"450","450","0","578.0","422.03765999509324"
"450","450","0","580.0","422.037659999828"
"450","450","0","582.0","422.0376600049735"
"450","450","0","584.0","422.0376600009742"
"450","450","0","586.0","422.03766000006783"
"450","450","0","588.0","422.0376600022686"
"450","450","0","590.0","422.0376599985889"
"450","450","0","592.0","422.03765999770076"
"450","450","0","594.0","422.0376599917748"
"450","450","0","596.0","422.0376599903487"
"450","450","0","598.0","422.0376599960849"
"450","450","0","600.0","422.0376600029324"
"450","450","0","602.0","422.0376600022044"
"450","450","0","604.0","422.03766000384263"
"450","450","0","606.0","422.037660011049"
"450","450","0","608.0","422.03766001118333"
"450","450","0","610.0","422.0376600150105"
"450","450","0","612.0","422.0376600201374"
"450","450","0","614.0","422.03766001343604"
"450","450","0","616.0","422.03766001077497"
"450","450","0","618.0","422.03766001040935"
"450","450","0","620.0","422.03766000799016"
"450","450","0","622.0","422.0376600023111"
"450","450","0","624.0","422.0376600081931"
"450","450","0","626.0","422.03766001174307"
"450","450","0","628.0","422.0376600134588"
"450","450","0","630.0","422.03766001621005"
"450","450","0","632.0","422.0376600215095"
"450","450","0","634.0","422.03766002520075"
"450","450","0","636.0","422.0376600273234"
"450","450","0","638.0","422.03766002424163"
"450","450","0","640.0","422.037660026612"
"450","450","0","642.0","422.03766002910584"
"450","450","0","644.0","422.03766002962647"
"450","450","0","646.0","422.03766002795203"
"450","450","0","648.0","422.03766002741463"
"450","450","0","650.0","422.0376600237289"
"450","450","0","652.0","422.03766002199256"
"450","450","0","654.0","422.03766001884617"
"450","450","0","656.0","422.0376600263543"
"450","450","0","658.0","422.0376600274902"
"450","450","0","660.0","422.037660026486"
"450","450","0","662.0","422.0376600290116"
"450","450","0","664.0","422.0376600357705"
"450","450","0","666.0","422.03766003187206"
"450","450","0","668.0","422.0376600327587"
"450","450","0","670.0","422.0376600313228"
"450","450","0","672.0","422.03766003201093"
"450","450","0","674.0","422.0376600341216"
"450","450","0","676.0","422.03766003941917"
"450","450","0","678.0","422.037660043496"
"450","450","0","680.0","422.0376600461052"
"450","450","0","682.0","422.0376600486624"
"450","450","0","684.0","422.0376600497707"
"450","450","0","686.0","422.0376600526895"
"450","450","0","688.0","422.0376600489445"
"450","450","0","690.0","422.03766005165363"
"450","450","0","692.0","422.0376600533337"
"450","450","0","694.0","422.0376600538527"
"450","450","0","696.0","422.0376600557258"
"450","450","0","698.0","422.0376600571691"
"450","450","0","700.0","422.0376600609096"
"450","450","0","702.0","422.03766006006447"
"450","450","0","704.0","422.0376600611448"
"450","450","0","706.0","422.0376600685718"
"450","450","0","708.0","422.03766006838816"
"450","450","0","710.0","422.0376600665478"
"450","450","0","712.0","422.037660066362"
"450","450","0","714.0","422.0376600620467"
"450","450","0","716.0","422.03766006445915"
"450","450","0","718.0","422.0376600714178"
"450","450","0","720.0","422.0376600723831"
"450","450","0","722.0","422.03766007459603"
"450","450","0","724.0","422.0376600712386"
"450","450","0","726.0","422.0376600703755"
"450","450","0","728.0","422.0376600708907"
"450","450","0","730.0","422.0376600743411"
"450","450","0","732.0","422.03766007312674"
"450","450","0","734.0","422.037660072057"
"450","450","0","736.0","422.03766007060017"
"450","450","0","738.0","422.0376600691283"
"450","450","0","740.0","422.03766007294087"
"450","450","0","742.0","422.03766007240574"
"450","450","0","744.0","422.0376600716379"
"450","450","0","746.0","422.0376600728092"
"450","450","0","748.0","422.0376600683024"
"450","450","0","750.0","422.03766006764084"
"450","450","0","752.0","422.0376600668216"
"450","450","0","754.0","422.03766006769615"
"450","450","0","756.0","422.0376600661124"
"450","450","0","758.0","422.0376600674979"
"450","450","0","760.0","422.0376600748675"
"450","450","0","762.0","422.0376600759775"
"450","450","0","764.0","422.03766007926737"
"450","450","0","766.0","422.0376600820286"
"450","450","0","768.0","422.03766008894974"
"450","450","0","770.0","422.0376600858093"
"450","450","0","772.0","422.03766008529135"
"450","450","0","774.0","422.037660080589"
"450","450","0","776.0","422.0376600851505"
"450","450","0","778.0","422.0376600801563"
"450","450","0","780.0","422.03766007495926"
"450","450","0","782.0","422.0376600822557"
"450","450","0","784.0","422.03766009114963"
"450","450","0","786.0","422.0376600929493"
"450","450","0","788.0","422.037660096275"
"450","450","0","790.0","422.03766009728093"
"450","450","0","792.0","422.0376601006329"
"450","450","0","794.0","422.0376601016004"
"450","450","0","796.0","422.0376601028829"
"450","450","0","798.0","422.0376601019648"
"450","450","0","800.0","422.0376601042994"
"450","450","0","802.0","422.03766010395594"
"450","450","0","804.0","422.0376601040602"
"450","450","0","806.0","422.0376601005058"
"450","450","0","808.0","422.0376600997121"
"450","450","0","810.0","422.0376601053324"
"450","450","0","812.0","422.0376601086867"
"450","450","0","814.0","422.0376601094357"
"450","450","0","816.0","422.0376601110048"
"450","450","0","818.0","422.03766010591835"
"450","450","0","820.0","422.0376601102461"
"450","450","0","822.0","422.037660111964"
"450","450","0","824.0","422.0376601088417"
"450","450","0","826.0","422.03766011061316"
"450","450","0","828.0","422.0376601077411"
"450","450","0","830.0","422.0376601062803"
"450","450","0","832.0","422.0376601031198"
"450","450","0","834.0","422.0376601025736"
"450","450","0","836.0","422.03766010705505"
"450","450","0","838.0","422.0376601071643"
"450","450","0","840.0","422.03766010879207"
"450","450","0","842.0","422.0376601089616"
"450","450","0","844.0","422.0376601098652"
"450","450","0","846.0","422.03766010795823"
"450","450","0","848.0","422.0376601092874"
"450","450","0","850.0","422.037660108582"
"450","450","0","852.0","422.0376601084889"
"450","450","0","854.0","422.037660112755"
"450","450","0","856.0","422.0376601122779"
"450","450","0","858.0","422.0376601155901"
"450","450","0","860.0","422.03766011840713"
"450","450","0","862.0","422.0376601195262"
"450","450","0","864.0","422.03766012224287"
"450","450","0","866.0","422.0376601211307"
"450","450","0","868.0","422.03766012174077"
"450","450","0","870.0","422.0376601238486"
"450","450","0","872.0","422.03766012550716"
"450","450","0","874.0","422.0376601273102"
"450","450","0","876.0","422.0376601287614"
"450","450","0","878.0","422.03766012352963"
"450","450","0","880.0","422.037660121111"
"450","450","0","882.0","422.03766012047015"
"450","450","0","884.0","422.0376601221477"
"450","450","0","886.0","422.03766012124885"
"450","450","0","888.0","422.0376601217178"
"450","450","0","890.0","422.0376601207362"
"450","450","0","892.0","422.0376601268827"
"450","450","0","894.0","422.03766012684645"
"450","450","0","896.0","422.03766012789146"
"450","450","0","898.0","422.03766012506117"
"450","450","0","900.0","422.037660124067"
"450","450","0","902.0","422.0376601230607"
"450","450","0","904.0","422.0376601228234"
"450","450","0","906.0","422.03766012185076"
"450","450","0","908.0","422.03766011748075"
"450","450","0","910.0","422.0376601205192"
"450","450","0","912.0","422.03766012234104"
"450","450","0","914.0","422.037660124437"
"450","450","0","916.0","422.0376601259041"
"450","450","0","918.0","422.0376601283184"
"450","450","0","920.0","422.03766012591274"
"450","450","0","922.0","422.0376601299335"
"450","450","0","924.0","422.03766013464275"
"450","450","0","926.0","422.0376601361027"
"450","450","0","928.0","422.0376601315047"
"450","450","0","930.0","422.03766012941657"
"450","450","0","932.0","422.0376601239018"
"450","450","0","934.0","422.03766011863814"
"450","450","0","936.0","422.03766011810956"
"450","450","0","938.0","422.0376601154829"
"450","450","0","940.0","422.037660118112"
"450","450","0","942.0","422.03766011694836"
"450","450","0","944.0","422.0376601184575"
"450","450","0","946.0","422.0376601202857"
"450","450","0","948.0","422.03766012024454"
"450","450","0","950.0","422.0376601195536"
"450","450","0","952.0","422.03766012177005"
"450","450","0","954.0","422.03766012329055"
"450","450","0","956.0","422.0376601265857"
"450","450","0","958.0","422.03766012473665"
"450","450","0","960.0","422.03766011999056"
"450","450","0","962.0","422.03766012405345"
"450","450","0","964.0","422.0376601197701"
"450","450","0","966.0","422.0376601222367"
"450","450","0","968.0","422.0376601225274"
"450","450","0","970.0","422.03766012471254"
"450","450","0","972.0","422.0376601270649"
"450","450","0","974.0","422.03766012929316"
"450","450","0","976.0","422.03766013201977"
"450","450","0","978.0","422.0376601331759"
"450","450","0","980.0","422.0376601359432"
"450","450","0","982.0","422.0376601357844"
"450","450","0","984.0","422.0376601377473"
"450","450","0","986.0","422.03766014365783"
"450","450","0","988.0","422.03766014685743"
"450","450","0","990.0","422.03766014237465"
"450","450","0","992.0","422.03766013955834"
"450","450","0","994.0","422.0376601425452"
"450","450","0","996.0","422.0376601414456"
"450","450","0","998.0","422.03766014191046"
"450","450","0","1000.0","422.03766014222845"
"450","450","0","1002.0","422.03766013969766"
"450","450","0","1004.0","422.0376601430908"
"450","450","0","1006.0","422.03766014288584"
"450","450","0","1008.0","422.0376601395621"
"450","450","0","1010.0","422.0376601375551"
"450","450","0","1012.0","422.03766014333513"
"450","450","0","1014.0","422.03766013928873"
"450","450","0","1016.0","422.03766014444096"
"450","450","0","1018.0","422.0376601419384"
"450","450","0","1020.0","422.03766014124534"
"450","450","0","1022.0","422.0376601420793"
"450","450","0","1024.0","422.0376601445495"
"450","450","0","1026.0","422.03766014353346"
"450","450","0","1028.0","422.037660143528"
"450","450","0","1030.0","422.03766014273265"
"450","450","0","1032.0","422.03766014268786"
"450","450","0","1034.0","422.0376601432216"
"450","450","0","1036.0","422.0376601459662"
"450","450","0","1038.0","422.03766014384036"
"450","450","0","1040.0","422.0376601384626"
"450","450","0","1042.0","422.0376601383666"
"450","450","0","1044.0","422.03766013770354"
"450","450","0","1046.0","422.03766013908876"
"450","450","0","1048.0","422.0376601367479"
"450","450","0","1050.0","422.0376601379579"
"450","450","0","1052.0","422.0376601349404"
"450","450","0","1054.0","422.0376601369932"
"450","450","0","1056.0","422.037660138523"
"450","450","0","1058.0","422.0376601351746"
"450","450","0","1060.0","422.03766013657446"
"450","450","0","1062.0","422.03766013740335"
"450","450","0","1064.0","422.03766013806427"
"450","450","0","1066.0","422.0376601363413"
"450","450","0","1068.0","422.0376601392322"
"450","450","0","1070.0","422.0376601366819"
"450","450","0","1072.0","422.03766013556617"
"450","450","0","1074.0","422.03766013467794"
"450","450","0","1076.0","422.0376601306374"
"450","450","0","1078.0","422.0376601294257"
"450","450","0","1080.0","422.03766013215227"
"450","450","0","1082.0","422.03766013285343"
"450","450","0","1084.0","422.03766013059584"
"450","450","0","1086.0","422.03766013259303"
"450","450","0","1088.0","422.037660135236"
"450","450","0","1090.0","422.0376601348456"
"450","450","0","1092.0","422.0376601335809"
"450","450","0","1094.0","422.0376601272115"
"450","450","0","1096.0","422.0376601298705"
"450","450","0","1098.0","422.03766013073823"
"450","450","0","1100.0","422.03766012767943"
"450","450","0","1102.0","422.0376601306608"
"450","450","0","1104.0","422.0376601295421"
"450","450","0","1106.0","422.0376601321866"
"450","450","0","1108.0","422.03766013213396"
"450","450","0","1110.0","422.0376601338431"
"450","450","0","1112.0","422.0376601391384"
"450","450","0","1114.0","422.0376601391335"
"450","450","0","1116.0","422.03766013799543"
"450","450","0","1118.0","422.0376601376282"
"450","450","0","1120.0","422.03766013606923"
"450","450","0","1122.0","422.03766013704825"
"450","450","0","1124.0","422.03766013946023"
"450","450","0","1126.0","422.03766013482965"
"450","450","0","1128.0","422.03766013738607"
"450","450","0","1130.0","422.0376601376884"
"450","450","0","1132.0","422.03766013805665"
"450","450","0","1134.0","422.03766013641786"
"450","450","0","1136.0","422.03766013453446"
"450","450","0","1138.0","422.03766013525166"
"450","450","0","1140.0","422.0376601354428"
"450","450","0","1142.0","422.0376601340768"
"450","450","0","1144.0","422.0376601335888"
"450","450","0","1146.0","422.0376601333278"
"450","450","0","1148.0","422.0376601325437"
"450","450","0","1150.0","422.0376601336365"
"450","450","0","1152.0","422.03766013643394"
"450","450","0","1154.0","422.0376601411069"
"450","450","0","1156.0","422.03766013972165"
"450","450","0","1158.0","422.0376601389869"
"450","450","0","1160.0","422.037660138716"
"450","450","0","1162.0","422.03766013745235"
"450","450","0","1164.0","422.03766013635084"
"450","450","0","1166.0","422.03766013271644"
"450","450","0","1168.0","422.0376601326317"
"450","450","0","1170.0","422.03766013361627"
"450","450","0","1172.0","422.03766012997113"
"450","450","0","1174.0","422.03766013740454"
"450","450","0","1176.0","422.0376601376445"
"450","450","0","1178.0","422.03766013307336"
"450","450","0","1180.0","422.0376601357823"
"450","450","0","1182.0","422.0376601380909"
"450","450","0","1184.0","422.03766013496937"
"450","450","0","1186.0","422.0376601363948"
"450","450","0","1188.0","422.03766014041895"
"450","450","0","1190.0","422.03766014064763"
"450","450","0","1192.0","422.03766014354323"
"450","450","0","1194.0","422.03766014370416"
"450","450","0","1196.0","422.0376601449789"
"450","450","0","1198.0","422.0376601488673"
"450","450","0","1200.0","422.0376601490587"
"450","450","0","1202.0","422.03766014953175"
"450","450","0","1204.0","422.03766014910826"
"450","450","0","1206.0","422.0376601494223"
"450","450","0","1208.0","422.0376601476556"
"450","450","0","1210.0","422.037660149252"
"450","450","0","1212.0","422.03766014705946"
"450","450","0","1214.0","422.0376601468943"
"450","450","0","1216.0","422.03766014740495"
"450","450","0","1218.0","422.037660150214"
"450","450","0","1220.0","422.0376601479808"
"450","450","0","1222.0","422.0376601497514"
"450","450","0","1224.0","422.03766015161807"
"450","450","0","1226.0","422.0376601501715"
"450","450","0","1228.0","422.03766014856143"
"450","450","0","1230.0","422.03766015075684"
"450","450","0","1232.0","422.0376601504027"
"450","450","0","1234.0","422.037660152072"
"450","450","0","1236.0","422.03766015117776"
"450","450","0","1238.0","422.03766015190644"
"450","450","0","1240.0","422.0376601511212"
"450","450","0","1242.0","422.0376601493703"
"450","450","0","1244.0","422.0376601489214"
"450","450","0","1246.0","422.0376601488505"
"450","450","0","1248.0","422.03766014971035"
"450","450","0","1250.0","422.0376601534074"
"450","450","0","1252.0","422.0376601541265"
"450","450","0","1254.0","422.03766015815484"
"450","450","0","1256.0","422.037660160831"
"450","450","0","1258.0","422.0376601621561"
"450","450","0","1260.0","422.03766016045364"
"450","450","0","1262.0","422.0376601640736"
"450","450","0","1264.0","422.03766016066385"
"450","450","0","1266.0","422.03766016212046"
"450","450","0","1268.0","422.03766016207834"
"450","450","0","1270.0","422.0376601596992"
"450","450","0","1272.0","422.0376601597861"
"450","450","0","1274.0","422.03766015893325"
"450","450","0","1276.0","422.0376601601697"
"450","450","0","1278.0","422.0376601623147"
"450","450","0","1280.0","422.03766016002356"
"450","450","0","1282.0","422.03766016399817"
"450","450","0","1284.0","422.03766016517295"
"450","450","0","1286.0","422.037660165105"
"450","450","0","1288.0","422.0376601644846"
"450","450","0","1290.0","422.03766016865416"
"450","450","0","1292.0","422.03766017152753"
"450","450","0","1294.0","422.0376601739505"
"450","450","0","1296.0","422.0376601731566"
"450","450","0","1298.0","422.0376601724129"
"450","450","0","1300.0","422.03766017215514"
"450","450","0","1302.0","422.0376601717262"
"450","450","0","1304.0","422.03766017465085"
"450","450","0","1306.0","422.0376601739577"
"450","450","0","1308.0","422.037660175992"
"450","450","0","1310.0","422.03766017716"
"450","450","0","1312.0","422.03766017878525"
"450","450","0","1314.0","422.0376601766117"
"450","450","0","1316.0","422.03766017753225"
"450","450","0","1318.0","422.03766017569455"
"450","450","0","1320.0","422.0376601753023"
"450","450","0","1322.0","422.0376601767884"
"450","450","0","1324.0","422.0376601741357"
"450","450","0","1326.0","422.03766017843463"
"450","450","0","1328.0","422.0376601802966"
"450","450","0","1330.0","422.0376601796861"
"450","450","0","1332.0","422.03766017820925"
"450","450","0","1334.0","422.0376601795397"
"450","450","0","1336.0","422.0376601789111"
"450","450","0","1338.0","422.0376601799703"
"450","450","0","1340.0","422.03766018059855"
"450","450","0","1342.0","422.0376601778981"
"450","450","0","1344.0","422.03766018347204"
"450","450","0","1346.0","422.03766018622395"
"450","450","0","1348.0","422.0376601852607"
"450","450","0","1350.0","422.037660183746"
"450","450","0","1352.0","422.03766018287746"
"450","450","0","1354.0","422.03766018251537"
"450","450","0","1356.0","422.0376601818611"
"450","450","0","1358.0","422.03766017997845"
"450","450","0","1360.0","422.03766018306"
"450","450","0","1362.0","422.03766018362467"
"450","450","0","1364.0","422.03766018367924"
"450","450","0","1366.0","422.0376601857889"
"450","450","0","1368.0","422.0376601877087"
"450","450","0","1370.0","422.03766018683757"
"450","450","0","1372.0","422.03766018493184"
"450","450","0","1374.0","422.0376601848716"
"450","450","0","1376.0","422.0376601831867"
"450","450","0","1378.0","422.03766018344515"
"450","450","0","1380.0","422.0376601811294"
"450","450","0","1382.0","422.03766018370374"
"450","450","0","1384.0","422.03766018334954"
"450","450","0","1386.0","422.03766018132603"
"450","450","0","1388.0","422.03766018589863"
"450","450","0","1390.0","422.03766018613766"
"450","450","0","1392.0","422.0376601849999"
"450","450","0","1394.0","422.03766018881146"
"450","450","0","1396.0","422.03766018608394"
"450","450","0","1398.0","422.0376601860675"
"450","450","0","1400.0","422.03766018524016"
"450","450","0","1402.0","422.0376601835004"
"450","450","0","1404.0","422.0376601826486"
"450","450","0","1406.0","422.03766018547987"
"450","450","0","1408.0","422.0376601873127"
"450","450","0","1410.0","422.0376601899077"
"450","450","0","1412.0","422.0376601908676"
"450","450","0","1414.0","422.037660193723"
"450","450","0","1416.0","422.03766019152306"
"450","450","0","1418.0","422.0376601899745"
"450","450","0","1420.0","422.03766019116233"
"450","450","0","1422.0","422.037660192536"
"450","450","0","1424.0","422.03766019230994"
"450","450","0","1426.0","422.0376601923625"
"450","450","0","1428.0","422.0376601939049"
"450","450","0","1430.0","422.037660191042"
"450","450","0","1432.0","422.03766019107957"
"450","450","0","1434.0","422.0376601913706"
"450","450","0","1436.0","422.03766019238293"
"450","450","0","1438.0","422.0376601915508"
"450","450","0","1440.0","422.0376601908776"
"450","450","0","1442.0","422.0376601890089"
"450","450","0","1444.0","422.037660190605"
"450","450","0","1446.0","422.03766019144877"
"450","450","0","1448.0","422.03766019084395"
"450","450","0","1450.0","422.0376601905939"
"450","450","0","1452.0","422.0376601933515"
"450","450","0","1454.0","422.0376601946119"
"450","450","0","1456.0","422.03766019048487"
"450","450","0","1458.0","422.0376601893903"
"450","450","0","1460.0","422.03766019102846"
"450","450","0","1462.0","422.03766019265873"
"450","450","0","1464.0","422.0376601920252"
"450","450","0","1466.0","422.0376601898757"
"450","450","0","1468.0","422.03766019067837"
"450","450","0","1470.0","422.03766019017775"
"450","450","0","1472.0","422.0376601903977"
"450","450","0","1474.0","422.0376601902224"
"450","450","0","1476.0","422.03766018887137"
"450","450","0","1478.0","422.0376601882261"
"450","450","0","1480.0","422.0376601913098"
"450","450","0","1482.0","422.0376601903383"
"450","450","0","1484.0","422.03766018780345"
"450","450","0","1486.0","422.0376601873178"
"450","450","0","1488.0","422.0376601912553"
"450","450","0","1490.0","422.03766019088187"
"450","450","0","1492.0","422.0376601890687"
"450","450","0","1494.0","422.037660191188"
"450","450","0","1496.0","422.0376601917308"
"450","450","0","1498.0","422.0376601920091"
"450","450","0","1500.0","422.03766019220404"
"450","450","0","1502.0","422.0376601941886"
"450","450","0","1504.0","422.03766019246046"
"450","450","0","1506.0","422.0376601946721"
"450","450","0","1508.0","422.03766019675925"
"450","450","0","1510.0","422.03766019429213"
"450","450","0","1512.0","422.037660196248"
"450","450","0","1514.0","422.0376601969674"
"450","450","0","1516.0","422.0376601981772"
"450","450","0","1518.0","422.0376601980992"
"450","450","0","1520.0","422.0376601974618"
"450","450","0","1522.0","422.03766019875053"
"450","450","0","1524.0","422.03766020233655"
"450","450","0","1526.0","422.03766020211043"
"450","450","0","1528.0","422.0376602037604"
"450","450","0","1530.0","422.03766020360615"
"450","450","0","1532.0","422.03766020632304"
"450","450","0","1534.0","422.0376602088752"
"450","450","0","1536.0","422.03766021038155"
"450","450","0","1538.0","422.0376602089958"
"450","450","0","1540.0","422.03766021093077"
"450","450","0","1542.0","422.0376602121414"
"450","450","0","1544.0","422.0376602116681"
"450","450","0","1546.0","422.03766021217615"
"450","450","0","1548.0","422.03766021326203"
"450","450","0","1550.0","422.0376602148206"
"450","450","0","1552.0","422.03766021239716"
"450","450","0","1554.0","422.0376602120081"
"450","450","0","1556.0","422.03766021112153"
"450","450","0","1558.0","422.037660210368"
"450","450","0","1560.0","422.03766020914"
"450","450","0","1562.0","422.0376602099093"
"450","450","0","1564.0","422.0376602089239"
"450","450","0","1566.0","422.03766020942635"
"450","450","0","1568.0","422.0376602094633"
"450","450","0","1570.0","422.0376602089504"
"450","450","0","1572.0","422.03766020870904"
"450","450","0","1574.0","422.03766020846166"
"450","450","0","1576.0","422.03766020722827"
"450","450","0","1578.0","422.0376602102687"
"450","450","0","1580.0","422.03766021013183"
"450","450","0","1582.0","422.03766021059175"
"450","450","0","1584.0","422.03766021231974"
"450","450","0","1586.0","422.0376602096841"
"450","450","0","1588.0","422.0376602097514"
"450","450","0","1590.0","422.0376602105548"
"450","450","0","1592.0","422.0376602118866"
"450","450","0","1594.0","422.0376602117165"
"450","450","0","1596.0","422.03766021061585"
"450","450","0","1598.0","422.03766021406466"
"450","450","0","1600.0","422.0376602137301"
"450","450","0","1602.0","422.0376602144806"
"450","450","0","1604.0","422.0376602157373"
"450","450","0","1606.0","422.03766021614365"
"450","450","0","1608.0","422.03766021502173"
"450","450","0","1610.0","422.03766021311867"
"450","450","0","1612.0","422.0376602171561"
"450","450","0","1614.0","422.03766021901845"
"450","450","0","1616.0","422.03766022047677"
"450","450","0","1618.0","422.0376602209072"
"450","450","0","1620.0","422.0376602195331"
"450","450","0","1622.0","422.0376602205529"
"450","450","0","1624.0","422.0376602206216"
"450","450","0","1626.0","422.0376602211953"
"450","450","0","1628.0","422.0376602204768"
"450","450","0","1630.0","422.03766022135676"
"450","450","0","1632.0","422.0376602218096"
"450","450","0","1634.0","422.0376602216927"
"450","450","0","1636.0","422.0376602224233"
"450","450","0","1638.0","422.03766022444523"
"450","450","0","1640.0","422.0376602269715"
"450","450","0","1642.0","422.0376602271957"
"450","450","0","1644.0","422.0376602279062"
"450","450","0","1646.0","422.03766022818996"
"450","450","0","1648.0","422.0376602278905"
"450","450","0","1650.0","422.0376602289419"
"450","450","0","1652.0","422.03766023020734"
"450","450","0","1654.0","422.0376602282402"
"450","450","0","1656.0","422.03766022720976"
"450","450","0","1658.0","422.0376602278226"
"450","450","0","1660.0","422.03766022653326"
"450","450","0","1662.0","422.03766022648114"
"450","450","0","1664.0","422.0376602282996"
"450","450","0","1666.0","422.03766022884207"
"450","450","0","1668.0","422.03766022801096"
"450","450","0","1670.0","422.03766022794673"
"450","450","0","1672.0","422.0376602288801"
"450","450","0","1674.0","422.0376602284365"
"450","450","0","1676.0","422.03766022603656"
"450","450","0","1678.0","422.03766022289216"
"450","450","0","1680.0","422.03766022401635"
"450","450","0","1682.0","422.0376602239446"
"450","450","0","1684.0","422.03766022604066"
"450","450","0","1686.0","422.0376602254765"
"450","450","0","1688.0","422.03766022519153"
"450","450","0","1690.0","422.0376602240702"
"450","450","0","1692.0","422.03766022202814"
"450","450","0","1694.0","422.0376602223901"
"450","450","0","1696.0","422.0376602240369"
"450","450","0","1698.0","422.03766022585904"
"450","450","0","1700.0","422.0376602261574"
"450","450","0","1702.0","422.03766022714905"
"450","450","0","1704.0","422.0376602286439"
"450","450","0","1706.0","422.0376602299304"
"450","450","0","1708.0","422.0376602288692"
"450","450","0","1710.0","422.0376602287829"
"450","450","0","1712.0","422.0376602291283"
"450","450","0","1714.0","422.0376602292208"
"450","450","0","1716.0","422.0376602298299"
"450","450","0","1718.0","422.0376602280085"
"450","450","0","1720.0","422.03766022859793"
"450","450","0","1722.0","422.0376602285456"
"450","450","0","1724.0","422.03766022774334"
"450","450","0","1726.0","422.03766022773146"
"450","450","0","1728.0","422.0376602294032"
"450","450","0","1730.0","422.03766022865875"
"450","450","0","1732.0","422.03766022907706"
"450","450","0","1734.0","422.0376602275827"
"450","450","0","1736.0","422.0376602255961"
"450","450","0","1738.0","422.03766022603133"
"450","450","0","1740.0","422.03766022527316"
"450","450","0","1742.0","422.0376602249077"
"450","450","0","1744.0","422.03766022469847"
"450","450","0","1746.0","422.0376602253646"
"450","450","0","1748.0","422.03766022557363"
"450","450","0","1750.0","422.0376602256072"
"450","450","0","1752.0","422.0376602254856"
"450","450","0","1754.0","422.03766022529555"
"450","450","0","1756.0","422.03766022465624"
"450","450","0","1758.0","422.03766022578486"
"450","450","0","1760.0","422.03766022674097"
"450","450","0","1762.0","422.03766022366415"
"450","450","0","1764.0","422.0376602247575"
"450","450","0","1766.0","422.0376602247371"
"450","450","0","1768.0","422.03766022436685"
"450","450","0","1770.0","422.0376602242378"
"450","450","0","1772.0","422.0376602263598"
"450","450","0","1774.0","422.03766022722544"
"450","450","0","1776.0","422.0376602290451"
"450","450","0","1778.0","422.0376602307848"
"450","450","0","1780.0","422.03766023041646"
"450","450","0","1782.0","422.03766023020415"
"450","450","0","1784.0","422.037660229268"
"450","450","0","1786.0","422.0376602282118"
"450","450","0","1788.0","422.03766022824936"
"450","450","0","1790.0","422.03766022982427"
"450","450","0","1792.0","422.0376602308461"
"450","450","0","1794.0","422.0376602296697"
"450","450","0","1796.0","422.03766023063054"
"450","450","0","1798.0","422.0376602304491"
"450","450","0","1800.0","422.03766022927596"
"450","450","0","1802.0","422.0376602287504"
"450","450","0","1804.0","422.03766022837993"
"450","450","0","1806.0","422.03766022864465"
"450","450","0","1808.0","422.0376602304674"
"450","450","0","1810.0","422.03766023059904"
"450","450","0","1812.0","422.0376602304916"
"450","450","0","1814.0","422.03766022985917"
"450","450","0","1816.0","422.03766023055806"
"450","450","0","1818.0","422.03766022882303"
"450","450","0","1820.0","422.03766022826295"
"450","450","0","1822.0","422.0376602269349"
"450","450","0","1824.0","422.03766022719606"
"450","450","0","1826.0","422.0376602270364"
"450","450","0","1828.0","422.0376602264457"
"450","450","0","1830.0","422.03766022794815"
"450","450","0","1832.0","422.0376602296452"
"450","450","0","1834.0","422.0376602295764"
"450","450","0","1836.0","422.03766023025184"
"450","450","0","1838.0","422.0376602299542"
"450","450","0","1840.0","422.0376602306142"
"450","450","0","1842.0","422.037660228314"
"450","450","0","1844.0","422.0376602300184"
"450","450","0","1846.0","422.0376602308483"
"450","450","0","1848.0","422.03766023275443"
"450","450","0","1850.0","422.03766023336743"
"450","450","0","1852.0","422.0376602341845"
"450","450","0","1854.0","422.03766023392535"
"450","450","0","1856.0","422.0376602342635"
"450","450","0","1858.0","422.03766023462447"
"450","450","0","1860.0","422.0376602351498"
"450","450","0","1862.0","422.03766023452266"
"450","450","0","1864.0","422.03766023441125"
"450","450","0","1866.0","422.03766023509627"
"450","450","0","1868.0","422.037660235604"
"450","450","0","1870.0","422.0376602350965"
"450","450","0","1872.0","422.0376602331973"
"450","450","0","1874.0","422.0376602351097"
"450","450","0","1876.0","422.03766023689025"
"450","450","0","1878.0","422.03766023754764"
"450","450","0","1880.0","422.03766023699774"
"450","450","0","1882.0","422.03766023576117"
"450","450","0","1884.0","422.03766023627884"
"450","450","0","1886.0","422.0376602353143"
"450","450","0","1888.0","422.03766023526975"
"450","450","0","1890.0","422.03766023494893"
"450","450","0","1892.0","422.03766023427966"
"450","450","0","1894.0","422.037660235364"
"450","450","0","1896.0","422.03766023615543"
"450","450","0","1898.0","422.0376602357797"
"450","450","0","1900.0","422.03766023574815"
"450","450","0","1902.0","422.0376602351665"
"450","450","0","1904.0","422.0376602363217"
"450","450","0","1906.0","422.03766023697034"
"450","450","0","1908.0","422.03766023942336"
"450","450","0","1910.0","422.037660237061"
"450","450","0","1912.0","422.03766023676445"
"450","450","0","1914.0","422.03766023791263"
"450","450","0","1916.0","422.03766023647694"
"450","450","0","1918.0","422.0376602373602"
"450","450","0","1920.0","422.0376602377714"
"450","450","0","1922.0","422.0376602392044"
"450","450","0","1924.0","422.0376602391159"
"450","450","0","1926.0","422.0376602400806"
"450","450","0","1928.0","422.03766024114293"
"450","450","0","1930.0","422.03766024198046"
"450","450","0","1932.0","422.03766024345106"
"450","450","0","1934.0","422.03766024321135"
"450","450","0","1936.0","422.0376602434394"
"450","450","0","1938.0","422.03766024375005"
"450","450","0","1940.0","422.0376602439201"
"450","450","0","1942.0","422.03766024392274"
"450","450","0","1944.0","422.03766024299125"
"450","450","0","1946.0","422.0376602435358"
"450","450","0","1948.0","422.0376602423169"
"450","450","0","1950.0","422.037660242834"
"450","450","0","1952.0","422.03766024088065"
"450","450","0","1954.0","422.0376602411751"
"450","450","0","1956.0","422.0376602400259"
"450","450","0","1958.0","422.0376602416979"
"450","450","0","1960.0","422.0376602422883"
"450","450","0","1962.0","422.03766024332594"
"450","450","0","1964.0","422.03766024369014"
"450","450","0","1966.0","422.03766024386226"
"450","450","0","1968.0","422.0376602436152"
"450","450","0","1970.0","422.0376602435756"
"450","450","0","1972.0","422.03766024330986"
"450","450","0","1974.0","422.0376602430023"
"450","450","0","1976.0","422.0376602431302"
"450","450","0","1978.0","422.0376602436372"
"450","450","0","1980.0","422.0376602438693"
"450","450","0","1982.0","422.0376602439853"
"450","450","0","1984.0","422.03766024444303"
"450","450","0","1986.0","422.0376602446763"
"450","450","0","1988.0","422.0376602441672"
"450","450","0","1990.0","422.037660245109"
"450","450","0","1992.0","422.0376602449368"
"450","450","0","1994.0","422.03766024514056"
"450","450","0","1996.0","422.03766024641936"
"450","450","0","1998.0","422.03766024562634"
"450","450","0","2000.0","422.03766024605613"
"450","450","0","2002.0","422.0376602458885"
"450","450","0","2004.0","422.037660245501"
"450","450","0","2006.0","422.0376602456949"
"450","450","0","2008.0","422.03766024655386"
"450","450","0","2010.0","422.0376602471889"
"450","450","0","2012.0","422.0376602469701"
"450","450","0","2014.0","422.03766024759193"
"450","450","0","2016.0","422.0376602486568"
"450","450","0","2018.0","422.0376602486859"
"450","450","0","2020.0","422.0376602494896"
"450","450","0","2022.0","422.0376602503853"
"450","450","0","2024.0","422.0376602502948"
"450","450","0","2026.0","422.03766024968695"
"450","450","0","2028.0","422.0376602499916"
"450","450","0","2030.0","422.03766024937215"
"450","450","0","2032.0","422.0376602503176"
"450","450","0","2034.0","422.03766024960936"
"450","450","0","2036.0","422.03766025106256"
"450","450","0","2038.0","422.03766025050015"
"450","450","0","2040.0","422.03766025190083"
"450","450","0","2042.0","422.03766025094546"
"450","450","0","2044.0","422.0376602510149"
"450","450","0","2046.0","422.03766025126663"
"450","450","0","2048.0","422.0376602490296"
"450","450","0","2050.0","422.0376602498122"
"450","450","0","2052.0","422.03766024954217"
"450","450","0","2054.0","422.0376602506173"
"450","450","0","2056.0","422.037660251183"
"450","450","0","2058.0","422.0376602519101"
"450","450","0","2060.0","422.03766025197496"
"450","450","0","2062.0","422.03766025185234"
"450","450","0","2064.0","422.03766025188133"
"450","450","0","2066.0","422.0376602528135"
"450","450","0","2068.0","422.0376602530041"
"450","450","0","2070.0","422.0376602533942"
"450","450","0","2072.0","422.0376602529234"
"450","450","0","2074.0","422.0376602520141"
"450","450","0","2076.0","422.03766025211553"
"450","450","0","2078.0","422.03766025298967"
"450","450","0","2080.0","422.03766025287763"
"450","450","0","2082.0","422.0376602536306"
"450","450","0","2084.0","422.0376602534308"
"450","450","0","2086.0","422.0376602539354"
"450","450","0","2088.0","422.0376602554511"
"450","450","0","2090.0","422.0376602556076"
"450","450","0","2092.0","422.0376602559702"
"450","450","0","2094.0","422.0376602550367"
"450","450","0","2096.0","422.03766025541825"
"450","450","0","2098.0","422.0376602552149"
"450","450","0","2100.0","422.0376602562802"
"450","450","0","2102.0","422.0376602560242"
"450","450","0","2104.0","422.03766025596275"
"450","450","0","2106.0","422.0376602539919"
"450","450","0","2108.0","422.03766025403945"
"450","450","0","2110.0","422.0376602548218"
"450","450","0","2112.0","422.0376602555107"
"450","450","0","2114.0","422.0376602557979"
"450","450","0","2116.0","422.0376602570864"
"450","450","0","2118.0","422.0376602572667"
"450","450","0","2120.0","422.0376602572977"
"450","450","0","2122.0","422.0376602566309"
"450","450","0","2124.0","422.03766025726753"
"450","450","0","2126.0","422.0376602572169"
"450","450","0","2128.0","422.0376602574456"
"450","450","0","2130.0","422.03766025786354"
"450","450","0","2132.0","422.03766025785205"
"450","450","0","2134.0","422.0376602580255"
"450","450","0","2136.0","422.03766025712025"
"450","450","0","2138.0","422.03766025881686"
"450","450","0","2140.0","422.03766026008833"
"450","450","0","2142.0","422.0376602594297"
"450","450","0","2144.0","422.03766025868833"
"450","450","0","2146.0","422.0376602585337"
"450","450","0","2148.0","422.03766025772074"
"450","450","0","2150.0","422.03766025779913"
"450","450","0","2152.0","422.037660257242"
"450","450","0","2154.0","422.0376602565863"
"450","450","0","2156.0","422.037660256789"
"450","450","0","2158.0","422.03766025677595"
"450","450","0","2160.0","422.0376602557174"
"450","450","0","2162.0","422.0376602561418"
"450","450","0","2164.0","422.03766025623685"
"450","450","0","2166.0","422.03766025671183"
"450","450","0","2168.0","422.0376602569491"
"450","450","0","2170.0","422.0376602562442"
"450","450","0","2172.0","422.03766025557496"
"450","450","0","2174.0","422.0376602561392"
"450","450","0","2176.0","422.03766025694574"
"450","450","0","2178.0","422.0376602577643"
"450","450","0","2180.0","422.03766025774405"
"450","450","0","2182.0","422.0376602581522"
"450","450","0","2184.0","422.03766025868566"
"450","450","0","2186.0","422.0376602589578"
"450","450","0","2188.0","422.0376602588728"
"450","450","0","2190.0","422.03766025868714"
"450","450","0","2192.0","422.03766025814576"
"450","450","0","2194.0","422.03766025836217"
"450","450","0","2196.0","422.03766025860944"
"450","450","0","2198.0","422.03766025929565"
"450","450","0","2200.0","422.0376602586424"
"450","450","0","2202.0","422.0376602598591"
"450","450","0","2204.0","422.0376602595461"
"450","450","0","2206.0","422.03766025968446"
"450","450","0","2208.0","422.03766025917724"
"450","450","0","2210.0","422.0376602585863"
"450","450","0","2212.0","422.03766025794414"
"450","450","0","2214.0","422.03766025786416"
"450","450","0","2216.0","422.03766025789525"
"450","450","0","2218.0","422.0376602581695"
"450","450","0","2220.0","422.0376602561128"
"450","450","0","2222.0","422.0376602562032"
"450","450","0","2224.0","422.0376602555668"
"450","450","0","2226.0","422.0376602562493"
"450","450","0","2228.0","422.03766025638663"
"450","450","0","2230.0","422.03766025707506"
"450","450","0","2232.0","422.03766025734336"
"450","450","0","2234.0","422.03766025724775"
"450","450","0","2236.0","422.03766025848404"
"450","450","0","2238.0","422.03766025868464"
"450","450","0","2240.0","422.037660258735"
"450","450","0","2242.0","422.0376602587587"
"450","450","0","2244.0","422.03766025827554"
"450","450","0","2246.0","422.03766025916093"
"450","450","0","2248.0","422.0376602595213"
"450","450","0","2250.0","422.03766025872244"
"450","450","0","2252.0","422.0376602592003"
"450","450","0","2254.0","422.03766025913126"
"450","450","0","2256.0","422.0376602584757"
"450","450","0","2258.0","422.0376602578274"
"450","450","0","2260.0","422.0376602572503"
"450","450","0","2262.0","422.0376602573761"
"450","450","0","2264.0","422.037660257554"
"450","450","0","2266.0","422.03766025818584"
"450","450","0","2268.0","422.037660256993"
"450","450","0","2270.0","422.03766025662566"
"450","450","0","2272.0","422.0376602562326"
"450","450","0","2274.0","422.037660256781"
"450","450","0","2276.0","422.03766025629267"
"450","450","0","2278.0","422.0376602570943"
"450","450","0","2280.0","422.0376602569822"
"450","450","0","2282.0","422.0376602568686"
"450","450","0","2284.0","422.0376602566553"
"450","450","0","2286.0","422.0376602572115"
"450","450","0","2288.0","422.0376602571678"
"450","450","0","2290.0","422.03766025681574"
"450","450","0","2292.0","422.03766025673605"
"450","450","0","2294.0","422.0376602567162"
"450","450","0","2296.0","422.03766025666664"
"450","450","0","2298.0","422.03766025682717"
"450","450","0","2300.0","422.0376602573659"
"450","450","0","2302.0","422.03766025731863"
"450","450","0","2304.0","422.03766025772586"
"450","450","0","2306.0","422.0376602582377"
"450","450","0","2308.0","422.0376602592378"
"450","450","0","2310.0","422.0376602599971"
"450","450","0","2312.0","422.03766026036664"
"450","450","0","2314.0","422.0376602604313"
"450","450","0","2316.0","422.03766026017985"
"450","450","0","2318.0","422.03766025930895"
"450","450","0","2320.0","422.0376602591916"
"450","450","0","2322.0","422.03766026002563"
"450","450","0","2324.0","422.03766025959163"
"450","450","0","2326.0","422.03766025910903"
"450","450","0","2328.0","422.0376602592867"
"450","450","0","2330.0","422.03766025887853"
"450","450","0","2332.0","422.0376602590474"
"450","450","0","2334.0","422.03766025897426"
"450","450","0","2336.0","422.0376602586804"
"450","450","0","2338.0","422.0376602582572"
"450","450","0","2340.0","422.0376602582662"
"450","450","0","2342.0","422.0376602576309"
"450","450","0","2344.0","422.0376602573455"
"450","450","0","2346.0","422.03766025779"
"450","450","0","2348.0","422.03766025721563"
"450","450","0","2350.0","422.03766025799075"
"450","450","0","2352.0","422.0376602578979"
"450","450","0","2354.0","422.0376602591646"
"450","450","0","2356.0","422.037660258377"
"450","450","0","2358.0","422.03766025794533"
"450","450","0","2360.0","422.03766025867566"
"450","450","0","2362.0","422.03766025748996"
"450","450","0","2364.0","422.03766025786683"
"450","450","0","2366.0","422.0376602584683"
"450","450","0","2368.0","422.0376602594189"
"450","450","0","2370.0","422.03766025897124"
"450","450","0","2372.0","422.03766025823217"
"450","450","0","2374.0","422.03766025815185"
"450","450","0","2376.0","422.037660259472"
"450","450","0","2378.0","422.0376602589805"
"450","450","0","2380.0","422.03766025999795"
"450","450","0","2382.0","422.03766026077733"
"450","450","0","2384.0","422.0376602597511"
"450","450","0","2386.0","422.0376602588615"
"450","450","0","2388.0","422.03766026018513"
"450","450","0","2390.0","422.0376602611752"
"450","450","0","2392.0","422.0376602609923"
"450","450","0","2394.0","422.0376602600385"
"450","450","0","2396.0","422.0376602604016"
"450","450","0","2398.0","422.0376602614175"
"450","450","0","2400.0","422.037660260925"
"450","450","0","2402.0","422.037660261084"
"450","450","0","2404.0","422.0376602610934"
"450","450","0","2406.0","422.03766026174236"
"450","450","0","2408.0","422.0376602615062"
"450","450","0","2410.0","422.0376602617853"
"450","450","0","2412.0","422.0376602604944"
"450","450","0","2414.0","422.03766026051807"
"450","450","0","2416.0","422.03766026081075"
"450","450","0","2418.0","422.0376602613399"
"450","450","0","2420.0","422.0376602613265"
"450","450","0","2422.0","422.03766026172525"
"450","450","0","2424.0","422.03766026055445"
"450","450","0","2426.0","422.03766026076966"
"450","450","0","2428.0","422.03766026132007"
"450","450","0","2430.0","422.03766026122963"
"450","450","0","2432.0","422.03766026117034"
"450","450","0","2434.0","422.0376602609048"
"450","450","0","2436.0","422.03766026087334"
"450","450","0","2438.0","422.0376602604951"
"450","450","0","2440.0","422.0376602601984"
"450","450","0","2442.0","422.03766026024545"
"450","450","0","2444.0","422.0376602608207"
"450","450","0","2446.0","422.0376602606017"
"450","450","0","2448.0","422.037660260331"
"450","450","0","2450.0","422.037660260491"
"450","450","0","2452.0","422.0376602598898"
"450","450","0","2454.0","422.0376602603134"
"450","450","0","2456.0","422.03766026169"
"450","450","0","2458.0","422.03766026172303"
"450","450","0","2460.0","422.0376602606288"
"450","450","0","2462.0","422.03766026145047"
"450","450","0","2464.0","422.0376602608054"
"450","450","0","2466.0","422.0376602606025"
"450","450","0","2468.0","422.0376602616435"
"450","450","0","2470.0","422.03766026153767"
"450","450","0","2472.0","422.0376602615587"
"450","450","0","2474.0","422.0376602615751"
"450","450","0","2476.0","422.0376602606197"
"450","450","0","2478.0","422.03766026104887"
"450","450","0","2480.0","422.0376602620602"
"450","450","0","2482.0","422.03766026207046"
"450","450","0","2484.0","422.0376602623608"
"450","450","0","2486.0","422.0376602624668"
"450","450","0","2488.0","422.03766026217244"
"450","450","0","2490.0","422.0376602619433"
"450","450","0","2492.0","422.03766026216124"
"450","450","0","2494.0","422.0376602624502"
"450","450","0","2496.0","422.0376602628718"
"450","450","0","2498.0","422.037660263099"
"450","450","0","2500.0","422.03766026242"
"450","450","0","2502.0","422.0376602613264"
"450","450","0","2504.0","422.0376602624032"
"450","450","0","2506.0","422.03766026280607"
"450","450","0","2508.0","422.0376602623996"
"450","450","0","2510.0","422.0376602625201"
"450","450","0","2512.0","422.0376602630738"
"450","450","0","2514.0","422.03766026284524"
"450","450","0","2516.0","422.0376602622775"
"450","450","0","2518.0","422.0376602625796"
"450","450","0","2520.0","422.0376602631302"
"450","450","0","2522.0","422.03766026315543"
"450","450","0","2524.0","422.03766026273956"
"450","450","0","2526.0","422.03766026292516"
"450","450","0","2528.0","422.037660261479"
"450","450","0","2530.0","422.0376602621252"
"450","450","0","2532.0","422.0376602629153"
"450","450","0","2534.0","422.03766026256534"
"450","450","0","2536.0","422.0376602617514"
"450","450","0","2538.0","422.03766026166335"
"450","450","0","2540.0","422.0376602617464"
"450","450","0","2542.0","422.0376602611043"
"450","450","0","2544.0","422.037660261087"
"450","450","0","2546.0","422.03766026040626"
"450","450","0","2548.0","422.0376602610266"
"450","450","0","2550.0","422.0376602613885"
"450","450","0","2552.0","422.037660261924"
"450","450","0","2554.0","422.0376602623425"
"450","450","0","2556.0","422.03766026258853"
"450","450","0","2558.0","422.03766026308614"
"450","450","0","2560.0","422.0376602634037"
"450","450","0","2562.0","422.0376602636178"
"450","450","0","2564.0","422.03766026377417"
"450","450","0","2566.0","422.0376602640429"
"450","450","0","2568.0","422.0376602644784"
"450","450","0","2570.0","422.03766026470856"
"450","450","0","2572.0","422.0376602644782"
"450","450","0","2574.0","422.03766026470294"
"450","450","0","2576.0","422.0376602644663"
"450","450","0","2578.0","422.03766026391133"
"450","450","0","2580.0","422.0376602640602"
"450","450","0","2582.0","422.03766026310285"
"450","450","0","2584.0","422.0376602626243"
"450","450","0","2586.0","422.03766026299473"
"450","450","0","2588.0","422.0376602630995"
"450","450","0","2590.0","422.0376602638083"
"450","450","0","2592.0","422.0376602637022"
"450","450","0","2594.0","422.0376602634435"
"450","450","0","2596.0","422.0376602631077"
"450","450","0","2598.0","422.03766026308597"
"450","450","0","2600.0","422.0376602628723"
"450","450","0","2602.0","422.0376602628446"
"450","450","0","2604.0","422.03766026375683"
"450","450","0","2606.0","422.0376602639297"
"450","450","0","2608.0","422.03766026386586"
"450","450","0","2610.0","422.0376602641859"
"450","450","0","2612.0","422.0376602643208"
"450","450","0","2614.0","422.0376602652896"
"450","450","0","2616.0","422.0376602654467"
"450","450","0","2618.0","422.0376602656984"
"450","450","0","2620.0","422.0376602658738"
"450","450","0","2622.0","422.03766026687043"
"450","450","0","2624.0","422.03766026700407"
"450","450","0","2626.0","422.0376602675186"
"450","450","0","2628.0","422.0376602673346"
"450","450","0","2630.0","422.0376602675145"
"450","450","0","2632.0","422.03766026746763"
"450","450","0","2634.0","422.03766026832034"
"450","450","0","2636.0","422.03766026863445"
"450","450","0","2638.0","422.0376602686282"
"450","450","0","2640.0","422.0376602685739"
"450","450","0","2642.0","422.0376602689597"
"450","450","0","2644.0","422.0376602686082"
"450","450","0","2646.0","422.03766026824525"
"450","450","0","2648.0","422.03766026868067"
"450","450","0","2650.0","422.03766026878947"
"450","450","0","2652.0","422.03766026948546"
"450","450","0","2654.0","422.0376602701687"
"450","450","0","2656.0","422.03766027026"
"450","450","0","2658.0","422.03766027072663"
"450","450","0","2660.0","422.0376602711178"
"450","450","0","2662.0","422.0376602714897"
"450","450","0","2664.0","422.037660271531"
"450","450","0","2666.0","422.0376602713481"
"450","450","0","2668.0","422.03766027128125"
"450","450","0","2670.0","422.03766027162226"
"450","450","0","2672.0","422.0376602715485"
"450","450","0","2674.0","422.0376602725491"
"450","450","0","2676.0","422.0376602726541"
"450","450","0","2678.0","422.0376602719805"
"450","450","0","2680.0","422.0376602724093"
"450","450","0","2682.0","422.0376602726547"
"450","450","0","2684.0","422.03766027302606"
"450","450","0","2686.0","422.037660272201"
"450","450","0","2688.0","422.0376602718489"
"450","450","0","2690.0","422.03766027188396"
"450","450","0","2692.0","422.03766027275736"
"450","450","0","2694.0","422.0376602728248"
"450","450","0","2696.0","422.0376602735926"
"450","450","0","2698.0","422.03766027407306"
"450","450","0","2700.0","422.03766027419306"
"450","450","0","2702.0","422.03766027435876"
"450","450","0","2704.0","422.0376602739854"
"450","450","0","2706.0","422.0376602738354"
"450","450","0","2708.0","422.0376602736625"
"450","450","0","2710.0","422.0376602737686"
"450","450","0","2712.0","422.03766027419994"
"450","450","0","2714.0","422.03766027486546"
"450","450","0","2716.0","422.0376602760215"
"450","450","0","2718.0","422.0376602754324"
"450","450","0","2720.0","422.0376602748475"
"450","450","0","2722.0","422.0376602751428"
"450","450","0","2724.0","422.0376602743672"
"450","450","0","2726.0","422.0376602747216"
"450","450","0","2728.0","422.03766027494817"
"450","450","0","2730.0","422.0376602748008"
"450","450","0","2732.0","422.0376602743599"
"450","450","0","2734.0","422.03766027439644"
"450","450","0","2736.0","422.037660273778"
"450","450","0","2738.0","422.0376602734125"
"450","450","0","2740.0","422.0376602731195"
"450","450","0","2742.0","422.03766027303453"
"450","450","0","2744.0","422.0376602732179"
"450","450","0","2746.0","422.0376602733556"
"450","450","0","2748.0","422.0376602730372"
"450","450","0","2750.0","422.03766027273275"
"450","450","0","2752.0","422.0376602726767"
"450","450","0","2754.0","422.03766027298667"
"450","450","0","2756.0","422.0376602724864"
"450","450","0","2758.0","422.0376602731304"
"450","450","0","2760.0","422.0376602729485"
"450","450","0","2762.0","422.0376602731999"
"450","450","0","2764.0","422.0376602732454"
"450","450","0","2766.0","422.03766027335365"
"450","450","0","2768.0","422.03766027370193"
"450","450","0","2770.0","422.0376602733958"
"450","450","0","2772.0","422.03766027389906"
"450","450","0","2774.0","422.03766027389497"
"450","450","0","2776.0","422.0376602743964"
"450","450","0","2778.0","422.03766027352066"
"450","450","0","2780.0","422.03766027306085"
"450","450","0","2782.0","422.03766027291783"
"450","450","0","2784.0","422.0376602729432"
"450","450","0","2786.0","422.03766027254517"
"450","450","0","2788.0","422.0376602719983"
"450","450","0","2790.0","422.0376602719286"
"450","450","0","2792.0","422.037660271806"
"450","450","0","2794.0","422.0376602722259"
"450","450","0","2796.0","422.03766027201414"
"450","450","0","2798.0","422.037660272198"
"450","450","0","2800.0","422.03766027163675"
"450","450","0","2802.0","422.0376602716562"
"450","450","0","2804.0","422.03766027107014"
"450","450","0","2806.0","422.0376602709797"
"450","450","0","2808.0","422.03766027121935"
"450","450","0","2810.0","422.03766027185287"
"450","450","0","2812.0","422.03766027167467"
"450","450","0","2814.0","422.03766027105996"
"450","450","0","2816.0","422.03766027124334"
"450","450","0","2818.0","422.03766027179046"
"450","450","0","2820.0","422.03766027169877"
"450","450","0","2822.0","422.03766027113176"
"450","450","0","2824.0","422.0376602712281"
"450","450","0","2826.0","422.0376602719337"
"450","450","0","2828.0","422.0376602717316"
"450","450","0","2830.0","422.0376602715515"
"450","450","0","2832.0","422.037660271238"
"450","450","0","2834.0","422.03766027122094"
"450","450","0","2836.0","422.0376602711485"
"450","450","0","2838.0","422.03766027140813"
"450","450","0","2840.0","422.0376602708638"
"450","450","0","2842.0","422.03766027089716"
"450","450","0","2844.0","422.03766027069696"
"450","450","0","2846.0","422.03766026952786"
"450","450","0","2848.0","422.03766026982925"
"450","450","0","2850.0","422.03766026951877"
"450","450","0","2852.0","422.03766027052734"
"450","450","0","2854.0","422.0376602710279"
"450","450","0","2856.0","422.0376602703796"
"450","450","0","2858.0","422.037660270382"
"450","450","0","2860.0","422.0376602708579"
"450","450","0","2862.0","422.03766027022783"
"450","450","0","2864.0","422.03766027002695"
"450","450","0","2866.0","422.0376602700935"
"450","450","0","2868.0","422.0376602699097"
"450","450","0","2870.0","422.0376602693325"
"450","450","0","2872.0","422.03766026942884"
"450","450","0","2874.0","422.03766026979144"
"450","450","0","2876.0","422.0376602706942"
"450","450","0","2878.0","422.0376602706727"
"450","450","0","2880.0","422.0376602711429"
"450","450","0","2882.0","422.03766027087"
"450","450","0","2884.0","422.0376602705233"
"450","450","0","2886.0","422.03766027017537"
"450","450","0","2888.0","422.03766027012654"
"450","450","0","2890.0","422.0376602693822"
"450","450","0","2892.0","422.03766026957857"
"450","450","0","2894.0","422.0376602699555"
"450","450","0","2896.0","422.03766027061977"
"450","450","0","2898.0","422.0376602702472"
"450","450","0","2900.0","422.03766027071293"
"450","450","0","2902.0","422.037660270636"
"450","450","0","2904.0","422.0376602700267"
"450","450","0","2906.0","422.0376602694023"
"450","450","0","2908.0","422.03766027009294"
"450","450","0","2910.0","422.0376602696517"
"450","450","0","2912.0","422.037660269839"
"450","450","0","2914.0","422.0376602698742"
"450","450","0","2916.0","422.0376602705309"
"450","450","0","2918.0","422.0376602703077"
"450","450","0","2920.0","422.03766026979025"
"450","450","0","2922.0","422.0376602702306"
"450","450","0","2924.0","422.03766027036676"
"450","450","0","2926.0","422.03766027037807"
"450","450","0","2928.0","422.0376602704581"
"450","450","0","2930.0","422.03766027064654"
"450","450","0","2932.0","422.03766027074903"
"450","450","0","2934.0","422.0376602708914"
"450","450","0","2936.0","422.0376602709606"
"450","450","0","2938.0","422.0376602715604"
"450","450","0","2940.0","422.03766027156803"
"450","450","0","2942.0","422.03766027172514"
"450","450","0","2944.0","422.03766027177284"
"450","450","0","2946.0","422.0376602720814"
"450","450","0","2948.0","422.0376602720106"
"450","450","0","2950.0","422.0376602717912"
"450","450","0","2952.0","422.0376602711621"
"450","450","0","2954.0","422.03766027171935"
"450","450","0","2956.0","422.0376602714553"
"450","450","0","2958.0","422.0376602722662"
"450","450","0","2960.0","422.0376602723726"
"450","450","0","2962.0","422.0376602720583"
"450","450","0","2964.0","422.03766027180086"
"450","450","0","2966.0","422.03766027199765"
"450","450","0","2968.0","422.037660271902"
"450","450","0","2970.0","422.03766027222105"
"450","450","0","2972.0","422.0376602717917"
"450","450","0","2974.0","422.0376602725737"
"450","450","0","2976.0","422.03766027250504"
"450","450","0","2978.0","422.0376602726289"
"450","450","0","2980.0","422.0376602718206"
"450","450","0","2982.0","422.03766027131087"
"450","450","0","2984.0","422.0376602713"
"450","450","0","2986.0","422.0376602712065"
"450","450","0","2988.0","422.03766027142575"
"450","450","0","2990.0","422.03766027093417"
"450","450","0","2992.0","422.03766027160015"
"450","450","0","2994.0","422.0376602712423"
"450","450","0","2996.0","422.0376602719473"
"450","450","0","2998.0","422.0376602713788"
"450","450","0","3000.0","422.0376602713836"
"450","450","0","3002.0","422.0376602716224"
"450","450","0","3004.0","422.03766027187805"
"450","450","0","3006.0","422.03766027159867"
"450","450","0","3008.0","422.03766027233786"
"450","450","0","3010.0","422.0376602723855"
"450","450","0","3012.0","422.0376602725967"
"450","450","0","3014.0","422.03766027243"
"450","450","0","3016.0","422.0376602717174"
"450","450","0","3018.0","422.03766027168655"
"450","450","0","3020.0","422.03766027171196"
"450","450","0","3022.0","422.03766027173464"
"450","450","0","3024.0","422.0376602718243"
"450","450","0","3026.0","422.0376602712285"
"450","450","0","3028.0","422.03766027094093"
"450","450","0","3030.0","422.03766027149874"
"450","450","0","3032.0","422.03766027167165"
"450","450","0","3034.0","422.03766027136527"
"450","450","0","3036.0","422.03766027108725"
"450","450","0","3038.0","422.037660271204"
"450","450","0","3040.0","422.0376602709085"
"450","450","0","3042.0","422.0376602708733"
"450","450","0","3044.0","422.0376602704624"
"450","450","0","3046.0","422.03766027040797"
"450","450","0","3048.0","422.03766027009584"
"450","450","0","3050.0","422.0376602695947"
"450","450","0","3052.0","422.03766026988785"
"450","450","0","3054.0","422.0376602699158"
"450","450","0","3056.0","422.03766026980105"
"450","450","0","3058.0","422.0376602695294"
"450","450","0","3060.0","422.0376602698483"
"450","450","0","3062.0","422.0376602696708"
"450","450","0","3064.0","422.0376602694326"
"450","450","0","3066.0","422.03766026959914"
"450","450","0","3068.0","422.03766026999745"
"450","450","0","3070.0","422.03766027010636"
"450","450","0","3072.0","422.0376602705679"
"450","450","0","3074.0","422.03766027038347"
"450","450","0","3076.0","422.03766027092763"
"450","450","0","3078.0","422.03766027096026"
"450","450","0","3080.0","422.0376602711313"
"450","450","0","3082.0","422.0376602709518"
"450","450","0","3084.0","422.0376602709352"
"450","450","0","3086.0","422.0376602712675"
"450","450","0","3088.0","422.0376602718009"
"450","450","0","3090.0","422.0376602717581"
"450","450","0","3092.0","422.03766027160975"
"450","450","0","3094.0","422.0376602712853"
"450","450","0","3096.0","422.0376602714704"
"450","450","0","3098.0","422.03766027134986"
"450","450","0","3100.0","422.03766027163186"
"450","450","0","3102.0","422.0376602716782"
"450","450","0","3104.0","422.0376602716003"
"450","450","0","3106.0","422.0376602718225"
"450","450","0","3108.0","422.03766027197173"
"450","450","0","3110.0","422.0376602722531"
"450","450","0","3112.0","422.037660272171"
"450","450","0","3114.0","422.03766027258087"
"450","450","0","3116.0","422.0376602727497"
"450","450","0","3118.0","422.03766027295137"
"450","450","0","3120.0","422.0376602732352"
"450","450","0","3122.0","422.03766027324804"
"450","450","0","3124.0","422.0376602731663"
"450","450","0","3126.0","422.0376602735379"
"450","450","0","3128.0","422.03766027408176"
"450","450","0","3130.0","422.0376602743945"
"450","450","0","3132.0","422.0376602743461"
"450","450","0","3134.0","422.03766027455094"
"450","450","0","3136.0","422.0376602746771"
"450","450","0","3138.0","422.03766027486614"
"450","450","0","3140.0","422.0376602746333"
"450","450","0","3142.0","422.03766027452053"
"450","450","0","3144.0","422.0376602745491"
"450","450","0","3146.0","422.03766027491315"
"450","450","0","3148.0","422.0376602746468"
"450","450","0","3150.0","422.0376602748559"
"450","450","0","3152.0","422.03766027481856"
"450","450","0","3154.0","422.03766027488285"
"450","450","0","3156.0","422.03766027498455"
"450","450","0","3158.0","422.03766027540837"
"450","450","0","3160.0","422.03766027559993"
"450","450","0","3162.0","422.037660275593"
"450","450","0","3164.0","422.03766027600017"
"450","450","0","3166.0","422.03766027608197"
"450","450","0","3168.0","422.0376602757401"
"450","450","0","3170.0","422.0376602758615"
"450","450","0","3172.0","422.03766027555406"
"450","450","0","3174.0","422.03766027588426"
"450","450","0","3176.0","422.0376602757203"
"450","450","0","3178.0","422.0376602757374"
"450","450","0","3180.0","422.03766027562193"
"450","450","0","3182.0","422.03766027599875"
"450","450","0","3184.0","422.0376602760404"
"450","450","0","3186.0","422.03766027607"
"450","450","0","3188.0","422.0376602761705"
"450","450","0","3190.0","422.03766027615023"
"450","450","0","3192.0","422.03766027601796"
"450","450","0","3194.0","422.0376602760975"
"450","450","0","3196.0","422.0376602759061"
"450","450","0","3198.0","422.0376602760464"
"450","450","0","3200.0","422.03766027628154"
"450","450","0","3202.0","422.03766027607736"
"450","450","0","3204.0","422.03766027611255"
"450","450","0","3206.0","422.03766027619827"
"450","450","0","3208.0","422.0376602758333"
"450","450","0","3210.0","422.0376602754226"
"450","450","0","3212.0","422.03766027582554"
"450","450","0","3214.0","422.03766027572686"
"450","450","0","3216.0","422.0376602755969"
"450","450","0","3218.0","422.0376602754573"
"450","450","0","3220.0","422.037660274988"
"450","450","0","3222.0","422.037660275027"
"450","450","0","3224.0","422.0376602753264"
"450","450","0","3226.0","422.0376602754526"
"450","450","0","3228.0","422.0376602756249"
"450","450","0","3230.0","422.0376602757642"
"450","450","0","3232.0","422.03766027512245"
"450","450","0","3234.0","422.0376602754973"
"450","450","0","3236.0","422.0376602756433"
"450","450","0","3238.0","422.03766027549733"
"450","450","0","3240.0","422.0376602753981"
"450","450","0","3242.0","422.0376602754695"
"450","450","0","3244.0","422.0376602754977"
"450","450","0","3246.0","422.03766027544503"
"450","450","0","3248.0","422.037660275454"
"450","450","0","3250.0","422.037660275215"
"450","450","0","3252.0","422.03766027548704"
"450","450","0","3254.0","422.03766027582185"
"450","450","0","3256.0","422.03766027589216"
"450","450","0","3258.0","422.0376602761065"
"450","450","0","3260.0","422.0376602760606"
"450","450","0","3262.0","422.03766027583083"
"450","450","0","3264.0","422.03766027583816"
"450","450","0","3266.0","422.03766027565985"
"450","450","0","3268.0","422.03766027539064"
"450","450","0","3270.0","422.03766027576546"
"450","450","0","3272.0","422.0376602759309"
"450","450","0","3274.0","422.0376602759995"
"450","450","0","3276.0","422.03766027624107"
"450","450","0","3278.0","422.0376602761212"
"450","450","0","3280.0","422.0376602758525"
"450","450","0","3282.0","422.0376602758534"
"450","450","0","3284.0","422.03766027592985"
"450","450","0","3286.0","422.037660275495"
"450","450","0","3288.0","422.03766027513143"
"450","450","0","3290.0","422.03766027487325"
"450","450","0","3292.0","422.03766027519055"
"450","450","0","3294.0","422.03766027531435"
"450","450","0","3296.0","422.03766027503644"
"450","450","0","3298.0","422.0376602750492"
"450","450","0","3300.0","422.03766027508084"
"450","450","0","3302.0","422.0376602749908"
"450","450","0","3304.0","422.03766027494646"
"450","450","0","3306.0","422.0376602749238"
"450","450","0","3308.0","422.0376602751546"
"450","450","0","3310.0","422.0376602751237"
"450","450","0","3312.0","422.03766027515917"
"450","450","0","3314.0","422.0376602752677"
"450","450","0","3316.0","422.03766027506026"
"450","450","0","3318.0","422.03766027495345"
"450","450","0","3320.0","422.0376602746999"
"450","450","0","3322.0","422.03766027486563"
"450","450","0","3324.0","422.0376602749537"
"450","450","0","3326.0","422.03766027449706"
"450","450","0","3328.0","422.0376602749415"
"450","450","0","3330.0","422.03766027459545"
"450","450","0","3332.0","422.03766027457294"
"450","450","0","3334.0","422.0376602746099"
"450","450","0","3336.0","422.03766027451275"
"450","450","0","3338.0","422.0376602744664"
"450","450","0","3340.0","422.0376602746612"
"450","450","0","3342.0","422.0376602740959"
"450","450","0","3344.0","422.03766027435825"
"450","450","0","3346.0","422.0376602744249"
"450","450","0","3348.0","422.0376602742758"
"450","450","0","3350.0","422.0376602743594"
"450","450","0","3352.0","422.03766027421113"
"450","450","0","3354.0","422.03766027415315"
"450","450","0","3356.0","422.03766027440577"
"450","450","0","3358.0","422.0376602741441"
"450","450","0","3360.0","422.03766027424535"
"450","450","0","3362.0","422.0376602743725"
"450","450","0","3364.0","422.0376602744323"
"450","450","0","3366.0","422.0376602740998"
"450","450","0","3368.0","422.03766027400695"
"450","450","0","3370.0","422.03766027417396"
"450","450","0","3372.0","422.03766027402065"
"450","450","0","3374.0","422.0376602743456"
"450","450","0","3376.0","422.0376602742084"
"450","450","0","3378.0","422.0376602742065"
"450","450","0","3380.0","422.0376602744068"
"450","450","0","3382.0","422.03766027421744"
"450","450","0","3384.0","422.03766027402804"
"450","450","0","3386.0","422.03766027412155"
"450","450","0","3388.0","422.0376602740526"
"450","450","0","3390.0","422.0376602739252"
"450","450","0","3392.0","422.0376602739802"
"450","450","0","3394.0","422.037660273995"
"450","450","0","3396.0","422.0376602737685"
"450","450","0","3398.0","422.0376602739546"
"450","450","0","3400.0","422.03766027376787"
"450","450","0","3402.0","422.0376602733613"
"450","450","0","3404.0","422.03766027338156"
"450","450","0","3406.0","422.0376602738088"
"450","450","0","3408.0","422.0376602738552"
"450","450","0","3410.0","422.0376602736173"
"450","450","0","3412.0","422.03766027365737"
"450","450","0","3414.0","422.037660273572"
"450","450","0","3416.0","422.03766027370034"
"450","450","0","3418.0","422.0376602735689"
"450","450","0","3420.0","422.03766027370193"
"450","450","0","3422.0","422.03766027347103"
"450","450","0","3424.0","422.03766027353873"
"450","450","0","3426.0","422.0376602732346"
"450","450","0","3428.0","422.0376602729141"
"450","450","0","3430.0","422.03766027325895"
"450","450","0","3432.0","422.0376602732297"
"450","450","0","3434.0","422.03766027351895"
"450","450","0","3436.0","422.0376602735933"
"450","450","0","3438.0","422.03766027322337"
"450","450","0","3440.0","422.0376602733664"
"450","450","0","3442.0","422.03766027322706"
"450","450","0","3444.0","422.0376602732004"
"450","450","0","3446.0","422.0376602733892"
"450","450","0","3448.0","422.0376602735902"
"450","450","0","3450.0","422.0376602734917"
"450","450","0","3452.0","422.0376602737326"
"450","450","0","3454.0","422.0376602735431"
"450","450","0","3456.0","422.03766027355636"
"450","450","0","3458.0","422.0376602733934"
"450","450","0","3460.0","422.0376602736434"
"450","450","0","3462.0","422.0376602736829"
"450","450","0","3464.0","422.0376602736866"
"450","450","0","3466.0","422.03766027391003"
"450","450","0","3468.0","422.03766027399973"
"450","450","0","3470.0","422.0376602737984"
"450","450","0","3472.0","422.0376602740856"
"450","450","0","3474.0","422.03766027434835"
"450","450","0","3476.0","422.0376602742816"
"450","450","0","3478.0","422.03766027387394"
"450","450","0","3480.0","422.03766027424035"
"450","450","0","3482.0","422.037660274471"
"450","450","0","3484.0","422.0376602744328"
"450","450","0","3486.0","422.0376602743937"
"450","450","0","3488.0","422.0376602741887"
"450","450","0","3490.0","422.03766027443726"
"450","450","0","3492.0","422.0376602744247"
"450","450","0","3494.0","422.0376602744942"
"450","450","0","3496.0","422.0376602743507"
"450","450","0","3498.0","422.03766027431215"
"450","450","0","3500.0","422.0376602742673"
"450","450","0","3502.0","422.0376602741798"
"450","450","0","3504.0","422.03766027419533"
"450","450","0","3506.0","422.03766027411257"
"450","450","0","3508.0","422.0376602738856"
"450","450","0","3510.0","422.0376602737098"
"450","450","0","3512.0","422.0376602736567"
"450","450","0","3514.0","422.0376602737713"
"450","450","0","3516.0","422.03766027372086"
"450","450","0","3518.0","422.0376602737817"
"450","450","0","3520.0","422.03766027389224"
"450","450","0","3522.0","422.03766027396"
"450","450","0","3524.0","422.0376602738832"
"450","450","0","3526.0","422.03766027384825"
"450","450","0","3528.0","422.0376602736891"
"450","450","0","3530.0","422.03766027372274"
"450","450","0","3532.0","422.0376602738454"
"450","450","0","3534.0","422.0376602739472"
"450","450","0","3536.0","422.03766027397745"
"450","450","0","3538.0","422.03766027388735"
"450","450","0","3540.0","422.0376602741312"
"450","450","0","3542.0","422.037660274122"
"450","450","0","3544.0","422.0376602741014"
"450","450","0","3546.0","422.0376602743161"
"450","450","0","3548.0","422.0376602743174"
"450","450","0","3550.0","422.037660274346"
"450","450","0","3552.0","422.03766027443965"
"450","450","0","3554.0","422.03766027487075"
"450","450","0","3556.0","422.03766027476706"
"450","450","0","3558.0","422.0376602747428"
"450","450","0","3560.0","422.0376602750969"
"450","450","0","3562.0","422.03766027519026"
"450","450","0","3564.0","422.03766027520794"
"450","450","0","3566.0","422.0376602752062"
"450","450","0","3568.0","422.0376602750273"
"450","450","0","3570.0","422.037660275093"
"450","450","0","3572.0","422.03766027517145"
"450","450","0","3574.0","422.03766027510653"
"450","450","0","3576.0","422.0376602756474"
"450","450","0","3578.0","422.03766027591143"
"450","450","0","3580.0","422.0376602760723"
"450","450","0","3582.0","422.03766027611624"
"450","450","0","3584.0","422.037660276182"
"450","450","0","3586.0","422.0376602760955"
"450","450","0","3588.0","422.03766027618775"
"450","450","0","3590.0","422.03766027625534"
"450","450","0","3592.0","422.03766027636004"
"450","450","0","3594.0","422.0376602763241"
"450","450","0","3596.0","422.0376602762255"
"450","450","0","3598.0","422.03766027645685"
"450","450","0","3600.0","422.0376602766004"
"450","450","0","3602.0","422.0376602768203"
"450","450","0","3604.0","422.0376602768571"
"450","450","0","3606.0","422.0376602767651"
"450","450","0","3608.0","422.0376602771355"
"450","450","0","3610.0","422.0376602769693"
"450","450","0","3612.0","422.0376602766909"
"450","450","0","3614.0","422.0376602766496"
"450","450","0","3616.0","422.0376602767329"
"450","450","0","3618.0","422.0376602767582"
"450","450","0","3620.0","422.0376602768865"
"450","450","0","3622.0","422.037660276976"
"450","450","0","3624.0","422.03766027694246"
"450","450","0","3626.0","422.0376602770976"
"450","450","0","3628.0","422.0376602770811"
"450","450","0","3630.0","422.03766027673726"
"450","450","0","3632.0","422.037660276571"
"450","450","0","3634.0","422.0376602764776"
"450","450","0","3636.0","422.03766027661976"
"450","450","0","3638.0","422.0376602768613"
"450","450","0","3640.0","422.037660277049"
"450","450","0","3642.0","422.0376602769785"
"450","450","0","3644.0","422.0376602768423"
"450","450","0","3646.0","422.03766027685185"
"450","450","0","3648.0","422.03766027678984"
"450","450","0","3650.0","422.03766027694314"
"450","450","0","3652.0","422.03766027689574"
"450","450","0","3654.0","422.0376602767375"
"450","450","0","3656.0","422.03766027660095"
"450","450","0","3658.0","422.037660276697"
"450","450","0","3660.0","422.03766027690955"
"450","450","0","3662.0","422.0376602769643"
"450","450","0","3664.0","422.03766027699726"
"450","450","0","3666.0","422.0376602770845"
"450","450","0","3668.0","422.0376602769036"
"450","450","0","3670.0","422.0376602769854"
"450","450","0","3672.0","422.03766027700084"
"450","450","0","3674.0","422.03766027689335"
"450","450","0","3676.0","422.0376602768447"
"450","450","0","3678.0","422.03766027677483"
"450","450","0","3680.0","422.03766027667274"
"450","450","0","3682.0","422.0376602767128"
"450","450","0","3684.0","422.0376602769099"
"450","450","0","3686.0","422.03766027678444"
"450","450","0","3688.0","422.0376602767569"
"450","450","0","3690.0","422.0376602768307"
"450","450","0","3692.0","422.0376602771772"
"450","450","0","3694.0","422.0376602771993"
"450","450","0","3696.0","422.0376602771422"
"450","450","0","3698.0","422.0376602772183"
"450","450","0","3700.0","422.03766027687334"
"450","450","0","3702.0","422.0376602767744"
"450","450","0","3704.0","422.03766027668564"
"450","450","0","3706.0","422.0376602765563"
"450","450","0","3708.0","422.0376602767818"
"450","450","0","3710.0","422.0376602767363"
"450","450","0","3712.0","422.03766027670457"
"450","450","0","3714.0","422.03766027658247"
"450","450","0","3716.0","422.03766027658713"
"450","450","0","3718.0","422.03766027666995"
"450","450","0","3720.0","422.03766027659003"
"450","450","0","3722.0","422.0376602766589"
"450","450","0","3724.0","422.03766027703017"
"450","450","0","3726.0","422.0376602772005"
"450","450","0","3728.0","422.0376602771808"
"450","450","0","3730.0","422.0376602771465"
"450","450","0","3732.0","422.0376602771315"
"450","450","0","3734.0","422.03766027708537"
"450","450","0","3736.0","422.03766027705115"
"450","450","0","3738.0","422.0376602771286"
"450","450","0","3740.0","422.0376602772424"
"450","450","0","3742.0","422.0376602773375"
"450","450","0","3744.0","422.03766027729625"
"450","450","0","3746.0","422.0376602775019"
"450","450","0","3748.0","422.03766027764624"
"450","450","0","3750.0","422.0376602777379"
"450","450","0","3752.0","422.0376602777359"
"450","450","0","3754.0","422.03766027742165"
"450","450","0","3756.0","422.0376602775456"
"450","450","0","3758.0","422.03766027741045"
"450","450","0","3760.0","422.0376602774249"
"450","450","0","3762.0","422.0376602776027"
"450","450","0","3764.0","422.03766027753744"
"450","450","0","3766.0","422.03766027762515"
"450","450","0","3768.0","422.0376602774476"
"450","450","0","3770.0","422.0376602774361"
"450","450","0","3772.0","422.037660277634"
"450","450","0","3774.0","422.03766027751"
"450","450","0","3776.0","422.0376602774404"
"450","450","0","3778.0","422.0376602774278"
"450","450","0","3780.0","422.03766027738493"
"450","450","0","3782.0","422.0376602772884"
"450","450","0","3784.0","422.03766027717677"
"450","450","0","3786.0","422.03766027712203"
"450","450","0","3788.0","422.0376602771213"
"450","450","0","3790.0","422.03766027711674"
"450","450","0","3792.0","422.0376602769445"
"450","450","0","3794.0","422.0376602771901"
"450","450","0","3796.0","422.03766027726044"
"450","450","0","3798.0","422.0376602772623"
"450","450","0","3800.0","422.0376602772501"
"450","450","0","3802.0","422.0376602769993"
"450","450","0","3804.0","422.03766027697634"
"450","450","0","3806.0","422.0376602768554"
"450","450","0","3808.0","422.03766027684117"
"450","450","0","3810.0","422.0376602766314"
"450","450","0","3812.0","422.0376602765617"
"450","450","0","3814.0","422.0376602766552"
"450","450","0","3816.0","422.03766027669775"
"450","450","0","3818.0","422.03766027668183"
"450","450","0","3820.0","422.0376602765491"
"450","450","0","3822.0","422.03766027651454"
"450","450","0","3824.0","422.03766027648544"
"450","450","0","3826.0","422.0376602766161"
"450","450","0","3828.0","422.03766027620696"
"450","450","0","3830.0","422.0376602762281"
"450","450","0","3832.0","422.03766027619656"
"450","450","0","3834.0","422.0376602762344"
"450","450","0","3836.0","422.03766027636004"
"450","450","0","3838.0","422.037660276259"
"450","450","0","3840.0","422.0376602760964"
"450","450","0","3842.0","422.0376602759899"
"450","450","0","3844.0","422.0376602759312"
"450","450","0","3846.0","422.03766027554474"
"450","450","0","3848.0","422.03766027572624"
"450","450","0","3850.0","422.03766027584936"
"450","450","0","3852.0","422.0376602757157"
"450","450","0","3854.0","422.03766027576575"
"450","450","0","3856.0","422.0376602758598"
"450","450","0","3858.0","422.0376602760405"
"450","450","0","3860.0","422.03766027595645"
"450","450","0","3862.0","422.0376602759937"
"450","450","0","3864.0","422.0376602760222"
"450","450","0","3866.0","422.03766027576904"
"450","450","0","3868.0","422.03766027573647"
"450","450","0","3870.0","422.03766027593576"
"450","450","0","3872.0","422.03766027590524"
"450","450","0","3874.0","422.03766027615876"
"450","450","0","3876.0","422.03766027625204"
"450","450","0","3878.0","422.0376602762596"
"450","450","0","3880.0","422.0376602764711"
"450","450","0","3882.0","422.03766027652864"
"450","450","0","3884.0","422.0376602765474"
"450","450","0","3886.0","422.0376602766569"
"450","450","0","3888.0","422.0376602767391"
"450","450","0","3890.0","422.03766027682343"
"450","450","0","3892.0","422.03766027702005"
"450","450","0","3894.0","422.03766027691245"
"450","450","0","3896.0","422.03766027661754"
"450","450","0","3898.0","422.03766027676147"
"450","450","0","3900.0","422.03766027661845"
"450","450","0","3902.0","422.03766027682656"
"450","450","0","3904.0","422.0376602768748"
"450","450","0","3906.0","422.03766027694957"
"450","450","0","3908.0","422.0376602767982"
"450","450","0","3910.0","422.03766027694485"
"450","450","0","3912.0","422.0376602768175"
"450","450","0","3914.0","422.03766027686873"
"450","450","0","3916.0","422.03766027691006"
"450","450","0","3918.0","422.03766027670997"
"450","450","0","3920.0","422.0376602767776"
"450","450","0","3922.0","422.0376602768188"
"450","450","0","3924.0","422.03766027679296"
"450","450","0","3926.0","422.0376602768155"
"450","450","0","3928.0","422.0376602768267"
"450","450","0","3930.0","422.03766027689545"
"450","450","0","3932.0","422.0376602771461"
"450","450","0","3934.0","422.0376602771893"
"450","450","0","3936.0","422.0376602772603"
"450","450","0","3938.0","422.0376602772791"
"450","450","0","3940.0","422.0376602772897"
"450","450","0","3942.0","422.03766027728864"
"450","450","0","3944.0","422.03766027739255"
"450","450","0","3946.0","422.03766027727517"
"450","450","0","3948.0","422.0376602772122"
"450","450","0","3950.0","422.03766027736333"
"450","450","0","3952.0","422.0376602771938"
"450","450","0","3954.0","422.0376602771153"
"450","450","0","3956.0","422.0376602772571"
"450","450","0","3958.0","422.03766027712004"
"450","450","0","3960.0","422.0376602771527"
"450","450","0","3962.0","422.0376602771097"
"450","450","0","3964.0","422.03766027720405"
"450","450","0","3966.0","422.03766027730694"
"450","450","0","3968.0","422.0376602771874"
"450","450","0","3970.0","422.0376602771767"
"450","450","0","3972.0","422.03766027729034"
"450","450","0","3974.0","422.037660277245"
"450","450","0","3976.0","422.0376602770176"
"450","450","0","3978.0","422.03766027715125"
"450","450","0","3980.0","422.0376602773642"
"450","450","0","3982.0","422.03766027724265"
"450","450","0","3984.0","422.0376602773118"
"450","450","0","3986.0","422.037660277516"
"450","450","0","3988.0","422.03766027756694"
"450","450","0","3990.0","422.03766027745587"
"450","450","0","3992.0","422.0376602774945"
"450","450","0","3994.0","422.0376602776197"
"450","450","0","3996.0","422.03766027745"
"450","450","0","3998.0","422.0376602776669"
"450","450","0","4000.0","422.03766027770615"
"450","450","0","4002.0","422.03766027758354"
"450","450","0","4004.0","422.03766027735423"
"450","450","0","4006.0","422.0376602773837"
"450","450","0","4008.0","422.0376602776936"
"450","450","0","4010.0","422.03766027757985"
"450","450","0","4012.0","422.03766027764595"
"450","450","0","4014.0","422.037660277691"
"450","450","0","4016.0","422.03766027772144"
"450","450","0","4018.0","422.0376602777519"
"450","450","0","4020.0","422.03766027773145"
"450","450","0","4022.0","422.0376602777509"
"450","450","0","4024.0","422.03766027775004"
"450","450","0","4026.0","422.0376602776465"
"450","450","0","4028.0","422.03766027755665"
"450","450","0","4030.0","422.0376602776636"
"450","450","0","4032.0","422.0376602777118"
"450","450","0","4034.0","422.03766027762146"
"450","450","0","4036.0","422.0376602775968"
"450","450","0","4038.0","422.0376602775743"
"450","450","0","4040.0","422.0376602777155"
"450","450","0","4042.0","422.03766027762424"
"450","450","0","4044.0","422.0376602777182"
"450","450","0","4046.0","422.03766027759184"
"450","450","0","4048.0","422.0376602776589"
"450","450","0","4050.0","422.0376602777185"
"450","450","0","4052.0","422.03766027781455"
"450","450","0","4054.0","422.0376602779684"
"450","450","0","4056.0","422.0376602780065"
"450","450","0","4058.0","422.0376602779892"
"450","450","0","4060.0","422.03766027774645"
"450","450","0","4062.0","422.0376602775668"
"450","450","0","4064.0","422.0376602775858"
"450","450","0","4066.0","422.0376602775845"
"450","450","0","4068.0","422.03766027743023"
"450","450","0","4070.0","422.0376602773479"
"450","450","0","4072.0","422.03766027735537"
"450","450","0","4074.0","422.0376602774163"
"450","450","0","4076.0","422.0376602773496"
"450","450","0","4078.0","422.0376602772801"
"450","450","0","4080.0","422.0376602774039"
"450","450","0","4082.0","422.03766027746775"
"450","450","0","4084.0","422.03766027745223"
"450","450","0","4086.0","422.03766027738953"
"450","450","0","4088.0","422.03766027764124"
"450","450","0","4090.0","422.0376602775866"
"450","450","0","4092.0","422.0376602773441"
"450","450","0","4094.0","422.0376602774503"
"450","450","0","4096.0","422.03766027743654"
"450","450","0","4098.0","422.0376602775373"
"450","450","0","4100.0","422.0376602775138"
"450","450","0","4102.0","422.03766027753574"
"450","450","0","4104.0","422.0376602777162"
"450","450","0","4106.0","422.03766027772417"
"450","450","0","4108.0","422.0376602775448"
"450","450","0","4110.0","422.0376602775087"
"450","450","0","4112.0","422.0376602776655"
"450","450","0","4114.0","422.0376602777768"
"450","450","0","4116.0","422.03766027759076"
"450","450","0","4118.0","422.0376602776609"
"450","450","0","4120.0","422.03766027790965"
"450","450","0","4122.0","422.0376602779499"
"450","450","0","4124.0","422.0376602780324"
"450","450","0","4126.0","422.0376602780335"
"450","450","0","4128.0","422.037660278147"
"450","450","0","4130.0","422.03766027805455"
"450","450","0","4132.0","422.03766027797604"
"450","450","0","4134.0","422.03766027802254"
"450","450","0","4136.0","422.03766027800145"
"450","450","0","4138.0","422.03766027800066"
"450","450","0","4140.0","422.03766027806915"
"450","450","0","4142.0","422.03766027812543"
"450","450","0","4144.0","422.03766027797207"
"450","450","0","4146.0","422.03766027801964"
"450","450","0","4148.0","422.0376602781315"
"450","450","0","4150.0","422.03766027815476"
"450","450","0","4152.0","422.03766027813305"
"450","450","0","4154.0","422.03766027803096"
"450","450","0","4156.0","422.0376602779655"
"450","450","0","4158.0","422.0376602781216"
"450","450","0","4160.0","422.03766027816334"
"450","450","0","4162.0","422.03766027813396"
"450","450","0","4164.0","422.03766027817846"
"450","450","0","4166.0","422.03766027798724"
"450","450","0","4168.0","422.037660278023"
"450","450","0","4170.0","422.03766027788276"
"450","450","0","4172.0","422.0376602779198"
"450","450","0","4174.0","422.03766027782103"
"450","450","0","4176.0","422.0376602778248"
"450","450","0","4178.0","422.03766027810434"
"450","450","0","4180.0","422.0376602780732"
"450","450","0","4182.0","422.0376602780717"
"450","450","0","4184.0","422.0376602781662"
"450","450","0","4186.0","422.0376602782136"
"450","450","0","4188.0","422.0376602780777"
"450","450","0","4190.0","422.03766027823633"
"450","450","0","4192.0","422.0376602782078"
"450","450","0","4194.0","422.0376602783773"
"450","450","0","4196.0","422.03766027830625"
"450","450","0","4198.0","422.0376602783335"
"450","450","0","4200.0","422.0376602785261"
"450","450","0","4202.0","422.0376602786119"
"450","450","0","4204.0","422.0376602785606"
"450","450","0","4206.0","422.03766027846655"
"450","450","0","4208.0","422.037660278389"
"450","450","0","4210.0","422.0376602784494"
"450","450","0","4212.0","422.037660278321"
"450","450","0","4214.0","422.0376602782567"
"450","450","0","4216.0","422.03766027839737"
"450","450","0","4218.0","422.03766027835786"
"450","450","0","4220.0","422.0376602784288"
"450","450","0","4222.0","422.03766027850884"
"450","450","0","4224.0","422.0376602784286"
"450","450","0","4226.0","422.0376602783246"
"450","450","0","4228.0","422.0376602783252"
"450","450","0","4230.0","422.0376602783597"
"450","450","0","4232.0","422.0376602782571"
"450","450","0","4234.0","422.03766027814737"
"450","450","0","4236.0","422.03766027812645"
"450","450","0","4238.0","422.03766027826566"
"450","450","0","4240.0","422.0376602782528"
"450","450","0","4242.0","422.03766027835155"
"450","450","0","4244.0","422.0376602784203"
"450","450","0","4246.0","422.03766027827913"
"450","450","0","4248.0","422.03766027830187"
"450","450","0","4250.0","422.03766027839805"
"450","450","0","4252.0","422.03766027842653"
"450","450","0","4254.0","422.03766027841266"
"450","450","0","4256.0","422.0376602786695"
"450","450","0","4258.0","422.0376602786306"
"450","450","0","4260.0","422.03766027857597"
"450","450","0","4262.0","422.0376602785432"
"450","450","0","4264.0","422.0376602786156"
"450","450","0","4266.0","422.03766027860763"
"450","450","0","4268.0","422.0376602785558"
"450","450","0","4270.0","422.03766027858615"
"450","450","0","4272.0","422.03766027844665"
"450","450","0","4274.0","422.0376602784088"
"450","450","0","4276.0","422.03766027854437"
"450","450","0","4278.0","422.03766027858507"
"450","450","0","4280.0","422.0376602785355"
"450","450","0","4282.0","422.0376602785691"
"450","450","0","4284.0","422.03766027853624"
"450","450","0","4286.0","422.03766027854465"
"450","450","0","4288.0","422.0376602785643"
"450","450","0","4290.0","422.0376602785254"
"450","450","0","4292.0","422.03766027847865"
"450","450","0","4294.0","422.0376602784757"
"450","450","0","4296.0","422.03766027842323"
"450","450","0","4298.0","422.0376602784256"
"450","450","0","4300.0","422.03766027841476"
"450","450","0","4302.0","422.0376602783815"
"450","450","0","4304.0","422.0376602784396"
"450","450","0","4306.0","422.03766027841334"
"450","450","0","4308.0","422.03766027829823"
"450","450","0","4310.0","422.03766027831375"
"450","450","0","4312.0","422.0376602783433"
"450","450","0","4314.0","422.037660278288"
"450","450","0","4316.0","422.03766027853146"
"450","450","0","4318.0","422.03766027849537"
"450","450","0","4320.0","422.03766027847934"
"450","450","0","4322.0","422.03766027849247"
"450","450","0","4324.0","422.03766027837776"
"450","450","0","4326.0","422.0376602784222"
"450","450","0","4328.0","422.0376602785524"
"450","450","0","4330.0","422.03766027856807"
"450","450","0","4332.0","422.03766027853675"
"450","450","0","4334.0","422.0376602785558"
"450","450","0","4336.0","422.03766027850355"
"450","450","0","4338.0","422.03766027865424"
"450","450","0","4340.0","422.0376602787751"
"450","450","0","4342.0","422.0376602787114"
"450","450","0","4344.0","422.0376602786236"
"450","450","0","4346.0","422.0376602785562"
"450","450","0","4348.0","422.03766027863327"
"450","450","0","4350.0","422.0376602786871"
"450","450","0","4352.0","422.0376602786442"
"450","450","0","4354.0","422.03766027867243"
"450","450","0","4356.0","422.0376602787654"
"450","450","0","4358.0","422.0376602787736"
"450","450","0","4360.0","422.03766027878714"
"450","450","0","4362.0","422.0376602787531"
"450","450","0","4364.0","422.03766027861667"
"450","450","0","4366.0","422.03766027860485"
"450","450","0","4368.0","422.0376602785563"
"450","450","0","4370.0","422.0376602785736"
"450","450","0","4372.0","422.03766027848985"
"450","450","0","4374.0","422.03766027834274"
"450","450","0","4376.0","422.03766027833217"
"450","450","0","4378.0","422.0376602783805"
"450","450","0","4380.0","422.03766027839424"
"450","450","0","4382.0","422.0376602783883"
"450","450","0","4384.0","422.0376602783932"
"450","450","0","4386.0","422.03766027832137"
"450","450","0","4388.0","422.0376602782348"
"450","450","0","4390.0","422.03766027829454"
"450","450","0","4392.0","422.0376602783625"
"450","450","0","4394.0","422.03766027836184"
"450","450","0","4396.0","422.03766027842084"
"450","450","0","4398.0","422.03766027850867"
"450","450","0","4400.0","422.03766027841556"
"450","450","0","4402.0","422.0376602784819"
"450","450","0","4404.0","422.0376602785939"
"450","450","0","4406.0","422.03766027860775"
"450","450","0","4408.0","422.0376602785973"
"450","450","0","4410.0","422.03766027878567"
"450","450","0","4412.0","422.03766027882364"
"450","450","0","4414.0","422.0376602789607"
"450","450","0","4416.0","422.0376602789788"
"450","450","0","4418.0","422.03766027888395"
"450","450","0","4420.0","422.03766027901514"
"450","450","0","4422.0","422.03766027899695"
"450","450","0","4424.0","422.0376602789574"
"450","450","0","4426.0","422.0376602788572"
"450","450","0","4428.0","422.0376602788464"
"450","450","0","4430.0","422.03766027885797"
"450","450","0","4432.0","422.03766027891174"
"450","450","0","4434.0","422.0376602789707"
"450","450","0","4436.0","422.0376602789501"
"450","450","0","4438.0","422.0376602789021"
"450","450","0","4440.0","422.0376602789692"
"450","450","0","4442.0","422.037660279061"
"450","450","0","4444.0","422.0376602791005"
"450","450","0","4446.0","422.0376602791674"
"450","450","0","4448.0","422.0376602792175"
"450","450","0","4450.0","422.0376602792031"
"450","450","0","4452.0","422.03766027922524"
"450","450","0","4454.0","422.03766027923194"
"450","450","0","4456.0","422.0376602792835"
"450","450","0","4458.0","422.0376602792691"
"450","450","0","4460.0","422.03766027927816"
"450","450","0","4462.0","422.03766027927225"
"450","450","0","4464.0","422.03766027926986"
"450","450","0","4466.0","422.0376602792628"
"450","450","0","4468.0","422.03766027937564"
"450","450","0","4470.0","422.0376602794945"
"450","450","0","4472.0","422.0376602793989"
"450","450","0","4474.0","422.03766027950246"
"450","450","0","4476.0","422.037660279501"
"450","450","0","4478.0","422.03766027944806"
"450","450","0","4480.0","422.0376602795615"
"450","450","0","4482.0","422.03766027974257"
"450","450","0","4484.0","422.03766027966446"
"450","450","0","4486.0","422.0376602796272"
"450","450","0","4488.0","422.03766027969607"
"450","450","0","4490.0","422.0376602796693"
"450","450","0","4492.0","422.0376602797295"
"450","450","0","4494.0","422.0376602796905"
"450","450","0","4496.0","422.0376602798056"
"450","450","0","4498.0","422.0376602797681"
"450","450","0","4500.0","422.03766027980436"
"450","450","0","4502.0","422.0376602797774"
"450","450","0","4504.0","422.03766027984943"
"450","450","0","4506.0","422.0376602797743"
"450","450","0","4508.0","422.03766027981834"
"450","450","0","4510.0","422.03766027980305"
"450","450","0","4512.0","422.03766027975513"
"450","450","0","4514.0","422.0376602796139"
"450","450","0","4516.0","422.0376602796445"
"450","450","0","4518.0","422.03766027965753"
"450","450","0","4520.0","422.0376602795319"
"450","450","0","4522.0","422.0376602794512"
"450","450","0","4524.0","422.0376602793583"
"450","450","0","4526.0","422.03766027941407"
"450","450","0","4528.0","422.0376602793955"
"450","450","0","4530.0","422.03766027937826"
"450","450","0","4532.0","422.0376602795192"
"450","450","0","4534.0","422.03766027940975"
"450","450","0","4536.0","422.03766027932124"
"450","450","0","4538.0","422.0376602792469"
"450","450","0","4540.0","422.0376602793027"
"450","450","0","4542.0","422.03766027918346"
"450","450","0","4544.0","422.037660279124"
"450","450","0","4546.0","422.0376602791031"
"450","450","0","4548.0","422.03766027911337"
"450","450","0","4550.0","422.03766027897353"
"450","450","0","4552.0","422.0376602790099"
"450","450","0","4554.0","422.03766027904845"
"450","450","0","4556.0","422.03766027912195"
"450","450","0","4558.0","422.0376602791556"
"450","450","0","4560.0","422.0376602791632"
"450","450","0","4562.0","422.037660279054"
"450","450","0","4564.0","422.03766027909006"
"450","450","0","4566.0","422.0376602791344"
"450","450","0","4568.0","422.03766027921625"
"450","450","0","4570.0","422.037660279133"
"450","450","0","4572.0","422.0376602791657"
"450","450","0","4574.0","422.0376602791661"
"450","450","0","4576.0","422.03766027919306"
"450","450","0","4578.0","422.0376602792195"
"450","450","0","4580.0","422.03766027924775"
"450","450","0","4582.0","422.0376602793369"
"450","450","0","4584.0","422.03766027926383"
"450","450","0","4586.0","422.03766027924803"
"450","450","0","4588.0","422.03766027931823"
"450","450","0","4590.0","422.0376602794429"
"450","450","0","4592.0","422.0376602795158"
"450","450","0","4594.0","422.0376602795525"
"450","450","0","4596.0","422.03766027958454"
"450","450","0","4598.0","422.0376602796096"
"450","450","0","4600.0","422.0376602796068"
"450","450","0","4602.0","422.03766027963815"
"450","450","0","4604.0","422.03766027962223"
"450","450","0","4606.0","422.0376602796491"
"450","450","0","4608.0","422.03766027965946"
"450","450","0","4610.0","422.0376602795744"
"450","450","0","4612.0","422.03766027957556"
"450","450","0","4614.0","422.0376602795385"
"450","450","0","4616.0","422.0376602797061"
"450","450","0","4618.0","422.03766027966907"
"450","450","0","4620.0","422.03766027972136"
"450","450","0","4622.0","422.03766027961814"
"450","450","0","4624.0","422.03766027956516"
"450","450","0","4626.0","422.03766027957704"
"450","450","0","4628.0","422.0376602796217"
"450","450","0","4630.0","422.03766027961365"
"450","450","0","4632.0","422.0376602795777"
"450","450","0","4634.0","422.03766027952963"
"450","450","0","4636.0","422.0376602795163"
"450","450","0","4638.0","422.03766027946597"
"450","450","0","4640.0","422.03766027944704"
"450","450","0","4642.0","422.03766027935484"
"450","450","0","4644.0","422.0376602792525"
"450","450","0","4646.0","422.03766027927526"
"450","450","0","4648.0","422.03766027935785"
"450","450","0","4650.0","422.03766027941333"
"450","450","0","4652.0","422.03766027942714"
"450","450","0","4654.0","422.03766027942686"
"450","450","0","4656.0","422.0376602794135"
"450","450","0","4658.0","422.0376602793261"
"450","450","0","4660.0","422.037660279435"
"450","450","0","4662.0","422.0376602794185"
"450","450","0","4664.0","422.03766027940515"
"450","450","0","4666.0","422.0376602794506"
"450","450","0","4668.0","422.0376602794331"
"450","450","0","4670.0","422.0376602794897"
"450","450","0","4672.0","422.03766027939685"
"450","450","0","4674.0","422.0376602793841"
"450","450","0","4676.0","422.03766027957516"
"450","450","0","4678.0","422.03766027958727"
"450","450","0","4680.0","422.03766027957164"
"450","450","0","4682.0","422.03766027951826"
"450","450","0","4684.0","422.03766027952827"
"450","450","0","4686.0","422.03766027948416"
"450","450","0","4688.0","422.03766027946585"
"450","450","0","4690.0","422.0376602794373"
"450","450","0","4692.0","422.03766027954214"
"450","450","0","4694.0","422.03766027952673"
"450","450","0","4696.0","422.03766027959966"
"450","450","0","4698.0","422.0376602795891"
"450","450","0","4700.0","422.03766027962433"
"450","450","0","4702.0","422.0376602796091"
"450","450","0","4704.0","422.0376602795899"
"450","450","0","4706.0","422.0376602795979"
"450","450","0","4708.0","422.03766027960364"
"450","450","0","4710.0","422.03766027955334"
"450","450","0","4712.0","422.0376602795292"
"450","450","0","4714.0","422.0376602795636"
"450","450","0","4716.0","422.0376602795672"
"450","450","0","4718.0","422.0376602795971"
"450","450","0","4720.0","422.037660279591"
"450","450","0","4722.0","422.03766027960387"
"450","450","0","4724.0","422.0376602796739"
"450","450","0","4726.0","422.0376602797262"
"450","450","0","4728.0","422.0376602796564"
"450","450","0","4730.0","422.03766027959205"
"450","450","0","4732.0","422.03766027956686"
"450","450","0","4734.0","422.0376602795652"
"450","450","0","4736.0","422.0376602795876"
"450","450","0","4738.0","422.03766027958784"
"450","450","0","4740.0","422.0376602794717"
"450","450","0","4742.0","422.0376602795142"
"450","450","0","4744.0","422.03766027954254"
"450","450","0","4746.0","422.0376602795241"
"450","450","0","4748.0","422.0376602796486"
"450","450","0","4750.0","422.037660279654"
"450","450","0","4752.0","422.03766027966526"
"450","450","0","4754.0","422.0376602797151"
"450","450","0","4756.0","422.0376602797162"
"450","450","0","4758.0","422.0376602797361"
"450","450","0","4760.0","422.03766027966736"
"450","450","0","4762.0","422.0376602796871"
"450","450","0","4764.0","422.0376602797797"
"450","450","0","4766.0","422.0376602797355"
"450","450","0","4768.0","422.037660279709"
"450","450","0","4770.0","422.0376602797401"
"450","450","0","4772.0","422.0376602797618"
"450","450","0","4774.0","422.037660279832"
"450","450","0","4776.0","422.03766027988854"
"450","450","0","4778.0","422.0376602798259"
"450","450","0","4780.0","422.037660279914"
"450","450","0","4782.0","422.0376602799071"
"450","450","0","4784.0","422.0376602798291"
"450","450","0","4786.0","422.03766027986234"
"450","450","0","4788.0","422.037660279948"
"450","450","0","4790.0","422.0376602799176"
"450","450","0","4792.0","422.0376602799597"
"450","450","0","4794.0","422.0376602799574"
"450","450","0","4796.0","422.0376602799398"
"450","450","0","4798.0","422.03766027989764"
"450","450","0","4800.0","422.03766027991514"
"450","450","0","4802.0","422.03766027993925"
"450","450","0","4804.0","422.0376602799792"
"450","450","0","4806.0","422.0376602798532"
"450","450","0","4808.0","422.03766027988746"
"450","450","0","4810.0","422.0376602799323"
"450","450","0","4812.0","422.03766027995505"
"450","450","0","4814.0","422.03766027991287"
"450","450","0","4816.0","422.03766027995016"
"450","450","0","4818.0","422.03766027993754"
"450","450","0","4820.0","422.0376602799851"
"450","450","0","4822.0","422.0376602799508"
"450","450","0","4824.0","422.0376602799671"
"450","450","0","4826.0","422.0376602799788"
"450","450","0","4828.0","422.0376602800029"
"450","450","0","4830.0","422.03766027998654"
"450","450","0","4832.0","422.03766027996136"
"450","450","0","4834.0","422.0376602799315"
"450","450","0","4836.0","422.03766027996346"
"450","450","0","4838.0","422.0376602799846"
"450","450","0","4840.0","422.0376602799918"
"450","450","0","4842.0","422.03766027998074"
"450","450","0","4844.0","422.0376602799618"
"450","450","0","4846.0","422.0376602799159"
"450","450","0","4848.0","422.0376602800128"
"450","450","0","4850.0","422.0376602799422"
"450","450","0","4852.0","422.03766027994646"
"450","450","0","4854.0","422.0376602799537"
"450","450","0","4856.0","422.0376602799542"
"450","450","0","4858.0","422.0376602799848"
"450","450","0","4860.0","422.03766028000234"
"450","450","0","4862.0","422.0376602800049"
"450","450","0","4864.0","422.037660280054"
"450","450","0","4866.0","422.0376602799663"
"450","450","0","4868.0","422.0376602799264"
"450","450","0","4870.0","422.0376602800391"
"450","450","0","4872.0","422.0376602801053"
"450","450","0","4874.0","422.03766028011864"
"450","450","0","4876.0","422.03766028015025"
"450","450","0","4878.0","422.0376602800693"
"450","450","0","4880.0","422.03766028002997"
"450","450","0","4882.0","422.03766027993515"
"450","450","0","4884.0","422.0376602799796"
"450","450","0","4886.0","422.0376602799685"
"450","450","0","4888.0","422.0376602799172"
"450","450","0","4890.0","422.03766027986285"
"450","450","0","4892.0","422.0376602798575"
"450","450","0","4894.0","422.03766027995164"
"450","450","0","4896.0","422.03766027995636"
"450","450","0","4898.0","422.03766027998745"
"450","450","0","4900.0","422.0376602799613"
"450","450","0","4902.0","422.03766027994055"
"450","450","0","4904.0","422.03766027994067"
"450","450","0","4906.0","422.0376602799942"
"450","450","0","4908.0","422.03766028002553"
"450","450","0","4910.0","422.03766028005606"
"450","450","0","4912.0","422.03766027998506"
"450","450","0","4914.0","422.03766028002644"
"450","450","0","4916.0","422.03766028004145"
"450","450","0","4918.0","422.0376602800507"
"450","450","0","4920.0","422.03766028004236"
"450","450","0","4922.0","422.03766028006237"
"450","450","0","4924.0","422.0376602800408"
"450","450","0","4926.0","422.0376602799986"
"450","450","0","4928.0","422.03766028000047"
"450","450","0","4930.0","422.0376602800437"
"450","450","0","4932.0","422.03766028008374"
"450","450","0","4934.0","422.03766028015116"
"450","450","0","4936.0","422.03766028019163"
"450","450","0","4938.0","422.03766028013405"
"450","450","0","4940.0","422.0376602801327"
"450","450","0","4942.0","422.0376602801016"
"450","450","0","4944.0","422.0376602801058"
"450","450","0","4946.0","422.0376602801399"
"450","450","0","4948.0","422.03766028015673"
"450","450","0","4950.0","422.0376602801525"
"450","450","0","4952.0","422.03766028011455"
"450","450","0","4954.0","422.03766028014275"
"450","450","0","4956.0","422.03766028014036"
"450","450","0","4958.0","422.03766028015923"
"450","450","0","4960.0","422.03766028011745"
"450","450","0","4962.0","422.03766028007993"
"450","450","0","4964.0","422.03766027998313"
"450","450","0","4966.0","422.03766028003974"
"450","450","0","4968.0","422.0376602800299"
"450","450","0","4970.0","422.0376602800923"
"450","450","0","4972.0","422.037660280021"
"450","450","0","4974.0","422.037660280042"
"450","450","0","4976.0","422.03766028006396"
"450","450","0","4978.0","422.0376602800375"
"450","450","0","4980.0","422.0376602800533"
"450","450","0","4982.0","422.0376602800371"
"450","450","0","4984.0","422.03766028002707"
"450","450","0","4986.0","422.0376602799688"
"450","450","0","4988.0","422.03766027999245"
"450","450","0","4990.0","422.037660279969"
"450","450","0","4992.0","422.0376602799995"
"450","450","0","4994.0","422.0376602799747"
"450","450","0","4996.0","422.03766027994396"
"450","450","0","4998.0","422.0376602799518"
"450","450","0","5000.0","422.03766027988553"
"450","450","0","5002.0","422.0376602798777"
"450","450","0","5004.0","422.03766027986586"
"450","450","0","5006.0","422.03766027986615"
"450","450","0","5008.0","422.0376602798619"
"450","450","0","5010.0","422.0376602798159"
"450","450","0","5012.0","422.03766027979674"
"450","450","0","5014.0","422.0376602798359"
"450","450","0","5016.0","422.0376602798245"
"450","450","0","5018.0","422.0376602798618"
"450","450","0","5020.0","422.03766027984335"
"450","450","0","5022.0","422.03766027985404"
"450","450","0","5024.0","422.0376602798302"
"450","450","0","5026.0","422.0376602798091"
"450","450","0","5028.0","422.03766027982573"
"450","450","0","5030.0","422.0376602798707"
"450","450","0","5032.0","422.0376602798816"
"450","450","0","5034.0","422.037660279884"
"450","450","0","5036.0","422.0376602799141"
"450","450","0","5038.0","422.03766027986876"
"450","450","0","5040.0","422.0376602798548"
"450","450","0","5042.0","422.03766027981857"
"450","450","0","5044.0","422.03766027978065"
"450","450","0","5046.0","422.037660279776"
"450","450","0","5048.0","422.0376602797194"
"450","450","0","5050.0","422.0376602797556"
"450","450","0","5052.0","422.0376602798214"
"450","450","0","5054.0","422.0376602798287"
"450","450","0","5056.0","422.0376602798429"
"450","450","0","5058.0","422.03766027986075"
"450","450","0","5060.0","422.0376602798856"
"450","450","0","5062.0","422.0376602799204"
"450","450","0","5064.0","422.037660279924"
"450","450","0","5066.0","422.03766027992447"
"450","450","0","5068.0","422.0376602799443"
"450","450","0","5070.0","422.0376602800065"
"450","450","0","5072.0","422.0376602800201"
"450","450","0","5074.0","422.03766027997057"
"450","450","0","5076.0","422.03766027992225"
"450","450","0","5078.0","422.03766027989707"
"450","450","0","5080.0","422.0376602798326"
"450","450","0","5082.0","422.03766027981334"
"450","450","0","5084.0","422.0376602797811"
"450","450","0","5086.0","422.0376602798155"
"450","450","0","5088.0","422.0376602798031"
"450","450","0","5090.0","422.03766027983596"
"450","450","0","5092.0","422.0376602798755"
"450","450","0","5094.0","422.0376602797997"
"450","450","0","5096.0","422.03766027975996"
"450","450","0","5098.0","422.03766027974353"
"450","450","0","5100.0","422.0376602797593"
"450","450","0","5102.0","422.0376602797841"
"450","450","0","5104.0","422.0376602798295"
"450","450","0","5106.0","422.03766027983403"
"450","450","0","5108.0","422.0376602798063"
"450","450","0","5110.0","422.03766027985233"
"450","450","0","5112.0","422.0376602799001"
"450","450","0","5114.0","422.0376602798486"
"450","450","0","5116.0","422.03766027986626"
"450","450","0","5118.0","422.03766027984335"
"450","450","0","5120.0","422.0376602798781"
"450","450","0","5122.0","422.0376602798717"
"450","450","0","5124.0","422.0376602799329"
"450","450","0","5126.0","422.0376602799152"
"450","450","0","5128.0","422.03766027994214"
"450","450","0","5130.0","422.0376602799052"
"450","450","0","5132.0","422.03766027990474"
"450","450","0","5134.0","422.0376602799177"
"450","450","0","5136.0","422.0376602798867"
"450","450","0","5138.0","422.0376602798996"
"450","450","0","5140.0","422.0376602798574"
"450","450","0","5142.0","422.0376602798497"
"450","450","0","5144.0","422.0376602798014"
"450","450","0","5146.0","422.03766027977025"
"450","450","0","5148.0","422.03766027977287"
"450","450","0","5150.0","422.0376602797454"
"450","450","0","5152.0","422.03766027972256"
"450","450","0","5154.0","422.0376602797222"
"450","450","0","5156.0","422.0376602797545"
"450","450","0","5158.0","422.0376602797858"
"450","450","0","5160.0","422.03766027980396"
"450","450","0","5162.0","422.03766027982215"
"450","450","0","5164.0","422.03766027981186"
"450","450","0","5166.0","422.0376602798516"
"450","450","0","5168.0","422.03766027983374"
"450","450","0","5170.0","422.03766027984994"
"450","450","0","5172.0","422.03766027987587"
"450","450","0","5174.0","422.0376602798727"
"450","450","0","5176.0","422.03766027988945"
"450","450","0","5178.0","422.0376602798915"
"450","450","0","5180.0","422.0376602798858"
"450","450","0","5182.0","422.03766027992674"
"450","450","0","5184.0","422.037660279922"
"450","450","0","5186.0","422.0376602799236"
"450","450","0","5188.0","422.0376602799751"
"450","450","0","5190.0","422.0376602799951"
"450","450","0","5192.0","422.03766027998176"
"450","450","0","5194.0","422.0376602799873"
"450","450","0","5196.0","422.0376602799902"
"450","450","0","5198.0","422.03766028000587"
"450","450","0","5200.0","422.03766028002735"
"450","450","0","5202.0","422.0376602799877"
"450","450","0","5204.0","422.03766027995596"
"450","450","0","5206.0","422.03766027989684"
"450","450","0","5208.0","422.03766027995084"
"450","450","0","5210.0","422.0376602799253"
"450","450","0","5212.0","422.03766027991264"
"450","450","0","5214.0","422.0376602798999"
"450","450","0","5216.0","422.03766027992685"
"450","450","0","5218.0","422.03766027992464"
"450","450","0","5220.0","422.0376602798941"
"450","450","0","5222.0","422.0376602798955"
"450","450","0","5224.0","422.0376602798813"
"450","450","0","5226.0","422.0376602798183"
"450","450","0","5228.0","422.03766027981277"
"450","450","0","5230.0","422.03766027982226"
"450","450","0","5232.0","422.0376602798098"
"450","450","0","5234.0","422.0376602798059"
"450","450","0","5236.0","422.0376602797891"
"450","450","0","5238.0","422.03766027978634"
"450","450","0","5240.0","422.03766027978526"
"450","450","0","5242.0","422.0376602798067"
"450","450","0","5244.0","422.0376602798053"
"450","450","0","5246.0","422.03766027979594"
"450","450","0","5248.0","422.037660279826"
"450","450","0","5250.0","422.03766027982454"
"450","450","0","5252.0","422.03766027981584"
"450","450","0","5254.0","422.0376602798009"
"450","450","0","5256.0","422.0376602798214"
"450","450","0","5258.0","422.03766027982834"
"450","450","0","5260.0","422.0376602798207"
"450","450","0","5262.0","422.03766027981976"
"450","450","0","5264.0","422.03766027983215"
"450","450","0","5266.0","422.0376602798501"
"450","450","0","5268.0","422.03766027986774"
"450","450","0","5270.0","422.0376602798592"
"450","450","0","5272.0","422.03766027984057"
"450","450","0","5274.0","422.0376602797948"
"450","450","0","5276.0","422.0376602797776"
"450","450","0","5278.0","422.0376602798105"
"450","450","0","5280.0","422.037660279792"
"450","450","0","5282.0","422.03766027983386"
"450","450","0","5284.0","422.03766027983676"
"450","450","0","5286.0","422.0376602798379"
"450","450","0","5288.0","422.03766027985125"
"450","450","0","5290.0","422.03766027986103"
"450","450","0","5292.0","422.0376602798563"
"450","450","0","5294.0","422.0376602798112"
"450","450","0","5296.0","422.03766027984017"
"450","450","0","5298.0","422.03766027984807"
"450","450","0","5300.0","422.03766027985824"
"450","450","0","5302.0","422.0376602798365"
"450","450","0","5304.0","422.03766027983147"
"450","450","0","5306.0","422.03766027981584"
"450","450","0","5308.0","422.0376602797893"
"450","450","0","5310.0","422.0376602797356"
"450","450","0","5312.0","422.0376602797071"
"450","450","0","5314.0","422.0376602797039"
"450","450","0","5316.0","422.0376602796828"
"450","450","0","5318.0","422.0376602796567"
"450","450","0","5320.0","422.0376602797121"
"450","450","0","5322.0","422.0376602796953"
"450","450","0","5324.0","422.0376602797309"
"450","450","0","5326.0","422.03766027972546"
"450","450","0","5328.0","422.0376602797401"
"450","450","0","5330.0","422.03766027973785"
"450","450","0","5332.0","422.0376602797097"
"450","450","0","5334.0","422.03766027972006"
"450","450","0","5336.0","422.03766027971733"
"450","450","0","5338.0","422.03766027973154"
"450","450","0","5340.0","422.0376602797258"
"450","450","0","5342.0","422.03766027967754"
"450","450","0","5344.0","422.03766027964275"
"450","450","0","5346.0","422.037660279643"
"450","450","0","5348.0","422.03766027963155"
"450","450","0","5350.0","422.03766027965355"
"450","450","0","5352.0","422.03766027964855"
"450","450","0","5354.0","422.03766027962405"
"450","450","0","5356.0","422.03766027966947"
"450","450","0","5358.0","422.0376602796569"
"450","450","0","5360.0","422.03766027967663"
"450","450","0","5362.0","422.0376602796635"
"450","450","0","5364.0","422.03766027961274"
"450","450","0","5366.0","422.0376602795911"
"450","450","0","5368.0","422.03766027960046"
"450","450","0","5370.0","422.0376602795692"
"450","450","0","5372.0","422.037660279566"
"450","450","0","5374.0","422.03766027958255"
"450","450","0","5376.0","422.0376602796058"
"450","450","0","5378.0","422.0376602796013"
"450","450","0","5380.0","422.03766027959193"
"450","450","0","5382.0","422.03766027959705"
"450","450","0","5384.0","422.03766027961"
"450","450","0","5386.0","422.03766027959153"
"450","450","0","5388.0","422.03766027960967"
"450","450","0","5390.0","422.03766027961746"
"450","450","0","5392.0","422.03766027958744"
"450","450","0","5394.0","422.0376602795282"
"450","450","0","5396.0","422.0376602794946"
"450","450","0","5398.0","422.0376602795193"
"450","450","0","5400.0","422.0376602794869"
"450","450","0","5402.0","422.03766027951224"
"450","450","0","5404.0","422.03766027950996"
"450","450","0","5406.0","422.0376602794994"
"450","450","0","5408.0","422.03766027955385"
"450","450","0","5410.0","422.0376602795199"
"450","450","0","5412.0","422.0376602795438"
"450","450","0","5414.0","422.03766027951895"
"450","450","0","5416.0","422.0376602795292"
"450","450","0","5418.0","422.037660279568"
"450","450","0","5420.0","422.03766027953935"
"450","450","0","5422.0","422.037660279524"
"450","450","0","5424.0","422.03766027960506"
"450","450","0","5426.0","422.0376602796426"
"450","450","0","5428.0","422.03766027963405"
"450","450","0","5430.0","422.03766027964616"
"450","450","0","5432.0","422.0376602796633"
"450","450","0","5434.0","422.0376602796551"
"450","450","0","5436.0","422.0376602796643"
"450","450","0","5438.0","422.0376602796595"
"450","450","0","5440.0","422.0376602796686"
"450","450","0","5442.0","422.037660279682"
"450","450","0","5444.0","422.03766027968527"
"450","450","0","5446.0","422.0376602796637"
"450","450","0","5448.0","422.03766027966884"
"450","450","0","5450.0","422.0376602797375"
"450","450","0","5452.0","422.03766027977537"
"450","450","0","5454.0","422.0376602797509"
"450","450","0","5456.0","422.03766027978446"
"450","450","0","5458.0","422.03766027978696"
"450","450","0","5460.0","422.03766027982186"
"450","450","0","5462.0","422.03766027986603"
"450","450","0","5464.0","422.03766027989695"
"450","450","0","5466.0","422.03766027988087"
"450","450","0","5468.0","422.03766027991554"
"450","450","0","5470.0","422.0376602799067"
"450","450","0","5472.0","422.0376602798994"
"450","450","0","5474.0","422.0376602799099"
"450","450","0","5476.0","422.0376602799029"
"450","450","0","5478.0","422.0376602799046"
"450","450","0","5480.0","422.0376602798816"
"450","450","0","5482.0","422.037660279861"
"450","450","0","5484.0","422.0376602798613"
"450","450","0","5486.0","422.0376602798906"
"450","450","0","5488.0","422.0376602798873"
"450","450","0","5490.0","422.03766027986217"
"450","450","0","5492.0","422.03766027985733"
"450","450","0","5494.0","422.03766027988485"
"450","450","0","5496.0","422.0376602799119"
"450","450","0","5498.0","422.03766027988564"
"450","450","0","5500.0","422.0376602798752"
"450","450","0","5502.0","422.03766027984585"
"450","450","0","5504.0","422.03766027985597"
"450","450","0","5506.0","422.0376602798355"
"450","450","0","5508.0","422.03766027983215"
"450","450","0","5510.0","422.0376602798094"
"450","450","0","5512.0","422.0376602798231"
"450","450","0","5514.0","422.03766027984335"
"450","450","0","5516.0","422.0376602798783"
"450","450","0","5518.0","422.0376602799258"
"450","450","0","5520.0","422.0376602799272"
"450","450","0","5522.0","422.03766027992685"
"450","450","0","5524.0","422.0376602799106"
"450","450","0","5526.0","422.03766027994493"
"450","450","0","5528.0","422.03766027994004"
"450","450","0","5530.0","422.03766027996454"
"450","450","0","5532.0","422.03766027993"
"450","450","0","5534.0","422.0376602799637"
"450","450","0","5536.0","422.03766027995437"
"450","450","0","5538.0","422.0376602799288"
"450","450","0","5540.0","422.03766027997875"
"450","450","0","5542.0","422.03766027999677"
"450","450","0","5544.0","422.0376602799879"
"450","450","0","5546.0","422.03766027999814"
"450","450","0","5548.0","422.0376602800033"
"450","450","0","5550.0","422.03766028002514"
"450","450","0","5552.0","422.0376602800495"
"450","450","0","5554.0","422.03766028005055"
"450","450","0","5556.0","422.0376602800804"
"450","450","0","5558.0","422.03766028008476"
"450","450","0","5560.0","422.03766028009545"
"450","450","0","5562.0","422.03766028009375"
"450","450","0","5564.0","422.0376602801078"
"450","450","0","5566.0","422.03766028013075"
"450","450","0","5568.0","422.0376602801393"
"450","450","0","5570.0","422.0376602801326"
"450","450","0","5572.0","422.0376602801285"
"450","450","0","5574.0","422.0376602801177"
"450","450","0","5576.0","422.0376602801276"
"450","450","0","5578.0","422.0376602801153"
"450","450","0","5580.0","422.0376602800761"
"450","450","0","5582.0","422.03766028009363"
"450","450","0","5584.0","422.03766028010364"
"450","450","0","5586.0","422.0376602800983"
"450","450","0","5588.0","422.0376602801066"
"450","450","0","5590.0","422.03766028011614"
"450","450","0","5592.0","422.0376602801132"
"450","450","0","5594.0","422.0376602801177"
"450","450","0","5596.0","422.03766028014115"
"450","450","0","5598.0","422.03766028014627"
"450","450","0","5600.0","422.0376602801457"
"450","450","0","5602.0","422.0376602801729"
"450","450","0","5604.0","422.0376602801531"
"450","450","0","5606.0","422.0376602801412"
"450","450","0","5608.0","422.03766028010705"
"450","450","0","5610.0","422.037660280094"
"450","450","0","5612.0","422.0376602800759"
"450","450","0","5614.0","422.0376602801059"
"450","450","0","5616.0","422.03766028006686"
"450","450","0","5618.0","422.0376602800832"
"450","450","0","5620.0","422.0376602800999"
"450","450","0","5622.0","422.0376602800783"
"450","450","0","5624.0","422.0376602800503"
"450","450","0","5626.0","422.03766028008266"
"450","450","0","5628.0","422.03766028011745"
"450","450","0","5630.0","422.03766028009676"
"450","450","0","5632.0","422.0376602801282"
"450","450","0","5634.0","422.03766028012035"
"450","450","0","5636.0","422.0376602801325"
"450","450","0","5638.0","422.0376602801317"
"450","450","0","5640.0","422.0376602801261"
"450","450","0","5642.0","422.0376602801084"
"450","450","0","5644.0","422.03766028008687"
"450","450","0","5646.0","422.03766028006595"
"450","450","0","5648.0","422.03766028008874"
"450","450","0","5650.0","422.0376602800838"
"450","450","0","5652.0","422.0376602801109"
"450","450","0","5654.0","422.0376602801155"
"450","450","0","5656.0","422.0376602801159"
"450","450","0","5658.0","422.0376602801281"
"450","450","0","5660.0","422.0376602801093"
"450","450","0","5662.0","422.0376602800952"
"450","450","0","5664.0","422.0376602800896"
"450","450","0","5666.0","422.0376602800826"
"450","450","0","5668.0","422.03766028007135"
"450","450","0","5670.0","422.0376602800619"
"450","450","0","5672.0","422.03766028008204"
"450","450","0","5674.0","422.0376602801077"
"450","450","0","5676.0","422.03766028013496"
"450","450","0","5678.0","422.037660280158"
"450","450","0","5680.0","422.03766028013393"
"450","450","0","5682.0","422.037660280158"
"450","450","0","5684.0","422.0376602801677"
"450","450","0","5686.0","422.0376602801949"
"450","450","0","5688.0","422.0376602801915"
"450","450","0","5690.0","422.0376602802011"
"450","450","0","5692.0","422.0376602802141"
"450","450","0","5694.0","422.0376602802348"
"450","450","0","5696.0","422.03766028020414"
"450","450","0","5698.0","422.0376602801893"
"450","450","0","5700.0","422.03766028020664"
"450","450","0","5702.0","422.03766028019896"
"450","450","0","5704.0","422.03766028020243"
"450","450","0","5706.0","422.03766028022477"
"450","450","0","5708.0","422.037660280218"
"450","450","0","5710.0","422.0376602802182"
"450","450","0","5712.0","422.037660280251"
"450","450","0","5714.0","422.0376602802098"
"450","450","0","5716.0","422.03766028018487"
"450","450","0","5718.0","422.0376602801776"
"450","450","0","5720.0","422.0376602801992"
"450","450","0","5722.0","422.0376602802098"
"450","450","0","5724.0","422.0376602801999"
"450","450","0","5726.0","422.0376602802073"
"450","450","0","5728.0","422.0376602802047"
"450","450","0","5730.0","422.0376602802002"
"450","450","0","5732.0","422.0376602802286"
"450","450","0","5734.0","422.03766028025"
"450","450","0","5736.0","422.03766028024074"
"450","450","0","5738.0","422.03766028022585"
"450","450","0","5740.0","422.03766028022284"
"450","450","0","5742.0","422.03766028023364"
"450","450","0","5744.0","422.03766028023887"
"450","450","0","5746.0","422.0376602802301"
"450","450","0","5748.0","422.0376602802348"
"450","450","0","5750.0","422.0376602802471"
"450","450","0","5752.0","422.03766028024137"
"450","450","0","5754.0","422.0376602802682"
"450","450","0","5756.0","422.0376602802653"
"450","450","0","5758.0","422.0376602802728"
"450","450","0","5760.0","422.0376602802899"
"450","450","0","5762.0","422.03766028029025"
"450","450","0","5764.0","422.0376602802798"
"450","450","0","5766.0","422.0376602802785"
"450","450","0","5768.0","422.03766028028434"
"450","450","0","5770.0","422.03766028026644"
"450","450","0","5772.0","422.0376602802564"
"450","450","0","5774.0","422.03766028024154"
"450","450","0","5776.0","422.03766028027064"
"450","450","0","5778.0","422.0376602802899"
"450","450","0","5780.0","422.0376602802962"
"450","450","0","5782.0","422.0376602802887"
"450","450","0","5784.0","422.037660280275"
"450","450","0","5786.0","422.0376602802919"
"450","450","0","5788.0","422.0376602802837"
"450","450","0","5790.0","422.0376602803097"
"450","450","0","5792.0","422.0376602803196"
"450","450","0","5794.0","422.03766028031623"
"450","450","0","5796.0","422.0376602802839"
"450","450","0","5798.0","422.0376602802909"
"450","450","0","5800.0","422.03766028028946"
"450","450","0","5802.0","422.03766028028696"
"450","450","0","5804.0","422.0376602803038"
"450","450","0","5806.0","422.03766028034926"
"450","450","0","5808.0","422.0376602803517"
"450","450","0","5810.0","422.0376602803463"
"450","450","0","5812.0","422.0376602803377"
"450","450","0","5814.0","422.0376602803021"
"450","450","0","5816.0","422.0376602802996"
"450","450","0","5818.0","422.03766028031407"
"450","450","0","5820.0","422.03766028029713"
"450","450","0","5822.0","422.0376602803047"
"450","450","0","5824.0","422.0376602803126"
"450","450","0","5826.0","422.037660280306"
"450","450","0","5828.0","422.03766028031504"
"450","450","0","5830.0","422.0376602803093"
"450","450","0","5832.0","422.03766028031055"
"450","450","0","5834.0","422.0376602802868"
"450","450","0","5836.0","422.03766028029816"
"450","450","0","5838.0","422.03766028029395"
"450","450","0","5840.0","422.03766028028855"
"450","450","0","5842.0","422.0376602803048"
"450","450","0","5844.0","422.0376602803019"
"450","450","0","5846.0","422.0376602803074"
"450","450","0","5848.0","422.03766028029753"
"450","450","0","5850.0","422.03766028030475"
"450","450","0","5852.0","422.037660280316"
"450","450","0","5854.0","422.03766028030327"
"450","450","0","5856.0","422.0376602802986"
"450","450","0","5858.0","422.03766028032993"
"450","450","0","5860.0","422.0376602803461"
"450","450","0","5862.0","422.03766028031544"
"450","450","0","5864.0","422.0376602803015"
"450","450","0","5866.0","422.03766028029287"
"450","450","0","5868.0","422.0376602802944"
"450","450","0","5870.0","422.0376602802849"
"450","450","0","5872.0","422.0376602802867"
"450","450","0","5874.0","422.03766028028906"
"450","450","0","5876.0","422.0376602803019"
"450","450","0","5878.0","422.0376602802847"
"450","450","0","5880.0","422.03766028026155"
"450","450","0","5882.0","422.0376602802636"
"450","450","0","5884.0","422.0376602802661"
"450","450","0","5886.0","422.0376602802806"
"450","450","0","5888.0","422.03766028027235"
"450","450","0","5890.0","422.03766028027366"
"450","450","0","5892.0","422.0376602802926"
"450","450","0","5894.0","422.0376602802903"
"450","450","0","5896.0","422.03766028027286"
"450","450","0","5898.0","422.03766028028116"
"450","450","0","5900.0","422.0376602802735"
"450","450","0","5902.0","422.0376602803114"
"450","450","0","5904.0","422.0376602802952"
"450","450","0","5906.0","422.0376602802864"
"450","450","0","5908.0","422.0376602802928"
"450","450","0","5910.0","422.03766028030566"
"450","450","0","5912.0","422.037660280315"
"450","450","0","5914.0","422.0376602802861"
"450","450","0","5916.0","422.03766028025274"
"450","450","0","5918.0","422.03766028025973"
"450","450","0","5920.0","422.03766028024876"
"450","450","0","5922.0","422.0376602802412"
"450","450","0","5924.0","422.037660280244"
"450","450","0","5926.0","422.03766028022164"
"450","450","0","5928.0","422.03766028023637"
"450","450","0","5930.0","422.0376602802485"
"450","450","0","5932.0","422.03766028025905"
"450","450","0","5934.0","422.03766028027076"
"450","450","0","5936.0","422.0376602802794"
"450","450","0","5938.0","422.03766028028394"
"450","450","0","5940.0","422.0376602802821"
"450","450","0","5942.0","422.03766028027593"
"450","450","0","5944.0","422.037660280304"
"450","450","0","5946.0","422.03766028028656"
"450","450","0","5948.0","422.03766028029935"
"450","450","0","5950.0","422.037660280305"
"450","450","0","5952.0","422.0376602803037"
"450","450","0","5954.0","422.0376602802909"
"450","450","0","5956.0","422.0376602802978"
"450","450","0","5958.0","422.0376602802892"
"450","450","0","5960.0","422.03766028028747"
"450","450","0","5962.0","422.03766028029986"
"450","450","0","5964.0","422.0376602803025"
"450","450","0","5966.0","422.037660280316"
"450","450","0","5968.0","422.0376602803113"
"450","450","0","5970.0","422.03766028033436"
"450","450","0","5972.0","422.03766028034306"
"450","450","0","5974.0","422.0376602803442"
"450","450","0","5976.0","422.0376602803266"
"450","450","0","5978.0","422.0376602803182"
"450","450","0","5980.0","422.03766028030805"
"450","450","0","5982.0","422.0376602803237"
"450","450","0","5984.0","422.03766028034505"
"450","450","0","5986.0","422.03766028036"
"450","450","0","5988.0","422.0376602803712"
"450","450","0","5990.0","422.03766028037796"
"450","450","0","5992.0","422.03766028037245"
"450","450","0","5994.0","422.0376602803678"
"450","450","0","5996.0","422.0376602803948"
"450","450","0","5998.0","422.0376602804008"
"450","450","0","6000.0","422.03766028039155"
"450","450","0","6002.0","422.0376602803884"
"450","450","0","6004.0","422.037660280414"
"450","450","0","6006.0","422.0376602803945"
"450","450","0","6008.0","422.03766028040184"
"450","450","0","6010.0","422.03766028041275"
"450","450","0","6012.0","422.03766028040917"
"450","450","0","6014.0","422.037660280418"
"450","450","0","6016.0","422.03766028041787"
"450","450","0","6018.0","422.0376602804277"
"450","450","0","6020.0","422.0376602804247"
"450","450","0","6022.0","422.0376602804459"
"450","450","0","6024.0","422.0376602804423"
"450","450","0","6026.0","422.03766028045777"
"450","450","0","6028.0","422.0376602804546"
"450","450","0","6030.0","422.0376602804407"
"450","450","0","6032.0","422.03766028044436"
"450","450","0","6034.0","422.03766028043754"
"450","450","0","6036.0","422.0376602804038"
"450","450","0","6038.0","422.037660280402"
"450","450","0","6040.0","422.0376602803985"
"450","450","0","6042.0","422.0376602804081"
"450","450","0","6044.0","422.03766028039803"
"450","450","0","6046.0","422.0376602804123"
"450","450","0","6048.0","422.0376602804315"
"450","450","0","6050.0","422.03766028043333"
"450","450","0","6052.0","422.03766028041963"
"450","450","0","6054.0","422.0376602804273"
"450","450","0","6056.0","422.0376602804239"
"450","450","0","6058.0","422.0376602804282"
"450","450","0","6060.0","422.037660280413"
"450","450","0","6062.0","422.0376602803999"
"450","450","0","6064.0","422.03766028039774"
"450","450","0","6066.0","422.037660280401"
"450","450","0","6068.0","422.0376602803992"
"450","450","0","6070.0","422.0376602803865"
"450","450","0","6072.0","422.03766028037825"
"450","450","0","6074.0","422.03766028037273"
"450","450","0","6076.0","422.0376602803769"
"450","450","0","6078.0","422.0376602803603"
"450","450","0","6080.0","422.0376602803501"
"450","450","0","6082.0","422.03766028034073"
"450","450","0","6084.0","422.03766028033397"
"450","450","0","6086.0","422.0376602803407"
"450","450","0","6088.0","422.037660280362"
"450","450","0","6090.0","422.0376602803622"
"450","450","0","6092.0","422.0376602803356"
"450","450","0","6094.0","422.03766028034784"
"450","450","0","6096.0","422.0376602803331"
"450","450","0","6098.0","422.0376602803216"
"450","450","0","6100.0","422.0376602803601"
"450","450","0","6102.0","422.0376602803683"
"450","450","0","6104.0","422.03766028037904"
"450","450","0","6106.0","422.03766028040525"
"450","450","0","6108.0","422.03766028039405"
"450","450","0","6110.0","422.03766028041036"
"450","450","0","6112.0","422.0376602803944"
"450","450","0","6114.0","422.03766028038086"
"450","450","0","6116.0","422.03766028038035"
"450","450","0","6118.0","422.0376602803829"
"450","450","0","6120.0","422.03766028037876"
"450","450","0","6122.0","422.03766028038206"
"450","450","0","6124.0","422.0376602803713"
"450","450","0","6126.0","422.03766028036796"
"450","450","0","6128.0","422.0376602803887"
"450","450","0","6130.0","422.03766028038643"
"450","450","0","6132.0","422.03766028039144"
"450","450","0","6134.0","422.0376602804055"
"450","450","0","6136.0","422.03766028041423"
"450","450","0","6138.0","422.03766028040485"
"450","450","0","6140.0","422.0376602803958"
"450","450","0","6142.0","422.03766028038274"
"450","450","0","6144.0","422.03766028037035"
"450","450","0","6146.0","422.0376602803648"
"450","450","0","6148.0","422.0376602803716"
"450","450","0","6150.0","422.03766028038297"
"450","450","0","6152.0","422.03766028037046"
"450","450","0","6154.0","422.0376602803669"
"450","450","0","6156.0","422.0376602803744"
"450","450","0","6158.0","422.0376602803686"
"450","450","0","6160.0","422.03766028036637"
"450","450","0","6162.0","422.037660280365"
"450","450","0","6164.0","422.0376602803467"
"450","450","0","6166.0","422.0376602803366"
"450","450","0","6168.0","422.03766028033186"
"450","450","0","6170.0","422.0376602803506"
"450","450","0","6172.0","422.03766028035966"
"450","450","0","6174.0","422.0376602803688"
"450","450","0","6176.0","422.03766028037467"
"450","450","0","6178.0","422.03766028036904"
"450","450","0","6180.0","422.03766028036483"
"450","450","0","6182.0","422.03766028036915"
"450","450","0","6184.0","422.03766028037086"
"450","450","0","6186.0","422.0376602803631"
"450","450","0","6188.0","422.0376602803683"
"450","450","0","6190.0","422.03766028036614"
"450","450","0","6192.0","422.0376602803812"
"450","450","0","6194.0","422.0376602803736"
"450","450","0","6196.0","422.03766028036813"
"450","450","0","6198.0","422.03766028038115"
"450","450","0","6200.0","422.0376602803916"
"450","450","0","6202.0","422.037660280383"
"450","450","0","6204.0","422.03766028035943"
"450","450","0","6206.0","422.03766028034323"
"450","450","0","6208.0","422.0376602803356"
"450","450","0","6210.0","422.03766028032373"
"450","450","0","6212.0","422.0376602803"
"450","450","0","6214.0","422.03766028031606"
"450","450","0","6216.0","422.03766028032294"
"450","450","0","6218.0","422.03766028032396"
"450","450","0","6220.0","422.03766028034823"
"450","450","0","6222.0","422.037660280365"
"450","450","0","6224.0","422.03766028036506"
"450","450","0","6226.0","422.03766028036216"
"450","450","0","6228.0","422.03766028035284"
"450","450","0","6230.0","422.03766028037285"
"450","450","0","6232.0","422.0376602803828"
"450","450","0","6234.0","422.0376602803833"
"450","450","0","6236.0","422.0376602803716"
"450","450","0","6238.0","422.03766028037387"
"450","450","0","6240.0","422.03766028039405"
"450","450","0","6242.0","422.03766028038484"
"450","450","0","6244.0","422.0376602803959"
"450","450","0","6246.0","422.03766028041525"
"450","450","0","6248.0","422.03766028041184"
"450","450","0","6250.0","422.0376602804051"
"450","450","0","6252.0","422.0376602804224"
"450","450","0","6254.0","422.03766028043407"
"450","450","0","6256.0","422.0376602804308"
"450","450","0","6258.0","422.0376602804301"
"450","450","0","6260.0","422.0376602804261"
"450","450","0","6262.0","422.03766028043174"
"450","450","0","6264.0","422.037660280436"
"450","450","0","6266.0","422.03766028044674"
"450","450","0","6268.0","422.03766028045123"
"450","450","0","6270.0","422.03766028044805"
"450","450","0","6272.0","422.03766028042884"
"450","450","0","6274.0","422.037660280428"
"450","450","0","6276.0","422.0376602804447"
"450","450","0","6278.0","422.03766028044913"
"450","450","0","6280.0","422.037660280454"
"450","450","0","6282.0","422.0376602804376"
"450","450","0","6284.0","422.03766028044106"
"450","450","0","6286.0","422.03766028042696"
"450","450","0","6288.0","422.0376602804234"
"450","450","0","6290.0","422.03766028043196"
"450","450","0","6292.0","422.03766028042867"
"450","450","0","6294.0","422.0376602804269"
"450","450","0","6296.0","422.0376602804163"
"450","450","0","6298.0","422.0376602804363"
"450","450","0","6300.0","422.03766028045135"
"450","450","0","6302.0","422.0376602804385"
"450","450","0","6304.0","422.0376602804396"
"450","450","0","6306.0","422.03766028045555"
"450","450","0","6308.0","422.0376602804532"
"450","450","0","6310.0","422.03766028043395"
"450","450","0","6312.0","422.03766028044174"
"450","450","0","6314.0","422.0376602804448"
"450","450","0","6316.0","422.037660280458"
"450","450","0","6318.0","422.0376602804605"
"450","450","0","6320.0","422.0376602804653"
"450","450","0","6322.0","422.0376602804667"
"450","450","0","6324.0","422.0376602804737"
"450","450","0","6326.0","422.0376602804561"
"450","450","0","6328.0","422.03766028045015"
"450","450","0","6330.0","422.0376602804492"
"450","450","0","6332.0","422.037660280454"
"450","450","0","6334.0","422.03766028044987"
"450","450","0","6336.0","422.03766028044436"
"450","450","0","6338.0","422.0376602804403"
"450","450","0","6340.0","422.037660280435"
"450","450","0","6342.0","422.03766028045135"
"450","450","0","6344.0","422.0376602804543"
"450","450","0","6346.0","422.0376602804581"
"450","450","0","6348.0","422.037660280449"
"450","450","0","6350.0","422.03766028045254"
"450","450","0","6352.0","422.0376602804567"
"450","450","0","6354.0","422.03766028044595"
"450","450","0","6356.0","422.0376602804391"
"450","450","0","6358.0","422.0376602804329"
"450","450","0","6360.0","422.03766028043486"
"450","450","0","6362.0","422.03766028043685"
"450","450","0","6364.0","422.0376602804506"
"450","450","0","6366.0","422.03766028045237"
"450","450","0","6368.0","422.03766028045925"
"450","450","0","6370.0","422.0376602804594"
"450","450","0","6372.0","422.0376602804556"
"450","450","0","6374.0","422.03766028044083"
"450","450","0","6376.0","422.0376602804457"
"450","450","0","6378.0","422.0376602804338"
"450","450","0","6380.0","422.0376602804273"
"450","450","0","6382.0","422.03766028044794"
"450","450","0","6384.0","422.0376602804539"
"450","450","0","6386.0","422.0376602804607"
"450","450","0","6388.0","422.03766028046135"
"450","450","0","6390.0","422.03766028046954"
"450","450","0","6392.0","422.0376602804856"
"450","450","0","6394.0","422.03766028048585"
"450","450","0","6396.0","422.0376602804785"
"450","450","0","6398.0","422.03766028048915"
"450","450","0","6400.0","422.037660280486"
"450","450","0","6402.0","422.0376602804782"
"450","450","0","6404.0","422.0376602804728"
"450","450","0","6406.0","422.03766028047403"
"450","450","0","6408.0","422.0376602804722"
"450","450","0","6410.0","422.03766028048074"
"450","450","0","6412.0","422.0376602804824"
"450","450","0","6414.0","422.03766028048244"
"450","450","0","6416.0","422.0376602804776"
"450","450","0","6418.0","422.03766028047494"
"450","450","0","6420.0","422.0376602804715"
"450","450","0","6422.0","422.03766028047585"
"450","450","0","6424.0","422.0376602804678"
"450","450","0","6426.0","422.03766028048136"
"450","450","0","6428.0","422.0376602804856"
"450","450","0","6430.0","422.0376602804734"
"450","450","0","6432.0","422.03766028047625"
"450","450","0","6434.0","422.03766028048017"
"450","450","0","6436.0","422.0376602804793"
"450","450","0","6438.0","422.03766028050165"
"450","450","0","6440.0","422.03766028050404"
"450","450","0","6442.0","422.03766028050813"
"450","450","0","6444.0","422.037660280507"
"450","450","0","6446.0","422.0376602805125"
"450","450","0","6448.0","422.0376602805021"
"450","450","0","6450.0","422.0376602805064"
"450","450","0","6452.0","422.0376602805066"
"450","450","0","6454.0","422.0376602805071"
"450","450","0","6456.0","422.0376602805068"
"450","450","0","6458.0","422.0376602805097"
"450","450","0","6460.0","422.03766028051825"
"450","450","0","6462.0","422.0376602805253"
"450","450","0","6464.0","422.03766028053104"
"450","450","0","6466.0","422.0376602805378"
"450","450","0","6468.0","422.0376602805349"
"450","450","0","6470.0","422.03766028053036"
"450","450","0","6472.0","422.0376602805323"
"450","450","0","6474.0","422.0376602805361"
"450","450","0","6476.0","422.037660280525"
"450","450","0","6478.0","422.0376602805155"
"450","450","0","6480.0","422.0376602805288"
"450","450","0","6482.0","422.03766028051723"
"450","450","0","6484.0","422.0376602805266"
"450","450","0","6486.0","422.03766028050865"
"450","450","0","6488.0","422.0376602805141"
"450","450","0","6490.0","422.0376602805153"
"450","450","0","6492.0","422.03766028051683"
"450","450","0","6494.0","422.03766028052047"
"450","450","0","6496.0","422.0376602805255"
"450","450","0","6498.0","422.0376602805148"
"450","450","0","6500.0","422.03766028052684"
"450","450","0","6502.0","422.03766028052104"
"450","450","0","6504.0","422.03766028052536"
"450","450","0","6506.0","422.03766028053957"
"450","450","0","6508.0","422.0376602805321"
"450","450","0","6510.0","422.0376602805245"
"450","450","0","6512.0","422.0376602805194"
"450","450","0","6514.0","422.03766028052706"
"450","450","0","6516.0","422.0376602805267"
"450","450","0","6518.0","422.03766028052485"
"450","450","0","6520.0","422.0376602805319"
"450","450","0","6522.0","422.037660280532"
"450","450","0","6524.0","422.0376602805339"
"450","450","0","6526.0","422.0376602805251"
"450","450","0","6528.0","422.03766028051416"
"450","450","0","6530.0","422.037660280514"
"450","450","0","6532.0","422.0376602805097"
"450","450","0","6534.0","422.037660280491"
"450","450","0","6536.0","422.03766028049296"
"450","450","0","6538.0","422.03766028049677"
"450","450","0","6540.0","422.03766028050177"
"450","450","0","6542.0","422.03766028049506"
"450","450","0","6544.0","422.0376602804878"
"450","450","0","6546.0","422.03766028049245"
"450","450","0","6548.0","422.0376602804829"
"450","450","0","6550.0","422.0376602804819"
"450","450","0","6552.0","422.0376602804884"
"450","450","0","6554.0","422.0376602804828"
"450","450","0","6556.0","422.03766028048375"
"450","450","0","6558.0","422.03766028047954"
"450","450","0","6560.0","422.0376602804987"
"450","450","0","6562.0","422.0376602804868"
"450","450","0","6564.0","422.03766028048017"
"450","450","0","6566.0","422.037660280485"
"450","450","0","6568.0","422.0376602804863"
"450","450","0","6570.0","422.0376602804853"
"450","450","0","6572.0","422.0376602804827"
"450","450","0","6574.0","422.03766028046465"
"450","450","0","6576.0","422.03766028046255"
"450","450","0","6578.0","422.0376602804593"
"450","450","0","6580.0","422.0376602804538"
"450","450","0","6582.0","422.03766028045743"
"450","450","0","6584.0","422.037660280454"
"450","450","0","6586.0","422.0376602804533"
"450","450","0","6588.0","422.0376602804551"
"450","450","0","6590.0","422.0376602804708"
"450","450","0","6592.0","422.03766028045163"
"450","450","0","6594.0","422.0376602804605"
"450","450","0","6596.0","422.03766028046385"
"450","450","0","6598.0","422.0376602804603"
"450","450","0","6600.0","422.03766028046743"
"450","450","0","6602.0","422.0376602804615"
"450","450","0","6604.0","422.03766028047164"
"450","450","0","6606.0","422.03766028046624"
"450","450","0","6608.0","422.0376602804797"
"450","450","0","6610.0","422.03766028048653"
"450","450","0","6612.0","422.037660280488"
"450","450","0","6614.0","422.0376602804889"
"450","450","0","6616.0","422.03766028048585"
"450","450","0","6618.0","422.0376602804905"
"450","450","0","6620.0","422.0376602804936"
"450","450","0","6622.0","422.03766028048545"
"450","450","0","6624.0","422.03766028048557"
"450","450","0","6626.0","422.0376602804748"
"450","450","0","6628.0","422.0376602804805"
"450","450","0","6630.0","422.03766028047187"
"450","450","0","6632.0","422.03766028047716"
"450","450","0","6634.0","422.0376602804747"
"450","450","0","6636.0","422.03766028047795"
"450","450","0","6638.0","422.03766028048346"
"450","450","0","6640.0","422.03766028048886"
"450","450","0","6642.0","422.0376602804966"
"450","450","0","6644.0","422.0376602804897"
"450","450","0","6646.0","422.0376602804902"
"450","450","0","6648.0","422.03766028048835"
"450","450","0","6650.0","422.03766028049506"
"450","450","0","6652.0","422.0376602805026"
"450","450","0","6654.0","422.03766028050916"
"450","450","0","6656.0","422.0376602805039"
"450","450","0","6658.0","422.0376602804983"
"450","450","0","6660.0","422.0376602804912"
"450","450","0","6662.0","422.0376602804879"
"450","450","0","6664.0","422.0376602804962"
"450","450","0","6666.0","422.0376602804945"
"450","450","0","6668.0","422.0376602805053"
"450","450","0","6670.0","422.03766028050416"
"450","450","0","6672.0","422.03766028049756"
"450","450","0","6674.0","422.0376602805048"
"450","450","0","6676.0","422.0376602805096"
"450","450","0","6678.0","422.03766028050643"
"450","450","0","6680.0","422.0376602805125"
"450","450","0","6682.0","422.0376602805113"
"450","450","0","6684.0","422.03766028051143"
"450","450","0","6686.0","422.0376602805243"
"450","450","0","6688.0","422.03766028053195"
"450","450","0","6690.0","422.03766028053496"
"450","450","0","6692.0","422.0376602805288"
"450","450","0","6694.0","422.0376602805153"
"450","450","0","6696.0","422.0376602805113"
"450","450","0","6698.0","422.03766028051393"
"450","450","0","6700.0","422.03766028050916"
"450","450","0","6702.0","422.0376602804994"
"450","450","0","6704.0","422.03766028050313"
"450","450","0","6706.0","422.03766028050086"
"450","450","0","6708.0","422.0376602805028"
"450","450","0","6710.0","422.0376602805046"
"450","450","0","6712.0","422.03766028051353"
"450","450","0","6714.0","422.0376602805306"
"450","450","0","6716.0","422.0376602805314"
"450","450","0","6718.0","422.0376602805341"
"450","450","0","6720.0","422.03766028054207"
"450","450","0","6722.0","422.03766028054156"
"450","450","0","6724.0","422.03766028054065"
"450","450","0","6726.0","422.03766028053775"
"450","450","0","6728.0","422.0376602805486"
"450","450","0","6730.0","422.03766028054633"
"450","450","0","6732.0","422.03766028055105"
"450","450","0","6734.0","422.03766028055463"
"450","450","0","6736.0","422.03766028055696"
"450","450","0","6738.0","422.0376602805681"
"450","450","0","6740.0","422.0376602805571"
"450","450","0","6742.0","422.03766028057123"
"450","450","0","6744.0","422.0376602805755"
"450","450","0","6746.0","422.03766028058266"
"450","450","0","6748.0","422.0376602805778"
"450","450","0","6750.0","422.0376602805693"
"450","450","0","6752.0","422.0376602805728"
"450","450","0","6754.0","422.0376602805667"
"450","450","0","6756.0","422.03766028056657"
"450","450","0","6758.0","422.0376602805673"
"450","450","0","6760.0","422.0376602805675"
"450","450","0","6762.0","422.03766028055844"
"450","450","0","6764.0","422.0376602805625"
"450","450","0","6766.0","422.0376602805603"
"450","450","0","6768.0","422.0376602805632"
"450","450","0","6770.0","422.0376602805636"
"450","450","0","6772.0","422.037660280565"
"450","450","0","6774.0","422.0376602805654"
"450","450","0","6776.0","422.03766028056964"
"450","450","0","6778.0","422.03766028057635"
"450","450","0","6780.0","422.0376602805886"
"450","450","0","6782.0","422.0376602805842"
"450","450","0","6784.0","422.03766028058675"
"450","450","0","6786.0","422.03766028059135"
"450","450","0","6788.0","422.03766028059357"
"450","450","0","6790.0","422.03766028059744"
"450","450","0","6792.0","422.03766028059067"
"450","450","0","6794.0","422.0376602805883"
"450","450","0","6796.0","422.03766028058527"
"450","450","0","6798.0","422.0376602805785"
"450","450","0","6800.0","422.03766028058186"
"450","450","0","6802.0","422.03766028058095"
"450","450","0","6804.0","422.03766028058817"
"450","450","0","6806.0","422.03766028059"
"450","450","0","6808.0","422.03766028058715"
"450","450","0","6810.0","422.03766028058885"
"450","450","0","6812.0","422.0376602805818"
"450","450","0","6814.0","422.0376602805819"
"450","450","0","6816.0","422.03766028057726"
"450","450","0","6818.0","422.0376602805779"
"450","450","0","6820.0","422.03766028057606"
"450","450","0","6822.0","422.03766028058254"
"450","450","0","6824.0","422.03766028058465"
"450","450","0","6826.0","422.0376602805842"
"450","450","0","6828.0","422.03766028057913"
"450","450","0","6830.0","422.0376602805727"
"450","450","0","6832.0","422.0376602805711"
"450","450","0","6834.0","422.037660280568"
"450","450","0","6836.0","422.0376602805565"
"450","450","0","6838.0","422.0376602805445"
"450","450","0","6840.0","422.037660280541"
"450","450","0","6842.0","422.03766028054014"
"450","450","0","6844.0","422.0376602805432"
"450","450","0","6846.0","422.03766028054724"
"450","450","0","6848.0","422.03766028055406"
"450","450","0","6850.0","422.03766028055645"
"450","450","0","6852.0","422.0376602805565"
"450","450","0","6854.0","422.03766028055736"
"450","450","0","6856.0","422.03766028056157"
"450","450","0","6858.0","422.03766028056515"
"450","450","0","6860.0","422.0376602805673"
"450","450","0","6862.0","422.037660280572"
"450","450","0","6864.0","422.03766028057936"
"450","450","0","6866.0","422.03766028057794"
"450","450","0","6868.0","422.03766028057254"
"450","450","0","6870.0","422.03766028057873"
"450","450","0","6872.0","422.03766028057333"
"450","450","0","6874.0","422.0376602805784"
"450","450","0","6876.0","422.0376602805776"
"450","450","0","6878.0","422.0376602805767"
"450","450","0","6880.0","422.03766028057794"
"450","450","0","6882.0","422.0376602805746"
"450","450","0","6884.0","422.03766028057396"
"450","450","0","6886.0","422.03766028057225"
"450","450","0","6888.0","422.03766028056833"
"450","450","0","6890.0","422.037660280577"
"450","450","0","6892.0","422.03766028057925"
"450","450","0","6894.0","422.03766028059147"
"450","450","0","6896.0","422.03766028058726"
"450","450","0","6898.0","422.0376602805906"
"450","450","0","6900.0","422.03766028058953"
"450","450","0","6902.0","422.0376602805884"
"450","450","0","6904.0","422.0376602805911"
"450","450","0","6906.0","422.0376602805866"
"450","450","0","6908.0","422.03766028059505"
"450","450","0","6910.0","422.0376602805926"
"450","450","0","6912.0","422.03766028059283"
"450","450","0","6914.0","422.0376602805959"
"450","450","0","6916.0","422.0376602805976"
"450","450","0","6918.0","422.0376602806002"
"450","450","0","6920.0","422.0376602806016"
"450","450","0","6922.0","422.03766028059545"
"450","450","0","6924.0","422.03766028060386"
"450","450","0","6926.0","422.03766028059994"
"450","450","0","6928.0","422.037660280599"
"450","450","0","6930.0","422.0376602805979"
"450","450","0","6932.0","422.0376602805996"
"450","450","0","6934.0","422.0376602806018"
"450","450","0","6936.0","422.0376602806047"
"450","450","0","6938.0","422.0376602806069"
"450","450","0","6940.0","422.0376602806039"
"450","450","0","6942.0","422.03766028060164"
"450","450","0","6944.0","422.037660280605"
"450","450","0","6946.0","422.037660280605"
"450","450","0","6948.0","422.03766028060704"
"450","450","0","6950.0","422.0376602806122"
"450","450","0","6952.0","422.03766028061096"
"450","450","0","6954.0","422.037660280618"
"450","450","0","6956.0","422.037660280614"
"450","450","0","6958.0","422.037660280613"
"450","450","0","6960.0","422.0376602806119"
"450","450","0","6962.0","422.0376602806111"
"450","450","0","6964.0","422.03766028060886"
"450","450","0","6966.0","422.03766028061307"
"450","450","0","6968.0","422.03766028061045"
"450","450","0","6970.0","422.0376602806198"
"450","450","0","6972.0","422.03766028061824"
"450","450","0","6974.0","422.03766028061244"
"450","450","0","6976.0","422.03766028061864"
"450","450","0","6978.0","422.0376602806168"
"450","450","0","6980.0","422.03766028061534"
"450","450","0","6982.0","422.03766028062233"
"450","450","0","6984.0","422.03766028062336"
"450","450","0","6986.0","422.03766028062216"
"450","450","0","6988.0","422.0376602806234"
"450","450","0","6990.0","422.037660280621"
"450","450","0","6992.0","422.0376602806231"
"450","450","0","6994.0","422.0376602806166"
"450","450","0","6996.0","422.03766028062495"
"450","450","0","6998.0","422.03766028062284"
"450","450","0","7000.0","422.0376602806236"
"450","450","0","7002.0","422.03766028063353"
"450","450","0","7004.0","422.0376602806346"
"450","450","0","7006.0","422.0376602806343"
"450","450","0","7008.0","422.03766028063376"
"450","450","0","7010.0","422.0376602806353"
"450","450","0","7012.0","422.03766028064143"
"450","450","0","7014.0","422.0376602806392"
"450","450","0","7016.0","422.0376602806365"
"450","450","0","7018.0","422.0376602806399"
"450","450","0","7020.0","422.03766028063393"
"450","450","0","7022.0","422.03766028063194"
"450","450","0","7024.0","422.03766028063285"
"450","450","0","7026.0","422.03766028063177"
"450","450","0","7028.0","422.03766028063114"
"450","450","0","7030.0","422.03766028063427"
"450","450","0","7032.0","422.037660280647"
"450","450","0","7034.0","422.03766028064706"
"450","450","0","7036.0","422.0376602806458"
"450","450","0","7038.0","422.03766028064524"
"450","450","0","7040.0","422.0376602806374"
"450","450","0","7042.0","422.0376602806401"
"450","450","0","7044.0","422.0376602806458"
"450","450","0","7046.0","422.0376602806459"
"450","450","0","7048.0","422.0376602806413"
"450","450","0","7050.0","422.03766028063933"
"450","450","0","7052.0","422.0376602806398"
"450","450","0","7054.0","422.037660280638"
"450","450","0","7056.0","422.037660280644"
"450","450","0","7058.0","422.03766028064314"
"450","450","0","7060.0","422.0376602806441"
"450","450","0","7062.0","422.0376602806384"
"450","450","0","7064.0","422.03766028064246"
"450","450","0","7066.0","422.03766028063933"
"450","450","0","7068.0","422.0376602806465"
"450","450","0","7070.0","422.0376602806547"
"450","450","0","7072.0","422.0376602806524"
"450","450","0","7074.0","422.03766028065627"
"450","450","0","7076.0","422.03766028065706"
"450","450","0","7078.0","422.0376602806606"
"450","450","0","7080.0","422.0376602806639"
"450","450","0","7082.0","422.0376602806659"
"450","450","0","7084.0","422.0376602806655"
"450","450","0","7086.0","422.0376602806618"
"450","450","0","7088.0","422.0376602806538"
"450","450","0","7090.0","422.03766028064814"
"450","450","0","7092.0","422.03766028065604"
"450","450","0","7094.0","422.0376602806518"
"450","450","0","7096.0","422.0376602806421"
"450","450","0","7098.0","422.03766028064706"
"450","450","0","7100.0","422.03766028064274"
"450","450","0","7102.0","422.0376602806396"
"450","450","0","7104.0","422.03766028063296"
"450","450","0","7106.0","422.0376602806339"
"450","450","0","7108.0","422.03766028063603"
"450","450","0","7110.0","422.03766028063586"
"450","450","0","7112.0","422.03766028063217"
"450","450","0","7114.0","422.0376602806359"
"450","450","0","7116.0","422.0376602806393"
"450","450","0","7118.0","422.0376602806443"
"450","450","0","7120.0","422.0376602806446"
"450","450","0","7122.0","422.03766028064456"
"450","450","0","7124.0","422.0376602806434"
"450","450","0","7126.0","422.0376602806455"
"450","450","0","7128.0","422.03766028064183"
"450","450","0","7130.0","422.0376602806474"
"450","450","0","7132.0","422.0376602806434"
"450","450","0","7134.0","422.03766028064365"
"450","450","0","7136.0","422.03766028064393"
"450","450","0","7138.0","422.0376602806467"
"450","450","0","7140.0","422.0376602806495"
"450","450","0","7142.0","422.03766028064797"
"450","450","0","7144.0","422.03766028064587"
"450","450","0","7146.0","422.03766028065445"
"450","450","0","7148.0","422.03766028064604"
"450","450","0","7150.0","422.03766028064786"
"450","450","0","7152.0","422.03766028065013"
"450","450","0","7154.0","422.0376602806499"
"450","450","0","7156.0","422.03766028065155"
"450","450","0","7158.0","422.037660280662"
"450","450","0","7160.0","422.0376602806606"
"450","450","0","7162.0","422.0376602806604"
"450","450","0","7164.0","422.03766028066184"
"450","450","0","7166.0","422.0376602806597"
"450","450","0","7168.0","422.03766028065485"
"450","450","0","7170.0","422.03766028066184"
"450","450","0","7172.0","422.037660280664"
"450","450","0","7174.0","422.03766028066264"
"450","450","0","7176.0","422.0376602806621"
"450","450","0","7178.0","422.03766028065803"
"450","450","0","7180.0","422.03766028066013"
"450","450","0","7182.0","422.0376602806588"
"450","450","0","7184.0","422.03766028065945"
"450","450","0","7186.0","422.037660280664"
"450","450","0","7188.0","422.03766028066104"
"450","450","0","7190.0","422.0376602806632"
"450","450","0","7192.0","422.0376602806604"
"450","450","0","7194.0","422.03766028066144"
"450","450","0","7196.0","422.037660280664"
"450","450","0","7198.0","422.0376602806657"
"450","450","0","7200.0","422.0376602806632"
"450","450","0","7202.0","422.0376602806598"
"450","450","0","7204.0","422.03766028066366"
"450","450","0","7206.0","422.0376602806618"
"450","450","0","7208.0","422.03766028066593"
"450","450","0","7210.0","422.0376602806604"
"450","450","0","7212.0","422.0376602806699"
"450","450","0","7214.0","422.037660280663"
"450","450","0","7216.0","422.0376602806721"
"450","450","0","7218.0","422.0376602806648"
"450","450","0","7220.0","422.03766028066684"
"450","450","0","7222.0","422.03766028066724"
"450","450","0","7224.0","422.0376602806716"
"450","450","0","7226.0","422.03766028067616"
"450","450","0","7228.0","422.03766028068577"
"450","450","0","7230.0","422.0376602806853"
"450","450","0","7232.0","422.03766028068287"
"450","450","0","7234.0","422.03766028068077"
"450","450","0","7236.0","422.0376602806815"
"450","450","0","7238.0","422.03766028068424"
"450","450","0","7240.0","422.0376602806795"
"450","450","0","7242.0","422.0376602806796"
"450","450","0","7244.0","422.0376602806849"
"450","450","0","7246.0","422.03766028068185"
"450","450","0","7248.0","422.0376602806828"
"450","450","0","7250.0","422.03766028067776"
"450","450","0","7252.0","422.03766028068054"
"450","450","0","7254.0","422.03766028067736"
"450","450","0","7256.0","422.0376602806819"
"450","450","0","7258.0","422.03766028067815"
"450","450","0","7260.0","422.03766028067787"
"450","450","0","7262.0","422.03766028067014"
"450","450","0","7264.0","422.03766028066775"
"450","450","0","7266.0","422.03766028067145"
"450","450","0","7268.0","422.0376602806709"
"450","450","0","7270.0","422.0376602806702"
"450","450","0","7272.0","422.0376602806708"
"450","450","0","7274.0","422.0376602806666"
"450","450","0","7276.0","422.0376602806713"
"450","450","0","7278.0","422.03766028067804"
"450","450","0","7280.0","422.03766028067395"
"450","450","0","7282.0","422.0376602806765"
"450","450","0","7284.0","422.0376602806696"
"450","450","0","7286.0","422.03766028067105"
"450","450","0","7288.0","422.0376602806705"
"450","450","0","7290.0","422.03766028067344"
"450","450","0","7292.0","422.0376602806781"
"450","450","0","7294.0","422.03766028068014"
"450","450","0","7296.0","422.0376602806764"
"450","450","0","7298.0","422.0376602806773"
"450","450","0","7300.0","422.037660280675"
"450","450","0","7302.0","422.03766028068003"
"450","450","0","7304.0","422.0376602806833"
"450","450","0","7306.0","422.0376602806799"
"450","450","0","7308.0","422.0376602806797"
"450","450","0","7310.0","422.03766028067946"
"450","450","0","7312.0","422.03766028067497"
"450","450","0","7314.0","422.0376602806687"
"450","450","0","7316.0","422.03766028067196"
"450","450","0","7318.0","422.03766028067054"
"450","450","0","7320.0","422.03766028066707"
"450","450","0","7322.0","422.0376602806728"
"450","450","0","7324.0","422.03766028067196"
"450","450","0","7326.0","422.0376602806729"
"450","450","0","7328.0","422.0376602806736"
"450","450","0","7330.0","422.03766028067326"
"450","450","0","7332.0","422.03766028067037"
"450","450","0","7334.0","422.0376602806689"
"450","450","0","7336.0","422.0376602806675"
"450","450","0","7338.0","422.0376602806634"
"450","450","0","7340.0","422.0376602806622"
"450","450","0","7342.0","422.0376602806577"
"450","450","0","7344.0","422.03766028065843"
"450","450","0","7346.0","422.03766028066184"
"450","450","0","7348.0","422.0376602806648"
"450","450","0","7350.0","422.03766028066246"
"450","450","0","7352.0","422.03766028066195"
"450","450","0","7354.0","422.03766028066184"
"450","450","0","7356.0","422.03766028066457"
"450","450","0","7358.0","422.0376602806656"
"450","450","0","7360.0","422.0376602806632"
"450","450","0","7362.0","422.0376602806672"
"450","450","0","7364.0","422.0376602806704"
"450","450","0","7366.0","422.0376602806681"
"450","450","0","7368.0","422.03766028066553"
"450","450","0","7370.0","422.0376602806676"
"450","450","0","7372.0","422.03766028066826"
"450","450","0","7374.0","422.03766028067054"
"450","450","0","7376.0","422.0376602806718"
"450","450","0","7378.0","422.0376602806742"
"450","450","0","7380.0","422.0376602806724"
"450","450","0","7382.0","422.0376602806726"
"450","450","0","7384.0","422.03766028067673"
"450","450","0","7386.0","422.0376602806734"
"450","450","0","7388.0","422.0376602806662"
"450","450","0","7390.0","422.0376602806662"
"450","450","0","7392.0","422.0376602806664"
"450","450","0","7394.0","422.03766028066735"
"450","450","0","7396.0","422.03766028066417"
"450","450","0","7398.0","422.03766028066786"
"450","450","0","7400.0","422.03766028067565"
"450","450","0","7402.0","422.0376602806776"
"450","450","0","7404.0","422.03766028068105"
"450","450","0","7406.0","422.0376602806856"
"450","450","0","7408.0","422.0376602806862"
"450","450","0","7410.0","422.0376602806926"
"450","450","0","7412.0","422.03766028069117"
"450","450","0","7414.0","422.0376602806898"
"450","450","0","7416.0","422.0376602806888"
"450","450","0","7418.0","422.03766028068736"
"450","450","0","7420.0","422.03766028068185"
"450","450","0","7422.0","422.037660280679"
"450","450","0","7424.0","422.0376602806814"
"450","450","0","7426.0","422.0376602806842"
"450","450","0","7428.0","422.0376602806843"
"450","450","0","7430.0","422.03766028068713"
"450","450","0","7432.0","422.0376602806859"
"450","450","0","7434.0","422.03766028068327"
"450","450","0","7436.0","422.03766028068173"
"450","450","0","7438.0","422.03766028068304"
"450","450","0","7440.0","422.0376602806883"
"450","450","0","7442.0","422.0376602806863"
"450","450","0","7444.0","422.0376602806875"
"450","450","0","7446.0","422.03766028069055"
"450","450","0","7448.0","422.03766028068736"
"450","450","0","7450.0","422.0376602806876"
"450","450","0","7452.0","422.0376602806879"
"450","450","0","7454.0","422.03766028068907"
"450","450","0","7456.0","422.03766028069157"
"450","450","0","7458.0","422.037660280686"
"450","450","0","7460.0","422.0376602806879"
"450","450","0","7462.0","422.0376602806873"
"450","450","0","7464.0","422.0376602806894"
"450","450","0","7466.0","422.03766028069117"
"450","450","0","7468.0","422.03766028069003"
"450","450","0","7470.0","422.03766028069145"
"450","450","0","7472.0","422.03766028068907"
"450","450","0","7474.0","422.03766028068685"
"450","450","0","7476.0","422.03766028069117"
"450","450","0","7478.0","422.0376602806953"
"450","450","0","7480.0","422.0376602806906"
"450","450","0","7482.0","422.0376602806975"
"450","450","0","7484.0","422.03766028069447"
"450","450","0","7486.0","422.03766028069754"
"450","450","0","7488.0","422.0376602806989"
"450","450","0","7490.0","422.03766028069947"
"450","450","0","7492.0","422.03766028069765"
"450","450","0","7494.0","422.03766028069526"
"450","450","0","7496.0","422.0376602806891"
"450","450","0","7498.0","422.0376602806894"
"450","450","0","7500.0","422.0376602806856"
"450","450","0","7502.0","422.037660280684"
"450","450","0","7504.0","422.0376602806842"
"450","450","0","7506.0","422.03766028068196"
"450","450","0","7508.0","422.0376602806794"
"450","450","0","7510.0","422.03766028067565"
"450","450","0","7512.0","422.0376602806745"
"450","450","0","7514.0","422.03766028066923"
"450","450","0","7516.0","422.0376602806672"
"450","450","0","7518.0","422.0376602806661"
"450","450","0","7520.0","422.0376602806613"
"450","450","0","7522.0","422.03766028066576"
"450","450","0","7524.0","422.0376602806674"
"450","450","0","7526.0","422.0376602806661"
"450","450","0","7528.0","422.0376602806694"
"450","450","0","7530.0","422.03766028067474"
"450","450","0","7532.0","422.0376602806782"
"450","450","0","7534.0","422.0376602806789"
"450","450","0","7536.0","422.03766028067923"
"450","450","0","7538.0","422.03766028068367"
"450","450","0","7540.0","422.03766028068605"
"450","450","0","7542.0","422.03766028068463"
"450","450","0","7544.0","422.03766028068713"
"450","450","0","7546.0","422.0376602806833"
"450","450","0","7548.0","422.0376602806865"
"450","450","0","7550.0","422.0376602806874"
"450","450","0","7552.0","422.03766028069094"
"450","450","0","7554.0","422.0376602806933"
"450","450","0","7556.0","422.0376602806936"
"450","450","0","7558.0","422.0376602806938"
"450","450","0","7560.0","422.03766028068605"
"450","450","0","7562.0","422.0376602806852"
"450","450","0","7564.0","422.03766028068355"
"450","450","0","7566.0","422.0376602806823"
"450","450","0","7568.0","422.0376602806843"
"450","450","0","7570.0","422.03766028068367"
"450","450","0","7572.0","422.03766028068117"
"450","450","0","7574.0","422.03766028068486"
"450","450","0","7576.0","422.03766028069015"
"450","450","0","7578.0","422.03766028069464"
"450","450","0","7580.0","422.03766028069197"
"450","450","0","7582.0","422.03766028069504"
"450","450","0","7584.0","422.03766028069145"
"450","450","0","7586.0","422.03766028069157"
"450","450","0","7588.0","422.03766028069356"
"450","450","0","7590.0","422.0376602806898"
"450","450","0","7592.0","422.0376602806861"
"450","450","0","7594.0","422.0376602806875"
"450","450","0","7596.0","422.03766028069157"
"450","450","0","7598.0","422.03766028069754"
"450","450","0","7600.0","422.0376602806981"
"450","450","0","7602.0","422.0376602806998"
"450","450","0","7604.0","422.0376602807015"
"450","450","0","7606.0","422.03766028070606"
"450","450","0","7608.0","422.0376602807065"
"450","450","0","7610.0","422.0376602807088"
"450","450","0","7612.0","422.03766028070885"
"450","450","0","7614.0","422.03766028071095"
"450","450","0","7616.0","422.03766028071055"
"450","450","0","7618.0","422.0376602807109"
"450","450","0","7620.0","422.03766028071107"
"450","450","0","7622.0","422.03766028071084"
"450","450","0","7624.0","422.0376602807149"
"450","450","0","7626.0","422.0376602807164"
"450","450","0","7628.0","422.0376602807157"
"450","450","0","7630.0","422.0376602807167"
"450","450","0","7632.0","422.0376602807196"
"450","450","0","7634.0","422.03766028072107"
"450","450","0","7636.0","422.03766028072107"
"450","450","0","7638.0","422.0376602807169"
"450","450","0","7640.0","422.03766028071954"
"450","450","0","7642.0","422.0376602807215"
"450","450","0","7644.0","422.0376602807195"
"450","450","0","7646.0","422.0376602807156"
"450","450","0","7648.0","422.0376602807155"
"450","450","0","7650.0","422.03766028071647"
"450","450","0","7652.0","422.03766028071743"
"450","450","0","7654.0","422.0376602807122"
"450","450","0","7656.0","422.0376602807108"
"450","450","0","7658.0","422.0376602807161"
"450","450","0","7660.0","422.0376602807134"
"450","450","0","7662.0","422.0376602807121"
"450","450","0","7664.0","422.03766028071703"
"450","450","0","7666.0","422.03766028071675"
"450","450","0","7668.0","422.0376602807213"
"450","450","0","7670.0","422.03766028072215"
"450","450","0","7672.0","422.03766028072243"
"450","450","0","7674.0","422.03766028072596"
"450","450","0","7676.0","422.03766028072494"
"450","450","0","7678.0","422.0376602807218"
"450","450","0","7680.0","422.03766028072"
"450","450","0","7682.0","422.0376602807185"
"450","450","0","7684.0","422.0376602807198"
"450","450","0","7686.0","422.0376602807182"
"450","450","0","7688.0","422.03766028071874"
"450","450","0","7690.0","422.03766028072243"
"450","450","0","7692.0","422.03766028072346"
"450","450","0","7694.0","422.0376602807243"
"450","450","0","7696.0","422.03766028072516"
"450","450","0","7698.0","422.0376602807228"
"450","450","0","7700.0","422.0376602807252"
"450","450","0","7702.0","422.03766028072846"
"450","450","0","7704.0","422.0376602807294"
"450","450","0","7706.0","422.03766028072977"
"450","450","0","7708.0","422.0376602807289"
"450","450","0","7710.0","422.0376602807301"
"450","450","0","7712.0","422.03766028072926"
"450","450","0","7714.0","422.0376602807272"
"450","450","0","7716.0","422.03766028072516"
"450","450","0","7718.0","422.03766028072545"
"450","450","0","7720.0","422.0376602807299"
"450","450","0","7722.0","422.0376602807314"
"450","450","0","7724.0","422.0376602807316"
"450","450","0","7726.0","422.03766028073096"
"450","450","0","7728.0","422.0376602807309"
"450","450","0","7730.0","422.0376602807287"
"450","450","0","7732.0","422.03766028072613"
"450","450","0","7734.0","422.0376602807231"
"450","450","0","7736.0","422.0376602807217"
"450","450","0","7738.0","422.0376602807189"
"450","450","0","7740.0","422.03766028072005"
"450","450","0","7742.0","422.03766028072266"
"450","450","0","7744.0","422.0376602807222"
"450","450","0","7746.0","422.0376602807237"
"450","450","0","7748.0","422.0376602807236"
"450","450","0","7750.0","422.0376602807275"
"450","450","0","7752.0","422.0376602807266"
"450","450","0","7754.0","422.0376602807316"
"450","450","0","7756.0","422.03766028073085"
"450","450","0","7758.0","422.03766028073"
"450","450","0","7760.0","422.03766028072914"
"450","450","0","7762.0","422.03766028073215"
"450","450","0","7764.0","422.03766028073346"
"450","450","0","7766.0","422.03766028073466"
"450","450","0","7768.0","422.037660280733"
"450","450","0","7770.0","422.03766028073017"
"450","450","0","7772.0","422.037660280731"
"450","450","0","7774.0","422.03766028072596"
"450","450","0","7776.0","422.0376602807298"
"450","450","0","7778.0","422.0376602807313"
"450","450","0","7780.0","422.03766028073073"
"450","450","0","7782.0","422.0376602807302"
"450","450","0","7784.0","422.0376602807302"
"450","450","0","7786.0","422.0376602807271"
"450","450","0","7788.0","422.0376602807262"
"450","450","0","7790.0","422.0376602807316"
"450","450","0","7792.0","422.0376602807303"
"450","450","0","7794.0","422.0376602807324"
"450","450","0","7796.0","422.03766028073625"
"450","450","0","7798.0","422.0376602807348"
"450","450","0","7800.0","422.0376602807338"
"450","450","0","7802.0","422.0376602807343"
"450","450","0","7804.0","422.0376602807347"
"450","450","0","7806.0","422.03766028073375"
"450","450","0","7808.0","422.0376602807362"
"450","450","0","7810.0","422.0376602807398"
"450","450","0","7812.0","422.0376602807392"
"450","450","0","7814.0","422.03766028074074"
"450","450","0","7816.0","422.0376602807412"
"450","450","0","7818.0","422.0376602807439"
"450","450","0","7820.0","422.0376602807401"
"450","450","0","7822.0","422.0376602807384"
"450","450","0","7824.0","422.03766028073943"
"450","450","0","7826.0","422.03766028073846"
"450","450","0","7828.0","422.03766028073835"
"450","450","0","7830.0","422.03766028073926"
"450","450","0","7832.0","422.03766028073835"
"450","450","0","7834.0","422.037660280738"
"450","450","0","7836.0","422.0376602807353"
"450","450","0","7838.0","422.0376602807333"
"450","450","0","7840.0","422.03766028073306"
"450","450","0","7842.0","422.0376602807338"
"450","450","0","7844.0","422.037660280734"
"450","450","0","7846.0","422.037660280735"
"450","450","0","7848.0","422.0376602807354"
"450","450","0","7850.0","422.0376602807349"
"450","450","0","7852.0","422.0376602807373"
"450","450","0","7854.0","422.0376602807355"
"450","450","0","7856.0","422.0376602807362"
"450","450","0","7858.0","422.0376602807384"
"450","450","0","7860.0","422.0376602807375"
"450","450","0","7862.0","422.03766028073596"
"450","450","0","7864.0","422.03766028073653"
"450","450","0","7866.0","422.03766028073346"
"450","450","0","7868.0","422.0376602807338"
"450","450","0","7870.0","422.0376602807361"
"450","450","0","7872.0","422.0376602807369"
"450","450","0","7874.0","422.03766028073994"
"450","450","0","7876.0","422.03766028074153"
"450","450","0","7878.0","422.03766028074153"
"450","450","0","7880.0","422.03766028074017"
"450","450","0","7882.0","422.03766028074017"
"450","450","0","7884.0","422.0376602807416"
"450","450","0","7886.0","422.03766028074114"
"450","450","0","7888.0","422.03766028074364"
"450","450","0","7890.0","422.037660280743"
"450","450","0","7892.0","422.03766028074335"
"450","450","0","7894.0","422.0376602807421"
"450","450","0","7896.0","422.037660280742"
"450","450","0","7898.0","422.03766028074097"
"450","450","0","7900.0","422.0376602807417"
"450","450","0","7902.0","422.0376602807393"
"450","450","0","7904.0","422.03766028073994"
"450","450","0","7906.0","422.0376602807394"
"450","450","0","7908.0","422.03766028074176"
"450","450","0","7910.0","422.0376602807438"
"450","450","0","7912.0","422.0376602807415"
"450","450","0","7914.0","422.03766028074057"
"450","450","0","7916.0","422.03766028073886"
"450","450","0","7918.0","422.0376602807374"
"450","450","0","7920.0","422.0376602807388"
"450","450","0","7922.0","422.0376602807378"
"450","450","0","7924.0","422.0376602807359"
"450","450","0","7926.0","422.0376602807378"
"450","450","0","7928.0","422.03766028073744"
"450","450","0","7930.0","422.0376602807374"
"450","450","0","7932.0","422.03766028073926"
"450","450","0","7934.0","422.03766028074057"
"450","450","0","7936.0","422.03766028074045"
"450","450","0","7938.0","422.0376602807423"
"450","450","0","7940.0","422.0376602807423"
"450","450","0","7942.0","422.0376602807403"
"450","450","0","7944.0","422.03766028074097"
"450","450","0","7946.0","422.03766028074074"
"450","450","0","7948.0","422.03766028074256"
"450","450","0","7950.0","422.03766028074233"
"450","450","0","7952.0","422.0376602807442"
"450","450","0","7954.0","422.037660280744"
"450","450","0","7956.0","422.03766028074466"
"450","450","0","7958.0","422.0376602807436"
"450","450","0","7960.0","422.0376602807415"
"450","450","0","7962.0","422.0376602807414"
"450","450","0","7964.0","422.03766028074"
"450","450","0","7966.0","422.0376602807423"
"450","450","0","7968.0","422.0376602807447"
"450","450","0","7970.0","422.03766028074347"
"450","450","0","7972.0","422.0376602807429"
"450","450","0","7974.0","422.0376602807415"
"450","450","0","7976.0","422.0376602807412"
"450","450","0","7978.0","422.0376602807405"
"450","450","0","7980.0","422.0376602807393"
"450","450","0","7982.0","422.0376602807412"
"450","450","0","7984.0","422.0376602807397"
"450","450","0","7986.0","422.0376602807397"
"450","450","0","7988.0","422.0376602807391"
"450","450","0","7990.0","422.03766028073676"
"450","450","0","7992.0","422.037660280738"
"450","450","0","7994.0","422.03766028073875"
"450","450","0","7996.0","422.03766028073744"
"450","450","0","7998.0","422.0376602807341"
"450","450","0","8000.0","422.0376602807314"
"450","450","0","8002.0","422.03766028073017"
"450","450","0","8004.0","422.0376602807337"
"450","450","0","8006.0","422.0376602807313"
"450","450","0","8008.0","422.03766028073056"
"450","450","0","8010.0","422.0376602807337"
"450","450","0","8012.0","422.0376602807332"
"450","450","0","8014.0","422.0376602807354"
"450","450","0","8016.0","422.03766028073437"
"450","450","0","8018.0","422.0376602807346"
"450","450","0","8020.0","422.03766028073454"
"450","450","0","8022.0","422.0376602807341"
"450","450","0","8024.0","422.0376602807339"
"450","450","0","8026.0","422.0376602807364"
"450","450","0","8028.0","422.0376602807383"
"450","450","0","8030.0","422.0376602807378"
"450","450","0","8032.0","422.03766028073625"
"450","450","0","8034.0","422.0376602807344"
"450","450","0","8036.0","422.0376602807359"
"450","450","0","8038.0","422.0376602807345"
"450","450","0","8040.0","422.03766028073403"
"450","450","0","8042.0","422.0376602807337"
"450","450","0","8044.0","422.03766028073346"
"450","450","0","8046.0","422.03766028073255"
"450","450","0","8048.0","422.03766028073034"
"450","450","0","8050.0","422.0376602807341"
"450","450","0","8052.0","422.0376602807333"
"450","450","0","8054.0","422.0376602807314"
"450","450","0","8056.0","422.0376602807306"
"450","450","0","8058.0","422.03766028073164"
"450","450","0","8060.0","422.0376602807324"
"450","450","0","8062.0","422.0376602807331"
"450","450","0","8064.0","422.0376602807346"
"450","450","0","8066.0","422.03766028073585"
"450","450","0","8068.0","422.0376602807369"
"450","450","0","8070.0","422.0376602807369"
"450","450","0","8072.0","422.0376602807362"
"450","450","0","8074.0","422.037660280734"
"450","450","0","8076.0","422.03766028073574"
"450","450","0","8078.0","422.03766028073375"
"450","450","0","8080.0","422.0376602807324"
"450","450","0","8082.0","422.0376602807305"
"450","450","0","8084.0","422.037660280731"
"450","450","0","8086.0","422.03766028073073"
"450","450","0","8088.0","422.03766028073204"
"450","450","0","8090.0","422.03766028073346"
"450","450","0","8092.0","422.03766028073244"
"450","450","0","8094.0","422.0376602807338"
"450","450","0","8096.0","422.0376602807346"
"450","450","0","8098.0","422.0376602807352"
"450","450","0","8100.0","422.0376602807375"
"450","450","0","8102.0","422.037660280736"
"450","450","0","8104.0","422.03766028073784"
"450","450","0","8106.0","422.0376602807397"
"450","450","0","8108.0","422.0376602807399"
"450","450","0","8110.0","422.0376602807414"
"450","450","0","8112.0","422.03766028074193"
"450","450","0","8114.0","422.0376602807419"
"450","450","0","8116.0","422.03766028074256"
"450","450","0","8118.0","422.03766028074347"
"450","450","0","8120.0","422.0376602807449"
"450","450","0","8122.0","422.03766028074557"
"450","450","0","8124.0","422.0376602807447"
"450","450","0","8126.0","422.03766028074403"
"450","450","0","8128.0","422.03766028074585"
"450","450","0","8130.0","422.0376602807467"
"450","450","0","8132.0","422.0376602807482"
"450","450","0","8134.0","422.03766028074915"
"450","450","0","8136.0","422.037660280747"
"450","450","0","8138.0","422.03766028074836"
"450","450","0","8140.0","422.03766028074983"
"450","450","0","8142.0","422.03766028074915"
"450","450","0","8144.0","422.0376602807514"
"450","450","0","8146.0","422.0376602807518"
"450","450","0","8148.0","422.03766028075074"
"450","450","0","8150.0","422.03766028075165"
"450","450","0","8152.0","422.0376602807531"
"450","450","0","8154.0","422.0376602807529"
"450","450","0","8156.0","422.037660280753"
"450","450","0","8158.0","422.0376602807511"
"450","450","0","8160.0","422.0376602807529"
"450","450","0","8162.0","422.03766028075324"
"450","450","0","8164.0","422.037660280753"
"450","450","0","8166.0","422.03766028075546"
"450","450","0","8168.0","422.03766028075205"
"450","450","0","8170.0","422.0376602807555"
"450","450","0","8172.0","422.0376602807591"
"450","450","0","8174.0","422.0376602807596"
"450","450","0","8176.0","422.03766028075967"
"450","450","0","8178.0","422.0376602807617"
"450","450","0","8180.0","422.03766028076194"
"450","450","0","8182.0","422.03766028076365"
"450","450","0","8184.0","422.03766028076484"
"450","450","0","8186.0","422.03766028076575"
"450","450","0","8188.0","422.0376602807631"
"450","450","0","8190.0","422.0376602807656"
"450","450","0","8192.0","422.037660280765"
"450","450","0","8194.0","422.03766028076615"
"450","450","0","8196.0","422.03766028076706"
"450","450","0","8198.0","422.037660280767"
"450","450","0","8200.0","422.03766028076666"
"450","450","0","8202.0","422.037660280766"
"450","450","0","8204.0","422.03766028076564"
"450","450","0","8206.0","422.0376602807652"
"450","450","0","8208.0","422.0376602807673"
"450","450","0","8210.0","422.03766028076683"
"450","450","0","8212.0","422.0376602807672"
"450","450","0","8214.0","422.0376602807672"
"450","450","0","8216.0","422.03766028076694"
"450","450","0","8218.0","422.03766028076546"
"450","450","0","8220.0","422.0376602807646"
"450","450","0","8222.0","422.0376602807637"
"450","450","0","8224.0","422.0376602807658"
"450","450","0","8226.0","422.03766028076484"
"450","450","0","8228.0","422.0376602807672"
"450","450","0","8230.0","422.03766028076643"
"450","450","0","8232.0","422.03766028076626"
"450","450","0","8234.0","422.0376602807662"
"450","450","0","8236.0","422.03766028076456"
"450","450","0","8238.0","422.0376602807648"
"450","450","0","8240.0","422.0376602807644"
"450","450","0","8242.0","422.037660280764"
"450","450","0","8244.0","422.03766028076467"
"450","450","0","8246.0","422.037660280766"
"450","450","0","8248.0","422.03766028076666"
"450","450","0","8250.0","422.03766028076643"
"450","450","0","8252.0","422.03766028076706"
"450","450","0","8254.0","422.03766028076683"
"450","450","0","8256.0","422.0376602807675"
"450","450","0","8258.0","422.03766028076575"
"450","450","0","8260.0","422.037660280767"
"450","450","0","8262.0","422.0376602807686"
"450","450","0","8264.0","422.03766028076984"
"450","450","0","8266.0","422.03766028077143"
"450","450","0","8268.0","422.03766028076944"
"450","450","0","8270.0","422.0376602807679"
"450","450","0","8272.0","422.0376602807697"
"450","450","0","8274.0","422.0376602807701"
"450","450","0","8276.0","422.03766028077087"
"450","450","0","8278.0","422.03766028077274"
"450","450","0","8280.0","422.0376602807735"
"450","450","0","8282.0","422.037660280774"
"450","450","0","8284.0","422.0376602807737"
"450","450","0","8286.0","422.0376602807749"
"450","450","0","8288.0","422.03766028077337"
"450","450","0","8290.0","422.0376602807729"
"450","450","0","8292.0","422.0376602807738"
"450","450","0","8294.0","422.037660280772"
"450","450","0","8296.0","422.0376602807728"
"450","450","0","8298.0","422.03766028077274"
"450","450","0","8300.0","422.0376602807736"
"450","450","0","8302.0","422.037660280773"
"450","450","0","8304.0","422.0376602807726"
"450","450","0","8306.0","422.0376602807726"
"450","450","0","8308.0","422.0376602807729"
"450","450","0","8310.0","422.03766028077155"
"450","450","0","8312.0","422.0376602807729"
"450","450","0","8314.0","422.0376602807731"
"450","450","0","8316.0","422.03766028077433"
"450","450","0","8318.0","422.037660280774"
"450","450","0","8320.0","422.0376602807746"
"450","450","0","8322.0","422.0376602807761"
"450","450","0","8324.0","422.03766028077547"
"450","450","0","8326.0","422.037660280776"
"450","450","0","8328.0","422.03766028077746"
"450","450","0","8330.0","422.0376602807764"
"450","450","0","8332.0","422.03766028077524"
"450","450","0","8334.0","422.03766028077496"
"450","450","0","8336.0","422.0376602807765"
"450","450","0","8338.0","422.0376602807769"
"450","450","0","8340.0","422.0376602807778"
"450","450","0","8342.0","422.03766028077746"
"450","450","0","8344.0","422.03766028077547"
"450","450","0","8346.0","422.03766028077536"
"450","450","0","8348.0","422.037660280775"
"450","450","0","8350.0","422.0376602807757"
"450","450","0","8352.0","422.0376602807752"
"450","450","0","8354.0","422.0376602807764"
"450","450","0","8356.0","422.0376602807759"
"450","450","0","8358.0","422.03766028077456"
"450","450","0","8360.0","422.0376602807739"
"450","450","0","8362.0","422.03766028077354"
"450","450","0","8364.0","422.0376602807724"
"450","450","0","8366.0","422.0376602807724"
"450","450","0","8368.0","422.03766028077274"
"450","450","0","8370.0","422.0376602807719"
"450","450","0","8372.0","422.03766028077234"
"450","450","0","8374.0","422.03766028077064"
"450","450","0","8376.0","422.0376602807697"
"450","450","0","8378.0","422.03766028076916"
"450","450","0","8380.0","422.0376602807705"
"450","450","0","8382.0","422.0376602807696"
"450","450","0","8384.0","422.0376602807704"
"450","450","0","8386.0","422.0376602807686"
"450","450","0","8388.0","422.0376602807692"
"450","450","0","8390.0","422.0376602807699"
"450","450","0","8392.0","422.03766028077035"
"450","450","0","8394.0","422.0376602807691"
"450","450","0","8396.0","422.0376602807686"
"450","450","0","8398.0","422.03766028076933"
"450","450","0","8400.0","422.03766028077035"
"450","450","0","8402.0","422.0376602807718"
"450","450","0","8404.0","422.0376602807725"
"450","450","0","8406.0","422.03766028077393"
"450","450","0","8408.0","422.03766028077575"
"450","450","0","8410.0","422.0376602807767"
"450","450","0","8412.0","422.0376602807785"
"450","450","0","8414.0","422.03766028078036"
"450","450","0","8416.0","422.0376602807813"
"450","450","0","8418.0","422.0376602807804"
"450","450","0","8420.0","422.03766028077814"
"450","450","0","8422.0","422.0376602807774"
"450","450","0","8424.0","422.03766028077774"
"450","450","0","8426.0","422.03766028077894"
"450","450","0","8428.0","422.0376602807775"
"450","450","0","8430.0","422.03766028077723"
"450","450","0","8432.0","422.0376602807777"
"450","450","0","8434.0","422.03766028077746"
"450","450","0","8436.0","422.03766028077854"
"450","450","0","8438.0","422.0376602807784"
"450","450","0","8440.0","422.0376602807794"
"450","450","0","8442.0","422.0376602807787"
"450","450","0","8444.0","422.0376602807781"
"450","450","0","8446.0","422.0376602807768"
"450","450","0","8448.0","422.0376602807776"
"450","450","0","8450.0","422.03766028077877"
"450","450","0","8452.0","422.03766028077695"
"450","450","0","8454.0","422.03766028078013"
"450","450","0","8456.0","422.037660280781"
"450","450","0","8458.0","422.0376602807808"
"450","450","0","8460.0","422.0376602807813"
"450","450","0","8462.0","422.03766028078087"
"450","450","0","8464.0","422.03766028078263"
"450","450","0","8466.0","422.0376602807835"
"450","450","0","8468.0","422.0376602807843"
"450","450","0","8470.0","422.0376602807829"
"450","450","0","8472.0","422.037660280783"
"450","450","0","8474.0","422.03766028078286"
"450","450","0","8476.0","422.03766028078456"
"450","450","0","8478.0","422.03766028078536"
"450","450","0","8480.0","422.03766028078655"
"450","450","0","8482.0","422.0376602807862"
"450","450","0","8484.0","422.037660280785"
"450","450","0","8486.0","422.0376602807863"
"450","450","0","8488.0","422.0376602807858"
"450","450","0","8490.0","422.03766028078513"
"450","450","0","8492.0","422.0376602807842"
"450","450","0","8494.0","422.0376602807828"
"450","450","0","8496.0","422.03766028078246"
"450","450","0","8498.0","422.0376602807822"
"450","450","0","8500.0","422.0376602807817"
"450","450","0","8502.0","422.03766028078064"
"450","450","0","8504.0","422.03766028078144"
"450","450","0","8506.0","422.037660280781"
"450","450","0","8508.0","422.0376602807818"
"450","450","0","8510.0","422.0376602807813"
"450","450","0","8512.0","422.0376602807815"
"450","450","0","8514.0","422.0376602807803"
"450","450","0","8516.0","422.0376602807802"
"450","450","0","8518.0","422.03766028078104"
"450","450","0","8520.0","422.0376602807825"
"450","450","0","8522.0","422.037660280782"
"450","450","0","8524.0","422.03766028078223"
"450","450","0","8526.0","422.03766028078024"
"450","450","0","8528.0","422.03766028077973"
"450","450","0","8530.0","422.03766028078024"
"450","450","0","8532.0","422.0376602807804"
"450","450","0","8534.0","422.03766028078087"
"450","450","0","8536.0","422.037660280781"
"450","450","0","8538.0","422.0376602807811"
"450","450","0","8540.0","422.0376602807819"
"450","450","0","8542.0","422.0376602807828"
"450","450","0","8544.0","422.03766028078184"
"450","450","0","8546.0","422.03766028078167"
"450","450","0","8548.0","422.03766028078263"
"450","450","0","8550.0","422.0376602807835"
"450","450","0","8552.0","422.0376602807816"
"450","450","0","8554.0","422.03766028078206"
"450","450","0","8556.0","422.0376602807814"
"450","450","0","8558.0","422.03766028078206"
"450","450","0","8560.0","422.03766028078195"
"450","450","0","8562.0","422.03766028078127"
"450","450","0","8564.0","422.03766028078155"
"450","450","0","8566.0","422.0376602807838"
"450","450","0","8568.0","422.03766028078394"
"450","450","0","8570.0","422.03766028078496"
"450","450","0","8572.0","422.03766028078365"
"450","450","0","8574.0","422.03766028078417"
"450","450","0","8576.0","422.0376602807826"
"450","450","0","8578.0","422.0376602807817"
"450","450","0","8580.0","422.037660280783"
"450","450","0","8582.0","422.03766028078167"
"450","450","0","8584.0","422.03766028078195"
"450","450","0","8586.0","422.03766028078365"
"450","450","0","8588.0","422.03766028078337"
"450","450","0","8590.0","422.03766028078286"
"450","450","0","8592.0","422.03766028078167"
"450","450","0","8594.0","422.0376602807799"
"450","450","0","8596.0","422.03766028078036"
"450","450","0","8598.0","422.03766028078013"
"450","450","0","8600.0","422.037660280781"
"450","450","0","8602.0","422.03766028078184"
"450","450","0","8604.0","422.0376602807834"
"450","450","0","8606.0","422.03766028078223"
"450","450","0","8608.0","422.03766028078206"
"450","450","0","8610.0","422.03766028078326"
"450","450","0","8612.0","422.0376602807835"
"450","450","0","8614.0","422.0376602807845"
"450","450","0","8616.0","422.0376602807842"
"450","450","0","8618.0","422.0376602807848"
"450","450","0","8620.0","422.03766028078564"
"450","450","0","8622.0","422.037660280786"
"450","450","0","8624.0","422.03766028078564"
"450","450","0","8626.0","422.03766028078564"
"450","450","0","8628.0","422.0376602807869"
"450","450","0","8630.0","422.03766028078576"
"450","450","0","8632.0","422.03766028078576"
"450","450","0","8634.0","422.0376602807859"
"450","450","0","8636.0","422.0376602807873"
"450","450","0","8638.0","422.0376602807871"
"450","450","0","8640.0","422.03766028078707"
"450","450","0","8642.0","422.03766028078644"
"450","450","0","8644.0","422.03766028078553"
"450","450","0","8646.0","422.03766028078473"
"450","450","0","8648.0","422.03766028078456"
"450","450","0","8650.0","422.0376602807831"
"450","450","0","8652.0","422.0376602807828"
"450","450","0","8654.0","422.03766028078223"
"450","450","0","8656.0","422.03766028078087"
"450","450","0","8658.0","422.03766028078184"
"450","450","0","8660.0","422.0376602807818"
"450","450","0","8662.0","422.0376602807818"
"450","450","0","8664.0","422.0376602807813"
"450","450","0","8666.0","422.03766028078087"
"450","450","0","8668.0","422.0376602807804"
"450","450","0","8670.0","422.0376602807813"
"450","450","0","8672.0","422.0376602807802"
"450","450","0","8674.0","422.0376602807802"
"450","450","0","8676.0","422.0376602807803"
"450","450","0","8678.0","422.0376602807814"
"450","450","0","8680.0","422.03766028078235"
"450","450","0","8682.0","422.03766028078275"
"450","450","0","8684.0","422.0376602807826"
"450","450","0","8686.0","422.0376602807836"
"450","450","0","8688.0","422.0376602807843"
"450","450","0","8690.0","422.0376602807837"
"450","450","0","8692.0","422.0376602807835"
"450","450","0","8694.0","422.03766028078394"
"450","450","0","8696.0","422.03766028078473"
"450","450","0","8698.0","422.0376602807851"
"450","450","0","8700.0","422.0376602807859"
"450","450","0","8702.0","422.03766028078564"
"450","450","0","8704.0","422.0376602807858"
"450","450","0","8706.0","422.0376602807846"
"450","450","0","8708.0","422.0376602807847"
"450","450","0","8710.0","422.0376602807852"
"450","450","0","8712.0","422.03766028078496"
"450","450","0","8714.0","422.0376602807841"
"450","450","0","8716.0","422.0376602807832"
"450","450","0","8718.0","422.0376602807846"
"450","450","0","8720.0","422.03766028078434"
"450","450","0","8722.0","422.03766028078485"
"450","450","0","8724.0","422.0376602807842"
"450","450","0","8726.0","422.0376602807851"
"450","450","0","8728.0","422.0376602807852"
"450","450","0","8730.0","422.0376602807844"
"450","450","0","8732.0","422.0376602807855"
"450","450","0","8734.0","422.03766028078553"
"450","450","0","8736.0","422.03766028078763"
"450","450","0","8738.0","422.0376602807876"
"450","450","0","8740.0","422.03766028078746"
"450","450","0","8742.0","422.0376602807882"
"450","450","0","8744.0","422.03766028078746"
"450","450","0","8746.0","422.0376602807871"
"450","450","0","8748.0","422.03766028078724"
"450","450","0","8750.0","422.037660280788"
"450","450","0","8752.0","422.0376602807878"
"450","450","0","8754.0","422.0376602807891"
"450","450","0","8756.0","422.0376602807894"
"450","450","0","8758.0","422.03766028079093"
"450","450","0","8760.0","422.03766028079093"
"450","450","0","8762.0","422.03766028079184"
"450","450","0","8764.0","422.03766028079235"
"450","450","0","8766.0","422.0376602807917"
"450","450","0","8768.0","422.03766028079326"
"450","450","0","8770.0","422.0376602807931"
"450","450","0","8772.0","422.03766028079303"
"450","450","0","8774.0","422.03766028079417"
"450","450","0","8776.0","422.0376602807939"
"450","450","0","8778.0","422.0376602807948"
"450","450","0","8780.0","422.03766028079536"
"450","450","0","8782.0","422.03766028079565"
"450","450","0","8784.0","422.0376602807961"
"450","450","0","8786.0","422.0376602807965"
"450","450","0","8788.0","422.03766028079633"
"450","450","0","8790.0","422.03766028079644"
"450","450","0","8792.0","422.0376602807974"
"450","450","0","8794.0","422.0376602807971"
"450","450","0","8796.0","422.03766028079724"
"450","450","0","8798.0","422.03766028079804"
"450","450","0","8800.0","422.0376602807979"
"450","450","0","8802.0","422.03766028079747"
"450","450","0","8804.0","422.03766028079673"
"450","450","0","8806.0","422.03766028079644"
"450","450","0","8808.0","422.03766028079684"
"450","450","0","8810.0","422.0376602807965"
"450","450","0","8812.0","422.0376602807975"
"450","450","0","8814.0","422.0376602807967"
"450","450","0","8816.0","422.037660280797"
"450","450","0","8818.0","422.03766028079616"
"450","450","0","8820.0","422.03766028079554"
"450","450","0","8822.0","422.0376602807956"
"450","450","0","8824.0","422.03766028079565"
"450","450","0","8826.0","422.03766028079644"
"450","450","0","8828.0","422.0376602807961"
"450","450","0","8830.0","422.03766028079633"
"450","450","0","8832.0","422.0376602807962"
"450","450","0","8834.0","422.037660280797"
"450","450","0","8836.0","422.0376602807961"
"450","450","0","8838.0","422.03766028079576"
"450","450","0","8840.0","422.0376602807966"
"450","450","0","8842.0","422.0376602807962"
"450","450","0","8844.0","422.0376602807967"
"450","450","0","8846.0","422.03766028079633"
"450","450","0","8848.0","422.0376602807957"
"450","450","0","8850.0","422.0376602807968"
"450","450","0","8852.0","422.0376602807967"
"450","450","0","8854.0","422.0376602807969"
"450","450","0","8856.0","422.0376602807981"
"450","450","0","8858.0","422.0376602807982"
"450","450","0","8860.0","422.03766028079735"
"450","450","0","8862.0","422.03766028079764"
"450","450","0","8864.0","422.03766028079747"
"450","450","0","8866.0","422.03766028079644"
"450","450","0","8868.0","422.0376602807956"
"450","450","0","8870.0","422.03766028079565"
"450","450","0","8872.0","422.03766028079633"
"450","450","0","8874.0","422.0376602807953"
"450","450","0","8876.0","422.037660280796"
"450","450","0","8878.0","422.0376602807969"
"450","450","0","8880.0","422.03766028079724"
"450","450","0","8882.0","422.03766028079656"
"450","450","0","8884.0","422.0376602807976"
"450","450","0","8886.0","422.037660280797"
"450","450","0","8888.0","422.03766028079735"
"450","450","0","8890.0","422.0376602807969"
"450","450","0","8892.0","422.0376602807969"
"450","450","0","8894.0","422.0376602807964"
"450","450","0","8896.0","422.03766028079684"
"450","450","0","8898.0","422.0376602807968"
"450","450","0","8900.0","422.03766028079764"
"450","450","0","8902.0","422.03766028079735"
"450","450","0","8904.0","422.0376602807968"
"450","450","0","8906.0","422.0376602807974"
"450","450","0","8908.0","422.0376602807971"
"450","450","0","8910.0","422.03766028079576"
"450","450","0","8912.0","422.03766028079593"
"450","450","0","8914.0","422.0376602807962"
"450","450","0","8916.0","422.0376602807962"
"450","450","0","8918.0","422.0376602807962"
"450","450","0","8920.0","422.0376602807968"
"450","450","0","8922.0","422.03766028079673"
"450","450","0","8924.0","422.03766028079684"
"450","450","0","8926.0","422.0376602807963"
"450","450","0","8928.0","422.03766028079616"
"450","450","0","8930.0","422.03766028079696"
"450","450","0","8932.0","422.0376602807969"
"450","450","0","8934.0","422.0376602807967"
"450","450","0","8936.0","422.03766028079605"
"450","450","0","8938.0","422.03766028079576"
"450","450","0","8940.0","422.03766028079696"
"450","450","0","8942.0","422.03766028079747"
"450","450","0","8944.0","422.03766028079724"
"450","450","0","8946.0","422.03766028079804"
"450","450","0","8948.0","422.0376602807973"
"450","450","0","8950.0","422.03766028079707"
"450","450","0","8952.0","422.03766028079724"
"450","450","0","8954.0","422.0376602807984"
"450","450","0","8956.0","422.0376602807988"
"450","450","0","8958.0","422.0376602807996"
"450","450","0","8960.0","422.03766028080037"
"450","450","0","8962.0","422.0376602808"
"450","450","0","8964.0","422.0376602808001"
"450","450","0","8966.0","422.0376602807992"
"450","450","0","8968.0","422.03766028079906"
"450","450","0","8970.0","422.0376602807991"
"450","450","0","8972.0","422.03766028079906"
"450","450","0","8974.0","422.03766028079957"
"450","450","0","8976.0","422.037660280799"
"450","450","0","8978.0","422.0376602807988"
"450","450","0","8980.0","422.03766028079843"
"450","450","0","8982.0","422.03766028079946"
"450","450","0","8984.0","422.0376602807993"
"450","450","0","8986.0","422.0376602807994"
"450","450","0","8988.0","422.03766028079866"
"450","450","0","8990.0","422.03766028079826"
"450","450","0","8992.0","422.0376602807984"
"450","450","0","8994.0","422.03766028079843"
"450","450","0","8996.0","422.037660280798"
"450","450","0","8998.0","422.03766028079696"
"450","450","0","9000.0","422.03766028079616"
"450","450","0","9002.0","422.03766028079497"
"450","450","0","9004.0","422.03766028079383"
"450","450","0","9006.0","422.0376602807945"
"450","450","0","9008.0","422.0376602807933"
"450","450","0","9010.0","422.03766028079394"
"450","450","0","9012.0","422.0376602807935"
"450","450","0","9014.0","422.03766028079343"
"450","450","0","9016.0","422.03766028079366"
"450","450","0","9018.0","422.0376602807936"
"450","450","0","9020.0","422.037660280794"
"450","450","0","9022.0","422.0376602807938"
"450","450","0","9024.0","422.0376602807928"
"450","450","0","9026.0","422.0376602807926"
"450","450","0","9028.0","422.037660280793"
"450","450","0","9030.0","422.0376602807939"
"450","450","0","9032.0","422.0376602807943"
"450","450","0","9034.0","422.0376602807944"
"450","450","0","9036.0","422.03766028079474"
"450","450","0","9038.0","422.0376602807952"
"450","450","0","9040.0","422.03766028079525"
"450","450","0","9042.0","422.03766028079497"
"450","450","0","9044.0","422.03766028079485"
"450","450","0","9046.0","422.0376602807944"
"450","450","0","9048.0","422.03766028079417"
"450","450","0","9050.0","422.03766028079434"
"450","450","0","9052.0","422.0376602807943"
"450","450","0","9054.0","422.03766028079457"
"450","450","0","9056.0","422.0376602807951"
"450","450","0","9058.0","422.03766028079536"
"450","450","0","9060.0","422.03766028079565"
"450","450","0","9062.0","422.0376602807955"
"450","450","0","9064.0","422.0376602807955"
"450","450","0","9066.0","422.0376602807962"
"450","450","0","9068.0","422.03766028079684"
"450","450","0","9070.0","422.0376602807979"
"450","450","0","9072.0","422.03766028079764"
"450","450","0","9074.0","422.03766028079747"
"450","450","0","9076.0","422.0376602807987"
"450","450","0","9078.0","422.03766028079895"
"450","450","0","9080.0","422.0376602807989"
"450","450","0","9082.0","422.0376602807989"
"450","450","0","9084.0","422.03766028079883"
"450","450","0","9086.0","422.0376602807998"
"450","450","0","9088.0","422.03766028079997"
"450","450","0","9090.0","422.03766028080025"
"450","450","0","9092.0","422.0376602808005"
"450","450","0","9094.0","422.03766028080054"
"450","450","0","9096.0","422.0376602808003"
"450","450","0","9098.0","422.0376602807999"
"450","450","0","9100.0","422.0376602808005"
"450","450","0","9102.0","422.03766028080014"
"450","450","0","9104.0","422.03766028079934"
"450","450","0","9106.0","422.0376602808007"
"450","450","0","9108.0","422.03766028080133"
"450","450","0","9110.0","422.03766028080054"
"450","450","0","9112.0","422.03766028080054"
"450","450","0","9114.0","422.0376602808002"
"450","450","0","9116.0","422.0376602808001"
"450","450","0","9118.0","422.0376602807998"
"450","450","0","9120.0","422.0376602808"
"450","450","0","9122.0","422.03766028080105"
"450","450","0","9124.0","422.0376602808016"
"450","450","0","9126.0","422.0376602808009"
"450","450","0","9128.0","422.0376602808014"
"450","450","0","9130.0","422.037660280801"
"450","450","0","9132.0","422.0376602808012"
"450","450","0","9134.0","422.03766028080133"
"450","450","0","9136.0","422.03766028080213"
"450","450","0","9138.0","422.03766028080236"
"450","450","0","9140.0","422.0376602808025"
"450","450","0","9142.0","422.03766028080213"
"450","450","0","9144.0","422.0376602808024"
"450","450","0","9146.0","422.03766028080304"
"450","450","0","9148.0","422.0376602808028"
"450","450","0","9150.0","422.0376602808023"
"450","450","0","9152.0","422.0376602808032"
"450","450","0","9154.0","422.037660280803"
"450","450","0","9156.0","422.03766028080304"
"450","450","0","9158.0","422.0376602808032"
"450","450","0","9160.0","422.0376602808023"
"450","450","0","9162.0","422.0376602808027"
"450","450","0","9164.0","422.0376602808026"
"450","450","0","9166.0","422.0376602808022"
"450","450","0","9168.0","422.03766028080304"
"450","450","0","9170.0","422.03766028080304"
"450","450","0","9172.0","422.0376602808042"
"450","450","0","9174.0","422.03766028080486"
"450","450","0","9176.0","422.0376602808047"
"450","450","0","9178.0","422.037660280805"
"450","450","0","9180.0","422.03766028080474"
"450","450","0","9182.0","422.03766028080554"
"450","450","0","9184.0","422.03766028080554"
"450","450","0","9186.0","422.037660280806"
"450","450","0","9188.0","422.03766028080565"
"450","450","0","9190.0","422.0376602808063"
"450","450","0","9192.0","422.0376602808056"
"450","450","0","9194.0","422.0376602808058"
"450","450","0","9196.0","422.03766028080605"
"450","450","0","9198.0","422.0376602808056"
"450","450","0","9200.0","422.0376602808049"
"450","450","0","9202.0","422.0376602808054"
"450","450","0","9204.0","422.03766028080497"
"450","450","0","9206.0","422.03766028080463"
"450","450","0","9208.0","422.0376602808047"
"450","450","0","9210.0","422.03766028080474"
"450","450","0","9212.0","422.0376602808056"
"450","450","0","9214.0","422.0376602808052"
"450","450","0","9216.0","422.03766028080514"
"450","450","0","9218.0","422.0376602808054"
"450","450","0","9220.0","422.0376602808058"
"450","450","0","9222.0","422.0376602808065"
"450","450","0","9224.0","422.0376602808066"
"450","450","0","9226.0","422.0376602808069"
"450","450","0","9228.0","422.03766028080685"
"450","450","0","9230.0","422.03766028080713"
"450","450","0","9232.0","422.0376602808071"
"450","450","0","9234.0","422.03766028080753"
"450","450","0","9236.0","422.037660280808"
"450","450","0","9238.0","422.0376602808086"
"450","450","0","9240.0","422.03766028080867"
"450","450","0","9242.0","422.037660280808"
"450","450","0","9244.0","422.03766028080867"
"450","450","0","9246.0","422.03766028080895"
"450","450","0","9248.0","422.03766028080844"
"450","450","0","9250.0","422.0376602808084"
"450","450","0","9252.0","422.0376602808085"
"450","450","0","9254.0","422.0376602808091"
"450","450","0","9256.0","422.03766028080895"
"450","450","0","9258.0","422.03766028080827"
"450","450","0","9260.0","422.03766028080827"
"450","450","0","9262.0","422.0376602808086"
"450","450","0","9264.0","422.0376602808088"
"450","450","0","9266.0","422.03766028080906"
"450","450","0","9268.0","422.0376602808096"
"450","450","0","9270.0","422.0376602808091"
"450","450","0","9272.0","422.03766028080935"
"450","450","0","9274.0","422.0376602808095"
"450","450","0","9276.0","422.03766028080935"
"450","450","0","9278.0","422.0376602808088"
"450","450","0","9280.0","422.0376602808088"
"450","450","0","9282.0","422.0376602808089"
"450","450","0","9284.0","422.0376602808094"
"450","450","0","9286.0","422.03766028080895"
"450","450","0","9288.0","422.03766028080906"
"450","450","0","9290.0","422.03766028080895"
"450","450","0","9292.0","422.0376602808095"
"450","450","0","9294.0","422.03766028080884"
"450","450","0","9296.0","422.03766028080867"
"450","450","0","9298.0","422.037660280809"
"450","450","0","9300.0","422.0376602808096"
"450","450","0","9302.0","422.03766028080946"
"450","450","0","9304.0","422.0376602808097"
"450","450","0","9306.0","422.03766028081014"
"450","450","0","9308.0","422.03766028080946"
"450","450","0","9310.0","422.03766028080884"
"450","450","0","9312.0","422.0376602808085"
"450","450","0","9314.0","422.03766028080884"
"450","450","0","9316.0","422.03766028080884"
"450","450","0","9318.0","422.03766028080923"
"450","450","0","9320.0","422.0376602808097"
"450","450","0","9322.0","422.0376602808106"
"450","450","0","9324.0","422.03766028081026"
"450","450","0","9326.0","422.03766028081026"
"450","450","0","9328.0","422.0376602808102"
"450","450","0","9330.0","422.0376602808103"
"450","450","0","9332.0","422.0376602808102"
"450","450","0","9334.0","422.0376602808101"
"450","450","0","9336.0","422.03766028081054"
"450","450","0","9338.0","422.0376602808111"
"450","450","0","9340.0","422.0376602808116"
"450","450","0","9342.0","422.03766028081145"
"450","450","0","9344.0","422.03766028081156"
"450","450","0","9346.0","422.037660280812"
"450","450","0","9348.0","422.0376602808114"
"450","450","0","9350.0","422.0376602808119"
"450","450","0","9352.0","422.03766028081236"
"450","450","0","9354.0","422.0376602808123"
"450","450","0","9356.0","422.0376602808123"
"450","450","0","9358.0","422.0376602808122"
"450","450","0","9360.0","422.0376602808124"
"450","450","0","9362.0","422.03766028081236"
"450","450","0","9364.0","422.03766028081236"
"450","450","0","9366.0","422.03766028081304"
"450","450","0","9368.0","422.0376602808128"
"450","450","0","9370.0","422.03766028081293"
"450","450","0","9372.0","422.0376602808127"
"450","450","0","9374.0","422.0376602808128"
"450","450","0","9376.0","422.03766028081276"
"450","450","0","9378.0","422.03766028081344"
"450","450","0","9380.0","422.0376602808134"
"450","450","0","9382.0","422.0376602808132"
"450","450","0","9384.0","422.0376602808126"
"450","450","0","9386.0","422.03766028081276"
"450","450","0","9388.0","422.0376602808129"
"450","450","0","9390.0","422.0376602808129"
"450","450","0","9392.0","422.0376602808129"
"450","450","0","9394.0","422.03766028081276"
"450","450","0","9396.0","422.0376602808129"
"450","450","0","9398.0","422.03766028081304"
"450","450","0","9400.0","422.0376602808132"
"450","450","0","9402.0","422.03766028081355"
"450","450","0","9404.0","422.0376602808135"
"450","450","0","9406.0","422.0376602808135"
"450","450","0","9408.0","422.0376602808135"
"450","450","0","9410.0","422.03766028081384"
"450","450","0","9412.0","422.03766028081355"
"450","450","0","9414.0","422.03766028081355"
"450","450","0","9416.0","422.03766028081327"
"450","450","0","9418.0","422.0376602808134"
"450","450","0","9420.0","422.0376602808136"
"450","450","0","9422.0","422.0376602808136"
"450","450","0","9424.0","422.0376602808133"
"450","450","0","9426.0","422.03766028081384"
"450","450","0","9428.0","422.0376602808138"
"450","450","0","9430.0","422.0376602808136"
"450","450","0","9432.0","422.03766028081355"
"450","450","0","9434.0","422.03766028081344"
"450","450","0","9436.0","422.0376602808134"
"450","450","0","9438.0","422.0376602808135"
"450","450","0","9440.0","422.0376602808137"
"450","450","0","9442.0","422.0376602808135"
"450","450","0","9444.0","422.0376602808133"
"450","450","0","9446.0","422.0376602808134"
"450","450","0","9448.0","422.03766028081264"
"450","450","0","9450.0","422.0376602808122"
"450","450","0","9452.0","422.03766028081225"
"450","450","0","9454.0","422.03766028081185"
"450","450","0","9456.0","422.03766028081174"
"450","450","0","9458.0","422.0376602808122"
"450","450","0","9460.0","422.03766028081213"
"450","450","0","9462.0","422.03766028081225"
"450","450","0","9464.0","422.03766028081213"
"450","450","0","9466.0","422.03766028081293"
"450","450","0","9468.0","422.0376602808135"
"450","450","0","9470.0","422.03766028081355"
"450","450","0","9472.0","422.03766028081367"
"450","450","0","9474.0","422.0376602808138"
"450","450","0","9476.0","422.0376602808142"
"450","450","0","9478.0","422.0376602808142"
"450","450","0","9480.0","422.03766028081424"
"450","450","0","9482.0","422.03766028081424"
"450","450","0","9484.0","422.0376602808143"
"450","450","0","9486.0","422.0376602808148"
"450","450","0","9488.0","422.03766028081435"
"450","450","0","9490.0","422.0376602808143"
"450","450","0","9492.0","422.0376602808144"
"450","450","0","9494.0","422.0376602808146"
"450","450","0","9496.0","422.0376602808143"
"450","450","0","9498.0","422.0376602808146"
"450","450","0","9500.0","422.03766028081424"
"450","450","0","9502.0","422.0376602808145"
"450","450","0","9504.0","422.0376602808145"
"450","450","0","9506.0","422.037660280815"
"450","450","0","9508.0","422.0376602808148"
"450","450","0","9510.0","422.0376602808151"
"450","450","0","9512.0","422.03766028081475"
"450","450","0","9514.0","422.0376602808144"
"450","450","0","9516.0","422.0376602808141"
"450","450","0","9518.0","422.0376602808137"
"450","450","0","9520.0","422.0376602808138"
"450","450","0","9522.0","422.03766028081384"
"450","450","0","9524.0","422.0376602808141"
"450","450","0","9526.0","422.037660280814"
"450","450","0","9528.0","422.03766028081424"
"450","450","0","9530.0","422.0376602808143"
"450","450","0","9532.0","422.0376602808143"
"450","450","0","9534.0","422.03766028081435"
"450","450","0","9536.0","422.0376602808146"
"450","450","0","9538.0","422.0376602808145"
"450","450","0","9540.0","422.0376602808145"
"450","450","0","9542.0","422.03766028081486"
"450","450","0","9544.0","422.037660280815"
"450","450","0","9546.0","422.037660280815"
"450","450","0","9548.0","422.03766028081503"
"450","450","0","9550.0","422.03766028081515"
"450","450","0","9552.0","422.0376602808152"
"450","450","0","9554.0","422.0376602808153"
"450","450","0","9556.0","422.03766028081577"
"450","450","0","9558.0","422.0376602808159"
"450","450","0","9560.0","422.037660280816"
"450","450","0","9562.0","422.03766028081577"
"450","450","0","9564.0","422.03766028081577"
"450","450","0","9566.0","422.0376602808156"
"450","450","0","9568.0","422.0376602808155"
"450","450","0","9570.0","422.03766028081543"
"450","450","0","9572.0","422.0376602808159"
"450","450","0","9574.0","422.0376602808163"
"450","450","0","9576.0","422.03766028081617"
"450","450","0","9578.0","422.0376602808157"
"450","450","0","9580.0","422.03766028081617"
"450","450","0","9582.0","422.03766028081617"
"450","450","0","9584.0","422.0376602808161"
"450","450","0","9586.0","422.03766028081645"
"450","450","0","9588.0","422.0376602808163"
"450","450","0","9590.0","422.03766028081634"
"450","450","0","9592.0","422.03766028081634"
"450","450","0","9594.0","422.0376602808165"
"450","450","0","9596.0","422.0376602808168"
"450","450","0","9598.0","422.03766028081657"
"450","450","0","9600.0","422.0376602808163"
"450","450","0","9602.0","422.03766028081617"
"450","450","0","9604.0","422.03766028081634"
"450","450","0","9606.0","422.0376602808159"
"450","450","0","9608.0","422.03766028081606"
"450","450","0","9610.0","422.0376602808164"
"450","450","0","9612.0","422.0376602808165"
"450","450","0","9614.0","422.0376602808163"
"450","450","0","9616.0","422.03766028081645"
"450","450","0","9618.0","422.0376602808168"
"450","450","0","9620.0","422.037660280817"
"450","450","0","9622.0","422.03766028081697"
"450","450","0","9624.0","422.0376602808168"
"450","450","0","9626.0","422.03766028081685"
"450","450","0","9628.0","422.03766028081714"
"450","450","0","9630.0","422.0376602808171"
"450","450","0","9632.0","422.0376602808172"
"450","450","0","9634.0","422.0376602808173"
"450","450","0","9636.0","422.03766028081714"
"450","450","0","9638.0","422.03766028081725"
"450","450","0","9640.0","422.03766028081736"
"450","450","0","9642.0","422.0376602808171"
"450","450","0","9644.0","422.0376602808174"
"450","450","0","9646.0","422.03766028081714"
"450","450","0","9648.0","422.0376602808173"
"450","450","0","9650.0","422.03766028081725"
"450","450","0","9652.0","422.0376602808173"
"450","450","0","9654.0","422.0376602808173"
"450","450","0","9656.0","422.03766028081714"
"450","450","0","9658.0","422.03766028081714"
"450","450","0","9660.0","422.03766028081714"
"450","450","0","9662.0","422.0376602808175"
"450","450","0","9664.0","422.0376602808171"
"450","450","0","9666.0","422.037660280817"
"450","450","0","9668.0","422.03766028081714"
"450","450","0","9670.0","422.0376602808168"
"450","450","0","9672.0","422.0376602808167"
"450","450","0","9674.0","422.0376602808167"
"450","450","0","9676.0","422.03766028081645"
"450","450","0","9678.0","422.0376602808166"
"450","450","0","9680.0","422.03766028081674"
"450","450","0","9682.0","422.03766028081634"
"450","450","0","9684.0","422.03766028081634"
"450","450","0","9686.0","422.0376602808161"
"450","450","0","9688.0","422.0376602808164"
"450","450","0","9690.0","422.0376602808165"
"450","450","0","9692.0","422.0376602808168"
"450","450","0","9694.0","422.03766028081725"
"450","450","0","9696.0","422.037660280817"
"450","450","0","9698.0","422.037660280817"
"450","450","0","9700.0","422.0376602808173"
"450","450","0","9702.0","422.0376602808167"
"450","450","0","9704.0","422.0376602808166"
"450","450","0","9706.0","422.037660280816"
"450","450","0","9708.0","422.0376602808159"
"450","450","0","9710.0","422.0376602808158"
"450","450","0","9712.0","422.037660280816"
"450","450","0","9714.0","422.03766028081634"
"450","450","0","9716.0","422.0376602808163"
"450","450","0","9718.0","422.0376602808165"
"450","450","0","9720.0","422.0376602808162"
"450","450","0","9722.0","422.0376602808163"
"450","450","0","9724.0","422.0376602808167"
"450","450","0","9726.0","422.0376602808166"
"450","450","0","9728.0","422.0376602808167"
"450","450","0","9730.0","422.03766028081685"
"450","450","0","9732.0","422.03766028081697"
"450","450","0","9734.0","422.03766028081697"
"450","450","0","9736.0","422.03766028081685"
"450","450","0","9738.0","422.0376602808172"
"450","450","0","9740.0","422.03766028081725"
"450","450","0","9742.0","422.0376602808171"
"450","450","0","9744.0","422.0376602808175"
"450","450","0","9746.0","422.03766028081765"
"450","450","0","9748.0","422.03766028081776"
"450","450","0","9750.0","422.037660280818"
"450","450","0","9752.0","422.03766028081816"
"450","450","0","9754.0","422.0376602808181"
"450","450","0","9756.0","422.03766028081844"
"450","450","0","9758.0","422.0376602808185"
"450","450","0","9760.0","422.03766028081884"
"450","450","0","9762.0","422.0376602808187"
"450","450","0","9764.0","422.0376602808187"
"450","450","0","9766.0","422.03766028081884"
"450","450","0","9768.0","422.0376602808186"
"450","450","0","9770.0","422.03766028081833"
"450","450","0","9772.0","422.0376602808183"
"450","450","0","9774.0","422.03766028081867"
"450","450","0","9776.0","422.0376602808182"
"450","450","0","9778.0","422.03766028081816"
"450","450","0","9780.0","422.0376602808185"
"450","450","0","9782.0","422.0376602808187"
"450","450","0","9784.0","422.03766028081867"
"450","450","0","9786.0","422.03766028081856"
"450","450","0","9788.0","422.0376602808187"
"450","450","0","9790.0","422.03766028081895"
"450","450","0","9792.0","422.03766028081884"
"450","450","0","9794.0","422.03766028081907"
"450","450","0","9796.0","422.03766028081924"
"450","450","0","9798.0","422.03766028081947"
"450","450","0","9800.0","422.03766028081975"
"450","450","0","9802.0","422.0376602808197"
"450","450","0","9804.0","422.0376602808194"
"450","450","0","9806.0","422.03766028081975"
"450","450","0","9808.0","422.03766028082"
"450","450","0","9810.0","422.0376602808199"
"450","450","0","9812.0","422.0376602808202"
"450","450","0","9814.0","422.03766028082003"
"450","450","0","9816.0","422.03766028082003"
"450","450","0","9818.0","422.03766028082"
"450","450","0","9820.0","422.0376602808199"
"450","450","0","9822.0","422.0376602808199"
"450","450","0","9824.0","422.03766028082"
"450","450","0","9826.0","422.0376602808198"
"450","450","0","9828.0","422.03766028081986"
"450","450","0","9830.0","422.03766028081986"
"450","450","0","9832.0","422.03766028081986"
"450","450","0","9834.0","422.0376602808199"
"450","450","0","9836.0","422.03766028082015"
"450","450","0","9838.0","422.03766028082026"
"450","450","0","9840.0","422.03766028082026"
"450","450","0","9842.0","422.0376602808203"
"450","450","0","9844.0","422.03766028082066"
"450","450","0","9846.0","422.03766028082043"
"450","450","0","9848.0","422.03766028082043"
"450","450","0","9850.0","422.03766028082043"
"450","450","0","9852.0","422.0376602808205"
"450","450","0","9854.0","422.03766028082043"
"450","450","0","9856.0","422.0376602808206"
"450","450","0","9858.0","422.0376602808207"
"450","450","0","9860.0","422.03766028082066"
"450","450","0","9862.0","422.0376602808208"
"450","450","0","9864.0","422.0376602808207"
"450","450","0","9866.0","422.0376602808209"
"450","450","0","9868.0","422.037660280821"
"450","450","0","9870.0","422.0376602808209"
"450","450","0","9872.0","422.0376602808208"
"450","450","0","9874.0","422.0376602808209"
"450","450","0","9876.0","422.03766028082055"
"450","450","0","9878.0","422.03766028082055"
"450","450","0","9880.0","422.03766028082066"
"450","450","0","9882.0","422.0376602808207"
"450","450","0","9884.0","422.0376602808206"
"450","450","0","9886.0","422.0376602808204"
"450","450","0","9888.0","422.03766028082"
"450","450","0","9890.0","422.03766028082"
"450","450","0","9892.0","422.03766028082003"
"450","450","0","9894.0","422.03766028082015"
"450","450","0","9896.0","422.03766028082026"
"450","450","0","9898.0","422.0376602808203"
"450","450","0","9900.0","422.0376602808204"
"450","450","0","9902.0","422.03766028082043"
"450","450","0","9904.0","422.03766028082066"
"450","450","0","9906.0","422.0376602808208"
"450","450","0","9908.0","422.03766028082055"
"450","450","0","9910.0","422.0376602808207"
"450","450","0","9912.0","422.03766028082094"
"450","450","0","9914.0","422.0376602808208"
"450","450","0","9916.0","422.03766028082106"
"450","450","0","9918.0","422.0376602808212"
"450","450","0","9920.0","422.03766028082117"
"450","450","0","9922.0","422.0376602808214"
"450","450","0","9924.0","422.03766028082117"
"450","450","0","9926.0","422.0376602808212"
"450","450","0","9928.0","422.03766028082106"
"450","450","0","9930.0","422.03766028082146"
"450","450","0","9932.0","422.03766028082146"
"450","450","0","9934.0","422.037660280821"
"450","450","0","9936.0","422.0376602808213"
"450","450","0","9938.0","422.03766028082146"
"450","450","0","9940.0","422.03766028082134"
"450","450","0","9942.0","422.0376602808214"
"450","450","0","9944.0","422.03766028082146"
"450","450","0","9946.0","422.0376602808215"
"450","450","0","9948.0","422.03766028082134"
"450","450","0","9950.0","422.0376602808214"
"450","450","0","9952.0","422.0376602808212"
"450","450","0","9954.0","422.03766028082157"
"450","450","0","9956.0","422.03766028082146"
"450","450","0","9958.0","422.0376602808215"
"450","450","0","9960.0","422.03766028082157"
"450","450","0","9962.0","422.0376602808218"
"450","450","0","9964.0","422.03766028082185"
"450","450","0","9966.0","422.03766028082174"
"450","450","0","9968.0","422.03766028082185"
"450","450","0","9970.0","422.037660280822"
"450","450","0","9972.0","422.03766028082197"
"450","450","0","9974.0","422.0376602808221"
"450","450","0","9976.0","422.03766028082197"
"450","450","0","9978.0","422.03766028082214"
"450","450","0","9980.0","422.0376602808221"
"450","450","0","9982.0","422.0376602808222"
"450","450","0","9984.0","422.0376602808222"
"450","450","0","9986.0","422.0376602808223"
"450","450","0","9988.0","422.0376602808222"
"450","450","0","9990.0","422.0376602808223"
"450","450","0","9992.0","422.0376602808222"
"450","450","0","9994.0","422.0376602808223"
"450","450","0","9996.0","422.037660280822"
"450","450","0","9998.0","422.03766028082225"
"450","450","0","10000.0","422.03766028082214"
"450","450","0","10002.0","422.03766028082214"
