time_ns,Q_total,Q_electron,Q_hole,Q_no_trapping
0.0,0.0,6.863316295955476e-12,-6.863316295955476e-12,0.0
0.5,1.9694610957472705e-5,1.0349061574419016e-5,9.345563496389142e-6,1.9694610664851715e-5
1.0,3.9287021220450674e-5,2.0676634123276644e-5,1.861036830190274e-5,3.928701971232711e-5
1.5,5.887375632441656e-5,3.098244791552551e-5,2.7891307778630457e-5,5.8873755694155964e-5
2.0,7.84565832499651e-5,4.126631855492317e-5,3.7190318087117994e-5,7.84565790182154e-5
2.5,9.803461569313556e-5,5.152879923019696e-5,4.6505739661183325e-5,9.80346080399712e-5
3.0,0.00011760855144244306,6.177062752631668e-5,5.583803349143257e-5,0.00011760854577009771
3.5,0.00013718046135412603,7.19918034432823e-5,6.518858254968408e-5,0.0001371804551415573
4.0,0.00015674907365234236,8.219214258485141e-5,7.455701804345296e-5,0.00015674906843018315
4.5,0.00017631528870936967,9.2371644951024e-5,8.394352436898166e-5,0.0001763152845676572
5.0,0.00019588035579174307,0.00010253215450422453,9.334810152627018e-5,0.00019588034822861595
5.5,0.00021544285681312537,0.00011267164288578609,0.00010277130270404587,0.00021544285339171072
6.0,0.00023502554868283228,0.00012281279083352966,0.0001122127591098238,0.00023502552689382318
6.5,0.00025469478883772097,0.0001330222575890999,0.00012167247074360402,0.00025469477443176456
7.0,0.0002743623633038962,0.0001432107953711524,0.00013115154398284117,0.0002743623393539936
7.5,0.0002940295100932395,0.00015337960275526306,0.00014064979443129285,0.0002940294893846771
8.0,0.0003136815981562404,0.00016352711237337106,0.00015015449874823016,0.0003136815880720709
8.5,0.0003332366260877189,0.0001736532320273552,0.0001595834162095217,0.00033323660213781627
9.0,0.00035279163150989036,0.0001837604510664885,0.00016903114208754284,0.0003527916162035616
9.5,0.0003723450612805761,0.0001938476631133163,0.0001784973075898087,0.0003723450398517159
10.0,0.00039189671281601366,0.0002039148681678386,0.0001879819127163193,0.0003918966886860366
10.5,0.00041144951232610513,0.0002139634492018737,0.00019748606384452925,0.0004114495130464029
11.0,0.00043100199670589943,0.00022399285302669432,0.00020700902338946882,0.00043100196861428435
11.5,0.0004505541659553966,0.0002340029874441792,0.0002165511601436229,0.0004505541475878021
12.0,0.00047010773078192395,0.0002439947744355406,0.00022611302729571883,0.00047010770953313823
12.5,0.00048972639252412,0.00025403284488375623,0.0002356935184683019,0.0004897263633520582
13.0,0.0005093652676239474,0.000264072206105669,0.00024529300245385705,0.0005093652546585867
13.5,0.0005290050881146664,0.0002740938652883069,0.0002549112948561418,0.0005290050679463274
14.0,0.0005486440982703356,0.0002840957940730029,0.00026454821127891366,0.0005486440514509772
14.5,0.0005679112096567528,0.0002937068028237109,0.00027420448930714255,0.0005679111999327322
15.0,0.0005859045193634724,0.00030202445632989484,0.0002838799445445859,0.000585904493072602
15.5,0.0006039044468064323,0.00031032920209910744,0.0002935753145762135,0.0006039044244771998
16.0,0.0006218041628148981,0.0003186206713388639,0.00030318346518516366,0.0006218041365240275
16.5,0.0006397423697382302,0.00032693943122250247,0.00031280286396490314,0.0006397423412864662
17.0,0.000657712945044941,0.00033527073005062746,0.00032244217753882683,0.0006577129075894543
17.5,0.0006756885624364064,0.0003435884757549326,0.0003321001151332377,0.0006756885447891097
18.0,0.000693668906782329,0.000351891469759842,0.0003417774143331055,0.0006936688840929475
18.5,0.0007114587773729307,0.00035998480523708896,0.00035147389074218784,0.0007114587420783375
19.0,0.0007283936544487484,0.00036720391812889407,0.00036118972875672715,0.0007283936007865606
19.5,0.000745331142604171,0.00037440698854760633,0.00037092400639551114,0.0007453310871412387
20.0,0.0007622731776395954,0.00038159392429510443,0.00038067912080969166,0.0007622731373029172
20.5,0.0007792517677894892,0.00038879837768563503,0.0003904534124330867,0.0007792516979206004
21.0,0.0007962625012296925,0.00039601555441689444,0.00040024688126569615,0.0007962624356825906
21.5,0.000813274225079401,0.000403215029108879,0.0004100591585150353,0.0008132741876239142
22.0,0.0008302901806788142,0.00041039781594092204,0.0004198924569360134,0.0008302901806788142
22.5,0.0008473080270600103,0.0004175639149130236,0.0004297441949812362,0.0008473080176961386
23.0,0.0008643276741857615,0.0004247120352514866,0.0004396154790281584,0.0008643276064777662
23.5,0.0008812833048425772,0.0004318429145412808,0.0004494402952219839,0.000881283301961386
24.0,0.0008981885146518489,0.0004389566449805274,0.00045923192009216895,0.0008981884728745752
24.5,0.0009151286589054903,0.00044608577250601834,0.0004690427221715685,0.000915128586875708
25.0,0.0009320967146997366,0.0004532240276455104,0.00047887270146018256,0.0009320966369075717
25.5,0.0009490317268313958,0.00046034338217015164,0.0004886882978418857,0.0009490316800120374
26.0,0.0009659603463198843,0.0004674443892686694,0.000498515879979348,0.0009659602692480174
26.5,0.0009828894159945117,0.0004745272333373061,0.0005083620861372973,0.0009828894116727248
27.0,0.0009998183055946834,0.0004815904392061222,0.0005182278382969462,0.0009998182775030685
27.5,0.0010167473752693108,0.0004886348366582087,0.000528112583269567,0.0010167473277296545
28.0,0.0010336768951300767,0.0004956603334954443,0.0005380165054514024,0.0010336768389468468
28.5,0.0010506421597702626,0.0005027028869851063,0.0005479392360499673,0.0010506421230350737
29.0,0.0010676291233823378,0.0005097470078428291,0.000557882065838959,0.0010676290736817882
29.5,0.0010846150965849078,0.0005167713061044888,0.0005678437040446803,0.0010846150101491692
30.0,0.0011016007096385668,0.0005237762427606916,0.0005778243350633736,0.0011016006700221865
30.5,0.001118586592803909,0.0005307612646227102,0.0005878252496687363,0.0011185865142914464
31.0,0.0011355711254108349,0.0005377260950961807,0.0005978449726908283,0.001135571067787009
31.5,0.0011524450923020746,0.0005446717483604368,0.0006077732351766667,0.0011524450757352247
32.0,0.0011693069942047948,0.0005515986854060845,0.0006177081359272331,0.0011693069135314388
32.5,0.0011862107634184223,0.0005585492251707653,0.0006276614763020443,0.0011862107014728096
33.0,0.0012031269577694804,0.000565493495463203,0.0006376334406973427,0.0012031269361605457
33.5,0.0012200411713015277,0.0005724172055746079,0.0006476238447168857,0.0012200411424896148
34.0,0.0012369548446102086,0.000579322107269283,0.0006576326883606735,0.0012369547956299566
34.5,0.001253867887658295,0.0005862070019716528,0.0006676607092136758,0.0012538678033834497
35.0,0.0012707787698129152,0.0005930714286911108,0.0006777071696909227,0.0012707786905801549
35.5,0.0012876870408879307,0.0005999161250126271,0.0006877709634149598,0.0012876869962294656
36.0,0.0013045931510694798,0.0006067399845587468,0.000697853012366999,0.001304593089123867
36.5,0.0013215472510934236,0.0006135939006923854,0.0007079533165470406,0.001321547217239426
37.0,0.0013385005407823176,0.0006204287318149307,0.0007180716915588419,0.0013385005155718938
37.5,0.0013554504990937848,0.000627242541765837,0.0007282077686099183,0.0013554504025738766
38.0,0.001372395505357725,0.0006340339475732861,0.0007383613633040269,0.0013723954030754344
38.5,0.0013893387108771102,0.000640804701001581,0.0007485339508111078,0.0013893386518126888
39.0,0.0014062777746840186,0.0006475537878713884,0.0007587238715649786,0.0014062777516344882
39.5,0.0014230969989407819,0.0006542807471921022,0.0007688160623103525,0.001423096901700576
40.0,0.0014399102807405133,0.000660996181747663,0.0007789139693392422,0.0014399102432850264
40.5,0.0014567594873941196,0.0006677299637293472,0.0007890293940111644,0.001456759449938633
41.0,0.001473603922074655,0.0006744415259638167,0.0007991623363261192,0.0014736038622899358
41.5,0.0014904434047076638,0.0006811313294416774,0.0008093120586991364,0.0014904432959426926
42.0,0.0015072779352931457,0.0006877974380023835,0.000819480405092641,0.0015072778430950246
42.5,0.0015241100348734784,0.0006944421565989659,0.0008296677442991176,0.0015241099008980834
43.0,0.0015409385329647007,0.0007010637334671211,0.0008398746295072936,0.0015409384551725359
43.5,0.0015577621690456241,0.0007076619842106067,0.0008501001387359568,0.0015577621229465634
44.0,0.0015746065136889315,0.000714260880340941,0.0008603453783625618,0.0015746063509016238
44.5,0.0015914699462245237,0.0007208610672449722,0.000870608873217169,0.0015914699404621412
45.0,0.0016083310377921942,0.0007274382968168189,0.0008808926516584454,0.0016083309484752643
45.5,0.0016251879876473879,0.0007339923846602385,0.0008911956073089363,0.0016251878997710536
46.0,0.0016420389950455496,0.0007405221321996551,0.0009015168181874296,0.0016420389503870845
46.5,0.001659016594785938,0.0007470295677937355,0.00091198702122982,0.0016590164968254342
47.0,0.0016760015775790027,0.0007535127552819341,0.0009224885716334265,0.0016760014191134819
47.5,0.001692896883293221,0.0007599718329614328,0.0009329248457672067,0.0016928967248277002
48.0,0.0017097464500957385,0.0007664429885948118,0.0009433032194808586,0.0017097463002737916
48.5,0.0017266008789085549,0.0007728991620334919,0.0009537016923849371,0.001726600854418429
49.0,0.0017434526066045387,0.0007793314100597146,0.0009641210020644122,0.0017434524582231874
49.5,0.0017602989320668568,0.0007857389028903887,0.0009745600421418291,0.001760298898933157
50.0,0.0017771432767101645,0.0007921224703086052,0.0009850206565796124,0.0017771431268882175
50.5,0.0017961614801804465,0.0007984816052246975,0.0009976798274160927,0.0017961613865417295
51.0,0.001816153706380608,0.0008048155700536958,0.0010113380570941515,0.0018161536271478474
51.5,0.0018361471931019578,0.000811130311574419,0.0010250167547551222,0.0018361471585276623
52.0,0.0018561738135231226,0.0008174568083555982,0.0010387168423802167,0.0018561736968348754
52.5,0.0018761952117850773,0.0008237579967525015,0.0010524370291957377,0.0018761950720472998
53.0,0.0018962137288557439,0.0008300346143500988,0.0010661789747678676,0.0018962136813160876
53.5,0.0019162259433204674,0.0008362858774643595,0.0010799399131529695,0.0019162258367163897
54.0,0.0019362314950303369,0.0008425115095009202,0.0010937196599548013,0.0019362313538519639
54.5,0.0019562307441342635,0.000848711694856023,0.0011075189527583321,0.0019562306015152944
55.0,0.0019755413885203014,0.0008542051355128867,0.0011213361319973804,0.0019755413136093277
55.5,0.0019947996312397846,0.0008596291509844691,0.001135170275690734,0.0019947994727742635
56.0,0.0020140753411814526,0.0008650517373851724,0.001149023596593302,0.0020140753339784744
56.5,0.002033347629708466,0.0008704530260198731,0.0011628944351389024,0.002033347507257836
57.0,0.0020526168569697354,0.0008758326941951469,0.0011767842664974749,0.0020526167301973186
57.5,0.002071883743263083,0.0008811909263072362,0.0011906927218765346,0.0020718835559856495
58.0,0.0020911466679184097,0.0008865271230683532,0.0012046194324835966,0.002091146509452889
58.5,0.0021104054508612594,0.0008918410539831945,0.0012185643983186607,0.0021104054062027946
59.0,0.002129661352612821,0.0008971339176273364,0.0012325272505892423,0.0021296611682165784
59.5,0.0021489361621822114,0.0009024274727573873,0.0012465085424840684,0.002148936107439577
60.0,0.002168211692049424,0.000907704201730315,0.0012605073520219274,0.002168211599851303
60.5,0.0021874814595340603,0.0009129585265597853,0.0012745227572216063,0.002187481375979513
61.0,0.0022065353177465343,0.0009181906316420408,0.0012883445463667158,0.0022065352241078173
61.5,0.002225594398118218,0.0009234104743741736,0.001302183853154858,0.00222559423533091
62.0,0.002244659060798023,0.0009286175015674563,0.001316041415171002,0.002244658962837519
62.5,0.0022637188614675285,0.0009338022168154027,0.0013299164948301788,0.0022637187116455815
63.0,0.002282772179456636,0.0009389635137405586,0.0013438085389436607,0.002282772006585159
63.5,0.002301824597073466,0.0009441067398339545,0.0013577175475114477,0.002301824563939766
64.0,0.0023208860184130713,0.0009492419446908041,0.0013716440737222672,0.0023208859723140105
64.5,0.0023399425777423776,0.0009543540078192264,0.0013855884863686041,0.002339942401989709
65.0,0.0023589931946146523,0.0009594431597145247,0.0013995498634692461,0.002358993115381892
65.5,0.0023780369686576177,0.0009645090776832747,0.0014135276518354657,0.0023780368217168617
66.0,0.0023970933479124687,0.000969569141071327,0.0014275240642221728,0.0023970932513925603
66.5,0.0024161436046358322,0.0009746072613065281,0.0014415361502894877,0.002416143411596016
67.0,0.0024351888192744413,0.0009796217327236354,0.0014555670447735322,0.002435188777497168
67.5,0.0024542270110092853,0.00098461264752077,0.0014696143505231547,0.002454226951944864
68.0,0.002473270965126706,0.000989591530463085,0.0014836793583120518,0.002473270842676076
68.5,0.002492315099318582,0.0009945531723567311,0.0014977616993477392,0.002492314917803531
69.0,0.00251135113015996,0.000999490520045435,0.0015118606360452467,0.0025113510638925603
69.5,0.002530380858395395,0.001004404311114166,0.0015259765371970595,0.002530380756113104
70.0,0.002549410226481919,0.001009300307945501,0.0015401097715956622,0.002549410079541163
70.5,0.002568444636653197,0.0010141833970398646,0.0015542612612222673,0.0025684445660640104
71.0,0.0025874731043674434,0.0010190425607217708,0.0015684304528881471,0.0025874729675108574
71.5,0.0026064947292523803,0.001023877614594977,0.001582616977800817,0.0026064945462967335
72.0,0.0026255109519036516,0.0010286889274519681,0.0015968219423377317,0.0026255107775915785
72.5,0.0026445365384266096,0.0010334918963789885,0.0016110447933101637,0.0026445364130947887
73.0,0.002663553841524614,0.001038270156209521,0.0016252838711519311,0.002663553750767088
73.5,0.002682566462686775,0.0010430239374388686,0.0016395421262029128,0.0026825662941370844
74.0,0.002701572060945171,0.00104775314786891,0.0016538188208781396,0.00270157201484611
74.5,0.0027205124722506704,0.0010524683441845257,0.001668043884605481,0.0027205122748890673
75.0,0.002739292797365217,0.001057163487408775,0.0016821291759810473,0.0027392926633898226
75.5,0.0027580659195015436,0.0010618340598337185,0.001696231800603404,0.0027580658604371222
76.0,0.002776831298436283,0.001066480153657477,0.0017103510208875807,0.002776831128445997
76.5,0.002795591095062901,0.0010711059177955058,0.0017244849928711532,0.002795591048963841
77.0,0.0028143546732530855,0.0010757178061162902,0.0017386366668940005,0.002814354473010291
77.5,0.0028331103281672267,0.0010803053541330718,0.0017528049365786683,0.002833110152414558
78.0,0.002851856439135226,0.0010848680086571229,0.0017669879579627317,0.002851856243214218
78.5,0.0028705957072739153,0.0010894065533724742,0.001781189050178555,0.002870595511352908
79.0,0.0028893382167528045,0.0010939328357377027,0.001795405262886259,0.0028893380986239614
79.5,0.0029080294050118716,0.001098435515383898,0.0018095934473651109,0.0029080292393433723
80.0,0.0029266253338839712,0.0011029129327448778,0.0018237122988568027,0.0029266252316016805
80.5,0.002945213339480028,0.0011073650878206426,0.0018378477460103148,0.002945213110425321
81.0,0.0029637984638847975,0.0011117993103618292,0.0018519990512406773,0.002963798407701567
81.5,0.0029823805270238223,0.0011162143556938016,0.0018661658457554053,0.0029823803858454495
82.0,0.003000955027035716,0.0011206042539882101,0.0018803503423094085,0.0030009548037433914
82.5,0.0030195185425058234,0.0011249688438983428,0.0018945492217703223,0.003019518342263029
83.0,0.0030380732343276103,0.0011293096927922604,0.0019087635905156016,0.0030380730297630285
83.5,0.0030566306272662297,0.0011336362740269185,0.0019229941861302166,0.0030566304832066655
84.0,0.0030751782961842516,0.0011379370397876342,0.0019372410086141668,0.00307517797925321
84.5,0.0030937155207838535,0.001142212727659377,0.0019515025827975126,0.00309371533350642
85.0,0.00311224374166068,0.0011464631301963742,0.0019657803838501937,0.0031122434679475073
85.5,0.0031307690813462178,0.0011506956232483238,0.0019800733053947557,0.003130769020841201
86.0,0.0031492897390959125,0.001154906541939907,0.001994382822601138,0.0031492894106401057
86.5,0.0031677995923782764,0.0011590919448014418,0.002008707460299401,0.0031677994742494333
87.0,0.0031862990013422202,0.001163251555238564,0.002023047218489544,0.0031862988428766996
87.5,0.0032047919276257655,0.001167388300541623,0.002037403572341508,0.003204791942031722
88.0,0.003223282693015845,0.0011715076895483616,0.0020517746778928674,0.0032232824596393505
88.5,0.0032417637343853264,0.0011756017010222334,0.0020661620103135624,0.0032417637574348565
89.0,0.003260234691585299,0.0011796698278735717,0.002080564463226138,0.0032602343602483007
89.5,0.0032784819963115218,0.0011837119087556643,0.00209476998095178,0.003278481843608384
90.0,0.0032967102131454605,0.0011877356422116334,0.0021089743922999673,0.0032967101497592523
90.5,0.0033149294262566236,0.001191736810177433,0.002123192448970096,0.0033149292360979987
91.0,0.0033331389153471885,0.0011957126467094265,0.00213742599492459,0.0033331387338321377
91.5,0.003351336159374779,0.0011996624603217048,0.0021516735549935097,0.003351336061414275
92.0,0.0033695243996795933,0.0012035879105804495,0.0021659362355543102,0.00336952416918429
92.5,0.003387707237750742,0.00120749570489898,0.0021802114550595973,0.0033877071138595167
93.0,0.003405881792396937,0.0012113777989912194,0.0021945036390191896,0.0034058815763075906
93.5,0.0034240430215334242,0.0012152340776095162,0.0022088087307157527,0.0034240427622262083
94.0,0.0034421912853091143,0.0012190645407538705,0.0022231263613568027,0.003442191040407855
94.5,0.003460335227297872,0.0012228737983303432,0.0022374609564521576,0.003460334893079683
95.0,0.00347832178421251,0.0012265140798001437,0.002251807721699514,0.0034783216401529458
95.5,0.003495972322193157,0.0012298015882086122,0.002266170713816206,0.0034959720484799848
96.0,0.0035136138564510287,0.0012330672687118813,0.002280546244877384,0.003513613605787387
96.5,0.003531248547879591,0.001236311605350087,0.0022949368964304434,0.0035312485248300603
97.0,0.003548883239308153,0.0012395415129823212,0.002309341562097928,0.0035488830750802494
97.5,0.003566510727758494,0.0012427504685915073,0.002323760241879839,0.003566510618273225
98.0,0.003584131013230615,0.0012459382186328122,0.0023381925669836907,0.003584130785616503
98.5,0.003601745176171248,0.001249104186867978,0.0023526407501643933,0.0036017450522800227
99.0,0.0036193524962825716,0.0012522496640707016,0.002367102578667037,0.0036193523118863294
99.5,0.0036369619772873615,0.0012553799977320145,0.00238158174041647,0.003636961784247545
100.0,0.0036545624545693757,0.0012584889644787335,0.0023960734411103903,0.003654562405589124
100.5,0.0036721560890220803,0.0012615763799146168,0.002410579524711221,0.0036721560198734893
101.0,0.0036897436009432974,0.0012646421518415429,0.0024251010975964173,0.0036897433646856117
101.5,0.003707533156403602,0.00126768842386583,0.0024398443147650353,0.003707532807779456
102.0,0.0037253951017950236,0.0012707180080301758,0.0024546767797149977,0.003725394902992825
102.5,0.003743253445697335,0.0012737260408836855,0.0024695273154967195,0.0037432533102813442
103.0,0.003761107827961625,0.0012767127298721319,0.0024843948157327466,0.0037611076608525303
103.5,0.0037789560876944272,0.0012796776370544393,0.0024992781740456244,0.003778955741951473
104.0,0.0037968025466826746,0.001282623574473305,0.002514178865605292,0.003796802347880476
104.5,0.003814647925224189,0.0012855511875155775,0.002529096521619265,0.0038146478474320243
105.0,0.003832419833387853,0.0012884576180394987,0.0025439618091003826,0.0038324195884865938
105.5,0.003850027873796999,0.001291342773846948,0.0025586847426823313,0.00385002758567787
106.0,0.0038676337533126784,0.0012942103428627734,0.0025734235343411304,0.003867633738906722
106.5,0.0038852342305946926,0.001297056591063066,0.00258817744649181,0.0038852339914558155
107.0,0.0039028303860897742,0.0012998816106459471,0.00260294869188928,0.0039028301872875756
107.5,0.00392042438069139,0.0013026878448616286,0.0026177361641560853,0.003920424170364426
108.0,0.003938015133952807,0.00130547446392702,0.0026325402320847104,0.003938014834308912
108.5,0.003955602285725113,0.0013082396469292269,0.002647362370845096,0.003955602179121035
109.0,0.003973184395412664,0.0013109849151372495,0.0026621996300973615,0.003973184360838369
109.5,0.003990766505100216,0.0013137117321962621,0.002677054591388902,0.003990766173763217
110.0,0.0040083417719584576,0.0013164172169149767,0.002691924673172324,0.0040083417172158235
110.5,0.004025912356880856,0.0013191021990764842,0.002706809875447626,0.0040259120975736406
111.0,0.0040434811410587,0.0013217684650193833,0.002721712410969718,0.004043481002761518
111.5,0.004061045603449612,0.0013244147815938028,0.0027366308045686607,0.004061045482439577
112.0,0.00407860574405359,0.0013270400424222877,0.0027515654250369385,0.004078605536607817
112.5,0.004096160122274992,0.0013296447084954442,0.0027665151659970974,0.004096160058888784
113.0,0.0041137123396029285,0.0013322312806873108,0.002781480765034106,0.004113711999622356
113.5,0.00413125951484611,0.0013347969930542504,0.002796462222147966,0.004131259146053626
114.0,0.0041488020081534484,0.0013373420184677406,0.0028114599061311606,0.004148801866975076
114.5,0.004166342340567321,0.0013398676592262435,0.002826474185776176,0.004166342006349131
115.0,0.0041838794316409935,0.0013423749871329183,0.002841504323498041,0.004183879195383308
115.5,0.004201412200927734,0.0013448626307407119,0.0028565492129193027,0.004201411958907666
116.0,0.00422018856440426,0.0013473309242678139,0.0028728572166013266,0.004220188290691087
116.5,0.004241839636488624,0.0013497807435963755,0.0028920587661198315,0.00424183935989426
117.0,0.004263487107083876,0.0013522128147866015,0.002911273960960277,0.004263486741172583
117.5,0.004285124493509621,0.0013546257202923784,0.0029304983756128448,0.004285124165053814
118.0,0.0043067553972549666,0.0013570192757174633,0.0029497360667948692,0.004306755319462802
118.5,0.0043283780175753595,0.0013593944491421294,0.0029689837153739854,0.0043283779916446375
119.0,0.004349997756704463,0.0013617519896761113,0.0029882457468600127,0.004349997713486594
119.5,0.004371608492110791,0.0013640904451990002,0.003007517735743132,0.0043716082155164275
120.0,0.004393212024538898,0.0013664100116318031,0.003026801525985768,0.004393211710489048
120.5,0.004414808353988785,0.0013687115763814373,0.0030460967487954357,0.004414808198404456
121.0,0.0044363996413539185,0.0013709963149739482,0.00306540303537965,0.004436399523225076
121.5,0.004457983365591919,0.0013732625678431537,0.0030847203857384113,0.004457983103403512
122.0,0.004479561687596255,0.0013755105309100615,0.003104051012626629,0.00447956152048716
122.5,0.00450099631018509,0.0013777406421157474,0.0031232555124850125,0.004500996108501699
123.0,0.004522339094801612,0.0013799546532245147,0.003142384041091508,0.0045223388671875
123.5,0.004543674676439914,0.0013821511697397796,0.0031615228958875806,0.004543674618816088
124.0,0.004565002694951083,0.0013843304797806714,0.0031806720768732303,0.004565002625802493
124.5,0.004586324951079677,0.0013864928368920231,0.0031998319528409418,0.004586324732109139
125.0,0.004607642165123516,0.001388638483093903,0.0032190036301681696,0.004607642044113482
125.5,0.004628955777678244,0.001390769054902963,0.0032381867400624294,0.0046289556681929755
126.0,0.004650263987999308,0.0013928833883179224,0.0032573809137312363,0.004650263760385197
126.5,0.00467157147802255,0.001394981921279857,0.003276589101514469,0.004671571114992447
127.0,0.0046928706846208375,0.0013970649649574262,0.0032958054027323693,0.00469287035616503
127.5,0.004714170251368036,0.0013991327383211676,0.003315037193234635,0.0047141699661300985
128.0,0.0047354636955837465,0.0014011866012933697,0.0033342767283790838,0.004735463306622923
128.5,0.004756756419501636,0.001403225885437653,0.003353530277637958,0.004756756278323263
129.0,0.0047780455419304145,0.0014052510056455636,0.00337279415308641,0.004778045193306269
129.5,0.00479933358391246,0.0014072618985308926,0.003392071305064318,0.004799333370704305
130.0,0.0048206173041075735,0.00140925871967797,0.0034113584144393177,0.004820617122592523
130.5,0.004841899943855954,0.0014112423968303904,0.003430657325173834,0.004841899768103285
131.0,0.00486318114300869,0.0014132137424840974,0.003449967299682898,0.004863180938444109
131.5,0.004884460541416872,0.0014151720997274768,0.003469288337966508,0.004884460264822508
132.0,0.004905739939825052,0.0014171181139473773,0.00348862154640212,0.004905739591200906
132.5,0.004927016457041945,0.00141905203292625,0.003507964343442339,0.004927016336031911
133.0,0.004948292614109927,0.0014209745827242991,0.00352731783546462,0.004948292343277946
133.5,0.004969565529837709,0.001422885653856256,0.0035466798097140532,0.004969565400184102
134.0,0.004990839886161136,0.0014247861740657156,0.003566053216530519,0.004990839563467711
134.5,0.005012113882335651,0.001426676569768988,0.0035854373183290458,0.005012113726751322
135.0,0.0050333871582123445,0.0014285566392826835,0.0036048302711472104,0.005033386783657477
135.5,0.0050546618746846825,0.0014304271778155975,0.003624234656532407,0.005054661684526058
136.0,0.00507593659115702,0.0014322883755263551,0.003643647892937241,0.0050759362166021525
136.5,0.005097211667778268,0.0014341406588312666,0.0036630707179466817,0.005097211486263217
137.0,0.005118382301215319,0.0014359843273742266,0.0036823976569100502,0.005118382018858572
137.5,0.005139438767447572,0.0014378198594329887,0.0037016187524302542,0.0051394385945760955
138.0,0.005160495593828737,0.001439647969542992,0.003720847223800156,0.005160495170293618
138.5,0.005181554941252279,0.0014414694125763545,0.003740085283774665,0.00518155469635102
139.0,0.005202615369122554,0.001443283808215826,0.003759331088391357,0.005202614959993392
139.5,0.005223678678184117,0.0014450918421849328,0.003778586850405141,0.005223678542768127
140.0,0.005244743787990236,0.001446893998523812,0.003797849619476138,0.005244743600712802
140.5,0.0052658124992854645,0.001448690778559747,0.003817121608359257,0.005265812346582326
141.0,0.0052868855323676255,0.0014504824761742497,0.003836402817054499,0.005286885149169185
141.5,0.005307965048130185,0.001452269212377354,0.0038556958271092575,0.0053079649588132554
142.0,0.0053289228335608166,0.0014540518284769162,0.0038748708235688493,0.0053289226981448265
142.5,0.005349806428315776,0.0014558307595328207,0.003893975380663827,0.005349806310186934
143.0,0.005370696505751134,0.0014576063570504048,0.0039130902639483815,0.005370696191701284
143.5,0.00539159630720709,0.0014593787449208937,0.003932217317384937,0.005391596030612727
144.0,0.005412504031939089,0.0014611488652938388,0.00395135469701107,0.005412503614166352
144.5,0.005433421840840596,0.001462916738337579,0.0039705046155816895,0.0054334215239095545
145.0,0.005454349733911612,0.0014646830872311277,0.003989666335511825,0.005454349391049849
145.5,0.005475287711152137,0.0014664480128161802,0.004008839488008993,0.0054752875843797205
146.0,0.005496236853008904,0.0014682119299842817,0.004028024441865678,0.005496236472691654
146.5,0.005517196799333002,0.0014699756397066105,0.0040472208282893935,0.005517196424778135
147.0,0.0055381664696776975,0.0014717390353790889,0.004066427172110201,0.005538166334261707
147.5,0.0055591498256810125,0.0014735031138939025,0.004085646423667981,0.005559149520274736
148.0,0.00558014470644948,0.0014752678838946254,0.0041048767390003075,0.0055801445076472805
148.5,0.0056011529127276555,0.0014770338034906722,0.00412411885569215,0.005601152771549283
149.0,0.005622173364068807,0.0014788011463952155,0.00414337203615854,0.0056221732056032855
149.5,0.00564320534017511,0.001480570702054668,0.0041626344364370516,0.00564320507222432
150.0,0.0056642531628334995,0.0014823425237710688,0.00418191011324502,0.005664252796922205
150.5,0.005685313230554863,0.0014841171748173146,0.004201195747450081,0.005685313060564577
151.0,0.005706387344083757,0.0014858950988968639,0.004220491707844718,0.005706386969528889
151.5,0.005727473702675626,0.0014876766806487536,0.0042397968880514775,0.005727473417437689
152.0,0.005748578068713047,0.0014894621505682868,0.004259115713580178,0.005748577936178248
152.5,0.005770198888288884,0.00149125208849521,0.004278946791870398,0.005770198764397659
153.0,0.005792000502618058,0.0014930471477396484,0.0042989530465909415,0.005792000300934668
153.5,0.005813823725881894,0.0014948475508736285,0.004318975896973306,0.005813823596228286
154.0,0.005835666757335835,0.0014966535089444124,0.004339012761470096,0.005835666437523603
154.5,0.005857529957128796,0.0014984637603503645,0.004359065852836221,0.005857529562405589
155.0,0.005879409363622752,0.0015002765110096847,0.004379132220731803,0.005879408914156911
155.5,0.005901309298604637,0.0015020918657257063,0.004399217028251629,0.005901308918287386
156.0,0.005922292654607951,0.0015029762544145342,0.004419316218678366,0.0059222924730929
156.5,0.0059424055306933074,0.0015029762544145342,0.004439429054427044,0.005942405308841579
157.0,0.0059625346134796605,0.0015029762544145342,0.004459558117045058,0.0059625343714595925
157.5,0.005982677381924632,0.0015029762544145342,0.004479700824985012,0.0059826770793995464
158.0,0.0060028363570706,0.0015029762544145342,0.004499859759794302,0.0060028360142088365
158.5,0.0060230100983219206,0.0015029762544145342,0.004520033446302988,0.006023009700717522
159.0,0.006043197885380771,0.0015029762544145342,0.0045402211469261,0.0060431974013406345
159.5,0.006063398637800419,0.0015029762544145342,0.004560421755286184,0.006063398009700718
160.0,0.006083613796176507,0.0015029762544145342,0.004580637115345662,0.006083613369760196
160.5,0.006103843360509037,0.0015029762544145342,0.004600866858312052,0.006103843112726586
161.0,0.00612421050172558,0.0015029762544145342,0.004621233792082823,0.006124210046497357
161.5,0.006148913115533097,0.0015029762544145342,0.004645936250306009,0.0061489125047205434
162.0,0.006173620771425368,0.0015029762544145342,0.004670643871623985,0.006173620126038519
162.5,0.006198339952082793,0.0015029762544145342,0.004695363294301478,0.0061983395487160125
163.0,0.006223064174824971,0.0015029762544145342,0.004720087880073759,0.006223064134488293
163.5,0.006247796320843192,0.0015029762544145342,0.004744819841695737,0.0062477960961102716
164.0,0.006272539271328745,0.0015029762544145342,0.004769562867092263,0.006272539121506797
164.5,0.006297288704494695,0.0015029762544145342,0.004794311793168547,0.006297288047583081
165.0,0.006321876790948505,0.0015029762544145342,0.004818899925721418,0.006321876180135952
165.5,0.006346449030850229,0.0015029762544145342,0.004843472568989922,0.006346448823404456
166.0,0.00637103063462364,0.0015029762544145342,0.004868054063278064,0.0063710303176925985
166.5,0.00639558414678199,0.0015029762544145342,0.004892607529337354,0.006395583783751888
167.0,0.0064199827949085984,0.0015029762544145342,0.0049170061025529885,0.006419982356967523
167.5,0.006444390806906893,0.0015029762544145342,0.00494141426437323,0.006444390518787764
168.0,0.00646880674218123,0.0015029762544145342,0.004965830539628139,0.006468806794042673
168.5,0.0064932313210294326,0.0015029762544145342,0.0049902549283177165,0.006493231182732251
169.0,0.006517665263749322,0.0015029762544145342,0.005014688905611901,0.006517665160026435
169.5,0.006542108570340897,0.0015029762544145342,0.005039131733925723,0.006542107988340257
170.0,0.006566559079910693,0.0015029762544145342,0.005063582675674212,0.006566558930088747
170.5,0.006591018233054354,0.0015029762544145342,0.005088041730857369,0.006591017985271903
171.0,0.006615485309474057,0.0015029762544145342,0.005112508899475194,0.006615485153889728
171.5,0.006639961029467626,0.0015029762544145342,0.005136984181527686,0.00663996043594222
172.0,0.006664445393035059,0.0015029762544145342,0.005161469052184786,0.00666444530659932
172.5,0.006688939840772,0.0015029762544145342,0.005185963511446493,0.006688939765861027
173.0,0.006713437889998053,0.0015029762544145342,0.005210461658633049,0.006713437913047583
173.5,0.0067379467436914356,0.0015029762544145342,0.005234970132009182,0.006737946386423716
174.0,0.006762464240958684,0.0015029762544145342,0.005259487456404952,0.006762463710819486
174.5,0.0067869903817997955,0.0015029762544145342,0.00528401363182036,0.006786989886234894
175.0,0.006811521564725663,0.0015029762544145342,0.0053085449703305565,0.006811521224745091
175.5,0.006836062831821039,0.0015029762544145342,0.00533308589744536,0.006836062151859894
176.0,0.0068606120221924565,0.0015029762544145342,0.005357635675579801,0.006860611929994335
176.5,0.006885167695244274,0.0015029762544145342,0.005382191354394001,0.006885167608808535
177.0,0.006909733452465599,0.0015029762544145342,0.005406756621812807,0.006909732876227342
177.5,0.0069343064126651454,0.0015029762544145342,0.005431330002666281,0.006934306257080815
178.0,0.006958889457034201,0.0015029762544145342,0.005455912972124363,0.006958889226538897
178.5,0.006983482585572764,0.0015029762544145342,0.005480506267772022,0.006983482522186556
179.0,0.007008085077983015,0.0015029762544145342,0.005505108414439318,0.007008084668853852
179.5,0.007032698374860596,0.0015029762544145342,0.00552972162488116,0.0070326978792956945
180.0,0.007057321755907687,0.0015029762544145342,0.005554345161512581,0.007057321415927115
180.5,0.00708195306023082,0.0015029762544145342,0.005578976811578668,0.007081953065993202
181.0,0.007106594448723462,0.0015029762544145342,0.005603618050249363,0.007106594304663897
181.5,0.007131245921385612,0.0015029762544145342,0.005628269615109635,0.007131245869524169
182.0,0.007155907478217272,0.0015029762544145342,0.005652930768574514,0.007155907022989049
182.5,0.0071805747974315074,0.0015029762544145342,0.0056775985603041215,0.007180574814718656
183.0,0.007205256522602185,0.0015029762544145342,0.005702279628563185,0.007205255882977719
183.5,0.007229946171048905,0.0015029762544145342,0.005726969547841886,0.00722994580225642
184.0,0.0072546451833673115,0.0015029762544145342,0.005751668318140224,0.007254644572554758
184.5,0.0072793535595574044,0.0015029762544145342,0.0057763766770431695,0.007279352931457704
185.0,0.0073040698590235405,0.0015029762544145342,0.005801093149380783,0.007304069403795317
185.5,0.007328795522361363,0.0015029762544145342,0.005825819210323003,0.0073287954647375374
186.0,0.007353530549570873,0.0015029762544145342,0.005850554122284862,0.007353530376699396
186.5,0.007378275660949891,0.0015029762544145342,0.005875299360436297,0.007378275614850831
187.0,0.0074030301362005965,0.0015029762544145342,0.005900053449607369,0.0074030297040219035
187.5,0.007427792534727345,0.0015029762544145342,0.005924815652213109,0.007427791906627643
188.0,0.007452563576827957,0.0015029762544145342,0.005949586705838487,0.0074525629602530214
188.5,0.007477343262502434,0.0015029762544145342,0.005974366610483502,0.0074773428648980365
189.0,0.0075021315917507755,0.0015029762544145342,0.005999154628563185,0.007502130882977719
189.5,0.0075269285645729826,0.0015029762544145342,0.006023952235247475,0.007526928489662009
190.0,0.007551737062160342,0.0015029762544145342,0.006048760168121342,0.007551736422535876
190.5,0.007576555643917211,0.0015029762544145342,0.006073579164769756,0.00757655541918429
191.0,0.007601385750439232,0.0015029762544145342,0.006098409225192717,0.007601385479607251
191.5,0.007626225941130762,0.0015029762544145342,0.006123249611805254,0.007626225866219788
192.0,0.007651076936289623,0.0015029762544145342,0.006148100324607369,0.007651076579021903
192.5,0.007675939456213637,0.0015029762544145342,0.006172962838769,0.007675939093183534
193.0,0.007700809899413694,0.0015029762544145342,0.0061978334663652995,0.007700809720779834
193.5,0.007725683223805038,0.0015029762544145342,0.006222706306716508,0.007725682561131042
194.0,0.007750346221232342,0.0015029762544145342,0.006247369672936297,0.007750345927350831
194.5,0.007775018582531333,0.0015029762544145342,0.006272041890175723,0.007775018144590257
195.0,0.007799703188893298,0.0015029762544145342,0.006296726646359635,0.007799702900774169
195.5,0.00782439715912695,0.0015029762544145342,0.006321420253563185,0.00782439650797772
196.0,0.007849099052636645,0.0015029762544145342,0.006346122711786372,0.007849098966200906
196.5,0.007873813911507137,0.0015029762544145342,0.006370836971369076,0.007873813225783611
197.0,0.007898536693653672,0.0015029762544145342,0.006395560081971417,0.007898536336385951
197.5,0.0079231384657661,0.0015029762544145342,0.006420161491053743,0.007923137745468278
198.0,0.007947632913503042,0.0015029762544145342,0.006444655950315451,0.007947632204729984
198.5,0.007972130962729094,0.0015029762544145342,0.006469154097502007,0.00797213035191654
199.0,0.007996639816422476,0.0015029762544145342,0.0064936633084631094,0.007996639562877644
199.5,0.008021156593391903,0.0015029762544145342,0.0065181798952739095,0.008021156149688444
200.0,0.008045680573339549,0.0015029762544145342,0.006542703857934409,0.008045680112348942
200.5,0.008070215357754526,0.0015029762544145342,0.006567238884369454,0.008070215138783988
201.0,0.008094755184254258,0.0015029762544145342,0.006591778336314318,0.008094754590728852
201.5,0.008119306535519143,0.0015029762544145342,0.006616329589618698,0.008119305844033232
202.0,0.008143866530357891,0.0015029762544145342,0.006640889693942716,0.00814386594835725
202.5,0.008168435889068328,0.0015029762544145342,0.006665459386871342,0.008168435641285877
203.0,0.008193016052246094,0.0015029762544145342,0.006690039405989544,0.008193015660404078
203.5,0.008217604138699904,0.0015029762544145342,0.006714627538542415,0.008217603792956949
204.0,0.008242206631110154,0.0015029762544145342,0.00673922968520971,0.008242205939624245
204.5,0.008266813445307337,0.0015029762544145342,0.006763836994971795,0.008266813249386329
205.0,0.008291434665460961,0.0015029762544145342,0.006788458318848306,0.00829143457326284
205.5,0.008316451329118896,0.0015029762544145342,0.006813474988268623,0.008316451242683157
206.0,0.00834781381658917,0.0015029762544145342,0.006844837101184031,0.008347813355598565
206.5,0.008379177744655091,0.0015029762544145342,0.006876201426854348,0.008379177681268881
207.0,0.008410545994507941,0.0015029762544145342,0.006907569440449514,0.008410545694864048
207.5,0.008441913524062972,0.0015029762544145342,0.006938936716459711,0.008441912970874245
208.0,0.008473281773915825,0.0015029762544145342,0.0069703054676398465,0.00847328172205438
208.5,0.008504654345555609,0.0015029762544145342,0.0070016779067448316,0.008504654161159366
209.0,0.008536028357791036,0.0015029762544145342,0.007033051821019756,0.00853602807543429
209.5,0.008567402370026464,0.0015029762544145342,0.00706442573529468,0.008567401989709214
210.0,0.008598779983751003,0.0015029762544145342,0.007095803337494454,0.008598779591908988
210.5,0.008630154716284253,0.0015029762544145342,0.007127177989354348,0.008630154243768883
211.0,0.008661532330008792,0.0015029762544145342,0.007158555591554121,0.008661531845968656
211.5,0.008692910664031153,0.0015029762544145342,0.0071899339313388645,0.008692910185753399
212.0,0.008724294040138268,0.0015029762544145342,0.007221317434218396,0.008724293688632931
212.5,0.008755675255351916,0.0015029762544145342,0.007252698724343019,0.008755674978757552
213.0,0.008787055750267744,0.0015029762544145342,0.007284079276882671,0.008787055531297206
213.5,0.00881843984667268,0.0015029762544145342,0.007315463517347172,0.008818439771761707
214.0,0.00884982826486455,0.0015029762544145342,0.007346851445736523,0.008849827700151058
214.5,0.008881217403354241,0.0015029762544145342,0.007378240849295813,0.008881217103710348
215.0,0.008912613024524332,0.0015029762544145342,0.007409636153534862,0.008912612407949395
215.5,0.008944007205098777,0.0015029762544145342,0.00744103072018894,0.008944006974603475
216.0,0.008975411469842732,0.0015029762544145342,0.007472434875447626,0.00897541112986216
216.5,0.009006818615777975,0.0015029762544145342,0.007503841981046191,0.009006818235460725
217.0,0.009038229363202328,0.0015029762544145342,0.007535252774569605,0.00903822902898414
217.5,0.00906964299181797,0.0015029762544145342,0.007566666518432898,0.009069642772847431
218.0,0.009101062382816189,0.0015029762544145342,0.0075980854253909795,0.009101061679805513
218.5,0.009132485375303517,0.0015029762544145342,0.00762950875785888,0.009132485012273414
219.0,0.0091639134098756,0.0015029762544145342,0.007660936515836598,0.009163912770251133
219.5,0.009195342164745504,0.0015029762544145342,0.007692365748984257,0.009195342003398792
220.0,0.00922677812259363,0.0015029762544145342,0.007723801620396644,0.009226777874811179
220.5,0.009258219842824331,0.0015029762544145342,0.007755243392488789,0.009258219646903322
221.0,0.009289663003650677,0.0015029762544145342,0.007786686639750874,0.009289662894165407
221.5,0.009321109765966134,0.0015029762544145342,0.007818132837352837,0.00932110909176737
222.0,0.009352560129770699,0.0015029762544145342,0.00784958346046462,0.009352559714879154
222.5,0.00938401553566002,0.0015029762544145342,0.007881038509086221,0.009384014763500755
223.0,0.009415473102442808,0.0015029762544145342,0.007912496508047701,0.009415472762462235
223.5,0.009446937151905994,0.0015029762544145342,0.00794396040768894,0.009446936662103474
224.0,0.009478401921667,0.0015029762544145342,0.00797542504491515,0.009478401299329683
224.5,0.009509872453810585,0.0015029762544145342,0.008006895582821116,0.00950987183723565
225.0,0.009541345146847636,0.0015029762544145342,0.008038368333481991,0.009541344587896525
225.5,0.009573642580890943,0.0015029762544145342,0.008070665704139092,0.009573641958553626
226.0,0.009606729461347229,0.0015029762544145342,0.008103753028298834,0.009606729282713368
226.5,0.00963964707181533,0.0015029762544145342,0.008136670707915527,0.009639646962330061
227.0,0.009672471043566562,0.0015029762544145342,0.008169493976656086,0.00967247023107062
227.5,0.00970530654008295,0.0015029762544145342,0.00820232978434113,0.009705306038755664
228.0,0.009738151400471021,0.0015029762544145342,0.008235174443045813,0.009738150697460347
228.5,0.009771009946517714,0.0015029762544145342,0.008268033115864923,0.009771009370279457
229.0,0.009803877856436093,0.0015029762544145342,0.008300901377288637,0.009803877631703171
229.5,0.009836758011417446,0.0015029762544145342,0.008333781440071871,0.009836757694486406
230.0,0.009869648250568309,0.0015029762544145342,0.008366671829044681,0.009869648083459215
230.5,0.009902550734782146,0.0015029762544145342,0.008399574019377007,0.009902550273791541
231.0,0.009935461862569848,0.0015029762544145342,0.00843248506072897,0.009935461315143505
231.5,0.009968386676016171,0.0015029762544145342,0.00846541011619536,0.009968386370609894
232.0,0.010001321573632002,0.0015029762544145342,0.008498344760266357,0.01000132101468089
232.5,0.010034267996012985,0.0015029762544145342,0.008531291205696871,0.010034267460111405
233.0,0.010067223061967832,0.0015029762544145342,0.008564246502147021,0.010067222756561555
233.5,0.010100188212092189,0.0015029762544145342,0.00859721138720178,0.010100187641616314
234.0,0.010133164886981698,0.0015029762544145342,0.008630188073616055,0.010133164328030589
234.5,0.010166150205445073,0.0015029762544145342,0.008663173611049967,0.010166149865464501
235.0,0.010199147768971423,0.0015029762544145342,0.008696170949843396,0.01019914720425793
235.5,0.010232156857262925,0.0015029762544145342,0.008729180089996342,0.010232156344410876
236.0,0.010265172428234826,0.0015029762544145342,0.008762195868414016,0.01026517212282855
236.5,0.010298200244269702,0.0015029762544145342,0.008795223448191206,0.01029819970260574
237.0,0.010331237424176265,0.0015029762544145342,0.008828260616573004,0.010331236870987538
237.5,0.010364286128847981,0.0015029762544145342,0.008861309586314318,0.010364285840728852
238.0,0.01039734995977396,0.0015029762544145342,0.008894373307755027,0.010397349562169561
238.5,0.010430423874869447,0.0015029762544145342,0.008927447355385315,0.010430423609799849
239.0,0.010463511475623554,0.0015029762544145342,0.008960534679545058,0.010463510933959592
239.5,0.01049660916054717,0.0015029762544145342,0.008993632329894379,0.010496608584308913
240.0,0.010529719810831582,0.0015029762544145342,0.009026743256773155,0.01052971951118769
240.5,0.010562843426476792,0.0015029762544145342,0.009059866722596418,0.010562842977010952
241.0,0.010595980727780622,0.0015029762544145342,0.009093004202534106,0.01059598045694864
241.5,0.010629129553849603,0.0015029762544145342,0.009126152746246343,0.010629129000660877
242.0,0.010662288464088095,0.0015029762544145342,0.009159311616148155,0.010662287870562689
242.5,0.010695464661474315,0.0015029762544145342,0.009192488188089242,0.010695464442503777
243.0,0.0107286495024344,0.0015029762544145342,0.009225672873464997,0.010728649127879531
243.5,0.010761844427563992,0.0015029762544145342,0.009258867885030329,0.010761844139444863
244.0,0.010795053758650027,0.0015029762544145342,0.009292076910710089,0.010795053165124623
244.5,0.010828273173905572,0.0015029762544145342,0.009325296262579424,0.010828272516993958
245.0,0.010861506274819735,0.0015029762544145342,0.009358529628563185,0.01086150588297772
245.5,0.01089475090049905,0.0015029762544145342,0.009391774058321494,0.010894750312736028
246.0,0.010928003449454408,0.0015029762544145342,0.009425026601514468,0.010928002855929002
246.5,0.01096126752317492,0.0015029762544145342,0.009458290946066962,0.010961267200481496
247.0,0.010994548163745338,0.0015029762544145342,0.009491571517488789,0.010994547771903323
247.5,0.011027839608783088,0.0015029762544145342,0.009524863152685163,0.011027839407099697
248.0,0.011061139697394702,0.0015029762544145342,0.009558162901316206,0.01106113915573074
248.5,0.011094450590473648,0.0015029762544145342,0.009591473713721795,0.011094449968136329
249.0,0.011127773728615568,0.0015029762544145342,0.00962479706507187,0.011127773319486405
249.5,0.011161113433607395,0.0015029762544145342,0.00965813664329128,0.011161112897705815
250.0,0.011194459621279622,0.0015029762544145342,0.00969148285977542,0.011194459114189955
250.5,0.011227821655503933,0.0015029762544145342,0.009724844565543926,0.01122782081995846
251.0,0.011261198095684686,0.0015029762544145342,0.009758221023011826,0.01126119727742636
251.5,0.011294588221524057,0.0015029762544145342,0.00979161149459415,0.011294587749008685
252.0,0.011327992033022047,0.0015029762544145342,0.009825015242705935,0.011327991497120469
252.5,0.011361409530178657,0.0015029762544145342,0.009858433004932143,0.011361409259346677
253.0,0.011394841433291709,0.0015029762544145342,0.009891864781272778,0.011394841035687312
253.5,0.01142828414087209,0.0015029762544145342,0.009925307621387958,0.011428283875802492
254.0,0.011461742695004558,0.0015029762544145342,0.009958765950787506,0.01146174220520204
254.5,0.011495213494200001,0.0015029762544145342,0.009992236819131538,0.011495213073546073
255.0,0.011528700139947529,0.0015029762544145342,0.010025723176759937,0.011528699431174471
255.5,0.011562196869864564,0.0015029762544145342,0.010059219860577912,0.011562196114992446
256.0,0.011595705124546754,0.0015029762544145342,0.010092728345755406,0.01159570460016994
256.5,0.01162922994607885,0.0015029762544145342,0.010126253057802233,0.011629229312216768
257.0,0.011662767012673922,0.0015029762544145342,0.010159790308793548,0.011662766563208082
257.5,0.01169631632433197,0.0015029762544145342,0.010193339361144377,0.011696315615558912
258.0,0.011729630098602202,0.0015029762544145342,0.010226653123889847,0.011729629378304381
258.5,0.011762867521303297,0.0015029762544145342,0.010259890915383426,0.01176286716979796
259.0,0.01179611790936519,0.0015029762544145342,0.010293141245821494,0.011796117500236028
259.5,0.011829381983085701,0.0015029762544145342,0.010326404852789016,0.01182938110720355
260.0,0.011862656140975722,0.0015029762544145342,0.010359679523531085,0.011862655777945619
260.5,0.011895942543928718,0.0015029762544145342,0.01039296599563267,0.011895942250047205
261.0,0.011929239751349043,0.0015029762544145342,0.010426262793923835,0.01192923904833837
261.5,0.0119625477632367,0.0015029762544145342,0.010459570655989544,0.011962546910404078
262.0,0.011995865859293865,0.0015029762544145342,0.01049288884424483,0.011995865098659365
262.5,0.012029200522200939,0.0015029762544145342,0.010526223996954423,0.012029200251368957
263.0,0.012062545269277521,0.0015029762544145342,0.010559568738268623,0.012062544992683158
263.5,0.01209589938022579,0.0015029762544145342,0.01059292306818743,0.012095899322601964
264.0,0.012129269337726144,0.0015029762544145342,0.010626292149805632,0.012129268404220166
264.5,0.012162647938800362,0.0015029762544145342,0.010659670820028442,0.012162647074442976
265.0,0.012196040945831023,0.0015029762544145342,0.010693064241950647,0.012196040496365182
265.5,0.012229448358818123,0.0015029762544145342,0.010726470940402308,0.012229447194816842
266.0,0.012262862974783444,0.0015029762544145342,0.010759886489873608,0.012262862744288143
266.5,0.012296290556109564,0.0015029762544145342,0.010793313103119455,0.012296289357533989
267.0,0.012329745508752921,0.0015029762544145342,0.01082676921976409,0.012329745474178625
267.5,0.012369210626423538,0.0015029762544145342,0.010866233703572627,0.012369209957987161
268.0,0.01240989448800908,0.0015029762544145342,0.01090691741533622,0.012409893669750755
268.5,0.012450589874359777,0.0015029762544145342,0.010947612928459333,0.012450589182873867
269.0,0.012491285260710472,0.0015029762544145342,0.010988308441582445,0.012491284695996979
269.5,0.012531990731230675,0.0015029762544145342,0.011029014280895134,0.012531990535309668
270.0,0.0125727034047291,0.0015029762544145342,0.01106972602088758,0.012572702275302114
270.5,0.0126134218406101,0.0015029762544145342,0.011110445136729725,0.012613421391144259
271.0,0.012654151801256255,0.0015029762544145342,0.011151174578761448,0.012654150833175982
271.5,0.012694884643093696,0.0015029762544145342,0.011191908446302988,0.012694884700717522
272.0,0.01273563189088758,0.0015029762544145342,0.011232655590373985,0.01273563184478852
272.5,0.012776387782255328,0.0015029762544145342,0.01127341158546462,0.012776387839879154
273.0,0.012817153757792585,0.0015029762544145342,0.011314176431574893,0.012817152685989427
273.5,0.012857928376903707,0.0015029762544145342,0.01135495160387474,0.012857927858289275
274.0,0.012898715961375625,0.0015029762544145342,0.011395738577534106,0.01289871483194864
274.5,0.012939510748825765,0.0015029762544145342,0.01143653440221311,0.012939510656627644
275.0,0.012980317061041058,0.0015029762544145342,0.011477340553081689,0.012980316807496223
275.5,0.013021132016830214,0.0015029762544145342,0.011518155554969907,0.013021131809384441
276.0,0.013061955616193235,0.0015029762544145342,0.011558979407877762,0.013061955662292296
276.5,0.01310279074032141,0.0015029762544145342,0.011599813586975195,0.013102789841389729
277.0,0.013143633067427805,0.0015029762544145342,0.011640656617092264,0.013143632871506798
277.5,0.013184484038108065,0.0015029762544145342,0.011681507023059031,0.013184483277473565
278.0,0.013225349414744765,0.0015029762544145342,0.011722372180725193,0.013225348435139728
278.5,0.013266224875550976,0.0015029762544145342,0.011763247664580935,0.013266223918995469
279.0,0.013307108979931051,0.0015029762544145342,0.011804131999456312,0.013307108253870846
279.5,0.01334800172788499,0.0015029762544145342,0.011845025185351327,0.01334800143976586
280.0,0.013388906000604082,0.0015029762544145342,0.011885928697435919,0.013388904951850453
280.5,0.013429820357492683,0.0015029762544145342,0.011926844010880028,0.013429820265294563
281.0,0.013470752001529014,0.0015029762544145342,0.011967775551193471,0.013470751805608005
281.5,0.013511690848543565,0.0015029762544145342,0.012008714467356614,0.013511690721771148
282.0,0.013552649863897133,0.0015029762544145342,0.012049672560728971,0.013552648815143505
282.5,0.013593614641633278,0.0015029762544145342,0.012090638029951025,0.01359361428436556
283.0,0.013634588062943289,0.0015029762544145342,0.012131610875022777,0.013634587129437312
283.5,0.013675580211996672,0.0015029762544145342,0.012172602897303745,0.013675579151718279
284.0,0.013716579564028277,0.0015029762544145342,0.012213602295434408,0.013716578549848943
284.5,0.013757593322016322,0.0015029762544145342,0.012254616445264469,0.013757592699679003
285.0,0.01379861572357823,0.0015029762544145342,0.012295639446114167,0.013798615700528701
285.5,0.013839653971692227,0.0015029762544145342,0.01233667719866326,0.013839653453077794
286.0,0.01388070230397573,0.0015029762544145342,0.01237772527740193,0.013880701531816465
286.5,0.013921763601620032,0.0015029762544145342,0.012418786632670058,0.013921762887084592
287.0,0.013962834983433842,0.0015029762544145342,0.012459858314127763,0.013962834568542297
287.5,0.014003922211799736,0.0015029762544145342,0.012500944747284862,0.014003921001699397
288.0,0.014045015202548208,0.0015029762544145342,0.012542038556291659,0.014045014810706193
288.5,0.014086126921040054,0.0015029762544145342,0.012583150067337732,0.014086126321752266
289.0,0.014127250164297053,0.0015029762544145342,0.01262427337974332,0.014127249634157854
289.5,0.014168384932319204,0.0015029762544145342,0.012665408493508426,0.01416838474792296
290.0,0.014209539868680373,0.0015029762544145342,0.012706562784482747,0.014209539038897281
290.5,0.014250703448615405,0.0015029762544145342,0.012747725926476704,0.014250702180891238
291.0,0.014291887196889458,0.0015029762544145342,0.012788909720849817,0.014291885975264351
291.5,0.01433308246992866,0.0015029762544145342,0.012830105316582444,0.014333081570996978
292.0,0.014374289267733018,0.0015029762544145342,0.01287131271367459,0.014374288968089123
292.5,0.01441551191208946,0.0015029762544145342,0.012912534862466131,0.014415511116880666
293.0,0.01445675472478492,0.0015029762544145342,0.012953777663636826,0.01445675391805136
293.5,0.014497791532303272,0.0015029762544145342,0.01299481394101598,0.014497790195430514
294.0,0.014538682839661567,0.0015029762544145342,0.013035705651741055,0.01453868190615559
294.5,0.014579579909402438,0.0015029762544145342,0.013076603263145888,0.014579579517560422
295.0,0.014620495706886684,0.0015029762544145342,0.013117518576589998,0.014620494831004532
295.5,0.014661423029136082,0.0015029762544145342,0.013158445691393622,0.014661421945808157
296.0,0.01470236475734192,0.0015029762544145342,0.013199387557896644,0.014702363812311178
296.5,0.014743320891504201,0.0015029762544145342,0.013240344176099062,0.014743320430513596
297.0,0.014784292872218567,0.0015029762544145342,0.013281315546000873,0.014784291800415407
297.5,0.014826391398726633,0.0015029762544145342,0.013323413945736523,0.014826390200151057
298.0,0.014869819595014221,0.0015029762544145342,0.013366842948757672,0.014869819203172206
298.5,0.014916795978373271,0.0015029762544145342,0.013413819735483503,0.014916795989898037
299.0,0.014965627848921945,0.0015029762544145342,0.013462650810823382,0.014965627065237916
299.5,0.01501448420959657,0.0015029762544145342,0.013511506964052233,0.015014483218466768
300.0,0.015063354976227636,0.0015029762544145342,0.013560377868980482,0.015063354123395016
300.5,0.015112258876558517,0.0015029762544145342,0.0136092812276474,0.015112257482061934
301.0,0.015161180064037128,0.0015029762544145342,0.013658203763523532,0.015161180017938066
301.5,0.0152101228604504,0.0015029762544145342,0.01370714547660888,0.015210121731023414
302.0,0.015259084384607045,0.0015029762544145342,0.013756107842073382,0.015259084096487916
302.5,0.015308074720676572,0.0015029762544145342,0.013805098235766734,0.015308074490181268
303.0,0.015357080903298185,0.0015029762544145342,0.013854103381159484,0.015357079635574018
303.5,0.01540611589783268,0.0015029762544145342,0.013903139505120964,0.015406115759535498
304.0,0.015455173941897481,0.0015029762544145342,0.013952196281461599,0.015455172535876133
304.5,0.015504247832514369,0.0015029762544145342,0.014001270759841509,0.015504247014256043
305.0,0.015553347653852849,0.0015029762544145342,0.01405037031611039,0.015553346570524925
305.5,0.015602469084125992,0.0015029762544145342,0.014099491999928366,0.0156024682543429
306.0,0.01565161644512073,0.0015029762544145342,0.014148638761635315,0.01565161501604985
306.5,0.01570078253385884,0.0015029762544145342,0.014197806175721417,0.01570078243013595
307.0,0.015749971672127255,0.0015029762544145342,0.014246994242186674,0.01574997049660121
307.5,0.015799191062904196,0.0015029762544145342,0.014296214762390602,0.015799191016805134
308.0,0.015848430622020158,0.0015029762544145342,0.014345452984633805,0.015848429239048337
308.5,0.015897694671262067,0.0015029762544145342,0.01439471775993592,0.015897694014350452
309.0,0.015946988973012503,0.0015029762544145342,0.014444012038636826,0.01594698829305136
309.5,0.015996302002506315,0.0015029762544145342,0.014493325494546946,0.01599630174896148
310.0,0.01604564816569994,0.0015029762544145342,0.014542671404195738,0.01604564765861027
310.5,0.016095013056636936,0.0015029762544145342,0.014592036491053744,0.01609501274546828
311.0,0.016144405318891174,0.0015029762544145342,0.014641428130970663,0.016144404385385197
311.5,0.016193826393058292,0.0015029762544145342,0.014690849274286372,0.016193825528700908
312.0,0.01624326763556443,0.0015029762544145342,0.014740291069981237,0.01624326732439577
312.5,0.016292742011770382,0.0015029762544145342,0.01478976531941477,0.016292741573829306
313.0,0.01634223655631535,0.0015029762544145342,0.01483926022122746,0.016342236475641994
313.5,0.016391755590986268,0.0015029762544145342,0.014888778725759182,0.016391754980173714
314.0,0.016441304878165714,0.0015029762544145342,0.014938328208859635,0.01644130446327417
314.5,0.016490880096066755,0.0015029762544145342,0.01498790276984906,0.016490879024263595
315.0,0.01654047548230681,0.0015029762544145342,0.015037497983217641,0.016540474237632174
315.5,0.01659010256165104,0.0015029762544145342,0.015087125650324891,0.016590101904739425
316.0,0.016639749809334286,0.0015029762544145342,0.015136772494641357,0.01663974874905589
316.5,0.0166894287501217,0.0015029762544145342,0.015186451792696494,0.016689428047111026
317.0,0.016739130740439423,0.0015029762544145342,0.015236153218300722,0.016739129472715258
317.5,0.016788860102074383,0.0015029762544145342,0.015285882672133804,0.01678885892654834
318.0,0.016838616835026583,0.0015029762544145342,0.015335640154195737,0.01683861640861027
318.5,0.016888399498700375,0.0015029762544145342,0.015385422714146644,0.016888398968561178
319.0,0.01693821097428705,0.0015029762544145342,0.015435233302326403,0.016938209556740937
319.5,0.016988051261786607,0.0015029762544145342,0.015485074869074892,0.016988051123489428
320.0,0.017037916039412116,0.0015029762544145342,0.015534938563372475,0.01703791481778701
320.5,0.017087808188354862,0.0015029762544145342,0.015584831761068849,0.017087808015483385
321.0,0.017137727708614846,0.0015029762544145342,0.015634750036654196,0.01713772629106873
321.5,0.017187671719000777,0.0015029762544145342,0.015684694865298457,0.01718767111971299
322.0,0.017237645981895238,0.0015029762544145342,0.015734669197341507,0.01723764545175604
322.5,0.017287650497298225,0.0015029762544145342,0.01578467303278335,0.017287649287197886
323.0,0.017337679502827164,0.0015029762544145342,0.015834701946114166,0.0173376782005287
323.5,0.017387737320268982,0.0015029762544145342,0.015884760362843774,0.017387736617258308
324.0,0.01743782250902804,0.0015029762544145342,0.015934845332632293,0.017437821587046827
324.5,0.017487932187913047,0.0015029762544145342,0.015984955380309786,0.01748793163472432
325.0,0.01753807500049787,0.0015029762544145342,0.01603509788172595,0.017538074136140485
325.5,0.017588242303208643,0.0015029762544145342,0.016085265461031086,0.01758824171544562
326.0,0.017638442739619228,0.0015029762544145342,0.01613546549407489,0.017638441748489424
326.5,0.01768867486913399,0.0015029762544145342,0.01618569798085737,0.017688674235271904
327.0,0.017738940132348557,0.0015029762544145342,0.016235962921378518,0.017738939175793052
327.5,0.017789238529262945,0.0015029762544145342,0.016286261790808276,0.01778923804522281
328.0,0.017839564297494573,0.0015029762544145342,0.016336587213296946,0.01783956346771148
328.5,0.017889927521212944,0.0015029762544145342,0.016386950990204045,0.01788992724461858
329.0,0.01794031667565291,0.0015029762544145342,0.016437339845000117,0.01794031609941465
329.5,0.017990757691536064,0.0015029762544145342,0.016487780330744075,0.01799075658515861
330.0,0.018045336098109127,0.0015029762544145342,0.01654235866816855,0.018045334922583083
330.5,0.018100343802184136,0.0015029762544145342,0.016597366280045437,0.01810034253445997
331.0,0.01815538463995896,0.0015029762544145342,0.016652407820830935,0.01815538407524547
331.5,0.018210457170837954,0.0015029762544145342,0.016707480340185165,0.0182104565945997
332.0,0.018265570038394987,0.0015029762544145342,0.01676259268912776,0.018265568943542296
332.5,0.01832070883667361,0.0015029762544145342,0.016817731591129273,0.018320707845543807
333.0,0.01837589517460849,0.0015029762544145342,0.01687291769856885,0.018375893952983384
333.5,0.018431104562073676,0.0015029762544145342,0.01692812740872746,0.018431103663141993
334.0,0.01848635140502561,0.0015029762544145342,0.01698337399813456,0.018486350252549095
334.5,0.018541632822273002,0.0015029762544145342,0.01703865599162021,0.018541632246034744
335.0,0.01859694881381585,0.0015029762544145342,0.017093971914014468,0.018596948168429002
335.5,0.018652300820249806,0.0015029762544145342,0.017149323240487277,0.01865229949490181
336.0,0.018707690282170505,0.0015029762544145342,0.017204712921378516,0.01870768917579305
336.5,0.018763079744091207,0.0015029762544145342,0.017260102602269754,0.01876307885668429
337.0,0.018818199814626457,0.0015029762544145342,0.017315222327062053,0.018818198581476587
337.5,0.01887335157826588,0.0015029762544145342,0.01737037450559302,0.018873350760007554
338.0,0.018928540797392045,0.0015029762544145342,0.017425563563372475,0.01892853981778701
338.5,0.018983774674983182,0.0015029762544145342,0.017480796876250117,0.01898377313066465
339.0,0.019039034483295914,0.0015029762544145342,0.017536056742186674,0.01903903299660121
339.5,0.019094328865904103,0.0015029762544145342,0.01759135201220178,0.019094328266616313
340.0,0.019149659263403396,0.0015029762544145342,0.017646682686295434,0.019149658940709968
340.5,0.01920502855698508,0.0015029762544145342,0.01770205171480752,0.019205027969222053
341.0,0.01926043962784044,0.0015029762544145342,0.01775746204807791,0.019260438302492446
341.5,0.019315883832395617,0.0015029762544145342,0.017812906310256917,0.01931588256467145
342.0,0.019371362611246255,0.0015029762544145342,0.01786838597651447,0.019371362230929005
342.5,0.01942688028617928,0.0015029762544145342,0.017923902522020512,0.019426878776435046
343.0,0.0194824368571947,0.0015029762544145342,0.017979460372284862,0.019482436626699396
343.5,0.019538033764888153,0.0015029762544145342,0.01803505657696764,0.019538032831382175
344.0,0.019593668128068353,0.0015029762544145342,0.01809069113606885,0.019593667390483384
344.5,0.019649337065544014,0.0015029762544145342,0.018146359624078668,0.019649335878493202
345.0,0.01970504345850642,0.0015029762544145342,0.018202066466506916,0.01970504272092145
345.5,0.019760788747551217,0.0015029762544145342,0.018257811663353593,0.019760787917768127
346.0,0.01981657005148712,0.0015029762544145342,0.018313592264278818,0.019816568518693352
346.5,0.019872398895079274,0.0015029762544145342,0.018369421545812052,0.019872397800226586
347.0,0.01992906616533631,0.0015029762544145342,0.018426088723870963,0.019929064978285498
347.5,0.019987848229998908,0.0015029762544145342,0.01848487129562323,0.019987847550037765
348.0,0.02004667351253083,0.0015029762544145342,0.018543696647303744,0.020046672901718278
348.5,0.020105546334719008,0.0015029762544145342,0.018602569204422322,0.020105545458836856
349.0,0.02016447966192424,0.0015029762544145342,0.018661502243508425,0.02016447849792296
349.5,0.020225480243878782,0.0015029762544145342,0.018722503470849815,0.02022547972526435
350.0,0.02028803666912897,0.0015029762544145342,0.01878505952730752,0.020288035781722055
350.5,0.02035064207463106,0.0015029762544145342,0.01884766426437323,0.020350640518787766
351.0,0.02041329646038505,0.0015029762544145342,0.018910319157216887,0.02041329541163142
351.5,0.02047599694519965,0.0015029762544145342,0.018973019780328667,0.0204759960347432
352.0,0.020538756494435657,0.0015029762544145342,0.019035779410238034,0.020538755664652568
352.5,0.020601559261540992,0.0015029762544145342,0.019098581820075646,0.02060155807449018
353.0,0.02066441244949387,0.0015029762544145342,0.019161435860861147,0.02066441211527568
353.5,0.020727317498889935,0.0015029762544145342,0.01922434005742459,0.020727316311839123
354.0,0.020790272969133543,0.0015029762544145342,0.01928729588493592,0.020790272139350453
354.5,0.020853284622607274,0.0015029762544145342,0.01935030776890495,0.020853284023319485
355.0,0.02091634381573726,0.0015029762544145342,0.01941336685831205,0.020916343112726585
355.5,0.020979457751501722,0.0015029762544145342,0.019476480529006916,0.02097945678342145
356.0,0.02104261922692244,0.0015029762544145342,0.019539641405139845,0.02104261765955438
356.5,0.02110583688557328,0.0015029762544145342,0.01960285981290042,0.021105836067314955
357.0,0.021169102083880377,0.0015029762544145342,0.019666125426099062,0.021169101680513596
357.5,0.021232429227800168,0.0015029762544145342,0.019729451521265224,0.021232427775679758
358.0,0.021295803911376216,0.0015029762544145342,0.019792826297039393,0.021295802551453927
358.5,0.02135922613460852,0.0015029762544145342,0.01985624827825163,0.021359224532666164
359.0,0.0214227031004753,0.0015029762544145342,0.01991972631592157,0.021422702570336103
359.5,0.021486234808976556,0.0015029762544145342,0.019983257459709334,0.021486233714123868
360.0,0.02154982126011229,0.0015029762544145342,0.0200468446599548,0.021549820914369335
360.5,0.021613456691499923,0.0015029762544145342,0.020110479065638336,0.02161345532005287
361.0,0.021677146865522034,0.0015029762544145342,0.020174169527779576,0.02167714578219411
361.5,0.021740887460391687,0.0015029762544145342,0.02023791014569876,0.021740886400113294
362.0,0.021804685679087107,0.0015029762544145342,0.020301708295245587,0.02180468454966012
362.5,0.021868538640417,0.0015029762544145342,0.02036556102608018,0.021868537280494715
363.0,0.021932440581998797,0.0015029762544145342,0.020429463912692715,0.02193244016710725
363.5,0.021996400147406357,0.0015029762544145342,0.020493422855762958,0.021996399110177492
364.0,0.022060418777235326,0.0015029762544145342,0.020557440805630784,0.022060417060045318
364.5,0.022124480624933617,0.0015029762544145342,0.020621503010596794,0.022124479265011328
365.0,0.022188604418244606,0.0015029762544145342,0.02068562717270027,0.022188603427114803
365.5,0.022252782954190073,0.0015029762544145342,0.020749805916091508,0.022252782170506042
366.0,0.02231701479217437,0.0015029762544145342,0.020814037765600573,0.022317014020015107
366.5,0.02238130713517572,0.0015029762544145342,0.02087833009707716,0.022381306351491694
367.0,0.022445648458428974,0.0015029762544145342,0.02094267110916175,0.022445647363576283
367.5,0.02251005460848621,0.0015029762544145342,0.021007077028723682,0.022510053283138216
368.0,0.02257451406058228,0.0015029762544145342,0.021071536054403442,0.022574512308817976
368.5,0.022639029695908468,0.0015029762544145342,0.021136052611710844,0.02263902886612538
369.0,0.022703613039229933,0.0015029762544145342,0.021200635551665525,0.02270361180608006
369.5,0.022771066049074477,0.0015029762544145342,0.021268089172322625,0.02277106542673716
370.0,0.022838619900614112,0.0015029762544145342,0.021335643104535618,0.022838619358950152
370.5,0.022906238578957735,0.0015029762544145342,0.02140326194422595,0.022906238198640485
371.0,0.022973922084105338,0.0015029762544145342,0.021470944216223684,0.022973920470638218
371.5,0.023041663213078708,0.0015029762544145342,0.021538685495019,0.023041661749433534
372.0,0.023109467728260422,0.0015029762544145342,0.02160649020612172,0.023109466460536254
372.5,0.023177328426672254,0.0015029762544145342,0.021674350973682144,0.023177327228096678
373.0,0.02324525395188807,0.0015029762544145342,0.021742276648719906,0.02324525290313444
373.5,0.02331324430390787,0.0015029762544145342,0.02181026723123501,0.023313243485649546
374.0,0.023381286517370863,0.0015029762544145342,0.021878309444698003,0.023381285699112537
374.5,0.023449394998233484,0.0015029762544145342,0.021946418040808276,0.02344939429522281
375.0,0.023517566865304446,0.0015029762544145342,0.02201459006922595,0.023517566323640483
375.5,0.023585797796796815,0.0015029762544145342,0.022082821104441205,0.02358579735885574
376.0,0.023654097876880106,0.0015029762544145342,0.022151119997473684,0.023654096251888218
376.5,0.023722454140193514,0.0015029762544145342,0.022219476422133805,0.02372245267654834
377.0,0.023790870908523973,0.0015029762544145342,0.022287893328761448,0.023790869583175982
377.5,0.023859353944254067,0.0015029762544145342,0.022356376618036373,0.023859352872450907
378.0,0.0239277894403279,0.0015029762544145342,0.02242481270187323,0.023927788956287763
378.5,0.023996131297684867,0.0015029762544145342,0.022493154374833957,0.02399613062924849
379.0,0.024064536541250178,0.0015029762544145342,0.02256155948010208,0.024064535734516616
379.5,0.024133003730428183,0.0015029762544145342,0.02263002654250767,0.024133002796922206
380.0,0.02420153718700582,0.0015029762544145342,0.022698558512390603,0.024201534766805137
380.5,0.02427013547038744,0.0015029762544145342,0.022767158340090753,0.024270134594505288
381.0,0.02433879425878611,0.0015029762544145342,0.022835817174588487,0.02433879342900302
381.5,0.02440752795815828,0.0015029762544145342,0.0229045497675832,0.024407526021997736
382.0,0.024476325043738787,0.0015029762544145342,0.022973347268055253,0.024476323522469787
382.5,0.024546173764139503,0.0015029762544145342,0.023043196564694227,0.02454617281910876
383.0,0.024617347832532808,0.0015029762544145342,0.02311437056393894,0.024617346818353474
383.5,0.024688593930708318,0.0015029762544145342,0.023185616846510694,0.024688593100925228
384.0,0.024759906296283458,0.0015029762544145342,0.023256928036559786,0.02475990429097432
384.5,0.02483129357283209,0.0015029762544145342,0.023328317410615678,0.024831293665030212
385.0,0.02490275287916293,0.0015029762544145342,0.02339977464248879,0.024902750896903324
385.5,0.024974281334084688,0.0015029762544145342,0.023471302682519,0.024974278936933533
386.0,0.025045873175214783,0.0015029762544145342,0.023542895630026553,0.025045871884441087
386.5,0.025117539927318376,0.0015029762544145342,0.023614562336031084,0.025117538590445618
387.0,0.025189278709204177,0.0015029762544145342,0.023686299850192716,0.02518927610460725
387.5,0.025261092402063468,0.0015029762544145342,0.023758114073191207,0.02526109032760574
388.0,0.02533297524351368,0.0015029762544145342,0.023829999104346796,0.02533297535876133
388.5,0.025404930114746094,0.0015029762544145342,0.023901951993319605,0.02540492824773414
389.0,0.025476957015760717,0.0015029762544145342,0.023973978640789394,0.025476954895203928
389.5,0.02554905882774883,0.0015029762544145342,0.02404608199709604,0.025549058251510576
390.0,0.025621226907136578,0.0015029762544145342,0.024118250260880027,0.02562122651529456
390.5,0.025693475659880394,0.0015029762544145342,0.024190498183840753,0.025693474438255287
391.0,0.02576579068002384,0.0015029762544145342,0.0242628139646187,0.025765790219033233
391.5,0.02583818061114078,0.0015029762544145342,0.024335203503893624,0.02583817975830816
392.0,0.025910642572039923,0.0015029762544145342,0.02440766385132565,0.025910640105740183
392.5,0.025983179443912565,0.0015029762544145342,0.024480200907594528,0.025983177162009062
393.0,0.026055785464376122,0.0015029762544145342,0.024552808772020512,0.026055785026435047
393.5,0.026128472158195748,0.0015029762544145342,0.024625493345283352,0.026128469599697886
394.0,0.026201225119415007,0.0015029762544145342,0.02469824872670329,0.026201224981117825
394.5,0.026274058753990335,0.0015029762544145342,0.024771080816960087,0.02627405707137462
395.0,0.026346967299539156,0.0015029762544145342,0.024843989616053743,0.026346965870468277
395.5,0.026419968043209202,0.0015029762544145342,0.024916989875683655,0.02641996613009819
396.0,0.026496916018944133,0.0015029762544145342,0.024993937690071872,0.026496913944486406
396.5,0.026577013136757106,0.0015029762544145342,0.025074036467451023,0.026577012721865557
397.0,0.0266572024526913,0.0015029762544145342,0.025154223755026555,0.02665720000944109
397.5,0.02673748108555543,0.0015029762544145342,0.025234502503138335,0.02673747875755287
398.0,0.026817840391775632,0.0015029762544145342,0.025314863860766736,0.02681784011518127
398.5,0.026898300539690924,0.0015029762544145342,0.025395322579611145,0.02689829883402568
399.0,0.026978838479770995,0.0015029762544145342,0.025475860957632292,0.026978837212046827
399.5,0.02705947149916358,0.0015029762544145342,0.025556493746529574,0.027059470000944108
400.0,0.02714019095429481,0.0015029762544145342,0.02563721209528335,0.027140188349697884
400.5,0.02722101125112113,0.0015029762544145342,0.025718033705932897,0.02722100996034743
401.0,0.02730191222130352,0.0015029762544145342,0.02579893497575918,0.027301911230173715
401.5,0.02738290827079842,0.0015029762544145342,0.0258799306564616,0.027382906910876133
402.0,0.02746399363722326,0.0015029762544145342,0.02596101484736039,0.027463991101774925
402.5,0.02754516832057803,0.0015029762544145342,0.026042190498795435,0.02754516675320997
403.0,0.027626435202054028,0.0015029762544145342,0.026123457610766735,0.02762643386518127
403.5,0.027707794281651245,0.0015029762544145342,0.026204816183274287,0.02770779243768882
404.0,0.027789234034604537,0.0015029762544145342,0.026286257365298455,0.02778923361971299
404.5,0.027870771748061626,0.0015029762544145342,0.026367792958198757,0.02787076921261329
405.0,0.027952398778448653,0.0015029762544145342,0.026449420011635316,0.02795239626604985
405.5,0.0280341180069569,0.0015029762544145342,0.026531141475948004,0.02803411773036254
406.0,0.028115932314777662,0.0015029762544145342,0.026612954400796945,0.02811593065521148
406.5,0.02819783305833707,0.0015029762544145342,0.026694855835842263,0.028197832090256798
407.0,0.028279834643591566,0.0015029762544145342,0.026776857582443473,0.028279833836858007
407.5,0.028361919783393422,0.0015029762544145342,0.026858941938561295,0.02836191819297583
408.0,0.028444102883699078,0.0015029762544145342,0.026941126606235013,0.028444102860649547
408.5,0.028526389706891107,0.0015029762544145342,0.02702341158546462,0.028526387839879153
409.0,0.028608768728204365,0.0015029762544145342,0.027105790975570362,0.028608767229984896
409.5,0.02869222531505942,0.0015029762544145342,0.02718924723973199,0.028692223494146525
410.0,0.028775874941730787,0.0015029762544145342,0.027272898226325646,0.02877587448074018
410.5,0.028859636934862397,0.0015029762544145342,0.027356658375494832,0.028859634629909366
411.0,0.02894356891828001,0.0015029762544145342,0.027440592594716887,0.02894356884913142
411.5,0.02902778902082645,0.0015029762544145342,0.02752481004656734,0.029027786300981875
412.0,0.02911211860864184,0.0015029762544145342,0.0276091396113332,0.029112115865747735
412.5,0.02919654615696103,0.0015029762544145342,0.027693569487654952,0.029196545742069487
413.0,0.029281244537261317,0.0015029762544145342,0.027778267844905707,0.02928124409932024
413.5,0.029366138838569204,0.0015029762544145342,0.027863160924588487,0.02936613717900302
414.0,0.029451139743954753,0.0015029762544145342,0.027948163166846795,0.02945113942126133
414.5,0.029536253015800547,0.0015029762544145342,0.02803327457168063,0.029536250826095165
415.0,0.029621775416809267,0.0015029762544145342,0.02811879902409755,0.029621775278512084
415.5,0.029707410184278228,0.0015029762544145342,0.028204432639089998,0.029707408893504532
416.0,0.02979314291225099,0.0015029762544145342,0.028290166565638337,0.02979314282005287
416.5,0.029878990887875285,0.0015029762544145342,0.028376012605102082,0.029878988859516616
417.0,0.029964933942812088,0.0015029762544145342,0.02846195600578184,0.029964932260196375
417.5,0.030051196809981886,0.0015029762544145342,0.02854821804316855,0.030051194297583083
418.0,0.030137730509132776,0.0015029762544145342,0.028634751511824135,0.03013772776623867
418.5,0.030224365049978757,0.0015029762544145342,0.028721388242375495,0.03022436449679003
419.0,0.030311114838476268,0.0015029762544145342,0.028808137085842265,0.0303111133402568
419.5,0.03039797411224273,0.0015029762544145342,0.02889499509188456,0.030397971346299093
420.0,0.030484971683191028,0.0015029762544145342,0.028981994714241056,0.03048497096865559
420.5,0.030572401432832564,0.0015029762544145342,0.029069425086219906,0.03057240134063444
421.0,0.030659929142977896,0.0015029762544145342,0.029156952819414772,0.030659929073829306
421.5,0.030747566338392183,0.0015029762544145342,0.029244589715185162,0.030747565969599697
422.0,0.03083531590026671,0.0015029762544145342,0.029332338723870963,0.030835314978285497
422.5,0.030923166303836326,0.0015029762544145342,0.029420188044112658,0.030923164298527192
423.0,0.031011356687977956,0.0015029762544145342,0.02950837960378033,0.031011355858194863
423.5,0.031099789092187795,0.0015029762544145342,0.029596810140978216,0.03109978639539275
424.0,0.031188567239352222,0.0015029762544145342,0.02968558881828184,0.031188565072696375
424.5,0.031277486564889774,0.0015029762544145342,0.029774509111899664,0.0312774853663142
425.0,0.03136652401927015,0.0015029762544145342,0.029863547419112655,0.03136652367352719
425.5,0.031455740107510385,0.0015029762544145342,0.029952762746718396,0.03145573900113293
426.0,0.031545353800148404,0.0015029762544145342,0.030042376370207822,0.03154535262462236
426.5,0.031635085621629234,0.0015029762544145342,0.030132108007292414,0.03163508426170695
427.0,0.0317249326907616,0.0015029762544145342,0.030221954707632295,0.03172493096204683
427.5,0.031814906532310644,0.0015029762544145342,0.030311928272586976,0.03181490452700151
428.0,0.03190499850270251,0.0015029762544145342,0.030402019851136827,0.03190499610555136
428.5,0.03199545350319669,0.0015029762544145342,0.03049247432149181,0.031995450575906345
429.0,0.032086124593037495,0.0015029762544145342,0.030583147116997854,0.03208612337141239
429.5,0.03217693109886884,0.0015029762544145342,0.030673952677798457,0.03217692893221299
430.0,0.032267855733543,0.0015029762544145342,0.030764879202534106,0.032267855456948644
430.5,0.03235890137825127,0.0015029762544145342,0.030855923740864922,0.03235889999527946
431.0,0.032450145825158434,0.0015029762544145342,0.03094716890230752,0.03245014515672205
431.5,0.032541764826933064,0.0015029762544145342,0.031038785806574893,0.032541762060989424
432.0,0.032633501957550506,0.0015029762544145342,0.031130523674777307,0.032633499929191845
432.5,0.03272538026654108,0.0015029762544145342,0.031222403159293925,0.03272537941370846
433.0,0.032817385347948334,0.0015029762544145342,0.03131440655808546,0.0328173828125
433.5,0.0329095085581984,0.0015029762544145342,0.031406530920812054,0.03290950717522659
434.0,0.03300198327378564,0.0015029762544145342,0.031499006373984256,0.03300198262839879
434.5,0.03309467984110207,0.0015029762544145342,0.031591703102647396,0.03309467935706193
435.0,0.03318750606202647,0.0015029762544145342,0.031684529646265225,0.03318750590067976
435.5,0.033280459055367556,0.0015029762544145342,0.03177748010415797,0.033280456358572505
436.0,0.03337353593993403,0.0015029762544145342,0.03187055742666552,0.03337353368108006
436.5,0.03346680298312553,0.0015029762544145342,0.031963826521265226,0.03346680277567976
437.0,0.03356043881880193,0.0015029762544145342,0.03205746145800994,0.03356043771242447
437.5,0.03365420430808629,0.0015029762544145342,0.03215122620970933,0.033654202464123865
438.0,0.033748105213361204,0.0015029762544145342,0.03224512667704317,0.033748102931457705
438.5,0.0338421328910528,0.0015029762544145342,0.03233915400899181,0.03384213026340634
439.0,0.03393629310354365,0.0015029762544145342,0.03243331410623501,0.033936290360649546
439.5,0.0340306261875118,0.0015029762544145342,0.032527648273531086,0.03403062452794562
440.0,0.034125132142957246,0.0015029762544145342,0.03262215356054015,0.034125129814954684
440.5,0.034219776395584524,0.0015029762544145342,0.032716797513523535,0.03421977376793807
441.0,0.034314553183011055,0.0015029762544145342,0.03281157423180148,0.03431455048621601
441.5,0.034409456742854276,0.0015029762544145342,0.032906477814694225,0.03440945406910876
442.0,0.034504536055366075,0.0015029762544145342,0.03300155841797973,0.03450453467239426
442.5,0.03459998992274535,0.0015029762544145342,0.033097010764089996,0.03459998701850453
443.0,0.034695567681350015,0.0015029762544145342,0.03319258997481507,0.034695566229229605
443.5,0.034791301024284245,0.0015029762544145342,0.03328832260321386,0.0347912988576284
444.0,0.03488715825844387,0.0015029762544145342,0.03338417914588758,0.034887155400302114
444.5,0.0349831624333592,0.0015029762544145342,0.03348018320555526,0.03498315945996979
445.0,0.03507944896502077,0.0015029762544145342,0.03357647049785133,0.03507944675226586
445.5,0.03517598616032442,0.0015029762544145342,0.03367300856903713,0.03517598482345166
446.0,0.03527266453400119,0.0015029762544145342,0.03376968530619725,0.03527266156061178
446.5,0.03536948408605109,0.0015029762544145342,0.03386650661001145,0.03536948286442598
447.0,0.03546644193528282,0.0015029762544145342,0.03396346362946009,0.03546643988387462
447.5,0.03556354672527025,0.0015029762544145342,0.03406056816590269,0.03556354442031722
448.0,0.03566103471369902,0.0015029762544145342,0.034158056246529574,0.03566103250094411
448.5,0.03575866099930962,0.0015029762544145342,0.03425568299313078,0.035758659247545316
449.0,0.035856437106867214,0.0015029762544145342,0.034353460207065825,0.03585643646148036
449.5,0.03595434286803277,0.0015029762544145342,0.034451364285615675,0.03595434054003021
450.0,0.03605239845114532,0.0015029762544145342,0.03454942178183924,0.03605239803625378
450.5,0.036150704697899945,0.0015029762544145342,0.03464772710661266,0.036150703361027194
451.0,0.0362492731330618,0.0015029762544145342,0.034746295011635314,0.03624927126604985
451.5,0.03634799139017065,0.0015029762544145342,0.03484501338399181,0.036347989638406346
452.0,0.036446853706843904,0.0015029762544145342,0.03494387632300239,0.03644685257741692
452.5,0.03654586296427286,0.0015029762544145342,0.035042883828667035,0.03654586008308157
453.0,0.036645013400074936,0.0015029762544145342,0.03514203590098577,0.0366450121554003
453.5,0.03674450093525774,0.0015029762544145342,0.03524152431205072,0.036744500566465256
454.0,0.036844155579535263,0.0015029762544145342,0.03534117794214891,0.03684415419656344
454.5,0.03694396868933364,0.0015029762544145342,0.03544099089060057,0.036943967145015105
455.0,0.037043925858696425,0.0015029762544145342,0.03554094840570631,0.037043924660120846
455.5,0.03714402708762362,0.0015029762544145342,0.03564105048746613,0.037144026741880665
456.0,0.03724433576232357,0.0015029762544145342,0.03574135909301749,0.037244335347432024
456.5,0.03734493543734363,0.0015029762544145342,0.035841956831877006,0.03734493308629154
457.0,0.037445684934310684,0.0015029762544145342,0.03594270798841024,0.037445684242824774
457.5,0.037546575609650856,0.0015029762544145342,0.036043597810917795,0.03754657406533233
458.0,0.03764761322574673,0.0015029762544145342,0.0361446351504193,0.03764761140483384
458.5,0.03774881506974603,0.0015029762544145342,0.036245837708954044,0.03774881396336858
459.0,0.037850279102152565,0.0015029762544145342,0.036347299897398155,0.03785027615181269
459.5,0.0379519649862883,0.0015029762544145342,0.03644898631167308,0.03795196256608761
460.0,0.03805378916760586,0.0015029762544145342,0.036550811391922323,0.03805378764633686
460.5,0.03815576893325299,0.0015029762544145342,0.036652789889845286,0.03815576614425982
461.0,0.0382578985208471,0.0015029762544145342,0.03675492180544196,0.03825789805985649
461.5,0.038360189455153355,0.0015029762544145342,0.03685721008905223,0.038360186343466766
462.0,0.03846278579573617,0.0015029762544145342,0.036959808158349816,0.03846278441276435
462.5,0.03856612836486263,0.0015029762544145342,0.037063149713296946,0.03856612596771148
463.0,0.03866964956784897,0.0015029762544145342,0.037166671238976705,0.03866964749339124
463.5,0.03877648125962548,0.0015029762544145342,0.037273503046000876,0.03877647930041541
464.0,0.038886130756481896,0.0015029762544145342,0.03738315242760964,0.03888612868202417
464.5,0.03899601939221523,0.0015029762544145342,0.03749304078674861,0.03899601704116314
465.0,0.03910617885992966,0.0015029762544145342,0.037603200577156465,0.039106176831571
465.5,0.039216502555547525,0.0015029762544145342,0.03771352558659755,0.03921650184101209
466.0,0.03932701064740783,0.0015029762544145342,0.037824033517111146,0.03932700977152568
466.5,0.03943768584836286,0.0015029762544145342,0.03793470666665797,0.039437682921072505
467.0,0.03954853968317775,0.0015029762544145342,0.03804556273727731,0.03954853899169184
467.5,0.039659658587591164,0.0015029762544145342,0.03815668138814589,0.03965965764256042
468.0,0.039771002224925064,0.0015029762544145342,0.03826802426484528,0.039771000519259816
468.5,0.03988251297135367,0.0015029762544145342,0.03837953531091779,0.039882511565332325
469.0,0.03999420811402474,0.0015029762544145342,0.038491229278062804,0.03999420553247734
469.5,0.04010607900936438,0.0015029762544145342,0.03860310026560057,0.040106076520015105
470.0,0.04021813718213776,0.0015029762544145342,0.0387151600748906,0.04021813632930513
470.5,0.040330486355231246,0.0015029762544145342,0.03882750901748879,0.040330485271903325
471.0,0.04044301128099332,0.0015029762544145342,0.03894003203013985,0.04044300828455438
471.5,0.040555709078232687,0.0015029762544145342,0.03905273206318365,0.04055570831759819
472.0,0.04066860279647965,0.0015029762544145342,0.03916562386831961,0.04066860012273414
472.5,0.04078168379216036,0.0015029762544145342,0.039278704495207824,0.04078168074962236
473.0,0.0408949751148051,0.0015029762544145342,0.03939199754656734,0.04089497380098187
473.5,0.04100851133870934,0.0015029762544145342,0.039505532525796944,0.04100850878021148
474.0,0.041122234840047324,0.0015029762544145342,0.03961925632677882,0.04112223258119335
474.5,0.041236136975245176,0.0015029762544145342,0.03973316009849332,0.041236136352907855
475.0,0.041350226387876755,0.0015029762544145342,0.03984724679128033,0.04135022304569486
475.5,0.041464503077942076,0.0015029762544145342,0.03996152525615949,0.04146450151057402
476.0,0.04157901890688432,0.0015029762544145342,0.04007603974822897,0.04157901600264351
476.5,0.041693727775642876,0.0015029762544145342,0.040190748962730484,0.04169372521714502
477.0,0.04180863256540904,0.0015029762544145342,0.040305652899664014,0.04180862915407855
477.5,0.04192371887022635,0.0015029762544145342,0.040420739757670056,0.04192371601208459
478.0,0.04203902702677286,0.0015029762544145342,0.040536047891167035,0.04203902414558157
478.5,0.04215454262909212,0.0015029762544145342,0.040651565498795436,0.04215454175320997
479.0,0.04227025703361027,0.0015029762544145342,0.04076727782885586,0.04227025408327039
479.5,0.042386147190797,0.0015029762544145342,0.04088317012964891,0.04238614638406345
480.0,0.042502273605669376,0.0015029762544145342,0.040999295507292415,0.04250227176170695
480.5,0.042618593060358055,0.0015029762544145342,0.04111561560736794,0.042618591861782476
481.0,0.042735111317245625,0.0015029762544145342,0.04123213338021538,0.04273510963462991
481.5,0.042851813970375636,0.0015029762544145342,0.04134883702447519,0.042851813278889726
482.0,0.042968738475234844,0.0015029762544145342,0.04146575899388607,0.0429687352483006
482.5,0.04308586754467552,0.0015029762544145342,0.04158289043742837,0.0430858666918429
483.0,0.043203181010358645,0.0015029762544145342,0.04170020185170329,0.043203178106117825
483.5,0.04332069615943194,0.0015029762544145342,0.04181771683942988,0.04332069309384441
484.0,0.04343841011070413,0.0015029762544145342,0.04193543245026825,0.04343840870468278
484.5,0.04355630845821876,0.0015029762544145342,0.04205333098217912,0.04355630723659366
485.0,0.043674422895080015,0.0015029762544145342,0.04217144488890118,0.04367442114331571
485.5,0.043792733252948864,0.0015029762544145342,0.04228975351805526,0.04379272977246979
486.0,0.043911230888251454,0.0015029762544145342,0.042408253919301475,0.04391123017371601
486.5,0.04402993885051808,0.0015029762544145342,0.04252696084433924,0.044029937098753774
487.0,0.04414883985260102,0.0015029762544145342,0.04264586249180903,0.044148838746223565
487.5,0.044267945419265424,0.0015029762544145342,0.04276496771273048,0.044267943967145014
488.0,0.044387252669320004,0.0015029762544145342,0.04288427355676371,0.044387249811178246
488.5,0.04450674719680832,0.0015029762544145342,0.04300376822254921,0.04450674447696375
489.0,0.04462643188292166,0.0015029762544145342,0.04312345466042686,0.04462643091484139
489.5,0.04474631825242518,0.0015029762544145342,0.0432433387710764,0.04474631502549094
490.0,0.04486639766174501,0.0015029762544145342,0.04336342055449785,0.044866396808912384
490.5,0.04498668739802888,0.0015029762544145342,0.043483708861710844,0.04498668511612538
491.0,0.045107173055320346,0.0015029762544145342,0.04360419484169574,0.045107171096110274
491.5,0.045227845990045555,0.0015029762544145342,0.04372486669309302,0.045227842947507556
492.0,0.045348709083395784,0.0015029762544145342,0.04384573031658245,0.04534870657099698
492.5,0.04546977386013619,0.0015029762544145342,0.043966794563183656,0.04546977081759819
493.0,0.04559104608264935,0.0015029762544145342,0.04408806828391628,0.045591044538330815
493.5,0.04571345925691265,0.0015029762544145342,0.04421048083584227,0.0457134570902568
494.0,0.04583632189701691,0.0015029762544145342,0.04433334478976975,0.04583632104418429
494.5,0.04595938622051135,0.0015029762544145342,0.044456406416469155,0.04595938267088369
495.0,0.04608268680169143,0.0015029762544145342,0.04457970702069876,0.04608268327511329
495.5,0.04620618330387911,0.0015029762544145342,0.04470320529770027,0.046206181552114804
496.0,0.046329918944943704,0.0015029762544145342,0.044826939601892116,0.04632991585630665
496.5,0.046453856269398484,0.0015029762544145342,0.04495087747953562,0.046453853733950154
497.0,0.046578202723016195,0.0015029762544145342,0.04507522545442232,0.04657820170883686
497.5,0.04670709569648673,0.0015029762544145342,0.04520411695272293,0.046707093207137465
498.0,0.04683619899692132,0.0015029762544145342,0.04533322087549483,0.046836197129909364
498.5,0.04696553567385025,0.0015029762544145342,0.04546255787511719,0.04696553412953172
499.0,0.04709511148965611,0.0015029762544145342,0.045592133852269755,0.04709511010668429
499.5,0.04722479390953963,0.0015029762544145342,0.045721816041657974,0.04722479229607251
500.0,0.04735472123068265,0.0015029762544145342,0.04585174310925616,0.047354719363670694
500.5,0.047484893453085174,0.0015029762544145342,0.04598191505506432,0.047484891309478854
501.0,0.04761529617079075,0.0015029762544145342,0.04611231712738305,0.04761529338179758
501.5,0.047745940908564544,0.0015029762544145342,0.04624296112757187,0.0477459373819864
502.0,0.0478768132604501,0.0015029762544145342,0.046373835254271266,0.0478768115086858
502.5,0.04800791610763872,0.0015029762544145342,0.04650493655714136,0.04800791281155589
503.0,0.04813910539056599,0.0015029762544145342,0.04663612637020782,0.04813910262462236
503.5,0.04827046178258798,0.0015029762544145342,0.0467674843526474,0.04827046060706194
504.0,0.04840206595706075,0.0015029762544145342,0.046899090163636824,0.04840206641805136
504.5,0.048533886220880146,0.0015029762544145342,0.04703090839909755,0.048533884653512084
505.0,0.04866593698000259,0.0015029762544145342,0.04716295676106885,0.04866593301548339
505.5,0.04879822975919326,0.0015029762544145342,0.047295250001250115,0.04879822625566465
506.0,0.04893074150892183,0.0015029762544145342,0.04742776451692232,0.048930740771336856
506.5,0.04906344341727542,0.0015029762544145342,0.047560464904006915,0.04906344115842145
507.0,0.0491961971870722,0.0015029762544145342,0.04769321839720933,0.049196194651623865
507.5,0.04932919297693719,0.0015029762544145342,0.04782621381828184,0.04932919007269637
508.0,0.04946242502448782,0.0015029762544145342,0.04795944821688456,0.049462424471299095
508.5,0.04959589332972408,0.0015029762544145342,0.04809291569233773,0.04959589194675226
509.0,0.049729609417411134,0.0015029762544145342,0.04822663099634075,0.04972960725075529
509.5,0.049863590574696706,0.0015029762544145342,0.0483606118309329,0.04986358808534743
510.0,0.04999779070252018,0.0015029762544145342,0.0484948109906761,0.04999778724509064
510.5,0.050132002355108805,0.0015029762544145342,0.04862902195177882,0.05013199820619335
511.0,0.050266398403939885,0.0015029762544145342,0.048763421734633806,0.05026639798904834
511.5,0.05040104799760432,0.0015029762544145342,0.04889806934603864,0.05040104560045317
512.0,0.0505359338489544,0.0015029762544145342,0.0490329529846338,0.05053592923904834
512.5,0.05067105595799011,0.0015029762544145342,0.04916807855109906,0.05067105480551359
513.0,0.05080642008709403,0.0015029762544145342,0.04930344014475465,0.050806416399169184
513.5,0.05094202047388359,0.0015029762544145342,0.04943904366628033,0.050942019920694866
514.0,0.051077770682620136,0.0015029762544145342,0.04957479470479997,0.0510777709592145
514.5,0.05121352665373926,0.0015029762544145342,0.0497105457433196,0.051213521997734136
515.0,0.051349547694456904,0.0015029762544145342,0.04984656821310812,0.051349544467522656
515.5,0.05148580499286018,0.0015029762544145342,0.049982826710086976,0.05148580296450151
516.0,0.05162229854894909,0.0015029762544145342,0.05011932123425616,0.05162229748867069
516.5,0.05175903988748879,0.0015029762544145342,0.050256063586975194,0.05175903984138973
517.0,0.051896046295627,0.0015029762544145342,0.050393065569603594,0.05189604182401813
517.5,0.05203330048621601,0.0015029762544145342,0.0505303212814616,0.052033297535876134
518.0,0.05217054315203987,0.0015029762544145342,0.05066756519196009,0.052170541446374626
518.5,0.0523079125902804,0.0015029762544145342,0.0508049330167335,0.052307909271148034
519.0,0.052445529810971725,0.0015029762544145342,0.050942548670056764,0.0524455249244713
519.5,0.05258338905173126,0.0015029762544145342,0.05108041215192988,0.05258338840634441
520.0,0.052721594035445386,0.0015029762544145342,0.05121861787322897,0.052721594127643504
520.5,0.0528619311007128,0.0015029762544145342,0.05135895373992081,0.052861929994335345
521.0,0.05300251018604843,0.0015029762544145342,0.051499531534482744,0.05300250778889728
521.5,0.05314336010336516,0.0015029762544145342,0.05164038076031356,0.053143357014728096
522.0,0.05328406019873489,0.0015029762544145342,0.05178108246915042,0.05328405872356495
522.5,0.05342505417561603,0.0015029762544145342,0.05192207331129543,0.05342504956570997
523.0,0.05356629593494796,0.0015029762544145342,0.05206331788267006,0.053566294137084594
523.5,0.05370781428864355,0.0015029762544145342,0.052204833885313565,0.0537078101397281
524.0,0.05384960923670282,0.0015029762544145342,0.05234663312058547,0.053849609375
524.5,0.05399168077912576,0.0015029762544145342,0.05248870378712625,0.053991680041540785
525.0,0.05413402891591236,0.0015029762544145342,0.052631051785615675,0.05413402804003021
525.5,0.054276498062733075,0.0015029762544145342,0.05277351779770027,0.05427649405211481
526.0,0.0544189153481106,0.0015029762544145342,0.0529159366043468,0.05441891285876133
526.5,0.05456159194070407,0.0015029762544145342,0.05305861504090269,0.05456159129531722
527.0,0.05470454512766121,0.0015029762544145342,0.05320156490872746,0.054704541163141995
527.5,0.05484777490898202,0.0015029762544145342,0.053344798009180634,0.05484777426359517
528.0,0.054991281284666495,0.0015029762544145342,0.053488302540902685,0.05499127879531722
528.5,0.055135058492332065,0.0015029762544145342,0.05363207850389362,0.055135054758308155
529.0,0.05527911805674389,0.0015029762544145342,0.053776137699512956,0.05527911395392749
529.5,0.055423148809242824,0.0015029762544145342,0.053920167391733505,0.05542314364614804
530.0,0.0555672198984198,0.0015029762544145342,0.054064238388712355,0.05556721464312689
530.5,0.05571159063149075,0.0015029762544145342,0.05420861032035888,0.05571158657477342
531.0,0.05585781685175132,0.0015029762544145342,0.05435483506544951,0.055857811319864045
531.5,0.056006636144171305,0.0015029762544145342,0.054503656109633807,0.05600663236404834
532.0,0.056155737793337546,0.0015029762544145342,0.054652760386446494,0.05615573664086103
532.5,0.05630511603686745,0.0015029762544145342,0.05480213609452807,0.0563051123489426
533.0,0.05645478239952618,0.0015029762544145342,0.05495180093591779,0.056454777190332324
533.5,0.05660429894023791,0.0015029762544145342,0.055101318260313566,0.0566042945147281
534.0,0.05675393072860119,0.0015029762544145342,0.0552509535983045,0.056753929852719036
534.5,0.05690386216085843,0.0015029762544145342,0.05540088397028335,0.056903860224697886
535.0,0.057054058662714194,0.0015029762544145342,0.05555107987285133,0.05705405612726586
535.5,0.05720454328369878,0.0015029762544145342,0.055701564908727456,0.05720454116314199
536.0,0.057355292974281886,0.0015029762544145342,0.05585231547519272,0.05735529172960725
536.5,0.05750634230875897,0.0015029762544145342,0.05600336107564589,0.05750633733006042
537.0,0.05765766247521714,0.0015029762544145342,0.056154684008047705,0.05765766026246224
537.5,0.05780871180969423,0.0015029762544145342,0.05630573550918063,0.057808711763595165
538.0,0.05795995130279633,0.0015029762544145342,0.05645696993138607,0.0579599461858006
538.5,0.058111473152644685,0.0015029762544145342,0.05660849348689966,0.058111469741314196
539.0,0.05826326583447413,0.0015029762544145342,0.05676028847368214,0.058263264728096675
539.5,0.05841534087304982,0.0015029762544145342,0.05691236079241326,0.058415337046827796
540.0,0.05856770979313692,0.0015029762544145342,0.05706472814513229,0.058567704399546824
540.5,0.058720355307587686,0.0015029762544145342,0.057217378730479725,0.05872035498489426
541.0,0.058873306228315,0.0015029762544145342,0.05737032434981507,0.05887330060422961
541.5,0.05902592869323546,0.0015029762544145342,0.05752295133244347,0.059025927586858006
542.0,0.05917879317822413,0.0015029762544145342,0.057675814342262204,0.05917879059667674
542.5,0.05933191697042874,0.0015029762544145342,0.0578289369819903,0.05933191323640483
543.0,0.05948533464414475,0.0015029762544145342,0.05798235465570631,0.05948533091012084
543.5,0.059639046199372166,0.0015029762544145342,0.05813606736341024,0.05963904361782477
544.0,0.05979326484426631,0.0015029762544145342,0.05829028752957338,0.059793263783987916
544.5,0.05995046264095249,0.0015029762544145342,0.05844748163833471,0.05995045789274924
545.0,0.06010793126961976,0.0015029762544145342,0.05860495307904468,0.060107929333459216
545.5,0.06026513482868851,0.0015029762544145342,0.058762153088485765,0.0602651293429003
546.0,0.06042256888306033,0.0015029762544145342,0.05891958912511719,0.06042256537953172
546.5,0.06058031986847385,0.0015029762544145342,0.0590773378977758,0.06058031415219033
547.0,0.06073839354731165,0.0015029762544145342,0.059235417108500873,0.06073839336291541
547.5,0.060896807206721464,0.0015029762544145342,0.05939382675729241,0.06089680301170695
548.0,0.06105528425233962,0.0015029762544145342,0.059552307214241054,0.06105528346865559
548.5,0.061213813159400964,0.0015029762544145342,0.05971083487662776,0.061213811131042295
549.0,0.06137266475988659,0.0015029762544145342,0.059869687076401175,0.06137266333081571
549.5,0.06153183329141392,0.0015029762544145342,0.06002885201220178,0.061531828266616316
550.0,0.06169132451636553,0.0015029762544145342,0.06018834738606885,0.06169132364048338
550.5,0.06185112690997628,0.0015029762544145342,0.060348149595283354,0.06185112584969789
551.0,0.06201070457066654,0.0015029762544145342,0.060507727578667035,0.06201070383308157
551.5,0.06217061644954624,0.0015029762544145342,0.06066763600011719,0.06217061225453172
552.0,0.06233150793346393,0.0015029762544145342,0.06082852983508698,0.06233150608950151
552.5,0.06249521146007895,0.0015029762544145342,0.06099223239362172,0.06249520864803625
553.0,0.06265920310582279,0.0015029762544145342,0.06115622408546462,0.06265920033987915
553.5,0.06282321780109694,0.0015029762544145342,0.06132023938002655,0.06282321563444108
554.0,0.062987301644962,0.0015029762544145342,0.06148431958206583,0.06298729583648036
554.5,0.06315170818225134,0.0015029762544145342,0.06164873022217157,0.0631517064765861
555.0,0.0633164316505824,0.0015029762544145342,0.0618134535983045,0.06331642985271903
555.5,0.0634814835747203,0.0015029762544145342,0.06197850151182414,0.06348147776623866
556.0,0.06364684090513477,0.0015029762544145342,0.062143862161370966,0.0636468384157855
556.5,0.0638119389283333,0.0015029762544145342,0.06230895728032867,0.06381193353474321
557.0,0.06397736540733867,0.0015029762544145342,0.0624743887380326,0.06397736499244713
557.5,0.06414313186691607,0.0015029762544145342,0.06264015063380299,0.06414312688821752
558.0,0.06430921525753516,0.0015029762544145342,0.06280623706696009,0.06430921332137463
558.5,0.06447561557919597,0.0015029762544145342,0.06297263623614438,0.06447561249055891
559.0,0.06464204471276966,0.0015029762544145342,0.06313906490872746,0.064642041163142
559.5,0.06480846808396078,0.0015029762544145342,0.06330548768063078,0.06480846393504532
560.0,0.06497520838619358,0.0015029762544145342,0.06347222908924105,0.06497520534365558
560.5,0.06514227714423326,0.0015029762544145342,0.06363929503523803,0.06514227128965257
561.0,0.06530965707093207,0.0015029762544145342,0.06380667961794197,0.0653096558723565
561.5,0.06547736545343774,0.0015029762544145342,0.0639743887380326,0.06547736499244713
562.0,0.06564482605349262,0.0015029762544145342,0.06414184412889362,0.06564482038330816
562.5,0.06581253443599827,0.0015029762544145342,0.06430955324898426,0.06581252950339879
563.0,0.06598055398716307,0.0015029762544145342,0.06447757510510209,0.06598055135951662
563.5,0.06614891351889987,0.0015029762544145342,0.06464593329996612,0.06614890955438066
564.0,0.06631757269453066,0.0015029762544145342,0.06481459242949786,0.06631756868391239
564.5,0.06648638169210844,0.0015029762544145342,0.0649834049767033,0.06648638123111783
565.0,0.06665500053106117,0.0015029762544145342,0.06515202280147671,0.06665499905589124
565.5,0.06682394782582078,0.0015029762544145342,0.06532097106431659,0.06682394731873112
566.0,0.06699433571622451,0.0015029762544145342,0.0654913590930175,0.06699433534743203
566.5,0.06716794477848848,0.0015029762544145342,0.06566496299218667,0.06716793924660121
567.0,0.06734189382132447,0.0015029762544145342,0.0658389150314616,0.06734189128587613
567.5,0.06751587743845591,0.0015029762544145342,0.06601289657413531,0.06751587282854984
568.0,0.06768998782800403,0.0015029762544145342,0.06618700793176371,0.06768998418617825
568.5,0.06786445548527191,0.0015029762544145342,0.06636147333017761,0.06786444958459215
569.0,0.06803931498455497,0.0015029762544145342,0.06653633407413531,0.06803931032854985
569.5,0.06821416872145546,0.0015029762544145342,0.06671118891741326,0.0682141651718278
570.0,0.06838926447842417,0.0015029762544145342,0.0668862856885613,0.06838926194297583
570.5,0.06856474631502549,0.0015029762544145342,0.06706176600389362,0.06856474225830815
571.0,0.06874058541934656,0.0015029762544145342,0.06723760626069121,0.06874058251510574
571.5,0.0689163553750767,0.0015029762544145342,0.06741337570933169,0.06891635196374622
572.0,0.06909244226184856,0.0015029762544145342,0.06758946379467912,0.06909244004909365
572.5,0.06926890946587047,0.0015029762544145342,0.06776592952353108,0.06926890577794562
573.0,0.06944572817522954,0.0015029762544145342,0.06794274929316854,0.06944572554758308
573.5,0.06962482878808889,0.0015029762544145342,0.06812184672519271,0.06962482297960725
574.0,0.06980448835205816,0.0015029762544145342,0.06830151062247368,0.06980448687688821
574.5,0.06998451094612974,0.0015029762544145342,0.06848152856054014,0.06998450481495468
575.0,0.07016479284741728,0.0015029762544145342,0.06866181202919573,0.07016478828361027
575.5,0.07034503441202676,0.0015029762544145342,0.06884205419309301,0.07034503044750755
576.0,0.07052565629388631,0.0015029762544145342,0.06902267400049483,0.07052565025490937
576.5,0.07070662391870043,0.0015029762544145342,0.06920364194800238,0.07070661820241692
577.0,0.07088781627643505,0.0015029762544145342,0.06938483412134075,0.07088781037575528
577.5,0.07106900863416965,0.0015029762544145342,0.06956602629467912,0.07106900254909365
578.0,0.07125055825962401,0.0015029762544145342,0.06974757840948274,0.07125055466389728
578.5,0.07143249396471099,0.0015029762544145342,0.06992951406847066,0.07143249032288519
579.0,0.07161459677889268,0.0015029762544145342,0.0701116149464918,0.07161459120090634
579.5,0.07179673992975241,0.0015029762544145342,0.07029376302995102,0.07179673928436556
580.0,0.0719792345859493,0.0015029762544145342,0.07047625335283622,0.07197922960725076
580.5,0.07216208074748336,0.0015029762544145342,0.07065910361718668,0.07216207987160121
581.0,0.07234507673096441,0.0015029762544145342,0.07084209549785132,0.07234507175226586
581.5,0.07252811305112349,0.0015029762544145342,0.07102513458395404,0.07252811083836858
582.0,0.07271150663900232,0.0015029762544145342,0.07120852771084227,0.0727115039652568
582.5,0.07289528054413118,0.0015029762544145342,0.07139229848123502,0.07289527473564955
583.0,0.07307915240976386,0.0015029762544145342,0.07157617546386341,0.07307915171827795
583.5,0.0732630530873094,0.0015029762544145342,0.07176007604921085,0.07326305230362538
584.0,0.07344733984448759,0.0015029762544145342,0.07194436017874256,0.0734473364331571
584.5,0.0736319838693855,0.0015029762544145342,0.07212900424973955,0.07363198050415408
585.0,0.07381677195384784,0.0015029762544145342,0.07231378993705072,0.07381676619146525
585.5,0.07400161766213592,0.0015029762544145342,0.07249864053183924,0.07400161678625378
586.0,0.07418687826196953,0.0015029762544145342,0.07268389827353108,0.07418687452794562
586.5,0.07437628777725819,0.0015029762544145342,0.07287331009377278,0.07437628634818731
587.0,0.07456717246248643,0.0015029762544145342,0.07306419118327429,0.07456716743768882
587.5,0.0747598377239308,0.0015029762544145342,0.07325686017874257,0.0747598364331571
588.0,0.07495335581799649,0.0015029762544145342,0.07345037887209604,0.07495335512651058
588.5,0.07514703525877431,0.0015029762544145342,0.07364405688380299,0.07514703313821752
589.0,0.07534110077918477,0.0015029762544145342,0.07383811843969423,0.07534109469410877
589.5,0.07553538527013312,0.0015029762544145342,0.07403240422141628,0.07553538047583082
590.0,0.07572977924635042,0.0015029762544145342,0.07422680211605374,0.07572977837046828
590.5,0.07592459387649582,0.0015029762544145342,0.07442161305827429,0.07592458931268882
591.0,0.07611963900194428,0.0015029762544145342,0.07461666002768516,0.0761196362820997
591.5,0.07631477632551395,0.0015029762544145342,0.07481179550729242,0.07631477176170695
592.0,0.0765103112534814,0.0015029762544145342,0.07500733223312323,0.07651030848753776
592.5,0.0767061285381951,0.0015029762544145342,0.07520314629090269,0.07670612254531722
593.0,0.07690203802103002,0.0015029762544145342,0.07539906066023803,0.07690203691465257
593.5,0.07709836815779303,0.0015029762544145342,0.07559538807715646,0.077098364331571
594.0,0.07729508437418865,0.0015029762544145342,0.07579210493893894,0.07729508119335347
594.5,0.07749180059058429,0.0015029762544145342,0.07598882180072142,0.07749179805513595
595.0,0.07768898932235119,0.0015029762544145342,0.07618601071688456,0.0776889869712991
595.5,0.07788658718328101,0.0015029762544145342,0.07638360677995103,0.07788658303436556
596.0,0.07808415046991539,0.0015029762544145342,0.0765811733396187,0.07808414959403323
596.5,0.07828215746000815,0.0015029762544145342,0.07677917654958849,0.07828215280400302
597.0,0.07848057934164641,0.0015029762544145342,0.07697759870782112,0.07848057496223565
597.5,0.07867907037187559,0.0015029762544145342,0.07717609167421084,0.07867906792862538
598.0,0.0788779705312677,0.0015029762544145342,0.0773749917875039,0.07887796804191843
598.5,0.0790770205126068,0.0015029762544145342,0.07757403941779091,0.07907701567220544
599.0,0.07927645081119596,0.0015029762544145342,0.07777347059226221,0.07927644684667674
599.5,0.07947607126841012,0.0015029762544145342,0.07797309058848577,0.0794760668429003
600.0,0.0796760317061963,0.0015029762544145342,0.07817305282413531,0.07967602907854984
600.5,0.07987621687690297,0.0015029762544145342,0.07837323928561568,0.07987621554003022
601.0,0.08007673626579907,0.0015029762544145342,0.0785737561851625,0.08007673243957704
601.5,0.08027828712117636,0.0015029762544145342,0.07877530570366703,0.08027828195808157
602.0,0.08048123823551973,0.0015029762544145342,0.07897825958395405,0.08048123583836858
602.5,0.08068451204328739,0.0015029762544145342,0.079181532100948,0.08068450835536253
603.0,0.08088801058397553,0.0015029762544145342,0.07938502884377277,0.0808880050981873
603.5,0.08109186063000083,0.0015029762544145342,0.07958887962738305,0.08109185588179758
604.0,0.08129586049797312,0.0015029762544145342,0.07979287792798728,0.08129585418240182
604.5,0.0815002522079606,0.0015029762544145342,0.07999727157413532,0.08150024782854985
605.0,0.08170490898754662,0.0015029762544145342,0.08020193075087248,0.08170490700528701
605.5,0.08191678027011837,0.0015029762544145342,0.08041380055827428,0.08191677681268882
606.0,0.08212879561225453,0.0015029762544145342,0.08062581788267006,0.0821287941370846
606.5,0.08234131804405742,0.0015029762544145342,0.08083833676484528,0.08234131301925982
607.0,0.08255401910972018,0.0015029762544145342,0.08105103856809302,0.08255401482250756
607.5,0.082767100492633,0.0015029762544145342,0.08126411801484529,0.08276709426925982
608.0,0.08298045846990948,0.0015029762544145342,0.08147748069422595,0.08298045694864048
608.5,0.08319412185346252,0.0015029762544145342,0.08169114430827429,0.08319412056268882
609.0,0.0834081425047353,0.0015029762544145342,0.08190516196310813,0.08340813821752266
609.5,0.08362241670084143,0.0015029762544145342,0.08211943924785133,0.08362241550226586
610.0,0.08383709426372793,0.0015029762544145342,0.08233411187813834,0.08383708813255288
610.5,0.08405198503476975,0.0015029762544145342,0.0825490028335764,0.08405197908799093
611.0,0.08426719849923586,0.0015029762544145342,0.08276421832640117,0.0842671945808157
611.5,0.0844827461818914,0.0015029762544145342,0.08297976425729242,0.08448274051170696
612.0,0.08469854164699774,0.0015029762544145342,0.08319556391741326,0.08469854017182779
612.5,0.08491470590458895,0.0015029762544145342,0.08341172351899936,0.0849146997734139
613.0,0.08513111794463098,0.0015029762544145342,0.08362813684981507,0.0851311131042296
613.5,0.08534785267809726,0.0015029762544145342,0.08384487471801749,0.08534785097243203
614.0,0.085564921629753,0.0015029762544145342,0.08406194302428638,0.08556491927870091
614.5,0.08578222107671178,0.0015029762544145342,0.08427924145706583,0.08578221771148037
615.0,0.08599988355377289,0.0015029762544145342,0.0844969057319903,0.08599988198640483
615.5,0.08621786296187571,0.0015029762544145342,0.08471488274294196,0.0862178589973565
616.0,0.08643708128223246,0.0015029762544145342,0.08493409889664287,0.0864370751510574
616.5,0.0866566453455438,0.0015029762544145342,0.08515366319044951,0.08665663944486404
617.0,0.08687645719130593,0.0015029762544145342,0.08537347531280601,0.08687645156722054
617.5,0.08709670697814388,0.0015029762544145342,0.08559372408546462,0.08709670033987915
618.0,0.0873173543693796,0.0015029762544145342,0.0858143741043468,0.08731735035876133
618.5,0.08753835326595248,0.0015029762544145342,0.08603537226333471,0.08753834851774925
619.0,0.0877596633311845,0.0015029762544145342,0.08625668315834982,0.08775965941276435
619.5,0.08798133066413626,0.0015029762544145342,0.08647834809415042,0.08798132434856495
620.0,0.08820351084913731,0.0015029762544145342,0.08670053228976976,0.0882035085441843
620.5,0.08842589847991114,0.0015029762544145342,0.08692291710850088,0.08842589336291541
621.0,0.08864865490316985,0.0015029762544145342,0.08714567367005677,0.0886486499244713
621.5,0.08887183198035664,0.0015029762544145342,0.0873688491798755,0.08887182543429004
622.0,0.08909548733529728,0.0015029762544145342,0.0875925085454344,0.08909548479984894
622.5,0.08931951148272281,0.0015029762544145342,0.08781653375313833,0.08931951000755287
623.0,0.08954963223091425,0.0015029762544145342,0.08804665436303259,0.08954963061744713
623.5,0.08978147016911348,0.0015029762544145342,0.08827849207073653,0.08978146832515106
624.0,0.09001362503835442,0.0015029762544145342,0.08851064251446764,0.09001361876888217
624.5,0.09024645986873937,0.0015029762544145342,0.08874347743705072,0.09024645369146525
625.0,0.09047966349160923,0.0015029762544145342,0.08897668410245858,0.09047966035687312
625.5,0.09071324166934656,0.0015029762544145342,0.08921026251069121,0.09071323876510574
626.0,0.0909471828771862,0.0015029762544145342,0.0894442008603891,0.09094717711480363
626.5,0.09118146982798044,0.0015029762544145342,0.08967848735019272,0.09118146360460726
627.0,0.09141614862078987,0.0015029762544145342,0.08991316918554015,0.09141614543995469
627.5,0.09165147280044786,0.0015029762544145342,0.09014849419498124,0.09165147044939577
628.0,0.09188716001020818,0.0015029762544145342,0.09038417914588757,0.09188715540030211
628.5,0.0921231641510102,0.0015029762544145342,0.09062018273350088,0.09212315898791541
629.0,0.09235953132191453,0.0015029762544145342,0.09085655216325918,0.09235952841767371
629.5,0.09259622694862574,0.0015029762544145342,0.09109324613040419,0.09259622238481872
630.0,0.09283341237785593,0.0015029762544145342,0.09133042985396915,0.09283340610838368
630.5,0.09307120285725666,0.0015029762544145342,0.09156822134754922,0.09307119760196375
631.0,0.09330937941629,0.0015029762544145342,0.09180639638531356,0.09330937263972809
631.5,0.09354796510448629,0.0015029762544145342,0.09204498447066099,0.09354796072507553
632.0,0.09378696568422808,0.0015029762544145342,0.09228398560359151,0.09378696185800604
632.5,0.09402636963075021,0.0015029762544145342,0.09252338798274559,0.09402636423716013
633.0,0.09426636710267773,0.0015029762544145342,0.09276338633055525,0.09426636258496979
633.5,0.09450824311132518,0.0015029762544145342,0.09300526109452806,0.09450823734894259
634.0,0.09475558185865511,0.0015029762544145342,0.09325259988795706,0.0947555761423716
634.5,0.09500340464612149,0.0015029762544145342,0.09350042253712625,0.09500339879154078
635.0,0.09525156741415985,0.0015029762544145342,0.09374858742572141,0.09525156368013594
635.5,0.0955002545590127,0.0015029762544145342,0.09399727157413532,0.09550024782854985
636.0,0.09574959861547926,0.0015029762544145342,0.09424661659868214,0.09574959285309667
636.5,0.09599938061302161,0.0015029762544145342,0.09449639827353108,0.09599937452794562
637.0,0.09624967546261329,0.0015029762544145342,0.094746693307519,0.09624966956193354
637.5,0.09650051197616716,0.0015029762544145342,0.09499753120404468,0.09650050745845921
638.0,0.09675220132234233,0.0015029762544145342,0.09524921879845556,0.0967521950528701
638.5,0.09700436318388879,0.0015029762544145342,0.09550138434792685,0.09700436060234138
639.0,0.09725735482852625,0.0015029762544145342,0.09575437009188456,0.0972573463462991
639.5,0.09751083051330013,0.0015029762544145342,0.0960078455922622,0.09751082184667674
640.0,0.09776430619807402,0.0015029762544145342,0.0962613269933196,0.09776430324773414
640.5,0.09801835812110556,0.0015029762544145342,0.09651537485963381,0.09801835111404834
641.0,0.09827296323286443,0.0015029762544145342,0.09676998329052504,0.09827295954493957
641.5,0.09852783341422182,0.0015029762544145342,0.09702485135132564,0.09852782760574018
642.0,0.09878323373477625,0.0015029762544145342,0.0972802504733045,0.09878322672771904
642.5,0.09903918724405801,0.0015029762544145342,0.09753620425918064,0.09903918051359517
643.0,0.09929555564488529,0.0015029762544145342,0.0977925769933196,0.09929555324773413
643.5,0.09955207386765956,0.0015029762544145342,0.09804909134377278,0.09955206759818731
644.0,0.09981328266985107,0.0015029762544145342,0.09831030263531357,0.0998132788897281
644.5,0.1000786749617931,0.0015029762544145342,0.09857569160812323,0.10007866786253776
645.0,0.10034425164997758,0.0015029762544145342,0.09884126940268516,0.10034424565709969
645.5,0.10061030085353333,0.0015029762544145342,0.09910731925162776,0.1006102955060423
646.0,0.10087699544393765,0.0015029762544145342,0.09937401817534378,0.10087699442975831
646.5,0.10114438152025114,0.0015029762544145342,0.09964140157791175,0.10114437783232628
647.0,0.10141227468623136,0.0015029762544145342,0.09990929243893894,0.10141226869335347
647.5,0.10168032919892371,0.0015029762544145342,0.10017734851899936,0.10168032477341389
648.0,0.10194910977182071,0.0015029762544145342,0.1004461244819903,0.10194910073640484
648.5,0.10221854725633144,0.0015029762544145342,0.10071556132111417,0.1022185375755287
649.0,0.10248864165245586,0.0015029762544145342,0.10098565903637097,0.1024886352907855
649.5,0.10275905874200458,0.0015029762544145342,0.10125607538833471,0.10275905164274925
650.0,0.1030296487030306,0.0015029762544145342,0.1015266687606912,0.10302964501510574
650.5,0.10330117217003398,0.0015029762544145342,0.10179819444044952,0.10330117069486405
651.0,0.10357337559818142,0.0015029762544145342,0.10207039279770026,0.1035733690521148
651.5,0.10384623593794255,0.0015029762544145342,0.10234325203108395,0.10384622828549848
652.0,0.10411895798052186,0.0015029762544145342,0.10261598144951296,0.1041189577039275
652.5,0.10439208338988151,0.0015029762544145342,0.10288910031280601,0.10439207656722055
653.0,0.10466593485944581,0.0015029762544145342,0.1031629508603891,0.10466592711480363
653.5,0.10494071983498748,0.0015029762544145342,0.10343773371537399,0.10494070996978852
654.0,0.10522246576868155,0.0015029762544145342,0.10371947937247368,0.10522245562688821
654.5,0.10550717356701993,0.0015029762544145342,0.10400418717081206,0.10550716342522659
655.0,0.10579260742556293,0.0015029762544145342,0.10428962665344045,0.10579260290785499
655.5,0.10607808738316654,0.0015029762544145342,0.1045751015401474,0.10607807779456194
656.0,0.10636369411318684,0.0015029762544145342,0.10486071804316854,0.10636369429758308
656.5,0.10665021129965423,0.0015029762544145342,0.10514723144951296,0.1066502077039275
657.0,0.10693752369491716,0.0015029762544145342,0.1054345473483045,0.10693752360271903
657.5,0.10722563129897564,0.0015029762544145342,0.10572265393818366,0.10722563019259819
658.0,0.10751454563659484,0.0015029762544145342,0.10601156302050993,0.10751453927492446
658.5,0.10780426670777474,0.0015029762544145342,0.10630128639664287,0.1078042626510574
659.0,0.10809469078962897,0.0015029762544145342,0.10659170605298728,0.10809468230740181
659.5,0.10838486132664983,0.0015029762544145342,0.10688187788078184,0.10838485413519637
660.0,0.10867585012199656,0.0015029762544145342,0.10717286400238304,0.10867584025679758
660.5,0.10896766870043428,0.0015029762544145342,0.10746468802050994,0.10896766427492448
661.0,0.10926028248766757,0.0015029762544145342,0.10775730272972443,0.10926027898413897
661.5,0.10955370300846158,0.0015029762544145342,0.10805071993138607,0.1095536961858006
662.0,0.10984808008476327,0.0015029762544145342,0.10834509304316854,0.10984806929758308
662.5,0.11014333304321658,0.0015029762544145342,0.10864035125691478,0.11014332751132931
663.0,0.1104386321007305,0.0015029762544145342,0.10893564487473954,0.11043862112915408
663.5,0.11074255168257884,0.0015029762544145342,0.10923956528637097,0.1107425415407855
664.0,0.11104879926698806,0.0015029762544145342,0.10954582236718667,0.1110487986216012
664.5,0.11135594578307921,0.0015029762544145342,0.10985296454996613,0.11135594080438066
665.0,0.11166414105279929,0.0015029762544145342,0.11016115705374256,0.1116641333081571
665.5,0.11197322372943613,0.0015029762544145342,0.11047024646084226,0.1119732227152568
666.0,0.11228323991205037,0.0015029762544145342,0.11078025637398425,0.11228323262839879
666.5,0.11259406282822532,0.0015029762544145342,0.1110910805809329,0.11259405683534743
667.0,0.1129043325556729,0.0015029762544145342,0.11140135012398426,0.1129043263783988
667.5,0.11321519004614332,0.0015029762544145342,0.11171220973501145,0.11321518598942598
668.0,0.11352700409212141,0.0015029762544145342,0.11202402525615948,0.11352700151057402
668.5,0.11383962487166022,0.0015029762544145342,0.11233664326975465,0.11383961952416918
669.0,0.11415308695905518,0.0015029762544145342,0.11265011098123501,0.11415308723564954
669.5,0.11446742492860178,0.0015029762544145342,0.11296444019196009,0.11446741644637462
670.0,0.11478262725553484,0.0015029762544145342,0.1132796427032894,0.11478261895770393
670.5,0.11509874003891499,0.0015029762544145342,0.11359575391930148,0.11509873017371601
671.0,0.11541585547686344,0.0015029762544145342,0.11391286825087248,0.11541584450528701
671.5,0.11573381222266806,0.0015029762544145342,0.11423083228032867,0.1157338085347432
672.0,0.11605226453337425,0.0015029762544145342,0.11454928016552504,0.11605225641993958
672.5,0.11638040917157406,0.0015029762544145342,0.11487742876824407,0.1163804050226586
673.0,0.11671046692078928,0.0015029762544145342,0.1152074891912048,0.11671046544561933
673.5,0.11704155037410309,0.0015029762544145342,0.11553856453108395,0.11704154078549849
674.0,0.1173740859478262,0.0015029762544145342,0.11587110323954317,0.1173740794939577
674.5,0.11770773942376912,0.0015029762544145342,0.11620476307715646,0.117707739331571
675.0,0.11804233793045459,0.0015029762544145342,0.11653935522217157,0.1180423314765861
675.5,0.11837789299264775,0.0015029762544145342,0.11687491507866704,0.11837789133308158
676.0,0.11871440461034861,0.0015029762544145342,0.11721141904392383,0.11871439529833837
676.5,0.11905199955597384,0.0015029762544145342,0.11754902053561568,0.11905199679003022
677.0,0.11939066630475831,0.0015029762544145342,0.11788768414966401,0.11939066040407854
677.5,0.1197296672717322,0.0015029762544145342,0.11822669000313833,0.11972966625755287
678.0,0.12006836859481212,0.0015029762544145342,0.11856538902126522,0.12006836527567975
678.5,0.1204080840972255,0.0015029762544145342,0.11890510295631054,0.12040807921072508
679.0,0.12074882530373748,0.0015029762544145342,0.1192458436096338,0.12074881986404834
679.5,0.1210906383134087,0.0015029762544145342,0.11958765818667308,0.12109063444108761
680.0,0.12143354617576944,0.0015029762544145342,0.11993055848878788,0.12143353474320241
680.5,0.12177757194035004,0.0015029762544145342,0.12027459172141629,0.12177756797583082
681.0,0.12213298417290172,0.0015029762544145342,0.1206300014646187,0.12213297771903324
681.5,0.12249208433030236,0.0015029762544145342,0.12098910503334982,0.12249208128776436
682.0,0.12285233696421828,0.0015029762544145342,0.12134935333395405,0.12285232958836859
682.5,0.12321370750035404,0.0015029762544145342,0.12171072276371235,0.12321369901812688
683.0,0.1235760576415278,0.0015029762544145342,0.12207307170631054,0.12357604796072508
683.5,0.12393708243470898,0.0015029762544145342,0.12243409889664286,0.1239370751510574
684.0,0.12429936342729182,0.0015029762544145342,0.12279637703108395,0.12429935328549849
684.5,0.12466291214404149,0.0015029762544145342,0.12315992971235283,0.12466290596676737
685.0,0.1250277055354277,0.0015029762544145342,0.12352472153637097,0.12502769779078549
685.5,0.125393789700511,0.0015029762544145342,0.12389081150993592,0.12539378776435045
686.0,0.12576119921358692,0.0015029762544145342,0.12425821143440721,0.12576118768882175
686.5,0.12612984187653417,0.0015029762544145342,0.12462686230298728,0.1261298385574018
687.0,0.12649972921411798,0.0015029762544145342,0.12499675231431659,0.12649972856873112
687.5,0.12687098799875496,0.0015029762544145342,0.12536801128334982,0.12687098753776435
688.0,0.12724349145802846,0.0015029762544145342,0.1257405093951323,0.12724348564954682
688.5,0.12761735483959002,0.0015029762544145342,0.1261143764646187,0.12761735271903324
689.0,0.1280008874991149,0.0015029762544145342,0.12649790884754922,0.12800088510196375
689.5,0.12839240682089076,0.0015029762544145342,0.12688941894951297,0.1283923952039275
690.0,0.12878529758971985,0.0015029762544145342,0.12728230981054015,0.12878528606495468
690.5,0.12917959437989757,0.0015029762544145342,0.12767661683470932,0.12917959308912386
691.0,0.1295753893895452,0.0015029762544145342,0.12807241083017762,0.12957538708459215
691.5,0.12997270566819297,0.0015029762544145342,0.12846972720102354,0.12997270345543807
692.0,0.13037101307664392,0.0015029762544145342,0.12886803488606885,0.13037101114048338
692.5,0.13076813343428412,0.0015029762544145342,0.12926515063380298,0.1307681268882175
693.0,0.13116678658568967,0.0015029762544145342,0.12966380055827428,0.13116677681268882
693.5,0.1315668688079742,0.0015029762544145342,0.13006389024860662,0.13156686650302116
694.0,0.13196850687355433,0.0015029762544145342,0.1304655259170356,0.13196850217145015
694.5,0.13237163163383922,0.0015029762544145342,0.13086864855676372,0.13237162481117826
695.0,0.132776254613594,0.0015029762544145342,0.13127326996915042,0.13277624622356496
695.5,0.13318238733758378,0.0015029762544145342,0.13167940195555525,0.13318237820996978
696.0,0.13359014505346015,0.0015029762544145342,0.1320871625295734,0.13359013878398793
696.5,0.13400352685473116,0.0015029762544145342,0.1325005405507214,0.13400351680513595
697.0,0.13442899813464762,0.0015029762544145342,0.13292601496537398,0.13442899121978852
697.5,0.13485610593121578,0.0015029762544145342,0.13335311796763985,0.13485609422205438
698.0,0.1352848848187311,0.0015029762544145342,0.13378189676295707,0.1352848730173716
698.5,0.13571526564860273,0.0015029762544145342,0.13421228054316856,0.1357152567975831
699.0,0.13614730604465636,0.0015029762544145342,0.13464432831507187,0.1361473045694864
699.5,0.13658097143259654,0.0015029762544145342,0.13507799287322897,0.1365809691276435
700.0,0.13701631943624906,0.0015029762544145342,0.13551333322443743,0.13701630947885196
700.5,0.13745337310514422,0.0015029762544145342,0.1359503847727758,0.13745336102719033
701.0,0.13789224768693353,0.0015029762544145342,0.13638926553183925,0.13789224178625378
701.5,0.1383405149523225,0.0015029762544145342,0.1368375283717184,0.13834050462613293
702.0,0.1387929887569923,0.0015029762544145342,0.137290004296945,0.13879298055135952
702.5,0.1392449208976999,0.0015029762544145342,0.1377419373596338,0.13924491361404834
703.0,0.13969833973311224,0.0015029762544145342,0.1381953573936217,0.13969833364803624
703.5,0.14015333746135056,0.0015029762544145342,0.13865035880978485,0.14015333506419939
704.0,0.14060979883476327,0.0015029762544145342,0.13910681179316856,0.1406097880475831
704.5,0.1410679658734186,0.0015029762544145342,0.13956498777504167,0.1410679640294562
705.0,0.14152871445946824,0.0015029762544145342,0.1400257364532894,0.14152871270770392
705.5,0.14199109956216957,0.0015029762544145342,0.14048811371915043,0.14199108997356497
706.0,0.14245922399791705,0.0015029762544145342,0.14095623824709605,0.14245921450151058
706.5,0.14293893082264328,0.0015029762544145342,0.14143595171008697,0.1429389279645015
707.0,0.14342036636214242,0.0015029762544145342,0.14191738817156735,0.14342036442598188
707.5,0.1439034845173539,0.0015029762544145342,0.14240050042609906,0.1439034766805136
708.0,0.14438829681304285,0.0015029762544145342,0.14288531207640118,0.1443882883308157
708.5,0.14487481477397446,0.0015029762544145342,0.1433718349238332,0.14487481117824774
709.0,0.14536308449920932,0.0015029762544145342,0.14386010437247368,0.1453630806268882
709.5,0.1458530829392171,0.0015029762544145342,0.1443500968196036,0.14585307307401812
710.0,0.1463448677178236,0.0015029762544145342,0.14484188307338003,0.14634485932779456
710.5,0.146842599275249,0.0015029762544145342,0.14533961721235283,0.14684259346676737
711.0,0.14735344601541847,0.0015029762544145342,0.14585046266174861,0.14735343891616315
711.5,0.14786619434183818,0.0015029762544145342,0.14636320813002654,0.14786618438444107
712.0,0.14838080968021267,0.0015029762544145342,0.14687783001446764,0.14838080626888217
712.5,0.14889732660483737,0.0015029762544145342,0.14739434011643138,0.1488973163708459
713.0,0.1494157566404775,0.0015029762544145342,0.14791277383999635,0.14941575009441088
713.5,0.14993596148995114,0.0015029762544145342,0.1484329777674888,0.14993595402190332
714.0,0.1504581024999705,0.0015029762544145342,0.14895511711794196,0.1504580933723565
714.5,0.15098242169060375,0.0015029762544145342,0.1494794397199057,0.15098241597432024
715.0,0.15151775855672323,0.0015029762544145342,0.15001477299029845,0.15151774924471298
715.5,0.15206289147322272,0.0015029762544145342,0.1505599131904495,0.15206288944486404
716.0,0.1526101564712755,0.0015029762544145342,0.15110717763531356,0.1526101538897281
716.5,0.1531595189765861,0.0015029762544145342,0.15165653092081205,0.15315950717522658
717.0,0.15371095593962425,0.0015029762544145342,0.15220797304694497,0.1537109493013595
717.5,0.15426430601367777,0.0015029762544145342,0.1527613269933196,0.15426430324773413
718.0,0.15481983426834522,0.0015029762544145342,0.1533168523898453,0.15481982864425983
718.5,0.15537759832745232,0.0015029762544145342,0.1538746200446791,0.15537759629909365
719.0,0.15593956892584027,0.0015029762544145342,0.15443658898350088,0.1559395652379154
719.5,0.1565203709904881,0.0015029762544145342,0.15501739289211114,0.15652036914652567
720.0,0.15710348953293168,0.0015029762544145342,0.15560050986718668,0.15710348612160122
720.5,0.15768890150364073,0.0015029762544145342,0.15618591630600842,0.15768889256042296
721.0,0.15827653775402425,0.0015029762544145342,0.15677355320177883,0.15827652945619336
721.5,0.1588663291354914,0.0015029762544145342,0.15736334974634075,0.1588663260007553
722.0,0.1594585291928755,0.0015029762544145342,0.15795554196688455,0.15945851822129908
722.5,0.16005319555000236,0.0015029762544145342,0.15855021247292686,0.1600531887273414
723.0,0.16065055870217498,0.0015029762544145342,0.15914757368893895,0.16065054994335348
723.5,0.16126913894699418,0.0015029762544145342,0.1597661537493619,0.16126913000377643
724.0,0.16189149931478355,0.0015029762544145342,0.16038851024483017,0.1618914864992447
724.5,0.16250957246993603,0.0015029762544145342,0.16100658284679392,0.16250955910120846
725.0,0.16312935129033115,0.0015029762544145342,0.1616263666458876,0.16312934290030212
725.5,0.163751446588522,0.0015029762544145342,0.1622484635114465,0.16375143976586104
726.0,0.16437611190934195,0.0015029762544145342,0.16287313307338003,0.16437610932779456
726.5,0.1650034509756774,0.0015029762544145342,0.16350046974256432,0.16500344599697886
727.0,0.16563459321451332,0.0015029762544145342,0.16413160644951297,0.1656345827039275
727.5,0.16628945342003398,0.0015029762544145342,0.16478646388909,0.16628944014350452
728.0,0.1669470449948959,0.0015029762544145342,0.1654440592440749,0.16694703549848944
728.5,0.16760737946386423,0.0015029762544145342,0.16610439251446765,0.1676073687688822
729.0,0.16827019175734045,0.0015029762544145342,0.1667672040703589,0.16827018032477342
729.5,0.16893567779633215,0.0015029762544145342,0.1674326945348604,0.16893567078927493
730.0,0.1696040104523166,0.0015029762544145342,0.16810102912700542,0.16960400538141995
730.5,0.17027545479489237,0.0015029762544145342,0.1687724674767033,0.17027544373111783
731.0,0.17095970315155307,0.0015029762544145342,0.16945672210283622,0.17095969835725075
731.5,0.17166151525030685,0.0015029762544145342,0.17015852535057036,0.1716615016049849
732.0,0.17236790268082633,0.0015029762544145342,0.17086491932715647,0.172367895581571
732.5,0.17307732112458105,0.0015029762544145342,0.17157433445177883,0.17307731070619337
733.0,0.1737894017890861,0.0015029762544145342,0.17228641668365194,0.17378939293806647
733.5,0.17450455956588698,0.0015029762544145342,0.17300157907035887,0.1745045553247734
734.0,0.17522286360357464,0.0015029762544145342,0.17371988061869725,0.1752228568731118
734.5,0.17594533960624764,0.0015029762544145342,0.1744423598483045,0.17594533610271904
735.0,0.1766967542942197,0.0015029762544145342,0.17519376421008698,0.1766967404645015
735.5,0.17745145354026035,0.0015029762544145342,0.1759484729525341,0.17745144920694864
736.0,0.17820954106725595,0.0015029762544145342,0.176706556883803,0.17820953313821752
736.5,0.17897080942943377,0.0015029762544145342,0.17746782718214135,0.1789708034365559
737.0,0.17973509728008166,0.0015029762544145342,0.17823210682715646,0.179735083081571
737.5,0.1805027503621542,0.0015029762544145342,0.17899976166099332,0.18050273791540786
738.0,0.18127414899290148,0.0015029762544145342,0.17977116932715645,0.18127414558157098
738.5,0.18207449783371293,0.0015029762544145342,0.18057151392685436,0.1820744901812689
739.0,0.18288194592985862,0.0015029762544145342,0.18137896294498124,0.18288193919939577
739.5,0.1836929436536714,0.0015029762544145342,0.18218996417232264,0.18369294042673717
740.0,0.18450754862897706,0.0015029762544145342,0.1830045648143166,0.18450754106873113
740.5,0.18532584152913165,0.0015029762544145342,0.18382285928183925,0.18532583553625379
741.0,0.1861474074625897,0.0015029762544145342,0.184644422725948,0.18614739898036253
741.5,0.18697313383626793,0.0015029762544145342,0.18547015204996614,0.18697312830438068
742.0,0.18783290436620798,0.0015029762544145342,0.1863299164948302,0.18783289274924472
742.5,0.18869794171382293,0.0015029762544145342,0.18719495614739814,0.18869793240181268
743.0,0.1895668629072944,0.0015029762544145342,0.1880638784472471,0.18956685470166162
743.5,0.19043964489709214,0.0015029762544145342,0.18893665979165797,0.1904396360460725
744.0,0.1913165297032843,0.0015029762544145342,0.18981354800918063,0.19131652426359516
744.5,0.19219748275157547,0.0015029762544145342,0.190694495894377,0.19219747214879154
745.0,0.1930890270590422,0.0015029762544145342,0.1915860414004193,0.19308901765483383
745.5,0.194004992343868,0.0015029762544145342,0.19250200391930147,0.194004980173716
746.0,0.19492508349461857,0.0015029762544145342,0.193422108715374,0.19492508496978853
746.5,0.1958496232047182,0.0015029762544145342,0.1943466272199057,0.19584960347432023
747.0,0.19679015928885008,0.0015029762544145342,0.195287171970661,0.19679014822507554
747.5,0.19774394885290786,0.0015029762544145342,0.19624095784679393,0.19774393410120847
748.0,0.19870221002584498,0.0015029762544145342,0.19719922823954317,0.1987022044939577
748.5,0.19966508110484327,0.0015029762544145342,0.1981621011625039,0.19966507741691844
749.0,0.2006526843298598,0.0015029762544145342,0.19914970973501145,0.20065268598942598
749.5,0.20164554284778607,0.0015029762544145342,0.20014255811114437,0.2016455343655589
750.0,0.20264312651942504,0.0015029762544145342,0.201140150633803,0.20264312688821753
750.5,0.20365467820642938,0.0015029762544145342,0.20215169236341024,0.20365466861782477
751.0,0.20468466951767844,0.0015029762544145342,0.20318169141930148,0.20468466767371601
751.5,0.2057193859826402,0.0015029762544145342,0.20421641101899937,0.2057193872734139
752.0,0.20675020707698027,0.0015029762544145342,0.20524721256733774,0.20675018882175228
752.5,0.20780207239248963,0.0015029762544145342,0.20629909134377278,0.2078020675981873
753.0,0.20886027632883308,0.0015029762544145342,0.20735729564890873,0.20886027190332326
753.5,0.20992288272546497,0.0015029762544145342,0.20841989005978487,0.2099228663141994
754.0,0.2110016929419019,0.0015029762544145342,0.2094986995386368,0.21100167579305135
754.5,0.2120987583863411,0.0015029762544145342,0.21059577752202052,0.21209875377643506
755.0,0.21320043373684147,0.0015029762544145342,0.21169745803561568,0.21320043429003022
755.5,0.21430867820347904,0.0015029762544145342,0.21280570010510208,0.21430867635951661
756.0,0.21544803953602956,0.0015029762544145342,0.21394505055827429,0.21544802681268882
756.5,0.2165930249539747,0.0015029762544145342,0.21509004206129542,0.21659301831570996
757.0,0.21774264332751134,0.0015029762544145342,0.2162396596972471,0.21774263595166163
757.5,0.21891650980692975,0.0015029762544145342,0.2174135173256459,0.21891649358006043
758.0,0.22010270778506183,0.0015029762544145342,0.21859971917609905,0.22010269543051358
758.5,0.22129372311502785,0.0015029762544145342,0.21979073598123502,0.22129371223564956
759.0,0.22250227913755666,0.0015029762544145342,0.22099928960661266,0.2225022658610272
759.5,0.22373383859133072,0.0015029762544145342,0.2222308558830477,0.22373383213746223
760.0,0.2249709760314388,0.0015029762544145342,0.2234679924011746,0.22497096865558913
760.5,0.22621901589938162,0.0015029762544145342,0.22471603337549484,0.22621900962990937
761.0,0.22749847227713133,0.0015029762544145342,0.2259954895688483,0.22749846582326283
761.5,0.22878350664121508,0.0015029762544145342,0.22728051600389362,0.22878349225830816
762.0,0.23007446473458742,0.0015029762544145342,0.2285714667214163,0.23007444297583082
762.5,0.23140151839241882,0.0015029762544145342,0.2298985295990598,0.23140150585347433
763.0,0.23273564825605408,0.0015029762544145342,0.23123264968969423,0.23273562594410876
763.5,0.2340757248985083,0.0015029762544145342,0.23257274126824407,0.2340757175226586
764.0,0.23544846272540595,0.0015029762544145342,0.23394547540721689,0.23544845166163142
764.5,0.23683417743786583,0.0015029762544145342,0.23533119104165798,0.2368341672960725
765.0,0.23822632296928106,0.0015029762544145342,0.2367233266156761,0.23822630287009064
765.5,0.23964813324619996,0.0015029762544145342,0.23814515441023804,0.23964813066465257
766.0,0.24108753031474225,0.0015029762544145342,0.2395845426277607,0.24108751888217522
766.5,0.2425334273508308,0.0015029762544145342,0.24103044519573652,0.24253342145015105
767.0,0.24400802105215022,0.0015029762544145342,0.24250502506733773,0.24400800132175227
767.5,0.2455040738661844,0.0015029762544145342,0.24400108341325918,0.24550405966767372
768.0,0.24700681104400726,0.0015029762544145342,0.24550382132866705,0.24700679758308158
768.5,0.2485379682926973,0.0015029762544145342,0.24703497691779092,0.24853795317220545
769.0,0.2500926130127691,0.0015029762544145342,0.24858961721235284,0.2500925934667674
769.5,0.2516542878395841,0.0015029762544145342,0.25015129111718665,0.2516542673716012
770.0,0.2532461114520393,0.0015029762544145342,0.251743129296945,0.2532461055513595
770.5,0.2548627133095733,0.0015029762544145342,0.25335972672896917,0.2548627029833837
771.0,0.2564864605215021,0.0015029762544145342,0.2549834757848604,0.25648645203927495
771.5,0.2581430533141168,0.0015029762544145342,0.25664005622292685,0.2581430324773414
772.0,0.2598236406677799,0.0015029762544145342,0.2583206406262501,0.25982361688066463
772.5,0.2615118574159743,0.0015029762544145342,0.26000887231054015,0.2615118485649547
773.0,0.263238451632128,0.0015029762544145342,0.2617354584132592,0.2632384346676737
773.5,0.2649867354562996,0.0015029762544145342,0.26348373541476977,0.2649867116691843
774.0,0.26674251037782054,0.0015029762544145342,0.2652395180809329,0.2667424943353474
774.5,0.2685434393292107,0.0015029762544145342,0.2670404527486066,0.26854342900302114
775.0,0.2703612635863151,0.0015029762544145342,0.2688582633603891,0.27036123961480363
775.5,0.2721874548229206,0.0015029762544145342,0.2706844765401474,0.2721874527945619
776.0,0.2740686422388359,0.0015029762544145342,0.2725656604525341,0.27406863670694864
776.5,0.2759598792499646,0.0015029762544145342,0.27445689912322896,0.2759598753776435
777.0,0.27786538392035265,0.0015029762544145342,0.2763623938362199,0.27786537009063444
777.5,0.27981558163000375,0.0015029762544145342,0.2783125920990598,0.2798155683534743
778.0,0.2817853253413543,0.0015029762544145342,0.2802823334132592,0.28178530966767373
778.5,0.28379185610307306,0.0015029762544145342,0.2822888713664314,0.2837918476208459
779.0,0.28582346475376463,0.0015029762544145342,0.2843204754072169,0.2858234516616314
779.5,0.287883770069687,0.0015029762544145342,0.2863807803543468,0.2878837566087613
780.0,0.28997546884588604,0.0015029762544145342,0.2884724769177909,0.2899754531722054
780.5,0.29209065509346677,0.0015029762544145342,0.2905876581866731,0.2920906344410876
781.0,0.2942453712855221,0.0015029762544145342,0.2927423740099359,0.29424535026435045
781.5,0.2964172593776553,0.0015029762544145342,0.29491427261265496,0.2964172488670695
782.0,0.29863725183953693,0.0015029762544145342,0.2971342499540447,0.2986372262084592
782.5,0.3008751998855268,0.0015029762544145342,0.29937221256733776,0.3008751888217523
783.0,0.30315468318512795,0.0015029762544145342,0.3016516923634102,0.30315466861782475
783.5,0.3054617798220355,0.0015029762544145342,0.3039587873407516,0.30546176359516614
784.0,0.30780158374244715,0.0015029762544145342,0.30629859568667306,0.3078015719410876
784.5,0.31017999562612114,0.0015029762544145342,0.30867699447821384,0.3101799707326284
785.0,0.3125821946250708,0.0015029762544145342,0.3110792084132592,0.31258218466767373
785.5,0.31503438805525397,0.0015029762544145342,0.31353138930449787,0.3150343655589124
786.0,0.3175076026570761,0.0015029762544145342,0.31600460021839516,0.3175075764728097
786.5,0.3200265936260857,0.0015029762544145342,0.3185236004072169,0.3200265766616314
787.0,0.3225758716779173,0.0015029762544145342,0.32107288288455826,0.3225758591389728
787.5,0.3251603694120563,0.0015029762544145342,0.32365738061869725,0.3251603568731118
788.0,0.3277903669190191,0.0015029762544145342,0.3262873843951323,0.3277903606495468
788.5,0.3304455806121365,0.0015029762544145342,0.32894259587549485,0.3304455721299094
789.0,0.33315733480309434,0.0015029762544145342,0.33165433586794196,0.3331573121223565
789.5,0.33589626439028275,0.0015029762544145342,0.33439326619271537,0.3358962424471299
790.0,0.33867785865806743,0.0015029762544145342,0.3371748702335009,0.33867784648791543
790.5,0.34150214065597856,0.0015029762544145342,0.33999914799029846,0.341502124244713
791.0,0.34435355195105977,0.0015029762544145342,0.34285056887398424,0.3443535451283988
791.5,0.34726588315473944,0.0015029762544145342,0.3457628847727758,0.3472658610271903
792.0,0.3502068188255287,0.0015029762544145342,0.34870383076975464,0.3502068070241692
792.5,0.35319346171491456,0.0015029762544145342,0.3516904716307818,0.35319344788519635
793.0,0.3562200033412599,0.0015029762544145342,0.3547170010869752,0.3562199773413897
793.5,0.35929211388902,0.0015029762544145342,0.35778913099634074,0.3592921072507553
794.0,0.36240688911737634,0.0015029762544145342,0.3609038874162803,0.36240686367069486
794.5,0.3655652279580108,0.0015029762544145342,0.3640622380582743,0.36556521431268885
795.0,0.36876687686609,0.0015029762544145342,0.3672638760869752,0.36876685234138973
795.5,0.3720124351294019,0.0015029762544145342,0.37050943877579695,0.3720124150302115
796.0,0.37530625910917437,0.0015029762544145342,0.3738032690250417,0.3753062452794562
796.5,0.3786446147814978,0.0015029762544145342,0.37714161400238305,0.3786445902567976
797.0,0.38202787093885715,0.0015029762544145342,0.3805248749540447,0.3820278512084592
797.5,0.3854561428289039,0.0015029762544145342,0.3839531462909027,0.38545612254531725
798.0,0.38892919995633496,0.0015029762544145342,0.3874262155884858,0.3889291918429003
798.5,0.39244844834249903,0.0015029762544145342,0.39094547540721686,0.3924484516616314
799.0,0.39601776030848757,0.0015029762544145342,0.39451477299029847,0.396017749244713
799.5,0.3996323876510574,0.0015029762544145342,0.3981293877939238,0.39963236404833835
800.0,0.40329269916269356,0.0015029762544145342,0.40178969746159754,0.4032926737160121
800.5,0.40699906363588084,0.0015029762544145342,0.40549607963682416,0.4069990558912387
801.0,0.4107530945377407,0.0015029762544145342,0.40925009209905977,0.4107530683534743
801.5,0.41455433087766713,0.0015029762544145342,0.41305135720479996,0.4145543334592145
802.0,0.41840019110826565,0.0015029762544145342,0.4168971842440749,0.41840016049848944
802.5,0.4222900298426879,0.0015029762544145342,0.42078705395706584,0.42229003021148037
803.0,0.4262244002696611,0.0015029762544145342,0.4247213911927154,0.42622436744712994
803.5,0.43020288749763974,0.0015029762544145342,0.42869991271839514,0.43020288897280967
804.0,0.4342249844369571,0.0015029762544145342,0.4327220048634102,0.43422498111782476
804.5,0.4382899996017041,0.0015029762544145342,0.43678700675162774,0.43828998300604227
805.0,0.44239761029845637,0.0015029762544145342,0.4408946351504193,0.44239761140483386
805.5,0.4465469867441229,0.0015029762544145342,0.4450439931564616,0.4465469694108761
806.0,0.45073665376876415,0.0015029762544145342,0.4492336646066127,0.4507366408610272
806.5,0.4549681787404409,0.0015029762544145342,0.4534651600748906,0.45496813632930516
807.0,0.45923755104087993,0.0015029762544145342,0.4577345615099359,0.45923753776435045
807.5,0.46354504726444484,0.0015029762544145342,0.4620420577335009,0.4635450339879154
808.0,0.4678920503829541,0.0015029762544145342,0.46638906490872745,0.467892041163142
808.5,0.4722735816978616,0.0015029762544145342,0.47077057925918064,0.4722735555135952
809.0,0.4766881660392277,0.0015029762544145342,0.4751851846217184,0.4766881608761329
809.5,0.4811370019826284,0.0015029762544145342,0.47963401392685434,0.4811369901812689
810.0,0.48561852216000284,0.0015029762544145342,0.4841155093951323,0.48561848564954685
810.5,0.4901287159530778,0.0015029762544145342,0.48862570576975467,0.4901286820241692
811.0,0.49466620039003495,0.0015029762544145342,0.49316318688757943,0.49466616314199396
811.5,0.4992323584426926,0.0015029762544145342,0.4977293689117486,0.49923234516616316
812.0,0.5038228567993532,0.0015029762544145342,0.502319861736522,0.5038228379909365
812.5,0.5084342841295317,0.0015029762544145342,0.5069312665703589,0.5084342428247735
813.0,0.5130676085135008,0.0015029762544145342,0.5115646219328966,0.5130675981873112
813.5,0.5177198796113812,0.0015029762544145342,0.516216859470661,0.5177198357250755
814.0,0.5223887463710819,0.0015029762544145342,0.5208857605280628,0.5223887367824773
814.5,0.5270717655423904,0.0015029762544145342,0.5255687760114465,0.527071752265861
815.0,0.5317670470638217,0.0015029762544145342,0.5302640649087275,0.531767041163142
815.5,0.5364719632889209,0.0015029762544145342,0.5349689837153739,0.5364719599697885
816.0,0.5411840248684149,0.0015029762544145342,0.5396810305431685,0.541184006797583
816.5,0.5459018488304853,0.0015029762544145342,0.5443988364344072,0.5459018126888218
817.0,0.5506228075286773,0.0015029762544145342,0.5491198050899964,0.5506227813444109
817.5,0.5553437662268693,0.0015029762544145342,0.5538407737455855,0.55534375
818.0,0.5600208386193589,0.0015029762544145342,0.5585178413437728,0.5600208175981873
818.5,0.5614887249073593,0.0015029762544145342,0.5599857416458875,0.5614887179003021
819.0,0.5616426035716815,0.0015029762544145342,0.5601395841685461,0.5616425604229607
819.5,0.5617967127313066,0.0015029762544145342,0.5602937099238332,0.5617966861782477
820.0,0.5619510523862349,0.0015029762544145342,0.5604480717063105,0.561951047960725
820.5,0.5621056686355268,0.0015029762544145342,0.5606026695159783,0.5621056457703928
821.0,0.5622605614791824,0.0015029762544145342,0.5607575505582743,0.5622605268126888
821.5,0.5624155926200198,0.0015029762544145342,0.5609125732168846,0.5624155494712991
822.0,0.5625709925533422,0.0015029762544145342,0.5610679735189994,0.5625709497734139
822.5,0.5627264385857251,0.0015029762544145342,0.5612234210265522,0.5627263972809667
823.0,0.5628822995096535,0.0015029762544145342,0.5613792933830477,0.5628822696374622
823.5,0.5630382526317032,0.0015029762544145342,0.5615352601504193,0.5630382364048339
824.0,0.5631945745462378,0.0015029762544145342,0.5616915573558574,0.5631945336102719
824.5,0.5633509886588935,0.0015029762544145342,0.5618479961776096,0.5633509724320241
825.0,0.563507679365913,0.0015029762544145342,0.5620046710265523,0.5635076472809668
825.5,0.5636646466672961,0.0015029762544145342,0.5621616291081233,0.5636646053625378
826.0,0.5638217983649216,0.0015029762544145342,0.5623187760114465,0.5638217522658611
826.5,0.5639791805578502,0.0015029762544145342,0.5624761589419601,0.5639791351963747
827.0,0.5641367471470213,0.0015029762544145342,0.562633730694226,0.5641367069486405
827.5,0.5642945903305561,0.0015029762544145342,0.5627915856791202,0.5642945619335348
828.0,0.5644526179103333,0.0015029762544145342,0.5629496294857668,0.5644526057401813
828.5,0.5646109220844742,0.0015029762544145342,0.5631079093196036,0.5646108855740182
829.0,0.5647694106548574,0.0015029762544145342,0.5632664251806307,0.5647694014350453
829.5,0.5649280836214832,0.0015029762544145342,0.5634250826579722,0.5649280589123867
830.0,0.5650870331824727,0.0015029762544145342,0.563584023367942,0.5650869996223565
830.5,0.5652461671397045,0.0015029762544145342,0.563743152899664,0.5652461291540786
831.0,0.5654055315922394,0.0015029762544145342,0.5639025184585764,0.565405494712991
831.5,0.5655651265400774,0.0015029762544145342,0.5640621200446791,0.5655650962990937
832.0,0.5657249058841578,0.0015029762544145342,0.5642219104525341,0.5657248867069486
832.5,0.5658850079216626,0.0015029762544145342,0.5643819840930175,0.5658849603474321
833.0,0.5660451560582279,0.0015029762544145342,0.564542152144377,0.5660451283987915
833.5,0.5662056729872781,0.0015029762544145342,0.564702650633803,0.5662056268882175
834.0,0.5663662821144496,0.0015029762544145342,0.5648632907395432,0.5663662669939578
834.5,0.5665271217369241,0.0015029762544145342,0.5650241196670356,0.5665270959214501
835.0,0.5666882379537622,0.0015029762544145342,0.5651852318271564,0.5666882080815709
835.5,0.5668515669255099,0.0015029762544145342,0.5653485626428665,0.566851538897281
836.0,0.5670201972892277,0.0015029762544145342,0.5655171804676399,0.5670201567220544
836.5,0.5671890581482487,0.0015029762544145342,0.5656860343196036,0.5671890105740182
837.0,0.5673582417006939,0.0015029762544145342,0.5658552186096338,0.5673581948640484
837.5,0.5675276557484422,0.0015029762544145342,0.5660246389268544,0.5675276151812689
838.0,0.5676973463905542,0.0015029762544145342,0.5661943424767033,0.5676973187311178
838.5,0.5678673136270298,0.0015029762544145342,0.5663643292591807,0.5678673055135952
839.0,0.5680375113588085,0.0015029762544145342,0.5665345048634103,0.5680374811178248
839.5,0.5682080317840115,0.0015029762544145342,0.5667050109057064,0.5682079871601209
840.0,0.5683787366054569,0.0015029762544145342,0.5668757529751928,0.5683787292296073
840.5,0.5685497180212661,0.0015029762544145342,0.5670467310718694,0.568549707326284
841.0,0.5687209760314388,0.0015029762544145342,0.5672179924011745,0.5687209686555891
841.5,0.5688925106359752,0.0015029762544145342,0.56738948975767,0.5688924660120845
842.0,0.5690642757358148,0.0015029762544145342,0.5675612703467939,0.5690642466012085
842.5,0.5692362713309573,0.0015029762544145342,0.5677332869631081,0.5692362632175226
843.0,0.5694085896195241,0.0015029762544145342,0.5679055868120507,0.5694085630664653
843.5,0.5695812306015153,0.0015029762544145342,0.5680782170990598,0.5695811933534743
844.0,0.5697541481778701,0.0015029762544145342,0.5682511306186973,0.5697541068731118
844.5,0.5699273423485886,0.0015029762544145342,0.5684243273709632,0.5699273036253777
845.0,0.5701009053117919,0.0015029762544145342,0.5685979017667335,0.5701008780211481
845.5,0.5702746987702983,0.0015029762544145342,0.5687717121896942,0.5702746884441088
846.0,0.5704489532194109,0.0015029762544145342,0.5689459474615975,0.5704489237160121
846.5,0.5706262041074632,0.0015029762544145342,0.5691232038815371,0.5706261801359517
847.0,0.5708073273166069,0.0015029762544145342,0.5693043311473982,0.5708073074018127
847.5,0.5709888193182354,0.0015029762544145342,0.5694858360567637,0.5709888123111783
848.0,0.571170680112349,0.0015029762544145342,0.5696676714041957,0.5711706476586103
848.5,0.5713527714017654,0.0015029762544145342,0.5698497899842562,0.5713527662386707
849.0,0.5715353236817882,0.0015029762544145342,0.5700323334132592,0.5715353096676737
849.5,0.5717181064571139,0.0015029762544145342,0.5702151128694526,0.5717180891238671
850.0,0.5719012580249244,0.0015029762544145342,0.5703982699691504,0.571901246223565
850.5,0.5720848244842806,0.0015029762544145342,0.5705818047123529,0.5720847809667674
851.0,0.5722686675380004,0.0015029762544145342,0.5707656698936218,0.5722686461480363
851.5,0.5724530637804475,0.0015029762544145342,0.5709500543347094,0.5724530305891239
852.0,0.5726377366172583,0.0015029762544145342,0.5711347220084253,0.5726376982628398
852.5,0.5728228704446753,0.0015029762544145342,0.571319861736522,0.5728228379909366
853.0,0.5730083730645771,0.0015029762544145342,0.5715053791081233,0.5730083553625378
853.5,0.5731939678826001,0.0015029762544145342,0.5716909436851625,0.573193919939577
854.0,0.5733797931959261,0.0015029762544145342,0.5718767914948302,0.5733797677492447
854.5,0.573566125598919,0.0015029762544145342,0.5720631113588786,0.5735660876132931
855.0,0.5737526423981543,0.0015029762544145342,0.5722496200446792,0.5737525962990937
855.5,0.5739391591973896,0.0015029762544145342,0.5724361759359178,0.5739391521903323
856.0,0.5741261830862915,0.0015029762544145342,0.5726231566760991,0.5741261329305136
856.5,0.5743136679657996,0.0015029762544145342,0.5728106566760991,0.5743136329305136
857.0,0.5745053017607629,0.0015029762544145342,0.5730023107546489,0.5745052870090634
857.5,0.5747005773815144,0.0015029762544145342,0.5731975524464918,0.5747005287009064
858.0,0.5748963600919326,0.0015029762544145342,0.5733933606035915,0.574896336858006
858.5,0.5750924193967145,0.0015029762544145342,0.5735894047878816,0.5750923810422961
859.0,0.575288524800557,0.0015029762544145342,0.5737855433830477,0.5752885196374622
859.5,0.5754851833931269,0.0015029762544145342,0.5739822012380326,0.5754851774924471
860.0,0.5756824412734847,0.0015029762544145342,0.5741794255582743,0.5756824018126888
860.5,0.5758801140453881,0.0015029762544145342,0.5743771219328967,0.5758800981873112
861.0,0.576077832916352,0.0015029762544145342,0.574574818307519,0.5760777945619335
861.5,0.5762757361835583,0.0015029762544145342,0.5747727507093316,0.5762757269637462
862.0,0.5764742387385526,0.0015029762544145342,0.5749712495764012,0.5764742258308158
862.5,0.576673340581335,0.0015029762544145342,0.5751703149087275,0.576673291163142
863.0,0.576872949513784,0.0015029762544145342,0.5753699467063106,0.5768729229607251
863.5,0.5770722357528087,0.0015029762544145342,0.5755692480658272,0.5770722243202417
864.0,0.5772720751805608,0.0015029762544145342,0.5757690686851625,0.5772720449395771
864.5,0.5774725138961009,0.0015029762544145342,0.5759695029751927,0.5774724792296072
865.0,0.577673413602247,0.0015029762544145342,0.5761704093196036,0.5776733855740182
865.5,0.5778747281999387,0.0015029762544145342,0.576371740512957,0.5778747167673716
866.0,0.578075720104206,0.0015029762544145342,0.576572694062806,0.5780756703172205
866.5,0.5782772651972007,0.0015029762544145342,0.5767742612833499,0.5782772375377644
867.0,0.5784842499793477,0.0015029762544145342,0.5769812571292713,0.5784842333836858
867.5,0.5786954297760102,0.0015029762544145342,0.5771924070537425,0.5786953833081571
868.0,0.5789071166623395,0.0015029762544145342,0.5774041234434707,0.5789070996978852
868.5,0.5791194489355174,0.0015029762544145342,0.5776164535038936,0.5791194297583081
869.0,0.5793323343974226,0.0015029762544145342,0.5778293500295734,0.5793323262839879
869.5,0.5795446666706005,0.0015029762544145342,0.5780416800899963,0.5795446563444109
870.0,0.5797575521325057,0.0015029762544145342,0.578254529410238,0.5797575056646526
870.5,0.5799710829812594,0.0015029762544145342,0.5784680868120508,0.5799710630664653
871.0,0.5801852592168618,0.0015029762544145342,0.5786822578845583,0.5801852341389728
871.5,0.5804001269383733,0.0015029762544145342,0.5788971370386369,0.5804001132930514
872.0,0.580615686145794,0.0015029762544145342,0.5791126770688483,0.5806156533232628
872.5,0.5808318907400633,0.0015029762544145342,0.5793288779751927,0.5808318542296073
873.0,0.5810481414333931,0.0015029762544145342,0.5795451260869752,0.5810481023413897
873.5,0.5812643460276624,0.0015029762544145342,0.5797613269933196,0.5812643032477341
874.0,0.5814811960087802,0.0015029762544145342,0.579978188775797,0.5814811650302115
874.5,0.5816987835748678,0.0015029762544145342,0.5801957586398453,0.5816987348942598
875.0,0.5819169704287434,0.0015029762544145342,0.5804139893800265,0.5819169656344411
875.5,0.5821358948675888,0.0015029762544145342,0.5806328809963408,0.5821358572507553
876.0,0.5823555568914038,0.0015029762544145342,0.5808525751051021,0.5823555513595167
876.5,0.5825811195949774,0.0015029762544145342,0.5810781226881837,0.5825810989425982
877.0,0.5828107851149452,0.0015029762544145342,0.581307777144377,0.5828107533987915
877.5,0.5830409116255193,0.0015029762544145342,0.5815379036549511,0.5830408799093656
878.0,0.583271775721063,0.0015029762544145342,0.5817687854525341,0.5832717617069486
878.5,0.5835034235006372,0.0015029762544145342,0.5820004225371262,0.5835033987915408
879.0,0.5837358088651813,0.0015029762544145342,0.5822328149087275,0.583735791163142
879.5,0.583968931814695,0.0015029762544145342,0.5824659153618996,0.5839688916163142
880.0,0.5842027923491786,0.0015029762544145342,0.5826997711020809,0.5842027473564955
880.5,0.5844372982705107,0.0015029762544145342,0.5829342877183952,0.5844372639728097
881.0,0.5846709744087519,0.0015029762544145342,0.5831679546368241,0.5846709308912387
881.5,0.5849053420329022,0.0015029762544145342,0.5834023296368241,0.5849053058912387
882.0,0.5851403089448405,0.0015029762544145342,0.583637318307519,0.5851402945619335
882.5,0.5853760595408091,0.0015029762544145342,0.583873062265223,0.5853760385196375
883.0,0.5856125477217475,0.0015029762544145342,0.5841095615099359,0.5856125377643504
883.5,0.5858497273885952,0.0015029762544145342,0.5843467216307818,0.5858496978851964
884.0,0.5860876446404126,0.0015029762544145342,0.5845846370386368,0.5860876132930514
884.5,0.5863262994771997,0.0015029762544145342,0.5848233077335009,0.5863262839879154
885.0,0.5865657379980174,0.0015029762544145342,0.585062733715374,0.5865657099697885
885.5,0.5868111232976538,0.0015029762544145342,0.5853081075824434,0.586811083836858
886.0,0.5870626397723517,0.0015029762544145342,0.5855596181564616,0.5870625944108762
886.5,0.5873136491573829,0.0015029762544145342,0.5858106566760991,0.5873136329305136
887.0,0.5875654422264445,0.0015029762544145342,0.5860624504827456,0.5875654267371602
887.5,0.587818065078597,0.0015029762544145342,0.5863150467818392,0.5878180230362537
888.0,0.5880714255157194,0.0015029762544145342,0.586568398367942,0.5880713746223565
888.5,0.5883255696368722,0.0015029762544145342,0.5868225524464918,0.5883255287009064
889.0,0.5885804974420553,0.0015029762544145342,0.5870775090174888,0.5885804852719033
889.5,0.5888362550303295,0.0015029762544145342,0.5873332680809329,0.5888362443353474
890.0,0.5890929345998159,0.0015029762544145342,0.5875899240477003,0.5890929003021148
890.5,0.5893503978533327,0.0015029762544145342,0.5878473825069148,0.5893503587613294
891.0,0.5896087369890012,0.0015029762544145342,0.5881057378694525,0.5896087141238671
891.5,0.5898673066199727,0.0015029762544145342,0.5883642820537426,0.5898672583081571
892.0,0.590125415260338,0.0015029762544145342,0.5886224013890899,0.5901253776435045
892.5,0.5903843075847338,0.0015029762544145342,0.5888813232168846,0.5903842994712991
893.0,0.5906441218903418,0.0015029762544145342,0.5891410947425643,0.5906440709969788
893.5,0.590904858177162,0.0015029762544145342,0.5894018575824435,0.590904833836858
894.0,0.5911696050822555,0.0015029762544145342,0.5896665856791202,0.5911695619335348
894.5,0.5914450008703502,0.0015029762544145342,0.5899419822048,0.5914449584592145
895.0,0.5917213186396573,0.0015029762544145342,0.590218322839241,0.5917212990936556
895.5,0.5919985583901766,0.0015029762544145342,0.5904955603770055,0.59199853663142
896.0,0.5922768123200293,0.0015029762544145342,0.5907737892289692,0.5922767654833837
896.5,0.5925559421320337,0.0015029762544145342,0.5910529149842562,0.5925558912386707
897.0,0.5928360400243108,0.0015029762544145342,0.5913330320537425,0.5928360083081571
897.5,0.593114708845709,0.0015029762544145342,0.591611685754649,0.5931146620090635
898.0,0.5933942996483195,0.0015029762544145342,0.5918912835643165,0.5933942598187311
898.5,0.593674950729324,0.0015029762544145342,0.5921719670990598,0.5936749433534744
899.0,0.5939568003859045,0.0015029762544145342,0.5924537835643165,0.5939567598187311
899.5,0.594239710320879,0.0015029762544145342,0.5927366857546489,0.5942396620090634
900.0,0.5945237266333081,0.0015029762544145342,0.5930207208754948,0.5945236971299094
900.5,0.5948088032241314,0.0015029762544145342,0.5933057945159782,0.5948087707703927
901.0,0.5950949861924094,0.0015029762544145342,0.5935920010869752,0.5950949773413897
901.5,0.595382275538142,0.0015029762544145342,0.5938792933830477,0.5953822696374622
902.0,0.5956709017566324,0.0015029762544145342,0.594167907431386,0.5956708836858006
902.5,0.595973864782973,0.0015029762544145342,0.5944708719328966,0.5959738481873111
903.0,0.5962795937529504,0.0015029762544145342,0.5947765743498151,0.5962795506042297
903.5,0.596586475199443,0.0015029762544145342,0.5950834569026852,0.5965864331570997
904.0,0.5968946013205721,0.0015029762544145342,0.595391614002383,0.5968945902567976
904.5,0.5972041104135196,0.0015029762544145342,0.5957010928543468,0.5972040691087613
905.0,0.5975149563792249,0.0015029762544145342,0.5960119406640144,0.597514916918429
905.5,0.5978270470195667,0.0015029762544145342,0.5963240630205099,0.5978270392749244
906.0,0.5981405206317267,0.0015029762544145342,0.5966375071292712,0.5981404833836858
906.5,0.598452196380523,0.0015029762544145342,0.5969492046368241,0.5984521808912386
907.0,0.5987651168039558,0.0015029762544145342,0.5972621294857667,0.5987651057401813
907.5,0.5990793280010858,0.0015029762544145342,0.5975763288815371,0.5990793051359516
908.0,0.599394922170034,0.0015029762544145342,0.5978918972350115,0.599394873489426
908.5,0.59971185321174,0.0015029762544145342,0.5982088345461897,0.5997118108006042
909.0,0.6000301211262037,0.0015029762544145342,0.5985270936096339,0.6000300698640484
909.5,0.6003498181115464,0.0015029762544145342,0.598846816041658,0.6003497922960725
910.0,0.6006785044137085,0.0015029762544145342,0.5991755075069147,0.6006784837613293
910.5,0.60101544244772,0.0015029762544145342,0.5995124599238332,0.6010154361782477
911.0,0.6013539017507317,0.0015029762544145342,0.5998508757093317,0.6013538519637462
911.5,0.6016937440255617,0.0015029762544145342,0.6001907548634102,0.6016937311178248
912.0,0.6020351536684526,0.0015029762544145342,0.6005321445915069,0.6020351208459215
912.5,0.6023779462831618,0.0015029762544145342,0.6008749504827456,0.6023779267371602
913.0,0.6027222140678106,0.0015029762544145342,0.6012192197425643,0.6027221959969788
913.5,0.6030680031214596,0.0015029762544145342,0.6015649995764012,0.6030679758308157
914.0,0.6034153595431694,0.0015029762544145342,0.6019123371896943,0.6034153134441088
914.5,0.6037644216301218,0.0015029762544145342,0.6022614214041957,0.6037643976586102
915.0,0.6041251006803484,0.0015029762544145342,0.6026221181564616,0.6041250944108761
915.5,0.6044900208441513,0.0015029762544145342,0.6029870161927153,0.6044899924471299
916.0,0.6048551254041966,0.0015029762544145342,0.6033521030507214,0.6048550793051359
916.5,0.6052182016055749,0.0015029762544145342,0.6037152072803287,0.6052181835347432
917.0,0.6055827068778323,0.0015029762544145342,0.6040796804676398,0.6055826567220544
917.5,0.6059485029237868,0.0015029762544145342,0.6044454754072169,0.6059484516616315
918.0,0.6063155897434385,0.0015029762544145342,0.6048125920990598,0.6063155683534743
918.5,0.6066841517330297,0.0015029762544145342,0.6051811249540446,0.6066841012084592
919.0,0.607054234991621,0.0015029762544145342,0.6055512155884858,0.6070541918429003
919.5,0.607431970694274,0.0015029762544145342,0.6059289535038936,0.6074319297583082
920.0,0.6078188340109281,0.0015029762544145342,0.6063158492742864,0.6078188255287009
920.5,0.6082072646956429,0.0015029762544145342,0.6067042556186972,0.6082072318731118
921.0,0.6085971244512368,0.0015029762544145342,0.6070941253316882,0.6085971015861027
921.5,0.6089885054758308,0.0015029762544145342,0.6074855056186973,0.6089884818731118
922.0,0.6093814538684856,0.0015029762544145342,0.6078784436851625,0.6093814199395771
922.5,0.6097757852329588,0.0015029762544145342,0.6082727979147697,0.6097757741691843
923.0,0.6101718222626746,0.0015029762544145342,0.6086688043347094,0.6101717805891239
923.5,0.6105695188585725,0.0015029762544145342,0.6090665101504193,0.6105694864048339
924.0,0.6109750061957138,0.0015029762544145342,0.6094720048634102,0.6109749811178248
924.5,0.6113912807130382,0.0015029762544145342,0.6098882624162804,0.6113912386706949
925.0,0.6118091686974839,0.0015029762544145342,0.6103061721594828,0.6118091484138973
925.5,0.612228808446233,0.0015029762544145342,0.6107257812984556,0.6122287575528701
926.0,0.6126501538602247,0.0015029762544145342,0.6111471370386369,0.6126501132930514
926.5,0.6130731127413378,0.0015029762544145342,0.6115700977637124,0.6130730740181269
927.0,0.6134978694858148,0.0015029762544145342,0.6119948522954344,0.6134978285498489
927.5,0.613924377994595,0.0015029762544145342,0.6124213534283649,0.6139243296827794
928.0,0.6143528226639209,0.0015029762544145342,0.6128498371896942,0.6143528134441087
928.5,0.614793944574915,0.0015029762544145342,0.6132909248029873,0.6147939010574018
929.0,0.6152427650290313,0.0015029762544145342,0.6137397541081232,0.6152427303625377
929.5,0.6156935216436934,0.0015029762544145342,0.6141905188362199,0.6156934950906344
930.0,0.616146214418901,0.0015029762544145342,0.6146432189872774,0.6161461952416919
930.5,0.6166007511565332,0.0015029762544145342,0.6150977601504193,0.6166007364048338
931.0,0.6170571779556505,0.0015029762544145342,0.615554189531084,0.6170571657854985
931.5,0.617515587014374,0.0015029762544145342,0.6160126015401474,0.6175155777945619
932.0,0.6179761627289464,0.0015029762544145342,0.6164731377939239,0.6179761140483384
932.5,0.6184421781326709,0.0015029762544145342,0.616939149878516,0.6184421261329305
933.0,0.6189251118916399,0.0015029762544145342,0.617422108715374,0.6189250849697885
933.5,0.6194101662073971,0.0015029762544145342,0.6179071445915069,0.6194101208459214
934.0,0.6198973410799424,0.0015029762544145342,0.6183943519177909,0.6198973281722054
934.5,0.6203866826083365,0.0015029762544145342,0.6188836834887879,0.6203866597432024
935.0,0.6208780985944581,0.0015029762544145342,0.6193750920990598,0.6208780683534744
935.5,0.6213718195336103,0.0015029762544145342,0.619868813775797,0.6213717900302115
936.0,0.6218676610295506,0.0015029762544145342,0.6203646596972471,0.6218676359516616
936.5,0.6223661301719458,0.0015029762544145342,0.6208631019177909,0.6223660781722055
937.0,0.622886680764374,0.0015029762544145342,0.6213836834887879,0.6228866597432025
937.5,0.6234096746070147,0.0015029762544145342,0.6219066725371263,0.6234096487915408
938.0,0.6239349273036254,0.0015029762544145342,0.6224319274464918,0.6239349037009063
938.5,0.6244586126321753,0.0015029762544145342,0.6229556245764012,0.6244586008308157
939.0,0.6249809610879673,0.0015029762544145342,0.6234779527486066,0.6249809290030212
939.5,0.6255057066949112,0.0015029762544145342,0.6240026883981534,0.625505664652568
940.0,0.626032849453007,0.0015029762544145342,0.6245298315250417,0.6260328077794562
940.5,0.6265646943152852,0.0015029762544145342,0.6250616951957365,0.626564671450151
941.0,0.62711889722196,0.0015029762544145342,0.6256158870386368,0.6271188632930513
941.5,0.6276755433788472,0.0015029762544145342,0.6261725335643166,0.6276755098187311
942.0,0.6282347249840682,0.0015029762544145342,0.6267317291836519,0.6282347054380665
942.5,0.6287964881366833,0.0015029762544145342,0.6272934738966429,0.6287964501510575
943.0,0.6293607867376322,0.0015029762544145342,0.6278577677032894,0.6293607439577039
943.5,0.6299277129850359,0.0015029762544145342,0.6284247050144677,0.6299276812688822
944.0,0.6304975434732581,0.0015029762544145342,0.6289945218573679,0.6304974981117825
944.5,0.631080604391876,0.0015029762544145342,0.6295776034283649,0.6310805796827794
945.0,0.6316799843779504,0.0015029762544145342,0.6301769708754948,0.6316799471299094
945.5,0.6322820842086009,0.0015029762544145342,0.6307790762380326,0.6322820524924472
946.0,0.6328870421810092,0.0015029762544145342,0.6313840139268544,0.6328869901812689
946.5,0.6334946738989331,0.0015029762544145342,0.631991689531084,0.6334946657854985
947.0,0.6341053020557968,0.0015029762544145342,0.6326022918724736,0.6341052681268882
947.5,0.6347187883544184,0.0015029762544145342,0.6332157737455855,0.63471875
948.0,0.6353367001628588,0.0015029762544145342,0.6338336929298755,0.63533666918429
948.5,0.6359826862992116,0.0015029762544145342,0.6344796993498151,0.6359826756042296
949.0,0.6366318071716862,0.0015029762544145342,0.635128821328667,0.6366317975830815
949.5,0.6372839244831005,0.0015029762544145342,0.6357809172501172,0.6372838935045317
950.0,0.6379391304315757,0.0015029762544145342,0.6364361287304797,0.6379391049848943
950.5,0.6385974711161726,0.0015029762544145342,0.6370944557697547,0.6385974320241692
951.0,0.6392590387350122,0.0015029762544145342,0.6377560399842561,0.6392590162386707
951.5,0.6399242942787009,0.0015029762544145342,0.6384213062229268,0.6399242824773413
952.0,0.6406180390418477,0.0015029762544145342,0.6391150373407516,0.6406180135951661
952.5,0.6413185603669043,0.0015029762544145342,0.639815566041658,0.6413185422960725
953.0,0.6420224930224462,0.0015029762544145342,0.6405194935341051,0.6420224697885196
953.5,0.6427297448103522,0.0015029762544145342,0.6412267254072169,0.6427297016616315
954.0,0.6434403618296828,0.0015029762544145342,0.6419373560718694,0.643440332326284
954.5,0.6441545745757411,0.0015029762544145342,0.6426515743498151,0.6441545506042297
955.0,0.6448727518410121,0.0015029762544145342,0.6433697578845583,0.6448727341389728
955.5,0.6456242587271054,0.0015029762544145342,0.6441212684585764,0.645624244712991
956.0,0.6463812053023509,0.0015029762544145342,0.6448782076579722,0.6463811839123867
956.5,0.647141747604324,0.0015029762544145342,0.645638734470661,0.6471417107250755
957.0,0.6479058856330249,0.0015029762544145342,0.6464028961020809,0.6479058723564954
957.5,0.6486739420818778,0.0015029762544145342,0.6471709285794224,0.6486739048338369
958.0,0.6494458247527615,0.0015029762544145342,0.6479428319026852,0.6494458081570997
958.5,0.6502280336132222,0.0015029762544145342,0.6487250260114465,0.6502280022658611
959.0,0.6510349515701709,0.0015029762544145342,0.6495319557697546,0.6510349320241692
959.5,0.6518457418482109,0.0015029762544145342,0.6503427563739843,0.6518457326283988
960.0,0.652660681041706,0.0015029762544145342,0.6511576638513257,0.6526606401057402
960.5,0.6534909712223849,0.0015029762544145342,0.6519879603014767,0.6534909365558912
961.0,0.6543346762297017,0.0015029762544145342,0.6528316630960387,0.6543346393504532
961.5,0.6551826223505948,0.0015029762544145342,0.6536796143800265,0.6551825906344411
962.0,0.6560350400803673,0.0015029762544145342,0.6545320501806308,0.6560350264350453
962.5,0.6569116598169609,0.0015029762544145342,0.655408655165525,0.6569116314199396
963.0,0.6577941341342523,0.0015029762544145342,0.6562911136247396,0.6577940898791541
963.5,0.6586810339613623,0.0015029762544145342,0.6571780093951323,0.6586809856495468
964.0,0.6595808876245044,0.0015029762544145342,0.6580778866609933,0.6595808629154079
964.5,0.6604997341006184,0.0015029762544145342,0.6589967405129571,0.6604997167673716
965.0,0.661423374879036,0.0015029762544145342,0.6599203621141655,0.66142333836858
965.5,0.6623516716625756,0.0015029762544145342,0.6608486570537425,0.662351633308157
966.0,0.6633028796792391,0.0015029762544145342,0.66179989383622,0.6633028700906345
966.5,0.6642499387804475,0.0015029762544145342,0.6627469293347094,0.6642499055891239
967.0,0.6652014694905353,0.0015029762544145342,0.663698449349815,0.6652014256042296
967.5,0.6661678440981401,0.0015029762544145342,0.6646648390779117,0.6661678153323263
968.0,0.6671533498158988,0.0015029762544145342,0.6656503470084253,0.6671533232628398
968.5,0.6681430966472338,0.0015029762544145342,0.6666401034283649,0.6681430796827794
969.0,0.6691381448705391,0.0015029762544145342,0.6676351468573679,0.6691381231117824
969.5,0.6701632957804239,0.0015029762544145342,0.6686603073558574,0.6701632836102719
970.0,0.6711927800020062,0.0015029762544145342,0.6696897635492108,0.6711927398036254
970.5,0.6722268280305891,0.0015029762544145342,0.6707237986700567,0.6722267749244712
971.0,0.6732838333913567,0.0015029762544145342,0.671780822839241,0.6732837990936555
971.5,0.6743542535787622,0.0015029762544145342,0.6728512533528362,0.6743542296072508
972.0,0.6754292375731684,0.0015029762544145342,0.6739262155884858,0.6754291918429003
972.5,0.6765200335453644,0.0015029762544145342,0.6750170388513257,0.6765200151057402
973.0,0.6776349393262604,0.0015029762544145342,0.6761319368875794,0.677634913141994
973.5,0.6787554230934904,0.0015029762544145342,0.6772524051655251,0.6787553814199396
974.0,0.6798853571681458,0.0015029762544145342,0.678382361736522,0.6798853379909365
974.5,0.6810477910805325,0.0015029762544145342,0.6795447956489087,0.6810477719033232
975.0,0.6822154802858289,0.0015029762544145342,0.6807124693649208,0.6822154456193353
975.5,0.6833892545671262,0.0015029762544145342,0.6818862325824435,0.683389208836858
976.0,0.684596911657973,0.0015029762544145342,0.6830938893044979,0.6845968655589124
976.5,0.6858131892731543,0.0015029762544145342,0.6843101846217184,0.685813160876133
977.0,0.6870354136671545,0.0015029762544145342,0.6855324278241353,0.6870354040785498
977.5,0.6882882478374008,0.0015029762544145342,0.6867852601504193,0.6882882364048338
978.0,0.6895555110136188,0.0015029762544145342,0.6880524901353136,0.6895554663897281
978.5,0.690828905364898,0.0015029762544145342,0.6893259040325945,0.6908288802870091
979.0,0.6921301896478474,0.0015029762544145342,0.6906271691383347,0.6921301453927492
979.5,0.6934506972390719,0.0015029762544145342,0.691947694062806,0.6934506703172205
980.0,0.6947776125997215,0.0015029762544145342,0.6932745917214163,0.6947775679758308
980.5,0.6961309427221016,0.0015029762544145342,0.6946279244253438,0.6961309006797584
981.0,0.6975073223747876,0.0015029762544145342,0.6960042933830477,0.6975072696374622
981.5,0.6988901558959593,0.0015029762544145342,0.6973871294857668,0.6988901057401813
982.0,0.7002993119807401,0.0015029762544145342,0.6987963062229269,0.7002992824773414
982.5,0.7017340991432213,0.0015029762544145342,0.700231068307519,0.7017340445619336
983.0,0.7031755245704305,0.0015029762544145342,0.7016725335643166,0.7031755098187311
983.5,0.7046446555330674,0.0015029762544145342,0.7031416612078211,0.7046446374622356
984.0,0.7061405239508591,0.0015029762544145342,0.7046375071292713,0.7061404833836858
984.5,0.7076433533268033,0.0015029762544145342,0.7061403394555552,0.7076433157099697
985.0,0.7091768846771148,0.0015029762544145342,0.7076738553165824,0.709176831570997
985.5,0.7107364158976114,0.0015029762544145342,0.7092334285794223,0.7107364048338368
986.0,0.7123034151659271,0.0015029762544145342,0.7108004130960386,0.7123033893504531
986.5,0.7139062795033988,0.0015029762544145342,0.7124032737455854,0.71390625
987.0,0.7155325160646007,0.0015029762544145342,0.7140295010869752,0.7155324773413897
987.5,0.7171665894661065,0.0015029762544145342,0.7156635645310839,0.7171665407854985
988.0,0.7188430279043145,0.0015029762544145342,0.7173400184585764,0.718842994712991
988.5,0.7205387357498584,0.0015029762544145342,0.7190357322048,0.7205387084592145
989.0,0.722242787525373,0.0015029762544145342,0.7207397541081232,0.7222427303625377
989.5,0.723998424149712,0.0015029762544145342,0.7224954187606912,0.7239983950151058
990.0,0.7257666919166588,0.0015029762544145342,0.7242636872652229,0.7257666635196375
990.5,0.7275471298356071,0.0015029762544145342,0.7260441347727759,0.7275471110271904
991.0,0.7293745426973187,0.0015029762544145342,0.7278715516912048,0.7293745279456193
991.5,0.7312183207255476,0.0015029762544145342,0.7297153016912048,0.7312182779456193
992.0,0.7330975489313869,0.0015029762544145342,0.7315945501806308,0.7330975264350453
992.5,0.7349991812806835,0.0015029762544145342,0.7334961740477003,0.7349991503021148
993.0,0.73693170000059,0.0015029762544145342,0.7354286702712652,0.7369316465256798
993.5,0.7388933533268033,0.0015029762544145342,0.7373903394555552,0.7388933157099697
994.0,0.740880591631656,0.0015029762544145342,0.7393775939872773,0.7408805702416918
994.5,0.7429046630859375,0.0015029762544145342,0.7414016687606912,0.7429046450151058
995.0,0.7449480039475548,0.0015029762544145342,0.7434450033528363,0.7449479796072508
995.5,0.7470370289782383,0.0015029762544145342,0.7455340328090295,0.7470370090634441
996.0,0.7491438021472574,0.0015029762544145342,0.7476408115099359,0.7491437877643504
996.5,0.7512941389285546,0.0015029762544145342,0.7497911136247395,0.751294089879154
997.0,0.7534693231035215,0.0015029762544145342,0.7519662930054042,0.7534692692598187
997.5,0.7556803723476444,0.0015029762544145342,0.7541773485189993,0.7556803247734138
998.0,0.7579263185806505,0.0015029762544145342,0.7564232888513256,0.7579262651057401
998.5,0.7601986795753871,0.0015029762544145342,0.7586956642289692,0.7601986404833837
999.0,0.7625178772157053,0.0015029762544145342,0.7610148674011746,0.7625178436555892
999.5,0.7648582343248442,0.0015029762544145342,0.7633552186096338,0.7648581948640484
1000.0,0.7672470876457468,0.0015029762544145342,0.7657440970084254,0.7672470732628399
1000.5,0.7696628628180466,0.0015029762544145342,0.7681598353014767,0.7696628115558912
1001.0,0.7721163470219269,0.0015029762544145342,0.7706133379449812,0.7721163141993957
1001.5,0.7746125650549943,0.0015029762544145342,0.7731095615099359,0.7746125377643505
1002.0,0.7771350134535498,0.0015029762544145342,0.7756320312984556,0.7771350075528701
1002.5,0.7797139793004154,0.0015029762544145342,0.7782109587909027,0.7797139350453173
1003.0,0.7823182074324962,0.0015029762544145342,0.7808152356035916,0.7823182118580061
1003.5,0.7849681658327039,0.0015029762544145342,0.7834651128694525,0.7849680891238671
1004.0,0.7876574006325529,0.0015029762544145342,0.786154406676099,0.7876573829305136
1004.5,0.7903769686142844,0.0015029762544145342,0.7888739119631081,0.7903768882175226
1005.0,0.793153515034932,0.0015029762544145342,0.7916505358301776,0.7931535120845922
1005.5,0.7959591038637651,0.0015029762544145342,0.7944560494253439,0.7959590256797583
1006.0,0.798813281102483,0.0015029762544145342,0.7973102790325947,0.7988132552870091
1006.5,0.8017042453915691,0.0015029762544145342,0.800201234470661,0.8017042107250756
1007.0,0.8046410321469033,0.0015029762544145342,0.803137979183652,0.8046409554380665
1007.5,0.8076205066323641,0.0015029762544145342,0.8061174920235312,0.8076204682779456
1008.0,0.8106441440178909,0.0015029762544145342,0.8091410947425645,0.8106440709969789
1008.5,0.8137096393504532,0.0015029762544145342,0.8122066158906006,0.8137095921450151
1009.0,0.8168216947342334,0.0015029762544145342,0.8153186816005704,0.8168216578549848
1009.5,0.8199796647823829,0.0015029762544145342,0.8184766309963408,0.8199796072507552
1010.0,0.8231820743249623,0.0015029762544145342,0.8216790479147699,0.8231820241691843
1010.5,0.8264288311638501,0.0015029762544145342,0.8249258379449813,0.8264288141993957
1011.0,0.8297204884877738,0.0015029762544145342,0.828217473141356,0.8297204493957704
1011.5,0.8330570462967334,0.0015029762544145342,0.8315540479147698,0.8330570241691843
1012.0,0.8364388733832138,0.0015029762544145342,0.8349358454978514,0.8364388217522659
1012.5,0.8398659697472148,0.0015029762544145342,0.8383629603014768,0.8398659365558913
1013.0,0.843338427586858,0.0015029762544145342,0.841835392325646,0.8433383685800604
1013.5,0.8468563391002644,0.0015029762544145342,0.8453533303921112,0.8468563066465257
1014.0,0.8504214560517371,0.0015029762544145342,0.848918473896643,0.8504214501510574
1014.5,0.8540336862431552,0.0015029762544145342,0.8525306340174889,0.8540336102719033
1015.0,0.8576921076933063,0.0015029762544145342,0.8561890554676399,0.8576920317220543
1015.5,0.8613948764397659,0.0015029762544145342,0.8598918500295735,0.8613948262839879
1016.0,0.8651416236900491,0.0015029762544145342,0.863638640059785,0.8651416163141994
1016.5,0.8689328104347621,0.0015029762544145342,0.8674298032017789,0.8689327794561934
1017.0,0.8727679756832987,0.0015029762544145342,0.8712649618120508,0.8727679380664652
1017.5,0.8766467506431741,0.0015029762544145342,0.8751437382470961,0.8766467145015105
1018.0,0.8805683977294184,0.0015029762544145342,0.8790653772199057,0.8805683534743203
1018.5,0.8845323637533044,0.0015029762544145342,0.883029312265223,0.8845322885196375
1019.0,0.8885390175073169,0.0015029762544145342,0.8870360154374285,0.8885389916918429
1019.5,0.8925848554628493,0.0015029762544145342,0.8910818047123529,0.8925847809667674
1020.0,0.8966730123560234,0.0015029762544145342,0.8951699844706611,0.8966729607250755
1020.5,0.900798878280778,0.0015029762544145342,0.8992958341685463,0.9007988104229607
1021.0,0.9049615312559007,0.0015029762544145342,0.9034585041081233,0.9049614803625378
1021.5,0.9091646592062406,0.0015029762544145342,0.9076616763135614,0.9091646525679759
1022.0,0.9134024536501605,0.0015029762544145342,0.9118994028996641,0.9134023791540785
1022.5,0.9176733472195997,0.0015029762544145342,0.9161703621141656,0.91767333836858
1023.0,0.9219767867258308,0.0015029762544145342,0.9204737986700569,0.9219767749244713
1023.5,0.9263142473387934,0.0015029762544145342,0.924811223141356,0.9263141993957704
1024.0,0.930680565963699,0.0015029762544145342,0.9291775373407517,0.9306805135951661
1024.5,0.9350738986381231,0.0015029762544145342,0.9335708530507215,0.9350738293051359
1025.0,0.9394941531639445,0.0015029762544145342,0.9379911702712653,0.9394941465256798
1025.5,0.9439405919561934,0.0015029762544145342,0.9424375448936219,0.9439405211480363
1026.0,0.9484073143351114,0.0015029762544145342,0.946904312265223,0.9484072885196375
1026.5,0.9528963486593656,0.0015029762544145342,0.9513933606035916,0.952896336858006
1027.0,0.9574040992022281,0.0015029762544145342,0.9559011022954345,0.957404078549849
1027.5,0.9619282610106684,0.0015029762544145342,0.9604252714797246,0.961928247734139
1028.0,0.9664666213297772,0.0015029762544145342,0.9649636022954345,0.966466578549849
1028.5,0.9710171518008874,0.0015029762544145342,0.9695141121141656,0.97101708836858
1029.0,0.975577270876605,0.0015029762544145342,0.9740742518422623,0.9755772280966767
1029.5,0.9801456877832326,0.0015029762544145342,0.9786426997274587,0.9801456759818731
1030.0,0.984718530199679,0.0015029762544145342,0.9832154905129572,0.9847184667673716
1030.5,0.9892942307578833,0.0015029762544145342,0.9877912080356158,0.9892941842900302
1031.0,0.9938703001085725,0.0015029762544145342,0.9923673032017789,0.9938702794561933
1031.5,0.9983881002466484,0.0015029762544145342,0.996885052446492,0.9983880287009064
1032.0,1.0000000921981211,0.0015029762544145342,0.9984970237455856,1.0
1032.5,1.0000000921981211,0.0015029762544145342,0.9984970237455856,1.0
