time_ns,Q_total,Q_electron,Q_hole,Q_no_trapping
0.0,0.0,-2.7445527609561506e-12,2.7445527609561506e-12,0.0
0.5,4.565622516854292e-6,2.245511309760046e-6,2.3201108413180082e-6,4.5656221510780545e-6
1.0,9.127649171925023e-6,4.478019666597754e-6,4.649628908830636e-6,9.127648575428389e-6
1.5,1.3686257929420183e-5,6.697637573611891e-6,6.988620333298984e-6,1.3686257906910876e-5
2.0,1.8242569330775845e-5,8.90514871483286e-6,9.33741933291249e-6,1.824256804774535e-5
2.5,2.2797427475002236e-5,1.1100720199355377e-5,1.1696705868815177e-5,2.2797426068170554e-5
3.0,2.735164129031749e-5,1.3284968602115125e-5,1.4066670099632066e-5,2.735163870174719e-5
3.5,3.190603095959321e-5,1.5458135943180317e-5,1.6447894026003385e-5,3.19060299691837e-5
4.0,3.646159955381987e-5,1.7620873371782092e-5,1.884072339088372e-5,3.646159676266581e-5
4.5,4.101918835834434e-5,1.9773613066613685e-5,2.1245573085818574e-5,4.101918615243226e-5
5.0,4.557924474564204e-5,2.19168448301941e-5,2.366239701174734e-5,4.5579241841941443e-5
5.5,5.0143414708782896e-5,2.4051110326485524e-5,2.6092301546124703e-5,5.014341187261023e-5
6.0,5.471178547133132e-5,2.6176910882772107e-5,2.853487179740515e-5,5.471178268017726e-5
6.5,5.9285519076258036e-5,2.8294730539190275e-5,3.0990787726732706e-5,5.928551826592298e-5
7.0,6.386580851683084e-5,3.040530688070982e-5,3.346049879994834e-5,6.386580568065816e-5
7.5,6.84530533332479e-5,3.250895971956373e-5,3.5944085690408125e-5,6.845304829116315e-5
8.0,7.304815952511352e-5,3.460634308617444e-5,3.844181346771057e-5,7.3048156553885e-5
8.5,7.765228069440836e-5,3.669805338713861e-5,4.0954223795817864e-5,7.765227718295647e-5
9.0,8.226623843083569e-5,3.8784721603348364e-5,4.348151259573762e-5,8.226623419908599e-5
9.5,8.689079805083145e-5,4.086677991349695e-5,4.602401408565926e-5,8.689079399915621e-5
10.0,9.152713003835649e-5,4.294505233829278e-5,4.858207400853737e-5,9.152712634683015e-5
10.5,9.617596594588634e-5,4.502006037335905e-5,5.1155899810144716e-5,9.617596306469506e-5
11.0,0.00010083870135045124,4.709257041557841e-5,5.37461253525647e-5,0.0001008386986493344
11.5,0.00010551560636373445,4.916307514866116e-5,5.635252014049427e-5,0.00010551559817034672
12.0,0.0001102081215813801,5.123240435569831e-5,5.897570651125169e-5,0.00011020811374814129
12.5,0.0001149166521709131,5.33010881758869e-5,6.161555769242025e-5,0.00011491664874949844
13.0,0.00011964263872797756,5.536982961990125e-5,6.427279974420461e-5,0.00011964263224529716
13.5,0.00012438656520267268,5.7439359069732935e-5,6.694720217130172e-5,0.000124386559800439
14.0,0.00012914896056371152,5.951025420423524e-5,6.963869582512064e-5,0.00012914895002935587
14.5,0.00013393143422654028,6.15833390441166e-5,7.234808743922209e-5,0.00013393142792393433
15.0,0.00013873490907274344,6.365929643171234e-5,7.507560750890911e-5,0.00013873490394062147
15.5,0.00014356003787222225,6.573873862017121e-5,7.782130213324233e-5,0.00014356003499103097
16.0,0.00014840764221468,6.782250043466895e-5,8.05851367379263e-5,0.00014840763933348871
16.5,0.00015327916269576082,6.991129641064507e-5,8.336786043269593e-5,0.00015327915756363882
17.0,0.0001581752183214055,7.200587745857906e-5,8.616933492036941e-5,0.00015817521201879955
17.5,0.00016309619174983205,7.41059687848518e-5,8.899021711256046e-5,0.00016309618301622096
18.0,0.00016803877411292038,7.620882155289986e-5,9.182994229577657e-5,0.00016803876294830414
18.5,0.00017261193373052015,7.792253018124029e-5,9.468939787693451e-5,0.0001726119280581748
19.0,0.00017549093036132996,7.792253018124029e-5,9.75683879350267e-5,0.000175490918116267
19.5,0.00017838987023808804,7.792253018124029e-5,0.00010046732736159864,0.00017838985754283895
20.0,0.00018130888841663603,7.792253018124029e-5,0.00010338635445383217,0.00018130888463507245
20.5,0.00018424827751796412,7.792253018124029e-5,0.0001063257342813258,0.00018424826446256608
21.0,0.00018720791374088414,7.792253018124029e-5,0.00010928537464595831,0.0001872079048271986
21.5,0.00019018817974361408,7.792253018124029e-5,0.00011226564434021458,0.00019018817452145487
22.0,0.00019318885043308453,7.792253018124029e-5,0.00011526631286879157,0.00019318884305003186
22.5,0.0001962103422314739,7.792253018124029e-5,0.00011828779512323478,0.00019621032530447508
23.0,0.00019925209240610867,7.792253018124029e-5,0.00012132954943958202,0.00019925207962082233
23.5,0.00020231416848490966,7.792253018124029e-5,0.00012439163344165908,0.00020231416362289937
24.0,0.00020539699814470873,7.792253018124029e-5,0.0001274744620210114,0.0002053969922022517
24.5,0.0002085013917205557,7.792253018124029e-5,0.00013057884191119975,0.00020850137209244005
25.0,0.00021162734921245055,7.792253018124029e-5,0.00013370481921128472,0.00021162734939252502
25.5,0.0002147079729601696,7.792253018124029e-5,0.0001367854350357277,0.000214707965216968
26.0,0.00021779453916492058,7.792253018124029e-5,0.0001398719976389896,0.0002177945278202299
26.5,0.0002209031419811652,7.792253018124029e-5,0.00014298059559322393,0.00022090312577446422
27.0,0.00022403290354593283,7.792253018124029e-5,0.00014611035301627907,0.00022403288319751936
27.5,0.00022718492681526346,7.792253018124029e-5,0.00014926237628560968,0.00022718490646684997
28.0,0.00023035844647272116,7.792253018124029e-5,0.0001524359047667157,0.000230358434947956
28.5,0.0002335537776486031,7.792253018124029e-5,0.00015563123810349112,0.0002335537682847314
29.0,0.000236771010380137,7.792253018124029e-5,0.00015884846849405711,0.0002367709986752974
29.5,0.00024001009964870902,7.792253018124029e-5,0.00016208754983935308,0.00024001008002059337
30.0,0.00024327113549154692,7.792253018124029e-5,0.00016534859738703058,0.00024327112756827087
30.5,0.000246554005362116,7.792253018124029e-5,0.00016863147283990775,0.000246554003021148
31.0,0.0002498590694093272,7.792253018124029e-5,0.00017193652194093917,0.00024985905212217946
31.5,0.00025318655272625005,7.792253018124029e-5,0.00017526402128448856,0.00025318655146572885
32.0,0.0002565362977477359,7.792253018124029e-5,0.00017861376342478313,0.0002565362936060234
32.5,0.0002599088221878444,7.792253018124029e-5,0.0001819862785010199,0.0002599088086822602
33.0,0.000263303540804595,7.792253018124029e-5,0.00018538099027494125,0.00026330352045618157
33.5,0.00026672117389580995,7.792253018124029e-5,0.00018879863633151697,0.0002667211665127573
34.0,0.0002701618790266377,7.792253018124029e-5,0.00019223933191839858,0.0002701618620996389
34.5,0.00027362504844579094,7.792253018124029e-5,0.00019570250079732843,0.0002736250309785687
35.0,0.00027711122237663617,7.792253018124029e-5,0.00019918867310750356,0.0002771112032887439
35.5,0.0002806203332912526,7.792253018124029e-5,0.00020269777970033308,0.00028062030988157334
36.0,0.00028415213358726384,7.792253018124029e-5,0.00020622959008051385,0.00028415212026175414
36.5,0.00028770756865556144,7.792253018124029e-5,0.0002097850262292582,0.0002877075564104985
37.0,0.00029128571561456084,7.792253018124029e-5,0.00021336316616535383,0.0002912856963465941
37.5,0.000294887339780698,7.792253018124029e-5,0.0002169647935728312,0.0002948873237540715
38.0,0.0002985121710422896,7.792253018124029e-5,0.00022058963185732656,0.0002985121620385668
38.5,0.00030216063707616753,7.792253018124029e-5,0.00022423809591038546,0.00030216062609162575
39.0,0.0003058324002427277,7.792253018124029e-5,0.00022790986303858362,0.0003058323932198239
39.5,0.0003095276631257325,7.792253018124029e-5,0.0002316051176381635,0.0003095276478194038
40.0,0.0003132465832903306,7.792253018124029e-5,0.00023532404410536752,0.00031324657428660784
40.5,0.0003169890932086011,7.792253018124029e-5,0.00023906655024207447,0.00031698908042331476
41.0,0.00032075508033400934,7.792253018124029e-5,0.00024283254385016313,0.0003207550740314034
41.5,0.0003245449723433872,7.792253018124029e-5,0.00024662241677164866,0.00032454494695288895
42.0,0.00032835890429257626,7.792253018124029e-5,0.0002504363534027736,0.0003283588835840139
42.5,0.00033219649352335856,7.792253018124029e-5,0.00025427393885199236,0.00033219646903323265
43.0,0.00033605789760088274,7.792253018124029e-5,0.0002581353575155474,0.00033605788769678767
43.5,0.0003399434091461389,7.792253018124029e-5,0.00026202086293827207,0.00033994339311951236
44.0,0.00034385305066843405,7.792253018124029e-5,0.00026593050121922704,0.0003438530314004673
44.5,0.0003477864170002433,7.792253018124029e-5,0.00026986388051639706,0.00034778641069763735
45.0,0.0003517442959673095,7.792253018124029e-5,0.00027382173841475197,0.00035174426859599226
45.5,0.00035572641745794934,7.792253018124029e-5,0.00027780386746851897,0.00035572639764975926
46.0,0.00035973280398146986,7.792253018124029e-5,0.00028181026767769805,0.00035973279785893835
46.5,0.0003640221324932179,7.792253018124029e-5,0.00028609957782185167,0.00036402210800309196
47.0,0.0003683611615546881,7.792253018124029e-5,0.00029043860580287505,0.00036836113598411534
47.5,0.0003727285973615157,7.792253018124029e-5,0.00029480605385476564,0.00037272858403600593
48.0,0.000377125070174295,7.792253018124029e-5,0.00029920252126531134,0.00037712505144655163
48.5,0.0003815496796207486,7.792253018124029e-5,0.00030362710910283023,0.0003815496392840705
49.0,0.00038600418142681754,7.792253018124029e-5,0.00030808161523068615,0.00038600414541192644
49.5,0.0003904868198665607,7.792253018124029e-5,0.0003125642648350456,0.0003904867950162859
50.0,0.00039499836025641403,7.792253018124029e-5,0.0003170757955008783,0.00039499832568211856
50.5,0.0003995389376522191,7.792253018124029e-5,0.0003216163685748964,0.0003995388987561367
51.0,0.0004041081919050649,7.792253018124029e-5,0.0003261856613636757,0.00040410819154491597
51.5,0.00040870661821970405,7.792253018124029e-5,0.0003307840887587616,0.0004087066189400019
52.0,0.0004133347568195032,7.792253018124029e-5,0.0003354122039488815,0.0004133347341301218
52.5,0.00041799112209020426,7.792253018124029e-5,0.0003400685778631564,0.0004179911080443967
53.0,0.00042267697455299584,7.792253018124029e-5,0.0003447544090771623,0.0004226769392584026
53.5,0.0004273924492637196,7.792253018124029e-5,0.0003494698819871415,0.0004273924121683818
54.0,0.0004321361056267315,7.792253018124029e-5,0.0003542135675222151,0.0004321360977034554
54.5,0.000436909564312131,7.792253018124029e-5,0.000358987033050444,0.0004369095632316843
55.0,0.0004417126002268489,7.792253018124029e-5,0.000363790048076525,0.00044171257825776527
55.5,0.00044654435801722134,7.792253018124029e-5,0.00036862182891642776,0.00044654435909766805
56.0,0.0004514054679438427,7.792253018124029e-5,0.0003734829287588796,0.0004514054589401199
56.5,0.0004562960200439407,7.792253018124029e-5,0.0003783734859010624,0.00045629601608230267
57.0,0.000461216149373357,7.792253018124029e-5,0.00038329359254109734,0.00046121612272233763
57.5,0.0004661655408017945,7.792253018124029e-5,0.0003882429720846207,0.000466165502265861
58.0,0.0004711443293850948,7.792253018124029e-5,0.00039322176282881446,0.00047114429301005475
58.5,0.00047615247010464394,7.792253018124029e-5,0.00039822991867461793,0.0004761524488558582
59.0,0.0004811904581651947,7.792253018124029e-5,0.00040326790061263716,0.00048119043079387745
59.5,0.00048625802345506373,7.792253018124029e-5,0.0004083354781475692,0.0004862580083288095
60.0,0.0004913548508439539,7.792253018124029e-5,0.00041343228248692907,0.0004913548126681694
60.5,0.0004964815255738457,7.792253018124029e-5,0.0004185589590175654,0.0004964814891988057
61.0,0.0005016380926633529,7.792253018124029e-5,0.0004237155538385388,0.0005016380840197791
61.5,0.000506823651740198,7.792253018124029e-5,0.00042890109886957635,0.0005068236290508166
62.0,0.0005120391481952725,7.792253018124029e-5,0.0004341166082900116,0.0005120391384712519
62.5,0.0005172843119168929,7.792253018124029e-5,0.0004393617594064202,0.0005172842895876605
63.0,0.0005225585126444652,7.792253018124029e-5,0.00044463595293101424,0.0005225584831122545
63.5,0.0005278635961411583,7.792253018124029e-5,0.0004499410328262182,0.0005278635630074584
64.0,0.0005331974015135059,7.792253018124029e-5,0.0004552748324361832,0.0005331973626174235
64.5,0.0005385614143757661,7.792253018124029e-5,0.0004606388730299096,0.0005385614032111499
65.0,0.0005439544642439781,7.792253018124029e-5,0.00046603190993276086,0.0005439544401140012
65.5,0.0005493786219743803,7.792253018124029e-5,0.000471456063701525,0.0005493785938827653
66.0,0.0005548316366362787,7.792253018124029e-5,0.00047690907548223214,0.0005548316056634724
66.5,0.000560314453620565,7.792253018124029e-5,0.0004823919133551551,0.0005603144435363953
67.0,0.0005658275681319914,7.792253018124029e-5,0.0004879049922118394,0.0005658275223930797
67.5,0.0005713706200216472,7.792253018124029e-5,0.0004934480815569819,0.0005713706117382222
68.0,0.0005769437893639878,7.792253018124029e-5,0.0004990212274896434,0.0005769437576708837
68.5,0.0005825464909170329,7.792253018124029e-5,0.000504623922920157,0.0005825464531013973
69.0,0.0005881791748669213,7.792253018124029e-5,0.0005102566288391288,0.0005881791590203691
69.5,0.0005938416611391972,7.792253018124029e-5,0.0005159191147512559,0.0005938416449324962
70.0,0.0005995343999199997,7.792253018124029e-5,0.0005216118416471443,0.0005995343718283846
70.5,0.0006052570310604176,7.792253018124029e-5,0.0005273344868333698,0.0006052570170146101
71.0,0.0006110092844487677,7.792253018124029e-5,0.0005330867276165081,0.0006110092577977483
71.5,0.0006167919254014859,7.792253018124029e-5,0.0005388693476805894,0.0006167918778618297
72.0,0.0006226044136952057,7.792253018124029e-5,0.0005446818399359472,0.0006226043701171875
72.5,0.000628446794348541,7.792253018124029e-5,0.0005505242504816421,0.0006284467806628824
73.0,0.0006343191573987194,7.792253018124029e-5,0.000556396579317674,0.0006343191094989143
73.5,0.000640221908013266,7.792253018124029e-5,0.0005622993335337097,0.00064022186371495
74.0,0.0006461546410246558,7.792253018124029e-5,0.0005682320982382036,0.0006461546284194439
74.5,0.0006521173564328888,7.792253018124029e-5,0.0005741947812330346,0.0006521173114142749
75.0,0.0006581099642007373,7.792253018124029e-5,0.0005801873825182027,0.000658109912699443
75.5,0.0006641325543654289,7.792253018124029e-5,0.000586209994291829,0.0006641325244730693
76.0,0.0006701859822806275,7.792253018124029e-5,0.000592263400237944,0.0006701859304191843
76.5,0.0006762690774623721,7.792253018124029e-5,0.000598346493979093,0.0006762690241603333
77.0,0.0006823820199851183,7.792253018124029e-5,0.0006044594599115184,0.0006823819900927587
77.5,0.0006885256652025297,7.792253018124029e-5,0.0006106030817192507,0.0006885256119004909
78.0,0.0006946992477981706,7.792253018124029e-5,0.0006167766679163806,0.0006946991980976209
78.5,0.000700903398032635,7.792253018124029e-5,0.000622980817790696,0.0007009033479719363
79.0,0.0007071365402544374,7.792253018124029e-5,0.0006292139639741364,0.0007071364941553767
79.5,0.0007133106180548308,7.792253018124029e-5,0.000635388057260933,0.0007133105874421733
80.0,0.0007193436525379423,7.792253018124029e-5,0.0006414210874222577,0.000719343617603498
80.5,0.000725404823654728,7.792253018124029e-5,0.0006474822380105554,0.0007254047681917957
81.0,0.0007314935911818213,7.792253018124029e-5,0.0006535710480352203,0.0007314935782164605
81.5,0.0007376111706217971,7.792253018124029e-5,0.0006596886238737069,0.0007376111540549472
82.0,0.0007437566616023775,7.792253018124029e-5,0.0006658340896438635,0.0007437566198251038
82.5,0.0007499299290677212,7.792253018124029e-5,0.0006720073531475692,0.0007499298833288095
83.0,0.0007561313781853529,7.792253018124029e-5,0.0006782087831773086,0.0007561313133585489
83.5,0.0007623619543461641,7.792253018124029e-5,0.0006844393478133547,0.000762361877994595
84.0,0.0007686198117869858,7.792253018124029e-5,0.0006906972491923435,0.0007686197793735838
84.5,0.0007749054006939569,7.792253018124029e-5,0.0006969828561067601,0.0007749053862880004
85.0,0.0007812200716254934,7.792253018124029e-5,0.0007032975054293621,0.0007812200356106024
85.5,0.0007875624740231793,7.792253018124029e-5,0.0007096399063864523,0.0007875624365676926
86.0,0.0007939325178497867,7.792253018124029e-5,0.0007160099667799096,0.0007939324969611499
86.5,0.0008003318237754153,7.792253018124029e-5,0.0007224092539777949,0.0008003317841590352
87.0,0.00080675859105551,7.792253018124029e-5,0.0007288360162158047,0.000806758546397045
87.5,0.0008132136300251203,7.792253018124029e-5,0.0007352910832770301,0.0008132136134582704
88.0,0.0008196966705725633,7.792253018124029e-5,0.0007417740863689863,0.0008196966165502266
88.5,0.0008262081628839775,7.792253018124029e-5,0.0007482855786804006,0.0008262081088616409
89.0,0.0008327477468104521,7.792253018124029e-5,0.000754825191418788,0.0008327477216000283
89.5,0.0008393153323147592,7.792253018124029e-5,0.0007613927401879063,0.0008393152703691465
90.0,0.00084591127954581,7.792253018124029e-5,0.0007679886859783613,0.0008459112161596016
90.5,0.00085253495824301,7.792253018124029e-5,0.0007746123834033047,0.000852534913584545
91.0,0.0008591867285552702,7.792253018124029e-5,0.0007812642012552212,0.0008591867314364615
91.5,0.0008658665904825907,7.792253018124029e-5,0.0007879440473359897,0.00086586657751723
92.0,0.0008725754443972493,7.792253018124029e-5,0.0007946528436268224,0.0008725753738080627
92.5,0.0008793114895546904,7.792253018124029e-5,0.0008013889305615373,0.0008793114607427776
93.0,0.0008860764366622418,7.792253018124029e-5,0.0008081538755081952,0.0008860764056894355
93.5,0.0008928690251987147,7.792253018124029e-5,0.0008149464798912201,0.0008928690100724604
94.0,0.0008996895252757922,7.792253018124029e-5,0.0008217669281068545,0.0008996894582880948
94.5,0.0009065384771168412,7.792253018124029e-5,0.000828615865541947,0.0009065383957231873
95.0,0.0009134147102379007,7.792253018124029e-5,0.0008354920936209217,0.000913414623802162
95.5,0.0009203198453090702,7.792253018124029e-5,0.0008423972719099606,0.0009203198020912009
96.0,0.000927252351697478,7.792253018124029e-5,0.0008493297408428817,0.000927252271024122
96.5,0.0009342138500732238,7.792253018124029e-5,0.0008562912521839882,0.0009342137823652285
97.0,0.0009412020895056133,7.792253018124029e-5,0.0008632795009802495,0.0009412020311614898
97.5,0.0009482191408508854,7.792253018124029e-5,0.0008702966077884538,0.0009482191379696941
98.0,0.0009552641037367622,7.792253018124029e-5,0.0008773415584292677,0.000955264088610508
98.5,0.000962337248274927,7.792253018124029e-5,0.0008844146294970547,0.000962337159678295
99.0,0.0009694378541675579,7.792253018124029e-5,0.0008915152678030875,0.0009694377979843278
99.5,0.0009765678121964377,7.792253018124029e-5,0.0008986452251116694,0.0009765677552929098
100.0,0.0009837246913564168,7.792253018124029e-5,0.0009058021042716486,0.000983724634452889
100.5,0.0009909088517964066,7.792253018124029e-5,0.0009129862740755101,0.0009909088042567504
101.0,0.0009981222743354176,7.792253018124029e-5,0.0009201996706837993,0.0009981222008650396
101.5,0.001005776339067073,7.792253018124029e-5,0.0009278537743115373,0.0010057763044927777
102.0,0.001013608407398005,7.792253018124029e-5,0.0009356858203132366,0.001013608350494477
102.5,0.0010214746898754845,7.792253018124029e-5,0.00094355207181791,0.0010214746019991503
103.0,0.0010293727554943626,7.792253018124029e-5,0.0009514501316744055,0.0010293726618556458
103.5,0.0010373032345152332,7.792253018124029e-5,0.0009593806452695716,0.001037303175450812
104.0,0.001045265676751958,7.792253018124029e-5,0.0009673430594146811,0.0010452655895959214
104.5,0.0010532615228001805,7.792253018124029e-5,0.0009753389414777948,0.0010532614716590352
105.0,0.0010612889719153458,7.792253018124029e-5,0.000983366355298367,0.0010612888854796072
105.5,0.001069348834432504,7.792253018124029e-5,0.0009914262228576099,0.0010693487530388502
106.0,0.0010774415605377934,7.792253018124029e-5,0.0009995190051461293,0.0010774415353273696
106.5,0.001085567690454581,7.792253018124029e-5,0.0010076450709564108,0.0010855676011376511
107.0,0.0010937249732521726,7.792253018124029e-5,0.001015802391929787,0.0010937249221110272
107.5,0.001101915389749579,7.792253018124029e-5,0.0010239928120286822,0.0011019153422099225
108.0,0.001110137769462839,7.792253018124029e-5,0.0010322152248756424,0.0011101377550568827
108.5,0.0011183921123919531,7.792253018124029e-5,0.0010404695382725455,0.0011183920684537858
109.0,0.0011266785085741486,7.792253018124029e-5,0.0010487559366156346,0.001126678466796875
109.5,0.0011349978583817036,7.792253018124029e-5,0.0010570752496880007,0.001134997779869241
110.0,0.0011433490813678845,7.792253018124029e-5,0.00106542646331031,0.0011433489934915503
110.5,0.0011517337081655636,7.792253018124029e-5,0.0010738111448506233,0.0011517336750318636
111.0,0.00116014894762068,7.792253018124029e-5,0.0010822263439690617,0.001160148874150302
111.5,0.0011685972307383834,7.792253018124029e-5,0.0010906746422130196,0.0011685971723942598
112.0,0.0011770770268858019,7.792253018124029e-5,0.0010991544722144357,0.001177077002395676
112.5,0.0011855901368074907,7.792253018124029e-5,0.0011076675857376135,0.0011855901159188538
113.0,0.001194133769349389,7.792253018124029e-5,0.0011162112168389164,0.0011941337470201567
113.5,0.0012027104455538747,7.792253018124029e-5,0.0011247878548676174,0.0012027103850488577
114.0,0.0012113197152348084,7.792253018124029e-5,0.0011333971310312314,0.0012113196612124717
114.5,0.0012199604079082293,7.792253018124029e-5,0.0011420378467541827,0.001219960376935423
115.0,0.0012286339641697818,7.792253018124029e-5,0.0011507113850082896,0.0012286339151895299
115.5,0.0012373384932376826,7.792253018124029e-5,0.0011594159018311276,0.0012373384320123679
116.0,0.0012460761560053983,7.792253018124029e-5,0.001168153609977606,0.0012460761401588464
116.5,0.0012548452417656013,7.792253018124029e-5,0.0011769226654853005,0.0012548451956665408
117.0,0.0012636470110394804,7.792253018124029e-5,0.0011857244513260293,0.0012636469815072696
117.5,0.0012724797531197078,7.792253018124029e-5,0.001194557123537368,0.0012724796537186083
118.0,0.0012813444584157893,7.792253018124029e-5,0.0012034218806948925,0.0012813444108761328
118.5,0.0012902415771138631,7.792253018124029e-5,0.0012123189993929666,0.0012902415295742069
119.0,0.0012991713793256132,7.792253018124029e-5,0.001221248756225954,0.0012991712864071942
119.5,0.0013081314340458896,7.792253018124029e-5,0.0012302088462408235,0.0013081313764220638
120.0,0.0013171239922053863,7.792253018124029e-5,0.001239201389994364,0.0013171239201756042
120.5,0.0013261489637668759,7.792253018124029e-5,0.001248226387486575,0.0013261489176678153
121.0,0.0013352047280602586,7.792253018124029e-5,0.0012572821791512747,0.001335204709332515
121.5,0.0013442924555694949,7.792253018124029e-5,0.001266369871365918,0.0013442924015471583
122.0,0.001353411876182902,7.792253018124029e-5,0.0012754892797342619,0.0013534118099155022
122.5,0.0013625634400866182,7.792253018124029e-5,0.001284640865246913,0.0013625633954281533
123.0,0.001371746426982822,7.792253018124029e-5,0.0012938237981207801,0.0013717463283020204
123.5,0.0013809608368715131,7.792253018124029e-5,0.0013030382627521057,0.001380960792933346
124.0,0.0013902081103483355,7.792253018124029e-5,0.0013122855499145868,0.001390208080095827
124.5,0.001399486266594279,7.792253018124029e-5,0.0013215636312495565,0.0013994861614307968
125.0,0.0014087957557954818,7.792253018124029e-5,0.0013308731521438635,0.0014087956823251038
125.5,0.0014181374783242217,7.792253018124029e-5,0.0013402148501824775,0.0014181373803637178
126.0,0.0014275098135103992,7.792253018124029e-5,0.0013495872501954592,0.0014275097803766994
126.5,0.0014369148322102526,7.792253018124029e-5,0.0013589921961452325,0.0014369147263264728
127.0,0.0014463497432697216,7.792253018124029e-5,0.0013684271064844035,0.0014463496366656438
127.5,0.0014558177880290052,7.792253018124029e-5,0.0013778952081472153,0.0014558177383284555
128.0,0.001465314644701171,7.792253018124029e-5,0.0013873920756238484,0.0014653146058050887
128.5,0.0014748441848870131,7.792253018124029e-5,0.0013969215812353949,0.0014748441114166351
129.0,0.001484403707469698,7.792253018124029e-5,0.0014064811434344603,0.0014844036736157006
129.5,0.0014939957334916037,7.792253018124029e-5,0.0014160731593721963,0.0014939956895534366
130.0,0.0015036184622081745,7.792253018124029e-5,0.0014256958772842997,0.00150361840746554
130.5,0.0015132718936194105,7.792253018124029e-5,0.0014353492971707707,0.001513271827352011
131.0,0.0015229559376880842,7.792253018124029e-5,0.0014450333268334879,0.0015229558570147282
131.5,0.0015326716748609284,7.792253018124029e-5,0.0014547490726499058,0.001532671602831146
132.0,0.0015424178446167545,7.792253018124029e-5,0.0014644952438463276,0.0015424177740275679
132.5,0.0015521948071044738,7.792253018124029e-5,0.001474272117017117,0.0015521946471983572
133.0,0.0015620034626963636,7.792253018124029e-5,0.0014840808907378496,0.00156200342091909
133.5,0.0015718418305734133,7.792253018124029e-5,0.0014939191678573739,0.0015718416980386141
134.0,0.0015817127919269113,7.792253018124029e-5,0.0015037902675080535,0.0015817127976892938
134.5,0.0015916161666824017,7.792253018124029e-5,0.0015136936365011614,0.0015916161666824017
135.0,0.0016015485334252304,7.792253018124029e-5,0.0015236259557043336,0.001601548485885574
135.5,0.0016115124131977738,7.792253018124029e-5,0.0015335898066649643,0.0016115123368462046
136.0,0.0016215074458511213,7.792253018124029e-5,0.0015435848205905686,0.0016215073507718088
136.5,0.0016315343516830952,7.792253018124029e-5,0.0015536117350661161,0.0016315342652473564
137.0,0.00164137974246391,7.792253018124029e-5,0.001563457203639096,0.0016413797338203362
137.5,0.0016510227295567263,7.792253018124029e-5,0.0015731002051378685,0.0016510227353191088
138.0,0.0016606952488602469,7.792253018124029e-5,0.0015827727100354327,0.001660695240216673
138.5,0.0016703954996299167,7.792253018124029e-5,0.001592472874369364,0.0016703954045506043
139.0,0.0016801247423869246,7.792253018124029e-5,0.0016022021733096017,0.001680124703490842
139.5,0.0016898833372801813,7.792253018124029e-5,0.0016119607912523889,0.0016898833214336292
140.0,0.0016996685831928541,7.792253018124029e-5,0.0016217459622540882,0.0016996684924353285
140.5,0.0017094826410184094,7.792253018124029e-5,0.0016315600834658518,0.0017094826136470921
141.0,0.001719325150607936,7.792253018124029e-5,0.0016414026016989523,0.0017193251318801926
141.5,0.0017291959318869784,7.792253018124029e-5,0.0016512733325571472,0.0017291958627383875
142.0,0.0017390939044088034,7.792253018124029e-5,0.0016611713540592241,0.0017390938842404644
142.5,0.0017490203286946,7.792253018124029e-5,0.0016710977725826381,0.0017490203027638784
143.0,0.0017589746645210013,7.792253018124029e-5,0.0016810520349386615,0.0017589745651199018
143.5,0.0017689569118880073,7.792253018124029e-5,0.0016910343255235368,0.0017689568557047771
144.0,0.001778966350497796,7.792253018124029e-5,0.001701043722356052,0.0017789662525372924
144.5,0.0017890044209460116,7.792253018124029e-5,0.0017110818850023888,0.001789004415183629
145.0,0.0017990713033071096,7.792253018124029e-5,0.001721148629066305,0.0017990711592475452
145.5,0.0018091651968365349,7.792253018124029e-5,0.0017312426637741034,0.0018091651939553437
146.0,0.001819286641757654,7.792253018124029e-5,0.0017413639891257838,0.001819286519307024
146.5,0.0018294350978471001,7.792253018124029e-5,0.001751512420725104,0.0018294349509063443
147.0,0.0018396116455516066,7.792253018124029e-5,0.0017616890649495187,0.001839611595130759
147.5,0.0018498164649456289,7.792253018124029e-5,0.0017718939217990278,0.001849816451980268
148.0,0.0018600499161780782,7.792253018124029e-5,0.0017821273600661161,0.0018600498902473564
148.5,0.0018703096582810325,7.792253018124029e-5,0.001792386982599632,0.0018703095127808724
149.0,0.001880597131850136,7.792253018124029e-5,0.0018026744489657574,0.0018805969791469976
149.5,0.0018909112564386558,7.792253018124029e-5,0.0018129886527870377,0.001890911182968278
150.0,0.0019012534726422358,7.792253018124029e-5,0.0018233308848371699,0.0019012534150184101
150.5,0.0019116219797163212,7.792253018124029e-5,0.0018336993011537294,0.0019116218313349697
151.0,0.0019220180381821002,7.792253018124029e-5,0.0018440953769066563,0.0019220179070878966
151.5,0.0019324398472950178,7.792253018124029e-5,0.0018545172681335256,0.0019324397983147658
152.0,0.0019428899280974513,7.792253018124029e-5,0.0018649673719854892,0.0019428899021667295
152.5,0.001954368594189785,7.792253018124029e-5,0.0018764460380778232,0.0019543685682590632
153.0,0.001966207049044237,7.792253018124029e-5,0.0018882844612391713,0.0019662069914204118
153.5,0.0019780811586408817,7.792253018124029e-5,0.001900158472875312,0.001978081003056552
154.0,0.0019899903827563514,7.792253018124029e-5,0.0019120677041937597,0.001989990234375
154.5,0.002001934541316191,7.792253018124029e-5,0.0019240119707982725,0.002001934500979513
155.0,0.0020139121937247564,7.792253018124029e-5,0.0019359896131226682,0.0020139121433039088
155.5,0.0020259262211733352,7.792253018124029e-5,0.0019480035815068262,0.0020259261116880663
156.0,0.0020379757232896513,7.792253018124029e-5,0.0019600531383657765,0.002037975668547017
156.5,0.0020500579989568704,7.792253018124029e-5,0.0019721353333596397,0.00205005786354088
157.0,0.0020621759293662817,7.792253018124029e-5,0.0019842533012245376,0.002062175831405778
157.5,0.0020743282539966964,7.792253018124029e-5,0.001996405566790531,0.002074328096971771
158.0,0.002086514252550292,7.792253018124029e-5,0.0020085915768688917,0.002086514107050132
158.5,0.0020987360859205354,7.792253018124029e-5,0.00202081354421453,0.0020987360743957703
159.0,0.0021109917732884155,7.792253018124029e-5,0.0020330690716762936,0.002110991601857534
159.5,0.002123281494728388,7.792253018124029e-5,0.0020453588968391526,0.002123281427020393
160.0,0.002135605970538275,7.792253018124029e-5,0.0020576833884955914,0.0021356059186768317
160.5,0.0021479621394523323,7.792253018124029e-5,0.002070039596305731,0.0021479621264869713
161.0,0.002160353242810759,7.792253018124029e-5,0.002082430655005693,0.0021603531851869333
161.5,0.002172780541134745,7.792253018124029e-5,0.002094857855369175,0.0021727803855504154
162.0,0.0021852388122650794,7.792253018124029e-5,0.0021073162186976305,0.0021852387488788707
162.5,0.00219773255806315,7.792253018124029e-5,0.0021198099861046357,0.002197732516285876
163.0,0.0022102596176354905,7.792253018124029e-5,0.0021323369448352815,0.002210259475016522
163.5,0.002222819810907646,7.792253018124029e-5,0.0021448970948895678,0.002222819625070808
164.0,0.002235415658921994,7.792253018124029e-5,0.002157493017814889,0.002235415547996129
164.5,0.002248043380114967,7.792253018124029e-5,0.0021701206568939106,0.002248043187075151
165.0,0.0022607047752311225,7.792253018124029e-5,0.002182782224881543,0.0022607047550627832
165.5,0.002273399664196003,7.792253018124029e-5,0.002195476984192816,0.002273399514374056
166.0,0.0022861294876052535,7.792253018124029e-5,0.0022082067787901533,0.0022861293089713936
166.5,0.0022988151927729027,7.792253018124029e-5,0.002220892502685546,0.002298815032866786
167.0,0.002311205575833508,7.792253018124029e-5,0.002233283008196781,0.002311205538378021
167.5,0.0023236280121471946,7.792253018124029e-5,0.0022457054142579593,0.0023236279444391996
168.0,0.002336081781416141,7.792253018124029e-5,0.0022581591676803536,0.002336081697861594
168.5,0.0023485677840126245,7.792253018124029e-5,0.002270645190445176,0.0023485677206264164
169.0,0.002361083498894268,7.792253018124029e-5,0.0022831609010050325,0.002361083431186273
169.5,0.0023736325275501816,7.792253018124029e-5,0.0022957098028885295,0.0023736323330697698
170.0,0.0023862125290124436,7.792253018124029e-5,0.0023082898677369997,0.00238621239791824
170.5,0.002398822242759866,7.792253018124029e-5,0.0023208996203805043,0.0023988221505617446
171.0,0.0024114625691647254,7.792253018124029e-5,0.002333539982800255,0.0024114625129814955
171.5,0.0024241347687482115,7.792253018124029e-5,0.0023462120613737068,0.002424134591554947
172.0,0.002436838121212501,7.792253018124029e-5,0.0023589154873083747,0.002436838017489615
172.5,0.0024495735269298726,7.792253018124029e-5,0.0023716508137929856,0.002449573343974226
173.0,0.0024623373844112153,7.792253018124029e-5,0.002384414721695176,0.002462337251876416
173.5,0.0024751331150711844,7.792253018124029e-5,0.0023972105301473096,0.00247513306032855
174.0,0.002487960178686413,7.792253018124029e-5,0.002410037501564417,0.0024879600317456573
174.5,0.0025008180350335344,7.792253018124029e-5,0.002422895451550255,0.0025008179817314954
175.0,0.0025137050634424494,7.792253018124029e-5,0.002435782351746158,0.002513704881927398
175.5,0.0025266234248066234,7.792253018124029e-5,0.0024487007836995187,0.002526623313880759
176.0,0.002539573119126058,7.792253018124029e-5,0.0024616503786178533,0.0025395729087990936
176.5,0.0025525518054328295,7.792253018124029e-5,0.0024746291081424944,0.0025525516383237347
177.0,0.002565561824694861,7.792253018124029e-5,0.002487639185028352,0.002565561715209592
177.5,0.0025786022765398745,7.792253018124029e-5,0.002500679687294213,0.002578602217475453
178.0,0.002591671720372226,7.792253018124029e-5,0.002513749139770138,0.0025916716699513785
178.5,0.0026047726772342925,7.792253018124029e-5,0.0025268499396072794,0.0026047724697885197
179.0,0.0026179035264559743,7.792253018124029e-5,0.0025399807960319394,0.0026179033262131797
179.5,0.002631064448111727,7.792253018124029e-5,0.0025531417090441186,0.002631064239225359
180.0,0.002644255802350462,7.792253018124029e-5,0.0025663332318325437,0.002644255762013784
180.5,0.0026574765087254456,7.792253018124029e-5,0.0025795538892272756,0.002657476419408516
181.0,0.0026707265672366786,7.792253018124029e-5,0.0025928038656245567,0.002670726395805797
181.5,0.0026840057978097047,7.792253018124029e-5,0.0026060831610243865,0.0026840056912056267
182.0,0.0026973161812635345,7.792253018124029e-5,0.0026193934349929477,0.002697315965174188
182.5,0.002710655376630247,7.792253018124029e-5,0.0026327326591715733,0.0027106551893528136
183.0,0.0027240253647288527,7.792253018124029e-5,0.0026461026775226873,0.0027240252077039276
183.5,0.0027374241647403407,7.792253018124029e-5,0.002659501461687623,0.002737423991868863
184.0,0.0027508526770369883,7.792253018124029e-5,0.002672929933647593,0.0027508524638288332
184.5,0.0027643105414698853,7.792253018124029e-5,0.0026863879090063543,0.0027643104391875946
185.0,0.002777798478336853,7.792253018124029e-5,0.0026998757565563918,0.002777798286737632
185.5,0.0027913157673400695,7.792253018124029e-5,0.002713393107505221,0.0027913156376864613
186.0,0.0028048606077349797,7.792253018124029e-5,0.002726937933494175,0.0028048604636754155
186.5,0.00281843678108515,7.792253018124029e-5,0.002740514106844345,0.002818436637025585
187.0,0.0028320415862737465,7.792253018124029e-5,0.0027541188616120944,0.0028320413917933347
187.5,0.0028456748432263146,7.792253018124029e-5,0.002767752197797423,0.0028456747279786633
188.0,0.002859336912091765,7.792253018124029e-5,0.0027814142997965733,0.0028593368299778136
188.5,0.0028730283330934644,7.792253018124029e-5,0.0027951057207982726,0.002873028250979513
189.0,0.0028867478457102243,7.792253018124029e-5,0.002808825170028824,0.0028867477002100642
189.5,0.0029004965303887774,7.792253018124029e-5,0.0028225739382619244,0.0029004964684431647
190.0,0.002914274387129124,7.792253018124029e-5,0.002836351656705089,0.0029142741868863294
190.5,0.0029280812358568084,7.792253018124029e-5,0.0028501585097545604,0.0029280810399358007
191.0,0.002941915816050642,7.792253018124029e-5,0.002863993206636641,0.0029419157368178813
191.5,0.002955779208157358,7.792253018124029e-5,0.0028778564849363014,0.0029557790151175417
192.0,0.002969670691879134,7.792253018124029e-5,0.0028917479758610557,0.002969670506042296
192.5,0.002983590987513793,7.792253018124029e-5,0.002905668232599632,0.0029835907627808723
193.0,0.0029975400950613337,7.792253018124029e-5,0.0029196174395482726,0.002997539969729513
193.5,0.0030115163938516576,7.792253018124029e-5,0.002933593752744553,0.003011516282925793
194.0,0.0030255209643314973,7.792253018124029e-5,0.00294759846296217,0.0030255209931434103
194.5,0.0030395541666497637,7.792253018124029e-5,0.0029616313858048813,0.0030395539159861215
195.0,0.0030536147402852685,7.792253018124029e-5,0.0029756921524802023,0.0030536146826614426
195.5,0.0030677037656847445,7.792253018124029e-5,0.0029897809473843754,0.0030677034775656157
196.0,0.0030818190819547255,7.792253018124029e-5,0.003003896479743703,0.003081819009924943
196.5,0.003095964650733233,7.792253018124029e-5,0.0030180420686905496,0.00309596459887179
197.0,0.003110135790084424,7.792253018124029e-5,0.0030322132887150967,0.003110135818896337
197.5,0.0031240775145792887,7.792253018124029e-5,0.003046154751021554,0.0031240772812027944
198.0,0.0031378063910677354,7.792253018124029e-5,0.003059883788856713,0.003137806319037953
198.5,0.003151560117831043,7.792253018124029e-5,0.0030736375357883596,0.0031515600659696
199.0,0.0031653408557626777,7.792253018124029e-5,0.0030874182045714034,0.0031653407347526437
199.5,0.0031791460838202622,7.792253018124029e-5,0.003101223582450935,0.003179146112632175
200.0,0.0031929768824505303,7.792253018124029e-5,0.0031150540382194397,0.00319297656840068
200.5,0.0032068336118023922,7.792253018124029e-5,0.0031289110470468563,0.0032068335772280966
201.0,0.0032207159117269373,7.792253018124029e-5,0.003142793133763246,0.0032207156639444865
201.5,0.0032346234220752544,7.792253018124029e-5,0.0031567006671610934,0.0032346231973423337
202.0,0.0032485550624006105,7.792253018124029e-5,0.003170632540862944,0.003248555071044184
202.5,0.003262512633447561,7.792253018124029e-5,0.003184589861246252,0.0032625123914274924
203.0,0.003276495775067194,7.792253018124029e-5,0.003198572997103503,0.003276495527284743
203.5,0.0032905026865149554,7.792253018124029e-5,0.0032125801044722716,0.003290502634653512
204.0,0.003304536248982133,7.792253018124029e-5,0.003226613396107468,0.0033045359262887084
204.5,0.003318592860979616,7.792253018124029e-5,0.003240670290461698,0.003318592820642938
205.0,0.0033326754036986936,7.792253018124029e-5,0.0032547526314973853,0.0033326751616786256
205.5,0.003346781356096988,7.792253018124029e-5,0.0032688585752521054,0.0033467811054333457
206.0,0.0033609132392168764,7.792253018124029e-5,0.003282990703273254,0.003360913233454494
206.5,0.003375069612462715,7.792253018124029e-5,0.0032971468028059198,0.00337506933298716
207.0,0.0033892515562812366,7.792253018124029e-5,0.0033113287178125287,0.003389251247993769
207.5,0.0034034558293322423,7.792253018124029e-5,0.003325533129160716,0.003403455659341956
208.0,0.0034176856729559307,7.792253018124029e-5,0.0033397629871903607,0.003417685517371601
208.5,0.003431939646556658,7.792253018124029e-5,0.003354016816731524,0.0034319393469127643
209.0,0.003446218110283336,7.792253018124029e-5,0.003368295355369175,0.0034462178855504152
209.5,0.0034605185430935863,7.792253018124029e-5,0.0033825960215559197,0.00346051855173716
210.0,0.0034748441863276087,7.792253018124029e-5,0.0033969213968391525,0.0034748439270203928
210.5,0.003489190718198471,7.792253018124029e-5,0.003411268162086509,0.0034891906922677493
211.0,0.003503561740195283,7.792253018124029e-5,0.0034256388988453835,0.0035035614290266238
211.5,0.0035179543711267567,7.792253018124029e-5,0.003440031763153352,0.003517954293334592
212.0,0.003532372212482003,7.792253018124029e-5,0.003454449336557808,0.0035323718667390485
212.5,0.0035468105823251777,7.792253018124029e-5,0.0034688879311339034,0.0035468104613151437
213.0,0.0035612730821453914,7.792253018124029e-5,0.0034833504972215166,0.003561273027402757
213.5,0.0035757571909002667,7.792253018124029e-5,0.0034978344532732536,0.003575756983454494
214.0,0.0035902650694832703,7.792253018124029e-5,0.003512342380836509,0.003590264911017749
214.5,0.003604795997596579,7.792253018124029e-5,0.0035268731735338277,0.003604795703715068
215.0,0.0036193481744956394,7.792253018124029e-5,0.0035414253561952703,0.0036193478863765106
215.5,0.003633921240031539,7.792253018124029e-5,0.0035559985600283517,0.003633921090209592
216.0,0.0036485187956933887,7.792253018124029e-5,0.0035705961041654364,0.0036485186343466766
216.5,0.003663140121183367,7.792253018124029e-5,0.003585217251021554,0.0036631397812027944
217.0,0.00367778449620365,7.792253018124029e-5,0.0035998616318042203,0.0036777841619854605
217.5,0.0036924515606053285,7.792253018124029e-5,0.00361452887772095,0.00369245140790219
218.0,0.0037071438354307792,7.792253018124029e-5,0.0036292212015266523,0.0037071437317078926
218.5,0.0037218584394887134,7.792253018124029e-5,0.0036439356528814486,0.003721858183062689
219.0,0.003736596813374776,7.792253018124029e-5,0.003658674075747763,0.003736596605929003
219.5,0.003751359317237877,7.792253018124029e-5,0.003673436470125595,0.0037513590003068354
220.0,0.0037661445104823733,7.792253018124029e-5,0.003688221729637491,0.003766144259818731
220.5,0.003780952753257175,7.792253018124029e-5,0.003703030223075935,0.003780952753257175
221.0,0.003795784405711194,7.792253018124029e-5,0.0037178615816484423,0.0037957841118296826
221.5,0.003810638747546608,7.792253018124029e-5,0.0037327161741474986,0.003810638704328739
222.0,0.0038255150584655946,7.792253018124029e-5,0.003747592525403163,0.0038255150555844032
222.5,0.0038404151392127093,7.792253018124029e-5,0.003762492479377861,0.003840415009559101
223.0,0.0038553375491923074,7.792253018124029e-5,0.0037774149296941374,0.0038553374598753777
223.5,0.003870282648553301,7.792253018124029e-5,0.003792359876351992,0.0038702824065332325
224.0,0.003885249716997867,7.792253018124029e-5,0.003807326950558941,0.003885249480740181
224.5,0.003900240555270561,7.792253018124029e-5,0.003822317996277408,0.003900240526458648
225.0,0.003915255523520294,7.792253018124029e-5,0.003837332644714908,0.003915255174896148
225.5,0.003931930057952051,7.792253018124029e-5,0.0038540072281269167,0.003931929758308157
226.0,0.003950192128783627,7.792253018124029e-5,0.0038722694631863957,0.003950191993367636
226.5,0.003968134387382208,7.792253018124029e-5,0.003890211586368986,0.003968134116550227
227.0,0.003985891169291609,7.792253018124029e-5,0.00390796857572416,0.0039858911059054
227.5,0.004003682165347557,7.792253018124029e-5,0.003925759493987944,0.004003682024169185
228.0,0.0040215052146565875,7.792253018124029e-5,0.003943582497197914,0.004021505027379154
228.5,0.004039361037516522,7.792253018124029e-5,0.0039614383229390395,0.00403936085312028
229.0,0.004057247833182805,7.792253018124029e-5,0.003979325127248896,0.004057247657430136
229.5,0.004075165961804347,7.792253018124029e-5,0.003997243278919968,0.004075165809101208
230.0,0.004093117944423526,7.792253018124029e-5,0.004015195359499651,0.004093117889680891
230.5,0.004111103420891431,7.792253018124029e-5,0.004033180631402974,0.004111103161584214
231.0,0.004129119510016772,7.792253018124029e-5,0.004051196881875029,0.004129119412056269
231.5,0.00414716873284193,7.792253018124029e-5,0.004069245954878239,0.004147168485059479
232.0,0.0041652485683245245,7.792253018124029e-5,0.004087326006450179,0.00416524853663142
232.5,0.0041833590164645565,7.792253018124029e-5,0.004105436299005882,0.0041833588291871225
233.0,0.00420150151785767,7.792253018124029e-5,0.00412357867650777,0.00420150120668901
233.5,0.004219674992057132,7.792253018124029e-5,0.004141752401370874,0.004219674931552115
234.0,0.004237879799211854,7.792253018124029e-5,0.00415995710480271,0.00423787963498395
234.5,0.004256115219024013,7.792253018124029e-5,0.004178192418010792,0.004256114948192032
235.0,0.00427438161164252,7.792253018124029e-5,0.004196458709787604,0.004274381239968844
235.5,0.004292677896620644,7.792253018124029e-5,0.004214755242548178,0.004292677772729419
236.0,0.0043110047942562044,7.792253018124029e-5,0.004233082016292513,0.004311004546473754
236.5,0.004329363745144847,7.792253018124029e-5,0.004251440874983034,0.004329363405164275
237.0,0.004347753308690927,7.792253018124029e-5,0.0042698307122422865,0.004347753242423527
237.5,0.0043661720442988005,7.792253018124029e-5,0.004288249315315361,0.004366171845496601
238.0,0.004384624273755399,7.792253018124029e-5,0.00430670147850456,0.0043846240086858005
238.5,0.0044031060354227025,7.792253018124029e-5,0.0043251831450925515,0.004403105675273792
239.0,0.004421616609002889,7.792253018124029e-5,0.004343693946286849,0.0044216164764680896
239.5,0.004440159235836156,7.792253018124029e-5,0.004362236463634847,0.004440158993816087
240.0,0.004458729594135572,7.792253018124029e-5,0.004380807009211698,0.004458729539392938
240.5,0.004477331285390249,7.792253018124029e-5,0.004399408533357279,0.004477331063538519
241.0,0.0044959635893023625,7.792253018124029e-5,0.004418040667279107,0.004495963197460347
241.5,0.004514625425425181,7.792253018124029e-5,0.004436702673392212,0.004514625203573452
242.0,0.004533316073460881,7.792253018124029e-5,0.004455393445319138,0.004533315975500378
242.5,0.00455203769430293,7.792253018124029e-5,0.0044741148270223095,0.00455203735720355
243.0,0.00457078740676004,7.792253018124029e-5,0.004492864605746818,0.0045707871359280585
243.5,0.0045895673717256755,7.792253018124029e-5,0.004511644625455089,0.0045895671556363295
244.0,0.004608376508753106,7.792253018124029e-5,0.004530453779769666,0.004608376309950906
244.5,0.004627213377246684,7.792253018124029e-5,0.00454929059352061,0.004627213123701851
245.0,0.004646079417802056,7.792253018124029e-5,0.004568156541877861,0.004646079072059101
245.5,0.00466497427027031,7.792253018124029e-5,0.004587051624841418,0.0046649741550226585
246.0,0.0046838972143536245,7.792253018124029e-5,0.004605974367241343,0.004683896897422583
246.5,0.004702848250052,7.792253018124029e-5,0.0046249255066626044,0.004702848036843845
247.0,0.004721830618705634,7.792253018124029e-5,0.0046439079934450815,0.004721830523626322
247.5,0.004740839278229774,7.792253018124029e-5,0.004662916664493986,0.004740839194675227
248.0,0.004759876749666796,7.792253018124029e-5,0.004681954101356713,0.004759876631537954
248.5,0.004778941232272145,7.792253018124029e-5,0.004701018460070837,0.004778940990252077
249.0,0.004798035247088199,7.792253018124029e-5,0.004720112322183752,0.0047980348523649925
249.5,0.004817158794114957,7.792253018124029e-5,0.004739236056487944,0.004817158586669184
250.0,0.004836308271863309,7.792253018124029e-5,0.0047583856062660785,0.004836308136447319
250.5,0.004855486561524544,7.792253018124029e-5,0.004777563921858035,0.004855486452039275
251.0,0.0048746915022051945,7.792253018124029e-5,0.004796768790508903,0.004874691320690143
251.5,0.004893925254798728,7.792253018124029e-5,0.004816002424973593,0.004893924955154834
252.0,0.00491318673885841,7.792253018124029e-5,0.004835264087667135,0.004913186617848376
252.5,0.004932476674682064,7.792253018124029e-5,0.00485455377858953,0.00493247630877077
253.0,0.004951791460780579,7.792253018124029e-5,0.004873868547400897,0.004951791077582137
253.5,0.004971133618196332,7.792253018124029e-5,0.004893210975648632,0.004971133505829872
254.0,0.00499050206648259,7.792253018124029e-5,0.004912579219370308,0.004990501749551548
254.5,0.005009897886086087,7.792253018124029e-5,0.004931975122528352,0.005009897652709592
255.0,0.005029321797304643,7.792253018124029e-5,0.004951399053915248,0.005029321584096488
255.5,0.005048771279095883,7.792253018124029e-5,0.004970848431983601,0.005048770962164841
256.0,0.0050682477720554505,7.792253018124029e-5,0.0049903251006958365,0.005068247630877077
256.5,0.0050877498355877005,7.792253018124029e-5,0.0050098272160895305,0.005087749746270771
257.0,0.005107277829841545,7.792253018124029e-5,0.005029355146957166,0.0051072776771384065
257.5,0.005126833195412627,7.792253018124029e-5,0.005048910368468685,0.005126832898649925
258.0,0.0051459131644211505,7.792253018124029e-5,0.005067990216467174,0.005145912746648414
258.5,0.005164846552822885,7.792253018124029e-5,0.00508692365384916,0.0051648461840304
259.0,0.005183806592244036,7.792253018124029e-5,0.005105883644290059,0.005183806174471299
259.5,0.00520278896089767,7.792253018124029e-5,0.005124866131072536,0.005202788661253776
260.0,0.005221797260272899,7.792253018124029e-5,0.005143874433328956,0.005221796963510196
260.5,0.0052408307700719,7.792253018124029e-5,0.005162907813474349,0.005240830343655589
261.0,0.005259888409847939,7.792253018124029e-5,0.005181965533923745,0.005259888064104985
261.5,0.0052789687390053745,7.792253018124029e-5,0.005201046119507204,0.005278968649688444
262.0,0.005298073198139848,7.792253018124029e-5,0.005220150307809696,0.005298072837990936
262.5,0.005317202867698093,7.792253018124029e-5,0.0052392799427936464,0.005317202472974887
263.0,0.005336355226637734,7.792253018124029e-5,0.00525843244291166,0.0053363549730929
263.5,0.005355531715554413,7.792253018124029e-5,0.0052776089145411915,0.005355531444722432
264.0,0.005374731974299221,7.792253018124029e-5,0.005296809357682242,0.005374731887863482
264.5,0.005393954562276512,7.792253018124029e-5,0.005316031928372385,0.005393954458553625
265.0,0.005413201280230842,7.792253018124029e-5,0.0053352784705740465,0.005413201000755287
265.5,0.0054324732086089445,7.792253018124029e-5,0.005354550459457166,0.005432472989638407
266.0,0.005451767106070619,7.792253018124029e-5,0.005373844207096894,0.005451766737278135
266.5,0.005471080091424579,7.792253018124029e-5,0.005393157131945837,0.005471079662127077
267.0,0.005490417927053399,7.792253018124029e-5,0.005412495134683752,0.005490417664864992
267.5,0.00550978025280817,7.792253018124029e-5,0.005431857477725671,0.005509780007906911
268.0,0.00552916310705087,7.792253018124029e-5,0.005451240473146743,0.005529163003327983
268.5,0.005548570451419519,7.792253018124029e-5,0.005470647808871819,0.005548570339053059
269.0,0.005568000485169563,7.792253018124029e-5,0.005490077640938473,0.005568000171119713
269.5,0.005587452848152092,7.792253018124029e-5,0.005509529969346705,0.005587452499527946
270.0,0.0056069268200692815,7.792253018124029e-5,0.005529004056511547,0.005606926586692787
270.5,0.005626423481367866,7.792253018124029e-5,0.005548500640017967,0.005626423170199207
271.0,0.005645944632792401,7.792253018124029e-5,0.005568021932620875,0.005645944462802115
271.5,0.005665485232258131,7.792253018124029e-5,0.0055875624024329966,0.005665484932614237
272.0,0.005685048521105256,7.792253018124029e-5,0.005607125737379183,0.005685048267560423
272.5,0.005704634139184865,7.792253018124029e-5,0.005626711199874462,0.005704633730055702
273.0,0.005724238845156759,7.792253018124029e-5,0.005646316208371441,0.005724238738552681
273.5,0.005743866240510047,7.792253018124029e-5,0.005665943344417513,0.005743865874598754
274.0,0.005763517405691464,7.792253018124029e-5,0.0056855944519751045,0.005763516982156345
274.5,0.005783186578318431,7.792253018124029e-5,0.0057052636303644546,0.005783186160545695
275.0,0.005802877359880061,7.792253018124029e-5,0.005724954567510414,0.005802877097691654
275.5,0.0058225908308230856,7.792253018124029e-5,0.005744668000997951,0.005822590531179192
276.0,0.005842323749807306,7.792253018124029e-5,0.005764400980487189,0.005842323510668429
276.5,0.005862077917577277,7.792253018124029e-5,0.005784154981148065,0.0058620775113293055
277.0,0.005881852613835176,7.792253018124029e-5,0.0058039296341880955,0.005881852164369336
277.5,0.005901647118283182,7.792253018124029e-5,0.005823724202022309,0.0059016467322035495
278.0,0.005921463951963673,7.792253018124029e-5,0.0058435412661981025,0.005921463796379343
278.5,0.005941301314132091,7.792253018124029e-5,0.0058633786139605645,0.005941301144141805
279.0,0.0059611602852351715,7.792253018124029e-5,0.005883237351687151,0.005961159881868391
279.5,0.005981038344230537,7.792253018124029e-5,0.005903115635415437,0.005981038165596677
280.0,0.00600093657156492,7.792253018124029e-5,0.005923013833937906,0.006000936364119146
280.5,0.006020856047685053,7.792253018124029e-5,0.005942933053632015,0.006020855583813255
281.0,0.006040795331995293,7.792253018124029e-5,0.005962872556912793,0.006040795087094033
281.5,0.0060607558650912835,7.792253018124029e-5,0.00598283308136521,0.00606075561154645
282.0,0.006080737646973025,7.792253018124029e-5,0.006002814995781751,0.006080737525962991
282.5,0.006100736716002496,7.792253018124029e-5,0.006022813874652596,0.006100736404833836
283.0,0.006120753792477518,7.792253018124029e-5,0.006042830824355202,0.006120753354536442
283.5,0.006140792477887203,7.792253018124029e-5,0.006062869901606901,0.006140792431788142
284.0,0.00616084989104026,7.792253018124029e-5,0.006082927049690361,0.006160849579871602
284.5,0.006180926752234514,7.792253018124029e-5,0.0061030037437755195,0.00618092627395676
285.0,0.006201021620874318,7.792253018124029e-5,0.006123098877484923,0.006201021407666163
285.5,0.006221138098448785,7.792253018124029e-5,0.006143215032365965,0.006221137562547206
286.0,0.006241271142873159,7.792253018124029e-5,0.006163348151701313,0.006241270681882553
286.5,0.006261425075934373,7.792253018124029e-5,0.006183501923415814,0.006261424453597055
287.0,0.006281597016441137,7.792253018124029e-5,0.00620367413475456,0.0062815966649358
287.5,0.006301786964393454,7.792253018124029e-5,0.006223864048132581,0.0063017865783138215
288.0,0.006321994199493501,7.792253018124029e-5,0.006244071663549878,0.006321994193731118
288.5,0.006342225204421674,7.792253018124029e-5,0.006264302144101237,0.0063422246742824775
289.0,0.00636247061530629,7.792253018124029e-5,0.006284548113936962,0.006362470644118203
289.5,0.0063827361945299225,7.792253018124029e-5,0.006304813260981901,0.006382735791163142
290.0,0.006403024102986039,7.792253018124029e-5,0.006325101273160905,0.006403023803342145
290.5,0.006423326417398597,7.792253018124029e-5,0.006345403299454334,0.006423325829635574
291.0,0.006443646739256706,7.792253018124029e-5,0.006365723765372007,0.006443646295553248
291.5,0.006463988670049477,7.792253018124029e-5,0.006386065621253805,0.006463988151435045
292.0,0.006484345727096511,7.792253018124029e-5,0.0064064229664199685,0.006484345496601209
292.5,0.006504722232184741,7.792253018124029e-5,0.006426799488795346,0.006504722018976586
293.0,0.006525117465016345,7.792253018124029e-5,0.006447194450794968,0.006525116980976208
293.5,0.006545105009280663,7.792253018124029e-5,0.0064671822658912675,0.006545104796072508
294.0,0.006564775622503275,7.792253018124029e-5,0.006486852919450557,0.006564775449631797
294.5,0.006584459921384506,7.792253018124029e-5,0.006506536849539304,0.006584459379720544
295.0,0.006604161507413466,7.792253018124029e-5,0.006526238481667324,0.0066041610118485645
295.5,0.0066238789399945125,7.792253018124029e-5,0.006545956340664681,0.006623878870845921
296.0,0.006643613659723288,7.792253018124029e-5,0.006565691164116343,0.0066436136942975834
296.5,0.006663363505706326,7.792253018124029e-5,0.0065854407392674005,0.006663363269448641
297.0,0.006683137841815315,7.792253018124029e-5,0.006605214654722461,0.006683137184903701
297.5,0.006705149422959618,7.792253018124029e-5,0.006627226402975859,0.0067051489331570995
298.0,0.006729775685197998,7.792253018124029e-5,0.006651852889947158,0.0067297754201283986
298.5,0.006754432199944902,7.792253018124029e-5,0.006676509617902219,0.006754432148083459
299.0,0.006779119687498156,7.792253018124029e-5,0.006701196586841041,0.006779119117022281
299.5,0.006803835986964292,7.792253018124029e-5,0.006725913059178654,0.0068038355893598945
300.0,0.006828578937449844,7.792253018124029e-5,0.00675065608457518,0.00682857861475642
300.5,0.006853357182528677,7.792253018124029e-5,0.006775434514050255,0.006853357044231495
301.0,0.006878162078626926,7.792253018124029e-5,0.006800239496584243,0.006878162026765483
301.5,0.00690299650693588,7.792253018124029e-5,0.006825073982517023,0.006902996512698263
302.0,0.006927859026859894,7.792253018124029e-5,0.006849936496678654,0.006927859026859894
302.5,0.006952748918101146,7.792253018124029e-5,0.006874826301484167,0.0069527488316654075
303.0,0.006977669061850925,7.792253018124029e-5,0.006899746347273443,0.006977668877454683
303.5,0.0070026180175135865,7.792253018124029e-5,0.006924695158876539,0.00700261768905778
304.0,0.007027593624195663,7.792253018124029e-5,0.006949670523538548,0.0070275930537197885
304.5,0.007052598042790623,7.792253018124029e-5,0.006974675391599349,0.007052597921780589
305.0,0.007077629832702821,7.792253018124029e-5,0.006999706812719062,0.007077629342900302
305.5,0.007102686833038791,7.792253018124029e-5,0.007024764049312717,0.007102686579493958
306.0,0.00712777480618111,7.792253018124029e-5,0.007049852264475104,0.007127774794656344
306.5,0.007152889430342845,7.792253018124029e-5,0.007074966295111434,0.007152888825292674
307.0,0.007178029264928351,7.792253018124029e-5,0.0071001061412217055,0.007178028671402946
307.5,0.007203199352022384,7.792253018124029e-5,0.0071252762283157385,0.007203198758496979
308.0,0.007228396810433656,7.792253018124029e-5,0.007150473606053654,0.007228396136234895
308.5,0.0072536194792687,7.792253018124029e-5,0.007175696799265512,0.007253619329446752
309.0,0.0072788724006122695,7.792253018124029e-5,0.007200949495876161,0.0072788720260574015
309.5,0.0073041534135709,7.792253018124029e-5,0.007226230220715663,0.007304152750896903
310.0,0.007329460357251124,7.792253018124029e-5,0.007251537498614077,0.007329460028795317
310.5,0.0073547953925464085,7.792253018124029e-5,0.007276872804741343,0.0073547953349225835
311.0,0.0073801570788611095,7.792253018124029e-5,0.007302233926342551,0.0073801564565237916
311.5,0.007405546856790871,7.792253018124029e-5,0.007327623813757581,0.007405546343938822
312.0,0.00743096040454876,7.792253018124029e-5,0.007353037303891645,0.007430959834072885
312.5,0.007456402764219532,7.792253018124029e-5,0.00737847955983953,0.00745640209002077
313.0,0.007481868893718432,7.792253018124029e-5,0.007403946156091418,0.0074818686862726585
313.5,0.007507363114832391,7.792253018124029e-5,0.007429440042987188,0.007507362573168429
314.0,0.007532884707263589,7.792253018124029e-5,0.007454961958111811,0.007532884488293051
314.5,0.007558427908629449,7.792253018124029e-5,0.007480505263200557,0.007558427793381797
315.0,0.007583998481312547,7.792253018124029e-5,0.007506075858933186,0.007583998389114426
315.5,0.007609594264419418,7.792253018124029e-5,0.007531671532554787,0.007609594062736027
316.0,0.00763521525795006,7.792253018124029e-5,0.007557292284065361,0.007635214814246601
316.5,0.007660858580713185,7.792253018124029e-5,0.007582935900709999,0.007660858430891239
317.0,0.007686526393602262,7.792253018124029e-5,0.007608603857658639,0.007686526387839879
317.5,0.007712213654532533,7.792253018124029e-5,0.007634290991816494,0.007712213521997734
318.0,0.0077379268461843995,7.792253018124029e-5,0.007660003941448291,0.0077379264716295314
318.5,0.007763660206175283,7.792253018124029e-5,0.007685737543459243,0.007763660073640483
319.0,0.007789420217185582,7.792253018124029e-5,0.007711496960944138,0.007789419491125378
319.5,0.007815201837130544,7.792253018124029e-5,0.007737279243563095,0.007815201773744335
320.0,0.007841004345712345,7.792253018124029e-5,0.007763081440976237,0.007841003971157477
320.5,0.00786682918352663,7.792253018124029e-5,0.0077889065035234425,0.007866829033704682
321.0,0.007892676350573398,7.792253018124029e-5,0.007814753693619742,0.007892676223800982
321.5,0.00791854512655483,7.792253018124029e-5,0.007840622273680164,0.007918544803861404
322.0,0.007944434070875278,7.792253018124029e-5,0.007866511506119741,0.007944434036300982
322.5,0.007970348225619497,7.792253018124029e-5,0.007892425078863322,0.007970347609044562
323.0,0.007996281828404913,7.792253018124029e-5,0.007918358566401086,0.007996281096582326
323.5,0.008022235599529347,7.792253018124029e-5,0.007944312706318004,0.008022235236499245
324.0,0.008048208818694976,7.792253018124029e-5,0.007970286023444137,0.008048208553625378
324.5,0.008074204367093088,7.792253018124029e-5,0.007996281468119364,0.008074203998300604
325.0,0.008100225846212797,7.792253018124029e-5,0.008022302728268533,0.008100225258449773
325.5,0.008126267493671522,7.792253018124029e-5,0.008048344640796857,0.008126267170978098
326.0,0.008152333631256196,7.792253018124029e-5,0.008074410893629183,0.008152333423810424
326.5,0.008178424979264642,7.792253018124029e-5,0.008100502224350482,0.008178424754531722
327.0,0.008204542978292505,7.792253018124029e-5,0.008126620108130693,0.008204542638311933
327.5,0.008230684747148496,7.792253018124029e-5,0.008152761594629939,0.008230684124811179
328.0,0.00825684812493915,7.792253018124029e-5,0.008178925208678276,0.008256847738859516
328.5,0.008283037433451396,7.792253018124029e-5,0.008205114638200558,0.008283037168381798
329.0,0.00830924979149395,7.792253018124029e-5,0.008231326932856902,0.008309249463038142
329.5,0.00833548591936463,7.792253018124029e-5,0.00825756283023228,0.00833548536041352
330.0,0.008361745817063438,7.792253018124029e-5,0.00828382306791166,0.0083617455980929
330.5,0.008388028764292553,7.792253018124029e-5,0.008310106170725104,0.008388028700906344
331.0,0.008414334761051974,7.792253018124029e-5,0.008336412138672611,0.008414334668853852
331.5,0.008440663087043877,7.792253018124029e-5,0.008362740234169212,0.008440662764350453
332.0,0.008467014462566088,7.792253018124029e-5,0.008389091194799877,0.008467013724981117
332.5,0.008493386006427316,7.792253018124029e-5,0.008415462807809696,0.008493385337990936
333.0,0.008519783481010137,7.792253018124029e-5,0.008441860236293458,0.008519782766474698
333.5,0.008546201123931977,7.792253018124029e-5,0.008468278317156373,0.008546200847337614
334.0,0.008572641816384122,7.792253018124029e-5,0.008494718525568382,0.008572641055749623
334.5,0.00859910051628182,7.792253018124029e-5,0.008521177911189606,0.008599100441370846
335.0,0.008625584426603288,7.792253018124029e-5,0.008547661637114833,0.008625584167296073
335.5,0.008652088505263776,7.792253018124029e-5,0.008574165277834243,0.008652087808015484
336.0,0.008678613472561101,7.792253018124029e-5,0.008600690308517778,0.008678612838699019
336.5,0.008705100984371682,7.792253018124029e-5,0.008627177722367853,0.008705100252549093
337.0,0.00873098632720302,7.792253018124029e-5,0.008653063266882581,0.008730985797063821
337.5,0.008756891118075552,7.792253018124029e-5,0.008678967988606524,0.008756890518787764
338.0,0.008782816797584926,7.792253018124029e-5,0.00870489410029459,0.00878281663047583
338.5,0.00880876408602896,7.792253018124029e-5,0.008730840864361811,0.008808763394543052
339.0,0.00883472722102508,7.792253018124029e-5,0.008756804592883336,0.008834727123064576
339.5,0.008860709804062396,7.792253018124029e-5,0.008782786761029107,0.008860709291210347
340.0,0.008886711835140908,7.792253018124029e-5,0.008808788843969061,0.008886711374150301
340.5,0.008912732593962793,7.792253018124029e-5,0.008834809366533261,0.008912731896714501
341.0,0.008938774241421518,7.792253018124029e-5,0.008860851279061584,0.008938773809242824
341.5,0.00896483245573015,7.792253018124029e-5,0.008886909418459243,0.008964831948640483
342.0,0.008990906516590867,7.792253018124029e-5,0.008912983784726236,0.008990906314907477
342.5,0.009017001466088425,7.792253018124029e-5,0.008939078803372386,0.009017001333553626
343.0,0.009043112982435889,7.792253018124029e-5,0.008965190048887869,0.00904311257906911
343.5,0.009069243226526727,7.792253018124029e-5,0.008991320471612566,0.009069243001793806
344.0,0.00909539219836094,7.792253018124029e-5,0.00901746933396151,0.00909539186414275
344.5,0.009121556296449413,7.792253018124029e-5,0.009043633685594818,0.009121556215776058
345.0,0.00914773840198344,7.792253018124029e-5,0.009069815739267401,0.009147738269448641
345.5,0.009173938514963018,7.792253018124029e-5,0.009096015494979258,0.009173938025160498
346.0,0.009200155915090324,7.792253018124029e-5,0.00912223295273039,0.00920015548291163
346.5,0.009226396364747938,7.792253018124029e-5,0.009148473275615588,0.009226395805796829
347.0,0.009254271170163803,7.792253018124029e-5,0.009176348086793835,0.009254270616975075
347.5,0.009286307856395526,7.792253018124029e-5,0.009208385089956599,0.00928630762013784
348.0,0.009318371193646664,7.792253018124029e-5,0.009240447908593307,0.009318370438774547
348.5,0.009350466224001973,7.792253018124029e-5,0.009272543180968684,0.009350465711149924
349.0,0.009382594388057098,7.792253018124029e-5,0.009304671644667702,0.009382594174848942
349.5,0.009414752084322927,7.792253018124029e-5,0.009336828874180542,0.009414751404361783
350.0,0.009446937151905994,7.792253018124029e-5,0.009369014131922234,0.009446936662103474
350.5,0.00947915031110412,7.792253018124029e-5,0.009401227417892778,0.009479149948074018
351.0,0.00951139588370424,7.792253018124029e-5,0.009433473157601992,0.009511395687783232
351.5,0.009543668827621598,7.792253018124029e-5,0.00946574618795509,0.00954366871813633
352.0,0.009575972744345304,7.792253018124029e-5,0.009498049459291946,0.009575971989473187
352.5,0.009608305472981894,7.792253018124029e-5,0.009530382234027596,0.009608304764208837
353.0,0.009640664132340077,7.792253018124029e-5,0.009562740824237189,0.00964066335441843
353.5,0.009673058806589363,7.792253018124029e-5,0.009595135556110301,0.009673058086291542
354.0,0.00970547869126242,7.792253018124029e-5,0.009627555365872386,0.009705477896053626
354.5,0.009737928108146183,7.792253018124029e-5,0.00966000541661823,0.00973792794679947
355.0,0.00977040705724065,7.792253018124029e-5,0.009692484233177898,0.009770406763359139
355.5,0.009802912657354534,7.792253018124029e-5,0.00972498960279648,0.00980291213297772
356.0,0.009835448509976943,7.792253018124029e-5,0.00975752521339882,0.009835447743580061
356.5,0.009868013894810058,7.792253018124029e-5,0.009790091064984923,0.009868013595166163
357.0,0.009900604490066944,7.792253018124029e-5,0.009822681256875028,0.009900603787056268
357.5,0.009933226058130178,7.792253018124029e-5,0.009855303164918835,0.009933225695100075
358.0,0.009965873556915007,7.792253018124029e-5,0.009887950888436584,0.009965873418617825
358.5,0.009998548427017074,7.792253018124029e-5,0.009920625165013247,0.009998547695194487
359.0,0.01003124778724509,7.792253018124029e-5,0.009953324519478881,0.010031247049660122
359.5,0.010063977399981635,7.792253018124029e-5,0.009986054114928276,0.010063976645109517
360.0,0.01009673222314195,7.792253018124029e-5,0.010018809525851614,0.010096732056032854
360.5,0.010129510816130394,7.792253018124029e-5,0.010051587801909017,0.010129510332090258
361.0,0.010162316780436075,7.792253018124029e-5,0.01008439410619527,0.01016231663637651
361.5,0.010195149395761173,7.792253018124029e-5,0.010117226225955466,0.010195148756136706
362.0,0.01022800650121222,7.792253018124029e-5,0.010150083423604636,0.010228005953785877
362.5,0.010260890257682686,7.792253018124029e-5,0.010182967174312718,0.010260889704493958
363.0,0.010293796343385633,7.792253018124029e-5,0.010215873052569893,0.010293795582751133
363.5,0.010326727639512354,7.792253018124029e-5,0.01024880474630101,0.010326727276482251
364.0,0.010359686306956311,7.792253018124029e-5,0.010281762993091042,0.010359685523272282
364.5,0.010392667303632754,7.792253018124029e-5,0.010314744105015134,0.010392666635196375
365.0,0.010425671349839502,7.792253018124029e-5,0.010347748082073291,0.010425670612254532
365.5,0.010458702047065666,7.792253018124029e-5,0.01038077934977533,0.01045870187995657
366.0,0.010491758675013424,7.792253018124029e-5,0.010413835695366342,0.010491758225547583
366.5,0.01052483907278931,7.792253018124029e-5,0.010446916381261358,0.010524838911442598
367.0,0.010557944680988968,7.792253018124029e-5,0.010480021407460375,0.010557943937641616
367.5,0.010591075499612398,7.792253018124029e-5,0.010513152249133337,0.010591074779314577
368.0,0.010624230808361779,7.792253018124029e-5,0.0105463074311103,0.01062422996129154
368.5,0.010657407726045821,7.792253018124029e-5,0.010579484740636358,0.010657407270817598
369.0,0.01069061129474928,7.792253018124029e-5,0.010612688603221327,0.010690611133402568
369.5,0.010723838633280866,7.792253018124029e-5,0.01064591533094036,0.010723837861121601
370.0,0.010757086140151471,7.792253018124029e-5,0.010679163448623519,0.010757085978804759
370.5,0.010790358857445847,7.792253018124029e-5,0.010712435906610678,0.010790358436791919
371.0,0.010823656064866172,7.792253018124029e-5,0.010745732704901841,0.010823655235083081
371.5,0.010856973440625516,7.792253018124029e-5,0.010779050155572158,0.010856972685753398
372.0,0.010890314586212988,7.792253018124029e-5,0.010812391208961509,0.01089031373914275
372.5,0.010923675900139478,7.792253018124029e-5,0.010845752914730014,0.010923675444911254
373.0,0.010957060263596273,7.792253018124029e-5,0.010879137485632582,0.010957060015813822
373.5,0.010990466956285552,7.792253018124029e-5,0.010912544184084242,0.010990466714265483
374.0,0.011023893097016027,7.792253018124029e-5,0.01094597005974512,0.01102389258992636
374.5,0.011057340846681163,7.792253018124029e-5,0.010979418062955089,0.011057340593136329
375.0,0.011090808764685317,7.792253018124029e-5,0.011012885980959243,0.011090808511140483
375.5,0.011124296130730666,7.792253018124029e-5,0.011046373076172612,0.011124295606353852
376.0,0.011157807266604144,7.792253018124029e-5,0.011079884511689984,0.011157807041871224
376.5,0.011191337130220995,7.792253018124029e-5,0.0111134143868316,0.01119133691701284
377.0,0.011224884280985576,7.792253018124029e-5,0.011146961226427521,0.011224883756608761
377.5,0.011258449439195708,7.792253018124029e-5,0.011180526505647687,0.011258449035828927
378.0,0.011291825159078638,7.792253018124029e-5,0.011213902225530618,0.011291824755711858
378.5,0.011324894752387194,7.792253018124029e-5,0.011246971847651086,0.011324894377832326
379.0,0.011357981632843479,7.792253018124029e-5,0.01128005843422586,0.0113579809644071
379.5,0.011391093723723536,7.792253018124029e-5,0.011313170836274575,0.011391093366455815
380.0,0.011424223101751322,7.792253018124029e-5,0.011346300202777597,0.011424222732958837
380.5,0.011457373368415947,7.792253018124029e-5,0.011379450221659771,0.011457372751841012
381.0,0.011490543803419592,7.792253018124029e-5,0.011412620892921102,0.011490543423102342
381.5,0.011523738008251364,7.792253018124029e-5,0.011445815166901463,0.011523737697082703
382.0,0.011556948779933043,7.792253018124029e-5,0.011479025667751162,0.011556948197932402
382.5,0.011590178279358095,7.792253018124029e-5,0.011512255345810074,0.011590177875991314
383.0,0.011623427947122164,7.792253018124029e-5,0.011545504938663171,0.011623427468844412
383.5,0.011656698503523074,7.792253018124029e-5,0.011578775183895421,0.011656697714076661
384.0,0.011689983465880426,7.792253018124029e-5,0.011612060180827067,0.011689982711008308
384.5,0.011723293638661548,7.792253018124029e-5,0.011645370255647687,0.011723292785828928
385.0,0.011756618937696936,7.792253018124029e-5,0.011678695819752671,0.011756618349933912
385.5,0.011789960803582229,7.792253018124029e-5,0.011712037610726993,0.011789960140908233
386.0,0.011823319956615253,7.792253018124029e-5,0.011745397103740587,0.011823319633921827
386.5,0.011856698557689472,7.792253018124029e-5,0.011778775773963397,0.011856698304144637
387.0,0.01189009516620924,7.792253018124029e-5,0.011812172146225482,0.011890094676406723
387.5,0.011923511222770206,7.792253018124029e-5,0.011845588433281751,0.011923510963462992
388.0,0.011956942405585437,7.792253018124029e-5,0.011879019472037415,0.011956942002218656
388.5,0.011990390875548394,7.792253018124029e-5,0.011912467475247384,0.011990390005428625
389.0,0.012023855192063438,7.792253018124029e-5,0.01194593244291166,0.0120238549730929
389.5,0.01205733679572621,7.792253018124029e-5,0.01197941363744527,0.01205733616762651
390.0,0.012090835686536714,7.792253018124029e-5,0.012012913271603125,0.012090835801784366
390.5,0.012124348263005836,7.792253018124029e-5,0.012046425444705466,0.012124347974886707
391.0,0.012157876686027042,7.792253018124029e-5,0.012079953844677143,0.012157876374858384
391.5,0.01219142239619598,7.792253018124029e-5,0.012113499209103125,0.012191421739284366
392.0,0.012224983952917,7.792253018124029e-5,0.012147061537983412,0.012224984068164652
392.5,0.012258562796785753,7.792253018124029e-5,0.012180640093733035,0.012258562623914275
393.0,0.012292160368397876,7.792253018124029e-5,0.012214237826691872,0.012292160356873113
393.5,0.012325772345966443,7.792253018124029e-5,0.012247848836180164,0.012325771366361404
394.0,0.01235939872949145,7.792253018124029e-5,0.012281475334952822,0.012359397865134063
394.5,0.012393043840759831,7.792253018124029e-5,0.012315120273349727,0.012393042803530967
395.0,0.012426704798580296,7.792253018124029e-5,0.012348782176200935,0.012426704706382175
395.5,0.012460406093078798,7.792253018124029e-5,0.012382482433470572,0.012460404963651812
396.0,0.012498678397556086,7.792253018124029e-5,0.0124207557175529,0.01249867824773414
396.5,0.01254204608882662,7.792253018124029e-5,0.012464122763436584,0.012542045293617824
397.0,0.012585442592010037,7.792253018124029e-5,0.012507519312719062,0.012585441842900303
397.5,0.012628877991275845,7.792253018124029e-5,0.012550954216419968,0.012628876746601209
398.0,0.01267234364305018,7.792253018124029e-5,0.012594420098689605,0.012672342628870846
398.5,0.012715836666141752,7.792253018124029e-5,0.012637914009188095,0.012715836539369335
399.0,0.012759367144720072,7.792253018124029e-5,0.012681443323765135,0.012759365853946375
399.5,0.01280292499461563,7.792253018124029e-5,0.012725002141740965,0.012802924671922206
400.0,0.01284651165642407,7.792253018124029e-5,0.012768588987945648,0.012846511518126888
400.5,0.012890135773719258,7.792253018124029e-5,0.01281221271339882,0.012890135243580061
401.0,0.012933788702927327,7.792253018124029e-5,0.012855865942250784,0.012933788472432024
401.5,0.012977469003452636,7.792253018124029e-5,0.01289954572416166,0.0129774682543429
402.0,0.01302117955648647,7.792253018124029e-5,0.012943256484641267,0.013021179014822507
402.5,0.013064924683815763,7.792253018124029e-5,0.012987001174029485,0.013064923704210725
403.0,0.013108691420079718,7.792253018124029e-5,0.013030767990966795,0.013108690521148035
403.5,0.013152494171234777,7.792253018124029e-5,0.013074571687152597,0.013152494217333837
404.0,0.013196317090728852,7.792253018124029e-5,0.013118394560547612,0.013196317090728852
404.5,0.013240173143922743,7.792253018124029e-5,0.013162249887681297,0.013240172417862538
405.0,0.013284062330816448,7.792253018124029e-5,0.013206139143723594,0.013284061673904834
405.5,0.013327976007836103,7.792253018124029e-5,0.013250053477654863,0.013327976007836103
406.0,0.013371922818555572,7.792253018124029e-5,0.013294000265324802,0.013371922795506043
406.5,0.013415897000592281,7.792253018124029e-5,0.013337973606053655,0.013415896136234895
407.0,0.013459901435137516,7.792253018124029e-5,0.013381977925351236,0.013459900455532477
407.5,0.013503926038021767,7.792253018124029e-5,0.013426002897027974,0.013503925427209214
408.0,0.013547985215201478,7.792253018124029e-5,0.013470061797613321,0.013547984327794561
408.5,0.013592074644889717,7.792253018124029e-5,0.0135141516767674,0.01359207420694864
409.0,0.013636188564703904,7.792253018124029e-5,0.013558265158640512,0.013636187688821752
409.5,0.013680326974644042,7.792253018124029e-5,0.013602403718402597,0.013680326248583837
410.0,0.01372449707768835,7.792253018124029e-5,0.013646573256733413,0.013724495786914653
410.5,0.013768691670858608,7.792253018124029e-5,0.0136907678729532,0.01376869040313444
411.0,0.013812913635346105,7.792253018124029e-5,0.01373499051740184,0.013812913047583081
411.5,0.013857155768172619,7.792253018124029e-5,0.013779232339059696,0.013857154869240936
412.0,0.013901431034698947,7.792253018124029e-5,0.013823508089626162,0.013901430619807403
412.5,0.013945727910159939,7.792253018124029e-5,0.013867804492571781,0.013945727022753021
413.0,0.013990052156938167,7.792253018124029e-5,0.013912128923746252,0.013990051453927493
413.5,0.014034398012651057,7.792253018124029e-5,0.013956475482469817,0.014034398012651057
414.0,0.014078775561468118,7.792253018124029e-5,0.014000853019762113,0.014078775549943353
414.5,0.014123170397432909,7.792253018124029e-5,0.014045246783923744,0.014123169314104985
415.0,0.014167586842332361,7.792253018124029e-5,0.014089664150804409,0.01416758668098565
415.5,0.014212036420931629,7.792253018124029e-5,0.014134112496253804,0.014212035026435045
416.0,0.014256501846082981,7.792253018124029e-5,0.014178578543742475,0.014256501073923716
416.5,0.014300993201955927,7.792253018124029e-5,0.01422306966912012,0.01430099219930136
417.0,0.01434550760735918,7.792253018124029e-5,0.014267584397216796,0.014345506927398036
417.5,0.014390040740505806,7.792253018124029e-5,0.014312116827352747,0.014390039357533987
418.0,0.014434598363778382,7.792253018124029e-5,0.014356675810547611,0.014434598340728851
418.5,0.014479180477176909,7.792253018124029e-5,0.01440125692129157,0.01447917945147281
419.0,0.014523792843083961,7.792253018124029e-5,0.014445869010604259,0.0145237915407855
419.5,0.014568422496138742,7.792253018124029e-5,0.014490498801956221,0.014568421332137461
420.0,0.014613076639319475,7.792253018124029e-5,0.014535153671197159,0.0146130762013784
420.5,0.014657753832030513,7.792253018124029e-5,0.014579830667987188,0.014657753198168429
421.0,0.014702451193080567,7.792253018124029e-5,0.014624528317156374,0.014702450847337614
421.5,0.014747175925447862,7.792253018124029e-5,0.01466925251938447,0.01474717504956571
422.0,0.014791922266749817,7.792253018124029e-5,0.01471399884916166,0.0147919213793429
422.5,0.01483668877639079,7.792253018124029e-5,0.014758765831318004,0.014836688361499244
423.0,0.014881472573179493,7.792253018124029e-5,0.014803549040343684,0.014881471570524924
423.5,0.014926285181881077,7.792253018124029e-5,0.014848361752768156,0.014926284282949396
424.0,0.014971112196539104,7.792253018124029e-5,0.014893189216892023,0.014971111747073263
424.5,0.01501596370132308,7.792253018124029e-5,0.014938040283734922,0.015015962813916163
425.0,0.015060836815041717,7.792253018124029e-5,0.014982913478126917,0.015060836008308157
425.5,0.015105725775312441,7.792253018124029e-5,0.015027802899388246,0.015105725429569486
426.0,0.015150639225709113,7.792253018124029e-5,0.01507271592336861,0.01515063845354985
426.5,0.015195569963253518,7.792253018124029e-5,0.015117646649388247,0.015195569179569487
427.0,0.015240516547350005,7.792253018124029e-5,0.01516259360227722,0.01524051613245846
427.5,0.015285486180976799,7.792253018124029e-5,0.015207562682715286,0.015285485212896526
428.0,0.01533047598294261,7.792253018124029e-5,0.015252552415532507,0.015330474945713747
428.5,0.015375484512651794,7.792253018124029e-5,0.01529756132555894,0.01537548385574018
429.0,0.015420508888913066,7.792253018124029e-5,0.015342584987284772,0.015420507517466013
429.5,0.015465554874108998,7.792253018124029e-5,0.015387632251729635,0.015465554781910876
430.0,0.015510621027643947,7.792253018124029e-5,0.015432697218213776,0.015510619748395016
430.5,0.015555695824752762,7.792253018124029e-5,0.015477772510887491,0.015555695041068731
431.0,0.015600797993178815,7.792253018124029e-5,0.01552287435662012,0.01560079688680136
431.5,0.015645910245774376,7.792253018124029e-5,0.015567986528542325,0.015645909058723564
432.0,0.015691045547900243,7.792253018124029e-5,0.015613122303183563,0.015691044833364802
432.5,0.015736201018365127,7.792253018124029e-5,0.015658277255034016,0.015736199785215257
433.0,0.01578137665716903,7.792253018124029e-5,0.015703452859263625,0.015781375389444866
433.5,0.01582656814252502,7.792253018124029e-5,0.015748644690362565,0.015826567220543805
434.0,0.01587177547443309,7.792253018124029e-5,0.015793852748330846,0.015871775278512086
434.5,0.01591700153408454,7.792253018124029e-5,0.0158390785083384,0.01591700103851964
435.0,0.01596224632147936,7.792253018124029e-5,0.015884323445555164,0.015962245975736405
435.5,0.016007514158404484,7.792253018124029e-5,0.015929590510321025,0.016007513040502266
436.0,0.016052793520094765,7.792253018124029e-5,0.015974870851616342,0.016052793381797582
436.5,0.016098090168932773,7.792253018124029e-5,0.016020167419780997,0.016098089949962237
437.0,0.01614340986730109,7.792253018124029e-5,0.016065486115494743,0.016143408645675983
437.5,0.016188738209243266,7.792253018124029e-5,0.016110815137398066,0.016188737667579306
438.0,0.01623408816012011,7.792253018124029e-5,0.016156164811680543,0.016234087341861783
438.5,0.01627945539814468,7.792253018124029e-5,0.016201532188002295,0.016279454718183536
439.0,0.0163248341609344,7.792253018124029e-5,0.016246911365683563,0.016324833895864803
439.5,0.01636991760161708,7.792253018124029e-5,0.016291994034206978,0.01636991656438822
440.0,0.01641491316596547,7.792253018124029e-5,0.016336989667703958,0.016414912197885198
440.5,0.01645992745805723,7.792253018124029e-5,0.01638200447841015,0.01645992700859139
441.0,0.01650495903729672,7.792253018124029e-5,0.016427035515985677,0.016504958046166918
441.5,0.016550002141301364,7.792253018124029e-5,0.016472078354920722,0.016550000885101963
442.0,0.01659506685424067,7.792253018124029e-5,0.016517143321404863,0.016595065851586103
442.5,0.016640143091945128,7.792253018124029e-5,0.016562220089248517,0.016640142619429758
443.0,0.01668523805739296,7.792253018124029e-5,0.016607314559131447,0.016685237089312688
443.5,0.016730354631775454,7.792253018124029e-5,0.016652431156563473,0.016730353686744713
444.0,0.016775476968540527,7.792253018124029e-5,0.016697553654675255,0.016775476184856496
444.5,0.016820623795431547,7.792253018124029e-5,0.01674269975550607,0.01682062228568731
445.0,0.01686577926589643,7.792253018124029e-5,0.016787856182526463,0.016865778712707703
445.5,0.01691096066708291,7.792253018124029e-5,0.01683303768743583,0.01691096021761707
446.0,0.016956157914821475,7.792253018124029e-5,0.016878233944044592,0.016956156474225832
446.5,0.01700136956851648,7.792253018124029e-5,0.016923446427522686,0.017001368957703926
447.0,0.01704660283114615,7.792253018124029e-5,0.016968679563379937,0.017046602093561177
447.5,0.01709184905913661,7.792253018124029e-5,0.017013925975766644,0.017091848505947884
448.0,0.01713711113367916,7.792253018124029e-5,0.017059187139852747,0.017137109670033988
448.5,0.017182390495369442,7.792253018124029e-5,0.017104467481148064,0.017182390011329304
449.0,0.01722768714420745,7.792253018124029e-5,0.01714976404931272,0.01722768657949396
449.5,0.017272999639597546,7.792253018124029e-5,0.017195076844346704,0.017272999374527944
450.0,0.0173183337439223,7.792253018124029e-5,0.017240410291759847,0.017318332821941087
450.5,0.017363677932416565,7.792253018124029e-5,0.017285754065362566,0.017363676595543807
451.0,0.017409043729845492,7.792253018124029e-5,0.017331119966514378,0.017409042496695618
451.5,0.017454425373826504,7.792253018124029e-5,0.017376502094535527,0.017454424624716768
452.0,0.01749981566138138,7.792253018124029e-5,0.01742189159840637,0.01749981412858761
452.5,0.017545220354892695,7.792253018124029e-5,0.017467297329146553,0.017545219859327794
453.0,0.01759064809793432,7.792253018124029e-5,0.01751272518743583,0.01759064771761707
453.5,0.017636087365741095,7.792253018124029e-5,0.01755816337191468,0.01763608590209592
454.0,0.017681535277121737,7.792253018124029e-5,0.01760361188258311,0.01768153441276435
454.5,0.017727009119223973,7.792253018124029e-5,0.01764908547114051,0.01772700800132175
455.0,0.017772493045495715,7.792253018124029e-5,0.017694569385887492,0.017772491916068733
455.5,0.017817989937128256,7.792253018124029e-5,0.017740066577163927,0.017817989107345167
456.0,0.017863496912930307,7.792253018124029e-5,0.017785574094629938,0.017863496624811178
456.5,0.01790902261647573,7.792253018124029e-5,0.017831099314135224,0.017909021844316465
457.0,0.017954562725977594,7.792253018124029e-5,0.017876639285339908,0.017954561815521148
457.5,0.018000115800840256,7.792253018124029e-5,0.017922192533074047,0.018000115063255287
458.0,0.01804568040046807,7.792253018124029e-5,0.017967757582167704,0.018045680112348944
458.5,0.018091262287243615,7.792253018124029e-5,0.018013338858130692,0.018091261388311932
459.0,0.018136855698784312,7.792253018124029e-5,0.0180589319354532,0.01813685446563444
459.5,0.01818245919449452,7.792253018124029e-5,0.018104535338965284,0.018182457869146525
460.0,0.01822807853675681,7.792253018124029e-5,0.018150154969346705,0.018228077499527946
460.5,0.018273706522592966,7.792253018124029e-5,0.018195783450747762,0.018273705980929002
461.0,0.01831934459259863,7.792253018124029e-5,0.01824142078316846,0.0183193433133497
461.5,0.018364997068560734,7.792253018124029e-5,0.01828707434245849,0.01836499687263973
462.0,0.018410661069287994,7.792253018124029e-5,0.018332738227938097,0.018410660758119337
462.5,0.018456340916567338,7.792253018124029e-5,0.018378416865117098,0.018456339395298338
463.0,0.018502068303502938,7.792253018124029e-5,0.01842414418290411,0.01850206671308535
463.5,0.018554085331020757,7.792253018124029e-5,0.018476161625313473,0.018554084155494713
464.0,0.01861142391884795,7.792253018124029e-5,0.018533500005694894,0.018611422535876134
464.5,0.01866879996216189,7.792253018124029e-5,0.01859087674049474,0.01866879927067598
465.0,0.018726201936197426,7.792253018124029e-5,0.018648278553183562,0.018726201083364803
465.5,0.018783626959763263,7.792253018124029e-5,0.01870570396859142,0.01878362649877266
466.0,0.018841080795241986,7.792253018124029e-5,0.018763157412228126,0.018841079942409366
466.5,0.018898562002037947,7.792253018124029e-5,0.018820638884093684,0.018898561414274925
467.0,0.01895606769895986,7.792253018124029e-5,0.018878143958678276,0.018956066488859516
467.5,0.01901359788600772,7.792253018124029e-5,0.01893567411115184,0.01901359664133308
468.0,0.019071161206755394,7.792253018124029e-5,0.018993238192534016,0.019071160722715256
468.5,0.019128756220607238,7.792253018124029e-5,0.01905083325248492,0.019128755782666162
469.0,0.019186372843393747,7.792253018124029e-5,0.019108448964814985,0.019186371494996225
469.5,0.01924401251571056,7.792253018124029e-5,0.019166089755034015,0.019244012285215256
470.0,0.01930168964351412,7.792253018124029e-5,0.0192237659493316,0.01930168847951284
470.5,0.01935939414263492,7.792253018124029e-5,0.019281470171858033,0.019359392702039274
471.0,0.01941712025069038,7.792253018124029e-5,0.019339196521933562,0.019417119052114802
471.5,0.0194748679676805,7.792253018124029e-5,0.019396944999558186,0.019474867529739426
472.0,0.019532651699561726,7.792253018124029e-5,0.019454728881261357,0.019532651411442597
472.5,0.019590464243355834,7.792253018124029e-5,0.019512540791193383,0.019590463321374624
473.0,0.019648299836680247,7.792253018124029e-5,0.01957037630384444,0.01964829883402568
473.5,0.019706157038939322,7.792253018124029e-5,0.01962823394404459,0.01970615647422583
474.0,0.019764050256089502,7.792253018124029e-5,0.019686126988323293,0.019764049518504533
474.5,0.01982195787919612,7.792253018124029e-5,0.01974403478430139,0.01982195731448263
475.0,0.019879895754811267,7.792253018124029e-5,0.019801972083678277,0.019879894613859517
475.5,0.01993785667995672,7.792253018124029e-5,0.0198599329857742,0.01993785551595544
476.0,0.0199958478576107,7.792253018124029e-5,0.01991792486643885,0.01999584739662009
476.5,0.020053853441221115,7.792253018124029e-5,0.01997593002363296,0.0200538525538142
477.0,0.020111893599126993,7.792253018124029e-5,0.02003397058490562,0.02011189311508686
477.5,0.02016995680656318,7.792253018124029e-5,0.02009203327372737,0.02016995580390861
478.0,0.02022804450412531,7.792253018124029e-5,0.020150121040438094,0.020228043570619334
478.5,0.020286162454195972,7.792253018124029e-5,0.020208238310547612,0.020286160840728852
479.0,0.020344300572605653,7.792253018124029e-5,0.02026637770820622,0.020344300238387462
479.5,0.02040246318114128,7.792253018124029e-5,0.020324539233413926,0.020402461763595166
480.0,0.020460656042185436,7.792253018124029e-5,0.0203827332123603,0.02046065574254154
480.5,0.02051888059633376,7.792253018124029e-5,0.020440956694705466,0.020518879224886707
481.0,0.020577126759416746,7.792253018124029e-5,0.020499203779769666,0.020577126309950906
481.5,0.02063539165024311,7.792253018124029e-5,0.02055746856687314,0.02063539109705438
482.0,0.020693692555960572,7.792253018124029e-5,0.020615768758055163,0.020693691288236404
482.5,0.020752023714186562,7.792253018124029e-5,0.02067409992780592,0.02075202245798716
483.0,0.02081036783777335,7.792253018124029e-5,0.020732444374086133,0.020810366904267373
483.5,0.02086873501089044,7.792253018124029e-5,0.020790810947915437,0.020868733478096677
484.0,0.02092713243651606,7.792253018124029e-5,0.020849208500313472,0.020927131030494713
484.5,0.020985551471076343,7.792253018124029e-5,0.020907628180260603,0.020985550710441843
485.0,0.021043994995762573,7.792253018124029e-5,0.020966071462926766,0.021043993993108006
485.5,0.0211024644511704,7.792253018124029e-5,0.02102454129865184,0.02110246382883308
486.0,0.0211609526343216,7.792253018124029e-5,0.021083028836416193,0.021160951366597434
486.5,0.02121946674819439,7.792253018124029e-5,0.021141542927239455,0.021219465457420695
487.0,0.021278002471001846,7.792253018124029e-5,0.02120007914561181,0.02127800167579305
487.5,0.021336567005722184,7.792253018124029e-5,0.02125864339221302,0.02133656592239426
488.0,0.021395160352355405,7.792253018124029e-5,0.02131723714221302,0.02139515967239426
488.5,0.021453778189114574,7.792253018124029e-5,0.021375854494932053,0.021453777025113294
489.0,0.021512414753617117,7.792253018124029e-5,0.0214344910248603,0.02151241355504154
489.5,0.021571080130032543,7.792253018124029e-5,0.02149315705818734,0.02157107958836858
490.0,0.021629768555978274,7.792253018124029e-5,0.021551845219063472,0.021629767749244713
490.5,0.021688481472049954,7.792253018124029e-5,0.02161055845782858,0.02168848098800982
491.0,0.02174722320003452,7.792253018124029e-5,0.021669299724822535,0.021747222255003775
491.5,0.021805989418145034,7.792253018124029e-5,0.021728066069705468,0.021805988599886708
492.0,0.021864778685785853,7.792253018124029e-5,0.021786854542137492,0.021864777072318733
492.5,0.02192359532474391,7.792253018124029e-5,0.021845671042798366,0.021923593572979606
493.0,0.02198243357263663,7.792253018124029e-5,0.021904509671008338,0.02198243220118958
493.5,0.02204130351363352,7.792253018124029e-5,0.021963379277787038,0.02204130180796828
494.0,0.022100195063565073,7.792253018124029e-5,0.022022271012114833,0.022100193542296073
494.5,0.022159106781835643,7.792253018124029e-5,0.022081183398821782,0.022159105929003022
495.0,0.022218047312019096,7.792253018124029e-5,0.02214012381375758,0.02221804634393882
495.5,0.022277010891732854,7.792253018124029e-5,0.022199087831412414,0.022277010361593654
496.0,0.02233599608038127,7.792253018124029e-5,0.022258072501446402,0.022335995031627642
496.5,0.022395010080942575,7.792253018124029e-5,0.022317086674879184,0.022395009205060424
497.0,0.0224544591413884,7.792253018124029e-5,0.022376536023444138,0.022454458553625378
497.5,0.022522569062846665,7.792253018124029e-5,0.02244464609472435,0.02252256862490559
498.0,0.022590719320982965,7.792253018124029e-5,0.02251279599559293,0.02259071852577417
498.5,0.02265890271281908,7.792253018124029e-5,0.02258097982537012,0.02265890235555136
499.0,0.022727137966098383,7.792253018124029e-5,0.022649213810925255,0.022727136341106496
499.5,0.022795397709503635,7.792253018124029e-5,0.022717474349539305,0.022795396879720545
500.0,0.022863692027204348,7.792253018124029e-5,0.02278576881706196,0.0228636913472432
500.5,0.02293202524098745,7.792253018124029e-5,0.02285410163900305,0.02293202416918429
501.0,0.023000400232044232,7.792253018124029e-5,0.022922477240872385,0.023000399771053625
501.5,0.023068804035013896,7.792253018124029e-5,0.02299088087097057,0.023068803401151812
502.0,0.02313725393704417,7.792253018124029e-5,0.023059330231336887,0.023137252761518127
502.5,0.023205736972774265,7.792253018124029e-5,0.02312781352061181,0.02320573605079305
503.0,0.02327425602339546,7.792253018124029e-5,0.023196332213965287,0.023274254744146527
503.5,0.023342806767120822,7.792253018124029e-5,0.02326488336105743,0.02334280589123867
504.0,0.0234114036099068,7.792253018124029e-5,0.023333480238417702,0.023411402768598943
504.5,0.023480029264605656,7.792253018124029e-5,0.023402105144006827,0.023480027674188067
505.0,0.023548686612408685,7.792253018124029e-5,0.02347076250333462,0.02354868503351586
505.5,0.023617381415698465,7.792253018124029e-5,0.023539458217080846,0.023617380747262086
506.0,0.023686116555666274,7.792253018124029e-5,0.023608192285245497,0.023686114815426738
506.5,0.0237548848293339,7.792253018124029e-5,0.0236769617574887,0.02375488428766994
507.0,0.02382369920206214,7.792253018124029e-5,0.02374577548483009,0.02382369801501133
507.5,0.023892548149085837,7.792253018124029e-5,0.02381462461625003,0.02389254714643127
508.0,0.02396144463576579,7.792253018124029e-5,0.023883520953108035,0.023961443483289276
508.5,0.024030381459123777,7.792253018124029e-5,0.023952457119554408,0.024030379649735648
509.0,0.024099349975585938,7.792253018124029e-5,0.024021425739739456,0.024099348269920697
509.5,0.02416837611587386,7.792253018124029e-5,0.024090451891552143,0.024168374421733384
510.0,0.024237431068074668,7.792253018124029e-5,0.024159506071593683,0.024237428601774923
510.5,0.024306524916357864,7.792253018124029e-5,0.024228601556393534,0.024306524086574775
511.0,0.024375661982510385,7.792253018124029e-5,0.02429773687078175,0.02437565940096299
511.5,0.024444836504149654,7.792253018124029e-5,0.024366913489928275,0.024444836020109516
512.0,0.02451406000604082,7.792253018124029e-5,0.02443613583934293,0.02451405836952417
512.5,0.024583320963418736,7.792253018124029e-5,0.02450539654317601,0.02458331907335725
513.0,0.024652619376283397,7.792253018124029e-5,0.02457469707659746,0.0246526196067787
513.5,0.024721961007017384,7.792253018124029e-5,0.02464403596443734,0.02472195849461858
514.0,0.024791342974429403,7.792253018124029e-5,0.024713420582545345,0.024791343112726585
514.5,0.02486076815971075,7.792253018124029e-5,0.02478284503024172,0.02486076756042296
515.0,0.024930242325243993,7.792253018124029e-5,0.02485231963371604,0.02493024216389728
515.5,0.024999753946263983,7.792253018124029e-5,0.024921829641268912,0.024999752171450153
516.0,0.025069300141579435,7.792253018124029e-5,0.02499137505290033,0.02506929758308157
516.5,0.025138895317146786,7.792253018124029e-5,0.025060970620309698,0.025138893150490938
517.0,0.025208525067009595,7.792253018124029e-5,0.025130601591797613,0.025208524121978854
517.5,0.025278206678315592,7.792253018124029e-5,0.025200282719063473,0.025278205249244713
518.0,0.025347931507490915,7.792253018124029e-5,0.025270008101427523,0.025347930631608763
518.5,0.02541769667334427,7.792253018124029e-5,0.02533977183821,0.02541769436839124
519.0,0.025487507938258238,7.792253018124029e-5,0.025409582780430543,0.025487505310611783
519.5,0.025557362421041528,7.792253018124029e-5,0.025479437977749275,0.025557360507930515
520.0,0.025627260121694143,7.792253018124029e-5,0.025549337430166193,0.025627259960347433
520.5,0.025697215446172525,7.792253018124029e-5,0.025619292939040816,0.025697215469222056
521.0,0.025767199582563786,7.792253018124029e-5,0.02568927500097435,0.02576719753115559
521.5,0.025837232699206947,7.792253018124029e-5,0.025759310169025707,0.025837232699206947
522.0,0.02590730327133686,7.792253018124029e-5,0.02582938074115562,0.02590730327133686
522.5,0.025977431467292533,7.792253018124029e-5,0.02589950736974323,0.02597742989992447
523.0,0.026047594237543666,7.792253018124029e-5,0.025969669402409395,0.026047591932590635
523.5,0.02611780310685541,7.792253018124029e-5,0.026039878640513624,0.026117801170694864
524.0,0.026188063837610343,7.792253018124029e-5,0.02611014098473568,0.02618806351491692
524.5,0.026258356261469447,7.792253018124029e-5,0.026180432832356524,0.026258355362537764
525.0,0.026328706309154314,7.792253018124029e-5,0.026250783686774953,0.026328706216956193
525.5,0.026399099574708505,7.792253018124029e-5,0.02632117584595169,0.02639909837613293
526.0,0.02646953893932331,7.792253018124029e-5,0.026391615210566495,0.026469537740747735
526.5,0.02654001864061615,7.792253018124029e-5,0.026462095879939605,0.026540018410120846
527.0,0.026610553084543465,7.792253018124029e-5,0.02653262965543054,0.026610552185611782
527.5,0.026681124983957527,7.792253018124029e-5,0.026603201785339908,0.026681124315521148
528.0,0.02675175738838864,7.792253018124029e-5,0.026673832922046857,0.026751755452228097
528.5,0.026822427248306503,7.792253018124029e-5,0.026744502413172232,0.026822424943353473
529.0,0.02689314320728498,7.792253018124029e-5,0.026815219109735677,0.026893141639916917
529.5,0.026963919671280506,7.792253018124029e-5,0.026885994813096704,0.026963917343277945
530.0,0.02703473647195407,7.792253018124029e-5,0.02695681182121604,0.02703473435139728
530.5,0.02710562242121855,7.792253018124029e-5,0.027027699637492474,0.027105622167673715
531.0,0.027179715136386836,7.792253018124029e-5,0.027101791522877672,0.027179714053058912
531.5,0.027258524361693966,7.792253018124029e-5,0.027180601001729636,0.027258523531910876
532.0,0.027337388329635573,7.792253018124029e-5,0.027259463586699423,0.027337386116880663
532.5,0.02741631568378552,7.792253018124029e-5,0.027338391079146554,0.027416313609327794
533.0,0.0274953093053351,7.792253018124029e-5,0.027417386429410905,0.027495308959592145
533.5,0.027574354788327867,7.792253018124029e-5,0.0274964319354532,0.02757435446563444
534.0,0.027653460776337683,7.792253018124029e-5,0.02757553644829308,0.02765345897847432
534.5,0.027732633031747132,7.792253018124029e-5,0.02765470881895018,0.02773263134913142
535.0,0.02781185426740848,7.792253018124029e-5,0.027733931345385224,0.027811853875566464
535.5,0.027891141770469457,7.792253018124029e-5,0.027813218779297613,0.027891141309478854
536.0,0.027970492659738777,7.792253018124029e-5,0.02789256817034746,0.0279704907005287
536.5,0.02804990693521644,7.792253018124029e-5,0.02797198246887465,0.02804990499905589
537.0,0.028129378834519863,7.792253018124029e-5,0.028051455774199423,0.028129378304380663
537.5,0.02820890547645776,7.792253018124029e-5,0.02813098218564202,0.02820890471582326
538.0,0.028288498385795294,7.792253018124029e-5,0.02821057350456196,0.0282884960347432
538.5,0.028368154681341167,7.792253018124029e-5,0.028290229730959245,0.028368152261140485
539.0,0.028447868600712804,7.792253018124029e-5,0.02836994496415411,0.02844786749433535
539.5,0.02852764590629278,7.792253018124029e-5,0.028449722154486434,0.028527644684667675
540.0,0.028607480835698522,7.792253018124029e-5,0.028529558351616344,0.028607480881797584
540.5,0.028687379151312607,7.792253018124029e-5,0.028609456505883715,0.028687379036064956
541.0,0.02876734085313503,7.792253018124029e-5,0.02868941661728855,0.02876733914746979
541.5,0.028847371703548372,7.792253018124029e-5,0.02876944753685048,0.02884737006703172
542.0,0.028927468821361345,7.792253018124029e-5,0.028849546314229636,0.028927468844410876
542.5,0.029007620681808795,7.792253018124029e-5,0.028929698197726613,0.029007620727907853
543.0,0.029087833047273297,7.792253018124029e-5,0.029009909088021178,0.029087831618202418
543.5,0.029168111680137426,7.792253018124029e-5,0.029090187836132958,0.0291681103663142
544.0,0.029248456580401188,7.792253018124029e-5,0.029170531491722083,0.029248454021903323
544.5,0.029328867748064577,7.792253018124029e-5,0.029250943005128427,0.029328865535309667
545.0,0.029409264509771525,7.792253018124029e-5,0.029331339766835374,0.029409262297016615
545.5,0.029489609410035287,7.792253018124029e-5,0.029411686372764378,0.029489608902945618
546.0,0.029570020577698676,7.792253018124029e-5,0.029492097886170722,0.029570020416351962
546.5,0.02965050665633556,7.792253018124029e-5,0.029572583158074046,0.029650505688255287
547.0,0.02973106188356336,7.792253018124029e-5,0.02965313923813447,0.02973106176831571
547.5,0.029811694902955946,7.792253018124029e-5,0.02973377202703175,0.02981169455721299
548.0,0.029892394189748157,7.792253018124029e-5,0.029814469723406373,0.029892392253587613
548.5,0.029973159743940003,7.792253018124029e-5,0.029895235277598214,0.029973157807779455
549.0,0.03005399732791405,7.792253018124029e-5,0.029976074590287036,0.030053997120468277
549.5,0.030134909822861593,7.792253018124029e-5,0.03005698471113296,0.0301349072413142
550.0,0.030215888585208767,7.792253018124029e-5,0.03013796564013598,0.030215888170317222
550.5,0.030296942258529434,7.792253018124029e-5,0.0302190173772961,0.03029693990747734
551.0,0.030378067961632307,7.792253018124029e-5,0.0303001428729532,0.03037806540313444
551.5,0.030459277219282536,7.792253018124029e-5,0.030381353928466796,0.030459276458648037
552.0,0.03054190114185529,7.792253018124029e-5,0.030463978196782506,0.030541900726963746
552.5,0.030629512406547984,7.792253018124029e-5,0.030551588539493985,0.030629511069675226
553.0,0.030717189938640307,7.792253018124029e-5,0.030639266740022687,0.030717189270203928
553.5,0.030804953906471276,7.792253018124029e-5,0.030727030500407884,0.030804953030589124
554.0,0.03089280719123218,7.792253018124029e-5,0.030814882770989455,0.030892805301170695
554.5,0.030980741149349154,7.792253018124029e-5,0.03090281765108764,0.03098074018126888
555.0,0.031068767305587355,7.792253018124029e-5,0.030990843991722083,0.031068766521903324
555.5,0.031156874135181624,7.792253018124029e-5,0.03107894999153326,0.0311568725217145
556.0,0.031245073162897114,7.792253018124029e-5,0.031167150402220574,0.031245072932401814
556.5,0.03133335574515997,7.792253018124029e-5,0.03125543047208462,0.03133335300226586
557.0,0.03142172476316147,7.792253018124029e-5,0.031343802002484926,0.031421724532666166
557.5,0.0315101830980929,7.792253018124029e-5,0.03143225909274172,0.03151018162292296
558.0,0.031598739393528134,7.792253018124029e-5,0.03152081649455441,0.03159873902473565
558.5,0.03168737348112815,7.792253018124029e-5,0.031609450605203954,0.031687373135385194
559.0,0.031776094004466814,7.792253018124029e-5,0.03169817027571,0.03177609280589124
559.5,0.03186491248830928,7.792253018124029e-5,0.031786987307432055,0.031864909837613295
560.0,0.03195381740789039,7.792253018124029e-5,0.03187589284935048,0.03195381537953172
560.5,0.03204280876321015,7.792253018124029e-5,0.03196488395112541,0.03204280648130665
561.0,0.03213188655426855,7.792253018124029e-5,0.032053963563096706,0.032131886093277946
561.5,0.032221065187022044,7.792253018124029e-5,0.03214314053628402,0.03222106306646526
562.0,0.03231032161194032,7.792253018124029e-5,0.032232397168648064,0.032310319698829304
562.5,0.0323996759973624,7.792253018124029e-5,0.03232175116222812,0.03239967369240936
563.0,0.032489122580905694,7.792253018124029e-5,0.03241119956668432,0.03248912209686556
563.5,0.0325786671249528,7.792253018124029e-5,0.03250074238201665,0.03257866491219789
564.0,0.032668292342355965,7.792253018124029e-5,0.03259036780686559,0.03266829033704683
564.5,0.032758018401454224,7.792253018124029e-5,0.03268009354327042,0.03275801607345166
565.0,0.03284782801509984,7.792253018124029e-5,0.03276990483953175,0.03284782736971299
565.5,0.03293773847044054,7.792253018124029e-5,0.032859813497009095,0.032937736027190335
566.0,0.03302774112390247,7.792253018124029e-5,0.03294981656536257,0.03302773909554381
566.5,0.033117838856676914,7.792253018124029e-5,0.033039914044592174,0.033117836574773414
567.0,0.03320802302519,7.792253018124029e-5,0.03313010003401815,0.03320802256419939
567.5,0.033298308035398176,7.792253018124029e-5,0.03322038338466015,0.03329830591484139
568.0,0.03338868812491887,7.792253018124029e-5,0.033310764096518154,0.033388686626699395
568.5,0.033479163293752064,7.792253018124029e-5,0.033401239219252296,0.033479161749433536
569.0,0.03356974506666293,7.792253018124029e-5,0.03349182055422208,0.033569743084403324
569.5,0.03366040175054729,7.792253018124029e-5,0.03358247859802873,0.03366040112820997
570.0,0.033751170800891885,7.792253018124029e-5,0.0336732458044109,0.033751168334592144
570.5,0.03384202340578384,7.792253018124029e-5,0.033764098570649576,0.033842021100830816
571.0,0.03393297973356218,7.792253018124029e-5,0.03385505459878402,0.03393297712896526
571.5,0.03402403402184432,7.792253018124029e-5,0.03394611093847435,0.03402403346865559
572.0,0.03411518915182154,7.792253018124029e-5,0.03403726463938069,0.03411518716956193
572.5,0.034206436479919985,7.792253018124029e-5,0.03412851275116317,0.03420643528134441
573.0,0.034297830748774134,7.792253018124029e-5,0.034219905429599726,0.034297827959780966
573.5,0.03439407982494896,7.792253018124029e-5,0.03431615436747737,0.03439407689765861
574.0,0.03449079277292119,7.792253018124029e-5,0.03441286945905592,0.03449079198923716
574.5,0.03458761232497109,7.792253018124029e-5,0.03450968781253024,0.03458761034271148
575.0,0.03468454136228993,7.792253018124029e-5,0.03460661827891997,0.03468454080910121
575.5,0.034781582766069026,7.792253018124029e-5,0.034703657907885224,0.034781580438066464
576.0,0.03487872213035192,7.792253018124029e-5,0.034800797848406374,0.034878720378587615
576.5,0.03497598826705149,7.792253018124029e-5,0.034898064653542324,0.034975987183723564
577.0,0.03507335524544615,7.792253018124029e-5,0.03499543177023417,0.03507335430041541
577.5,0.03517084323387492,7.792253018124029e-5,0.035092919850861055,0.035170842381042296
578.0,0.03526843494519006,7.792253018124029e-5,0.03519051119338371,0.03526843372356495
578.5,0.03536614190415673,7.792253018124029e-5,0.03528821759916166,0.0353661401293429
579.0,0.035463966991966224,7.792253018124029e-5,0.03538604201853477,0.03546396454871601
579.5,0.03556190732742724,7.792253018124029e-5,0.035483984451503046,0.03556190698168429
580.0,0.035659951385774644,7.792253018124029e-5,0.03558202719602722,0.03565994972620846
580.5,0.0357581020481997,7.792253018124029e-5,0.035680179103126916,0.035758101633308156
581.0,0.03585638236423273,7.792253018124029e-5,0.03577845787484142,0.03585638040502266
581.5,0.035954760640769565,7.792253018124029e-5,0.035876836958111814,0.035954759488293055
582.0,0.036053257046149215,7.792253018124029e-5,0.03597533405497737,0.03605325658515861
582.5,0.0361518686991804,7.792253018124029e-5,0.03607394326475834,0.03615186579493958
583.0,0.03625059848105439,7.792253018124029e-5,0.03617267343847435,0.03625059596865559
583.5,0.0363494233422409,7.792253018124029e-5,0.03627149802306649,0.03634942055324773
584.0,0.03644837497584409,7.792253018124029e-5,0.03637044947227344,0.03644837200245468
584.5,0.036547441857098815,7.792253018124029e-5,0.03646951893507556,0.0365474414652568
585.0,0.036646635510770215,7.792253018124029e-5,0.0365687123121526,0.03664663484233384
585.5,0.036745930006136705,7.792253018124029e-5,0.03666800600078553,0.03674592853096677
586.0,0.03684533974915473,7.792253018124029e-5,0.03676741475267375,0.03684533728285499
586.5,0.03694487050220686,7.792253018124029e-5,0.036866947418836886,0.036944869949018126
587.0,0.03704454819601468,7.792253018124029e-5,0.03696662465165411,0.03704454718183535
587.5,0.03714713013064105,7.792253018124029e-5,0.037069205018912414,0.037147127549093654
588.0,0.037251086393511906,7.792253018124029e-5,0.03717316319489429,0.03725108572507553
588.5,0.037355175191182026,7.792253018124029e-5,0.03727725118583084,0.03735517371601208
589.0,0.03745939076126882,7.792253018124029e-5,0.037381466041382205,0.037459388571563446
589.5,0.03756373598496359,7.792253018124029e-5,0.037485810711888244,0.037563733242069484
590.0,0.037668196456309894,7.792253018124029e-5,0.03759027339598946,0.0376681959261707
590.5,0.03777280674960318,7.792253018124029e-5,0.03769488359708462,0.037772806127265864
591.0,0.03787753805293057,7.792253018124029e-5,0.03779961476211483,0.03787753729229607
591.5,0.03798239324748336,7.792253018124029e-5,0.03790446984141997,0.03798239237160121
592.0,0.03808738097683541,7.792253018124029e-5,0.03800945768601967,0.03808738021620091
592.5,0.03819249259741285,7.792253018124029e-5,0.03811456944489429,0.03819249197507553
593.0,0.03829774251517212,7.792253018124029e-5,0.03821981691940335,0.03829773944958459
593.5,0.03840312208653937,7.792253018124029e-5,0.03832519715920698,0.03840311968938822
594.0,0.03850863419270587,7.792253018124029e-5,0.03843071016430517,0.03850863269448641
594.5,0.038614267308906484,7.792253018124029e-5,0.038536344133338396,0.038614266663519636
595.0,0.0387200473658628,7.792253018124029e-5,0.03864212266902571,0.03872004519920695
595.5,0.03882595419523579,7.792253018124029e-5,0.0387480310196677,0.03882595354984894
596.0,0.038932005084173195,7.792253018124029e-5,0.03885408098662389,0.03893200351680513
596.5,0.039038176983144705,7.792253018124029e-5,0.038960251917515135,0.039038174447696375
597.0,0.039144481416915476,7.792253018124029e-5,0.03906655561370093,0.03914447814388217
597.5,0.039250909741911644,7.792253018124029e-5,0.03917298617450154,0.03925090870468278
598.0,0.03935747924528093,7.792253018124029e-5,0.039279555401276464,0.039357477931457704
598.5,0.03946417840225819,7.792253018124029e-5,0.03938625444300607,0.03946417697318731
599.0,0.03957102449999115,7.792253018124029e-5,0.03949310100172963,0.03957102353191087
599.5,0.0396779944889495,7.792253018124029e-5,0.039600071474728125,0.039677994004909366
600.0,0.039785094131515826,7.792253018124029e-5,0.03970716881234142,0.03978509134252266
600.5,0.03989233783364656,7.792253018124029e-5,0.03981441366694867,0.03989233619712991
601.0,0.03999974288248944,7.792253018124029e-5,0.0399218178399094,0.03999974037009064
601.5,0.040108844953001085,7.792253018124029e-5,0.040030921408640514,0.040108843938821755
602.0,0.04022041332325546,7.792253018124029e-5,0.04014248851117072,0.04022041104135196
602.5,0.04033211999069168,7.792253018124029e-5,0.040254194279675255,0.040332116809856496
603.0,0.04044397359888359,7.792253018124029e-5,0.040366050515513625,0.040443973045694866
603.5,0.04055598855378765,7.792253018124029e-5,0.04047806311936559,0.04055598564954683
604.0,0.04066814756825611,7.792253018124029e-5,0.04059022324021151,0.04066814577039275
604.5,0.0407804477610977,7.792253018124029e-5,0.04070252202703175,0.04078044455721299
605.0,0.04089290353826886,7.792253018124029e-5,0.04081498013220547,0.04089290266238671
605.5,0.041005509137387,7.792253018124029e-5,0.04092758575437314,0.04100550828455438
606.0,0.04111826743964342,7.792253018124029e-5,0.04104034184387465,0.04111826437405589
606.5,0.04123118708861198,7.792253018124029e-5,0.04115326315240939,0.04123118568259063
607.0,0.04134424503476238,7.792253018124029e-5,0.04126632017657858,0.04134424270675982
607.5,0.04145745856524234,7.792253018124029e-5,0.04137953356876136,0.0414574560989426
608.0,0.04157082479886058,7.792253018124029e-5,0.04149290037861785,0.04157082290879909
608.5,0.041684343735617094,7.792253018124029e-5,0.04160642060614807,0.04168434313632931
609.0,0.041798015375511886,7.792253018124029e-5,0.04172009130101211,0.04179801383119335
609.5,0.04191184259973624,7.792253018124029e-5,0.041833918363889756,0.041911840894071
610.0,0.04202582540829016,7.792253018124029e-5,0.041947901794780994,0.042025824324962234
610.5,0.042139958038791066,7.792253018124029e-5,0.04206203274266619,0.04213995527284743
611.0,0.04225424913481283,7.792253018124029e-5,0.04217632595924474,0.04225424848942598
611.5,0.04236868429039901,7.792253018124029e-5,0.04229076079213749,0.04236868332231873
612.0,0.04248329231746247,7.792253018124029e-5,0.04240536674474323,0.04248328927492447
612.5,0.04259804152289906,7.792253018124029e-5,0.04252011726400305,0.04259803979418429
613.0,0.04271295207504779,7.792253018124029e-5,0.042635027101616346,0.042712949631797587
613.5,0.04282802109271738,7.792253018124029e-5,0.04275009625758311,0.04282801878776435
614.0,0.04294324281352524,7.792253018124029e-5,0.042865318831223596,0.04294324136140484
614.5,0.043058637405810396,7.792253018124029e-5,0.04298071252457707,0.04305863505475831
615.0,0.04317418758242512,7.792253018124029e-5,0.04309626258594414,0.04317418511612538
615.5,0.043290005709829646,7.792253018124029e-5,0.04321208112824021,0.04329000365842145
616.0,0.0434078982949617,7.792253018124029e-5,0.04332997375947133,0.04340789628965257
616.5,0.04352594646442333,7.792253018124029e-5,0.04344802275871604,0.04352594528889728
617.0,0.04364418479250997,7.792253018124029e-5,0.043566260579713016,0.043644183109894256
617.5,0.04376271412091673,7.792253018124029e-5,0.043684790484358034,0.043762713014539274
618.0,0.043881787994476965,7.792253018124029e-5,0.043803863251540814,0.043881785781722055
618.5,0.04400103185832321,7.792253018124029e-5,0.043923107138436585,0.044001029668617825
619.0,0.04412044571245545,7.792253018124029e-5,0.044042522145045344,0.044120444675226585
619.5,0.04424023988383774,7.792253018124029e-5,0.04416231479515864,0.04424023732533988
620.0,0.044360506570591304,7.792253018124029e-5,0.044282582449992475,0.044360504980173715
620.5,0.04448094036643959,7.792253018124029e-5,0.04440301532385955,0.04448093785404079
621.0,0.04460157008329547,7.792253018124029e-5,0.04452364587049852,0.04460156840067976
621.5,0.04472273282053968,7.792253018124029e-5,0.044644807478315736,0.044722730008496976
622.0,0.044844324855285826,7.792253018124029e-5,0.04476639983575532,0.04484432236593656
622.5,0.04496609552389185,7.792253018124029e-5,0.04488817216392752,0.04496609469410876
623.0,0.04508804194516646,7.792253018124029e-5,0.0450101185621526,0.04508804109233384
623.5,0.045210187168639955,7.792253018124029e-5,0.045132262633149574,0.045210185163330814
624.0,0.045332499501208164,7.792253018124029e-5,0.045254574873519665,0.045332497403700905
624.5,0.04545559551780678,7.792253018124029e-5,0.04537767190429761,0.04545559443447885
625.0,0.045578988297108075,7.792253018124029e-5,0.04550106396906347,0.04557898649924471
625.5,0.04570256547265183,7.792253018124029e-5,0.04562464190524172,0.04570256443542296
626.0,0.045826332806820594,7.792253018124029e-5,0.04574840866317224,0.04582633119335348
626.5,0.04595029318080568,7.792253018124029e-5,0.045872367193194895,0.045950289723376135
627.0,0.04607450421843284,7.792253018124029e-5,0.04599657945244716,0.0460745019826284
627.5,0.04619951046485555,7.792253018124029e-5,0.046121585353126916,0.04619950788330816
628.0,0.04632470686990329,7.792253018124029e-5,0.04624678302589882,0.04632470555608006
628.5,0.04645008767119347,7.792253018124029e-5,0.04637216361974323,0.04645008614992447
629.0,0.04657565574991739,7.792253018124029e-5,0.04649773008500003,0.04657565261518127
629.5,0.046701413987266335,7.792253018124029e-5,0.04662348832234897,0.04670141085253021
630.0,0.0468276072844998,7.792253018124029e-5,0.04674968321000003,0.04682760574018127
630.5,0.0469544056319038,7.792253018124029e-5,0.046876479966986434,0.046954402497167674
631.0,0.04708140278150668,7.792253018124029e-5,0.04700347734708462,0.04708139987726586
631.5,0.047208592970925875,7.792253018124029e-5,0.04713066944961483,0.04720859197979607
632.0,0.047335970437778804,7.792253018124029e-5,0.047258044473217554,0.047335967003398795
632.5,0.04746354094444805,7.792253018124029e-5,0.04738561716959217,0.04746353969977341
633.0,0.0475916963329488,7.792253018124029e-5,0.04751377108292299,0.04759169361310423
633.5,0.04772030118729052,7.792253018124029e-5,0.04764237639825532,0.04772029892843656
634.0,0.047849087556683406,7.792253018124029e-5,0.047771161684320274,0.047849084214501514
634.5,0.04797806984708389,7.792253018124029e-5,0.04790014464315713,0.04797806717333837
635.0,0.048107245177300674,7.792253018124029e-5,0.04802931937408613,0.04810724190426737
635.5,0.04823662795329022,7.792253018124029e-5,0.048158703579146554,0.048236626109327795
636.0,0.04836674255186697,7.792253018124029e-5,0.04828881946849701,0.04836674199867825
636.5,0.04849715103195513,7.792253018124029e-5,0.048419227441495495,0.048497149971676735
637.0,0.04862776119543347,7.792253018124029e-5,0.04854983898794565,0.04862776151812689
637.5,0.04875874015139669,7.792253018124029e-5,0.04868081342620093,0.04875873595638217
638.0,0.04889047974186001,7.792253018124029e-5,0.0488125549528248,0.04889047748300604
638.5,0.04902251897621731,7.792253018124029e-5,0.04894459151343659,0.04902251404361783
639.0,0.0491553188450747,7.792253018124029e-5,0.04907739221207707,0.04915531474225831
639.5,0.049288331922087425,7.792253018124029e-5,0.04921040828552873,0.04928833081570997
640.0,0.04942158125678578,7.792253018124029e-5,0.04934365743583084,0.04942157996601208
640.5,0.04955507261155235,7.792253018124029e-5,0.04947714851400305,0.04955507104418429
641.0,0.049688800224004556,7.792253018124029e-5,0.049610875619365585,0.049688798149546826
641.5,0.049822942728002265,7.792253018124029e-5,0.049745015772311205,0.049822938302492445
642.0,0.04995771909408339,7.792253018124029e-5,0.049879793198670724,0.049957715728851965
642.5,0.050092714430702415,7.792253018124029e-5,0.0500147889501813,0.05009271148036254
643.0,0.05022794602500708,7.792253018124029e-5,0.0501500207288822,0.05022794325906344
643.5,0.05036341963937996,7.792253018124029e-5,0.0502854944354532,0.05036341696563444
644.0,0.050499129511438465,7.792253018124029e-5,0.05042120416921453,0.05049912669939577
644.5,0.05063539257222432,7.792253018124029e-5,0.05055746856687314,0.05063539109705438
645.0,0.05077212238599887,7.792253018124029e-5,0.050694199118232655,0.050772121648413895
645.5,0.05090908845745905,7.792253018124029e-5,0.050831165696782504,0.050909088226963745
646.0,0.05104631383613517,7.792253018124029e-5,0.05096838600456196,0.0510463085347432
646.5,0.05118376971011435,7.792253018124029e-5,0.05110584233953175,0.05118376486971299
647.0,0.05132147336654433,7.792253018124029e-5,0.051243546503051386,0.051321469033232626
647.5,0.051459833934588015,7.792253018124029e-5,0.051381911542703954,0.051459834072885194
648.0,0.051598569057499176,7.792253018124029e-5,0.051520642424501537,0.05159856495468278
648.5,0.05173753467571339,7.792253018124029e-5,0.051659609333489453,0.051737531863670694
649.0,0.051876753838760975,7.792253018124029e-5,0.051798829971706976,0.05187675250188822
649.5,0.052016238071407074,7.792253018124029e-5,0.05193831023983386,0.0520162327700151
650.0,0.05215595856173881,7.792253018124029e-5,0.05207803243583085,0.05215595496601209
650.5,0.052296422399422914,7.792253018124029e-5,0.05221849811747737,0.05229642064765861
651.0,0.05243715130670553,7.792253018124029e-5,0.052359223429033264,0.052437145959214504
651.5,0.052578116471673784,7.792253018124029e-5,0.05250019066845924,0.05257811319864048
652.0,0.05271932941909283,7.792253018124029e-5,0.052641405736435075,0.052719328266616315
652.5,0.052860813198492965,7.792253018124029e-5,0.05278288633500003,0.05286080886518127
653.0,0.05300264848323027,7.792253018124029e-5,0.052924720974350484,0.053002643504531724
653.5,0.05314512339243356,7.792253018124029e-5,0.05306719878779459,0.05314512131797583
654.0,0.05328785184647021,7.792253018124029e-5,0.05320992442978855,0.05328784695996979
654.5,0.05343084537010539,7.792253018124029e-5,0.05335292150305139,0.05343084403323263
655.0,0.05357411548810423,7.792253018124029e-5,0.05349619000758311,0.05357411253776435
655.5,0.05371761610140613,7.792253018124029e-5,0.05363968863862541,0.05371761116880665
656.0,0.05386156041816642,7.792253018124029e-5,0.05378363572132933,0.05386155825151057
656.5,0.0540060463988889,7.792253018124029e-5,0.05392811976589127,0.05400604229607251
657.0,0.05415080321159248,7.792253018124029e-5,0.054072875241722086,0.054150797771903326
657.5,0.05429580780674684,7.792253018124029e-5,0.05421788444678251,0.05429580697696375
658.0,0.05444107747149972,7.792253018124029e-5,0.05436315328175229,0.05444107581193353
658.5,0.05458661796823369,7.792253018124029e-5,0.05450869354799096,0.0545866160781722
659.0,0.05473265402986924,7.792253018124029e-5,0.054654729471329336,0.054732652001510576
659.5,0.05487916836925864,7.792253018124029e-5,0.05480124334972813,0.05487916587990937
660.0,0.05502592472871625,7.792253018124029e-5,0.054947999155997004,0.055025921686178245
660.5,0.055172974969685255,7.792253018124029e-5,0.0550950499962538,0.05517297252643504
661.0,0.05532028451787021,7.792253018124029e-5,0.05524236046641997,0.05532028299660121
661.5,0.05546784761088852,7.792253018124029e-5,0.055389924665815736,0.055467847195996976
662.0,0.055615986942164485,7.792253018124029e-5,0.055538061231148066,0.055615983761329306
662.5,0.05576451235307307,7.792253018124029e-5,0.05568658724134444,0.05576450977152568
663.0,0.055913302833580175,7.792253018124029e-5,0.055835378782129935,0.055913301312311176
663.5,0.05606237567083353,7.792253018124029e-5,0.05598444765486408,0.05606237018504532
664.0,0.056211719340067974,7.792253018124029e-5,0.05613379385954686,0.0562117163897281
664.5,0.05636134536604867,7.792253018124029e-5,0.05628341739617827,0.05636133992635951
665.0,0.05651156491743474,7.792253018124029e-5,0.05643363690146529,0.05651155943164653
665.5,0.05666211292462767,7.792253018124029e-5,0.05658418684481876,0.056662109375
666.0,0.056812937526184264,7.792253018124029e-5,0.05673501412012087,0.05681293665030211
666.5,0.05696403872210454,7.792253018124029e-5,0.05688611282669187,0.05696403535687311
667.0,0.057115416512388474,7.792253018124029e-5,0.05703748886521151,0.05711541139539275
667.5,0.05726709394656639,7.792253018124029e-5,0.05718916583839882,0.05726708836858006
668.0,0.05741937066853226,7.792253018124029e-5,0.05734144468092148,0.05741936721110272
668.5,0.057571935509626956,7.792253018124029e-5,0.057494012656752295,0.057571935186933536
669.0,0.05772477694508532,7.792253018124029e-5,0.05764685206385199,0.05772477459403323
669.5,0.05787791226205509,7.792253018124029e-5,0.05779998650493961,0.05787790903512085
670.0,0.05803132417338852,7.792253018124029e-5,0.05795339827797586,0.0580313208081571
670.5,0.058185076065293974,7.792253018124029e-5,0.05810715229043809,0.05818507482061933
671.0,0.05833937538354418,7.792253018124029e-5,0.058261449165438094,0.058339371695619334
671.5,0.058493951296158066,7.792253018124029e-5,0.05841602337238674,0.05849394590256798
672.0,0.05864880380313562,7.792253018124029e-5,0.05857088081196377,0.05864880334214501
672.5,0.05880395019162458,7.792253018124029e-5,0.05872602738484897,0.05880394991503021
673.0,0.05895937893685978,7.792253018124029e-5,0.05888145128968281,0.05895937381986405
673.5,0.059115182236962445,7.792253018124029e-5,0.059037258738700936,0.059115181268882176
674.0,0.05927240308317893,7.792253018124029e-5,0.0591944764501813,0.05927239898036254
674.5,0.05943026931624398,7.792253018124029e-5,0.059352343236435075,0.059430265766616315
675.0,0.05958845824273331,7.792253018124029e-5,0.05951053456007556,0.0595884570902568
675.5,0.0597469756250295,7.792253018124029e-5,0.059669050421102744,0.059746972951283984
676.0,0.059905798413602246,7.792253018124029e-5,0.05982787311747737,0.05990579564765861
676.5,0.06006504761848565,7.792253018124029e-5,0.05998712066279459,0.06006504319297583
677.0,0.06022474628921002,7.792253018124029e-5,0.0601468225604532,0.06022474509063444
677.5,0.060384761890976094,7.792253018124029e-5,0.060306837194139,0.06038475972432024
678.0,0.06054508866140129,7.792253018124029e-5,0.06046716456385199,0.06054508709403323
678.5,0.06070576693716366,7.792253018124029e-5,0.060627840073670725,0.060705762603851965
679.0,0.060866739094437426,7.792253018124029e-5,0.06078881651815713,0.06086673904833837
679.5,0.06102814919278701,7.792253018124029e-5,0.06095022371226589,0.06102814624244713
680.0,0.06118999146982983,7.792253018124029e-5,0.061112067556676766,0.06118999008685801
680.5,0.0613521622026795,7.792253018124029e-5,0.06127423593847435,0.06135215846865559
681.0,0.06151464986657088,7.792253018124029e-5,0.06143672295697888,0.06151464548716012
681.5,0.061677471748651694,7.792253018124029e-5,0.06159954631422963,0.061677468844410874
682.0,0.061840645136069676,7.792253018124029e-5,0.06176271781158613,0.061840640341767374
682.5,0.062004198840737705,7.792253018124029e-5,0.061926272853126914,0.062004195383308154
683.0,0.062168173199333814,7.792253018124029e-5,0.06209024684293054,0.06216816937311178
683.5,0.06233247601373678,7.792253018124029e-5,0.06225455127080063,0.06233247380098187
684.0,0.06249711880871176,7.792253018124029e-5,0.06241919203741695,0.06249711456759819
684.5,0.06266210158425875,7.792253018124029e-5,0.06258417504345924,0.06266209757364048
685.0,0.06282743010276033,7.792253018124029e-5,0.06274950618960728,0.06282742871978853
685.5,0.06299316775042485,7.792253018124029e-5,0.06291524448265864,0.06299316701283988
686.0,0.06315929724010456,7.792253018124029e-5,0.06308137222057404,0.06315929475075528
686.5,0.06332576094797371,7.792253018124029e-5,0.06324783629723568,0.06332575882741692
687.0,0.06349255311164971,7.792253018124029e-5,0.06341462491128402,0.06349254744146526
687.5,0.06365977169163638,7.792253018124029e-5,0.06358184427495471,0.06365976680513595
688.0,0.06382733025219506,7.792253018124029e-5,0.06374940587805139,0.06382732840823263
688.5,0.06399525760523862,7.792253018124029e-5,0.06391733332329308,0.06399525585347432
689.0,0.06416353070123679,7.792253018124029e-5,0.06408560300796075,0.06416352553814199
689.5,0.0643321783521024,7.792253018124029e-5,0.06425425033613295,0.0643321728663142
690.0,0.06450121208260066,7.792253018124029e-5,0.06442328710916921,0.06450120963935045
690.5,0.06467059731843608,7.792253018124029e-5,0.06459267202231121,0.06467059455249245
691.0,0.0648403282972261,7.792253018124029e-5,0.06476240507555894,0.06484032760574018
691.5,0.06501043959326615,7.792253018124029e-5,0.06493251577231121,0.06501043830249245
692.0,0.06518092544417367,7.792253018124029e-5,0.06510299821188825,0.06518092074206949
692.5,0.06535176856280094,7.792253018124029e-5,0.06527384059293054,0.06535176312311178
693.0,0.0655229804739131,7.792253018124029e-5,0.06544505471679761,0.06552297724697885
693.5,0.06569453812797985,7.792253018124029e-5,0.06561661108009066,0.0656945336102719
694.0,0.0658664588121489,7.792253018124029e-5,0.06578853328552874,0.06586645581570998
694.5,0.06603874828880286,7.792253018124029e-5,0.0659608213331118,0.06603874386329305
695.0,0.06621140079555915,7.792253018124029e-5,0.06613347522283991,0.06621139775302115
695.5,0.06638441633241775,7.792253018124029e-5,0.06630648905403326,0.0663844115842145
696.0,0.06655779489937866,7.792253018124029e-5,0.06647986872737163,0.06655779125755287
696.5,0.0667315364964419,7.792253018124029e-5,0.06665360834217525,0.06673153087235649
697.0,0.06690564112360745,7.792253018124029e-5,0.06682771379912389,0.06690563632930513
697.5,0.06708010878087531,7.792253018124029e-5,0.06700218509821755,0.06708010762839879
698.0,0.06725492794348034,7.792253018124029e-5,0.06717700453741694,0.06725492706759818
698.5,0.06743010437380512,7.792253018124029e-5,0.06735217801740184,0.06743010054758308
699.0,0.06760563807184963,7.792253018124029e-5,0.06752771143885199,0.06760563396903323
699.5,0.06778152903761388,7.792253018124029e-5,0.0677036048017674,0.06778152733194864
700.0,0.06795778879586303,7.792253018124029e-5,0.06787986400682783,0.06795778653700907
700.5,0.06813439429706677,7.792253018124029e-5,0.06805647135199398,0.06813439388217522
701.0,0.06831139164028571,7.792253018124029e-5,0.0682334681420242,0.06831139067220544
701.5,0.06848871743931151,7.792253018124029e-5,0.06841078946944111,0.06848871199962235
702.0,0.06866637745652675,7.792253018124029e-5,0.06858845303628401,0.06866637556646525
702.5,0.06884442931575717,7.792253018124029e-5,0.06876650604799096,0.0688444285781722
703.0,0.06902284420508993,7.792253018124029e-5,0.06894491900116317,0.06902284153134441
703.5,0.06920165669882046,7.792253018124029e-5,0.06912373320055894,0.06920165573074018
704.0,0.06938081493550557,7.792253018124029e-5,0.0693028896393807,0.06938081216956193
704.5,0.06956075685622108,7.792253018124029e-5,0.0694828308686103,0.06956075339879154
705.0,0.06974302101711492,7.792253018124029e-5,0.06966509696566468,0.06974301949584592
705.5,0.06992567702002396,7.792253018124029e-5,0.06984775250758311,0.06992567503776435
706.0,0.07010874791447849,7.792253018124029e-5,0.07003082109708463,0.07010874362726587
706.5,0.07029220488856566,7.792253018124029e-5,0.07021427913145017,0.07029220166163141
707.0,0.0704760364175203,7.792253018124029e-5,0.07039810890864051,0.07047603143882175
707.5,0.07066024826372498,7.792253018124029e-5,0.07058232223001513,0.07066024476019638
708.0,0.07084487500147517,7.792253018124029e-5,0.07076694859897284,0.07084487112915408
708.5,0.07102988781885798,7.792253018124029e-5,0.0709519644127946,0.07102988694297584
709.0,0.07121534433969919,7.792253018124029e-5,0.07113741687691846,0.0712153394070997
709.5,0.07140111202919952,7.792253018124029e-5,0.07132318797774927,0.07140111050793051
710.0,0.07158716783782867,7.792253018124029e-5,0.07150924231120849,0.07158716484138973
710.5,0.07177364430038591,7.792253018124029e-5,0.07169571559293055,0.07177363812311179
711.0,0.0719605471792538,7.792253018124029e-5,0.07188261962427496,0.0719605421544562
711.5,0.07214787647443235,7.792253018124029e-5,0.07206994850456196,0.0721478710347432
712.0,0.07233563218592157,7.792253018124029e-5,0.07225770813447133,0.07233563066465257
712.5,0.07252380278895629,7.792253018124029e-5,0.07244587491128401,0.07252379744146525
713.0,0.0727123652340062,7.792253018124029e-5,0.07263443703364052,0.07271235956382176
713.5,0.07290108902576826,7.792253018124029e-5,0.07282316437503024,0.07290108690521148
714.0,0.07309010093665916,7.792253018124029e-5,0.07301217494904837,0.07309009747922961
714.5,0.07327954502624327,7.792253018124029e-5,0.07320161627268885,0.0732795388028701
715.0,0.07346937519546001,7.792253018124029e-5,0.07339144704119338,0.07346936957137462
715.5,0.07365962601860485,7.792253018124029e-5,0.07358170265864052,0.07365962518882176
716.0,0.07385031478282549,7.792253018124029e-5,0.07377238902571,0.07385031155589124
716.5,0.07404141267620905,7.792253018124029e-5,0.07396348844036256,0.0740414109705438
717.0,0.0742329312235207,7.792253018124029e-5,0.07415500680327797,0.07423292933345921
717.5,0.07442443248368462,7.792253018124029e-5,0.07434650746415411,0.07442442999433535
718.0,0.0746163371106289,7.792253018124029e-5,0.0745384093712538,0.07461633190143505
718.5,0.07480867967864899,7.792253018124029e-5,0.07473075382933538,0.07480867635951662
719.0,0.07500142561344941,7.792253018124029e-5,0.07492349953364051,0.07500142206382175
719.5,0.07519464406362113,7.792253018124029e-5,0.07511671729232632,0.07519463982250756
720.0,0.07538826011819061,7.792253018124029e-5,0.07531033629723567,0.07538825882741691
720.5,0.07558230258907075,7.792253018124029e-5,0.07550437425040789,0.07558229678058913
721.0,0.07577660436716685,7.792253018124029e-5,0.07569867773416922,0.07577660026435046
721.5,0.0759709637690887,7.792253018124029e-5,0.07589304022472812,0.07597096275490936
722.0,0.07616576111208637,7.792253018124029e-5,0.0760878334649094,0.07616575599509064
722.5,0.07636100215854241,7.792253018124029e-5,0.0762830751567523,0.07636099768693354
723.0,0.07655667538369171,7.792253018124029e-5,0.07647874759821754,0.07655667012839878
723.5,0.07675274621323877,7.792253018124029e-5,0.07667482128590637,0.07675274381608761
724.0,0.0769492665086268,7.792253018124029e-5,0.07687133752457707,0.07694926005475831
724.5,0.07714620169556033,7.792253018124029e-5,0.07706827271151061,0.07714619524169185
725.0,0.07734324636776281,7.792253018124029e-5,0.07726532001135955,0.07734324254154079
725.5,0.07754041781238198,7.792253018124029e-5,0.07746249122548342,0.07754041375566466
726.0,0.07773802719807697,7.792253018124029e-5,0.0776600990899094,0.07773802162009064
726.5,0.07793606876246519,7.792253018124029e-5,0.0778581436046375,0.07793606613481874
727.0,0.07813457131745952,7.792253018124029e-5,0.07805664247170697,0.07813456500188821
727.5,0.07833351757591224,7.792253018124029e-5,0.07825558979043809,0.07833351232061933
728.0,0.07853290753782335,7.792253018124029e-5,0.07845497966015108,0.07853290219033232
728.5,0.07873275272795802,7.792253018124029e-5,0.07865482388220546,0.0787327464123867
729.0,0.0789325172447366,7.792253018124029e-5,0.07885459139542299,0.07893251392560423
729.5,0.0791325180192008,7.792253018124029e-5,0.07905458903515108,0.07913251156533233
730.0,0.0793329394475931,7.792253018124029e-5,0.07925501152382178,0.07933293405400302
730.5,0.07953383915373927,7.792253018124029e-5,0.0794559119675529,0.07953383449773414
731.0,0.07973514222666576,7.792253018124029e-5,0.07965721365750758,0.07973513618768882
731.5,0.07993757472657725,7.792253018124029e-5,0.07985964827797586,0.0799375708081571
732.0,0.08014365481465965,7.792253018124029e-5,0.08006572951853477,0.08014365204871601
732.5,0.08035022470526104,7.792253018124029e-5,0.08027230051551362,0.08035022304569486
733.0,0.08055661596200257,7.792253018124029e-5,0.08047868859141998,0.08055661112160122
733.5,0.08076335296169869,7.792253018124029e-5,0.08068542480743206,0.0807633473376133
734.0,0.08097056247676607,7.792253018124029e-5,0.08089263897850456,0.0809705615086858
734.5,0.08117826179435246,7.792253018124029e-5,0.08110033700531726,0.0811782595354985
735.0,0.08138645667684043,7.792253018124029e-5,0.08130853068922964,0.08138645321941088
735.5,0.08159513559946481,7.792253018124029e-5,0.0815172082288822,0.08159513075906344
736.0,0.08180433313652108,7.792253018124029e-5,0.0817264050283535,0.08180432755853474
736.5,0.08201398013941831,7.792253018124029e-5,0.0819360561801662,0.08201397871034743
737.0,0.082223321736039,7.792253018124029e-5,0.08214539459595169,0.08222331712613293
737.5,0.08243303212514456,7.792253018124029e-5,0.08235510475456197,0.08243302728474321
738.0,0.08264322655438656,7.792253018124029e-5,0.08256529876891242,0.08264322129909366
738.5,0.0828539280732953,7.792253018124029e-5,0.08277600024172209,0.08285392277190333
739.0,0.08306511363234044,7.792253018124029e-5,0.08298718557027193,0.08306510810045317
739.5,0.08327677746913945,7.792253018124029e-5,0.0831988488538822,0.08327677138406345
740.0,0.08348893687084002,7.792253018124029e-5,0.08341100779459218,0.08348893032477342
740.5,0.08370156878791186,7.792253018124029e-5,0.08362364469036257,0.08370156722054381
741.0,0.08391380310058594,7.792253018124029e-5,0.08383587443922963,0.08391379696941087
741.5,0.08412643501765778,7.792253018124029e-5,0.08404851133500003,0.08412643386518127
742.0,0.08433952216295318,7.792253018124029e-5,0.08426159668243205,0.08433951921261329
742.5,0.08455310487315014,7.792253018124029e-5,0.08447517768696378,0.08455310021714502
743.0,0.08476718314824867,7.792253018124029e-5,0.0846892543485952,0.08476717687877644
743.5,0.08498173970110107,7.792253018124029e-5,0.08490381486596679,0.08498173739614803
744.0,0.08519678605647246,7.792253018124029e-5,0.08511885923907858,0.08519678176925982
744.5,0.08541232221436285,7.792253018124029e-5,0.0853343933686103,0.08541231589879154
745.0,0.0856274031440297,7.792253018124029e-5,0.08554947904648039,0.08562740157666163
745.5,0.08584278947997309,7.792253018124029e-5,0.08576486565901816,0.0858427881891994
746.0,0.08605867714320065,7.792253018124029e-5,0.08598074792865562,0.08605867045883686
746.5,0.08627506037132977,7.792253018124029e-5,0.08619713175607253,0.08627505428625377
747.0,0.08649192187721276,7.792253018124029e-5,0.08641399353854988,0.08649191606873112
747.5,0.08670925589846701,7.792253018124029e-5,0.08663132737540788,0.08670924990558912
748.0,0.0869270912470054,7.792253018124029e-5,0.08684916277004534,0.08692708530022658
748.5,0.08714539911091508,7.792253018124029e-5,0.08706747021906347,0.08714539274924471
749.0,0.08736330937042697,7.792253018124029e-5,0.0872853823225378,0.08736330485271904
749.5,0.0875813579271207,7.792253018124029e-5,0.08750343014164655,0.08758135267182779
750.0,0.08779989052395086,7.792253018124029e-5,0.0877219618164955,0.08779988434667674
750.5,0.0880189186856826,7.792253018124029e-5,0.08794098914844414,0.08801891167862538
751.0,0.08823841360040302,7.792253018124029e-5,0.08816048853477344,0.08823841106495468
751.5,0.0884584328919379,7.792253018124029e-5,0.08838050718092148,0.08845842971110272
752.0,0.0886789650355221,7.792253018124029e-5,0.08860103918620849,0.08867896171638973
752.5,0.08889998121924271,7.792253018124029e-5,0.08882205504723568,0.08889997757741692
753.0,0.08912081876910345,7.792253018124029e-5,0.08904289388787012,0.08912081641805136
753.5,0.08934154107131266,7.792253018124029e-5,0.0892636147149094,0.08934153724509064
754.0,0.0895627474136583,7.792253018124029e-5,0.08948481939768885,0.08956274192787009
754.5,0.08978446660805325,7.792253018124029e-5,0.08970653743960728,0.08978445996978852
755.0,0.09000669289211492,7.792253018124029e-5,0.08992876884066468,0.09000669137084592
755.5,0.09022947812728652,7.792253018124029e-5,0.0901515490049396,0.09022947153512084
756.0,0.0904562797431139,7.792253018124029e-5,0.0903783534328097,0.09045627596299094
756.5,0.0906857781539871,7.792253018124029e-5,0.09060784857064957,0.09068577110083081
757.0,0.09091550706016333,7.792253018124029e-5,0.09083757973567978,0.09091550226586102
757.5,0.09114493056006302,7.792253018124029e-5,0.09106700406536257,0.09114492659554381
758.0,0.09137488996154232,7.792253018124029e-5,0.09129696535690335,0.09137488788708459
758.5,0.09160543136366184,7.792253018124029e-5,0.09152750491506045,0.0916054274452417
759.0,0.09183652019212614,7.792253018124029e-5,0.09175859323643508,0.09183651576661632
759.5,0.09206816220931777,7.792253018124029e-5,0.09199023622170698,0.09206815875188822
760.0,0.09229964864217984,7.792253018124029e-5,0.0922217198886254,0.09229964241880664
760.5,0.0925314289565533,7.792253018124029e-5,0.0924535044902115,0.09253142702039274
761.0,0.09276377398441925,7.792253018124029e-5,0.09268584965637465,0.09276377218655589
761.5,0.09299668948816028,7.792253018124029e-5,0.0929187612877946,0.09299668381797584
762.0,0.09323016394301123,7.792253018124029e-5,0.09315223938447133,0.09323016191465257
762.5,0.09346400719034707,7.792253018124029e-5,0.09338607742261332,0.09346399995279456
763.0,0.09369752774425864,7.792253018124029e-5,0.09361960272472812,0.09369752525490936
763.5,0.09393160148689754,7.792253018124029e-5,0.09385367679006046,0.0939315993202417
764.0,0.09416622841826379,7.792253018124029e-5,0.0940882996186103,0.09416622214879154
764.5,0.09440140853835736,7.792253018124029e-5,0.0943234830117372,0.09440140554191843
765.0,0.09463714760956086,7.792253018124029e-5,0.09455922106876136,0.0946371435989426
765.5,0.09487284634408634,7.792253018124029e-5,0.09479491782102722,0.09487284035120847
766.0,0.09510859117767242,7.792253018124029e-5,0.09503066177873115,0.09510858430891239
766.5,0.09534490072475099,7.792253018124029e-5,0.09526697220169188,0.09534489473187312
767.0,0.0955817404110266,7.792253018124029e-5,0.09550381368583084,0.09558173621601208
767.5,0.0958191448107947,7.792253018124029e-5,0.09574121573454686,0.0958191382647281
768.0,0.09605707934975984,7.792253018124029e-5,0.09597915474512088,0.09605707727530212
768.5,0.09629455866050143,7.792253018124029e-5,0.09621663350267375,0.09629455603285499
769.0,0.09653244133802338,7.792253018124029e-5,0.09645451350645018,0.09653243603663142
769.5,0.09677089449142041,7.792253018124029e-5,0.09669296587616318,0.09677088840634442
770.0,0.0970098950711622,7.792253018124029e-5,0.09693197290977344,0.09700989543995468
770.5,0.09724943731486617,7.792253018124029e-5,0.0971715051038822,0.09724942763406344
771.0,0.09748926767769897,7.792253018124029e-5,0.09741134413333839,0.09748926666351963
771.5,0.09772869467375142,7.792253018124029e-5,0.09765076421453175,0.097728686744713
772.0,0.0979686518090009,7.792253018124029e-5,0.09789072125758311,0.09796864378776435
772.5,0.09820915060821257,7.792253018124029e-5,0.098131227063852,0.09820914959403323
773.0,0.09845021412091673,7.792253018124029e-5,0.0983722816333384,0.09845020416351964
773.5,0.09869184234711338,7.792253018124029e-5,0.09861391446944112,0.09869183699962236
774.0,0.09893338989995397,7.792253018124029e-5,0.09885545879534746,0.0989333813255287
774.5,0.09917481068037788,7.792253018124029e-5,0.09909687920697888,0.09917480173716012
775.0,0.09941677312476398,7.792253018124029e-5,0.09933884248114806,0.0994167650113293
775.5,0.09965928875787741,7.792253018124029e-5,0.09958136041921453,0.09965928294939577
776.0,0.09990232300542272,7.792253018124029e-5,0.09982439761709973,0.09990232014728097
776.5,0.10014589891693024,7.792253018124029e-5,0.10006796587616316,0.1001458884063444
777.0,0.10038905993689223,7.792253018124029e-5,0.10031113288900305,0.10038905541918429
777.5,0.10063239382833153,7.792253018124029e-5,0.10055446512087617,0.1006323876510574
778.0,0.10087807877186201,7.792253018124029e-5,0.10080014582329308,0.10087806835347432
778.5,0.10113039045535546,7.792253018124029e-5,0.10105245888975833,0.10113038141993957
779.0,0.10138332447616716,7.792253018124029e-5,0.10130539742827797,0.10138331995845921
779.5,0.10163682321047135,7.792253018124029e-5,0.1015588906306949,0.10163681316087614
780.0,0.10188997620182096,7.792253018124029e-5,0.10181205339504534,0.10188997592522658
780.5,0.10214364780760243,7.792253018124029e-5,0.10206572361785501,0.10214364614803625
781.0,0.10239794175070219,7.792253018124029e-5,0.10232001931271906,0.1023979418429003
781.5,0.10265288108065049,7.792253018124029e-5,0.10257495228099701,0.10265287481117825
782.0,0.10290750924193967,7.792253018124029e-5,0.10282957841392752,0.10290750094410876
782.5,0.10316278279007741,7.792253018124029e-5,0.10308485362163144,0.10316277615181269
783.0,0.10341867867553342,7.792253018124029e-5,0.10334075430138975,0.103418676831571
783.5,0.10367515079924708,7.792253018124029e-5,0.10359722144640486,0.1036751439765861
784.0,0.1039313578533622,7.792253018124029e-5,0.1038534289615106,0.10393135149169185
784.5,0.1041882102943259,7.792253018124029e-5,0.10411028555138975,0.10418820808157099
785.0,0.10444569659737302,7.792253018124029e-5,0.1043677676133233,0.10444569014350454
785.5,0.10470364389102625,7.792253018124029e-5,0.1046257217296375,0.10470364425981873
786.0,0.10496138373890672,7.792253018124029e-5,0.10488345162012087,0.10496137415030211
786.5,0.1052197343993403,7.792253018124029e-5,0.10514180698265864,0.10521972951283988
787.0,0.10547874197138761,7.792253018124029e-5,0.10540081141996982,0.10547873395015106
787.5,0.10573817595974556,7.792253018124029e-5,0.10566025250758311,0.10573817503776435
788.0,0.10599742555186108,7.792253018124029e-5,0.10591949297208463,0.10599741550226587
788.5,0.10625725138223423,7.792253018124029e-5,0.10617932350456197,0.10625724603474321
789.0,0.10651771107469081,7.792253018124029e-5,0.10643977950909368,0.10651770203927492
789.5,0.10677858565869289,7.792253018124029e-5,0.106700660362568,0.10677858289274925
790.0,0.10703928737121766,7.792253018124029e-5,0.10696136419564957,0.10703928672583081
790.5,0.1073005883715304,7.792253018124029e-5,0.10722265809670697,0.10730058062688821
791.0,0.10756250018439624,7.792253018124029e-5,0.10748457746981877,0.1075625
791.5,0.1078248499383379,7.792253018124029e-5,0.10774692169187314,0.10782484422205438
792.0,0.10808693462268103,7.792253018124029e-5,0.10800900628401816,0.1080869288141994
792.5,0.10834963011957728,7.792253018124029e-5,0.10827170454685804,0.10834962707703928
793.0,0.10861293642902663,7.792253018124029e-5,0.10853500467903326,0.1086129272092145
793.5,0.10887666915478664,7.792253018124029e-5,0.1087987414615106,0.10887666399169184
794.0,0.10914013681094813,7.792253018124029e-5,0.10906220681271907,0.10914012934290031
794.5,0.10940418070536725,7.792253018124029e-5,0.10932625043054384,0.10940417296072508
795.0,0.10966886998663496,7.792253018124029e-5,0.10959094312314202,0.10966886565332326
795.5,0.10993403178327393,7.792253018124029e-5,0.10985610787012087,0.10993403040030211
796.0,0.1101987786883674,7.792253018124029e-5,0.11012084776815713,0.11019877029833837
796.5,0.11046412488124882,7.792253018124029e-5,0.11038620133688824,0.11046412386706948
797.0,0.11073007036191819,7.792253018124029e-5,0.1106521449735952,0.11073006750377644
797.5,0.11099660360561037,7.792253018124029e-5,0.11091867867827797,0.11099660120845921
798.0,0.11126279110634796,7.792253018124029e-5,0.11118485834217526,0.1112627808723565
798.5,0.11153109916387367,7.792253018124029e-5,0.11145317405214504,0.11153109658232628
799.0,0.11180896125171119,7.792253018124029e-5,0.11173103706196377,0.11180895959214501
799.5,0.11208670809189719,7.792253018124029e-5,0.11200878205818735,0.11208670458836859
800.0,0.11236505421987113,7.792253018124029e-5,0.11228712892374625,0.11236505145392749
800.5,0.1126441033585194,7.792253018124029e-5,0.11256617206951665,0.11264409459969789
801.0,0.1129230718238116,7.792253018124029e-5,0.11284514440712994,0.11292306693731118
801.5,0.11320257042830084,7.792253018124029e-5,0.11312464780592148,0.11320257033610272
802.0,0.1134827489939341,7.792253018124029e-5,0.11340482388220546,0.1134827464123867
802.5,0.11376289298527191,7.792253018124029e-5,0.1136849645544109,0.11376288708459215
803.0,0.11404346339292036,7.792253018124029e-5,0.11396553007555894,0.11404345260574018
803.5,0.11432467918741739,7.792253018124029e-5,0.11424675647283991,0.11432467900302115
804.0,0.11460603327909626,7.792253018124029e-5,0.11452810088371604,0.11460602341389728
804.5,0.11488767548990393,7.792253018124029e-5,0.1148097521299396,0.11488767466012084
805.0,0.11517000918662079,7.792253018124029e-5,0.11509207605365562,0.11516999858383686
805.5,0.1154526771015271,7.792253018124029e-5,0.11537475401815712,0.11545267654833836
806.0,0.1157356100860319,7.792253018124029e-5,0.11565767981120849,0.11573560234138973
806.5,0.11601924608121106,7.792253018124029e-5,0.11594131368583084,0.11601923621601208
807.0,0.11630330849270086,7.792253018124029e-5,0.11622538421075532,0.11630330674093656
807.5,0.11658747462707704,7.792253018124029e-5,0.11650954914655592,0.11658747167673716
808.0,0.11687236682165786,7.792253018124029e-5,0.11679443396528703,0.11687235649546827
808.5,0.11715782372973116,7.792253018124029e-5,0.11707989705063447,0.11715781958081571
809.0,0.11744323453874386,7.792253018124029e-5,0.11736530112918432,0.11744322365936556
809.5,0.11772935988319605,7.792253018124029e-5,0.1176514368920242,0.11772935942220544
810.0,0.11801622281261802,7.792253018124029e-5,0.11793829253779459,0.11801621506797583
810.5,0.11830303964297938,7.792253018124029e-5,0.11822511277948643,0.11830303530966767
811.0,0.11859055948401506,7.792253018124029e-5,0.11851262930138975,0.118590551831571
811.5,0.11887832134511896,7.792253018124029e-5,0.11880039365184293,0.11887831618202417
812.0,0.1191666594444805,7.792253018124029e-5,0.11908873626891242,0.11916665879909366
812.5,0.11945526261344057,7.792253018124029e-5,0.11937733851589127,0.11945526104607251
813.0,0.11974438439683252,7.792253018124029e-5,0.11966646002268885,0.1197443825528701
813.5,0.12003388649747451,7.792253018124029e-5,0.11995595917299097,0.12003388170317221
814.0,0.12032381501442717,7.792253018124029e-5,0.12024588317223568,0.12032380570241692
814.5,0.12061419299722077,7.792253018124029e-5,0.12053626742450153,0.12061418995468277
815.0,0.12090487062390838,7.792253018124029e-5,0.12082694671075532,0.12090486924093656
815.5,0.12119612448885361,7.792253018124029e-5,0.12111819246226589,0.12119611499244713
816.0,0.12148758579957161,7.792253018124029e-5,0.12140966243960728,0.12148758496978852
816.5,0.12177972707143363,7.792253018124029e-5,0.1217017932930816,0.12177971582326284
817.0,0.12207191444235627,7.792253018124029e-5,0.1219939831533535,0.12207190568353474
817.5,0.1223649546459002,7.792253018124029e-5,0.12228702271151061,0.12236494524169185
818.0,0.12267011890238505,7.792253018124029e-5,0.12259219406725079,0.12267011659743203
818.5,0.12297746133948381,7.792253018124029e-5,0.12289953687314202,0.12297745940332326
819.0,0.123285137994772,7.792253018124029e-5,0.12320721011709973,0.12328513264728097
819.5,0.12359339088831783,7.792253018124029e-5,0.12351546162767374,0.12359338415785498
820.0,0.12390211629723494,7.792253018124029e-5,0.12382418519262843,0.12390210772280967
820.5,0.1242112681224627,7.792253018124029e-5,0.12413334540788523,0.12421126793806647
821.0,0.12452103076024358,7.792253018124029e-5,0.12444310749247738,0.12452103002265862
821.5,0.12483106999238812,7.792253018124029e-5,0.1247531410083384,0.12483106353851964
822.0,0.12514190443332823,7.792253018124029e-5,0.12506397701664657,0.1251418995468278
822.5,0.12545283107238953,7.792253018124029e-5,0.12537490743583085,0.1254528299660121
823.0,0.12576451834595095,7.792253018124029e-5,0.1256865931420242,0.12576451567220545
823.5,0.12607652831293664,7.792253018124029e-5,0.1259985974849245,0.12607652001510575
824.0,0.1263890453695891,7.792253018124029e-5,0.12631112108764353,0.12638904361782477
824.5,0.12670191969396125,7.792253018124029e-5,0.12662398692978855,0.12670190945996979
825.0,0.12701532415753045,7.792253018124029e-5,0.12693739563447132,0.12701531816465256
825.5,0.12732918961170578,7.792253018124029e-5,0.12725126459217526,0.1273291871223565
826.0,0.1276434699574266,7.792253018124029e-5,0.12756554659746228,0.12764346912764352
826.5,0.12795829196710962,7.792253018124029e-5,0.12788035966392752,0.12795828219410876
827.0,0.1282734366702169,7.792253018124029e-5,0.12819550316845923,0.12827342569864048
827.5,0.12858915761158185,7.792253018124029e-5,0.1285112249396073,0.12858914746978853
828.0,0.128905270394962,7.792253018124029e-5,0.12882733615561937,0.1289052586858006
828.5,0.1292217634955922,7.792253018124029e-5,0.1291438368164955,0.12922175934667673
829.0,0.1295388213097149,7.792253018124029e-5,0.1294608921412689,0.12953881467145015
829.5,0.12985614419343608,7.792253018124029e-5,0.1297782188973112,0.12985614142749244
830.0,0.1301740317906498,7.792253018124029e-5,0.13009610031725077,0.130174022847432
830.5,0.1304922881803484,7.792253018124029e-5,0.1304143593806949,0.13049228191087614
831.0,0.13081101708541823,7.792253018124029e-5,0.13073309049851967,0.1308110130287009
831.5,0.13113020698109423,7.792253018124029e-5,0.1310522818693656,0.13113020439954684
832.0,0.13144975414448995,7.792253018124029e-5,0.131371827280997,0.13144974981117824
832.5,0.13176988907090847,7.792253018124029e-5,0.13169196276060427,0.1317698852907855
833.0,0.13209028906692552,7.792253018124029e-5,0.13201235787012086,0.1320902804003021
833.5,0.13241121920213958,7.792253018124029e-5,0.13233329584217526,0.1324112183723565
834.0,0.1327325066050734,7.792253018124029e-5,0.1326545760536556,0.13273249858383684
834.5,0.13305418585002243,7.792253018124029e-5,0.13297625751135955,0.1330541800415408
835.0,0.13337641828369878,7.792253018124029e-5,0.13329849363296076,0.133376416163142
835.5,0.13370307622719388,7.792253018124029e-5,0.13362514346302118,0.13370306599320242
836.0,0.1340402793308039,7.792253018124029e-5,0.13396235550984897,0.13404027804003021
836.5,0.13437805867267158,7.792253018124029e-5,0.13430013402193355,0.1343780565521148
837.0,0.13471640272803176,7.792253018124029e-5,0.13463847899927495,0.1347164015294562
837.5,0.13505526539782384,7.792253018124029e-5,0.13497733143507556,0.1350552539652568
838.0,0.13539469278110838,7.792253018124029e-5,0.13531676213749247,0.1353946846676737
838.5,0.13573461572929452,7.792253018124029e-5,0.1356566884970091,0.13573461102719034
839.0,0.13607501119285192,7.792253018124029e-5,0.13599708691090637,0.1360750094410876
839.5,0.13641598289466697,7.792253018124029e-5,0.13633805179006045,0.1364159743202417
840.0,0.1367574501613836,7.792253018124029e-5,0.13667952412767376,0.136757446657855
840.5,0.1370994590920624,7.792253018124029e-5,0.1370215275264653,0.13709945005664653
841.0,0.13744197511240794,7.792253018124029e-5,0.13736405018507555,0.1374419727152568
841.5,0.13778498669765507,7.792253018124029e-5,0.137707056699426,0.13778497922960725
842.0,0.13812852842209922,7.792253018124029e-5,0.13805059427495472,0.13812851680513596
842.5,0.13847251961238435,7.792253018124029e-5,0.13839459210350455,0.1384725146336858
843.0,0.1388171100904574,7.792253018124029e-5,0.13873918000003024,0.13881710253021148
843.5,0.1391624035792048,7.792253018124029e-5,0.13908447597812693,0.13916239850830817
844.0,0.1395082156823841,7.792253018124029e-5,0.13943029121604233,0.13950821374622357
844.5,0.13985465012288165,7.792253018124029e-5,0.1397767201246526,0.13985464265483383
845.0,0.14020172995022775,7.792253018124029e-5,0.1401237981080363,0.14020172063821754
845.5,0.14054942059012698,7.792253018124029e-5,0.14047148976211482,0.14054941229229606
846.0,0.14089784881499598,7.792253018124029e-5,0.14081992490184292,0.14089784743202416
846.5,0.14125233906633544,7.792253018124029e-5,0.14117441413900306,0.1412523366691843
847.0,0.1416146661579789,7.792253018124029e-5,0.1415367394788822,0.14161466200906345
847.5,0.14197763863647092,7.792253018124029e-5,0.14189971389353478,0.14197763642371602
848.0,0.14234130260087213,7.792253018124029e-5,0.1422633727870393,0.14234129531722053
848.5,0.1427055312787658,7.792253018124029e-5,0.14262759814580064,0.14270552067598188
849.0,0.14307060126451568,7.792253018124029e-5,0.14299267320244716,0.1430705957326284
849.5,0.14343620138946256,7.792253018124029e-5,0.14335826751891242,0.14343619004909366
850.0,0.14380246995078833,7.792253018124029e-5,0.14372454631422962,0.14380246884441086
850.5,0.14416952219614448,7.792253018124029e-5,0.14409159219791542,0.14416951472809666
851.0,0.14453727745217498,7.792253018124029e-5,0.14445934616317224,0.14453726869335348
851.5,0.14490605841230408,7.792253018124029e-5,0.14482812684670698,0.14490604937688822
852.0,0.145275427135456,7.792253018124029e-5,0.14519749759821754,0.14527542012839878
852.5,0.14564566021599437,7.792253018124029e-5,0.14556772984897284,0.14564565237915408
853.0,0.14601674612915408,7.792253018124029e-5,0.1459388117976133,0.14601673432779455
853.5,0.1463878320423138,7.792253018124029e-5,0.14630990554761333,0.14638782807779457
854.0,0.14675951724326142,7.792253018124029e-5,0.14668158936558914,0.14675951189577038
854.5,0.14713213595018645,7.792253018124029e-5,0.1470542054909668,0.14713212802114803
855.0,0.1475051925981873,7.792253018124029e-5,0.14742725826664654,0.14750518079682778
855.5,0.14787831839477908,7.792253018124029e-5,0.14780039365184292,0.14787831618202416
856.0,0.14825230854875732,7.792253018124029e-5,0.1481743787349245,0.14825230126510575
856.5,0.148627312882069,7.792253018124029e-5,0.1485493787349245,0.14862730126510573
857.0,0.14901059199676053,7.792253018124029e-5,0.14893266328930516,0.1490105858194864
857.5,0.14940109713920294,7.792253018124029e-5,0.14932317027571,0.14940109280589123
858.0,0.14979270865910002,7.792253018124029e-5,0.1497147747885499,0.14979269731873113
858.5,0.15018478116960324,7.792253018124029e-5,0.15010685135577043,0.15018477388595167
859.0,0.1505770380763489,7.792253018124029e-5,0.15049910494338373,0.15057702747356497
859.5,0.15097037831101892,7.792253018124029e-5,0.15089244425607254,0.15097036678625378
860.0,0.15136480187361334,7.792253018124029e-5,0.1512868692938369,0.15136479182401813
860.5,0.1517602165660109,7.792253018124029e-5,0.15168228564580064,0.15176020817598188
861.0,0.1521555505850524,7.792253018124029e-5,0.15207761938824776,0.152155541918429
861.5,0.1525514723671167,7.792253018124029e-5,0.15247354319867074,0.15255146572885198
862.0,0.15294848900187052,7.792253018124029e-5,0.15287056453552872,0.15294848706570996
862.5,0.15334660048931387,7.792253018124029e-5,0.15326867159746227,0.1533465941276435
863.0,0.15374580682944675,7.792253018124029e-5,0.15366787618583083,0.15374579871601207
863.5,0.154144436931322,7.792253018124029e-5,0.1540665025075831,0.15414442503776435
864.0,0.15454412731159128,7.792253018124029e-5,0.1544662027530514,0.15454412528323264
864.5,0.15494493559408043,7.792253018124029e-5,0.15486700052495472,0.15494492305513596
865.0,0.15534680415496366,7.792253018124029e-5,0.15526887222057403,0.15534679475075527
865.5,0.15574943335034697,7.792253018124029e-5,0.15567149920320245,0.15574942173338369
866.0,0.15615132496076048,7.792253018124029e-5,0.1560733945015408,0.15615131703172205
866.5,0.15655446124581052,7.792253018124029e-5,0.15647652894262842,0.15655445147280966
867.0,0.1569685114834604,7.792253018124029e-5,0.1568905796412689,0.15696850217145014
867.5,0.15739077887866432,7.792253018124029e-5,0.15731284408613297,0.1573907666163142
868.0,0.15781424484944415,7.792253018124029e-5,0.1577363122696677,0.15781423479984893
868.5,0.1582389093957999,7.792253018124029e-5,0.15816098419187313,0.15823890672205437
869.0,0.15866470336914062,7.792253018124029e-5,0.15858677724323267,0.1586646997734139
869.5,0.15908936791549635,7.792253018124029e-5,0.15901143736407858,0.15908935989425982
870.0,0.1595150581659507,7.792253018124029e-5,0.15943712420320244,0.15951504673338368
870.5,0.15994211986345827,7.792253018124029e-5,0.15986419180138975,0.159942114331571
871.0,0.1603704838594281,7.792253018124029e-5,0.1602925575491239,0.16037048007930513
871.5,0.16080023082721628,7.792253018124029e-5,0.16072230405592147,0.1608002265861027
872.0,0.16123131466776222,7.792253018124029e-5,0.16115338411634444,0.16123130664652569
872.5,0.16166370080677045,7.792253018124029e-5,0.16158577412767375,0.161663696657855
873.0,0.16209619066866504,7.792253018124029e-5,0.1620182585498792,0.16209618108006044
873.5,0.16252859985720355,7.792253018124029e-5,0.16245067216392753,0.16252859469410877
874.0,0.16296235744326495,7.792253018124029e-5,0.16288443113296075,0.162962353663142
874.5,0.16339746342684927,7.792253018124029e-5,0.1633195354569789,0.16339745798716013
875.0,0.1638339408574868,7.792253018124029e-5,0.16375600873870094,0.16383393126888218
875.5,0.16427175516088202,7.792253018124029e-5,0.16419382737540789,0.16427174990558913
876.0,0.16471114835710324,7.792253018124029e-5,0.16463321559293054,0.16471113812311178
876.5,0.16516219309089408,7.792253018124029e-5,0.16508426355365563,0.16516218608383687
877.0,0.16562147803176927,7.792253018124029e-5,0.1655435488633233,0.16562147139350453
877.5,0.1660817541024476,7.792253018124029e-5,0.16600382548719037,0.1660817480173716
878.0,0.16654353991736098,7.792253018124029e-5,0.16646561268507556,0.1665435352152568
878.5,0.1670068124269791,7.792253018124029e-5,0.16692888685425986,0.1670068093844411
879.0,0.16747158315606708,7.792253018124029e-5,0.16739364799474324,0.16747157052492448
879.5,0.16793779448079918,7.792253018124029e-5,0.16785986070244716,0.1679377832326284
880.0,0.16840549250023604,7.792253018124029e-5,0.1683275603814502,0.16840548291163143
880.5,0.16887453891719575,7.792253018124029e-5,0.1687966054154381,0.16887452794561933
881.0,0.1693418681441477,7.792253018124029e-5,0.1692639392522961,0.16934186178247734
881.5,0.16981058034291802,7.792253018124029e-5,0.16973265384821756,0.1698105763783988
882.0,0.17028062941444605,7.792253018124029e-5,0.17020270199776438,0.17028062452794562
882.5,0.17075210755685305,7.792253018124029e-5,0.1706741781118127,0.17075210064199395
883.0,0.17122503781966933,7.792253018124029e-5,0.1711471057930816,0.17122502832326283
883.5,0.17169943172766003,7.792253018124029e-5,0.17162149684293054,0.17169941937311178
884.0,0.17217527775606,7.792253018124029e-5,0.17209735126135955,0.1721752737915408
884.5,0.17265255285533893,7.792253018124029e-5,0.17257462184293054,0.17265254437311178
885.0,0.17313145294650445,7.792253018124029e-5,0.17305352101211482,0.17313144354229607
885.5,0.17362217744671687,7.792253018124029e-5,0.17354424514353478,0.17362216767371602
886.0,0.17412518734658233,7.792253018124029e-5,0.17404725449021152,0.17412517702039276
886.5,0.17462722916617493,7.792253018124029e-5,0.17454929612540787,0.1746272186555891
887.0,0.17513087292812382,7.792253018124029e-5,0.1750529427454985,0.17513086527567975
887.5,0.17563603795907287,7.792253018124029e-5,0.1755581117409668,0.17563603427114804
888.0,0.17614277035808276,7.792253018124029e-5,0.17606483851589128,0.17614276104607252
888.5,0.1766510701251534,7.792253018124029e-5,0.17657313487163145,0.1766510574018127
889.0,0.17716096030981518,7.792253018124029e-5,0.17708302441090637,0.1771609469410876
889.5,0.17767251006065898,7.792253018124029e-5,0.17759457794187314,0.17767250047205438
890.0,0.17818576547674542,7.792253018124029e-5,0.1781078308686103,0.17818575339879153
890.5,0.1787007726571351,7.792253018124029e-5,0.17862284219791544,0.17870076472809668
891.0,0.1792174394037068,7.792253018124029e-5,0.1791395057175529,0.17921742824773415
891.5,0.17973450951705885,7.792253018124029e-5,0.17965658228477344,0.17973450481495468
892.0,0.18025073832255475,7.792253018124029e-5,0.1801728091541088,0.18025073168429004
892.5,0.18076860364470237,7.792253018124029e-5,0.18069067641241696,0.1807685989425982
893.0,0.18128818615685777,7.792253018124029e-5,0.18121025486785503,0.18128817739803627
893.5,0.1818096241562028,7.792253018124029e-5,0.1817316979380967,0.18180962046827795
894.0,0.18233914101592003,7.792253018124029e-5,0.18226121313824775,0.182339135668429
894.5,0.18288994411687476,7.792253018124029e-5,0.1828120179909668,0.18288994052114804
895.0,0.18344259118025397,7.792253018124029e-5,0.1833646638557704,0.18344258638595165
895.5,0.18399710525558793,7.792253018124029e-5,0.18391917433537766,0.1839970968655589
896.0,0.1845535324419373,7.792253018124029e-5,0.1844755966352266,0.18455351916540785
896.5,0.18511182664024145,7.792253018124029e-5,0.1850338953512387,0.18511181788141995
897.0,0.185672033949561,7.792253018124029e-5,0.18559410588749248,0.18567202841767372
897.5,0.1862293024437665,7.792253018124029e-5,0.1861513660838671,0.18622928861404833
898.0,0.1867885416728132,7.792253018124029e-5,0.18671060890864052,0.18678853143882176
898.5,0.18734994755770865,7.792253018124029e-5,0.18727201138220548,0.18734993391238672
899.0,0.18791356619751345,7.792253018124029e-5,0.18783563251135954,0.18791355504154078
899.5,0.18847933996840185,7.792253018124029e-5,0.18840141328930515,0.1884793358194864
900.0,0.1890473610684951,7.792253018124029e-5,0.18896942452419943,0.18904734705438067
900.5,0.18961752577490676,7.792253018124029e-5,0.18953959540788523,0.18961751793806647
901.0,0.19018991476099298,7.792253018124029e-5,0.19011198494716014,0.19018990747734138
901.5,0.19076452802675367,7.792253018124029e-5,0.19068659314202419,0.19076451567220543
902.0,0.19134178046373443,7.792253018124029e-5,0.19126384484141998,0.19134176737160122
902.5,0.1919476604173551,7.792253018124029e-5,0.19186972663900306,0.1919476491691843
903.0,0.192559060733484,7.792253018124029e-5,0.1924811314728399,0.19255905400302115
903.5,0.19317283515123443,7.792253018124029e-5,0.19309490837993962,0.19317283091012086
904.0,0.19378917959161396,7.792253018124029e-5,0.1937112461820544,0.19378916871223564
904.5,0.19440817472797867,7.792253018124029e-5,0.19433025109141996,0.1944081736216012
905.0,0.19502979751079824,7.792253018124029e-5,0.1949518641012387,0.19502978663141993
905.5,0.19565411708866362,7.792253018124029e-5,0.19557619142374624,0.19565411395392748
906.0,0.19628099516439293,7.792253018124029e-5,0.19620305603854987,0.1962809785687311
906.5,0.19690434666198547,7.792253018124029e-5,0.19682641564957706,0.1969043381797583
907.0,0.1975301644593207,7.792253018124029e-5,0.19745224174474324,0.19753016427492448
907.5,0.19815863295264113,7.792253018124029e-5,0.1980807113444411,0.19815863387462235
908.0,0.19878975214194675,7.792253018124029e-5,0.19871182444867072,0.19878974697885196
908.5,0.19942363727488907,7.792253018124029e-5,0.19934569907102723,0.19942362160120847
909.0,0.20006012700475595,7.792253018124029e-5,0.1999821935951964,0.20006011612537763
909.5,0.2006996362230929,7.792253018124029e-5,0.20062170926740183,0.20069963179758307
910.0,0.20135700882741692,7.792253018124029e-5,0.2012790685951964,0.20135699112537764
910.5,0.20203086184590965,7.792253018124029e-5,0.2019529262235952,0.20203084875377644
911.0,0.20270771130334214,7.792253018124029e-5,0.20262978139731122,0.20270770392749246
911.5,0.2033874650015932,7.792253018124029e-5,0.2033095397054683,0.20338746223564955
912.0,0.20407021513878398,7.792253018124029e-5,0.2039922719562236,0.20407019448640484
912.5,0.2047558234177327,7.792253018124029e-5,0.20467788373870094,0.20475580626888218
913.0,0.2054444050860909,7.792253018124029e-5,0.20536646946377646,0.2054443919939577
913.5,0.20613596014385857,7.792253018124029e-5,0.2060580291314502,0.20613595166163143
914.0,0.20683067298727814,7.792253018124029e-5,0.20675275156347434,0.20683067409365558
914.5,0.20752879716118297,7.792253018124029e-5,0.2074508727870393,0.20752879531722054
915.0,0.20825020136069675,7.792253018124029e-5,0.208172266291571,0.20825018882175225
915.5,0.20897994949018128,7.792253018124029e-5,0.2089020151586405,0.20897993768882175
916.0,0.2097101125112113,7.792253018124029e-5,0.2096321888746526,0.20971011140483384
916.5,0.2104363801616196,7.792253018124029e-5,0.21035844453930516,0.2104363670694864
917.0,0.21116529850801313,7.792253018124029e-5,0.2110873673112085,0.21116528984138974
917.5,0.21189689059992212,7.792253018124029e-5,0.21181895719036256,0.2118968797205438
918.0,0.21263113338781628,7.792253018124029e-5,0.21255319057404837,0.2126311131042296
918.5,0.21336818821840775,7.792253018124029e-5,0.21329025628401815,0.2133681788141994
919.0,0.21410837778512085,7.792253018124029e-5,0.21403043755290033,0.21410836008308157
919.5,0.21486387223995704,7.792253018124029e-5,0.21478593698643508,0.21486385951661632
920.0,0.21563764497232582,7.792253018124029e-5,0.21555970492450155,0.2156376274546828
920.5,0.21641446024269495,7.792253018124029e-5,0.2163365176133233,0.21641444014350453
921.0,0.21719420280341295,7.792253018124029e-5,0.2171162806420242,0.21719420317220545
921.5,0.21797698790213133,7.792253018124029e-5,0.21789906481876137,0.2179769873489426
922.0,0.21876279248931976,7.792253018124029e-5,0.21868487014353477,0.218762792673716
922.5,0.2195516165649783,7.792253018124029e-5,0.21947367301362541,0.21955159554380665
923.0,0.22034357537675842,7.792253018124029e-5,0.2202656386480665,0.22034356117824774
923.5,0.2211389916180844,7.792253018124029e-5,0.22106105027948644,0.22113897280966768
924.0,0.22194992019330628,7.792253018124029e-5,0.22187199250003023,0.22194991503021147
924.5,0.22278249227748537,7.792253018124029e-5,0.2227045548112085,0.22278247734138973
925.0,0.2236183373949679,7.792253018124029e-5,0.22354039790033237,0.2236183204305136
925.5,0.2244575707934054,7.792253018124029e-5,0.224379639780997,0.22445756231117825
926.0,0.22530019247279787,7.792253018124029e-5,0.22522225685048342,0.22530017938066466
926.5,0.226146179383615,7.792253018124029e-5,0.22606824910879156,0.2261461716389728
927.0,0.226995623723978,7.792253018124029e-5,0.22691768736407858,0.22699560989425982
927.5,0.22784864074153843,7.792253018124029e-5,0.22777071323265863,0.22784863576283987
928.0,0.22870564532784177,7.792253018124029e-5,0.22862770435803628,0.22870562688821752
928.5,0.22958784305076946,7.792253018124029e-5,0.2295099031873414,0.22958782571752265
929.0,0.23048548395900206,7.792253018124029e-5,0.23040756179761332,0.23048548432779456
929.5,0.2313869971883261,7.792253018124029e-5,0.23130906765108764,0.23138699018126888
930.0,0.2322923827387415,7.792253018124029e-5,0.2322144443504834,0.23229236688066465
930.5,0.23320143316447556,7.792253018124029e-5,0.23312350307404836,0.2332014256042296
931.0,0.23411433286177066,7.792253018124029e-5,0.23403640904081574,0.23411433157099698
931.5,0.23503122012780872,7.792253018124029e-5,0.2349532802643807,0.23503120279456194
932.0,0.2359522102102412,7.792253018124029e-5,0.23587428196377647,0.2359522044939577
932.5,0.23688424101769023,7.792253018124029e-5,0.23680630613296075,0.236884228663142
933.0,0.23785017768421923,7.792253018124029e-5,0.2377722474093958,0.23785016993957703
933.5,0.23882028631573357,7.792253018124029e-5,0.2387423427643807,0.23882026529456193
934.0,0.23979465911035452,7.792253018124029e-5,0.23971673381422964,0.23979465634441088
934.5,0.24077329606808204,7.792253018124029e-5,0.24069537335350455,0.2407732958836858
935.0,0.24175615108985554,7.792253018124029e-5,0.2416782141767674,0.24175613670694865
935.5,0.24274354686909932,7.792253018124029e-5,0.24266561032480366,0.2427435328549849
936.0,0.24373529900957092,7.792253018124029e-5,0.24365737297586107,0.2437352955060423
936.5,0.2447321911953007,7.792253018124029e-5,0.24465425741694866,0.2447321799471299
937.0,0.2457733384792178,7.792253018124029e-5,0.24569539695622358,0.24577331948640482
937.5,0.24681930311496886,7.792253018124029e-5,0.24674137505290034,0.24681929758308158
938.0,0.24786978545865984,7.792253018124029e-5,0.24779186126891242,0.24786978379909366
938.5,0.24891717916528985,7.792253018124029e-5,0.24883925552873115,0.2489171780589124
939.0,0.24996185302734375,7.792253018124029e-5,0.24988391187314202,0.24996183440332326
939.5,0.2510113442412316,7.792253018124029e-5,0.25093340677495474,0.251011329305136
940.0,0.2520656297574231,7.792253018124029e-5,0.25198769302873114,0.2520656155589124
940.5,0.25312934253150965,7.792253018124029e-5,0.25305139676740185,0.2531293192975831
941.0,0.2542377022457987,7.792253018124029e-5,0.2541597568504834,0.25423767938066466
941.5,0.2553510637081642,7.792253018124029e-5,0.25527312071,0.25535104324018126
942.0,0.25646947301766665,7.792253018124029e-5,0.25639153555138977,0.256469458081571
942.5,0.25759293017430607,7.792253018124029e-5,0.2575150013746526,0.25759292390483385
943.0,0.2587214812771431,7.792253018124029e-5,0.2586435417825076,0.25872146431268883
943.5,0.25985540292054143,7.792253018124029e-5,0.25977746361030213,0.25985538614048337
944.0,0.26099501779792533,7.792253018124029e-5,0.26091707369338374,0.260994996223565
944.5,0.2621611857342216,7.792253018124029e-5,0.2620832604380967,0.26216118296827795
945.0,0.2633598765577795,7.792253018124029e-5,0.26328194812691846,0.2633598706570997
945.5,0.264564122318141,7.792253018124029e-5,0.264486182454713,0.26456410498489424
946.0,0.26577403826295787,7.792253018124029e-5,0.2656961050377946,0.26577402756797586
946.5,0.26698932474833603,7.792253018124029e-5,0.2669113854380967,0.26698930796827797
947.0,0.26821051191347245,7.792253018124029e-5,0.26813256651815714,0.2682104890483384
947.5,0.26943753060977627,7.792253018124029e-5,0.2693596010725378,0.26943752360271905
948.0,0.2706733081275963,7.792253018124029e-5,0.27059536863296074,0.270673291163142
948.5,0.27196537259842335,7.792253018124029e-5,0.271887428678278,0.2719653512084592
949.0,0.27326356824431175,7.792253018124029e-5,0.2731856254305438,0.27326354796072505
949.5,0.2745678489662009,7.792253018124029e-5,0.2744899116843203,0.27456783421450154
950.0,0.2758782147640908,7.792253018124029e-5,0.2758002874396073,0.2758782099697885
950.5,0.27719491918281486,7.792253018124029e-5,0.2771169887235952,0.27719491125377643
951.0,0.2785180313709639,7.792253018124029e-5,0.2784400863444411,0.27851800887462236
951.5,0.2798485424583412,7.792253018124029e-5,0.2797705952190635,0.27984851774924474
952.0,0.281235985885574,7.792253018124029e-5,0.281158057454713,0.28123597998489425
952.5,0.2826371437833388,7.792253018124029e-5,0.28255920926740186,0.2826371317975831
953.0,0.28404491689630146,7.792253018124029e-5,0.28396696984141995,0.2840448923716012
953.5,0.2854593743730528,7.792253018124029e-5,0.2853814335876435,0.28545935611782475
954.0,0.28688067756030494,7.792253018124029e-5,0.2868027421223867,0.28688066465256795
954.5,0.288309056953361,7.792253018124029e-5,0.2882311314728399,0.28830905400302115
955.0,0.28974545758296355,7.792253018124029e-5,0.2896675221450453,0.28974544467522656
955.5,0.2912484944046804,7.792253018124029e-5,0.2911705668958006,0.29124848942598186
956.0,0.292762364505641,7.792253018124029e-5,0.29268442169187314,0.2927623442220544
956.5,0.29428342606005714,7.792253018124029e-5,0.29420549891996983,0.2942834214501511
957.0,0.2958118173651105,7.792253018124029e-5,0.29573386938824775,0.295811791918429
957.5,0.2973478150151648,7.792253018124029e-5,0.2972698871374925,0.2973478096676737
958.0,0.29889164950552305,7.792253018124029e-5,0.2988137173867372,0.2988916399169184
958.5,0.3004560211273839,7.792253018124029e-5,0.3003780820015408,0.30045600453172205
959.0,0.30206985704128114,7.792253018124029e-5,0.3019919179154381,0.30206984044561935
959.5,0.3036915297954824,7.792253018124029e-5,0.3036135899320544,0.30369151246223564
960.0,0.3053212929348211,7.792253018124029e-5,0.3052433576812991,0.30532128021148036
960.5,0.3069818502466484,7.792253018124029e-5,0.3069039033761632,0.30698182590634443
961.0,0.30866930636034273,7.792253018124029e-5,0.30859137977344414,0.3086693023036254
961.5,0.31036522165165925,7.792253018124029e-5,0.31028728234141995,0.3103652048716012
962.0,0.31207012625979513,7.792253018124029e-5,0.31199217754534747,0.3120701000755287
962.5,0.3138232504853309,7.792253018124029e-5,0.31374531670697886,0.3138232392371601
963.0,0.315588153020853,7.792253018124029e-5,0.31551021002268886,0.3155881325528701
963.5,0.3173620448731944,7.792253018124029e-5,0.3172840959743505,0.3173620185045317
964.0,0.3191617752490087,7.792253018124029e-5,0.3190838269033535,0.31916174943353476
964.5,0.32099946820123676,7.792253018124029e-5,0.320921534607281,0.32099945713746225
965.0,0.32284674975807215,7.792253018124029e-5,0.32276880141241693,0.32284672394259817
965.5,0.32470327417656014,7.792253018124029e-5,0.32462534408613297,0.3247032666163142
966.0,0.3266057132594175,7.792253018124029e-5,0.32652777044564957,0.3266056929758308
966.5,0.3284998084123041,7.792253018124029e-5,0.3284218650453475,0.3284997875755287
967.0,0.3304028698324797,7.792253018124029e-5,0.33032492867827795,0.3304028512084592
967.5,0.3323356651467499,7.792253018124029e-5,0.33225773173719036,0.3323356542673716
968.0,0.33430660743367635,7.792253018124029e-5,0.33422867679006046,0.3343065993202417
968.5,0.3362861471954069,7.792253018124029e-5,0.33620821323265865,0.3362861357628399
969.0,0.3382762436420176,7.792253018124029e-5,0.3381983000906647,0.33827622262084595
969.5,0.3403266146103781,7.792253018124029e-5,0.3402486682930816,0.34032659082326283
970.0,0.3423854908554215,7.792253018124029e-5,0.3423075570770695,0.34238547960725074
970.5,0.34445356386305703,7.792253018124029e-5,0.34437562731876137,0.3444535498489426
971.0,0.34656757458459214,7.792253018124029e-5,0.34648962845169184,0.3465675509818731
971.5,0.3487084610584639,7.792253018124029e-5,0.34863051308160126,0.3487084356117825
972.0,0.3508584059977459,7.792253018124029e-5,0.35078046115561934,0.3508583836858006
972.5,0.35304009014025917,7.792253018124029e-5,0.3529621548867372,0.35304007741691845
973.0,0.35526980950392983,7.792253018124029e-5,0.35519188015108766,0.3552698026812689
973.5,0.3575108231374504,7.792253018124029e-5,0.35743288751513597,0.3575108100453172
974.0,0.35977069128676126,7.792253018124029e-5,0.3596927534516919,0.3597706759818731
974.5,0.36209553606200434,7.792253018124029e-5,0.36201759767374625,0.3620955202039275
975.0,0.3644309375221276,7.792253018124029e-5,0.3643529923112085,0.36443091484138973
975.5,0.36677841693613106,7.792253018124029e-5,0.36670047154081575,0.366778394070997
976.0,0.3691937311178248,7.792253018124029e-5,0.3691157849849245,0.3691937075151057
976.5,0.3716263324472479,7.792253018124029e-5,0.3715483992220846,0.37162632175226584
977.0,0.3740708503838392,7.792253018124029e-5,0.3739929092296375,0.37407083175981876
977.5,0.3765764956748017,7.792253018124029e-5,0.3764985502794864,0.37657647280966766
978.0,0.3791109528786466,7.792253018124029e-5,0.37903301024927494,0.3791109327794562
978.5,0.38165778768026576,7.792253018124029e-5,0.3815798380438369,0.3816577605740181
979.0,0.3842603331966343,7.792253018124029e-5,0.38418239185803627,0.3842603143882175
979.5,0.38690139447814387,7.792253018124029e-5,0.38682344170697885,0.3869013642371601
980.0,0.3895551330013218,7.792253018124029e-5,0.3894772134214804,0.38955513595166164
980.5,0.3922618393451426,7.792253018124029e-5,0.39218387882933536,0.3922618013595166
981.0,0.39501450645239333,7.792253018124029e-5,0.39493656953930517,0.3950144920694864
981.5,0.3977801734947366,7.792253018124029e-5,0.3977022417447432,0.39778016427492446
982.0,0.4005986239614804,7.792253018124029e-5,0.4005206896299396,0.4005986121601208
982.5,0.4034680599892608,7.792253018124029e-5,0.40339011938824776,0.403468041918429
983.0,0.406351049140861,7.792253018124029e-5,0.406273097107281,0.40635101963746223
983.5,0.40928935716519543,7.792253018124029e-5,0.40921139959972813,0.40928932212990937
984.0,0.4122809557035971,7.792253018124029e-5,0.4122029970317523,0.4122809195619335
984.5,0.4152867066536065,7.792253018124029e-5,0.4152087560951964,0.41528667862537766
985.0,0.41835363105704776,7.792253018124029e-5,0.41827569340637466,0.4183536159365559
985.5,0.4214727856961622,7.792253018124029e-5,0.4213948399320544,0.42147276246223564
986.0,0.42460678423279363,7.792253018124029e-5,0.4245288561707251,0.42460677870090635
986.5,0.427812512907737,7.792253018124029e-5,0.42773457746981874,0.4278125
987.0,0.4310649399310801,7.792253018124029e-5,0.43098698494716015,0.4310649074773414
987.5,0.43433308673409177,7.792253018124029e-5,0.43425515904081574,0.434333081570997
988.0,0.43768596361050793,7.792253018124029e-5,0.43760801969036256,0.4376859422205438
988.5,0.44107747149971677,7.792253018124029e-5,0.4409995415936858,0.44107746412386706
989.0,0.44448552895168525,7.792253018124029e-5,0.44440758540033237,0.4444855079305136
989.5,0.44799675610130285,7.792253018124029e-5,0.4479188202945922,0.4479967428247734
990.0,0.45153333773425697,7.792253018124029e-5,0.45145540450909366,0.4515333270392749
990.5,0.4550942135721535,7.792253018124029e-5,0.45501625231876136,0.4550941748489426
991.0,0.45874908539463743,7.792253018124029e-5,0.4586711333610574,0.45874905589123866
991.5,0.46243654925297395,7.792253018124029e-5,0.46235858615561937,0.4624365086858006
992.0,0.4661950978627738,7.792253018124029e-5,0.46611713033990937,0.4661950528700906
992.5,0.46999831646230644,7.792253018124029e-5,0.46992037807404835,0.4699983006042296
993.0,0.4738632617039983,7.792253018124029e-5,0.4737853233157402,0.47386324584592143
993.5,0.4777867066536065,7.792253018124029e-5,0.4777087560951964,0.47778667862537766
994.0,0.4817611832633119,7.792253018124029e-5,0.48168321795320246,0.4817611404833837
994.5,0.4858093722709356,7.792253018124029e-5,0.4857314147054683,0.48580933723564956
995.0,0.4898959617960489,7.792253018124029e-5,0.4898180366843203,0.4898959592145015
995.5,0.49407401185741595,7.792253018124029e-5,0.4939960483912689,0.49407397092145017
996.0,0.4982875581954541,7.792253018124029e-5,0.4982096057930816,0.49828752832326284
996.5,0.5025881856589879,7.792253018124029e-5,0.5025102572281269,0.5025881797583082
997.0,0.5069385540089218,7.792253018124029e-5,0.5068606159894562,0.5069385385196374
997.5,0.5113606985962282,7.792253018124029e-5,0.5112827742220846,0.5113606967522658
998.0,0.5158524988641191,7.792253018124029e-5,0.515774560475861,0.5158524830060423
998.5,0.5203973130517136,7.792253018124029e-5,0.5203193584365862,0.5203972809667674
999.0,0.5250357083323499,7.792253018124029e-5,0.524957764780997,0.5250356873111782
999.5,0.5297164686496885,7.792253018124029e-5,0.5296385144033535,0.5297164369335348
1000.0,0.534494129192433,7.792253018124029e-5,0.5344161767900605,0.5344940993202417
1000.5,0.539325633437972,7.792253018124029e-5,0.5392477005816012,0.5393256231117824
1001.0,0.5442326940438539,7.792253018124029e-5,0.5441547530740484,0.5442326756042296
1001.5,0.5492250379118675,7.792253018124029e-5,0.5491471057930816,0.5492250283232628
1002.0,0.5542700730061603,7.792253018124029e-5,0.554192139780997,0.5542700623111783
1002.5,0.5594279586008308,7.792253018124029e-5,0.5593499947658913,0.5594279172960726
1003.0,0.5646364609640531,7.792253018124029e-5,0.5645585011858308,0.5646364237160121
1003.5,0.5699362394672867,7.792253018124029e-5,0.569858302922991,0.5699362254531722
1004.0,0.5753148473641664,7.792253018124029e-5,0.575236890536284,0.5753148130664653
1004.5,0.5807537528323263,7.792253018124029e-5,0.580675806699426,0.5807537292296072
1005.0,0.5863069378717428,7.792253018124029e-5,0.5862290072281269,0.5863069297583081
1005.5,0.5919179772322272,7.792253018124029e-5,0.5918400344184592,0.5919179569486405
1006.0,0.5976266544030873,7.792253018124029e-5,0.597548682454713,0.5976266049848943
1006.5,0.6034084446840776,7.792253018124029e-5,0.6033304989199698,0.6034084214501511
1007.0,0.6092819720956855,7.792253018124029e-5,0.6092040355513898,0.609281958081571
1007.5,0.6152409210666069,7.792253018124029e-5,0.6151629668202719,0.6152408893504532
1008.0,0.6212880575404787,7.792253018124029e-5,0.6212101250529003,0.6212880475830815
1008.5,0.6274191865027852,7.792253018124029e-5,0.6273412145544109,0.6274191370845922
1009.0,0.6336433433694062,7.792253018124029e-5,0.6335653931797885,0.6336433157099698
1009.5,0.6399593295647659,7.792253018124029e-5,0.6398813863822055,0.6399593089123867
1010.0,0.6463640103527426,7.792253018124029e-5,0.6462860786027492,0.6463640011329305
1010.5,0.6528577545258214,7.792253018124029e-5,0.6527798002794865,0.6528577228096677
1011.0,0.6594409769755476,7.792253018124029e-5,0.6593630234667976,0.6594409459969789
1011.5,0.6661141386925273,7.792253018124029e-5,0.6660361730136254,0.6661140955438066
1012.0,0.6728776084692456,7.792253018124029e-5,0.6727996737689124,0.6728775962990936
1012.5,0.6797318472963085,7.792253018124029e-5,0.6796539033761632,0.6797318259063444
1013.0,0.6866768090746554,7.792253018124029e-5,0.6865988618353777,0.6866767843655589
1013.5,0.693712632101468,7.792253018124029e-5,0.6936346907628701,0.6937126132930513
1014.0,0.7008428660044137,7.792253018124029e-5,0.7007649305664955,0.7008428530966767
1014.5,0.7080673263872498,7.792253018124029e-5,0.7079893924245015,0.7080673149546828
1015.0,0.7153840309903701,7.792253018124029e-5,0.7153060937084894,0.7153840162386707
1015.5,0.7227896606814105,7.792253018124029e-5,0.7227116828323565,0.7227896053625378
1016.0,0.7302832473800982,7.792253018124029e-5,0.7302053100982175,0.7302832326283988
1016.5,0.7378656669685848,7.792253018124029e-5,0.7377877307930816,0.7378656533232628
1017.0,0.745535997465658,7.792253018124029e-5,0.7454580480136254,0.7455359705438066
1017.5,0.7532935012863482,7.792253018124029e-5,0.753215553678278,0.7532934762084592
1018.0,0.7611367493597763,7.792253018124029e-5,0.7610587844184592,0.7611367069486404
1018.5,0.7690647275066088,7.792253018124029e-5,0.7689867489199698,0.769064671450151
1019.0,0.7770779428165124,7.792253018124029e-5,0.7770000136480665,0.7770779361782477
1019.5,0.7851696187275774,7.792253018124029e-5,0.7850916394033535,0.7851695619335347
1020.0,0.7933458403158044,7.792253018124029e-5,0.7932679045090937,0.7933458270392749
1020.5,0.8015976643634347,7.792253018124029e-5,0.8015196983157402,0.8015976208459215
1021.0,0.809922878115559,7.792253018124029e-5,0.8098449437840182,0.8099228663141994
1021.5,0.8183293184124811,7.792253018124029e-5,0.8182513826057705,0.8183293051359517
1022.0,0.8268048151021997,7.792253018124029e-5,0.8267268357779759,0.8268047583081571
1022.5,0.8353466022410782,7.792253018124029e-5,0.8352686597961028,0.835346582326284
1023.0,0.8439535734516617,7.792253018124029e-5,0.8438756273187613,0.8439535498489426
1023.5,0.8526284024794656,7.792253018124029e-5,0.8525504762613595,0.8526283987915407
1024.0,0.8613610397292768,7.792253018124029e-5,0.8612831046601511,0.8613610271903324
1024.5,0.870147705078125,7.792253018124029e-5,0.8700697360800906,0.8701476586102719
1025.0,0.8789883985260102,7.792253018124029e-5,0.8789104649320544,0.8789883874622356
1025.5,0.8878809995161443,7.792253018124029e-5,0.8878030253550151,0.8878809478851963
1026.0,0.8968145364721016,7.792253018124029e-5,0.8967365600982176,0.8968144826283988
1026.5,0.9057926973187311,7.792253018124029e-5,0.9057147511858309,0.9057926737160121
1027.0,0.9148081984044562,7.792253018124029e-5,0.9147302345695166,0.9148081570996979
1027.5,0.9238564298232156,7.792253018124029e-5,0.9237784785272206,0.9238564010574019
1028.0,0.9329332426595544,7.792253018124029e-5,0.9328552345695167,0.9329331570996979
1028.5,0.9420342114036537,7.792253018124029e-5,0.9419562542069789,0.9420341767371602
1029.0,0.95115454175321,7.792253018124029e-5,0.9510765336631722,0.9511544561933535
1029.5,0.9602913755664653,7.792253018124029e-5,0.960213429433565,0.9602913519637463
1030.0,0.969437060399358,7.792253018124029e-5,0.9693591054154381,0.9694370279456194
1030.5,0.9785882771195241,7.792253018124029e-5,0.978510351639003,0.9785882741691843
1031.0,0.987740600217145,7.792253018124029e-5,0.9876626363822054,0.9877405589123867
1031.5,0.9967761082951756,7.792253018124029e-5,0.9966981348716315,0.9967760574018127
1032.0,1.0000000921981211,7.792253018124029e-5,0.9999220774698188,1.0
1032.5,1.0000000921981211,7.792253018124029e-5,0.9999220774698188,1.0
