time_ns,X01,X02,X03,X04,X05,X06,X07,X08,X09,X10,X11,X12,X13,X14,X15,X16,X_guard,Y01,Y02,Y03,Y04,Y05,Y06,Y07,Y08,Y09,Y10,Y11,Y12,Y13,Y14,Y15,Y16,Y_guard
0.0,0.0,0.0,0.0,0.0,0.0,0.0,0.0,0.0,0.0,0.0,0.0,0.0,0.0,0.0,0.0,0.0,0.0,0.0,0.0,0.0,0.0,0.0,0.0,0.0,0.0,0.0,0.0,0.0,0.0,0.0,0.0,0.0,0.0,0.0
0.5,4.494919798975625e-5,0.00034058485686598946,0.0015907242579042372,0.001251830435231373,0.0002172668084637276,6.209208638466377e-5,0.00012390545127615108,0.0003679050104495622,0.0006519497971520323,0.00047037428599469973,0.00016801158287013765,4.013432780691504e-5,-9.66073849500126e-6,-7.657971784607521e-5,-0.0003406825922767201,-0.0030261328573313365,0.006040998095832202,2.837209992906996e-7,2.8852222127181527e-6,7.4257668996865655e-6,-0.00011541605490932292,-0.0017095429659610068,-0.0018275567412016254,0.00045643769362181696,-0.004200550724732552,0.0006830198887251655,0.00012607501082550002,2.5700026520969643e-5,4.980950531890205e-6,1.0614979412868123e-6,2.3290848101311986e-7,4.0535663660869616e-9,-6.978781456852281e-8,-0.0011383238335750615
1.0,8.991830546150035e-5,0.0006813172397296595,0.003182138561122007,0.0025042333271568275,0.00043461037366411835,0.00012412887865683104,0.0002476310756991637,0.0007358284335122007,0.0013049171950521787,0.0009410514572235752,0.00033582488125544663,8.018447080587693e-5,-1.930117078147986e-5,-0.00015297015493009747,-0.000680435640214073,-0.006039981755605277,0.012063774817659776,5.679419074275072e-7,5.772041179397315e-6,1.4859941025514977e-5,-0.00023081846917864058,-0.0034196286763309353,-0.0036561795231798986,0.0008951558807465244,-0.008371742830535796,0.0013568124922380706,0.00025160820012366304,5.131881132586845e-5,9.9458005785762e-6,2.1192776264335815e-6,4.649089401013857e-7,7.931289762582804e-9,-1.3955168002580497e-7,-0.0022746472200238094
1.5,0.00014338239442185694,0.0010424013224253122,0.004730272869329078,0.003738338853657426,0.0006716128472475126,0.00019249423573024324,0.00037154850192660653,0.0011034403502761057,0.0019637668600975566,0.0014128317645669343,0.0005019169829763314,0.00011979743523179944,-2.810216067060603e-5,-0.00022588677006545743,-0.0010057391536920093,-0.008823918431907262,0.017727130129258077,1.0975693694380565e-6,1.002311723424949e-5,3.0024469551543093e-5,-0.00031102840363799264,-0.005165886302729027,-0.005536984100802787,0.0012455616832859927,-0.012305179031233774,0.001966979028235029,0.00037433553678391566,7.674838008297175e-5,1.4951431510401636e-5,3.1984606729623413e-6,7.040104040949186e-7,1.6941901067679106e-8,-2.0322740993116423e-7,-0.003354800431749972
2.0,0.00019777978114851293,0.0014058075102434417,0.006274370988690241,0.0049709474212093294,0.0009108364942210679,0.00026163555614177556,0.0004957207109992957,0.0014712682663494006,0.0026229236421268154,0.0018848811031468326,0.0006682524328145376,0.00015985744012086414,-3.569258033689055e-5,-0.00029484101562701683,-0.0013149069155090885,-0.011357846937150754,0.02298947475467924,1.6868281180990067e-6,1.4487649750223333e-5,4.632144693701649e-5,-0.00038566613665520246,-0.006909716885615692,-0.007411383430043016,0.001614317252916872,-0.01623037286395393,0.0025816350905196544,0.000498618694230509,0.0001027232030367203,2.0169795088447473e-5,4.3423245646892354e-6,9.613394388349396e-7,3.434240728250235e-8,-2.5933911145335553e-7,-0.004376863424871623
2.5,0.00025220814068151746,0.0017693966537083744,0.007819112334006503,0.006204128265380859,0.0011501856981087307,0.00033081239623965815,0.0006199461996015105,0.0018392453741090896,0.0032823409918932038,0.002357121320649576,0.0008346649995383179,0.0001999534824103387,-4.3226543847707824e-5,-0.0003636105723251389,-0.0016233047689916144,-0.01389030099275249,0.02824383992082763,2.2779562822866657e-6,1.8958097993427172e-5,6.264884283715505e-5,-0.00046020800253415754,-0.008653999455385699,-0.009285859831150205,0.001984265635741081,-0.020156879079305873,0.0031968041849280413,0.000623022186432,0.00012873171679563032,2.539893077669547e-5,5.48921877186284e-6,1.2194717744663584e-6,5.206056482586278e-8,-3.1520219943894137e-7,-0.005396616422877931
3.0,0.0003066704442493865,0.0021331659616660495,0.00936450266766044,0.00743779891207139,0.0013896648257160475,0.000400026624296367,0.00074422408987028,0.002207366901582101,0.003942013867311967,0.002829548995660511,0.0010011502263048983,0.00024008505564081706,-5.070196627850259e-5,-0.00043218756190239484,-0.0019308976896579891,-0.016420998241966224,0.03348984098866627,2.870995803170604e-6,2.3435505832970323e-5,7.900617611552293e-5,-0.0005346559145659478,-0.010398652978534064,-0.011160457962589321,0.002355424298980805,-0.024084681830737528,0.003812480909226524,0.000747547814132944,0.00015477442219178123,3.063917058742299e-5,6.639207305324762e-6,1.4784329098134423e-6,7.010866011938873e-8,-3.7080658426694007e-7,-0.00641392797141637
3.5,0.0003611644634307331,0.0024971209263873603,0.010910530464886898,0.008672035712850058,0.0016293223170715516,0.0004694778303365333,0.0008691161240695827,0.002575935553928156,0.004600156470007766,0.0033018891544860656,0.0011683647546163137,0.00028053835439537946,-5.8035627907856714e-5,-0.00050054215952709,-0.002237641019043245,-0.01894963832060016,0.03872664817510415,3.4672798296250966e-6,2.7924444064993153e-5,9.541409343391027e-5,-0.0006089136679727146,-0.012143307942278076,-0.013032285108306977,0.0028070726423465235,-0.028130528429843867,0.004460824220202121,0.0008738671184666567,0.00018112899403557677,3.5952509372436026e-5,7.807328492358011e-6,1.7419272085533582e-6,8.942063431307573e-8,-4.25897101840719e-7,-0.007428656892113816
4.0,0.0004156923816283304,0.0028612471419158657,0.012457200767770635,0.009906827142951711,0.0018692382152707195,0.0005394620567650233,0.0009954432166234964,0.0029453840500638564,0.005254153398588705,0.0037737314074421215,0.0013372648698685753,0.0003217262668912144,-6.512217111097723e-5,-0.0005686873305600215,-0.0025436948433383354,-0.021477988839509625,0.04395779958304322,4.068257574138325e-6,3.243152761207246e-5,0.00011190084397252592,-0.0006828698416851078,-0.013887424123251186,-0.014897337853008166,0.0034561463353136876,-0.0324665887838404,0.005188739191729496,0.001004379861664556,0.00020818765700043507,4.1425346292757914e-5,9.014315514901253e-6,2.015051797730145e-6,1.1123071842843785e-7,-4.802078829538021e-7,-0.008441453253754677
4.5,0.00046846680230604556,0.0032208412435479755,0.01401480591189105,0.01114597205308989,0.0021046927688345087,0.0006079998801482048,0.0011214369013230246,0.003314862078410261,0.005908319597157827,0.004245648571371672,0.0015060049889671118,0.00036237854791912067,-7.374546971746082e-5,-0.0006418092643386288,-0.0028691914866698113,-0.024213416338687215,0.04959281045504567,4.579597982800259e-6,3.658476485406524e-5,0.0001265140098387381,-0.0007653547917968197,-0.01563439556479094,-0.016770571740372303,0.004080530379834132,-0.03681827671938432,0.005911805838616593,0.0011330587266074926,0.00023458726996741626,4.663663632109806e-5,1.0141186990136467e-5,2.2654687167001813e-6,1.2249237308391226e-7,-5.440709193088001e-7,-0.009532352228539228
5.0,0.0005153781337680413,0.0035649105861467897,0.015605913548311078,0.012398636233050297,0.002325801150676347,0.0006718965995707901,0.0012462939560593436,0.003684192265628688,0.006562661548395531,0.004717731403800296,0.0016748107452046834,0.0004030421961470313,-8.240471568712655e-5,-0.0007151200061838432,-0.0031956484670725475,-0.026969880856055867,0.05525170064044503,4.947803818882412e-6,3.987794117354915e-5,0.00013634599632727056,-0.0008674118093853631,-0.0173573868512387,-0.01861286739568336,0.0046841039398285555,-0.0411785246742456,0.00663372541122206,0.0012614039135843606,0.00026089992948169076,5.182487681913232e-5,1.1262576042300265e-5,2.5147292200262093e-6,1.3347463975970005e-7,-6.080431609732462e-7,-0.010628966046243997
5.5,0.0005630550517776581,0.0039107439381118264,0.01719407084485195,0.013650153698877985,0.002548648331460636,0.0007364361847995632,0.001371364939248814,0.004053707929536295,0.007217255243722046,0.005189987467855125,0.0018436526964078137,0.00044363480500224134,-9.1328862435508e-5,-0.0007893477321751528,-0.0035258427127250374,-0.029770669620202746,0.06099112588473317,5.328997173360647e-6,4.328008223426306e-5,0.00014682944717724157,-0.0009663963966139134,-0.01908697462514088,-0.020464905799335582,0.005288765869832111,-0.04554235394987815,0.007355316167871758,0.0013895338215496604,0.0002871234971590993,5.697471362586468e-5,1.2372029534459474e-5,2.760583432138056e-6,1.4282961983059242e-7,-6.735076114192065e-7,-0.011739004774756302
6.0,0.0006188578746109931,0.004274132028447177,0.01874365619302156,0.014884069967125838,0.002789334228031585,0.0008076752600713079,0.0014982606168960156,0.004423808835424326,0.007872196122598792,0.0056624390927686435,0.0020125445282351212,0.00048418077457347303,-0.00010044571136059718,-0.0008642406982237479,-0.003858720067764697,-0.03260397839041995,0.06679464611041942,5.9218694571281845e-6,4.799565542320471e-5,0.00016502505928007858,-0.0010271289377414207,-0.02086319592063881,-0.022383224567978043,0.005933123412809343,-0.049900141367379275,0.008079008753566224,0.0015180319817764882,0.0003134088303747494,6.21277580088359e-5,1.3480071271024082e-5,3.005503859719841e-6,1.513162660173329e-7,-7.399890692820182e-7,-0.012854136729168388
6.5,0.0006747137293714771,0.004637742330660633,0.020293750071453544,0.016118445785384163,0.003030136272626341,0.000878757940678438,0.0016246011249968653,0.004793728586410108,0.008529689016659094,0.006135628662800861,0.0021813702727372553,0.0005261997531908156,-0.00010387894340152107,-0.0009180794489707831,-0.0041010340174879555,-0.034530749133706455,0.07091178778795318,6.653675162360027e-6,5.3027605362168975e-5,0.00018479723449560092,-0.0010778139545117981,-0.022599612117894106,-0.02422675625435175,0.006632026228659823,-0.054152549213513146,0.008803659335364028,0.001651869259572101,0.0003418016874898236,6.811770405113877e-5,1.4836622790357498e-5,3.318292485533164e-6,1.9046990851536843e-7,-7.795742354172864e-7,-0.013673727605998337
7.0,0.0007306147828202953,0.005001563319987041,0.021844388495039002,0.01735326530710088,0.0032709556043688266,0.0009493246179332906,0.001749361389713345,0.005162862492472023,0.00919330804369601,0.006610133496656159,0.002349115030282934,0.000569754496802016,-9.999462484953266e-5,-0.00094461242958138,-0.00422568083529746,-0.035195468775815475,0.0727576287491444,7.569286240731841e-6,5.8466793682279904e-5,0.00020659167961051457,-0.0011155711560090864,-0.024285019704582467,-0.025978552250703658,0.007356962768692985,-0.05819301662848435,0.009503578491441433,0.0017904531199406282,0.00037257706470719996,7.512714725066528e-5,1.6502162379710696e-5,3.7164388652159366e-6,2.694997994167297e-7,-7.831415209322718e-7,-0.014112443722266806
7.5,0.0007865674726192324,0.005365596076873134,0.023395535448886836,0.018588558784784506,0.0035119636541406916,0.0010200602950646439,0.0018745001709353168,0.005532319452107133,0.009856208213506508,0.007084676506296025,0.0025173070927761113,0.000613506061793094,-9.600706736126695e-5,-0.0009709263496168431,-0.004349355251047187,-0.03585433671841809,0.07459244627246683,8.487355054055096e-6,6.39172028919001e-5,0.00022844092363317206,-0.0011531154194627284,-0.0259707038856345,-0.027728835621629238,0.00816481639251248,-0.062344334997079164,0.010228602907808885,0.0019301357946367062,0.0004035412274818766,8.218026976030759e-5,1.8178431874315543e-5,4.1172638524244915e-6,3.4925064759250177e-7,-7.864554888172092e-7,-0.014549746614208395
8.0,0.0008425665766090785,0.005729844562956934,0.024947241353844588,0.019824347827369714,0.003753236053213252,0.0010912301317082432,0.002000762976908612,0.00590249959075559,0.010516142196885769,0.007558927795317958,0.002686814239017913,0.0006578368362703352,-9.180736528242463e-5,-0.0009969930274248842,-0.004472050061758911,-0.03650742211010521,0.0764162115460076,9.409706263023561e-6,6.938532129875483e-5,0.0002503716063283361,-0.0011903371695665434,-0.02765609418517513,-0.029473650491489745,0.009247184159892563,-0.06686286695774228,0.011035811144779816,0.00207317505718358,0.00043506010961676654,8.935878599158227e-5,1.9885322467348007e-5,4.525745169363713e-6,4.310187605122425e-7,-7.89147197463046e-7,-0.014985598826336356
8.5,0.0008986130401807249,0.00609430517674933,0.02649946587323422,0.02106062667247392,0.0039946672779555764,0.0011624490386409703,0.002127085027377771,0.0062728230686706354,0.011176300192887689,0.00803335339641283,0.0028563964763076645,0.0007022020499871937,-8.7550624619798e-5,-0.001022852169422945,-0.004593780033537989,-0.037154785455893895,0.07822891304500153,1.0333689396745129e-5,7.486193134165243e-5,0.0002723443589181698,-0.001227404325750299,-0.029342037673443105,-0.031218669925931718,0.010331397330292763,-0.07138360014854961,0.011843868612882955,0.0022163445135617906,0.0004666108199116687,9.654610898919696e-5,2.159445132958925e-5,4.934775854075423e-6,5.129613865059983e-7,-7.917358556880511e-7,-0.015419970106142164
9.0,0.0009547397269223032,0.0064590906448594755,0.028052355947811438,0.02229720083968517,0.0042361770151605055,0.0012336985582311348,0.0022534616404069514,0.006643291686596827,0.011836690124788314,0.008507957631367571,0.003026055065166554,0.0007466021531298082,-8.323663153497114e-5,-0.0010485043158343912,-0.004714548407724617,-0.037796504547948924,0.08003064296756987,1.1259067404081094e-5,8.034458513346324e-5,0.0002943533514921759,-0.00126433075374707,-0.031028482488995233,-0.03296377867730362,0.011417648943529389,-0.0759065979557095,0.01265268815608183,0.002359633899527374,0.0004981914675848001,0.00010374177168503268,2.3305731237474887e-5,5.344326363094264e-6,5.950731840097202e-7,-7.942202325145013e-7,-0.015852831641712938
9.5,0.001010914493543504,0.006824094363209705,0.029605747349672806,0.02353421582916352,0.0044778520607155975,0.001304998318594388,0.002379896057336352,0.007013898601704854,0.012497302628715953,0.008982734737799607,0.0031957874845522046,0.0007910366504934259,-7.886565613962733e-5,-0.0010739494666592232,-0.004834358785807906,-0.03843265717843508,0.08182137826418229,1.2186132202605827e-5,8.583570242468325e-5,0.00031640529182382223,-0.0013010984461113045,-0.03271542575064022,-0.0347090170822835,0.01250606433142348,-0.080431941052578,0.013462170373277002,0.0025030307899429,0.0005297988563145756,0.00011094514381849513,2.50189989985296e-5,5.754363284167746e-6,6.773472067919698e-7,-7.965992728186338e-7,-0.01628415462113579
10.0,0.0010701066777785379,0.0071950851970568885,0.031146118648102638,0.024765040579159094,0.00472582034834202,0.0013788247936801967,0.002507062116778509,0.007384818846365476,0.013158187405220331,0.009457699121665379,0.003365598056251549,0.000835506667543394,-7.443747334069716e-5,-0.001099188342195263,-0.004953213328681323,-0.03906325199092623,0.08360306662014964,1.319759916457885e-5,9.184320009907207e-5,0.0003415652497297327,-0.0013207930992737277,-0.03442123793403187,-0.0364821742308464,0.013614853343214514,-0.08495562458326449,0.01427335537452352,0.002646762978994594,0.000561488268958838,0.00011816998983077773,2.6737514241764553e-5,6.165597419004066e-6,7.599442732995911e-7,-7.988217151709734e-7,-0.01671188187383093
10.5,0.001129103301154883,0.00756015302191328,0.03269683630444852,0.025996185141387664,0.004970228563982914,0.001452737614467425,0.002634391863900729,0.0077559162842903255,0.013819301236432125,0.009932837817604089,0.0035354842592222094,0.0008800113489260486,-6.995219568471534e-5,-0.0011242211225169663,-0.005071118158876356,-0.039688430163795495,0.08537409456835053,1.422880678873768e-5,9.799215188559448e-5,0.0003680451083759527,-0.0013257738686760386,-0.03613938161613718,-0.03827856530595762,0.014742251969536265,-0.08947992468888666,0.015085532946168836,0.002790661196694273,0.0005932184684672745,0.00012540588791276752,2.845882626638672e-5,6.577498040350543e-6,8.427488914440496e-7,-8.009215873128698e-7,-0.017137451114251176
11.0,0.0011855922977009568,0.00791777224699176,0.03426345813670548,0.02723331105673061,0.005208174627713206,0.0015247318319683708,0.0027612890721808027,0.008127032449958547,0.014480609548055873,0.010408142182041872,0.0037054410513794314,0.0009245497042318845,-6.541039715900882e-5,-0.0011490495183316602,-0.005188080479371224,-0.0403082349149122,0.0871328544040461,1.5203130580597413e-5,0.00010379924920030231,0.0003926772455434425,-0.0013375814407613703,-0.03784858784286637,-0.040063201120612846,0.01586426132755337,-0.09400881741342228,0.015897879067504513,0.0029345351043424577,0.0006249429506117484,0.00013264148211911367,3.018024802388021e-5,6.9894915125881435e-6,9.256324680167562e-7,-8.029393356552297e-7,-0.017562834517833328
11.5,0.0012421453107159662,0.008275645737201425,0.035830489098125355,0.02847085762600164,0.005446334259747739,0.0015968563333378818,0.0028884394651453303,0.008498411524331822,0.015141645587102884,0.010883571158002871,0.003875697127281719,0.0009692196939647018,-6.078408181307179e-5,-0.001173666056549441,-0.00530410137061266,-0.04092278725431045,0.08888079824764562,1.6180155489289868e-5,0.00010961924434788637,0.00041737517741511596,-0.0013491223225780844,-0.039558188792802054,-0.04184711663744601,0.017081424909055773,-0.09865348792868439,0.016729385110906964,0.0030791096816970504,0.000656791864204983,0.00013990693492111484,3.1909204771871655e-5,7.4034193783908455e-6,1.0090924938718629e-6,-8.047097454021975e-7,-0.017986546830468308
12.0,0.0012987605394553562,0.008633756925692371,0.03739794071347332,0.02970879891847916,0.005684649836260746,0.00166891870902024,0.003015244115155269,0.00886964870003415,0.015804903024633124,0.011359457523080877,0.0040455620814666285,0.0010138570902210708,-5.5796300761649254e-5,-0.0011968572154145948,-0.005413360105900606,-0.041429303563973695,0.09047750836052564,1.716972230244259e-5,0.00011546863665033323,0.00044221743896288455,-0.0013598789801410318,-0.04126651625618834,-0.043629265984019484,0.018564862427034406,-0.10359397035350973,0.017598273170678636,0.0032235989037597288,0.0006886796738806087,0.00014720949431560552,3.365149265689792e-5,7.821521313799112e-6,1.0949276912439716e-6,-8.040963667881002e-7,-0.018396690172731336
12.5,0.0013554398747009093,0.008992118777825393,0.03896581010155808,0.030947134934163165,0.005923006109600701,0.0017404495049099188,0.0031403612874425792,0.009239845045383603,0.016474501964188773,0.011836249302521213,0.0042134541399169185,0.0010578331630395619,-5.052595475289036e-5,-0.0012182998513166998,-0.005514130131355585,-0.04179736998866332,0.09188125933044987,1.8171835240550632e-5,0.00012134227147635376,0.00046718660798317717,-0.0013698718519009132,-0.042973792084754416,-0.045415031225659694,0.019999308168347867,-0.10842667317462472,0.01843061620015032,0.0033645082456467733,0.0007200324373302864,0.00015442807148590549,3.5378637405680746e-5,8.23675260915677e-6,1.1816279142476012e-6,-8.010456522819769e-7,-0.01878973652588997
13.0,0.0014121834064898535,0.00935070968466583,0.04053410878714478,0.03218589736615783,0.0061615565032037,0.0018120418862633836,0.0032655310414708995,0.009610151596299831,0.017144262250456566,0.012313168574676053,0.004381405983086439,0.0011018362470263802,-4.521545776787841e-5,-0.001239603649813603,-0.005614286823215082,-0.04216486881866916,0.09328099391971831,1.9175921963510916e-5,0.00012722605799980394,0.0004922093941725994,-0.0013796606993026965,-0.044681779567568684,-0.047201260339097315,0.021435714560332976,-0.11326176162212637,0.019263678086848417,0.0035055151878887075,0.0007514079801985864,0.00016165295126214848,3.710740563822657e-5,8.652391885702704e-6,1.2684603794294992e-6,-7.979100003129496e-7,-0.019181901234514402
13.5,0.0014689867229980284,0.00970955053485052,0.04210279067117282,0.03342504875897641,0.006400296335133901,0.0018836945925594457,0.003390754457686963,0.009980568352782835,0.01781417812105392,0.012790214619247574,0.004549417971124101,0.0011458660720698422,-3.9865110868593716e-5,-0.0012607696913520376,-0.005713833422819293,-0.042531825984712814,0.09467681008883473,2.0181944486867986e-5,0.00013311960230781233,0.0005172841768610513,-0.001389231206427168,-0.04639039515008379,-0.04898801382934939,0.02287407151882022,-0.11809908587406769,0.020097481880303237,0.003646618289889886,0.0007828066176158064,0.00016888430246413653,3.88378142365156e-5,9.068433516110178e-6,1.3554253505706067e-6,-7.946894988079986e-7,-0.019573200145156722
14.0,0.0015258563969430606,0.010068637006592534,0.04367189609032023,0.0346646121621492,0.0066392284865825915,0.0019554076237981053,0.003516029735346215,0.010351092433641323,0.01848424957598084,0.013267391758022712,0.004717488663434262,0.0011899229983188594,-3.447548241503649e-5,-0.0012818004969743803,-0.005812779654188819,-0.042898235724411704,0.09606870207541658,2.1189843723691122e-5,0.00013902326454928995,0.0005424135221095244,-0.0013986015607943348,-0.048099661881830034,-0.05077525712212047,0.02431437616261831,-0.12293878422763052,0.020932010293367047,0.0037878171915013983,0.0008142281695074906,0.0001761218549801864,4.056984350490426e-5,9.484874686715826e-6,1.4425224759630026e-6,-7.913844994750448e-7,-0.019963624614243062
14.5,0.0015883663629837268,0.010437922175197083,0.04521754284999882,0.035891918977581844,0.006889127172372132,0.002031833023463131,0.003642643326358853,0.010722053735277804,0.019154557288593395,0.01374472015934048,0.004885624182548408,0.0012340081062201646,-2.9046535829582964e-5,-0.001302696606903998,-0.005911133800748612,-0.043264170067548034,0.0974604327152863,2.2360006926913276e-5,0.00014592890607986565,0.0005737359430134476,-0.0013701400728024025,-0.04984754233922123,-0.0526258232370244,0.025798451864467286,-0.12777306594157148,0.021768938738773957,0.003929506976078644,0.00084576875061427,0.00018338984007921824,4.2309182670721476e-5,9.902934417173582e-6,1.5300228344867418e-6,-7.879062839910343e-7,-0.020349139533374246
15.0,0.0016528877606924927,0.010810835483931342,0.04675485720447183,0.03711537075907082,0.007143201424636149,0.002110018470856358,0.0037697809340370386,0.011093242651026054,0.019825047956852755,0.014222181095457509,0.0050538259690621826,0.001278121755922669,-2.3578219059460835e-5,-0.001323460182034357,-0.006008906666966003,-0.0436297039250953,0.09884967400588297,2.3589988613326745e-5,0.0001532022371392956,0.0006073183433526953,-0.001327974828708568,-0.0516096097825157,-0.05449938125840847,0.02730329519312187,-0.1326112891251947,0.022607598780145097,0.00407144490325559,0.0008773683061052305,0.00019067312025231538,4.4052311841094604e-5,1.0321876934512865e-5,1.6177679817234462e-6,-7.843024208522725e-7,-0.020732333652922753
15.5,0.0017175154023300124,0.011184130550511293,0.04829267864861157,0.038339004055610956,0.007397411813188535,0.0021883081813593285,0.0038971407535933296,0.011464736252753035,0.020495525659751317,0.014699869645686307,0.005222296426663586,0.0013223454311174928,-1.8048382946641785e-5,-0.0013440869005785247,-0.0061061014941811926,-0.04399484882181865,0.10023522737163071,2.4822664382414515e-5,0.00016048781326170053,0.000640965255365631,-0.001285530379171458,-0.053372293800745846,-0.056372622348750824,0.028958951598567904,-0.13761839621736924,0.02346245831953435,0.004213925574841456,0.0009090669025467241,0.00019798081176878823,4.580198840612371e-5,1.0742706716555842e-5,1.706166426423273e-6,-7.803922201143831e-7,-0.021114614434832892
16.0,0.001781913809185662,0.011556652017230353,0.04983252557022694,0.0395637638979448,0.007651161211134804,0.0022665033527731536,0.004024597453206688,0.01183656983505203,0.02116653926422949,0.01517798605282141,0.005390950920358525,0.0013666322224089747,-1.2471156301725307e-5,-0.0013645818046212556,-0.006202727286116955,-0.04435961340129196,0.10161691994105221,2.6052117100114907e-5,0.00016775176919479025,0.0006744976400248594,-0.0012434204179354665,-0.05513475308605551,-0.058245195002714314,0.03062930784196652,-0.142644887964531,0.02431984754487467,0.004356627377858695,0.0009408137589422958,0.00020530097344130548,4.7554844410758004e-5,1.1164360198549634e-5,1.7948203869276538e-6,-7.763557562328807e-7,-0.021496144666412444
16.5,0.0018384152308691664,0.011902695336010521,0.051427259185883215,0.04080460655004957,0.007882229871260076,0.0023385421387018394,0.004150662537427827,0.012208327786079706,0.021837882765110166,0.01565642803457208,0.005559762438978673,0.0014109752869678048,-6.848545970108214e-6,-0.0013849470550560158,-0.006298795567538443,-0.04472406681210613,0.10299074109587425,2.7105257230222764e-5,0.0001739698301809432,0.0007025408150566309,-0.001219772320139444,-0.056871673491786255,-0.0600857806709958,0.03230189124623094,-0.14770391412371955,0.025178410855664947,0.004499113811827138,0.000972501730990914,0.00021260672915738156,4.930459413103467e-5,1.1585495263067977e-5,1.8834414627414275e-6,-7.722801648451752e-7,-0.0218809565748693
17.0,0.001894946364837831,0.012248811404870717,0.05302187179150538,0.042044832627218656,0.008108820439825606,0.0023916529384624564,0.004206373612326077,0.012371893015512886,0.02215560037203786,0.01587211113321817,0.005628185329840623,0.0014270737632163702,-8.415475802839343e-6,-0.0014069734023056722,-0.00639475148249969,-0.04508839056931233,0.10436089737537764,2.805625856642997e-5,0.0001797807203138703,0.0007289286556560827,-0.0012029292360173252,-0.058639238248058674,-0.06207041437892395,0.032311935079061736,-0.14900681187379036,0.0253112942790697,0.004544256677080137,0.000982830981833697,0.00021480208437248298,4.980223551617648e-5,1.1699756022171312e-5,1.8970441182912116e-6,-7.869098954510473e-7,-0.02226494446261772
17.5,0.001951553670301178,0.012595198305712006,0.05461677827863895,0.04328532953636884,0.00833526550823108,0.002443418041817011,0.004257170455333329,0.012523589177434178,0.022459207344631416,0.016074419741904267,0.005689858669960967,0.0014411816964336752,-1.0266906393303611e-5,-0.0014281926558457113,-0.006486093169612827,-0.045393661429874846,0.10564844413826473,2.900779731234035e-5,0.00018558457628837884,0.0007553145604551379,-0.0011859688333874382,-0.06040861239246011,-0.06406623863381561,0.03221226026644519,-0.15005797417862538,0.02538708113471547,0.004581832813712406,0.0009916267186133162,0.00021665169663299608,5.0217509719900494e-5,1.1794135435920468e-5,1.9064679561784981e-6,-8.01605131657192e-7,-0.022642927947721454
18.0,0.002008237507408119,0.012941848835556168,0.05621195559775361,0.044526126089413,0.008561766039568852,0.002494590880287378,0.004306008808562403,0.012673756867377059,0.022769837220990047,0.016277359331482485,0.005749165831735847,0.0014544927101480998,-1.1922278106662803e-5,-0.0014478133884441456,-0.0065691845654720984,-0.0455879949010751,0.10678361045629957,2.9969347072512e-5,0.00019140919709853896,0.0007818196295251298,-0.001168285972042026,-0.06217758893246377,-0.0660672029339655,0.03207643226554387,-0.1510211564262828,0.025432583788730586,0.004615551395358636,0.0009997875128627905,0.00021838711917940583,5.060904785945697e-5,1.1883270884568597e-5,1.9158615471845847e-6,-8.144989198923471e-7,-0.023010493045126923
18.5,0.0020663799476047296,0.013291027610755759,0.057801727802011545,0.045764191273115915,0.00879106708883879,0.0025469966885546544,0.004355168414620114,0.012823921676128653,0.023080301428849603,0.01648018079221789,0.005808440580108735,0.0014678024633413356,-1.3556351091746477e-5,-0.0014673481354900717,-0.006651923735696384,-0.0457840570870483,0.10791939911165266,3.0974488919235066e-5,0.0001975035694430602,0.0008100242413062703,-0.0011392230353686745,-0.06395743332600666,-0.06808825489977695,0.03195375114049076,-0.15198149205694747,0.025478561839308262,0.004649370098402133,0.0010079736075732644,0.00022012945208304597,5.100229107901409e-5,1.1972777736781227e-5,1.9253690915570517e-6,-8.273159478737598e-7,-0.023376551279488646
19.0,0.0021300270838319714,0.013649296544469735,0.059369320595732626,0.04699044357253706,0.009030722419300828,0.0026040822717718487,0.0044056202349706,0.012974335707926677,0.023390667676205363,0.016682902851853847,0.005867689037611117,0.0014811114962367492,-1.5169218902861603e-5,-0.0014867988778025003,-0.006734317883263902,-0.045981896968046346,0.10905857604796072,3.214465493612059e-5,0.00020462418610956012,0.0008447247689584231,-0.001066199512280006,-0.06577754524899393,-0.07018574487046533,0.031880940555445735,-0.15293297666797465,0.02552627148585017,0.004683585325396673,0.001016257032526944,0.0002218967703173888,5.1401488010256674e-5,1.206357183998445e-5,1.9351880732935003e-6,-8.399910617090785e-7,-0.023738028419702073
19.5,0.0021937921688275756,0.014007987572707438,0.06093733980576437,0.04821681111960973,0.009270520368731635,0.0026612098123371783,0.004456060530555933,0.013124661863390412,0.02370084952731867,0.016885503901455698,0.005926902920818041,0.001494418728387608,-1.6761527275751006e-5,-0.0015061669659398474,-0.006816375651748519,-0.046181505900495363,0.11019751096420058,3.331682428132371e-5,0.00021175635005051997,0.0008794921042335718,-0.0009928690522819127,-0.06759851000460253,-0.07228421444619171,0.031808801287970874,-0.15388363149591083,0.02557402146907011,0.004717799471944481,0.0010245413578529013,0.00022366480884955368,5.180096068050926e-5,1.2154441912098593e-5,1.9450545355992734e-6,-8.526087592263056e-7,-0.024099022960374722
20.0,0.0022576094754152786,0.014366829863487774,0.06250545697629992,0.04944373185540974,0.009510641731884545,0.0027184191067053114,0.0045065001058434435,0.013274910226689364,0.024010854185167758,0.017087988262810376,0.0059860843906229715,0.001507724339868367,-1.833364339348413e-5,-0.001525454290683896,-0.006898102083234989,-0.04638286659724763,0.11133624995943282,3.449168630236945e-5,0.00021890325758752507,0.0009143395726414245,-0.0009191849260531883,-0.06942032759283244,-0.07438370396363411,0.03173731028853587,-0.1548335256893469,0.02562181467015938,0.004752011817747733,0.0010328264034766806,0.00022543363520746145,5.220068658046492e-5,1.2245382325796922e-5,1.9549672474966487e-6,-8.651694800603426e-7,-0.024459550748058678
20.5,0.002321512137294896,0.014725953070418712,0.0640738334540514,0.050670946472721155,0.009750988548255759,0.0027756910669839634,0.004556932478152733,0.013425070713654026,0.02432066580320053,0.017290351614130946,0.006045232006430265,0.001521027700418432,-1.988630584269492e-5,-0.0015446626527792018,-0.006979508702488464,-0.046586042444511484,0.11247481608318778,3.566891180064383e-5,0.00022606313048532722,0.0009492580804219779,-0.0008451797270702812,-0.07124302682559656,-0.07648414427420164,0.03166645891356684,-0.15578260162445715,0.025669639564352812,0.0047862223628064296,0.0010411115391376876,0.00022720322688180513,5.260068259210385e-5,1.2336393081079437e-5,1.9649283192331517e-6,-8.77672344941387e-7,-0.024819598817393138
21.0,0.0023854999743919717,0.015085361515287186,0.06564243466472337,0.051898512595369733,0.009991574503503898,0.0028330256931731346,0.004607359448228358,0.013575147646071328,0.02463029878737343,0.01749259539601306,0.0061043482892823,0.0015343290801494863,-2.141951462338338e-5,-0.0015637935828586359,-0.007060601992189344,-0.046791013273947905,0.11361330153358667,3.684846701218643e-5,0.0002332357211415501,0.000984249428319787,-0.0007708554361522018,-0.07306654431668654,-0.07858559876410262,0.03159625580663768,-0.15673090540030213,0.025717504795224284,0.004820432187567305,0.0010493977552454277,0.00022897358387258477,5.3000943088099314e-5,1.2427479805272871e-5,1.9749386300785844e-6,-8.901162108186959e-7,-0.025179168608973755
21.5,0.002449570465664129,0.015445047995114975,0.06721131823214159,0.05312638988667744,0.010232395275842026,0.002890422625123914,0.004657779575474673,0.013725142464536915,0.024939750256495172,0.017694718167861063,0.006163428557243232,0.001547628118912619,-2.2934006915351776e-5,-0.001582848881666754,-0.0071413891553158484,-0.04699777044198304,0.11475168326109918,3.803036881897745e-5,0.00024042159228886722,0.0010193127159625742,-0.000696193190499735,-0.07489092616516298,-0.08068805590857192,0.03152669520536578,-0.15767840244258638,0.025765404600391215,0.004854639131136891,0.0010576840613903955,0.0002307447286891073,5.3401479323104786e-5,1.251863968471386e-5,1.98499554222354e-6,-9.025024845239529e-7,-0.025538254360417945
22.0,0.0025113844439342303,0.015796098104056275,0.06879831296799767,0.05435877912354253,0.010466246446453912,0.002946083639323531,0.004707765363134287,0.013874950005568766,0.0252489856362703,0.017896714167292386,0.006222476411802171,0.001560924456558919,-2.4430059864441795e-5,-0.0016018308901714774,-0.007221882436930953,-0.04720636581006007,0.1158887626901494,3.916479287010665e-5,0.00024732708750894783,0.0010529495438060012,-0.0006258459339689272,-0.07670940157149854,-0.08278334464911608,0.031452965520299817,-0.15862697128802988,0.025812857820908468,0.0048887221834810835,0.0010659411054363423,0.00023250907569493412,5.380049055256512e-5,1.2609497095342849e-5,1.9950183387001657e-6,-9.148564890274649e-7,-0.02589802007300616
22.5,0.0025672005022400455,0.016124319093825234,0.07043186199268905,0.05560235890737113,0.010681684643840502,0.002997149873716233,0.004756637210212085,0.01402440171947652,0.025557973233594634,0.018098573310137516,0.006281485370278719,0.0015742170126416533,-2.590850209451514e-5,-0.0016207403286706285,-0.007302083277630302,-0.04741672158601421,0.11702262670972197,4.0172385417622745e-5,0.00025348633167606826,0.0010827723946816251,-0.0005671714187748842,-0.07851117759312748,-0.08485837861490393,0.03136742006976079,-0.15957958532604205,0.02585907212917178,0.004922490105528126,0.0010741208975408732,0.00023425464993877352,5.419514623113269e-5,1.2699428810723959e-5,2.0048649295084068e-6,-9.27226496241379e-7,-0.026260338521075753
23.0,0.0026276822896882488,0.01645971280930626,0.07204736323515094,0.056835992818872735,0.010905449484050094,0.003051830922728939,0.004805418659913216,0.014173038056249705,0.02587150446958052,0.0183006888790073,0.006338972339457256,0.0015869707859534872,-2.743239905628913e-5,-0.0016392739517811202,-0.007380237031919358,-0.0476090122925911,0.11813291105979158,4.1324242926976474e-5,0.0002605437196993756,0.0011184263265385007,-0.00046475506261036114,-0.08034628323557874,-0.08701811960456594,0.031316973291495055,-0.16048590438243485,0.02589277342367028,0.0049542404733755796,0.0010819383798409085,0.00023592466043921757,5.4572036439198384e-5,1.2784951515608323e-5,2.0138572217767153e-6,-9.39427683653248e-7,-0.026617476587209095
23.5,0.0026897399086966613,0.01679762900776013,0.07365710209503634,0.05806655538046108,0.011131916881688051,0.0031070806468721603,0.004852158065288809,0.014319669083886277,0.026194137388845944,0.018503416701025833,0.006393496003395841,0.0015987458545995983,-2.876162146333481e-5,-0.0016559747770833826,-0.007448643716080311,-0.04769668118110956,0.11910155604613151,4.2531712492787225e-5,0.0002679114660467626,0.0011560862878298112,-0.00034742541273555006,-0.08219151914659943,-0.08921032585766381,0.031253768598205015,-0.1613113887360449,0.025900054194055656,0.0049817792598574545,0.0010890263805216533,0.00023745792690000505,5.4919113070222904e-5,1.2863476639697919e-5,2.022306301161152e-6,-9.50024115748906e-7,-0.02696725897198357
24.0,0.002751894227687686,0.017135866459042644,0.07526699653925133,0.059297377249265364,0.011358642145946308,0.0031624024007975873,0.0048988945894731135,0.0144662136757842,0.02651657726829506,0.01870602351301026,0.006447986533634612,0.0016105182221288767,-3.0078579111761918e-5,-0.0016726278826549334,-0.0075168861723378345,-0.04778684806247492,0.12007163010335041,4.374178469721284e-5,0.00027529368587851167,0.0011938270125144198,-0.00022969226102454425,-0.08403766551406722,-0.09140374221110271,0.031191223697719976,-0.16213618160374574,0.025907383944692927,0.0050093151651480405,0.001096114381202398,0.00023899157601901051,5.526635852104947e-5,1.2942048189233076e-5,2.0307896720678786e-6,-9.605735948371202e-7,-0.027316854079324313
24.5,0.0028141475876292434,0.017474417960175573,0.07687705809256101,0.06052852757387651,0.011585626717420503,0.0032177969048030426,0.004945630393359596,0.014612681916112986,0.02683882122673657,0.018908503552578008,0.006502446091067034,0.001622286988169045,-3.138355055424382e-5,-0.0016892348891658726,-0.007584972323967971,-0.04787949564953945,0.12104314475621342,4.49545129998573e-5,0.0002826910319645239,0.0012316539928632201,-0.00011157263576804331,-0.0858847453875124,-0.09359833985296981,0.03112932130289222,-0.16296028298553744,0.025914759794390813,0.005036847829098428,0.0011032016615853209,0.000240525585286927,5.561373902771768e-5,1.3020664757382113e-5,2.03930891718254e-6,-9.710752416480884e-7,-0.027666250384466167
25.0,0.0028764942261387573,0.01781327198639377,0.07848725794305254,0.06175990839379072,0.011812874197599752,0.003273264519037437,0.00499236295590588,0.014759057958320549,0.02716087214536177,0.019110868344494224,0.006556873955395287,0.0016340528730179249,-3.267704506385002e-5,-0.0017057970571373886,-0.007652910094246764,-0.04797464699183346,0.12201612305425084,4.616979048151264e-5,0.0002901028740442051,0.0012695626369775962,6.943809577570581e-6,-0.08773278757884784,-0.09579420521900373,0.031068058532530446,-0.1637837044061851,0.025922178861958023,0.005064378332155349,0.0011102887618937882,0.00024205995470375454,5.596127709953446e-5,1.3099327750976713e-5,2.0478642123590963e-6,-9.815282648389883e-7,-0.02801544788740913
25.5,0.002938942066492271,0.01815244294365367,0.08009759032834332,0.06299156004568601,0.012040383866186229,0.00332880524350077,0.005039094798154341,0.014905359089554617,0.02748272714297937,0.01931310636399376,0.00661127084691719,0.0016458147962287834,-3.3959197696422165e-5,-0.0017223154670162144,-0.007720699483174212,-0.04807223294076603,0.1229905649974627,4.73876396514858e-5,0.0002975295497571594,0.0013075544754904203,0.00012585366555571196,-0.08958174022663036,-0.09799126339823097,0.031007452673782396,-0.16460643434092356,0.025929641147394555,0.005091903793127515,0.0011173751419044334,0.0002435946842694931,5.630896710917309e-5,1.3178037170016874e-5,2.0564539749119036e-6,-9.91934950511306e-7,-0.028364460994109646
26.0,0.0030014840857860185,0.018491926510168347,0.08170806677319853,0.06422349981671013,0.012268149960797359,0.00338441835789522,0.005085823038913692,0.015051576666241327,0.027804380457206797,0.019515220492267896,0.0066656338844414565,0.0016575732980249871,-3.523051772502974e-5,-0.0017387922796958163,-0.007788355617004579,-0.04817228807063261,0.12396652820967476,4.860816180165801e-5,0.00030497119415922826,0.0013456297785133754,0.0002451549168799939,-0.09143160909324254,-0.10018955472732959,0.03094745474639616,-0.16542848431451804,0.025937143769509122,0.005119425652610571,0.0011244614318778507,0.0002451297064562218,5.665680905663355e-5,1.3256791607670913e-5,2.0650799633805666e-6,-1.0022929246365754e-6,-0.028713281060993853
26.5,0.003064125686253666,0.018831724126533438,0.08331870456476587,0.06545569313256762,0.012496177523517896,0.003440103502071876,0.005132551279673043,0.0151977049259981,0.028125846494000482,0.019717209288720998,0.006719968110052841,0.0016693281983320807,-3.649141875818777e-5,-0.0017552287556973829,-0.007855879216035687,-0.048274769163563894,0.12494393201753091,4.983122187618763e-5,0.00031242710946189674,0.0013837893563815114,0.00036484752626937683,-0.09328236536677151,-0.10238903310723896,0.03088810220585849,-0.1662498428022033,0.025944701134258168,0.005146945351200161,0.001131547001553446,0.00024666513381047553,5.700479168726238e-5,1.3335588250275465e-5,2.0737420019111245e-6,-1.0126030664845985e-6,-0.02906189656329659
27.0,0.0031289272798152128,0.019174701137485102,0.08492145941696859,0.0666835300871973,0.01272800969933455,0.0034976534973098434,0.005179793813077344,0.01534388792838935,0.028447145421699453,0.01991908283752257,0.006774269922262232,0.001681079857298975,-3.77422243671835e-5,-0.0017716265156910139,-0.007923276042650113,-0.04837967910075116,0.12592433226432684,5.112269336183265e-5,0.00032031290750849284,0.001424779614653112,0.0005078003755869102,-0.09514404711766546,-0.10463857506697272,0.030856115220176488,-0.16706706389919868,0.025952981678020556,0.005174621354417138,0.0011386711071625216,0.00024821048776908945,5.735518844106046e-5,1.3414902606939622e-5,2.0825369860357927e-6,-1.0228367997868004e-6,-0.029408633528879402
27.5,0.0031970346802311003,0.019522460925975236,0.08651188853284024,0.0679044521827352,0.01296560857951461,0.0035580616343057407,0.00522784235974453,0.015490191940814706,0.028768288765068862,0.020120849782246476,0.006828543642856563,0.0016928282749256699,-3.898302740290806e-5,-0.0017879875404957198,-0.007990561943399942,-0.04848703805053342,0.12690848958456263,5.251895129860708e-5,0.0003288586334159367,0.0014701310061255972,0.0006866867448628129,-0.09702209979745917,-0.10696517160651907,0.030866323280910712,-0.1678782229697236,0.025962394529959226,0.005202545140084903,0.001145855447676967,0.00024977135064018456,5.770923732990945e-5,1.3494994941524869e-5,2.091520133898157e-6,-1.032976451220154e-6,-0.0297525325210433
28.0,0.003261726068225872,0.019855329277292118,0.08813297352401872,0.06913072176930407,0.013191825313510491,0.003615892545694311,0.0052752732510293,0.01563626401734136,0.02908921313790036,0.020322479870384193,0.006882782068857614,0.0017045720106165215,-4.021484078417372e-5,-0.0018043123703348673,-0.008057732596498241,-0.048596765339554614,0.1278923818351999,5.384672466901854e-5,0.00033700349107609775,0.001513497706986626,0.0008601334700051391,-0.09889207361688067,-0.10928245613582184,0.03087115791989237,-0.16869127210173362,0.025971153351475464,0.005230288851297154,0.0011529962101731776,0.0002513216791556321,5.806088335024266e-5,1.3574585037199032e-5,2.1004167616119736e-6,-1.0431088926411286e-6,-0.03009789227719033
28.5,0.003321570572176008,0.02016709578361396,0.08979713232495634,0.0703644248293966,0.013401852633657773,0.003669798914399392,0.005320990913944302,0.015781232597604618,0.029413298177575056,0.02052414165162608,0.006935919879786557,0.0017159273257068277,-4.154078808705972e-5,-0.0018206294569724276,-0.008124804568794919,-0.04870888977972763,0.1288753405798598,5.507547397087708e-5,0.00034457262819267113,0.0015540085170204186,0.0010256411625899577,-0.10075071859215681,-0.11158834267238836,0.030860975789879744,-0.1694879445424613,0.025971660441142196,0.005256230377358612,0.0011597558450842911,0.00025278262321322344,5.8391010473141855e-5,1.3649038790395972e-5,2.1081103723822585e-6,-1.0535095992787907e-6,-0.03044536682774293
29.0,0.0033815242012461867,0.020479203711103455,0.0914613026506591,0.07159826618667095,0.013611908765717936,0.003722788704125903,0.0053635122552739166,0.015923056357576768,0.02975017858776081,0.020726340775043223,0.006985027624401081,0.0017259765607712853,-4.271304184216387e-5,-0.0018348956756361302,-0.008180876873050932,-0.048727508037832205,0.12973080084763264,5.6312630498877465e-5,0.00035216258641816337,0.0015946641069164449,0.0011921341325581254,-0.10260917917119051,-0.11390244636650892,0.030825479513208673,-0.1702076776510279,0.025946164779432592,0.005276911208276662,0.0011655251605273012,0.00025404289679945057,5.867503853542927e-5,1.3712333554677733e-5,2.114121940020708e-6,-1.0627454492823415e-6,-0.03079136620835595
29.5,0.0034415858749896736,0.02079165738154754,0.09312551907542249,0.07283236108877868,0.013822254457502566,0.0037758602476552173,0.005406037918390464,0.016064799444192847,0.030086845789791233,0.020928413126043682,0.007034108717996188,0.0017360232747933655,-4.387312368954056e-5,-0.0018491168756859541,-0.008236787830594804,-0.048747463168694535,0.1305868719279586,5.755278639202752e-5,0.0003597694041145532,0.001635414776124983,0.0013590990776741973,-0.104468527157141,-0.11621802523056907,0.03079065167291647,-0.17092676537274595,0.025920752672270345,0.005297597081279467,0.0011712964567893221,0.0002553042958510246,5.895942111930098e-5,1.3775722576682302e-5,2.120188374094823e-6,-1.0719169367363627e-6,-0.03113735694539511
30.0,0.003501756673853203,0.021104456794946214,0.09478975854971618,0.07406668072380689,0.014032889709011665,0.0038290146254340686,0.0054485639416559225,0.016206458976261565,0.030423302664857616,0.021130363026414394,0.007083158118487125,0.0017460665674007912,-4.502795242741029e-5,-0.0018633197081413153,-0.008292676458906191,-0.04876987307453444,0.13144506356507268,5.879577845785193e-5,0.0003673926310957018,0.0016762596242737553,0.001526523572800743,-0.10632877407477341,-0.11853504469027332,0.03075647498185541,-0.17164526533144117,0.02589537513940356,0.005318281153537716,0.0011770672128279763,0.0002565658749770542,5.9243899367727185e-5,1.3839142548983911e-5,2.126283296510532e-6,-1.0810473622906155e-6,-0.031483347682434264
30.5,0.003562037318134596,0.02141759907010819,0.09645405564783563,0.07530122509175557,0.0142438101984583,0.003882253638207012,0.00549109320626158,0.01634803639437857,0.030759552094151245,0.02133218327317713,0.007132179427363001,0.0017561053581468288,-4.617757026072355e-5,-0.0018775045331511254,-0.008348539876793806,-0.04879469165629131,0.1323053411846795,6.004164608763784e-5,0.0003750324024174509,0.001717198291213851,0.0016944190526656873,-0.10818998907267867,-0.12085350474562169,0.030722946558834202,-0.17236314295281815,0.025870072517510268,0.005338961984455766,0.0011828370684943532,0.0002578275441403115,5.952846765338114e-5,1.3902589251087511e-5,2.1324038936044695e-6,-1.0901391879005465e-6,-0.03182933841947342
31.0,0.003622900683354035,0.021731703663160434,0.09811652607067835,0.07653491662708294,0.0144558168970206,0.003935990736923909,0.005533747082390454,0.016489569154030607,0.031095596958863412,0.021533882509905768,0.007181171204028173,0.0017661400071803898,-4.732253148116374e-5,-0.0018916738717577608,-0.008404391769916269,-0.04882192467634772,0.13316811967832445,6.13058081566387e-5,0.00038278719629766,0.0017588952516861193,0.0018688614995097826,-0.11004992482165195,-0.12319121115877549,0.03069736734257724,-0.17307957997855103,0.025844977341389727,0.005359677749818185,0.0011886153876601389,0.00025909166681802525,5.9813649317649193e-5,1.3966176636359483e-5,2.1385737298073364e-6,-1.0991848518458558e-6,-0.0321749315521148
31.5,0.00368785894169188,0.022051330059316584,0.09976387600164038,0.07775982629136377,0.014674699558592274,0.003993295110604554,0.005577426302469029,0.01663127478515994,0.03143150352639374,0.021735470820769803,0.007230135609376106,0.0017761712347992957,-4.8462701032889214e-5,-0.0019058279040356778,-0.008460230697677935,-0.048851543322790784,0.13403580772192455,6.270275825460152e-5,0.0003913830054130439,0.001806264557507103,0.002094725287572855,-0.11189223920470638,-0.12567876256844787,0.03073334189700216,-0.17378841065928294,0.02582131987972202,0.005380708285328845,0.0011944698783206075,0.0002603749674252513,6.010329345201798e-5,1.4030671428067446e-5,2.144938412198397e-6,-1.1081479523567274e-6,-0.032517156572140236
32.0,0.0037529288461921437,0.0223712949954491,0.10141117983354182,0.07898491458950446,0.01489387610167535,0.004050685199726024,0.005621108043589981,0.016772905505315776,0.03176719112338616,0.02193692947802587,0.007279071202811157,0.001786197960556814,-4.959858256164274e-5,-0.0019199671702082423,-0.008516059541270092,-0.04888348997179475,0.13490559327278254,6.410262330781297e-5,0.0003999963717878405,0.0018537336245764418,0.002321104988950977,-0.11373545251944274,-0.128167950494772,0.030770025224483986,-0.17449663052746175,0.025797717160688786,0.005401737020094949,0.0012003235586460262,0.00026165831305109124,6.0393016368961046e-5,1.4095191542745716e-5,2.1513280658518438e-6,-1.1170729804851588e-6,-0.032859384473356956
32.5,0.00381811147730156,0.022691612877514426,0.10305849519020842,0.08021019304627018,0.015113349407461115,0.00410816136443723,0.005664793386200044,0.016914449789732965,0.032102668393414545,0.02213826424405654,0.007327977264035505,0.0017962201844529443,-5.073109894900884e-5,-0.0019340947315411986,-0.008571886944266605,-0.04891775309859446,0.13577746480613317,6.55054877261741e-5,0.00040862653010561385,0.0019013010122984919,0.002548000243495238,-0.11557949561727011,-0.13065879798727814,0.030807402919066276,-0.17520421653355717,0.025774163421907453,0.005422762153371944,0.0012061764286363953,0.00026294183875138664,6.068282369580514e-5,1.4159744014552713e-5,2.1577456802850044e-6,-1.1259572104947624e-6,-0.033201612374573676
33.0,0.0038834061147223066,0.02301226929955612,0.10470582207164016,0.08143570199833895,0.015333109391780057,0.004165725045333816,0.0057084826904481275,0.017055909079007153,0.032437941098861466,0.022339465034692307,0.0073768516321556805,0.0018062375463387757,-5.186019954904689e-5,-0.001948211488406824,-0.008627724431432626,-0.048954378802250516,0.1366514914705674,6.69113233730512e-5,0.0004172742456827999,0.0019489669007477083,0.002775416453439303,-0.11742438002295365,-0.13315130504596628,0.03084547786194032,-0.17591120325186463,0.025750667306951885,0.005443784045308739,0.0012120282181800313,0.0002642255220168307,6.0972743569183925e-5,1.4224331657151801e-5,2.164194596723127e-6,-1.1348002027506374e-6,-0.03354380282030365
33.5,0.00394881167800765,0.02333326714276547,0.10635307980448097,0.08266137229711988,0.015553164698206046,0.004223371200331028,0.005752173435291855,0.01719728913552091,0.03277299195257919,0.022540546255889617,0.00742569574776733,0.0018162505864376748,-5.2985985653638117e-5,-0.001962318341177396,-0.008683566960683403,-0.04899326912225913,0.1375276386917898,6.832008522983045e-5,0.0004259387982215766,0.0019967305696262693,0.003003341733869109,-0.11927010573649334,-0.1356454716708365,0.030884235647149677,-0.17661760220714925,0.025727223053439507,0.005464803056054245,0.0012178799176864393,0.00026550931782880937,6.126273659781026e-5,1.428895025004793e-5,2.170670770525122e-6,-1.143603188230507e-6,-0.033885987503651044
34.0,0.004010657889605289,0.023636463545600454,0.1080373435582279,0.08389061527309821,0.01576036701029521,0.004278369900683262,0.005795228877456527,0.017338418528392595,0.03310788434077606,0.022741489179905088,0.007474482959851037,0.0018262488604312216,-5.411163107506098e-5,-0.0019764167304485588,-0.008739422455294975,-0.049034418296237725,0.13840403945784555,6.966079019707855e-5,0.00043420871759109267,0.002042587250020929,0.00322652727455531,-0.12110830577838817,-0.13813155943533445,0.03091819336767283,-0.17732553395619927,0.025703015284235745,0.005485611379686799,0.0012236800258613426,0.00026678082355919923,6.154987657178204e-5,1.4352948430171546e-5,2.177027891195883e-6,-1.1524127682338939e-6,-0.03422979717888501
34.5,0.004067901037971058,0.023916678126124816,0.10976904324534437,0.08512422037268694,0.015950626477013903,0.004328604551240397,0.005833049555199384,0.017474387707667047,0.033461671581441185,0.022942678445775702,0.007517540202760264,0.0018344091144573292,-5.526811987431748e-5,-0.001988670436997428,-0.008785345042940353,-0.04900856824799967,0.13918617916971535,7.091454171161997e-5,0.0004419599775101123,0.0020859734889603814,0.003443793227665374,-0.1229361450564105,-0.14061575713834734,0.030921780450826684,-0.17795726395805797,0.025651205702490677,0.005499415887446562,0.0012280364771263838,0.0002677351506455067,6.176144154770497e-5,1.4398466469297957e-5,2.1796447739815426e-6,-1.1609859125874374e-6,-0.03457844149310063
35.0,0.004125262675328557,0.024197275905090517,0.1115006507343396,0.08635805020519614,0.01614121007775252,0.004378930679620933,0.005870876355473728,0.01761027621358543,0.03381522544561196,0.02314373805803835,0.007560575836734829,0.001842578192131757,-5.637578598682254e-5,-0.0020007312838044413,-0.008830345649373496,-0.04897803338272694,0.1399613463986676,7.217223798220251e-5,0.0004497312707123079,0.0021294751556258187,0.0036616645910948786,-0.12476457209745563,-0.1431016028827771,0.030926087831802597,-0.17858822180065143,0.02559962373485738,0.0055132776588831785,0.0012324115660975706,0.0002686965006355793,6.197491981471773e-5,1.4444431880899786e-5,2.1824556236855935e-6,-1.1693712449112057e-6,-0.0349274920552879
35.5,0.004186020877065976,0.024482329446383472,0.11321999587321209,0.0875841987817309,0.016337218961686887,0.004432192741924182,0.005909555988369391,0.01774630445728129,0.03416860355711415,0.023344686744436398,0.007603587700881266,0.0018507440284659855,-5.74825798636837e-5,-0.0020127928509092764,-0.008875404599930225,-0.048949578737564316,0.14074114658321138,7.354044369520378e-5,0.00045820881592903255,0.0021778244266337137,0.003927441161924979,-0.12644942361422537,-0.14585390119754296,0.03098914558433694,-0.1792126105271077,0.025549266273521585,0.005527404139769401,0.0012368502213515543,0.00026967347208466775,6.219194329757345e-5,1.449106975804643e-5,2.1853844713971153e-6,-1.177712174109957e-6,-0.03527384294123808
36.0,0.004247242230302978,0.024768074473585606,0.11493758924778134,0.08880995551625047,0.016534231940785203,0.004485896346792354,0.005948345466682918,0.017882277958342675,0.03452177710403488,0.02354550865841776,0.0076465707531148215,0.0018589051828643707,-5.8589052982920966e-5,-0.002024856218758667,-0.008920529097588762,-0.048923181262981494,0.14152344764179334,7.492435527712196e-5,0.00046678535707767634,0.0022268270077662167,0.004199201606911835,-0.1281183824798492,-0.148638388181381,0.031059515800360826,-0.17983578915322296,0.0254991018520021,0.0055415587122706845,0.001241295269248709,0.00027065228929692525,6.240942822122141e-5,1.453780470657925e-5,2.1883451486754814e-6,-1.1860185480054772e-6,-0.03562002671809355
36.5,0.004308582792829531,0.02505417964969877,0.11665502127563845,0.09003585054795188,0.016731557529138293,0.004539691069335015,0.005987141427676843,0.018018175107834922,0.03487471439326998,0.023746198037599867,0.007689529315222426,0.0018670620154758234,-5.969533477304925e-5,-0.0020369224677993453,-0.008965721303242571,-0.04889880638468302,0.1423079729800498,7.63114069073582e-5,0.0004753799056718717,0.0022759356527530176,0.004471532527773762,-0.12978791758373065,-0.15142496114771173,0.03113062648254579,-0.18045839154108054,0.025449000816690957,0.005555712924623057,0.0012457401370714078,0.00027163137662086605,6.26269806727902e-5,1.4584562164419007e-5,2.1913293903845493e-6,-1.1942909820866278e-6,-0.035966340148556986
37.0,0.004370045805985834,0.025340673786635844,0.11837234958060919,0.09126190692636542,0.016929204370320024,0.004593580511041279,0.0060259445916489894,0.018153987262184167,0.03522742694958459,0.02394675920376965,0.00773245978571497,0.0018752143462258883,-6.080189792951428e-5,-0.0020489939389992337,-0.009010990580763342,-0.048876477152199185,0.14309478022180655,7.770160421323921e-5,0.000483993001934985,0.002325150181519661,0.004744430683170561,-0.131457971302044,-0.15421366619559573,0.03120244593778766,-0.1810804868392714,0.025398963167588155,0.005569867136975429,0.0012501842845962848,0.00027261044143549987,6.284462878891348e-5,1.4631353386219175e-5,2.194339482625806e-6,-1.202527629886824e-6,-0.03631277458905453
37.5,0.004431654679451104,0.0256276634884745,0.12008979313323145,0.09248779619568424,0.017127086028591743,0.004647544143423213,0.006064751357110245,0.018289721624368628,0.03557990036702228,0.024147192156927105,0.007775361444294633,0.001883361634891199,-6.190896754538545e-5,-0.00206106991206051,-0.009056331167768496,-0.048856107129791354,0.14388381174323783,7.909464331912131e-5,0.0004926230251969168,0.00237446447153466,0.005017883828039256,-0.13312856668431952,-0.15700441112691182,0.031274988572042875,-0.18170201742396974,0.025348994667076272,0.005584019908732158,0.0012546280719722507,0.0002735897088338961,6.306234443295758e-5,1.467816289683123e-5,2.1973708531962782e-6,-1.2107310412884928e-6,-0.03665932139601232
38.0,0.004493382402057014,0.025915021982798044,0.12180710991343703,0.09371385257409778,0.01732528029611824,0.004701601414522015,0.006103566766145366,0.01842537243200573,0.035932149051539485,0.024347486812902722,0.00781823645185488,0.0018915044216951215,-6.301649860204887e-5,-0.0020731518275788185,-0.009101748106342789,-0.04883768479269437,0.14467505601957845,8.049080559134123e-5,0.0005012711909602416,0.002423883564882768,0.005291900605953712,-0.13479965763149665,-0.15979734576360696,0.031348242860546285,-0.1823230063447059,0.025299083790390153,0.005598171239893242,0.0012590707789014834,0.00027456904376021323,6.328011635026902e-5,1.4724997730413592e-5,2.2004249089276504e-6,-1.2189010404376734e-6,-0.037006000737769364
38.5,0.004555206284422169,0.026202628259572376,0.1235240118020971,0.09494032960643942,0.01752387648982944,0.0047557703317832375,0.0061423922593499955,0.018560941125691118,0.03628417876551879,0.024547660458844232,0.007861083367800064,0.0018996419863398341,-6.412522265198008e-5,-0.0020852407660008915,-0.009147246438570974,-0.04882117556661277,0.14546846695176785,8.18903330049486e-5,0.0005099390748764453,0.0024734123235742853,0.005566497583763837,-0.1364713017674011,-0.1625923202837342,0.031422203040915316,-0.18294346512624504,0.025249233418721085,0.005612322571054326,0.0012635130356445773,0.00027554844621445116,6.349796142282803e-5,1.477185366647121e-5,2.2035012981120015e-6,-1.2270385945311486e-6,-0.037352806851943095
39.0,0.004617151176821429,0.026490600447640317,0.1252408099678708,0.09616697374787575,0.01772278241160413,0.004810031807314593,0.006181227116426312,0.018696433467807368,0.03663597798419503,0.02474769580760391,0.0079039057936193,0.0019077752291976145,-6.523478517359477e-5,-0.002097337087475641,-0.009192828325346517,-0.04880655063963368,0.14626409063886658,8.329297233024032e-5,0.0005186251012940422,0.002523045705524456,0.005841654953279524,-0.13814341841867683,-0.16538947298447532,0.03149685758838481,-0.18356339376858713,0.025199452195642937,0.005626470660875211,0.0012679545720898492,0.00027652789368730297,6.371586839598111e-5,1.4818736332330818e-5,2.2066000207493313e-6,-1.2351424725911949e-6,-0.03769974838210737
39.5,0.0046813369157451155,0.026781425015083613,0.12694944859991622,0.09738824158636825,0.017925160168881144,0.004866225841902534,0.006220619484016902,0.018831989196131958,0.036987578400672384,0.02494761302752077,0.00794669868722783,0.0019159034299706405,-6.63460471478834e-5,-0.0021094431329709887,-0.009238500249349819,-0.04879381577413968,0.14706343682510975,8.476839549952043e-5,0.0005277814821894435,0.002575961124500839,0.006151720116145661,-0.13932999671405896,-0.16876135419862867,0.031615384035600276,-0.1841787240296332,0.025150497874464512,0.0056407912620244785,0.0012724363551759289,0.00027751711019936647,6.393584059804589e-5,1.4865936942150945e-5,2.20971720805251e-6,-1.2432418663752494e-6,-0.03804491509843809
40.0,0.004743536793573385,0.02705767651699101,0.12868837431478355,0.09860806882921662,0.018117888816533853,0.004920054058293922,0.006256246134593768,0.018962960949116963,0.03735511180497368,0.025147190266865616,0.00798488023417954,0.0019226607239138324,-6.732970948845958e-5,-0.002119523160767339,-0.009273776835185163,-0.048724719044665195,0.1477837231224037,8.622057218205893e-5,0.000536806498769547,0.0026286316422177223,0.006470335934457462,-0.14035612722898178,-0.1723159375147517,0.031732389213815555,-0.18474545435602932,0.02508659305169143,0.005650478547433352,0.0012759358321071752,0.0002782942440214474,6.410493613910099e-5,1.490036211345131e-5,2.2103272454413582e-6,-1.250954469373264e-6,-0.03839720123844204
40.5,0.0048004525665790295,0.02730362653012002,0.13049170041732558,0.09982819571595898,0.018289874327506905,0.004969620632621097,0.006289632658944029,0.01909190722462634,0.037728658255493534,0.025346539892098695,0.008021232944961041,0.0019288311552065017,-6.845005396809823e-5,-0.0021295776179910066,-0.009308791232613278,-0.04865516132458459,0.1485006902873336,8.75741130815892e-5,0.0005452662616337895,0.002678638498588631,0.006782763674179953,-0.14137136684083507,-0.17586338700124504,0.03183836807297075,-0.18529719096296143,0.025015418983298125,0.005657918143488489,0.0012789246178825815,0.00027894994013259055,6.424461764331311e-5,1.4927706700887566e-5,2.209271594116695e-6,-1.259026781647407e-6,-0.03875222162897853
41.0,0.004857469901577584,0.027549850256421416,0.1322944618063751,0.10104873749424684,0.01846228769538626,0.005019302454599801,0.0063230371907398416,0.019220784351544798,0.038101971329519035,0.025545754101341224,0.008057558284425304,0.0019349967244888721,-6.957339781288653e-5,-0.0021396475616178483,-0.009343928080671143,-0.04858726893306859,0.14921985868240772,8.893109790508121e-5,0.0005537459227253663,0.002728758441717603,0.007095801506157728,-0.1423862722344989,-0.179413821401913,0.03194506722994801,-0.185848432004992,0.02494432558826089,0.005665361701181648,0.0012819135837324437,0.00027960592886472395,6.438436104811931e-5,1.4955080831789179e-5,2.2082388038068918e-6,-1.2670684953324294e-6,-0.039107469633626796
41.5,0.004914641020161148,0.027796607003111134,0.13409723472018978,0.10226904877723164,0.018634957489290265,0.005069067831125864,0.006356449645811698,0.019349576483320252,0.03847503085871117,0.02574484441935836,0.008093861294657083,0.0019411583321332212,-7.069936399193328e-5,-0.0021497324514244977,-0.009379176574891427,-0.048520961196761116,0.14994117068380028,9.029113273966348e-5,0.0005622439514114057,0.002778985168998695,0.007409435024434346,-0.14340076273661725,-0.18296742511299802,0.032052527021425366,-0.18639917748212095,0.024873304223005866,0.0056728063393215395,0.001284902729656761,0.00028026207516200594,6.452421137213347e-5,1.4982476065166046e-5,2.2072260608485816e-6,-1.2750805776251137e-6,-0.03946293660881296
42.0,0.004971915501482177,0.02804364322535581,0.13589946597004224,0.10348982105082255,0.018808049377718,0.005118949895899102,0.006389875786542172,0.0194782965853135,0.03884784260545252,0.02594379932138495,0.008130140535060733,0.0019473154379161823,-7.182851523791195e-5,-0.00215983408815551,-0.009414543197954529,-0.04845620354136672,0.15066460324198097,9.165462838018769e-5,0.0005707621934550767,0.002829326783782406,0.007723680075561892,-0.1444148844462507,-0.18652411746114403,0.032160704229533495,-0.18694945044387865,0.02480236064991562,0.005680254218801631,0.0012878915154321676,0.00028091846906166425,6.466414610604865e-5,1.5009906469335008e-5,2.2062330135338437e-6,-1.2830639957222423e-6,-0.03981863984168476
42.5,0.005029313513879689,0.028291077051998265,0.1377014321502962,0.10471067399776954,0.018981476924930813,0.005168929561027227,0.006423314892633444,0.019606934573355037,0.03922040945093437,0.0261426159262297,0.008166394565040612,0.0019534684019866665,-7.29608459234958e-5,-0.0021699519315875188,-0.009450026509264804,-0.04839299020450281,0.15139015635694983,9.302130346031707e-5,0.0005792990281862795,0.0028797753627926924,0.00803851649120135,-0.14542854516527803,-0.19008384082252525,0.03226961614142012,-0.18749922784073475,0.024731489106607583,0.005687703178728455,0.0012908803012075742,0.0002815749980171642,6.480414836788465e-5,1.5037350941820807e-5,2.2052600135705982e-6,-1.2910183979158945e-6,-0.04017456492628576
43.0,0.005086867110606767,0.02853904678022033,0.13950342138008048,0.10593129644941347,0.01915516377935957,0.0052189924205538005,0.006456761922000758,0.019735494769231792,0.03959273427634801,0.02634130575865777,0.00820262410489454,0.0019596029984626884,-7.415085108078499e-5,-0.0021803125153855613,-0.009486728564490005,-0.04833667155839165,0.15212535570035168,9.439054460143755e-5,0.0005878531950838256,0.002930324603423611,0.00835392122182241,-0.14644186014135077,-0.1936473327821115,0.03237874990503593,-0.1880486825441666,0.024660649256403714,0.005695145655974881,0.0012938670161267423,0.0002822305815817726,6.494373420754228e-5,1.506463784915803e-5,2.204203307122172e-6,-1.299054484274182e-6,-0.0405297697130647
43.5,0.005145831050469436,0.028788690480580862,0.1412995214548716,0.10714838079815545,0.01933108067584542,0.005270304996801647,0.00649056837998128,0.01986406504927805,0.039964817081693436,0.026539860175095294,0.008238826993729053,0.0019657323727795004,-7.534905525312683e-5,-0.0021907103745958958,-0.00952363590459449,-0.0482820182408451,0.15286388570088275,9.580529393386265e-5,0.0005967080413034675,0.0029830041248632704,0.008693408389826195,-0.14580681100712803,-0.1989201894339478,0.032518891049295756,-0.1885951062343632,0.024590359713735896,0.0057026965380435266,0.0012968776809484937,0.00028289156738004655,6.508422604680422e-5,1.5091926163326937e-5,2.203054804906384e-6,-1.3071421837698657e-6,-0.04088388252834539
44.0,0.005205475671773951,0.029039166845223695,0.14309255594213202,0.10836428962085182,0.01950825953411552,0.005322248193792706,0.006524546989141274,0.019992603636220144,0.04033667515411838,0.026738287819116136,0.008275007553331081,0.001971857785458291,-7.654956662942996e-5,-0.0022011217393903934,-0.00956063184133109,-0.04822839638977973,0.1536043288124292,9.724251318193995e-5,0.0006057098282788095,0.003036707549656986,0.009044076740921805,-0.14443000493813138,-0.20496370713156156,0.032673357476640685,-0.18913990493267324,0.024520361171388193,0.005710297480810805,0.0012998993303120316,0.0002835551867672324,6.52251962088386e-5,1.5119241207297836e-5,2.201885727777222e-6,-1.3152306746083715e-6,-0.041237672650201805
44.5,0.005265272636067831,0.029290181992637426,0.14488561347892276,0.10957991032441937,0.019685697699601556,0.0053742756656289465,0.006558533521577311,0.020121065871593093,0.040708271038136096,0.026936588690720294,0.008311162902509339,0.0019779792364990603,-7.77526159300905e-5,-0.0022115462496201436,-0.009597717815295448,-0.048175777193282664,0.15434632776727128,9.868289498764223e-5,0.0006147303880161389,0.0030905202796451996,0.009395379674398647,-0.14304952246905092,-0.21101365564813065,0.03282856437014669,-0.1896841619670211,0.024450437540013983,0.005717900224322639,0.0013029211597500251,0.00028421912128471534,6.536626766275424e-5,1.5146587201565774e-5,2.200741446056485e-6,-1.3232845222166658e-6,-0.04159162123757907
45.0,0.00532519853367186,0.029541600506831512,0.14667835984705438,0.1107956347508733,0.019863478726850896,0.005426404339309185,0.006592533019374144,0.0202494416712274,0.041079624902085596,0.027134748383951333,0.008347304566028975,0.0019841203156554807,-7.886337144497299e-5,-0.0022215935038655907,-0.009633034737808827,-0.048115906038313117,0.15507811578018788,0.00010012794747453442,0.000623774807618824,0.00314447202711307,0.009747492222627484,-0.1416647527873336,-0.21706980448835206,0.03298460104674371,-0.19022734719820975,0.02438091727542013,0.0057256221771240234,0.0013059804446747655,0.00028489579606992603,6.551063110280973e-5,1.5174649273160722e-5,2.1998709689521896e-6,-1.3310934931850145e-6,-0.041947448361676264
45.5,0.005385251203692571,0.02979342238780595,0.14847080657129202,0.11201138222685754,0.020041467199872987,0.00547811884174174,0.006624710163681168,0.020375047205438066,0.04145989605307219,0.027332340482498583,0.00838097200652984,0.0019896134869209587,-7.971551190510257e-5,-0.0022298223662592493,-0.009659526571406339,-0.048017328959577395,0.15575514963386283,0.00010158006788380556,0.0006328478140413221,0.0031986128527592317,0.01010086313115146,-0.1402742207230398,-0.22313415896136235,0.033137364690037294,-0.19074880824708507,0.024306637282818105,0.005731474957077164,0.0013086457266908399,0.00028549501632995836,6.563636246404618e-5,1.519773960158544e-5,2.1982114351272943e-6,-1.338349755155626e-6,-0.04231167703956996
46.0,0.005444565208296761,0.03003996592634034,0.15027561936853875,0.11322594265203101,0.020215908926419262,0.005528347369767388,0.006653343442703662,0.020495522778560028,0.0418570135295211,0.027528955857199125,0.008409989924589313,0.0019936784876797495,-8.093635481289867e-5,-0.0022381590932517613,-0.009686145177420533,-0.047919650812523605,0.15643338206311366,0.00010301491240000077,0.0006418310533477461,0.0032523693995173244,0.010453570645381317,-0.13887975871382882,-0.22920948501079824,0.03328174118549082,-0.1912360061691607,0.024220348484926713,0.0057327776156883585,0.00131023398338848,0.00028583483933682167,6.56986682256543e-5,1.520537447713293e-5,2.1928297763752254e-6,-1.346491793525093e-6,-0.042676522292399335
46.5,0.005497062314312984,0.03024154559363051,0.15218115861322223,0.11443068397729418,0.020361537299487528,0.005573665987688969,0.006680899156184355,0.02061565548991869,0.042253791025398,0.027725421409952676,0.008438984072820658,0.0019977391666516076,-8.216065289930995e-5,-0.002246513467540914,-0.009712865345427637,-0.04782280532975211,0.15710994340141735,0.00010433010869515986,0.0006501294694998474,0.0033029548351138018,0.0107994446941733,-0.1374686779932673,-0.23527653627885434,0.033419349762608276,-0.1917268574417898,0.024132970596728368,0.005733786032639241,0.001311748859745498,0.00028615633976783635,6.57566915916172e-5,1.521209913258106e-5,2.1872571402220926e-6,-1.3546738386705654e-6,-0.04304442160799424
47.0,0.0055496973573621305,0.030443577607952937,0.15408630601589052,0.11563550597591342,0.020507537346231973,0.0056190919299860375,0.006708471436514955,0.02073571905268643,0.042650297689293806,0.027921748665524392,0.008467960213606452,0.0020017969644321775,-8.338873254928704e-5,-0.0022548858492756176,-0.009739694998703695,-0.04772680979841065,0.15778810668207727,0.0001056486701317064,0.0006584475587862135,0.003353652997319432,0.011145944681772652,-0.1360529988914098,-0.2413509864461386,0.03355773914256485,-0.19221722467428248,0.02404568202545996,0.005734802733015078,0.0013132644564003383,0.0002864783804222176,6.581488377738215e-5,1.5218864586148017e-5,2.181711233870951e-6,-1.362824142176174e-6,-0.0434125773496138
47.5,0.005603208642711812,0.03064686870286832,0.1559883532567327,0.1168387260321764,0.020655037053041947,0.005665284269165777,0.006736259806192173,0.020855756684732583,0.04304654504597367,0.02811794626748814,0.008496914025159761,0.002005851700947004,-8.462031802381994e-5,-0.0022632780392004286,-0.009766631256057416,-0.04763165557492536,0.1584683328956996,0.0001069959309346006,0.0006669488738310661,0.00340562032428753,0.011506740420246412,-0.1287618677421639,-0.2533386322666871,0.033714818810408206,-0.1927056672709946,0.023958759365485152,0.005735888581981831,0.0013147967099423135,0.0002868045852983826,6.587402698136529e-5,1.5225831216645745e-5,2.1762157976064617e-6,-1.3709396265976108e-6,-0.043780318199687855
48.0,0.005657248266513974,0.030851171095925875,0.15788907514958223,0.1180415542464242,0.020803566785737467,0.005711930035824502,0.006764167025010031,0.020975752539505052,0.04344253597662888,0.028314014215843914,0.00852584982926752,0.0020099033761960864,-8.585618589399804e-5,-0.002271690577538712,-0.009793682040764846,-0.047537322490957205,0.15915043764604184,0.00010836031006542218,0.0006755571080838805,0.003458306508482043,0.011874922092587566,-0.11874319347370067,-0.2680746810313798,0.03388086762673185,-0.19319298044072178,0.023872054235452612,0.005737012246584244,0.001316336976797559,0.00028713295106801384,6.593374980000211e-5,1.5232921648331639e-5,2.170760280190998e-6,-1.3790202919348758e-6,-0.04414797261402326
48.5,0.005711472286558584,0.0310560439648585,0.15978958959665904,0.11924535054094482,0.020952756311237993,0.0057587594784278525,0.006792110979016814,0.021095679245686602,0.043838247431729135,0.02850995251059172,0.008554767625929726,0.0020139518101049696,-8.709611106675197e-5,-0.002280123104141558,-0.00982084231074123,-0.0474437874969759,0.15983413281397518,0.00010973094678357288,0.000684202437674531,0.003511205540682974,0.012244358523734747,-0.10868844669030872,-0.28285208065344125,0.03404775775091166,-0.1936798095703125,0.023785442744136936,0.005738142754015966,0.0013178789543601321,0.00028746196960754625,6.599368082972811e-5,1.5240073980611616e-5,2.165335009656734e-6,-1.3870665778228703e-6,-0.04451582294936627
49.0,0.005765925361310607,0.0312617322109257,0.1616905074105162,0.12044928513264729,0.021102426995683654,0.005805737662531458,0.006820083024638657,0.02121552671910773,0.04423368805484829,0.028705746745775113,0.008583665254252915,0.002017997182748109,-8.834009354208171e-5,-0.0022885754389345104,-0.009848113506582209,-0.04735101313749469,0.16051940687473448,0.00011110687318885434,0.0006928795504065799,0.003564291130019819,0.012614881163997593,-0.0986019030798598,-0.29766659001929524,0.03421572544063326,-0.1941660855111759,0.023698936416303284,0.005739285506510663,0.0013194230928161713,0.00028779161840767297,6.605379756123637e-5,1.5247286806653994e-5,2.1599420962511953e-6,-1.3950810341440208e-6,-0.044883883611673316
49.5,0.005820562832305079,0.03146797652691152,0.16359112558047936,0.12165413018079682,0.0212527373045953,0.00585289303989929,0.006848088924258137,0.021335312246916156,0.044628860727177644,0.02890140556496796,0.008612543434534908,0.002022038953902138,-8.958850472355177e-5,-0.00229704956273658,-0.009875495628287784,-0.04725900229370486,0.16120624830355457,0.00011248811179057349,0.0007015876809635911,0.003617552111876335,0.012986400696446168,-0.0884871641314642,-0.31251468255080483,0.03438494356737396,-0.19465183131284225,0.023612536692547294,0.005740438343174868,0.0013209693921656766,0.0002881221000521565,6.61141506404675e-5,1.5254568567448873e-5,2.154583474367947e-6,-1.4030595283302566e-6,-0.045252151719753116
50.0,0.005875420354284189,0.031675001645736466,0.16549206644386683,0.12285911352612822,0.02140352301006951,0.005900194997873911,0.006876121474897033,0.021455019982559803,0.04502375392395204,0.029096931849361546,0.00864140000588224,0.002026076763418146,-9.08413389838354e-5,-0.002305545295473312,-0.009902992997644891,-0.047167749203223835,0.16189469167473092,0.00011387382974437356,0.0007103221023911075,0.0036709650765733054,0.013358771620920418,-0.07834833842389893,-0.32739225543157574,0.034555628220480375,-0.19513700087625094,0.0235262478946559,0.005741604505348782,0.001322518302594787,0.00028845341454099673,6.61747907133621e-5,1.5261927703986356e-5,2.1492614301084752e-6,-1.411002675870439e-6,-0.045620624392414384
50.5,0.005930484601738229,0.03188269231974899,0.16739301883201946,0.12406456938683086,0.021554857582484127,0.005947655421369385,0.006904184998342278,0.02157466145080382,0.0454183849323192,0.029292322717764586,0.008670260178718681,0.0020301898440565585,-9.179185636994341e-5,-0.0023127981543180805,-0.009924847553863986,-0.047056636061193,0.16255432313302492,0.00011526781986847384,0.000719094339454282,0.0037245991727016484,0.01373245204683517,-0.06818588694777013,-0.3422957590339407,0.03472833835106242,-0.19561947364461385,0.023441164875318637,0.0057431578276020525,0.0013241885832069144,0.0002888250206892584,6.624534613596349e-5,1.527137457874246e-5,2.144680434438397e-6,-1.4183257623460268e-6,-0.04599637783546102
51.0,0.005987282606049967,0.032095995554390994,0.16930343305236265,0.1252798212979135,0.021710882734315994,0.005996533390978672,0.006932605789507264,0.0216943115626217,0.04581275375227914,0.029487601219707386,0.008699116750066014,0.0020343650503821245,-9.248591959476471e-5,-0.002318998658044821,-0.009941920773140253,-0.046928679474891134,0.16319067456570996,0.00011675015902231107,0.0007282352789651231,0.003780130533293295,0.014117923748097031,-0.0499134582335135,-0.365372948776199,0.03491463617975978,-0.19609756700221864,0.02335764202106395,0.0057452034734167,0.0013260240821319764,0.0002892580547361576,6.633689711461255e-5,1.5288224201818247e-5,2.143489727272098e-6,-1.4235971606648852e-6,-0.04637711862062759
51.5,0.006046259151124522,0.032316501767253585,0.17122662823726043,0.1265065288255582,0.021872235208839807,0.006045790237242362,0.0069564735781390144,0.021805447754182843,0.04623419712677463,0.029680361560464264,0.008721031811302161,0.002036529905486323,-9.369132111800042e-5,-0.0023253459224528055,-0.009959138051980933,-0.046801339463524945,0.16382979194203173,0.0001183272060850956,0.0007377853026202798,0.0038378127031816096,0.01451701628117403,-0.022393751000349616,-0.3977892550096771,0.03510869881897895,-0.19653357191748488,0.023261887069195058,0.005741596221923828,0.0013264829118446282,0.00028936994850095306,6.63562100999665e-5,1.529036821330422e-5,2.1403575923822797e-6,-1.428349526019435e-6,-0.04675656286971447
52.0,0.006109648240657011,0.03255183170929416,0.17317855466168453,0.12776038869990322,0.02204554318661416,0.00609842600058933,0.006980629485899588,0.02191567925167948,0.04665879252453945,0.029872695484910488,0.008742073151280153,0.002038443376650623,-9.496397482304415e-5,-0.0023317311825709042,-0.009976473459664428,-0.0466745785716077,0.16447300060998277,0.00012013179973172997,0.0007482559569292559,0.0039000637221552454,0.014942491882877407,0.012088486075041158,-0.4373398979624953,0.03533182403472255,-0.19695878965256797,0.023166081696478623,0.00573773506544868,0.0013269404810360911,0.000289517654573089,6.640138627899378e-5,1.530635122806284e-5,2.144695909586918e-6,-1.4287711358896465e-6,-0.047132840689575566
52.5,0.006126450627952184,0.03260559473873265,0.1749426504636459,0.12873136168880406,0.022082119910018322,0.006114158025320923,0.006995419361079927,0.022023515038619948,0.04708251204015265,0.030064758577375613,0.008763063350112777,0.0020403458632731364,-9.624387652492235e-5,-0.0023381420132616857,-0.00999392987738203,-0.04654840832390454,0.1650910852899004,0.00012079509273396519,0.0007518701412886651,0.00392285574598975,0.015138725499732256,0.03516013384585654,-0.4639380417561603,0.03529408042884665,-0.19743280324330864,0.023058943157829907,0.005731116248761779,0.0013267141274455091,0.0002894908684978312,6.64036372096877e-5,1.53123133807384e-5,2.1463885039563805e-6,-1.430214457270152e-6,-0.04753696234204618
53.0,0.0060749406901010935,0.032418809988707574,0.17627585834606896,0.12927430489992447,0.021929847509839385,0.006075300839012123,0.00699615838664536,0.022127781029554292,0.0475050675544854,0.030256473045694864,0.008783988722141416,0.0020422330435669314,-9.753197161452648e-5,-0.0023445764337061397,-0.010011502263048984,-0.046422799908502586,0.16567067725420717,0.00011957866727765593,0.0007447857871156445,0.0038844138113753673,0.014969913620963197,0.034678813554008925,-0.46450506020168525,0.03483516716164765,-0.19798334127466485,0.022934020465954552,0.005720033026173756,0.001325294240363775,0.000289111676713131,6.629526052410149e-5,1.5281271639637357e-5,2.133022020275499e-6,-1.4393634354172336e-6,-0.04798426152716231
53.5,0.006023459204013974,0.03223210014965599,0.17760752190996154,0.12981712133862822,0.021777778233646267,0.0060364922728063115,0.006996901013699903,0.022231973550110785,0.04792732918730675,0.03044804921683228,0.00880489824761797,0.00204411806296726,-9.882532262730094e-5,-0.0023510367848721876,-0.010029195658750044,-0.046297747563019256,0.1662517098141581,0.00011836358112510957,0.0007377086809394583,0.003846009332247731,0.014801247242354194,0.03419787934179393,-0.4650718020528465,0.03437638354805661,-0.19853357966212706,0.022809159719691895,0.005708953765223753,0.0013238749835426354,0.00028873277754942094,6.618700763970344e-5,1.5250262255665038e-5,2.1196796285872014e-6,-1.4484837493687598e-6,-0.04843190933642431
54.0,0.005972026698178755,0.03204554877612526,0.17893787165062666,0.13035943068766523,0.021625854457613204,0.005997721162087247,0.006997646521945735,0.022336095481480717,0.04834928829504284,0.030639492853170434,0.008825791926542438,0.0020460005613252116,-0.00010012389579928534,-0.002357521085940819,-0.010047007183293922,-0.04617322247554168,0.1668341368706925,0.000117149687965831,0.0007306381924995122,0.003807639787564465,0.014632730685692178,0.03371733409040284,-0.4656382673096441,0.03391773535045612,-0.19908349535616504,0.0226843825279766,0.005697879906507417,0.0013224562669448621,0.00028835414849739423,6.60788560471866e-5,1.5219295076643232e-5,2.1063597462058427e-6,-1.4575773335182955e-6,-0.04887992305697991
54.5,0.0059206608198920764,0.0318592970464885,0.18026738008343562,0.13090081805549,0.021474015676723145,0.005958974901643045,0.0069983898692980995,0.022440138180090222,0.04877094487769366,0.03083079531113547,0.008846671919808287,0.002047880538640786,-0.00010142747729206373,-0.0023640300572098562,-0.010064935396084973,-0.046049201596539545,0.1674179929981059,0.00011593679647071124,0.0007235734214235288,0.0037693022961342803,0.014464361069785865,0.03323717491864438,-0.46620440987301737,0.033459211044081026,-0.1996330883567787,0.02255967448485222,0.005686812530471479,0.0013210385407565943,0.0002879759696315062,6.597084513783815e-5,1.5188364475245203e-5,2.0930630765472653e-6,-1.4666438361579198e-6,-0.04932828252049011
55.0,0.0058693392399214546,0.031673200901181316,0.18159551706919136,0.13144174443270865,0.02132232527718443,0.005920268617727965,0.006999136818139575,0.022544110289513166,0.04919229029168535,0.03102196811549253,0.008867536786819874,0.0020497588952862605,-0.00010273674238484431,-0.0023705656794983094,-0.010082985339207953,-0.04592569645077801,0.16800324362210275,0.00011472514298747314,0.0007165152680837856,0.0037310011797441096,0.014296139835230894,0.03275739606413596,-0.466770275842027,0.03300079910416617,-0.20018235866396808,0.022435039912105686,0.005675749836371384,0.001319620994642782,0.00028759808338660846,6.58629805389848e-5,1.5157483112956101e-5,2.0797934883985994e-6,-1.4756807953321862e-6,-0.049776976202189745
55.5,0.005818067000351644,0.031487271864968844,0.18292239785554545,0.1319821637202606,0.021170789021379637,0.005881599069001812,0.006999884487278872,0.02264800604736697,0.04961334758654822,0.03121299974147647,0.00888838796817284,0.002051644815058867,-0.00010401003760513582,-0.0023769567019989845,-0.010100413665310493,-0.04580051445168671,0.16858658113508426,0.00011351517770225548,0.0007094656232620654,0.0036927461624145508,0.014128149095978981,0.032278297170771575,-0.46733554252324866,0.03254258020406763,-0.20073100663383922,0.022310632953470928,0.005664742965352499,0.001318220465565016,0.00028722568941260394,6.575647775320128e-5,1.5126891557993846e-5,2.0666325779975e-6,-1.4846203314123556e-6,-0.050227168103359254
56.0,0.0057668437410337324,0.0313015329873814,0.1842480454920282,0.13252206439338063,0.021019395384543612,0.005842967696060227,0.007000634317311636,0.02275182977543857,0.050034087950369385,0.03140389595146986,0.008909260758460468,0.0020536648903008315,-0.00010474518031512142,-0.002381144153387525,-0.01010825482740143,-0.045647652847889325,0.16912776105713628,0.0001123132032210013,0.0007024462759674856,0.003654674460880706,0.013961323798603162,0.031803373123583834,-0.4678979049636518,0.032085505136910525,-0.201275182994831,0.02218829324958548,0.005654405971308129,0.001317029543153469,0.0002869221288992199,6.566671063712716e-5,1.5099731265508156e-5,2.0546439100968515e-6,-1.4926042770713658e-6,-0.05069286657604206
56.5,0.005715669101818811,0.03111595545650609,0.18557245997863953,0.13306141187777332,0.020868145807271997,0.005804373058307567,0.007001387028535687,0.022855577151941028,0.0504545459574443,0.03159465962666399,0.008930119142791655,0.0020556822644259634,-0.000105485714004119,-0.0023853564550509266,-0.010116209076250427,-0.045495171561341995,0.16967026632718088,0.00011111239922370795,0.0006954334113533044,0.0036166387742379642,0.013794648323174329,0.03132883803722001,-0.46845999080969125,0.03162853667383107,-0.20181912886051973,0.022066027016077877,0.00564407293890178,0.0013158394310769717,0.000286618883516133,6.557705044026102e-5,1.5072608957477926e-5,2.0426789824808654e-6,-1.5005614929283853e-6,-0.051158951128357485
57.0,0.005664542362409056,0.030930568084255806,0.18689556064202345,0.13360018312390837,0.02071691495774376,0.005765301943545615,0.007000141633601347,0.022955247642770633,0.05088679379927068,0.03178374356733708,0.008948114343280158,0.0020569209966054495,-0.00010642429583022242,-0.0023896416868688115,-0.010124285775729177,-0.045343050423705684,0.17021410846998325,0.00010991009835750314,0.0006884163149894184,0.0035785926432768023,0.013627942595236971,0.03085395432671031,-0.4690245199059432,0.031169709842370715,-0.2023502822368887,0.02193995184768723,0.00563166508861899,0.0013141101760806633,0.0002861829007500248,6.545474049367934e-5,1.5037514134296118e-5,2.028796367426023e-6,-1.5089644985751803e-6,-0.05162542176030554
57.5,0.0056134642431022895,0.030745350702291528,0.1882173820564754,0.13413841270608123,0.02056557606354221,0.005725250503447841,0.006994966293749853,0.02304697324862293,0.051342563686774215,0.031969632266871516,0.008960491941054421,0.0020566303564342487,-0.00010774733661884988,-0.0023940445073061477,-0.010132499331794116,-0.0451912923161717,0.17075931053507365,0.00010870368954278192,0.0006813841824084971,0.0035404939305746304,0.013461022218548639,0.030377998813041387,-0.469594165997923,0.030707117293896632,-0.20285679566536066,0.021806316433356246,0.005615163785813438,0.0013113192921318676,0.00028548513474421197,6.526800891063724e-5,1.4986693746553807e-5,2.0111233961073473e-6,-1.5182715694327189e-6,-0.052092301521416515
58.0,0.005562435464196335,0.030560303310613258,0.18953795879629085,0.1346760775747616,0.02041438843188329,0.00568523867973028,0.006989796716280934,0.023138629705884307,0.05179801664323605,0.03215539419398927,0.008972861615552642,0.0020563389959652257,-0.00010907554329341992,-0.0023984736186139894,-0.010140825974617119,-0.045039854020870705,0.17130582642339148,0.00010749842870271458,0.0006743586225452019,0.003502430512465739,0.013294257426189872,0.029902440903770238,-0.47016348939647845,0.030244625587117636,-0.20336296335087803,0.02167276601416827,0.005598674007773039,0.0013085301188903993,0.0002847881115455282,6.508150804799129e-5,1.4935933852573895e-5,1.9934764511748203e-6,-1.5275501519486624e-6,-0.05255953855024724
58.5,0.005509859485568597,0.030361503992916233,0.19089630219151246,0.13519969375472055,0.020255508019484784,0.005644144608535075,0.006984398084104601,0.023230168034302865,0.052253106569595566,0.032341012061542614,0.008985221926179177,0.0020560463749750143,-0.00011040928725749704,-0.0024029281204200584,-0.010149264983900364,-0.04488874418137657,0.17185297617379272,0.00010626829507847928,0.0006671918843087833,0.0034637375540603685,0.013126301261233419,0.029429755542213464,-0.4707297702570336,0.029780883443319545,-0.20386970727465303,0.021539048485885573,0.0055821298472470745,0.0013057274400647674,0.0002840876894414965,6.489424186890939e-5,1.4885029054930563e-5,1.9758145586556538e-6,-1.5368151937096501e-6,-0.05302775518411596
59.0,0.005452291122736167,0.030118809725942927,0.1923765891268174,0.13568001139199987,0.02007200350574136,0.005599549889924663,0.006978263307554124,0.02332146434265321,0.05270784499061792,0.03252647722595768,0.008997570712040558,0.0020557526735380696,-0.00011174860227504165,-0.002407408372873266,-0.010157815639346028,-0.04473794551054156,0.17239925004204235,0.00010495685783757904,0.000659563705280108,0.00342297806120351,0.012954262448221536,0.02896531903131491,-0.4712866930082846,0.029312972215727377,-0.20437877920098896,0.0214046394716937,0.00556539660854282,0.001302876681359513,0.00028337535991409396,6.470423518170763e-5,1.4833544642633541e-5,1.9580388886240674e-6,-1.546098524282526e-6,-0.053498167285746315
59.5,0.005394777862687126,0.02987635171665526,0.1938554700407737,0.1361598565139079,0.019888679066453457,0.005554999469630307,0.006972133573088401,0.023412690061816996,0.05316222614392053,0.03271181849914735,0.009009910854328075,0.002055457891654392,-0.00011309335329021212,-0.0024119156364948006,-0.01016648154244322,-0.04458743495883538,0.17294684925828455,0.00010364671488182782,0.0006519428192668811,0.0033822563839823096,0.012782379219539217,0.028501268600048976,-0.47184343136329304,0.028845150305065143,-0.2048875745329612,0.021270315452644833,0.005548673093859162,0.0013000277233988138,0.0002826637281752065,6.451440856896138e-5,1.4782122130930605e-5,1.940289772540511e-6,-1.5553538940756883e-6,-0.053968953942244144
60.0,0.005337321146017115,0.02963413860862709,0.195332921883851,0.13663920607091437,0.019705537582812353,0.005510491907056365,0.006966013202494365,0.023503853835368085,0.0536162730790337,0.03289701283158132,0.009022239471850439,0.0020551620293239813,-0.00011444359657627578,-0.0024164490109123853,-0.010175256930809366,-0.04443720100149287,0.1734957622977542,0.00010233788872053256,0.0006443293163063303,0.0033415743231413227,0.012610660218760327,0.02803761289198953,-0.4723998931239379,0.028377420592524134,-0.20539604717150917,0.021136076428738965,0.005531960383642836,0.001297181106406036,0.00028195279422483415,6.432482393126473e-5,1.4730764333485116e-5,1.922573365293601e-6,-1.564580247965374e-6,-0.05444008057931399
60.5,0.005279920972726136,0.02939215311471069,0.19680894465604937,0.1371180715877844,0.019522573292435477,0.005466027562351745,0.006959899314580727,0.023594945579136967,0.054069997320722596,0.03308207174802475,0.009034560886394582,0.002054865266621293,-0.00011579973730075755,-0.002421009396498297,-0.010184145405933575,-0.04428722923255759,0.17404595458615582,0.00010103041311765365,0.000636723421491525,0.0033009315185316378,0.012439096802311,0.027574325976414984,-0.472956078290219,0.02790978019691306,-0.20590422016616314,0.021001920959380457,0.005515256677149286,0.001294336200120586,0.0002812424455164422,6.413543625000381e-5,1.4679462809306977e-5,1.9048845671184834e-6,-1.5737779376595043e-6,-0.05491158753363388
61.0,0.005222576622516367,0.02915041252205379,0.19828346920877785,0.13759643001498773,0.019339790517109757,0.005421607515963183,0.00695379262964531,0.023685973936697507,0.05452336429469175,0.0332670010108602,0.009046899588086453,0.0020546814106022124,-0.00011670466771298665,-0.0024237366241270683,-0.0101854131301004,-0.04411919239424507,0.17456734648644023,9.972980285339125e-5,0.0006291444478078191,0.0032604515012297384,0.012268570614725442,0.02711488257001894,-0.4735091287203786,0.027443545822650645,-0.20640829034442268,0.020869590724703048,0.005499129208913382,0.0012916688472482732,0.0002805898781989636,6.39599930843918e-5,1.4631007305624981e-5,1.8881496008249208e-6,-1.5822175209300755e-6,-0.055398514623728405
61.5,0.005165290976579096,0.0289089139494651,0.19975656469062736,0.13807435050111522,0.01915719645981342,0.00537723284833741,0.006947693147688114,0.023776937467454063,0.05497640857523662,0.03345179485770511,0.009059242611565259,0.0020545324890275016,-0.00011747115463288529,-0.002425903640124733,-0.010184348529919396,-0.04394559197555496,0.1750804981796403,9.84322538548726e-5,0.0006215792048013463,0.0032200521572839096,0.012098478046428761,0.026656905689988613,-0.4740611188721441,0.026977838706393975,-0.2069107470555608,0.020737892911513407,0.005483190818855769,0.0012890592082389532,0.00027995606113416553,6.378911930808848e-5,1.4583495786002756e-5,1.8717382058186114e-6,-1.590398071316884e-6,-0.055890593283846296
62.0,0.0051080597131273895,0.028667648753370762,0.20122825415112822,0.138551763897576,0.018974773833398732,0.005332900318134227,0.006941602309304782,0.023867830409024057,0.0554291071128269,0.03363645616975076,0.009071573389981089,0.0020543826670805132,-0.000118243178842291,-0.0024280956864717144,-0.010183386212029126,-0.04377215866595957,0.17559489454747687,9.713601039615643e-5,0.0006140212548103217,0.003179689548527006,0.011928544663950756,0.026199314889590906,-0.47461278633048526,0.026512186332771786,-0.20741297327139588,0.020606282974658056,0.005467263233265488,0.001286452180309238,0.00027932298687649636,6.361847062485456e-5,1.4536054607964715e-5,1.8553565301316202e-6,-1.5985490782383345e-6,-0.05638305802359682
62.5,0.005050884272756894,0.02842661693377077,0.2026984914912198,0.13902868172913518,0.018792535603226492,0.0052886128065449236,0.006935517233304027,0.02395865708319442,0.05588147719461032,0.03382097630342328,0.00908389408422741,0.002054231764686792,-0.00011902040270159972,-0.0024303133033913788,-0.010182522574940477,-0.04359888382188503,0.17611051254041965,9.584111749585661e-5,0.000606470822927815,0.0031393669162992264,0.01175877190788707,0.025742113050017112,-0.47516426939258405,0.026046600226549223,-0.20791485374427635,0.020474756592350065,0.005451345731844715,0.001283846592975167,0.00027869054287942154,6.344804140736329e-5,1.448867673735244e-5,1.8390058047416707e-6,-1.6066700141325457e-6,-0.05687589731821481
63.0,0.004993766096063251,0.028185827134238988,0.20416718451278087,0.1395050578967322,0.018610228224463333,0.00524331795845147,0.0069251845610465886,0.024039392384877737,0.056362469030651084,0.03400041113447207,0.009089974838441232,0.0020524863029894873,-0.00012019183205333722,-0.0024326503096750497,-0.010181782829077222,-0.04342574439380104,0.1766273636832338,9.454216166565426e-5,0.0005989058050144115,0.0030989931429260807,0.011588795307539741,0.025283848050857958,-0.47572040845980457,0.025578510365097184,-0.20839532120350265,0.020337117762724077,0.005431503687740453,0.0012801768556462314,0.0002777927141535318,6.321211573400527e-5,1.4425284901684504e-5,1.8187959641893464e-6,-1.6157108420939423e-6,-0.057369134217230576
63.5,0.004936705183046462,0.027945276473584132,0.2056344715129933,0.13998091544989733,0.018427987113099804,0.005197588410622404,0.006912915728243456,0.024115488968586993,0.05685632250460253,0.034177454576751615,0.0090932032132797,0.0020500129803429916,-0.0001215462620704916,-0.0024350559243262715,-0.010181153288780742,-0.043252743262898886,0.17714542492638902,9.32421085067386e-5,0.000591338221040017,0.003058617928957291,0.01141881438540548,0.024825306457335133,-0.4762787602819345,0.02510931988857304,-0.2088658082161065,0.020196723073630896,0.005409875665186395,0.0012760224479202778,0.00027677416801452637,6.294640462023974e-5,1.4354628187201894e-5,1.7968427074729856e-6,-1.6251543756248008e-6,-0.05786271685920093
64.0,0.004879700813408705,0.02770496207061491,0.20710032944232676,0.1404562774381609,0.018245924635596145,0.005151904241556127,0.006900660581098943,0.024191522166087907,0.057349812948451664,0.034354356840658046,0.009096426546033416,0.002047540197919863,-0.0001229057679363608,-0.0024374874696990873,-0.010180622429285885,-0.043079851617265685,0.1776646962698853,9.194336651495216e-5,0.000583778200192754,0.0030182825114431697,0.01124899480998336,0.0243671595870188,-0.4768368816087613,0.02464016686753564,-0.2093360647334073,0.0200564292262328,0.005388262048588778,0.0012718712815345235,0.0002757565672664124,6.268098612746444e-5,1.4284060103115358e-5,1.7749240939868361e-6,-1.6345673105665384e-6,-0.058356674056038754
64.5,0.0048227580292347335,0.027464927143200646,0.20856485049890247,0.14093092489098494,0.018064022064208984,0.005106260769316797,0.006888414797826116,0.02426750206154999,0.0578429345998159,0.0345311294509565,0.009099648438191487,0.0020450679557201005,-0.00012427063101728156,-0.002439944405570131,-0.01018019025059265,-0.04290706945690143,0.17818520076325292,9.06459300629682e-5,0.0005762251572306422,0.002977984909564707,0.011079332979784272,0.023909407439908954,-0.4773946341431033,0.02417106282675014,-0.2098060216068141,0.019916226136360283,0.005366663918394337,0.0012677237166378794,0.00027474009198364535,6.241588276498628e-5,1.4213576428929844e-5,1.75304469593387e-6,-1.6439480642335112e-6,-0.05885100580774405
65.0,0.0047625022352282016,0.027191023812193165,0.2101475464973565,0.14134509037628634,0.017864466433798798,0.005058324228960942,0.006875698660075484,0.024343309085534778,0.05833564135963463,0.03470775800169054,0.009102865288264803,0.0020425962537437047,-0.00012564064872949145,-0.0024424265518649467,-0.01017985459180757,-0.042734365088701966,0.1787054517117872,8.929654213056824e-5,0.0005683786829432692,0.0029363950933934697,0.010907283362305056,0.023456962447152035,-0.4779466703939294,0.023699447827756945,-0.21027738450156958,0.01977561823911177,0.005344954142037475,0.0012635471597538975,0.0002737165037598855,6.214918686904216e-5,1.4142769183457079e-5,1.7311113107150415e-6,-1.6533272352148399e-6,-0.05934683577891923
65.5,0.004699847489325302,0.026892515107584145,0.2118158945504272,0.14171510448628682,0.017652109670494978,0.005008731723912173,0.006862643262050663,0.02441898069352902,0.05882795627743816,0.03488424825524276,0.009106077816551185,0.0020401247318417646,-0.00012701610243932718,-0.0024449348089558122,-0.010179616173228469,-0.04256174139385857,0.1792258640070336,8.790967620211426e-5,0.0005603205311334386,0.002893874472361677,0.010733538163752714,0.02300848629539467,-0.47849441943211857,0.023226001831700073,-0.210749646328007,0.019634736628690874,0.005323164052473454,0.0012593506146053534,0.00027268807603513364,6.188138801705802e-5,1.407175654055849e-5,1.7091476786150133e-6,-1.6626962066664616e-6,-0.059843898899965775
66.0,0.004637257210077476,0.026594311809251675,0.21348251388872497,0.1420846806552115,0.017439971877729065,0.0049591907201576805,0.0068496015496844614,0.024494594677697497,0.0593199024027568,0.03506062037995215,0.009109313394367874,0.002037745948284414,-0.00012802650020922059,-0.0024459740186385877,-0.010173542621992866,-0.042377650557687996,0.17972711061783067,8.652876961267247e-5,0.0005522866893751024,0.0028514991714154846,0.010560690456286659,0.02256343588007901,-0.47903903373418616,0.022754224045399094,-0.21121815108100453,0.019495423826926424,0.005301854401556747,0.001255300740100826,0.00027170718796663774,6.162510267557335e-5,1.4003104561225165e-5,1.6879762686068738e-6,-1.671452502919828e-6,-0.06035574829470355
66.5,0.004574728516293436,0.02629641391719576,0.21514747366084072,0.14245388803165124,0.01722804441192719,0.004909698696655089,0.006836571362083412,0.024570153919231494,0.05981147397320796,0.03523685132628841,0.00911256193754536,0.00203542875019085,-0.0001287993009897157,-0.0024460595540049574,-0.01016367238093719,-0.04218603404987255,0.18021618707662623,8.515226922006405e-5,0.0005442715753601397,0.0028092331756637895,0.010388491016860455,0.022120755244597928,-0.4795814352813444,0.02228356128012666,-0.21168407428660782,0.01935716554117347,0.005280864202724123,0.0012513485559884155,0.0002707577003813222,6.137645361646785e-5,1.393603386070433e-5,1.6673350582895322e-6,-1.6797958940740257e-6,-0.060877416789351636
67.0,0.004512266089909026,0.025998827193798976,0.21681075081724416,0.14282266899178037,0.017016343119641446,0.0048602585345956855,0.006823556300736626,0.024645649774557153,0.060302665226409084,0.035412949737825425,0.009115804718340271,0.0020331120923206525,-0.00012957699754447016,-0.002446168499050544,-0.01015388857562016,-0.04199444923516127,0.18070641601193707,8.377729946032751e-5,0.000536265014881814,0.0027670118383770624,0.010216466609805012,0.021678477975897198,-0.4801236524322602,0.021812920123788885,-0.2121496517492565,0.0192190080971156,0.0052598923714859604,0.0012474003335140264,0.00026980951833580915,6.112818721558032e-5,1.3869068672559773e-5,1.6467395700019111e-6,-1.6881030593123681e-6,-0.061399425264571726
67.5,0.004449865969286224,0.025701522827148438,0.21847232230840494,0.14319105810989427,0.01680485503551103,0.004810868793383826,0.006810552764154993,0.024721096649630913,0.06079348192474273,0.03558891561456317,0.009119047499135181,0.002030796514897188,-0.00013035934227110756,-0.0024463003135519806,-0.010144184003063559,-0.04180283848972839,0.1811977743742329,8.24038040601955e-5,0.0005282665577539864,0.0027248326385129256,0.010044610032142109,0.021236601192785535,-0.4806656390878729,0.02134227752685547,-0.21261499871660217,0.019080948613561532,0.005238936746948795,0.001243455532454292,0.0002688624617556431,6.088028659093056e-5,1.380220336946476e-5,1.6261847039791573e-6,-1.696375581320499e-6,-0.06192181981942445
68.0,0.0043875295950206745,0.025404541153922183,0.2201321881343231,0.1435590438612278,0.01659359024370545,0.00476152947301951,0.00679756291323198,0.024796477257305043,0.06128392406820891,0.03576473455054522,0.00912228667844098,0.0020284812976226344,-0.00013114671782784592,-0.0024464558978815453,-0.010134562985054316,-0.041611221981912944,0.18169030826257435,8.103183929293538e-5,0.0005202763840511126,0.0026826964764436567,0.009872927766552145,0.020795113370497782,-0.4812074413472432,0.020871640692304627,-0.2130800921391144,0.01894298564991562,0.005217998409559359,0.0012395152332559452,0.0002679167332245864,6.0632723605884886e-5,1.3735446392409392e-5,1.6056743290084005e-6,-1.7046118774127743e-6,-0.0624445485924666
68.5,0.004325257687410199,0.025107859124589904,0.2217904174435895,0.14392663777054618,0.016382542981842132,0.004712240213353828,0.006784586027669763,0.024871803122344695,0.06177398589442504,0.035940432476493166,0.009125523696853315,0.002026166800645903,-0.0001319386515192395,-0.0024466339915180492,-0.010125021920103321,-0.041419565137419456,0.18218392547884016,7.966135451260651e-5,0.0005122944937731924,0.0026406037123181667,0.009701418372439473,0.02035402459320345,-0.4817489209131892,0.020401005298349432,-0.2135448859177327,0.018805122087369154,0.0051970773593176525,0.001235578175397798,0.0002669721526681837,6.038553202440371e-5,1.3668789300403566e-5,1.5852073899658785e-6,-1.7128135302748386e-6,-0.06296764039561108
69.0,0.0042630542080928195,0.02481152283821221,0.22344710243432545,0.1442934710453644,0.016171360303988268,0.00466158815020881,0.0067656479573321845,0.02493042672148644,0.06230998543454081,0.036105977084341365,0.009119754831596443,0.0020216984331067594,-0.00013325205832449692,-0.002446960286431442,-0.010115588179527813,-0.04122785643148278,0.18267866059732582,7.828519175960218e-5,0.0005042917148584326,0.0025984351368469054,0.009529599250263318,0.01991145056180003,-0.4822965777532572,0.0199283213773883,-0.21398522414469648,0.018660777285019796,0.0051712608049283215,0.0012302563449767422,0.00026567818264946834,6.005184280368136e-5,1.3580986121359909e-5,1.5596392792382269e-6,-1.722234378644797e-6,-0.06349105489217984
69.5,0.004200915195430513,0.02451548043334592,0.22510210480934903,0.14465990095340234,0.015960372106546362,0.004610886026365159,0.006746295715746923,0.024987797002417805,0.06284893531453574,0.0362706803843334,0.009113339138895364,0.0020170761019081508,-0.00013460764757095868,-0.002447319174821283,-0.010106236552904019,-0.041036101626485494,0.18317450209326613,7.691003067075666e-5,0.0004962951935310018,0.0025563007755221917,0.009357914103482065,0.019469131515825622,-0.48284437289050697,0.01945546314435423,-0.2144235570625236,0.018516062249589904,0.005145108951902822,0.0012248389850570355,0.00026436039778401124,5.97123349271152e-5,1.349176766964244e-5,1.5337493557629268e-6,-1.7317083349108156e-6,-0.06401480360693802
70.0,0.004138839929125461,0.02421974919713876,0.2267554476181906,0.1450259274946599,0.01574960576083365,0.004560235403815785,0.006726963642500678,0.025045121184288557,0.06338747030298515,0.036435248268334886,0.009106927767981216,0.0020124564718263746,-0.00013596761487762014,-0.002447701472890341,-0.010096959116955899,-0.040844271910514714,0.183671438441896,7.553639458745629e-5,0.000488306865591297,0.002514209812141257,0.009186404709369394,0.019027214396035923,-0.48339198363151437,0.018982593386555006,-0.21486165948504768,0.018371450937046386,0.005118979067960895,0.0012194267572593113,0.0002630440535141982,5.93732434727274e-5,1.340267442594482e-5,1.5079072645648728e-6,-1.7411460652609785e-6,-0.06453889230226822
70.5,0.0040768287693265706,0.02392432624839944,0.22840706171225925,0.14539151609484163,0.015539059826254484,0.004509638083305244,0.0067076459752108755,0.025102399267098695,0.06392558463750649,0.03659969514230227,0.009100521439151821,0.002007839362786976,-0.00013733197149913478,-0.002448105199819605,-0.010087755151385627,-0.04065233847165756,0.18416948116798054,7.416428913702777e-5,0.00048032695613238745,0.0024721626068530127,0.009015070347627484,0.018585699202430934,-0.48393936387721864,0.018509691935651613,-0.21529948531320808,0.018226944787984888,0.005092869712506896,0.0012140195715463413,0.000261729284895871,5.903459657715166e-5,1.3313707797098736e-5,1.4821154675995116e-6,-1.7505463387175629e-6,-0.06506329792864013
71.0,0.004014883516778398,0.02362921446831925,0.23005694709155494,0.145756701328243,0.015328741505787091,0.004459093704684623,0.006688349196557912,0.02515963413203951,0.06446326103095201,0.03676400083789653,0.009094142481639667,0.0020033173330600887,-0.00013833023675258787,-0.002447053204850488,-0.010073019298541942,-0.04045132928024246,0.18465140074761613,7.279830621808678e-5,0.00047237221207863616,0.002430264503213934,0.00884466156858692,0.018147900745587767,-0.48448282570277096,0.018039196279473896,-0.2157330930773225,0.018084076596170753,0.005067254481358831,0.0012087622978175876,0.00026046300132469107,5.870778957702602e-5,1.3227215785184296e-5,1.4571589769463525e-6,-1.759313186208557e-6,-0.0656051289999233
71.5,0.003949333173630821,0.023291518680998925,0.23192672498996886,0.14597178802029243,0.015097806821056723,0.004406080145129985,0.006668556853003372,0.02521671629384205,0.06500049948332173,0.03692819704822183,0.00908778441276435,0.0019988592297649098,-0.00013908198007644122,-0.002445020164247726,-0.010054550862384347,-0.04024412552755765,0.18512128847243203,7.138050687457139e-5,0.000464119399782394,0.002387092372802089,0.008672393700867621,0.01771781523782321,-0.4850178514002313,0.017567751270766704,-0.2161654331172701,0.01794182065750537,0.0050418434546433185,0.0012035740826425235,0.00025922152300975835,5.838713324502155e-5,1.3142012431092133e-5,1.43269048103348e-6,-1.76766607347662e-6,-0.06616011559062854
72.0,0.0038826371967972586,0.02293998741311249,0.23386765678843702,0.14613722602406298,0.01486024539636341,0.00435229154511881,0.006648614687501844,0.025273703376332078,0.0655373057569982,0.03709224919898272,0.009081428504782501,0.001994404187735474,-0.00013983731363475144,-0.0024430071119095264,-0.010036143651541627,-0.040036783477691004,0.1855917409107404,6.994568486768314e-5,0.0004557705627827486,0.002343507691812659,0.00849946748093896,0.017289815712551337,-0.4855507565409035,0.017095411652164518,-0.2165981189001723,0.017799499892036,0.005016411539290967,0.0011983803751965665,0.00025797891922947863,5.806628558390811e-5,1.3056807670168286e-5,1.4082471322369539e-6,-1.7759878345936807e-6,-0.06671584552868616
72.5,0.003816011809150258,0.02258883214068917,0.2358065832777686,0.1463024681068259,0.014622944719481685,0.004298559128337757,0.006628690529445867,0.025330641478570205,0.06607367985198145,0.03725617169613565,0.009075078359183229,0.00198995148667396,-0.0001405961023716768,-0.0024410127873147,-0.010017791183333383,-0.039829285843494794,0.18606324210267772,6.851256794079553e-5,0.0004474307295058789,0.002299970010256119,0.008326722776061458,0.01686222819763368,-0.4860835694834545,0.01662301008794963,-0.21703052808871082,0.017657292933622514,0.004991001232873277,0.001193192340095958,0.00025673807117514017,5.774597251883446e-5,1.2971747812907862e-5,1.38386146353946e-6,-1.7842666873443883e-6,-0.0672719096849332
73.0,0.003749457730987641,0.022238052863728965,0.23774343530937264,0.14646744511999032,0.014385896146837678,0.0042448843353824674,0.006608785819431086,0.025387545006512875,0.06660962753065403,0.037419961658489306,0.00906873397596653,0.0019855022070271013,-0.00014135858263494025,-0.0024390379107610697,-0.00999949561865308,-0.03962163550616031,0.18653581509777425,6.70810773113343e-5,0.0004391000350076266,0.002256478967983557,0.008154160306532937,0.016435046930687664,-0.4866161519307024,0.016150559543482847,-0.21746266068288567,0.017515198341669272,0.004965615056432626,0.001188010067377926,0.0002554989563374361,5.742618279514716e-5,1.288683707980591e-5,1.3595347938457014e-6,-1.7925021041668615e-6,-0.06782827924745681
73.5,0.00368297568260723,0.02188765534461445,0.2396784433785522,0.14663209943973046,0.014149092475453172,0.004191263924912743,0.0065889012777553225,0.025444405316586222,0.06714514879301596,0.037583621967235,0.009062393194238945,0.001981055088273708,-0.0001421244280395911,-0.0024370814018019014,-0.00998125551690508,-0.039413797891392086,0.18700940227220425,6.565124674325983e-5,0.0004307782091763084,0.0022130343849205178,0.00798178079265122,0.01600827479290458,-0.4871485960807685,0.01567802112268177,-0.21789453973222717,0.01737321611617627,0.004940252649820103,0.0011828338271541539,0.00025426168726290103,5.710688264888579e-5,1.2802072657199065e-5,1.335266947301718e-6,-1.800694436769021e-6,-0.06838495997863954
74.0,0.003616564583562292,0.02153762661798483,0.24161146918812548,0.14679652326416753,0.013912549551880251,0.004137702218715518,0.00656903474352511,0.025501216646407667,0.06768023787668465,0.0377471583847553,0.009056058895191758,0.001976611751083881,-0.00014289395371592657,-0.0024351439807350182,-0.00996306583600462,-0.03920578452395528,0.18748401515073287,6.422308186389889e-5,0.0004224655221236076,0.0021696359009180906,0.007809582793820661,0.015581904581306203,-0.4876808097355315,0.015205406350311555,-0.21832614218720497,0.0172313491383348,0.004914912932588975,0.001177662989164047,0.0002530261288956933,5.67881283533177e-5,1.2717457358750692e-5,1.3110598583010748e-6,-1.808842278319183e-6,-0.06894195764086397
74.5,0.0035502237135550045,0.021187973886818322,0.2435423744409106,0.14696067049424094,0.013676240004801677,0.004084093693159858,0.00654872810732562,0.025556454845785736,0.06821903793473258,0.03790947317716938,0.009049016543385486,0.0019720108487454786,-0.00014370455887742633,-0.002433233930985373,-0.009944930897738638,-0.038997563710745725,0.18795967678289038,6.279608184117205e-5,0.00041415967790021637,0.0021262764930725098,0.00763753461693709,0.015155810964071498,-0.48821334608371886,0.014732625909442267,-0.21875599287787953,0.01708920412553401,0.004889259885805251,0.0011723990526804392,0.0002517670708120409,5.64636060478464e-5,1.2631457737925549e-5,1.2865413319364506e-6,-1.8170365453149076e-6,-0.06949924342221724
75.0,0.003483954873329923,0.02083869571051929,0.2454712052359682,0.14712456417948097,0.013439867071514764,0.0040291709842278515,0.006522370249123012,0.025591487250659403,0.06881200438899936,0.03805729269621235,0.009032549814875392,0.0019653028952030978,-0.0001450166826521882,-0.002431463979162118,-0.009926873031339616,-0.038789138332954706,0.1884363410696162,6.13639103051759e-5,0.0004058354210637487,0.0020828504576783885,0.007465212726881137,0.014728363186931322,-0.4887512299229371,0.014258713160396702,-0.21916528338752125,0.016942089057761015,0.004859179888607152,0.0011658305668038544,0.0002501754602276667,5.6056530859175046e-5,1.2525267268775814e-5,1.2571560472159948e-6,-1.8263877555165225e-6,-0.07005680579793418
75.5,0.0034177551816957593,0.020489789207896437,0.24739805377141946,0.14728818127035734,0.013203744801869926,0.003974306259270521,0.006496037601344175,0.02562649948719405,0.06940449832789487,0.038204996967603794,0.00901609749232174,0.0019585994435221046,-0.0001463314737798224,-0.0024297093336675822,-0.009908859823405563,-0.038580479578669336,0.1889139964861452,5.993341008521999e-5,0.0003975201679500568,0.002039471061568246,0.0072930745127698085,0.014301321657762787,-0.4892889754649736,0.013784709653825559,-0.2195743203523296,0.016795087797043907,0.004829127262726291,0.0011592689237565792,0.00024858578544368915,5.565004091248411e-5,1.241923717843802e-5,1.2278362680958117e-6,-1.8356950022280216e-6,-0.07061469086707539
76.0,0.003351628600290535,0.02014127310669314,0.24932301224538567,0.14745142956874882,0.01296787895824974,0.003919499878436777,0.006469727282797822,0.02566147714943324,0.06999651975141911,0.038352580228961125,0.008999685506446123,0.0019520141206839294,-0.00014719356898094593,-0.0024261735717335496,-0.00988436825685991,-0.03836292946806847,0.1893746989731342,5.851048424704918e-5,0.0003892348071959804,0.001996268678647874,0.007122067886536935,0.013879130614127998,-0.48982058983194865,0.013314873790452847,-0.21997761798409177,0.016650166756436904,0.004799694813270223,0.001152895098366406,0.0002470572684466659,5.525867159272969e-5,1.2316461089784645e-5,1.199635183945118e-6,-1.8441662392114765e-6,-0.07119803990482204
76.5,0.003285574768965338,0.019793134441548604,0.25124582711303345,0.14761444737183724,0.012732276743632429,0.003864753642471175,0.006443442894973063,0.025696428880950837,0.07058806289718951,0.038500056886240794,0.00898329873099428,0.0019454757972786434,-0.0001478891178200252,-0.0024219855801216423,-0.00985749610601235,-0.03814192192792172,0.18982973127566796,5.709147502828581e-5,0.0003809665985337917,0.0019531626355612027,0.006951601483670606,0.013459005384646873,-0.49034994534495374,0.01284648716629812,-0.22037854151423245,0.01650609854845122,0.004770511226711676,0.0011465963640241825,0.00024555292644529543,5.4873351649215214e-5,1.2215014457072376e-5,1.1718983542500485e-6,-1.8522938575561854e-6,-0.07179101212147139
77.0,0.003219592967422347,0.019445383296632333,0.25316663667154454,0.14777724620438776,0.012496935276826703,0.003810066110778071,0.006417184437869899,0.025731354681746837,0.07117912200282348,0.03864740965229507,0.008966924920903232,0.0019389421558092008,-0.0001485866362234617,-0.0024178119944661767,-0.00983065492797114,-0.03792066084294161,0.1902857431832397,5.567421590813697e-5,0.0003727077312339829,0.00191010521257752,0.006781323798833657,0.013039310893263342,-0.4908791164617164,0.012377960804365913,-0.22077925759860037,0.01636215135049964,0.004741356452066013,0.001140305372883546,0.0002440508803932328,5.448870698490892e-5,1.2113761967132459e-5,1.144237405538919e-6,-1.8603681921508738e-6,-0.0723842897443973
77.5,0.0031536824753637402,0.019097995181818383,0.2550854639704494,0.14793977996733973,0.012261854557832562,0.0037554383638041975,0.006390949750594862,0.02576624878943867,0.07176968554355587,0.03879464140831524,0.008950564796470804,0.0019324137364989682,-0.00014928605666333455,-0.002413651554245963,-0.009803841121247167,-0.03769912028240653,0.19074279231967523,5.425870125927594e-5,0.00036445816027794,0.0018670953292500936,0.006611234111728265,0.012620038496403536,-0.4914081953803578,0.011909274536317209,-0.2211796740390743,0.016218330924964743,0.004712231929928875,0.001134021674758358,0.0002425512428370127,5.410474322713754e-5,1.2012709247291629e-5,1.116654360132275e-6,-1.8683888912876206e-6,-0.07297784396168688
78.0,0.0030849775879044548,0.01871256093604327,0.2573891031778111,0.14777690046143316,0.012009788495896446,0.003698926677876729,0.006364349872324042,0.025801030530670257,0.07235976504415184,0.03894174927311001,0.008934218357696994,0.001925889999124579,-0.00014998740164895072,-0.0024095042594610024,-0.00977704964375568,-0.03747728872155135,0.19119964553510316,5.280202834267631e-5,0.00035597721615586756,0.0018230930555983252,0.006439507187673332,0.012205040346819828,-0.4919328026901199,0.011438596644790511,-0.22158115075794232,0.01607423102387489,0.004683031776520421,0.001127719789113163,0.00024104739604039493,5.37199297430292e-5,1.1911521471609161e-5,1.089076326563504e-6,-1.8763782884194051e-6,-0.07357263132884784
78.5,0.003015385473602848,0.018314633844842363,0.2598205289811886,0.14750454721133874,0.01175219198728256,0.0036418225469906163,0.006337644110273379,0.025835754648076085,0.07294936626699396,0.03908873036548811,0.008917881282794872,0.0019193709436860328,-0.0001506904573418943,-0.002405369389813472,-0.009750283376687964,-0.03725516616037605,0.19165708651355387,5.1332693940923295e-5,0.00034742482749356964,0.0017787905978292136,0.006267355287903385,0.011791761548137377,-0.4924558426318212,0.01096713074744648,-0.22198281187305277,0.0159301268009981,0.0046538273013250345,0.0011214168230212348,0.00023954377433684656,5.333529070604964e-5,1.1810422326322768e-5,1.061549730278169e-6,-1.8843219635214691e-6,-0.07416801222141416
79.0,0.0029458720518383014,0.01791716630365193,0.2622495115343538,0.14723228615936557,0.011494883597797498,0.003584780361717201,0.0063109628383486655,0.025870447072377737,0.07353843735063904,0.03923559332902338,0.008901560774742657,0.0019128572904811526,-0.00015139544883523463,-0.002401247485526739,-0.009723538718554909,-0.03703271802458518,0.19211549557227742,4.986522218431951e-5,0.0003388822979077112,0.0017345376605353688,0.00609540002943886,0.011378914207850338,-0.49297879037540127,0.01049549702070991,-0.22238421944332987,0.015786146469346705,0.004624651998191441,0.0011151216901681214,0.00023804251611052684,5.29513663395654e-5,1.170952998529388e-5,1.0341064008431132e-6,-1.8922086619403428e-6,-0.07476362937166611
79.5,0.0028764369624619036,0.01752014390651553,0.2646760047382459,0.146960071206453,0.011237858285356504,0.0035278001220564827,0.006284308217443369,0.0259051135659578,0.07412705320606058,0.03938233528252455,0.008885251791455594,0.0019063490395099375,-0.00015210215103590236,-0.0023971381864518917,-0.009696812067867405,-0.0368099558389439,0.19257489576080414,4.839956805425108e-5,0.0003303495148517574,0.0016903353241635233,0.005923637090492825,0.010966481759108805,-0.4935015998217995,0.010023658009094053,-0.2227853504192433,0.015642287147729417,0.004595507307715286,0.0011088342104793676,0.00023654359885212878,5.256815101624976e-5,1.1608839524611606e-5,1.0067429970330883e-6,-1.9000403180695913e-6,-0.07535952887866432
80.0,0.002807080205473655,0.017123563772241876,0.26710007774145583,0.14668792540213133,0.010981116770257402,0.0034708821881573727,0.006257678806961843,0.0259397454852424,0.07471517349658055,0.0395289591071829,0.008868957934422796,0.0018998454704745658,-0.0001528103726147885,-0.0023930405922166532,-0.009670099823136344,-0.03658685079153931,0.19303526402960372,4.693574280537147e-5,0.0003218265458536292,0.001646183048490311,0.005752067551512013,0.01055447500638011,-0.49402427097101587,0.009551618034385843,-0.22318620480079304,0.015498561801507034,0.004566392509598747,0.0011025550142155674,0.00023504727016402876,5.2185667245409637e-5,1.1508363605761096e-5,9.79461013606758e-7,-1.9078146458077288e-6,-0.07595564159381786
80.5,0.002737801060575733,0.016727437425596115,0.2695214309000897,0.14641599856834758,0.010724643205948107,0.003413895105667345,0.006230459472564052,0.025971905342401694,0.07530934428880583,0.039673416275992496,0.008851693115925862,0.0018931411184212952,-0.000153567822047951,-0.002388964967064987,-0.009643403424957368,-0.036363385595223695,0.19349654275485037,4.547313305906659e-5,0.0003133109599081771,0.0016020709294206786,0.00558065575775423,0.01014273620444122,-0.49454744920989896,0.00907935404705497,-0.2235850999722668,0.015354571385686131,0.004536905677657113,0.0010961598500024157,0.00023352154432106594,5.1795952359715254e-5,1.1406147436117838e-5,9.51791535978546e-7,-1.9156491156003447e-6,-0.07655203090333507
81.0,0.0026685971868002163,0.01633173461406973,0.2719401103132081,0.14614423308127597,0.010468158116873658,0.0033556860379221937,0.006197319290068935,0.025980335708111073,0.07596622709061084,0.0397980335615913,0.008824959262260137,0.001884605949378806,-0.0001541659168426364,-0.0023825793467979776,-0.009608308354173182,-0.036130236714988315,0.19393780296302635,4.401468190721875e-5,0.0003048090371120372,0.0015580852226188175,0.005410345299366378,0.00973645725999354,-0.4950647728680844,0.008614876479180559,-0.22395857151181317,0.015209684919374586,0.004504377748310746,0.0010888336108170248,0.00023177392173029504,5.135124723716805e-5,1.1289981826914761e-5,9.212901061710274e-7,-1.9233233824349783e-6,-0.07719047408089537
81.5,0.0025994729059340372,0.015936501436723323,0.2743565539218868,0.1458723292970225,0.010211956104843278,0.0032975396360875615,0.0061642079194867,0.02598875743024659,0.07662256822845367,0.039922541361921145,0.008798247737826897,0.0018760783434634482,-0.0001547632238115789,-0.0023761976881689897,-0.009573201758623844,-0.03589670175512032,0.19437996210288425,4.255816374210432e-5,0.00029631719848540616,0.0015141510171112337,0.005240237244666523,0.009330624179897712,-0.495581958229088,0.008150143205579314,-0.22433176645699585,0.015064942512627454,0.004471887634600037,0.0010815175458383703,0.00023002938291457483,5.0907453741551885e-5,1.1174065226919701e-5,8.908874183623092e-7,-1.9309299454948334e-6,-0.07782925723902769
82.0,0.0025304273176049176,0.015541709081644019,0.2767701854878682,0.14560063295854184,0.009956052296111231,0.003239459501652559,0.006131128242008636,0.025997164746425664,0.07727836193995173,0.04004695120174719,0.008771556381732675,0.001867557220228489,-0.00015536029443279854,-0.0023698230524437664,-0.009538092281883216,-0.035662800883958706,0.19482311237254532,4.110357012273322e-5,0.00028783548904689777,0.0014702688531212937,0.005070331233505756,0.008925242006238494,-0.496099097491031,0.007685128295529645,-0.22470470785734517,0.01492033552187087,0.00443943317563152,0.0010742109347686307,0.0002282879728925192,5.046454373623309e-5,1.1058418738607914e-5,8.605884843902645e-7,-1.938466870386345e-6,-0.07846827665484564
82.5,0.002461460962036225,0.015147373395383898,0.2791814429522281,0.14532898271912173,0.009700442368890583,0.003181443833872631,0.006098081698230386,0.026005580706178602,0.0779335909379573,0.040171257318686864,0.00874489167665787,0.0018590445604929392,-0.0001559571399609488,-0.002363452918579931,-0.009502971280377437,-0.03542850528959061,0.19526723072247923,3.965090949009553e-5,0.0002793640213430468,0.0014264387306489974,0.004900627986181899,0.008520308578122419,-0.49661623675297395,0.007219836070818483,-0.2250773726633308,0.014775871150083051,0.004407015091703017,0.0010669147680173107,0.00022654969166412814,5.002253973051861e-5,1.0943033217573454e-5,8.303914577883086e-7,-1.945935915649117e-6,-0.0791075380907318
83.0,0.002392572938855681,0.014753491496751675,0.28159014191872406,0.14505737857876227,0.009445122001394404,0.0031234926327477768,0.006065065406960663,0.02601397937878381,0.07858828403438325,0.04029545395035758,0.00871824641962426,0.0018505387435866986,-0.00015655328770058393,-0.0023570881869497615,-0.00946783731351086,-0.03519378904129443,0.1957122941031557,3.8200170589537776e-5,0.00027090263780870467,0.0013826595692476118,0.004731126422248218,0.00811582173465602,-0.49713328381679567,0.006754247083404634,-0.2254498300235437,0.014631543634881426,0.0043746333828145285,0.0010596276950259943,0.0002248142916270253,4.9581441724408426e-5,1.0827903036489588e-5,8.002955472136192e-7,-1.9533369054291903e-6,-0.07974708188336421
83.5,0.002323763428137742,0.014360053301577842,0.28399639763500756,0.14478578596316796,0.009190092634218336,0.0030656058982779975,0.0060320815290929326,0.02602237805138902,0.07924242394208188,0.04041954974033321,0.008691624932418778,0.0018420406698820453,-0.00015714907529130803,-0.00235072795718098,-0.009432691101581308,-0.034958660782644035,0.19615832556410498,3.675135904838671e-5,0.0002624513834624852,0.001338932719475553,0.004561825101109069,0.007711774272861078,-0.4976502847815568,0.0062883368431621445,-0.22582196469033233,0.014487354416861635,0.004342288409114965,0.0010523508862786423,0.00022308206540220092,4.914126097255603e-5,1.071304929783157e-5,7.703062920659511e-7,-1.960666146793394e-6,-0.0803868273593868
84.0,0.0022550311693612184,0.013967058809862397,0.2864000487543665,0.1445143777438161,0.00893536435153189,0.0030077847109100248,0.005999129704478284,0.026030765199229075,0.079895999136288,0.04054353604503989,0.008665028655637067,0.0018335503393789793,-0.0001577439850190615,-0.0023443716890502193,-0.009397525441610561,-0.03472308882053525,0.19660530205579682,3.530450581693937e-5,0.0002540103033230024,0.0012952575510722273,0.004392726543806831,0.007308180598694032,-0.49816723964725734,0.005822106430537751,-0.2261938919113482,0.014343304936619323,0.004309980530753236,0.0010450839816263436,0.00022135299048034807,4.8702014356941616e-5,1.0598458636698405e-5,7.404236923453041e-7,-1.9679246948654917e-6,-0.0810268148554776
84.5,0.0021848900080447473,0.013551884907610107,0.28946957775473237,0.14360959148118863,0.008671517098418175,0.002949032358532586,0.005966010770768917,0.02603910912919981,0.08054900961700164,0.0406674157456689,0.008638453267492196,0.0018250672118541337,-0.00015833838828740885,-0.002338019022408569,-0.009362338172705152,-0.034487081798541944,0.19705260124091295,3.383780781776163e-5,0.0002454574194559518,0.001251111938153869,0.004222952707296412,0.006907059706950116,-0.4986818434608667,0.0053546828445711165,-0.22656618792484895,0.014199196391955604,0.004277656805839423,0.0010378141057455288,0.00021962375799334662,4.8262902797168836e-5,1.0483972784525678e-5,7.106098515231984e-7,-1.9751241560068736e-6,-0.08166751688700788
85.0,0.0021136304042850738,0.013118988797743874,0.29307304912463417,0.1421964363028996,0.00840039699819513,0.0028895418809619915,0.0059327654247917794,0.026047398316536064,0.08120146114660534,0.040791191723411536,0.008611898047686344,0.0018165918275308752,-0.00015893167734506267,-0.0023316690568837514,-0.00932712929486508,-0.03425060226117736,0.19750036141663518,3.235550242788482e-5,0.0002368163216150059,0.0012065976227878443,0.004052671420970352,0.006507983740723025,-0.49919469551017276,0.0048862072636353645,-0.22693871443365277,0.014055063357165934,0.004245326598245212,0.0010305434195296641,0.00021789486314594924,4.7824089485713003e-5,1.036962691210548e-5,6.80872726991345e-7,-1.9822613648462512e-6,-0.0823088239687087
85.5,0.002042452194179293,0.012686585371587933,0.2966726942725052,0.14078473324501983,0.008129588066631213,0.0028301182110143934,0.0058995514117699014,0.026055693266254898,0.08185334220033398,0.04091486685945908,0.00858538460515417,0.0018081855917985346,-0.00015927645239945264,-0.0023243657771914385,-0.009288715091716847,-0.03401067970022334,0.19794194431823547,3.0878984743554784e-5,0.00022819811573921735,0.0011622099898012743,0.0038831381639325008,0.006112242033114246,-0.499702061771266,0.004422083361991583,-0.22730713812606212,0.013912236942625477,0.004213372746263026,0.001023386540369685,0.00021620385146213083,4.739516338733028e-5,1.025762482127034e-5,6.520071346875494e-7,-1.9887647960121178e-6,-0.08297083529100678
86.0,0.001971354837504038,0.01225467174795099,0.3002687206441182,0.1393741019902993,0.00785908454134385,0.002770759908094147,0.005866369812150016,0.026063976691208576,0.08250467582771785,0.041038438272620256,0.008558915100789143,0.0017998800176868266,-0.00015924847333092704,-0.002315630725503328,-0.00924550082388241,-0.033765810133827415,0.19837384641710726,2.941017931051485e-5,0.00021960863173908337,0.001117985324196945,0.003714625929057418,0.005721274459470075,-0.5002013606967523,0.003964613931776894,-0.22766947674247073,0.013771304911357038,0.004181965960476694,0.001016396590229968,0.0002145683252199179,4.6980696704992716e-5,1.0149037814347406e-5,6.244082184609735e-7,-1.9943435870538666e-6,-0.08366385399394885
86.5,0.0019003370737381213,0.011823244325343936,0.3038608516451095,0.13796481913310163,0.0075888936253112604,0.002711468232722441,0.005833219905634301,0.02607225435377968,0.08315543897922666,0.04116190596289505,0.008532469366252243,0.0017915825469256167,-0.00015921781565487564,-0.0023068915321027405,-0.009202239736689542,-0.03352045940848636,0.19880671659625188,2.7943416597079655e-5,0.00021102970460390395,0.001073813420408082,0.0035463196993594445,0.005330759953155979,-0.5007006135231779,0.0035067108822733253,-0.22803149266545505,0.013630521261439942,0.004150600231666219,0.0010094181648554038,0.00021293646799473603,4.656731891037835e-5,1.0040768047969147e-5,5.969360489764017e-7,-1.9998363855089487e-6,-0.08435712047934173
87.0,0.0018293998032538191,0.011392310306744993,0.30744957131561557,0.13655637758376016,0.007318691904811341,0.002650903971173612,0.005793635218525221,0.026049354645420776,0.08388856386490098,0.041255132669408515,0.008495374748714021,0.0017812073770966774,-0.00015966069752356077,-0.002298262544268928,-0.009158957760859832,-0.033274601593478566,0.19924057790519967,2.6472180158890264e-5,0.00020243475084218374,0.0010295862337613754,0.003377786215698611,0.004939085407199457,-0.5012044762556647,0.0030484991851530046,-0.22837804235360412,0.01348667778637474,0.004115464103906176,0.0010012429646494886,0.0002109935771662663,4.60764331309817e-5,9.913551072474692e-6,5.649249129183028e-7,-2.0063820216253266e-6,-0.08505069237101114
87.5,0.00175854392642341,0.010961867531260695,0.3110347183089242,0.1351491000356991,0.007048802073268372,0.0025904030958331242,0.005754064577223671,0.026026362738940653,0.08462135453238588,0.04134818074206211,0.008458274368793222,0.0017708341880867489,-0.00016010204875937403,-0.0022896279741269946,-0.009115621042395647,-0.03302822804523019,0.19967538424489,2.5002983626642257e-5,0.00019385021888957644,0.0009854123491535014,0.0032094583770659753,0.004547865729317565,-0.501708385087212,0.0025898187542249787,-0.22872420019973802,0.013342981252065239,0.004080356788059016,0.0009930757777568437,0.00020905336494532237,4.558641395990222e-5,9.786606318911037e-6,5.330323024295563e-7,-2.0128428961327608e-6,-0.0857445005203662
88.0,0.0016877683628001602,0.010531914558295398,0.3146161312783233,0.1337429634393882,0.0067792226900867105,0.002529969748413455,0.00571453175155778,0.02600339388199083,0.08535350557540479,0.04144115102255092,0.008421205681976594,0.0017604719836186067,-0.00016053943835716593,-0.0022809865611557512,-0.009072222378318763,-0.032781309951828326,0.20011113561532287,2.3535842475484145e-5,0.00018527630007519102,0.0009412914964727764,0.003041338344355004,0.004157107402190701,-0.50221234001782,0.0021306839954456894,-0.2290701045010385,0.013199435980298367,0.004045294490825734,0.0009849208359271739,0.00020711704683447894,4.509755964545685e-5,9.659995687872262e-6,5.012718461920983e-7,-2.0192170746376866e-6,-0.08643858526408492
88.5,0.00161707311238407,0.010102447066062167,0.31819374107522186,0.13233818676536538,0.006509964559733687,0.002469606630031436,0.005675038542272101,0.025980450955762603,0.08608501123157512,0.04153402910491851,0.008384172289753248,0.0017501195031710622,-0.0001609730914100059,-0.0022723386655041098,-0.009028762488927006,-0.03253385595684685,0.2005478550660286,2.2070803130861495e-5,0.00017671310694556222,0.0008972252963893003,0.0028734291788314404,0.003766817268648176,-0.5027163410474886,0.0016710578134773002,-0.22941573220797537,0.013056047733456706,0.004010275411461775,0.0009767783192349345,0.00020518475788957764,4.460987581497233e-5,9.533740985249465e-6,4.6964860000729203e-7,-2.0255006883529737e-6,-0.08713291202787186
89.0,0.0015464572748028619,0.009673462893667538,0.3217677090463321,0.1309344934192669,0.00624101975893326,0.002409310319272413,0.005635582428324259,0.025957525316682106,0.08681587726327948,0.041626838038695185,0.00834716987033625,0.0017397771068930266,-0.0001614025464771017,-0.002263681946204148,-0.008985234891539974,-0.032285828604799026,0.20098551954747687,2.0607823387823795e-5,0.0001681603468796998,0.0008532116780468345,0.0027057261985594413,0.0033769848843715703,-0.503220388176218,0.00121093462601169,-0.22976108332054854,0.012912816511540255,0.003975300990562785,0.0009686478675312146,0.00020325625050824215,4.412336246844865e-5,9.407826032478283e-6,4.381611570434538e-7,-2.031695495818227e-6,-0.087827480811727
89.5,0.001475921570354358,0.009244959159920223,0.325338104340245,0.12953194102491858,0.005972386486940874,0.0023490824368064857,0.005596164130012074,0.025934622727131915,0.08754611519528299,0.04171956053673321,0.008310198423725601,0.0017294453350078663,-0.0001618282649992456,-0.002255017123553688,-0.008941639586157669,-0.03203722789568483,0.20142410601013735,1.9146929976173038e-5,0.00015961825622532664,0.0008092518119293397,0.002538230664060195,0.0029876176324135587,-0.5037244353049471,0.0007502862063779571,-0.23010618088828833,0.012769743755144655,0.00394037050783094,0.0009605302011138363,0.000201331704764928,4.363803367420266e-5,9.28226630470724e-6,4.0681343005120396e-7,-2.037797979954236e-6,-0.08852228009088522
90.0,0.0014054666292991522,0.008816947389585375,0.32890485780836953,0.12813054110708555,0.005704075188074947,0.0022889242431548425,0.005556784727782281,0.02591173166234688,0.08827570774043794,0.04181220236141516,0.008273260110814766,0.0017191114022292399,-0.00016229811301764405,-0.0022465314749864655,-0.008898579462057153,-0.031788604137040335,0.20186490522770723,1.7687669896107067e-5,0.00015108587833689778,0.0007653416463615671,0.0023709189855800296,0.0025985289556382284,-0.5042302341979796,0.00028659749967454066,-0.23045134760461905,0.012626777602826721,0.0039054771204369305,0.0009524226188659668,0.00019940992766636736,4.3153281680946985e-5,9.156804351738212e-6,3.754696597730645e-7,-2.043923676813027e-6,-0.08921203152290644
90.5,0.0013350922715627896,0.008389421099982593,0.3324679233516451,0.1267302245171769,0.005436084781888749,0.0022288359183919395,0.005517444941932701,0.02588887229066601,0.08900464913636176,0.041904772156314905,0.008236388785601383,0.0017089265710997798,-0.00016221135089404635,-0.0022359279707479334,-0.008848700998773027,-0.03153388954001251,0.20229341904562406,1.624036788535262e-5,0.00014259438860452428,0.0007216590949055651,0.0022051040859741027,0.0022171046078385184,-0.5047204977075859,-0.0001632998447043658,-0.23078625727996366,0.012486764671579229,0.0038714329641751292,0.000944576414690277,0.0001975769047650686,4.2692316397799464e-5,9.037199039068467e-6,3.4637684217060486e-7,-2.0484202625820825e-6,-0.08995912442394614
91.0,0.0012645584578960683,0.007958482039298897,0.33656871138742683,0.12479576963672465,0.0051668662679159386,0.002168654495135535,0.005478109838018965,0.025866021562559006,0.08973295090781958,0.041997255515476006,0.008199553475279103,0.0016987633489049813,-0.00016207637383498455,-0.0022251487138408186,-0.008798208841744506,-0.031278140595312205,0.20272179456635905,1.4792383561231579e-5,0.00013409612357076202,0.0006779590762273783,0.0020394463913678404,0.0018369627503109843,-0.5052094704434951,-0.0006130791952962962,-0.2311202680236263,0.012347091720903747,0.003837486048119306,0.0009367597427252916,0.00019575396603327863,4.22341704053461e-5,8.918357636002976e-6,3.1758185523193543e-7,-2.052706527014423e-6,-0.09071055639906592
91.5,0.0011928379535675049,0.0075073912064474516,0.34354294606926217,0.12001755590525279,0.004889715114028793,0.002107674621743378,0.005438639318114682,0.025843153547304275,0.09046060153004626,0.042089663963663614,0.008162749858060992,0.0016886103909541472,-0.0001619361858713663,-0.002214355231051719,-0.00874762376629694,-0.0310217549073372,0.20315063107770015,1.3327603073638731e-5,0.00012550273420587407,0.0006338574915133934,0.0018731820259209487,0.001458657652229701,-0.5056971063066465,-0.00106458298389285,-0.23145455536165266,0.012207410126654402,0.0038035405726591265,0.0009289454117282279,0.000193932400369212,4.177660684120979e-5,8.799744843086087e-6,2.8890570160704933e-7,-2.056905040320493e-6,-0.09146219005757589
92.0,0.00112118254615461,0.007056743356756573,0.3505175034445218,0.11523759040947767,0.004612691092707239,0.002046728062125491,0.005399198690570013,0.025820308581579847,0.09118761252780695,0.04218198021373,0.008125979374542697,0.0016784680573961885,-0.0001617899654134883,-0.002203545361487167,-0.008696934247665175,-0.030764715188939765,0.20358045871884442,1.1864199874264236e-5,0.0001169158162667312,0.0005897891755550649,0.0017070512757200488,0.0010806527382657607,-0.506185203160404,-0.0015170914528953344,-0.23178852000625472,0.012067884837032444,0.003769640836110648,0.0009211436859430503,0.00019211495390831525,4.132033193489576e-5,8.681506970812907e-6,2.603765179296207e-7,-2.061007361510189e-6,-0.09221364508222597
92.5,0.001049588724205501,0.006606509678313379,0.357491346284342,0.11045659920960395,0.004335817253481585,0.0019858185978454406,0.005359789395980604,0.025797469378237996,0.09191394356442362,0.0422742186716316,0.008089242745022039,0.0016683370685289273,-0.0001616371384740236,-0.00219271802470043,-0.008646138124955745,-0.030507015677737327,0.2040111852916706,1.0402221795385338e-5,0.00010833560610105624,0.0005457547586129872,0.0015410564817330628,0.0007029539058575817,-0.5066738071038284,-0.0019706176126831607,-0.2321222541555537,0.011928524495611739,0.003735787918920603,0.0009133552856675808,0.00019030176170643003,4.086530910878023e-5,8.56365316358938e-6,2.319982169502699e-7,-2.065011556189946e-6,-0.0929648926611033
93.0,0.0009780509954492851,0.006156646232950724,0.36446415189529835,0.10567505482100288,0.004058883989685611,0.001923985351608599,0.005315555546579044,0.02574610638114261,0.09271662617017855,0.04233431167833034,0.008044278873777821,0.001656706059447228,-0.0001618181245564694,-0.002181953533898668,-0.008595247643231625,-0.030248644848964727,0.20444283384570902,8.937053725663628e-6,9.974336471082221e-5,0.0005016775739877246,0.0013748918775345264,0.0003244260331655197,-0.5071659606749197,-0.0024248565071659147,-0.23244589261057874,0.011787440481502844,0.003699394151163245,0.0009047331406630779,0.0001882701279353519,4.035582220086158e-5,8.432490728637964e-6,2.004585233784289e-7,-2.0697237389145302e-6,-0.09371593855659047
93.5,0.0009065671989924958,0.005707133932776321,0.37143539013819393,0.1008934873828715,0.0037820652532433454,0.0018619099052290902,0.005269920357764668,0.025686318780720415,0.09354138446358395,0.04238484777352601,0.007996905606318817,0.0016446401705554605,-0.0001620924229708323,-0.002171192644586016,-0.008544244795047264,-0.029989573890709085,0.2048754043809597,7.472002422971668e-6,9.1152485133658e-5,0.00045761222925791206,0.001208773912619968,-5.412841176338426e-5,-0.5076594972178295,-0.002880056999241117,-0.23276637327995184,0.011645963905080927,0.003662282606626205,0.0008958741077123452,0.00018617698748306206,3.983115839273908e-5,8.29767686205148e-6,1.6809195349361534e-7,-2.074575549683722e-6,-0.09446673666962684
94.0,0.0008351357141650335,0.005257950808706601,0.3784047383196044,0.09611233483628565,0.0035054442385532344,0.001799880557910193,0.005224322984585949,0.025626588804123985,0.09436541093440215,0.04243533776966107,0.00794957699732478,0.0016325870669500345,-0.00016235942836974681,-0.002160411226785435,-0.008493120216530975,-0.02972979127820525,0.20530891994695288,6.008485270230791e-6,8.256877477075398e-5,0.00041358262930751925,0.0010427974862274446,-0.00043236718617177083,-0.5081534486522847,-0.0033363579263139707,-0.233086554305431,0.011504652997158086,0.0036252200423410653,0.0008870293006435982,0.00018408843892938782,3.930785639768641e-5,8.163272383484955e-6,1.3588455342476642e-7,-2.0793243100320827e-6,-0.09521728123782985
94.5,0.0007637524892916492,0.004809065887935212,0.38537122835925697,0.09133234629098022,0.0032290425545499404,0.0017379012712899291,0.005178766668383088,0.025566910688970743,0.09518868253310281,0.04248578454792679,0.007902290885902243,0.0016205469287054056,-0.0001626187355856881,-0.00214960910042247,-0.008441868145300182,-0.02946929413026193,0.20574331139509772,4.5465472860548795e-6,7.399246434250626e-5,0.0003695896294902098,0.0008769648492876497,-0.0008102850791550835,-0.5086479071764067,-0.0037937686522561617,-0.23340652788513735,0.011363512079521248,0.0035882089793502023,0.000878199079605748,0.00018200448227432918,3.878594153867387e-5,8.029274479275023e-6,1.0383993916894419e-7,-2.083970371667532e-6,-0.09596753192452145
95.0,0.0006924139228832325,0.004360443875868875,0.3923346297618486,0.08655391358897045,0.0029528715459241606,0.0016759724055172094,0.0051332488881137076,0.02550728731645198,0.09601120502206854,0.04253619387070578,0.007855072482474981,0.001608609072751509,-0.00016251648705891612,-0.0021374508333350238,-0.008386372079301816,-0.02920497652267041,0.206172009609257,3.0935581582190406e-6,6.544443123110111e-5,0.0003257471268990969,0.0007121135280931825,-0.0011829366496682527,-0.5091295962607393,-0.004238986536815447,-0.23371905646655494,0.011224373589829736,0.00355177163357461,0.0008695477625394515,0.0001799828651448391,3.828152766580668e-5,7.899893093235183e-6,7.364685279478986e-8,-2.087281174181181e-6,-0.09676419860286654
95.5,0.0006211165935251288,0.003912058121488173,0.3992942971405306,0.08177761873089655,0.0026769490400469914,0.001614098282378966,0.005087773245266917,0.02544772156775898,0.09683300145082964,0.042586551332041575,0.007807911702873483,0.0015967470281433842,-0.00016215889295422418,-0.002124337631409982,-0.008327864448109422,-0.028937763317834216,0.20659706599762792,1.6473485522669969e-6,5.691860355099162e-5,0.0002820217627412963,0.0005479920936855304,-0.00155181394963106,-0.5096026187216768,-0.004676192908848881,-0.23402635280459308,0.011086686500249672,0.0035157513402379894,0.0008610259190066703,0.0001780063003931881,3.778982311037012e-5,7.773881772493668e-6,4.480288778041318e-8,-2.0896242523503986e-6,-0.09759304818790125
96.0,0.0005498583403238717,0.0034638866557095346,0.40624990780187875,0.07700384779639115,0.0024012928642895286,0.0015522810627686652,0.005042337939098162,0.02538820479931788,0.09765401419556033,0.042636871337890625,0.007760795581736954,0.0015848990293427896,-0.00016179084327645892,-0.002111192376231859,-0.008269199791991819,-0.02866978083492406,0.20702313656533233,2.0291223567052326e-7,4.840081169345948e-5,0.00023833531717519385,0.00038402466795595753,-0.0019203291198638271,-0.510076148272281,-0.0051147375942357,-0.23433332644920696,0.010949179485125124,0.0034797850692380233,0.0008525201921376577,0.00017603494654609358,3.72996604424589e-5,7.64833611303946e-6,1.6148357323368765e-8,-2.091844232747292e-6,-0.09842167880239804
96.5,0.0004786342562505486,0.0030158889617804673,0.41320086245810517,0.07223317702371188,0.0021259159840125693,0.00149052344780314,0.004996945130500909,0.025328745654702545,0.09847430088008638,0.042687145244679064,0.007713724119065391,0.0015730647162008143,-0.00016141143765334277,-0.002098011826460455,-0.008210362984694743,-0.028401011786792215,0.2074502443619005,-1.23975652880584e-6,3.989107816781162e-5,0.00019468770016356176,0.000220209607725057,-0.0022884857618556643,-0.5105502771106731,-0.005554631757592146,-0.23464002349945715,0.010811854705349556,0.0034438735408725335,0.0008440299516718193,0.00017406867980236733,3.6811084680686905e-5,7.523261038783454e-6,-1.231889416121813e-8,-2.0939430497654253e-6,-0.09925006739682661
97.0,0.00040744146011387113,0.002568039289053833,0.42014670011860367,0.06746617688873383,0.0018508367668105756,0.0014288281385992229,0.0049515955397729785,0.025269341252721688,0.0992938384548775,0.042737373052406886,0.007666695874263153,0.0015612444488663688,-0.000161020563538341,-0.002084794901649037,-0.008151354026218196,-0.02813142448033451,0.20787834328827182,-2.6805985443226522e-6,3.138957742117683e-5,0.00015107965451352905,5.65497210288696e-5,-0.002656277392926173,-0.5110250052368532,-0.005995897728150705,-0.23494637480675273,0.010674713601518613,0.0034080167551415203,0.0008355557378325217,0.00017210759019923715,3.632405924743036e-5,7.39865725314149e-6,-4.059670834075463e-8,-2.0959184173033135e-6,-0.10007824854548245
97.5,0.00033503926142464954,0.0021110875728987495,0.4321507111056694,0.05768000323246613,0.001569004757526778,0.0013659244397615739,0.004905958190065136,0.025209884989297642,0.10011258082087307,0.042787540355117656,0.007619704364649839,0.0015494346258503433,-0.00016061959399917694,-0.0020715416017976053,-0.008092164993286133,-0.027861024677933523,0.2083067188090068,-4.148172296223504e-6,2.2739446313989845e-5,0.00010673436153331191,-0.00010971761001921133,-0.0030293896839337768,-0.5115060489343373,-0.006441540588425006,-0.23525344064948783,0.010537502628798932,0.0033721520461344645,0.0008270815239932242,0.00017014768233472127,3.58376218698176e-5,7.2742912220540726e-6,-6.876179463619766e-8,-2.0978371598659326e-6,-0.10090672933803224
98.0,0.00026242680329930745,0.0016525418376634488,0.4453157269342428,0.04674052904019543,0.0012856716475818093,0.0013027621540058056,0.004860282664572725,0.025150460418977765,0.10093055102760339,0.04283765003400267,0.007572756072905849,0.0015376386685673924,-0.00016020682958317668,-0.0020582488656404156,-0.008032789403218157,-0.02758978933005895,0.2087359471623631,-5.620739948893602e-6,1.4060386526890751e-5,6.224712486353526e-5,-0.00027646833406114147,-0.003403449706800755,-0.5119891209904881,-0.006889300764147248,-0.23556036819504106,0.010400422029985042,0.003336327673805444,0.0008186204555891792,0.00016819205123852387,3.535254911893804e-5,7.150351460966819e-6,-9.67525739364855e-8,-2.09964546614138e-6,-0.10173500268480928
98.5,0.00018969164694183902,0.0011933074977102597,0.45881602123064574,0.03546972649335141,0.0010016299446543898,0.0012394639120361236,0.00481459561431516,0.025091079066527213,0.1017477605998336,0.042887725138592216,0.007525850999031182,0.0015258560367941497,-0.00015978202268796384,-0.0020449161529541016,-0.007973221493631692,-0.02731769250598919,0.20916602834834072,-7.09564399728242e-6,5.3673484601823224e-6,1.7689178019672e-5,-0.0004434701269126731,-0.0037780423899071453,-0.5124736682165786,-0.007338970449395771,-0.23586711134435187,0.01026349125311814,0.003300551201281591,0.0008101729828065256,0.00016624109082351637,3.4868945100336274e-5,7.026862589434194e-6,-1.2456003097842623e-7,-2.1013406983202497e-6,-0.10256306858581359
99.0,0.00011584615149166649,0.0007275837245664568,0.47421204719658705,0.022339411732653476,0.0007116822947908384,0.0011745539136523567,0.004766171432333771,0.02501387754595892,0.1026135931562441,0.04291438192039098,0.007474681762049925,0.0015133466245184492,-0.0001595097163472651,-0.002031580379002044,-0.007913461984824559,-0.027044728443341673,0.20959640917821232,-8.59799322157288e-6,-3.4738437545533626e-6,-2.760681523477203e-5,-0.0006132249655680354,-0.004158961808933592,-0.5129666515707609,-0.007792839470946897,-0.2361701204697531,0.010125758784775287,0.0032635815554154964,0.000801325834769857,0.00016418523703817155,3.435927530429875e-5,6.897066188047659e-6,-1.538451778592705e-7,-2.103374976934893e-6,-0.1033913765068861
99.5,4.0923217114545066e-5,0.000255844496708262,0.49098920101845733,0.007862729968621291,0.0004160884103746212,0.00110786171838236,0.00471394803948993,0.024911177482489732,0.1035494501857239,0.042907559259420434,0.0074174015183463195,0.0014998485134447449,-0.0001592356092620112,-0.002017418243373629,-0.007850991995313016,-0.026768972506335854,0.21002413931209876,-1.0121881742356767e-5,-1.244368931993257e-5,-7.353766379579677e-5,-0.0007850950037964882,-0.004542730726144105,-0.5134570533775491,-0.008238723991140498,-0.2364623193654409,0.009988145165573075,0.003225259550388486,0.0007920195869088533,0.00016201977418268555,3.382408558151873e-5,6.761481377698503e-6,-1.8389636657363946e-7,-2.10491352323499e-6,-0.10425820019309974
100.0,9.016259404580219e-7,3.753372065700433e-6,0.5000145212040927,6.38926171013956e-5,0.00025761062194933705,0.0010678537662655925,0.004668036616460794,0.02481011969805484,0.10448483469983243,0.04290084896491013,0.007360232920805133,0.0014864715924796021,-0.00015857838251799616,-0.002001851707066654,-0.007784241275844977,-0.02648924340654356,0.21046588356041115,-1.0922691838258702e-5,-1.7214197879291374e-5,-9.777880867442336e-5,-0.0008738452394203116,-0.00473442574642216,-0.5137393640247356,-0.00857810167387533,-0.23671909113304854,0.00985964691530902,0.0031892889576015876,0.0007833393678924468,0.00016003342913716942,3.3335543583707145e-5,6.637339032848796e-6,-2.1020272321819e-7,-2.1041904117495633e-6,-0.1051700396120008
100.5,8.89501073664994e-7,3.6942921691430658e-6,0.5000152587890625,6.253882859948899e-5,0.00025524361075951615,0.0010582612900575483,0.00462932493031205,0.024710949093913744,0.10541978127286514,0.042894279848772955,0.007303157961980814,0.0014731254642463523,-0.00015789842137397235,-0.001986226286412726,-0.0077172449348196165,-0.02620855487005228,0.21092904082237773,-1.0908949906372232e-5,-1.72221577329578e-5,-9.741415790200594e-5,-0.0008687587663126136,-0.004713210094371231,-0.5138045019973801,-0.008817819670247888,-0.23694490738145535,0.009739272904179967,0.0031553467234816074,0.0007751649780215813,0.00015817594987388103,3.287808412511543e-5,6.5201239272096725e-6,-2.3478937101074892e-7,-2.1027274826524663e-6,-0.10606296689128587
101.0,8.81365014330183e-7,3.660318239105252e-6,0.5000151204918807,6.196131856599963e-5,0.00025289433690356346,0.001048680968875251,0.0045906503395011415,0.024611867806702582,0.10635387501327653,0.04288771937620964,0.007246139186386616,0.001459796533123604,-0.00015720054282162486,-0.001970541081039567,-0.007649998650450001,-0.025926898253288155,0.2113933275113293,-1.0894363875475535e-5,-1.7227953879494682e-5,-9.704021078582257e-5,-0.0008636243033625208,-0.004691838857990738,-0.5138706080502974,-0.009059399636490467,-0.23717035483737728,0.009619094814058517,0.0031214667951232357,0.0007670088657079507,0.00015632462690604056,3.242250137998979e-5,6.403484215729186e-6,-2.5914371572153533e-7,-2.1011138467112516e-6,-0.10695580197244972
101.5,8.732376597664148e-7,3.6263766661961635e-6,0.5000149821946989,6.138435438320356e-5,0.00025054729146899775,0.0010391097414529575,0.004552013204176981,0.024512881598803934,0.10728710439630146,0.042881156022455034,0.0071891751534268935,0.0014464858795580908,-0.00015648435294808217,-0.001954795370649355,-0.007582491618268799,-0.025644256269103452,0.21185872057773555,-1.0879005493984483e-5,-1.7232018216228917e-5,-9.665927452983453e-5,-0.0008584510343672646,-0.004670327883832764,-0.5139377282825481,-0.0093029013573223,-0.2373954795998749,0.009499118407327242,0.003087649892824294,0.0007588718412866044,0.00015447947148830148,3.196886568991439e-5,6.287426932565755e-6,-2.8326144892851796e-7,-2.099346514408592e-6,-0.10784856790502266
102.0,8.651190099736895e-7,3.592468857247484e-6,0.500014843897517,6.0807947305754235e-5,0.00024820254198373984,0.0010295476077906674,0.004513411723595011,0.024413990470217795,0.10821941179811415,0.042874609955848166,0.007132268023995114,0.00143319278325199,-0.00015574951411374027,-0.0019389871744230796,-0.007514721677382547,-0.025360617392733018,0.21232519697206617,-1.086286210041392e-5,-1.72343254201902e-5,-9.6271281606121e-5,-0.0008532385991779339,-0.004648677171897312,-0.5140057243969506,-0.009548352204060627,-0.23762025861941796,0.009379343683986146,0.0030538956564358714,0.0007507530944224931,0.00015264061867650543,3.1517132036275376e-5,6.171958408461957e-6,-3.071400427310151e-7,-2.0974237272048827e-6,-0.10874121858994407
102.5,8.570087132440863e-7,3.5585923503037664e-6,0.5000147056003351,6.0232086078998186e-5,0.00024585993088264117,0.0010199945678883808,0.004474847698499789,0.024315188658561592,0.10915087789207066,0.042868055245667426,0.007075414196602167,0.0014199173342425298,-0.00015499514845562846,-0.001923113611169452,-0.007446672981239157,-0.025075952812263973,0.2127928027933818,-1.084594283916979e-5,-1.7234883932368633e-5,-9.587614197745424e-5,-0.0008479858273105679,-0.004626883840993092,-0.514074780789747,-0.00979577522623575,-0.23784469189600643,0.009259767042546115,0.0030202028254367793,0.0007426531203203691,0.00015080792216015727,3.106732574204304e-5,6.057070202427688e-6,-3.307831021352162e-7,-2.0953486504714113e-6,-0.10963374250244878
103.0,8.489070333585458e-7,3.5247503107363004e-6,0.5000145673031533,5.965678195758889e-5,0.0002435195707122365,0.0010104504416716424,0.004436319328146759,0.024216490569791766,0.11008143352958011,0.04286151782263442,0.007018616552439341,0.0014066599827158488,-0.00015422116593651901,-0.0019071737805161951,-0.007378346250136453,-0.024790248121739876,0.2132615149921521,-1.0828217463370897e-5,-1.7233648734150335e-5,-9.547374309729954e-5,-0.0008426928988396221,-0.00460494284903535,-0.5141448974609375,-0.010045220124397392,-0.23806875638011,0.009140394965687547,0.002986574281018306,0.0007345721890919158,0.00014898155075905906,3.061948338484116e-5,5.942780603274838e-6,-3.5418234002323446e-7,-2.0931144259037207e-6,-0.11052610506824136
103.5,8.408138823900878e-7,3.4909402765896386e-6,0.5000144290059715,5.908202368687287e-5,0.00024118148398183265,0.0010009155892893628,0.004397828773429387,0.024117878916760586,0.11101110176017277,0.042854986161983986,0.006961875091506635,0.0013934209087464024,-0.0001534269475504711,-0.0018911651614209317,-0.007309729239011459,-0.02450348891520428,0.21373126441978615,-1.0809695820839023e-5,-1.7230609977713524e-5,-9.506402869238954e-5,-0.0008373586432811357,-0.004582853115577352,-0.5142160283114615,-0.010296707066884575,-0.23829249817078926,0.009021228173708267,0.0029530085825848077,0.0007265100756440638,0.00014716147070925042,3.017357964169943e-5,5.8290910178350895e-6,-3.773384598109117e-7,-2.090723515457257e-6,-0.11141837543591272
104.0,8.327327774179216e-7,3.4571643581113067e-6,0.5000142907087897,5.85078225215036e-5,0.00023884567069142967,0.0009913898306670866,0.0043593756741987615,0.024019360902446274,0.11193988258384865,0.042848468907289994,0.006905201338569203,0.0013802477420276746,-0.0001524276806328592,-0.0018744067122929047,-0.007238818079323207,-0.0242139349531191,0.21420103689695053,-1.078460497776007e-5,-1.721170075305279e-5,-9.457923449418337e-5,-0.0008315070338119553,-0.004557582907086052,-0.5142762336846205,-0.010536419300874554,-0.23851116906480127,0.008903327665300168,0.002919812937157392,0.0007185679368021986,0.00014538584654064698,2.9741384066483764e-5,5.719452404228582e-6,-3.987615607999648e-7,-2.087100572163785e-6,-0.11235130517504366
104.5,8.246670596672959e-7,3.4234239621329884e-6,0.5000141524116078,5.793419534346128e-5,0.00023651213084102758,0.0009818732558420419,0.004320957869561417,0.023920942289231407,0.11286777600060777,0.04284195741497858,0.00684861114017913,0.0013671954953058249,-0.00015100810868142234,-0.001856106105527849,-0.007163281887319513,-0.02391954347086097,0.21466972604619053,-1.0746204100121544e-5,-1.716051318224103e-5,-9.394048226383878e-5,-0.0008245830809601845,-0.004525600243190984,-0.5143115916641097,-0.010748505952495102,-0.23871930632346347,0.008787922988845502,0.0028873426316367895,0.0007108627759437907,0.0001436989990786123,2.9336551367516244e-5,5.617898148892509e-6,-4.16707061793869e-7,-2.0809873609361874e-6,-0.11337237631806434
105.0,8.166102225416736e-7,3.3897166266992374e-6,0.500014014114426,5.736111401611224e-5,0.00023418081941201248,0.0009723660448886837,0.004282578600857553,0.023822615874137764,0.11379478201045011,0.04283545744743232,0.006792074243827889,0.0013541631468113094,-0.00014956276357353993,-0.001837716541981769,-0.007087393469680832,-0.023623966378387727,0.21513972901865794,-1.070684024619552e-5,-1.710713939499279e-5,-9.329254060893621e-5,-0.000817606636404631,-0.004493402210247121,-0.5143479177238718,-0.010962802477833728,-0.23892698259151954,0.00867274664680043,0.0028549427352282937,0.0007031787738339059,0.00014201938835875865,2.8933986481222863e-5,5.517032185957691e-6,-4.34368778459075e-7,-2.0746879203644584e-6,-0.11439388540216083
105.5,8.07830713565526e-7,3.353075343789111e-6,0.5000138758172441,5.673845031290256e-5,0.00023164417808509664,0.0009619542299080471,0.004239247644775943,0.023679439394855787,0.11485300899632388,0.04275888690775615,0.006726594129717962,0.0013396992063954517,-0.000148409127828938,-0.001819311131883604,-0.007011164351172317,-0.023327192150934224,0.2156110458143528,-1.0670806362864835e-5,-1.7068956576265237e-5,-9.270640951088908e-5,-0.0008108581661097593,-0.004462001546992276,-0.5143877473122404,-0.011178710309400298,-0.23912643017725643,0.00855656404869794,0.0028203907690019406,0.0006947475527708624,0.0001401416394645714,2.848202773451445e-5,5.4041757965826195e-6,-4.548220008926809e-7,-2.0689533227137386e-6,-0.11541589005115889
106.0,7.98985435208165e-7,3.316165004319475e-6,0.5000136914210017,5.6111222847710925e-5,0.00022908844886589626,0.0009514581400822296,0.004195443813174152,0.02353176393537723,0.11592387864957043,0.04267514796415484,0.0066602482176259204,0.0013251071430044952,-0.0001472613782681007,-0.0018008207266424357,-0.006934570761965841,-0.0230291991795658,0.2160836764332751,-1.0634232959583446e-5,-1.7030303875755326e-5,-9.211822443858374e-5,-0.0008040851156517098,-0.0044304834751924356,-0.5144289137733667,-0.011396852504810899,-0.23932458698929618,0.008440491656162227,0.0027856841188183003,0.0006862593381426486,0.00013825026118503237,2.8027094945626676e-5,5.290728186192469e-6,-4.7529861190302857e-7,-2.063105650966441e-6,-0.116438275017407
106.5,7.901495650376888e-7,3.2792905390577733e-6,0.5000135531238199,5.548460313380665e-5,0.00022653526319838,0.0009409720443886932,0.0041516828392927745,0.023384229654271796,0.1169936880244229,0.0425914925751009,0.006593967852635686,0.0013105365985109727,-0.0001460856496387378,-0.0017822339815675673,-0.006857598296104961,-0.02272996441475214,0.21655762087542485,-1.0596674774123463e-5,-1.6989384769402964e-5,-9.152056857538368e-5,-0.0007972569624102728,-0.004398736348685181,-0.5144711405128871,-0.01161730469533684,-0.2395222828107298,0.008324647598036106,0.002751050578863599,0.0006777935878027602,0.00013636636725005067,2.757448624268039e-5,5.177996653129327e-6,-4.954813709454414e-7,-2.057067705233922e-6,-0.11746112097426123
107.0,7.813232789080578e-7,3.2424530031277696e-6,0.5000133687275774,5.485857428920953e-5,0.00022398455355462712,0.0009304963930135767,0.004107964002833986,0.02323683799213513,0.11806248321994194,0.04250792074059432,0.006527753034747259,0.0012959879330637952,-0.00014488131168025498,-0.0017635483756166211,-0.0067802411912071025,-0.022429467688154237,0.2170328560912717,-1.055813462014825e-5,-1.6946185188891305e-5,-9.091332937475417e-5,-0.000790373436273765,-0.0043667569261303125,-0.5145142431345591,-0.011840069762169414,-0.2397195176415573,0.008209044119382553,0.002716490869435659,0.0006693500766581279,0.0001344901039701214,2.712423820329937e-5,5.065984362764481e-6,-5.15372739975366e-7,-2.0508412440557856e-6,-0.11848439334742612
107.5,7.725067526732326e-7,3.205651693113621e-6,0.5000132304303956,5.423319258718692e-5,0.00022143638746255833,0.0009200310058824245,0.004064288384244521,0.023089593270754164,0.1191302411865972,0.04242443246063509,0.006461608085747572,0.0012814615968491016,-0.00014364785793324612,-0.0017447619279705865,-0.006702488642804932,-0.022127697475006935,0.21750938208081572,-1.0518603353251863e-5,-1.6900686845408464e-5,-9.029644493610116e-5,-0.0007834338169443643,-0.004334540885740897,-0.5145584521336858,-0.01206520028704963,-0.2399162914817787,0.00809367473752117,0.002682006791279035,0.0006609296600624154,0.00013262138130801682,2.6676359268473715e-5,4.954694128761299e-6,-5.34969553621514e-7,-2.0444238054765853e-6,-0.11950813823596228
108.0,7.637001621871737e-7,3.168887664139091e-6,0.5000130921332138,5.36084073817982e-5,0.00021889067488494596,0.000909575792958009,0.004020655623375469,0.022942489727746325,0.12019690430056293,0.042341027735223226,0.006395528683849692,0.001266957499829664,-0.0001423848832301863,-0.0017258730179593642,-0.00662433632911152,-0.021824637928758144,0.21798717579452653,-1.0478069718780835e-5,-1.685286160232077e-5,-8.966979708556323e-5,-0.0007764375641987043,-0.004302085346325647,-0.5146036292130853,-0.012292717878912151,-0.24011258128186366,0.00797854881632364,0.0026475974440214496,0.0006525315726991867,0.00013076040184749937,2.623084381087669e-5,4.844135447233645e-6,-5.542674155348738e-7,-2.037814158518599e-6,-0.1205322864912788
108.5,7.549087830686947e-7,3.1321630264517042e-6,0.500012953836032,5.2984269318984e-5,0.00021634757338693855,0.0008991310243520132,0.003977066440524652,0.02279553600668547,0.12126254171043004,0.04225770656435871,0.006329533556796993,0.0012525373175064963,-0.00014085515073058828,-0.0017060158476008389,-0.006543244480006284,-0.021517479887901838,0.21846706701549518,-1.0427197981682069e-5,-1.678149162417452e-5,-8.893858224963854e-5,-0.0007687428026401024,-0.004265250756301188,-0.5146297673804522,-0.012497622440948947,-0.24030174877708413,0.007865088943988534,0.0026136860026333628,0.0006443001442445369,0.00012896369771294724,2.5806070679624276e-5,4.739991214767863e-6,-5.707456350461594e-7,-2.0291997764113264e-6,-0.12162561791180844
109.0,7.461359565430447e-7,3.0954791868831457e-6,0.5000127694397895,5.236075026211062e-5,0.00021380701544061528,0.0008886965199899818,0.0039335190349475135,0.022648719142210807,0.12232715341619854,0.04217447759161543,0.006263629187269874,0.0012382312123508973,-0.00013894506721698265,-0.0016847748050516826,-0.0064579986733612335,-0.0212048547865761,0.21894960893244902,-1.0361523561607315e-5,-1.667642943403512e-5,-8.80574554294978e-5,-0.000760042505321906,-0.004222053415465571,-0.5146272319321186,-0.012668147187938864,-0.24048065923131845,0.007753980123744631,0.0025804712693136625,0.0006363037129543339,0.00012725834760060845,2.5410770672145565e-5,4.64498681604322e-6,-5.831988651468629e-7,-2.0177149301074062e-6,-0.12282094350394165
109.5,7.373730657661609e-7,3.0588319249383634e-6,0.5000126311426076,5.173786709315827e-5,0.00021126891100874842,0.0008782726400208258,0.003890016287835343,0.022502056421470067,0.12339070484357298,0.04209132929222822,0.0061977925257380275,0.0012239492371723371,-0.00013699760699920424,-0.001663402848373367,-0.006372261623601539,-0.020890735787567415,0.21943378736605457,-1.0294656148264775e-5,-1.6568554987359984e-5,-8.716422985687716e-5,-0.0007512698630912066,-0.004178521496291607,-0.5146254340687547,-0.012840974006768079,-0.2406589473482345,0.007643143576077464,0.0025473422514347872,0.0006283329872926556,0.0001255618774098572,2.5018222427440195e-5,4.550815965091174e-6,-5.95306366361295e-7,-2.0060042873182505e-6,-0.12401809000896903
110.0,7.286203745189841e-7,3.022222999156962e-6,0.5000124928454258,5.11156085574735e-5,0.00020873344016579342,0.000867859024295634,0.003846556038294674,0.022355537760293736,0.12445316141825788,0.04200826166619707,0.006132025733094921,0.0012096922923430936,-0.00013501224110853995,-0.0016418972764490594,-0.006286025407451157,-0.02057509551955854,0.21991955621725123,-1.0226583080169298e-5,-1.645784155434712e-5,-8.625880986722214e-5,-0.0007424244707804793,-0.004134651037141276,-0.5146245120875425,-0.013016151877688497,-0.24083659007830202,0.007532582182178325,0.0025142982286989147,0.0006203885074828687,0.0001238742646313866,2.4628451268478462e-5,4.457501171218664e-6,-6.07063434596013e-7,-1.994066089504255e-6,-0.12521701132782997
110.5,7.198773992031228e-7,2.985650650999337e-6,0.500012354548244,5.0493980282383024e-5,0.00020620044534660177,0.0008574557628516344,0.0038031390066233287,0.02220916027749053,0.125514580764079,0.04192528335709586,0.006066325207851444,0.0011954599276770277,-0.0001329879791354845,-0.0016202548479385607,-0.0061992777798471135,-0.020257919576593036,0.220406915486039,-1.0157305060736723e-5,-1.6344270846184647e-5,-8.534104915003762e-5,-0.0007335052479429908,-0.0040904359154830885,-0.5146242354931788,-0.013193688003678336,-0.24101358742152096,0.007422295942047212,0.002481339381180501,0.0006124698233388342,0.00012219543048262236,2.4241434685953435e-5,4.365032938311827e-6,-6.184743782730486e-7,-1.981901040081261e-6,-0.12641778813388052
111.0,7.111461181756322e-7,2.94912279389371e-6,0.5000122162510621,4.987307230511461e-5,0.00020367051179315387,0.0008470650165822931,0.0037597756371397268,0.022063014730586025,0.12657505507915762,0.04184224742416889,0.006000679425242444,0.0011812493520200792,-0.00013092500115449336,-0.0015984726816505824,-0.006112010097215543,-0.019939189230927527,0.22089588822194817,-1.0086827717293785e-5,-1.6227840049209192e-5,-8.441090268670972e-5,-0.0007245116993739886,-0.004045872169679025,-0.5146247425828455,-0.01337358382533324,-0.24118991632836104,0.007312283415088481,0.0024484646284328128,0.0006045769798791661,0.00012052548751009915,2.3857164238875005e-5,4.2734024736726395e-6,-6.295367354369551e-7,-1.9695100183190715e-6,-0.12762051262524193
111.5,7.022492266808752e-7,2.911925460760597e-6,0.5000120318548197,4.9240915301703255e-5,0.000201093803899886,0.0008364662843168322,0.0037152248566964603,0.021903112935875838,0.12767857439208247,0.04173326060130877,0.005932851860530427,0.001166722115433108,-0.00012889595595371326,-0.0015765657237649324,-0.006024215876876048,-0.019618882873627355,0.22138645137544846,-1.0016140755929976e-5,-1.6112586770353e-5,-8.348484728991805e-5,-0.0007155086968960719,-0.004001191015329966,-0.5146265404462094,-0.01355571257023653,-0.2413638711335796,0.007202301860936099,0.0024151730033206077,0.0005965321985976574,0.0001188164796353827,2.3463624177832618e-5,4.17966668541878e-6,-6.409675066480329e-7,-1.9570660645147826e-6,-0.12882502345520203
112.0,6.928387097310939e-7,2.8726592057826294e-6,0.5000118935576379,4.857394202778347e-5,0.0001983727213119092,0.000825227117250333,0.003667040533889817,0.0217017335113802,0.12891422513748585,0.041545545226497595,0.005858271143587695,0.0011511811496988163,-0.00012705141954191503,-0.0015545671079814254,-0.005935898000019915,-0.019296990420523005,0.22187860494653985,-9.947250318626263e-6,-1.6006662192391486e-5,-8.259608981472488e-5,-0.0007066277398803803,-0.003956860285871338,-0.5146308276588463,-0.013739786119259377,-0.24153199440763076,0.0070918528334972,0.0023804479855425048,0.00058797627597417,0.00011697202200615874,2.303646506004463e-5,4.07784442864696e-6,-6.542115959724316e-7,-1.9449224692749654e-6,-0.130031481970473
112.5,6.834386121284701e-7,2.833431990383885e-6,0.5000116630623348,4.7907615896438187e-5,0.00019565436235007203,0.0008139992948745313,0.003618903750739429,0.021500545686105228,0.13014868883207845,0.04135801136673757,0.005783764977469545,0.0011356666549094854,-0.00012516515087505122,-0.0015324213713677629,-0.005847030535925551,-0.018973491703275468,0.22237232588569203,-9.877130310430988e-6,-1.589778326789418e-5,-8.169450203457627e-5,-0.000697669485904659,-0.003912165806012571,-0.5146359446545742,-0.013926311562068514,-0.24169944924530307,0.006981681120719794,0.0023458112042476042,0.0005794473645190098,0.0001151366468822848,2.2612163217406258e-5,3.97689405581112e-6,-6.670993612094408e-7,-1.932549032908822e-6,-0.13123983054722904
113.0,6.74063441824742e-7,2.794252255554466e-6,0.500011524765153,4.724201006291496e-5,0.00019293879454229535,0.0008027825470777437,0.0035708163079898525,0.021299560984816075,0.1313818963272694,0.04117066478441129,0.005709367936471438,0.001120286315589513,-0.0001228324776329663,-0.001508659916701994,-0.005753253882024943,-0.018641922769229578,0.2228738145165573,-9.785626460643333e-6,-1.5742779959814785e-5,-8.060116872326485e-5,-0.000687480152913811,-0.0038597331666514233,-0.5145974058399028,-0.014055154114691512,-0.2418542268413071,0.0068743538640417,0.0023120432822005626,0.0005712212932794116,0.00011342398124519072,2.2229123748051076e-5,3.889249848747721e-6,-6.74004662638457e-7,-1.915919227283617e-6,-0.13260395937455746
113.5,6.647076594201549e-7,2.7551240459354623e-6,0.5000113403689105,4.657722300543166e-5,0.00019022655811194567,0.0007915796650140308,0.0035227875695127736,0.021098861521464462,0.13261390524688443,0.040983381588293344,0.005635050128233757,0.0011049851189927392,-0.00012025223577850895,-0.0014840034919923165,-0.005656700119871388,-0.018305363611872464,0.22338021269737773,-9.682811684118657e-6,-1.5563140215290276e-5,-7.94048215687455e-5,-0.0006766311621737984,-0.0038032146378946447,-0.5145373387639256,-0.014156256557591371,-0.24200222787540124,0.006768600458104805,0.002278756699173112,0.0005631609355575009,0.00011177725662277545,2.186815324731824e-5,3.80868939091972e-6,-6.77744812596578e-7,-1.8970500973258675e-6,-0.13404790872533515
114.0,6.553613291659429e-7,2.716028896861026e-6,0.5000112020717287,4.591299586695847e-5,0.0001875165838669434,0.0007803860567847767,0.003474797366969175,0.02089828594933824,0.13384462339280234,0.04079641532321711,0.005560825598564033,0.0010897165158724137,-0.00011761895074224905,-0.0014591591595883096,-0.005559469998062917,-0.017966869734565297,0.223888708385456,-9.578519734326086e-6,-1.537991727046736e-5,-7.819253219758636e-5,-0.0006656839408183026,-0.003746200184087379,-0.5144772716879484,-0.01425909347764675,-0.24214932997781344,0.0066631755079747685,0.0022455723984363936,0.0005551320008280775,0.00011014138148630494,2.1510533819656e-5,3.7291467758148817e-6,-6.810661223843649e-7,-1.8779083937293992e-6,-0.13549668695271194
114.5,6.460274405794336e-7,2.676981404209875e-6,0.5000110637745468,4.524955092690142e-5,0.00018480983970748695,0.0007692057740652309,0.003426865148400252,0.02069799417455391,0.13507415448790952,0.04060951244434921,0.005486665895698294,0.001074475013957643,-0.00011493302769171148,-0.0014341244884848235,-0.005461553432430025,-0.017626435374925503,0.2243992324322012,-9.472771010325034e-6,-1.5193109718514352e-5,-7.696421619988641e-5,-0.0006546382187356401,-0.003688680441357938,-0.514417250711032,-0.014363615894605747,-0.2422955331485437,0.006558078293353769,0.00221248947961813,0.0005471339938863887,0.00010851606321478898,2.115619371664848e-5,3.6506079351163704e-6,-6.839768571379592e-7,-1.8584997438209474e-6,-0.1369503747300439
115.0,6.367048506098842e-7,2.6379750613854733e-6,0.500010925477365,4.458679814803276e-5,0.00018210586419278402,0.0007580369260736103,0.0033789829905299623,0.020497904083159754,0.13630241785884983,0.04042278819934119,0.005412586866188626,0.00105926412470031,-0.00011219294724867784,-0.0014088964174161145,-0.005362940698952113,-0.017284037483422776,0.22491176178808298,-9.365549333551139e-6,-1.5002697863787682e-5,-7.571981167505155e-5,-0.0006434928254418502,-0.003630652888663946,-0.5143571836350548,-0.014469848298594311,-0.24244081433806175,0.006453312415730917,0.002179508482941688,0.0005391675900116427,0.00010690150439199003,2.080518921156304e-5,3.5730791995667618e-6,-6.864721369099581e-7,-1.8388213339371444e-6,-0.13840898358209616
115.5,6.273918007176899e-7,2.5990038893531637e-6,0.5000107871801831,4.3924624983817786e-5,0.0001794042634099632,0.0007468777120653597,0.0033311400888909747,0.020297946526564862,0.13752934435703243,0.04023641257847904,0.005338602555842558,0.001044086639254475,-0.00010939748265591993,-0.001383472605414261,-0.00526362459465096,-0.016939664535291967,0.2254263195026317,-9.256863848410345e-6,-1.4808677485792299e-5,-7.445922858585403e-5,-0.0006322472657321804,-0.0035721124839206476,-0.5142971165590776,-0.014577783486634223,-0.24258515049683724,0.0063488829171909665,0.0021466319294494445,0.0005312329692782952,0.00010529772752721504,2.0457524524894727e-5,3.4965665482007124e-6,-6.885530607876146e-7,-1.818875450179476e-6,-0.13987260570698995
116.0,6.180913683471588e-7,2.5600798461822584e-6,0.5000106027839407,4.326324245900906e-5,0.0001767058476940743,0.0007357318235668171,0.0032833555313755737,0.020098269886120568,0.1387550953291694,0.040050077294294925,0.005264684873045031,0.0010289370653492446,-0.00010654697155304185,-0.0013578494509901525,-0.0051635910737190364,-0.01659329636219405,0.22594288252631703,-9.146715258318492e-6,-1.4611028888884628e-5,-7.318229811249182e-5,-0.0006209009093460359,-0.0035130531045965557,-0.5142370494831005,-0.014687412815151618,-0.24272854162487018,0.0062447869165426296,0.0021138580183968445,0.0005233293663699101,0.00010370459756462236,2.0113150417534607e-5,3.421061891736041e-6,-6.902214752375134e-7,-1.7986624442558634e-6,-0.14134129872855103
116.5,6.088017949586863e-7,2.521195897714339e-6,0.5000104644867589,4.2602535213408514e-5,0.0001740102006229389,0.0007245973247775859,0.0032356203142609842,0.019898794929066453,0.13997957857713958,0.03986392928754455,0.005190847143305753,0.0010138183742131352,-0.00010364029972935011,-0.001332024433101412,-0.00506283257302921,-0.016244914236385657,0.22646147390866928,-9.035085274463694e-6,-1.4409707054450792e-5,-7.188893584506389e-5,-0.0006094525857994564,-0.003453468268011272,-0.514176890209002,-0.014798757893081159,-0.2428709877221606,0.006141026574679372,0.0020811860294860656,0.0005154575015843094,0.00010212223830540015,1.9772113314928245e-5,3.3465701540836396e-6,-6.914744347058169e-7,-1.7781809093346228e-6,-0.14281512027060517
117.0,5.995263778140313e-7,2.4823499337018796e-6,0.5000102800905164,4.194242446444186e-5,0.000171316984556953,0.0007134725049903385,0.0031879247135266076,0.0196994525068116,0.14120274800188232,0.039678138548513917,0.005117110615410474,0.0009987591976845732,-0.00010058086849411449,-0.0013056502781605792,-0.004960280170613545,-0.015892407685248154,0.22698488264285546,-8.91611022238825e-6,-1.4192704674070335e-5,-7.053245185365129e-5,-0.0005976173272665894,-0.0033916054895637257,-0.5141037309998112,-0.014892464317944115,-0.2430096075974202,0.006038230711599851,0.0020488178261817403,0.0005076902600573629,0.00010058176886639207,1.9445356960743215e-5,3.2767561317795713e-6,-6.906322261256663e-7,-1.7562360936083642e-6,-0.14434039988906722
117.5,5.902898683581288e-7,2.4435658702835035e-6,0.5000101417933346,4.128318876478247e-5,0.00016862718990562185,0.0007023618210478492,0.003140289977958195,0.01950039964428121,0.14242468427675367,0.039492399670926465,0.005043486453975435,0.0009838814461699426,-9.689824458695611e-5,-0.0012770215009994738,-0.004850675692371011,-0.01552533527155297,0.22752721504142276,-8.760777715694867e-6,-1.3900512767522357e-5,-6.888225517064063e-5,-0.0005839862312074875,-0.003318813272113166,-0.513953540260338,-0.014872575454481419,-0.24313024883904125,0.005939485803471591,0.002017732113149591,0.0005003871604395057,9.923666895696404e-5,1.918682350222798e-5,3.2296729924050343e-6,-6.794070721578607e-7,-1.7269233486465997e-6,-0.14614720647068544
118.0,5.808129225747822e-7,2.4038248096122844e-6,0.5000100034961528,4.060798833917635e-5,0.00016587120663723556,0.0006909552297563351,0.003090917163745154,0.019275920268632132,0.14373824243459096,0.039245879181922384,0.004966543880474171,0.0009685462155010765,-9.324966600654348e-5,-0.0012481576366366936,-0.00474015931708575,-0.015155743256076225,0.2280723133836268,-8.605077322516196e-6,-1.3609543397707522e-5,-6.723460203931411e-5,-0.0005703149335261918,-0.0032456299329452283,-0.5138024736387132,-0.014851976377366172,-0.24324734045299518,0.005840828771677622,0.001986074483646727,0.0004928718880944381,9.783696146890116e-5,1.89152191705394e-5,3.1795897844649874e-6,-6.687104912317187e-7,-1.6975400862466892e-6,-0.14796505377732014
118.5,5.710123175772025e-7,2.362796849658392e-6,0.5000097730008497,3.9911347798710504e-5,0.0001630262553331715,0.0006791513942159555,0.0030392163469712178,0.019017522068542295,0.14517418207358737,0.03891839145533628,0.004885158870155357,0.0009525904482585066,-8.966982522219689e-5,-0.0012190654378643208,-0.004628729244013207,-0.014783633079413562,0.2286200393722857,-8.449509171515794e-6,-1.3321752060666186e-5,-6.559726942521928e-5,-0.0005566345420848927,-0.0031721671182223317,-0.5136508538283611,-0.014830541754777337,-0.24336012180478192,0.005742154812884835,0.0019536149825934556,0.0004850613386609403,9.636010333130367e-5,1.8624836449536672e-5,3.1251060070182983e-6,-6.588859700955158e-7,-1.6681766953443113e-6,-0.1497940109575623
119.0,5.61223582721954e-7,2.321812677340655e-6,0.5000095886046072,3.9215435997056814e-5,0.00016018427525762345,0.0006673598037385508,0.002987568832236114,0.018759396141029196,0.14660864654264422,0.03859123218455704,0.0048038638970643015,0.0009366711460931784,-8.601695861881233e-5,-0.0011897096100890745,-0.004516367825856742,-0.014408988895012893,0.22917041605692975,-8.292182480910754e-6,-1.302947011689045e-5,-6.393910444755209e-5,-0.0005428214357698792,-0.0030979789635926214,-0.5134975283527662,-0.014808594280139198,-0.2434715662838109,0.005643885301319134,0.001921278472393301,0.00047728851482587277,9.489612051727549e-5,1.833839426408001e-5,3.0718046716017666e-6,-6.485810599028163e-7,-1.6385011636621101e-6,-0.15163405496188162
119.5,5.514469817899775e-7,2.2808724685130344e-6,0.5000094503074254,3.8520250120551926e-5,0.00015734527766524486,0.0006555805933799628,0.002935975699986576,0.018501533842518972,0.14804162431699633,0.03826442153792367,0.004722659681498824,0.0009207891193401417,-8.229021647005283e-5,-0.0011600867318962997,-0.004403068579935956,-0.014031812143469866,0.2297234664870893,-8.133119760008017e-6,-1.2732721482518937e-5,-6.22601014789858e-5,-0.0005288756145811513,-0.0030230629480137204,-0.5133425433109894,-0.014786051839500035,-0.24358176608820337,0.0055460187963848745,0.0018890653131951739,0.0004695535066264634,9.344490048028192e-5,1.8055856036545647e-5,3.019669247943109e-6,-6.378016077978058e-7,-1.608520173650584e-6,-0.1534854162855811
120.0,5.41682514781273e-7,2.2399767507374107e-6,0.500009265911183,3.782579579652256e-5,0.00015450925130138223,0.0006438138531774193,0.0028844360498503255,0.018243940935394196,0.1494730923471134,0.037937947990671024,0.004641547664054571,0.0009049436477015746,-7.848909231651225e-5,-0.001130195092578669,-0.004288825743868272,-0.013652091300019325,0.23027909846464312,-7.972328746381843e-6,-1.2431517412205117e-5,-6.056025489219366e-5,-0.0005147966283325702,-0.002947416730517707,-0.5131857604058487,-0.014762869774394885,-0.2436906290198381,0.005448555298082058,0.0018569755049990743,0.00046185604395102876,9.200644884764968e-5,1.7777203478121684e-5,2.9686990326264833e-6,-6.265507351882824e-7,-1.5782349562874554e-6,-0.15534806035436532
120.5,5.319307971847022e-7,2.1991278101152703e-6,0.5000091276140012,3.713213211189944e-5,0.00015167642125910502,0.0006320601683729005,0.0028329549239121173,0.017986650553354685,0.1509030621577606,0.0376117625625472,0.0045605210019022315,0.0008891346411402492,-7.461324851858651e-5,-0.0011000320810565776,-0.004173628873335271,-0.013269823483469983,0.23083726589053058,-7.809832652755014e-6,-1.2125888856246032e-5,-5.883953092321529e-5,-0.0005005846120799776,-0.002871034188573094,-0.5130272257364048,-0.014738971733254608,-0.24379815507871508,0.0053514984078997935,0.0018250081474327248,0.0004541959917437274,9.058059117225002e-5,1.7502381722372464e-5,2.9188745058622786e-6,-6.148365313564272e-7,-1.5476525457311433e-6,-0.15722216003971157
121.0,5.221907299130119e-7,2.1583217778594833e-6,0.5000089432177587,3.643918028410828e-5,0.0001488464836627695,0.0006203185485569012,0.002781525839491553,0.01772962524091369,0.1523315798479985,0.0372859171149954,0.004479585097275472,0.0008733625498423043,-7.06617284307307e-5,-0.0010695954463993314,-0.004057472205954376,-0.0128849942878654,0.23139803791334262,-7.645628665464162e-6,-1.1815813305334742e-5,-5.7097952081357606e-5,-0.00048623875548832365,-0.0027939124409885924,-0.5128668471045364,-0.014714357716079205,-0.24390436731436463,0.005254843804051149,0.0017931628803472145,0.0004465733500045592,8.916733870873639e-5,1.7231402023951454e-5,2.8701960193584153e-6,-6.026571937991458e-7,-1.5167718868578848e-6,-0.15910781906450622
121.5,5.125040343183225e-7,2.117584328648277e-6,0.5000087588215162,3.574709506463428e-5,0.00014601989995316798,0.0006085902992692239,0.0027301540187478425,0.017472879404027655,0.1537585071206453,0.03696045198469364,0.004398798654446789,0.0008578195132517743,-6.593655220871605e-5,-0.0010363508207200157,-0.003932117335385787,-0.012476792868530642,0.23199352252879532,-7.428675524192634e-6,-1.1399652797649994e-5,-5.49622577842989e-5,-0.000469600776171036,-0.002703688476020836,-0.5125967066093514,-0.01450955543633314,-0.24398944313072365,0.005163251453295935,0.0017629867233898704,0.00043957376588147213,8.802429922037615e-5,1.705743462477566e-5,2.854627492384608e-6,-5.75210786919782e-7,-1.475111819843106e-6,-0.16141392457161066
122.0,5.028354516815608e-7,2.0768941841524355e-6,0.5000086205243344,3.505574702496255e-5,0.00014319630998138936,0.0005968741599886799,0.002678835319968509,0.017216402958527072,0.15518398227288283,0.0366353239537726,0.00431811125256864,0.0008423457152893897,-6.101552250702216e-5,-0.001002393640420228,-0.003804362792623007,-0.012062329900228725,0.2325971666779763,-7.202377503462068e-6,-1.096350121173974e-5,-5.274668358423919e-5,-0.00045247992720128547,-0.0026107046899478603,-0.5123065591218608,-0.014273774587855958,-0.24406993209055183,0.00507281265950275,0.0017331786386195988,0.0004327027549196226,8.693320558510518e-5,1.690132976748792e-5,2.844954645289305e-6,-5.451117109738042e-7,-1.4316045828276171e-6,-0.16380040379089172
122.5,4.931797943108931e-7,2.0362502892481958e-6,0.500008436128092,3.4365175556380225e-5,0.00014037581503931488,0.000585170986068933,0.0026275731645682065,0.01696020022619887,0.1566078785322944,0.03631056183414517,0.0042375210908964685,0.0008269160355686061,-5.5996346599745965e-5,-0.0009680779318795103,-0.0036753606940324213,-0.011644521148543344,0.233204406553885,-6.97401917773071e-6,-1.0521824294391716e-5,-5.0504115097832466e-5,-0.0004351816148556251,-0.0025167042034990477,-0.512011571233006,-0.01403222991620666,-0.24414860013748585,0.004982877714036094,0.0017035205558707707,0.0004258777079625432,8.585756458904808e-5,1.674983650445938e-5,2.836624091474221e-6,-5.144743460548473e-7,-1.3877481877736274e-6,-0.1662097020451756
123.0,4.835367104983987e-7,1.995651237103874e-6,0.5000082978309102,3.367533282661006e-5,0.00013755837010833073,0.0005734803273238445,0.0025763653916534702,0.01670428129121256,0.15803024199794066,0.035986148338663614,0.004157024928090076,0.0008115295737171461,-5.087863620134279e-5,-0.0009334026146511296,-0.003545108158422741,-0.011223375257048362,0.23381519605746082,-6.74364626902828e-6,-1.0074695200853477e-5,-4.823476053616792e-5,-0.0004177067845249464,-0.002421690438089054,-0.5117117890418477,-0.01378481913909451,-0.24422544727152568,0.004893440134215571,0.0016740112146221978,0.0004190976796193425,8.479710049319483e-5,1.6602842289155345e-5,2.829605056496275e-6,-4.833124966988076e-7,-1.3435522187219825e-6,-0.1686419000078184
123.5,4.7390606835360705e-7,1.95509667601155e-6,0.5000081134346677,3.298622727664216e-5,0.0001347438738965556,0.0005618017335672753,0.002525211641075388,0.01644861734165526,0.15945115334317764,0.035662069061371496,0.004076619882958173,0.0007961863297350096,-4.566264172785232e-5,-0.0008983675986978583,-0.00341360662638961,-0.010798917436167553,0.23442951213917343,-6.511303092552816e-6,-9.622200451273573e-6,-4.5938892824592185e-5,-0.0004000569668421212,-0.0023256655546113445,-0.5114069359540219,-0.01353144285542007,-0.24430049654220165,0.004804493797509692,0.0016446475536081365,0.00041236208464804014,8.375149253992156e-5,1.646026552533815e-5,2.8238639522490187e-6,-4.5163987951460113e-7,-1.2990261717865475e-6,-0.1710970437778807
124.0,4.64288175620949e-7,1.914588012802907e-6,0.5000079290384253,3.229787578845672e-5,0.00013193243895052423,0.0005501361051715032,0.002474113353429604,0.01619324151122678,0.16087046274605835,0.03533836145775556,0.003996311357734427,0.0007808867538083356,-4.034866705491824e-5,-0.000862974774801479,-0.0032808651016558044,-0.010371188742876774,0.2350471704027804,-6.277047328403349e-6,-9.164439930701544e-6,-4.3616945267263854e-5,-0.0003822344577564574,-0.002228639277086517,-0.5110971502667108,-0.013272027594805485,-0.24437374794951378,0.004716039424216279,0.0016154299329774978,0.0004056704728624972,8.272053814546579e-5,1.6322024616770154e-5,2.8193744006383816e-6,-4.1947122227141685e-7,-1.2541834997952974e-6,-0.1735749950581807
124.5,4.5447473328425535e-7,1.8733237051261516e-6,0.5000077446421828,3.159719764105863e-5,0.00012906995289635443,0.0005382411069380193,0.002421629933072001,0.015911773612492033,0.16240261112455154,0.03493218839708772,0.003913294152550827,0.0007652404445175678,-3.502007540079042e-5,-0.0008272439511520985,-0.0031468882661571675,-0.009940210786110685,0.23566819389781202,-6.042014993164475e-6,-8.705951374733195e-6,-4.1287305154289004e-5,-0.00036431218742243835,-0.0021308698322837806,-0.5107829390695808,-0.013006322693608678,-0.2444434727786891,0.00462784507843663,0.0015858242518952245,0.00039882804872046066,8.165133481119335e-5,1.617473215314917e-5,2.8128416018611174e-6,-3.87609562079712e-7,-1.209223796993359e-6,-0.17607579994777897
125.0,4.4440309337011097e-7,1.83106336061733e-6,0.5000075602459403,3.0880236823753285e-5,0.00012614008523186167,0.0005260443039170925,0.0023673284810115203,0.01559629757238659,0.1640820690512297,0.03441853249541222,0.0038267114731480346,0.0007491279674800861,-2.970252456171635e-5,-0.0007911811602439765,-0.003011679901457265,-0.009506003013910485,0.23629249042614708,-5.806600351415552e-6,-8.248200701982953e-6,-3.895590368804615e-5,-0.00034631381312165736,-0.002032439154080394,-0.510464440659814,-0.012734150958565426,-0.2445092330886518,0.004539832247708139,0.0015556659223089765,0.0003917752976143828,8.052755766224646e-5,1.6014240794671626e-5,2.8032343482930677e-6,-3.5631243706458557e-7,-1.1642196910664033e-6,-0.17859952759526648
125.5,4.344157754300089e-7,1.7888935808981473e-6,0.5000073758496979,3.016429173892358e-5,0.00012321399913093475,0.0005138618168153791,0.0023130891546381924,0.015281174478213953,0.1657597060650137,0.0339054701191421,0.0037403200328169992,0.0007333507890787729,-2.323453852012078e-5,-0.000750907508268097,-0.002861980044949811,-0.00902906141252316,0.23698381498861168,-5.484543166762032e-6,-7.618491585701254e-6,-3.600677931146679e-5,-0.00032486804842588767,-0.0019158031284989187,-0.5099835813585725,-0.012166250868506302,-0.2445470573678838,0.004459232722164281,0.0015280410602373658,0.0003856909419114496,7.983216638831574e-5,1.6010557709323677e-5,2.848041234003363e-6,-2.9978723693610904e-7,-1.101524676716805e-6,-0.18179745400420128
126.0,4.244473617906567e-7,1.7467730402878944e-6,0.5000072375525161,2.9449109156866447e-5,0.0001202909968050585,0.0005016921600186213,0.002258906731792807,0.014966376958656886,0.1674355682649641,0.03339294940683417,0.0036540351965636286,0.000717648116483429,-1.6555095828641937e-5,-0.0007098562947933047,-0.0027095954583850872,-0.00854463807765811,0.23768491255192598,-5.153728454877422e-6,-6.969456822580441e-6,-3.2977957920005314e-5,-0.0003029363978305252,-0.0017964553616918466,-0.5094805945082373,-0.01156031689254899,-0.2445803639391758,0.004379780631050963,0.0015007801286403507,0.0003797322331598518,7.918656570133485e-5,1.6023714399229724e-5,2.898338807921215e-6,-2.4081628190724917e-7,-1.037138738610368e-6,-0.18508777445536725
126.5,4.1449292854116134e-7,1.7047024422024133e-6,0.5000070531562736,2.873475941916607e-5,0.00011737134836591623,0.0004895365940480073,0.002204786254560119,0.014651943909797783,0.16910958650249008,0.032880984764444864,0.0035678566042390116,0.0007019981156663232,-9.746137398697459e-6,-0.0006683284242347648,-0.0025555649912969583,-0.008055862703352176,0.23839068916989237,-4.820867858016779e-6,-6.314262246932508e-6,-2.9916115375263813e-5,-0.0002807766604279463,-0.0016757426305119725,-0.5089672814683252,-0.010938296505331633,-0.2446112272602554,0.004300941873533128,0.0014736981010148892,0.0003738268039377795,7.855818463416258e-5,1.604167963983069e-5,2.949925215515305e-6,-1.8135767285515107e-7,-9.724396046003457e-7,-0.1884204023194097
127.0,4.0455164037521063e-7,1.6626787971243758e-6,0.5000068687600312,2.802117218423826e-5,0.00011445482872043852,0.00047739376834512114,0.002150723041004285,0.014337833554362963,0.1707817031537658,0.032369625172226094,0.003481783535545326,0.0006864006065529999,-2.8097609921817154e-6,-0.0006263319549243616,-0.002399919616491773,-0.007562851977852536,0.2391009373967381,-4.486103817888077e-6,-5.653197314376377e-6,-2.6822413720213035e-5,-0.00025839599417775777,-0.001553695547616734,-0.5084437805360178,-0.010300162335536992,-0.24463969343018316,0.004222697361718492,0.0014467891249411776,0.00036797249335176633,7.7946150951155e-5,1.606415940330468e-5,3.002712353951441e-6,-1.214512187201147e-7,-9.074564664441743e-7,-0.19179487660572248
127.5,3.9462367314676503e-7,1.6207029843235844e-6,0.5000067304628493,2.730837277505333e-5,0.00011154151665119967,0.00046526431317055693,0.0020967188918698592,0.014024071823074018,0.17245207956550346,0.03185878707563049,0.0033958109483978177,0.0006708534732686068,4.251440072550334e-6,-0.000583875395380118,-0.002242690666924791,-0.00706572186910854,0.23981549588575105,-4.149573500580478e-6,-4.986556404441865e-6,-2.3697964351883108e-5,-0.00023580090426966502,-0.001430345535998618,-0.5079101378103758,-0.00964591582376071,-0.24466583159755004,0.004145031249054969,0.0014200463575899061,0.0003621670504711186,7.734963180795537e-5,1.6090879357473367e-5,3.0566094825860235e-6,-6.113689880096424e-8,-8.422174607755284e-7,-0.19521064412557826
128.0,3.847092466732752e-7,1.5787762347777624e-6,0.5000065460666069,2.6596383700918214e-5,0.00010863149094077395,0.00045314863369183957,0.0020427756079013973,0.013710668800100459,0.1741205428662257,0.0313485338608664,0.0033099474863703517,0.0006553576161854217,1.1434549960980242e-5,-0.0005409712607766927,-0.0020839260424011783,-0.006564639486214906,0.2405340419435069,-3.811456980549497e-6,-4.314705996782578e-6,-2.054429508948254e-5,-0.00021300066453812705,-0.001305737164085365,-0.5073663532913991,-0.008975600908169934,-0.2446895956632954,0.0040679309303306745,0.001393467097844242,0.0003564091022281128,7.676783375149407e-5,1.6121548288178226e-5,3.111519530032877e-6,-4.620710930362911e-10,-7.767583738753623e-7,-0.19866687509588604
128.5,3.7480792131983983e-7,1.536897845071068e-6,0.5000063616703644,2.5885196520842816e-5,0.00010572472907985445,0.00044104641477867197,0.001988893009024444,0.013397617282464065,0.17578718525405376,0.03083882807244707,0.003224185226186885,0.0006399114146333446,1.8737067853936256e-5,-0.0004976280146134944,-0.0019236559954294626,-0.006059711433249298,0.24125641422329352,-3.471879465814984e-6,-3.637912686002579e-6,-1.7362445581625597e-5,-0.00019000157758908688,-0.0011798997840132238,-0.5068125191772093,-0.008289259366038342,-0.24471112392460112,0.003991380919142432,0.0013670443228004203,0.0003506963751827482,7.619992956474108e-5,1.6155910152052825e-5,3.1673570312672152e-6,6.053707193269527e-8,-7.111050123123739e-7,-0.20216300480315333
129.0,3.649712442786199e-7,1.495097358668859e-6,0.5000062233731826,2.517492096769846e-5,0.00010282144490685708,0.0004289577914868957,0.0019350685741966224,0.013084898542421461,0.17745202977851798,0.030329689878711527,0.00313858467286447,0.0006247161018164136,2.688801709528776e-5,-0.0004511490869378035,-0.0017522211521413752,-0.005519552533360046,0.24203343693943544,-3.0707551751657195e-6,-2.837890064135599e-6,-1.3738572372410593e-5,-0.0001645716205464389,-0.0010419513163609808,-0.5061671323286443,-0.007426073904123911,-0.2447149040475713,0.003920009849294795,0.0013424107675465932,0.00034566754841012175,7.5933869556718e-5,1.6301051570029417e-5,3.261800807565901e-6,1.3940275370303732e-7,-6.330400540738217e-7,-0.20609032207385292
129.5,3.552279237086612e-7,1.453394031579806e-6,0.5000060389769402,2.446568928366341e-5,9.992199857069286e-5,0.0004168841143749272,0.0018813077056515973,0.012772538510694244,0.17911498424149713,0.02982117978467682,0.003053184362336588,0.0006098841342320975,3.629061041731849e-5,-0.0004000439114440964,-0.0015642999522275435,-0.00492702870210492,0.24289265428064813,-2.575938532190831e-6,-1.8510753654641328e-6,-9.448539037988985e-6,-0.00013549351260021015,-0.000885893390978211,-0.505380958948971,-0.006287386770334849,-0.2446922694088109,0.0038563589315039875,0.0013204558198185487,0.0003416687250137329,7.612473159758346e-5,1.6614434582229107e-5,3.4149917647287563e-6,2.454998443997676e-7,-5.360416033279905e-7,-0.210677685694392
130.0,3.45495813828682e-7,1.4117386246949794e-6,0.5000058084816371,2.375726230735145e-5,9.702582733868832e-5,0.0004048238528098945,0.0018276075221980808,0.012460534306091123,0.18077609474205178,0.029313219998178167,0.002967887774695082,0.0005951000664529484,4.580789991285866e-5,-0.00034851520083101857,-0.001374957694748017,-0.004331209148164962,0.24375436097113387,-2.082252278473802e-6,-8.63862621353157e-7,-5.142782600962323e-6,-0.00010626621296758739,-0.0007287406129059114,-0.5045799877708412,-0.0051207157060098795,-0.24466742201514113,0.0037931596404476107,0.0012986134186252006,0.0003376943017060663,7.631875056874717e-5,1.6927080414626532e-5,3.567443431841823e-6,3.5112179967707017e-7,-4.394012352091533e-7,-0.21531866252242257
130.5,3.3577421122284047e-7,1.370128763985913e-6,0.5000056701844553,2.3049599240643742e-5,9.413279052767509e-5,0.00039277682671734216,0.0017739653227192397,0.012148868641464371,0.18243537280494712,0.02880583356874587,0.002882693109195398,0.0005803624128647081,5.543365894487617e-5,-0.0002965861621940244,-0.0011842782943990657,-0.003732357500543047,0.24461821126793806,-1.5899579088538435e-6,1.231680479635037e-7,-8.237383749020874e-7,-7.690486478481408e-5,-0.0005705700089924285,-0.50376458758674,-0.003926638390002294,-0.24464045406468324,0.0037303781221280285,0.001276871769089713,0.00033374049692355614,7.651442960129764e-5,1.723848542147893e-5,3.718991913013948e-6,4.5619687111907584e-7,-3.43169309895238e-7,-0.22001110895162623
131.0,3.2596756124536977e-7,1.3282196877631176e-6,0.5000054857882128,2.233731613868673e-5,9.122072772497137e-5,0.0003806438150722815,0.001719781639352666,0.011823489226603435,0.18417191289342782,0.02823617883319221,0.0027963996293681624,0.0005655068555267196,6.51268530468206e-5,-0.0002442892539537205,-0.0009923496275149803,-0.0031307377483909583,0.24548383637857582,-1.099731493881957e-6,1.1076726191015943e-6,3.4988526496867397e-6,-4.745347374695666e-5,-0.0004115638145867431,-0.5029354037835159,-0.0027057976881182805,-0.24461085846777048,0.0036678926462133123,0.0012550063183660593,0.0003297248365655767,7.668890486671124e-5,1.7542787335160277e-5,3.868166717427735e-6,5.603420268181498e-7,-2.474680458887669e-7,-0.22475276612803294
131.5,3.1588824970220017e-7,1.2853328635201444e-6,0.5000053013919703,2.160979704959515e-5,8.824606091234259e-5,0.00036823011236968717,0.0016638802257549366,0.011457106858221785,0.18613875236395983,0.02748290865803053,0.0027066823939182246,0.0005502172287137127,7.481564095193166e-5,-0.00019165803748675343,-0.0007992385017187573,-0.0025265351883234214,0.24635098275821374,-6.125998008698e-7,2.085734011037022e-6,7.808836615922947e-6,-1.7979614200278712e-5,-0.00025198039151390513,-0.5020932661442599,-0.0014586827726162453,-0.24457743664882695,0.0036054846023144678,0.0012325876789150642,0.0003254900931231565,7.679919484338731e-5,1.7829066328141623e-5,4.0122670799583824e-6,6.628859003167318e-7,-1.524794960023098e-7,-0.22954197448546074
132.0,3.058199290315595e-7,1.2424951025321404e-6,0.5000051169957279,2.088311643218706e-5,8.527478737773492e-5,0.00035583068056769244,0.0016080430987378263,0.01109115306704426,0.18810343670340823,0.026730436572855693,0.0026170696016524853,0.000534969829360524,8.459621618341464e-5,-0.00013869013806124108,-0.0006050161814761666,-0.0019199738329630964,0.2472193507629579,-1.2736324202606956e-7,3.062416883776375e-6,1.2126548660305692e-5,1.1591932221436788e-5,-9.157924471124782e-5,-0.5012378980746082,-0.00018630180159004073,-0.24454219391698923,0.0035434219412213007,0.0012102485423361787,0.00032126860766252364,7.690823555352825e-5,1.8113171766171644e-5,4.155177966300454e-6,7.647549342420347e-7,-5.799271241941819e-8,-0.2343766134671214
132.5,2.9588072913138934e-7,1.199777361872153e-6,0.5000049325994854,2.0157566907452673e-5,8.230758802768326e-5,0.000343446330001347,0.001552271158673612,0.010725606964434021,0.19006590828794728,0.02597887206293665,0.002527699909901691,0.0005202229019378248,9.612698569398632e-5,-7.921385823599882e-5,-0.0003871654815904323,-0.0012355952824710718,0.24821025007080816,4.903837163395212e-7,4.303907860194268e-6,1.7382362097771865e-5,4.6235782142132074e-5,9.302475301160553e-5,-0.5002602752962141,0.0013117868554556118,-0.2444732527718443,0.0034919404551341814,0.0011916196598387196,0.00031848182040759084,7.765621982312275e-5,1.863370370963909e-5,4.381072226337796e-6,9.050947477551476e-7,6.307157812875012e-8,-0.23990859293865655
133.0,2.8598470137851295e-7,1.1571264457171417e-6,0.5000047943023036,1.9432889618362185e-5,7.934373693703885e-5,0.00033107566509362076,0.0014965581029563512,0.010360442619669473,0.19202629388999362,0.025228134454917332,0.0024384794998745184,0.0005056764424027273,0.00010833444687174887,-1.720764204364529e-5,-0.00016026544381844674,-0.0005232209165290763,0.2492413708090422,1.1417056360701239e-6,5.617142680278358e-6,2.2921728088416363e-5,8.255006390936065e-5,0.0002862085613599357,-0.49922908540938915,0.00290677122479119,-0.24439156523644023,0.0034440572168171588,0.001174175217072409,0.0003161231376613375,7.858218518268666e-5,1.9216274116694746e-5,4.627697206358355e-6,1.0548413413213819e-6,1.9067464648883824e-7,-0.24570903028966437
133.5,2.759079836812602e-7,1.1143856681883335e-6,0.5000046099060612,1.8708393810558895e-5,7.638178225550407e-5,0.0003187160072369878,0.0014409025810276273,0.009995684522876566,0.19398443216283515,0.02447813155067651,0.0023490287746187424,0.0004899760207380773,0.00011614968949574358,2.8200287180544747e-5,6.86520285724333e-6,1.7003897996760026e-6,0.25000142907087897,1.6093800995172512e-6,6.525628156172185e-6,2.6748138634639923e-5,0.00010825602444637217,0.0004243875468245446,-0.49848131254720546,0.004050377992704916,-0.24438921418434903,0.003374122780975618,0.0011496045978407845,0.0003112341387034183,7.847879430858751e-5,1.9453868292429657e-5,4.763572527450197e-6,1.1547139052335408e-6,2.8265996243849714e-7,-0.24999861702818166
134.0,2.6529365844512497e-7,1.0713010082398387e-6,0.5000044255098187,1.798286116780471e-5,7.34188596737709e-5,0.0003063612338999607,0.0013852903670054548,0.009631291617079443,0.19594030005694155,0.02372866598861095,0.002258745024931755,0.00047099959454147475,0.00011164591481678436,2.7106987633193728e-5,6.599316592933188e-6,1.6346948046878746e-6,0.25000138297181834,1.5469178278843263e-6,6.272319670530244e-6,2.5709758982557545e-5,0.00010405217502772628,0.0004078895303778058,-0.4985405959391522,0.0038912868931934553,-0.24461042052669468,0.003241822438657824,0.0011048100866219788,0.0002991394378987684,7.543156874503974e-5,1.8698664162634364e-5,4.5786596260672245e-6,1.1098916323017048e-6,2.7169214876008494e-7,-0.24999868617677257
134.5,2.546907417346749e-7,1.0282624220289853e-6,0.5000042411135763,1.7258109316634988e-5,7.045910527698943e-5,0.00029401974105402784,0.0013297373974791467,0.009267284790914945,0.19789402434472952,0.022980035972018975,0.0021685612165675784,0.00045204423705616747,0.00010714714845861913,2.6014900774754065e-5,6.333722949613257e-6,1.5690726132393783e-6,0.25000131382322743,1.4845230841722194e-6,6.019286220482469e-6,2.467250479582213e-5,9.985290625304253e-5,0.0003914093863207768,-0.49859974103391713,0.003732369385457111,-0.24483139637373724,0.0031096661559044413,0.0010600641955061621,0.0002870579500572919,7.23876576769388e-5,1.794428302937404e-5,4.393948253322944e-6,1.0651185105518182e-6,2.607362711692392e-7,-0.24999873227583316
135.0,2.440998710205165e-7,9.852726352921606e-7,0.5000041028163944,1.6534177648336865e-5,6.750271039426867e-5,0.00028169227150631813,0.0012742476340867242,0.008903689975104663,0.1998455128280778,0.02223226599102654,0.0020784816713131445,0.0004331107586172052,0.00010265357049570343,2.4924065996512905e-5,6.068437402432058e-6,1.5035255114320001e-6,0.2500012677241668,1.422199825095041e-6,5.766542226053617e-6,2.3636435161364403e-5,9.565845447004382e-5,0.0003749481500815769,-0.49865888612868203,0.0035736330326230146,-0.24505211867594648,0.0029776618559915133,0.001015369715647395,0.0002749902379116623,6.934722429675998e-5,1.7190767097599196e-5,4.209448608747062e-6,1.0203964743774463e-6,2.497929671365666e-7,-0.2499987783748938
135.5,2.3352049675902346e-7,9.423298894897598e-7,0.5000038723210913,1.5811035212613304e-5,6.45495455970937e-5,0.00026937821750554436,0.0012188181055996714,0.008540487721607403,0.201794811606047,0.02148534740205978,0.001988503507977166,0.00041419857398260754,9.816504587219562e-5,2.3834463602826673e-5,5.803449751859885e-6,1.4380524441419772e-6,0.2500012216251062,1.3599456766243247e-6,5.514078894545665e-6,2.260151350156058e-5,9.146864523160133e-5,0.0003585051463809979,-0.4987178929262651,0.0034150731527553225,-0.24527261048285262,0.002845803416387552,0.0009707245761894388,0.00026293594131296855,6.631016168529534e-5,1.643808401018111e-5,4.02515400988908e-6,9.75724292800866e-7,2.3886181900891115e-7,-0.2499988244739544
136.0,2.2295312453033206e-7,8.994357673074274e-7,0.500003687924849,1.5088714366593029e-5,6.159972343199923e-5,0.00025707807425645905,0.0011634516031720488,0.008177695317570897,0.20374189762910688,0.020739297492266422,0.0018986297878253856,0.0003953081783571272,9.368171527126404e-5,2.274611891666568e-5,5.538768790594761e-6,1.3726550819819338e-6,0.2500011524765153,1.2977631007155172e-6,5.261904315240794e-6,2.1567777800866125e-5,8.728363610286367e-5,0.000342081005479634,-0.4987768997238482,0.003256694067640967,-0.24549280264586482,0.0027140965994751345,0.0009261309380257598,0.00025089546542873554,6.327659927105976e-5,1.5686267531080187e-5,3.841070084075733e-6,9.311031967998001e-7,2.2794315651244853e-7,-0.24999889362254532
136.5,2.1239777631618734e-7,8.565903566721432e-7,0.5000035035286065,1.4367213703444357e-5,5.865324952631198e-5,0.00024479199932421085,0.0011081476766177174,0.007815317084782072,0.20568672479819675,0.019994081687351006,0.0018088583499643377,0.0003764395042128433,8.92034942830077e-5,2.1659019276544767e-5,5.274390298141633e-6,1.3073324577550874e-6,0.2500011063774547,1.2356509543178754e-6,5.01001708130732e-6,2.0535216804627564e-5,8.310338206521694e-5,0.0003256755022844159,-0.49883581432331003,0.00309849613742886,-0.24571276431357392,0.002582539244360794,0.0008815879908213082,0.00023886867520312168,6.0246480780785896e-5,1.4935304998811279e-5,3.6571957761832596e-6,8.865328346663281e-7,2.1703695766543378e-7,-0.24999893972160592
137.0,2.0185377068249255e-7,8.137909318475205e-7,0.5000033652314246,1.3646486797721724e-5,5.570994380557645e-5,0.00023251909233652212,0.0010529031746337061,0.007453320609838941,0.2076294775095591,0.019249702868504828,0.0017191872135750117,0.0003575917412147061,8.473025347891171e-5,2.0573125291176794e-5,5.010304426678718e-6,1.2420823732869322e-6,0.2500010602783941,1.1736067754759529e-6,4.758405234675933e-6,1.950378690106271e-5,7.892770867153237e-5,0.00030928798402544234,-0.4988946367246507,0.002940470898619591,-0.2459325185355103,0.0024511259488108656,0.0008370935736826179,0.00022685507543137426,5.7219671158632125e-5,1.4185164056245653e-5,3.473522996929477e-6,8.42011359933865e-7,2.0614267292424047e-7,-0.24999898582066654
137.5,1.9132185500857962e-7,7.71040570277867e-7,0.5000031808351822,1.2926591329524165e-5,5.277003699018876e-5,0.0002202602311563636,0.0009977217887463525,0.007091736145250027,0.20956994831742118,0.018506169679301743,0.0016296221410399838,0.0003387662399211319,8.026229673461972e-5,1.9488518556799413e-5,4.7465312235575066e-6,1.1769091369994997e-6,0.25000101417933346,1.111634872611781e-6,4.5070863607426786e-6,1.8473559838587422e-5,7.475689166081995e-5,0.0002929195761680603,-0.49895336692787007,0.0027826305962761365,-0.2461519731135527,0.0023198664368459464,0.0007926514681732546,0.00021485549895785007,5.419640112499456e-5,1.3435900976650665e-5,3.290064407799539e-6,7.975417621197388e-7,1.9526107164994557e-7,-0.24999905496925745
138.0,1.8055732850846341e-7,7.275653386831823e-7,0.5000029964389398,1.2196741120332677e-5,4.979010862706291e-5,0.00020782370401653278,0.0009414442896482808,0.006697032386802835,0.21178526172465068,0.017524735084833334,0.0015377836285040817,0.0003196410497149672,7.573000276376834e-5,1.8388190478356582e-5,4.478669064147595e-6,1.110565680532162e-6,0.2500009219812122,1.0488463918821959e-6,4.252494492897274e-6,1.7430022741552566e-5,7.05337123748399e-5,0.0002763676724405087,-0.4990125581216956,0.0026250101648428647,-0.24637013691789794,0.002188512745940793,0.0007478368336340451,0.00020271575703001454,5.113479774163929e-5,1.2676930758438081e-5,3.104217721886505e-6,7.524916703821219e-7,1.8423342366148562e-7,-0.2499991241178484
138.5,1.6976892983321426e-7,6.840235024009721e-7,0.5000028120426974,1.14660826863389e-5,4.680697831502494e-5,0.00019537216316897342,0.000885058025579078,0.006298018366188441,0.21403708558788473,0.016510969202323984,0.0014457044464583843,0.0003004898162406737,7.119247537905356e-5,1.7286580776249894e-5,4.210458362188044e-6,1.0441138100981982e-6,0.25000087588215164,9.85994955434765e-7,3.997652912428012e-6,1.6385471318873754e-5,6.630663897875933e-5,0.00025980356866859596,-0.49907179541458174,0.0024675474786326245,-0.2465879319297583,0.0020572519734546857,0.0007030065776358199,0.00019056631359088818,4.8070313166995786e-5,1.191722476725492e-5,2.918188147854589e-6,7.073969117385473e-7,1.7319431219297796e-7,-0.24999917021690898
139.0,1.5899102744123028e-7,6.40524178813704e-7,0.5000026737455154,1.0736136812592922e-5,4.382675451724551e-5,0.00018293277734716132,0.0008287266842188072,0.0058993879041642945,0.2162866275476185,0.01549824919225226,0.0013537182728689603,0.0002813579182610411,6.665953426562767e-5,1.6186085284836702e-5,3.9425174202038444e-6,9.77728852096191e-7,0.250000829783091,9.232055075083975e-7,3.7430645616618168e-6,1.5341960951640886e-5,6.208378607772988e-5,0.00024325587418144203,-0.4991309405093467,0.0023102416372731372,-0.24680551949584592,0.001926121935023282,0.0006582208900653343,0.00017842895764958822,4.500887578977919e-5,1.1158270024190857e-5,2.7323437480430407e-6,6.62346995854891e-7,1.6216614763350915e-7,-0.2499992163159696
139.5,1.4822308277975756e-7,5.970646861484809e-7,0.500002489349273,1.0006861997560073e-5,4.084925997293248e-5,0.0001705048262532744,0.0007724468441528136,0.0055011175910511766,0.2185340489505641,0.014486511668409826,0.0012618198855765996,0.00026224432034795017,6.213090368448067e-5,1.508663225570114e-5,3.6748328732940006e-6,9.114074653008914e-7,0.2500007606345001,8.604751465127457e-7,3.4887136137422477e-6,1.4299422705101463e-5,5.786486105076136e-5,0.0002267236886067693,-0.499190039505051,0.0021530827366693503,-0.2470229226656911,0.0017951145272960835,0.0006134771598429839,0.00016630294639898572,4.195031116286073e-5,1.0400028544790435e-5,2.5466730919444307e-6,6.173392849217459e-7,1.5114830350334505e-7,-0.24999928546456052
140.0,1.3746560142893243e-7,5.536476182512196e-7,0.5000023049530306,9.278297632527495e-6,3.787467757020472e-5,0.00015808896265721392,0.0007162219267957521,0.005103228315485929,0.22077916540047912,0.013475820017005022,0.001170015046963879,0.00024315001291090629,5.7606870629276034e-5,1.3988294844090758e-5,3.407419141483271e-6,8.451529030105679e-7,0.2500007145354395,7.978069498921179e-7,3.2346162472336673e-6,1.3257921293512932e-5,5.365015089151723e-5,0.00021020797984477616,-0.49924904630263406,0.001996079780544039,-0.2472400953402332,0.0016642369532513114,0.0005687779530297593,0.00015418897762759575,3.889477966505235e-5,9.64254042375664e-6,2.361186730796387e-6,5.723762848580487e-7,1.4014142826396488e-7,-0.24999933156362114
140.5,1.267184844709021e-7,5.102724475600388e-7,0.5000021205567882,8.550433869673407e-6,3.4902951035794894e-5,0.00014568506275779172,0.0006600507166450477,0.004705714315085973,0.2230220690954848,0.012466171356846559,0.0010783027666212929,0.00022407490591268164,5.3087367572092936e-5,1.2891066015847139e-5,3.1402734111082877e-6,7.789652531522008e-7,0.25000066843637886,7.352002581941622e-7,2.9807682416410246e-6,1.2217446869053509e-5,4.9439565562769725e-5,0.0001937085002930863,-0.4993080070011565,0.0018392316884504704,-0.24745706056900255,0.0015334888527400543,0.0005241228194395221,0.0001420869500435371,3.584226722803721e-5,8.885799330346894e-6,2.1758834336211853e-6,5.274576439558785e-7,1.2914539002489826e-7,-0.24999937766268174
141.0,1.1598127028902041e-7,4.6693719571788325e-7,0.5000019361605457,7.823240462116605e-6,3.193397063683167e-5,0.00013329256382233428,0.0006039311878630762,0.004308560823745958,0.22526287528323263,0.011457505182917384,0.0009866784526502258,0.00020501807647169175,4.8572197556495667e-5,1.179487964988115e-5,2.87338372409974e-6,7.1284064693866e-7,0.25000059928778795,6.726524336094717e-7,2.7271588698727308e-6,1.1177947378950898e-5,4.523294749937029e-5,0.00017722447338061031,-0.4993669216006184,0.0016825310773359685,-0.24767379530246886,0.0014028632928957752,0.000479509553160192,0.0001299963009141363,3.279261628666673e-5,8.129767280105738e-6,1.9907544077208034e-6,4.825811200772392e-7,1.1815966122426385e-7,-0.24999942376174236
141.5,1.0525469527174677e-7,4.236448522420808e-7,0.5000017517643033,7.096770166045229e-6,2.8967922075097295e-5,0.00012091233245915876,0.0005478670769947893,0.0039117916112940115,0.22750133041888926,0.010449910812147434,0.000895149398066126,0.00018598099894754115,4.406169540842494e-5,1.0699830003915597e-5,2.6067699519551594e-6,6.467845358427198e-7,0.2500005531887273,6.101680483410186e-7,2.4738062448867136e-6,1.0139500198947699e-5,4.103058932230912e-5,0.0001607571821378437,-0.4994257901010196,0.0015259889317423196,-0.2478903225901624,0.001272370267850755,0.0004349415756064239,0.0001179178968477105,2.9746057561337047e-5,7.3745033599638865e-6,1.8058128421422758e-6,4.3775014237436013e-7,1.0718507716837381e-7,-0.24999949291033327
142.0,9.453830879330748e-8,3.8039352670255656e-7,0.5000015673680608,6.370984293587978e-6,2.600468436306697e-5,0.0001085438171902452,0.00049185586299781,0.0035153893905824044,0.22973764194822743,0.009443341425178274,0.0008037115511937444,0.00016696278422260574,3.955566979877178e-5,9.605865025178183e-6,2.3404208400210766e-6,5.807939743105424e-7,0.25000050708966676,5.47744200798455e-7,2.2206994637374252e-6,9.102062420677563e-6,3.683230532980397e-5,0.00014430583873904364,-0.49948452030423907,0.0013695986789518974,-0.24810664243208316,0.0011420035650362781,0.00039041668086613776,0.00010585124263950705,2.6702458809869887e-5,6.619970992297564e-6,1.6210504717494605e-6,3.9296260059971553e-7,9.622114326796435e-8,-0.2499995390093939
142.5,8.383193499974209e-8,3.371826036104488e-7,0.5000013829718184,5.64587827254188e-6,2.3044211075295136e-5,9.618684919579152e-5,0.0004358967355370882,0.0031193501999731152,0.23197171767312594,0.008437786937840395,0.0007123635614746647,0.00014796326347708342,3.50540588269421e-5,8.512974162431282e-6,2.074332519510361e-6,5.148681270358156e-7,0.2500004379410758,4.85380143602449e-7,1.9678350093456554e-6,8.065618568991967e-6,3.263804206225087e-5,0.00012787027436440804,-0.4995432966065191,0.001213358338145691,-0.24832277787776152,0.0010117621940428398,0.00034593459882765017,9.379613570576347e-5,2.3661775013651372e-5,5.866163142948353e-6,1.4364653621487926e-6,3.482180111549142e-7,8.526772213712887e-8,-0.2499995851084545
143.0,7.31361619027309e-8,2.9401454492120407e-7,0.5000012446746365,4.921491142486158e-6,2.0086675252078882e-5,8.38421206369861e-5,0.00037999284591559555,0.002723695288251894,0.2342035345440545,0.007433304253661741,0.0006211110112170078,0.00012898350590305387,3.05571382319459e-5,7.421218612853134e-6,1.808521344841337e-6,4.490108628056696e-7,0.2500003918420152,4.2307952572268033e-7,1.715227829298044e-6,7.030227027405785e-6,2.8448041494699403e-5,0.00011145142315017492,-0.49960198071067785,0.0010572769130464768,-0.2485386828281368,0.0008816531777742046,0.0003014977379868038,8.175327383499491e-5,2.0624182026641967e-5,5.113119554911315e-6,1.2520679766509198e-6,3.035188799588927e-7,7.432541277842017e-8,-0.2499996542570454
143.5,6.245039599515734e-8,2.508868007523956e-7,0.5000010602783941,4.197779995054457e-6,1.7131901039457753e-5,7.15089112160069e-5,0.00032414099781174674,0.002328398544622692,0.23643313866007365,0.006429827825540502,0.0005299488133174055,0.00011002247607239784,2.606464634309002e-5,6.330541399760549e-6,1.5429718408654824e-6,3.8321853265042483e-7,0.2500003457429546,3.6083861026248903e-7,1.4628631518619118e-6,5.995831522651669e-6,2.426207290675345e-5,9.504833970545282e-5,-0.49966061871577605,0.0009013454899687061,-0.24875435728320902,0.0007516690881590828,0.00025710355479191435,6.972200988462684e-5,1.7589509622207943e-5,4.360802243730993e-6,1.0678478519451943e-6,2.588627670379496e-7,6.339361618928544e-8,-0.24999970035610602
144.0,5.171051652668736e-8,2.0764516916244187e-7,0.5000008758821516,3.4732588642808606e-6,1.417443274416232e-5,5.916435710433026e-5,0.00026820892653796607,0.0019293326625651104,0.2387241467248277,0.0053687387362707775,0.00043856985079197727,9.103541985559319e-5,2.156631891641012e-5,5.238213973102973e-6,1.276871650212436e-6,3.1720598937318946e-7,0.2500002765943637,2.9854289431186825e-7,1.2102946596856023e-6,4.960616186733872e-6,2.007294457484588e-5,7.863521710983576e-5,-0.49971925672087425,0.0007455255329788992,-0.24896980124297818,0.000621748879957055,0.00021269534829880177,5.768278326692898e-5,1.4552514538664111e-5,3.6078863256692526e-6,8.834797461317385e-7,2.1416985667577953e-7,5.245066935997006e-8,-0.24999974645516662
144.5,4.093214427490277e-8,1.6433766927342199e-7,0.5000006914859092,2.7485764754255194e-6,1.1216826579361885e-5,4.6819153036415754e-5,0.00021224919132595697,0.0015273241838299615,0.24106595595437594,0.004259077803966142,0.000347073997435613,7.204036158017161e-5,1.7066386294779102e-5,4.145296732262002e-6,1.0105002048253743e-6,2.5105456543067793e-7,0.25000023049530307,2.3624658485413094e-7,9.577400599721695e-7,3.925471192400261e-6,1.5884241106106796e-5,6.22257128853092e-5,-0.4997778486269118,0.0005899172084929359,-0.24918485336073215,0.0004919802944465707,0.00016830827804490518,4.5645706288043825e-5,1.1515789566803554e-5,2.8550189433006e-6,6.991220157019501e-7,1.694787817893218e-7,4.150629371722592e-8,-0.24999979255422725
145.0,3.0176328041265775e-8,1.2112076714665845e-7,0.5000005531887274,2.0254090684395724e-6,8.26540343981135e-6,3.449974744791711e-5,0.00015640612185181447,0.0011261440475901809,0.2434027864853781,0.0031518478768109556,0.00025577564073833454,5.308620834278556e-5,1.2576136895627053e-5,3.0547313622882718e-6,7.447022192033846e-7,1.850455392326518e-7,0.25000018439624244,1.7408247361117215e-7,7.057213312397595e-7,2.8925233174486823e-6,1.1704427406777068e-5,4.585105025426138e-5,-0.4998363022357676,0.0004346393656514562,-0.2493994214383497,0.000362487155325103,0.00012401537547658938,3.363418581352493e-5,8.485510697717753e-6,2.1037498975786018e-6,5.151556042976835e-7,1.2488254714191658e-7,3.0585144535853634e-8,-0.24999986170281815
145.5,1.9424204740798513e-8,7.795300521097199e-8,0.5000003687924849,1.303428763613735e-6,5.31903434308454e-6,2.2201573763189e-5,0.00010065343849968695,0.0007249158314707777,0.24575026589938162,0.00203240277904038,0.00016460510314051117,3.416265650818355e-5,8.093152375289681e-6,1.9658464527607324e-6,4.792633273686617e-7,1.1909779813984729e-7,0.25000011524765153,1.1202610589161492e-7,4.5414601826865866e-7,1.8613960585497836e-6,7.532017159182859e-6,2.950588044263085e-5,-0.4998946636465021,0.0002796851166065366,-0.24961355157489143,0.00023325782528096456,7.980507643741423e-5,2.1644168761291533e-5,5.460587988559753e-6,1.3538048563249342e-6,3.3151289607114034e-7,8.036452354342759e-8,1.9682413309121792e-8,-0.24999990780187878
146.0,8.68211198537301e-9,3.4839469492625375e-8,0.5000001843962425,5.825032308427589e-7,2.3770582541440727e-6,9.921790182230336e-6,4.49820700188778e-5,0.0003240225538386319,0.24809958927580958,0.0009094820642039134,7.356307117600456e-5,1.5267185033988377e-5,3.6168088039152573e-6,8.785402721632553e-7,2.1418882692176454e-7,5.322916934750637e-8,0.2500000691485909,5.006369914130794e-8,2.0295406693136853e-7,8.318420771081732e-7,3.365991113769324e-6,1.3185874629326817e-5,-0.499952978958176,0.00012498488509042746,-0.24982731291894827,0.00010423809064839182,3.566384157925574e-5,9.672567839213728e-6,2.4402886558763032e-6,6.050039209380431e-7,1.4815032320361573e-7,3.5914253178643475e-8,8.795989102575284e-9,-0.24999995390093938
146.5,0.0,0.0,0.5000000460990606,0.0,0.0,0.0,0.0,0.0,0.2500000230495303,0.0,0.0,0.0,0.0,0.0,0.0,0.0,0.2500000230495303,0.0,0.0,0.0,0.0,0.0,-0.5000000460990606,0.0,-0.2500000230495303,0.0,0.0,0.0,0.0,0.0,0.0,0.0,0.0,-0.2500000230495303
