time_ns,Q_total,Q_electron,Q_hole,Q_no_trapping
0.0,0.0,1.6096264709158605e-11,-1.6096264709158605e-11,0.0
0.5,7.019852065787935e-5,3.6751662385917276e-5,3.3447249528735294e-5,7.019852007263736e-5
1.0,0.0001404029725181372,7.347970595653662e-5,6.692328096755704e-5,0.00014040296387456334
1.5,0.00021061620863542817,0.00011018525318557739,0.0001004310285600797,0.00021061618954753587
2.0,0.00028083410417925554,0.00014686756648806985,0.00013396606679648453,0.0002808340942751605
2.5,0.00035106062078764074,0.0001835295962038931,0.00016753060843168092,0.0003510605964775892
3.0,0.0004212986396518719,0.0002201702359555925,0.00020112834139051776,0.0004212986234451709
3.5,0.0004915454596551163,0.00025679059212062273,0.00023475484016317638,0.0004915454322837991
4.0,0.0005618027689953945,0.00029338918952904417,0.0002684137926745057,0.0005618027517082468
4.5,0.0006320667861091406,0.00032996639697334174,0.00030210003582971715,0.0006320667554964832
5.0,0.0007023421028949703,0.00036652295203848525,0.0003358194703085691,0.0007023420535545695
5.5,0.0007726314204697162,0.0004030595923094445,0.0003695713585260918,0.0007726313657270817
6.0,0.0008429388805458553,0.0004395755802012496,0.000403363076331983,0.000842938840929475
6.5,0.0009132619170623964,0.0004760694405439611,0.0004371924109713335,0.0009132618515152945
7.0,0.000983605572104094,0.0005125470740173372,0.00047105862485917336,0.000983605514480268
7.5,0.0010539715563782752,0.0005490029487341046,0.0005049683562602308,0.0010539714893905779
8.0,0.00112435707873088,0.0005854414902040819,0.0005389157044947474,0.0011243570103025868
8.5,0.001194886030387302,0.0006222171080052526,0.0005726690678822097,0.0011948859914912198
9.0,0.001265163868215509,0.0006590270235075185,0.0006061362483013939,0.0012651638249976398
9.5,0.0013354489990591643,0.0006958100171583871,0.000639638832799128,0.0013354489421556364
10.0,0.0014057411528065845,0.0007325668265428281,0.0006731746086205026,0.001405741066370846
10.5,0.0014760437508724248,0.0007692970828683569,0.0007067465261053969,0.001476043701171875
11.0,0.0015463501305018306,0.0008060000485500034,0.0007403494221590223,0.001546350023897753
11.5,0.001616670465901539,0.0008426808866825562,0.0007739891974611371,0.0016166704529361783
12.0,0.0016869989046517455,0.0008793359093411666,0.0008076629016718622,0.0016869988110130288
12.5,0.0017573354467524502,0.0009159665916957738,0.0008413690596212579,0.0017573352825245468
13.0,0.0018276797320547422,0.0009525707209914686,0.0008751091464792639,0.0018276796830744902
13.5,0.001898032480856443,0.0009891468220583116,0.0009088853750007897,0.0018980323814553437
14.0,0.001968394953678742,0.0010257011643685456,0.0009426940572609861,0.0019683948528370467
14.5,0.0020387712922341154,0.001062230428789807,0.0009765403563546417,0.0020387711539369335
15.0,0.0021091542935443427,0.0010987342465296106,0.0010104198467719378,0.0021091542776977908
15.5,0.002179550080140912,0.0011352155679278358,0.0010443340036828139,0.0021795499404031345
16.0,0.0022499575715770894,0.0011716718114370879,0.0010782857774271491,0.0022499574044679946
16.5,0.0023203740667360425,0.001208104452227307,0.0011122692673251854,0.002320373903948735
17.0,0.0023908029870324263,0.0012445149654684324,0.0011462881613017715,0.0023908029423739614
17.5,0.0024612439723173296,0.0012809015071980397,0.0011803424593569076,0.0024612437821587047
18.0,0.0025316955819951084,0.0013172655525860682,0.001214429948735684,0.0025316955013217524
18.5,0.0026021659194162606,0.001353608945594943,0.001248557267702829,0.002602165844505287
19.0,0.002672646521081377,0.001389930211054724,0.001282715565238705,0.0026726463294821563
19.5,0.002743144409894223,0.0014262289801729264,0.0013169151675328894,0.002743144332102058
20.0,0.0028136509422809334,0.00146250599053452,0.0013511442732258652,0.0028136508169491125
20.5,0.002884177282857751,0.0014987627173094445,0.0013854146836771491,0.002884177216590351
21.0,0.0029547198301355646,0.001534998791705215,0.001419720498206983,0.002954719658704683
21.5,0.003025276063071997,0.0015712156888917708,0.001454060241645427,0.0030252757461409555
22.0,0.003095852644421903,0.0016074141464540819,0.0014884383395023003,0.003095852485956382
22.5,0.003166441830983695,0.0016435904764672995,0.0015228511038527534,0.0031664415803200527
23.0,0.0032370497452888602,0.0016797494732337269,0.0015573000098667263,0.003237049483100453
23.5,0.0033076771076352217,0.0017158911367533645,0.0015917857951291885,0.0033076769318825527
24.0,0.0033741382673787928,0.0017478307787001167,0.0016263077220551704,0.0033741381319628023
24.5,0.0034351248035258035,0.0017748518352758342,0.0016602727723289618,0.0034351246076047962
25.0,0.0034960940525250853,0.0018018566649822163,0.0016942370850177835,0.00349609375
25.5,0.003556918161513222,0.0018286900061831228,0.0017282279507655177,0.0035569179569486403
26.0,0.0036172492266421594,0.001855003718772813,0.0017622453695721643,0.0036172490883449775
26.5,0.0036775928969829826,0.0018813008357006832,0.0017962915541926325,0.0036775927586858007
27.0,0.0037381631009888432,0.0019077989445328205,0.0018303642918720132,0.003738162867612349
27.5,0.003798806775372554,0.001934339095708236,0.0018644672705351553,0.003798806735035876
28.0,0.0038594590933301296,0.0019608604384669217,0.0018985990150121189,0.003859459084686556
28.5,0.003920119694712659,0.001987360022468999,0.0019327595253029045,0.003920119547771903
29.0,0.003980787499073409,0.0020138400604693763,0.0019669473262375723,0.003980787386706949
29.5,0.004041463226710201,0.0020403001836755696,0.002001163155401092,0.004041462970284177
30.0,0.004102149398665413,0.0020667414984650335,0.0020354077503784334,0.004102149248843467
30.5,0.004162843133747758,0.0020931625296678282,0.0020696803735846267,0.0041628429032524545
31.0,0.004223545152255055,0.0021195632772839537,0.0021039817626046418,0.0042235450398885955
31.5,0.0042842594158253285,0.0021459463228608038,0.002138313392608418,0.004284259346676737
32.0,0.004344982322969465,0.002172309822435955,0.0021726723132560765,0.004344982135692032
32.5,0.004405713873687467,0.002198654144801892,0.002207059999717557,0.004405713775726964
33.0,0.004466454067979335,0.002224980765128553,0.0022414727640680102,0.004466453897989048
33.5,0.004527196783313579,0.0022512874706610304,0.0022759091311374967,0.0045271966017985275
34.0,0.004587940218945644,0.0022775779493241725,0.002310362462661288,0.004587940043192976
34.5,0.004648693378598309,0.0023038503571555548,0.002344842347243992,0.004648693073192032
35.0,0.004709459143462858,0.0023301046941551773,0.002379354685565367,0.004709459010928059
35.5,0.004770233191752362,0.0023563413291155244,0.0024138913641907444,0.004770233062098754
36.0,0.0048310205655515736,0.002382560630829082,0.002448459758969823,0.004831020389798905
36.5,0.004891818743818116,0.002408762599295849,0.0024830561819777536,0.004891818412481118
37.0,0.0049526280867009005,0.002434946865723342,0.002517680633214536,0.004952627867730363
37.5,0.0050165563191532005,0.0024611163804514383,0.0025554398205729196,0.005016556201024358
38.0,0.00509098217206419,0.0024872670867628053,0.002603714756845578,0.005090981843608383
38.5,0.0051654253121229095,0.002513402672582292,0.0026520221468569077,0.005165425188231684
39.0,0.005239883578435892,0.002539522400324928,0.0027003612530219377,0.005239883284554381
39.5,0.0053143627333857146,0.002565627007575683,0.002748735025680548,0.005314362402048716
40.0,0.005388564573674043,0.0025917142815796482,0.0027968499060147625,0.005388564187594411
40.5,0.00546237709298955,0.0026177875414691875,0.0028445893555993544,0.005462376897068542
41.0,0.00553619789573001,0.002643844205696907,0.0028923531454879497,0.005536197719977341
41.5,0.005610029863086712,0.0026698868558102,0.0029401427508504874,0.005610029606660688
42.0,0.005683954028564637,0.002695914754224097,0.0029880393060336447,0.005683953691465257
42.5,0.005757894400743559,0.0027219271633536287,0.003035966839785533,0.005757894003139162
43.0,0.0058318527803680326,0.002747926295953704,0.003083926089691122,0.005831852385644826
43.5,0.005905818362970727,0.002773909939269414,0.0031319082047307745,0.005905818144000189
44.0,0.005979801592870061,0.0027998810436406377,0.003179919823169219,0.005979801235602341
44.5,0.006053795627236727,0.0028258385026899203,0.0032279565194966355,0.006053795022186556
45.0,0.006127804067559833,0.0028517823164172615,0.0032760212440529047,0.0061278039292626514
45.5,0.006201822592052448,0.0028777113784452073,0.0033241110464981463,0.006201822424943353
46.0,0.006275854802203683,0.002903629376698606,0.0033722251892473907,0.006275854565945997
46.5,0.00634990574009829,0.002929533360837579,0.0034203717857353064,0.006349905146572885
47.0,0.00642396748246023,0.00295542517482455,0.003468542722527225,0.00642396752855929
47.5,0.00649804723226772,0.0029813066626219443,0.0035167402123780557,0.006498046875
48.0,0.006572139227138185,0.0030071741363049127,0.0035649642552877986,0.006572138760385197
48.5,0.006646246348262914,0.0030330290710433947,0.0036132170640113636,0.006646246135054758
49.0,0.0067203657144506174,0.0030588736795922992,0.0036614912626990524,0.0067203653110838365
49.5,0.006794503088083872,0.0030847072243666575,0.0037097957023705026,0.00679450292673716
50.0,0.006868743464305682,0.003110622272280177,0.003758120794421107,0.006868743066701284
50.5,0.006943029939588103,0.003136556866195396,0.0038064724395306237,0.006943029674518504
51.0,0.007017335142613898,0.003162478921166129,0.003854855800793841,0.00701733472195997
51.5,0.007091654751596134,0.003188394706664618,0.0039032598144362125,0.007091654521100831
52.0,0.007165987325939167,0.0032142988751998336,0.0039516881683825875,0.007165986859186178
52.5,0.0072403393483233955,0.0032401934551304413,0.004000146025727754,0.00724033911206571
53.0,0.007314709378153175,0.0032660782620602,0.004048631173716802,0.007314709066984517
53.5,0.007389098856024151,0.003291956799517715,0.004097141399594823,0.007389098199112537
54.0,0.007463504180447213,0.0033178268547480773,0.004145676703361817,0.007463503558109894
54.5,0.0075379260717201805,0.003343688243355045,0.004194237822602753,0.0075379258815615555
55.0,0.007612366690736522,0.0033695413341311023,0.004242825494902602,0.007612366644637462
55.5,0.0076868231563049505,0.0033953872334537044,0.004291435294751545,0.007686822896997734
56.0,0.007760882737773422,0.0034212250193416385,0.004339657124906379,0.00776088232864426
56.5,0.007834597296585128,0.0034470563513610874,0.00438754040356008,0.007834596570524925
57.0,0.007908321219268523,0.0034728808607195653,0.004435439909083116,0.007908321138595166
57.5,0.007982065310290934,0.003498702235341922,0.004483362279740216,0.007982064883874622
58.0,0.008055814443398097,0.0035245114398122766,0.00453130235243659,0.008055813792248867
58.5,0.008129584465142102,0.0035503180627352374,0.004579266027851998,0.008129584090587236
59.0,0.008203365291353439,0.003576119153770925,0.004627245192551772,0.008203364715115182
59.5,0.00827716196411686,0.0036019161880892782,0.004675245747215668,0.008277161566512462
60.0,0.008350973042836723,0.003627705477765449,0.00472326695425872,0.00835097243202417
60.5,0.00842479996810867,0.0036534932922716802,0.004771305863341046,0.008424799524405212
61.0,0.008498639138443592,0.0036792746529094255,0.004819363949632587,0.00849863841814577
61.5,0.008572492714734956,0.003705052325622322,0.004867439737963403,0.008572492063585724
62.0,0.00864636357817405,0.003730827601184067,0.004915535441088403,0.008646363411064955
62.5,0.008720249567867405,0.0037565971604622958,0.004963652534177527,0.00872024951024358
63.0,0.008794158607091068,0.0037823674573254943,0.005011791017230775,0.008794158474556269
63.5,0.008868079891377705,0.003808132406697662,0.005059947202323297,0.008868079240228473
64.0,0.008942015581620784,0.0038338934837487382,0.005108121827040064,0.008942015495185045
64.5,0.009015974321394168,0.0038596562203659967,0.005156317841720956,0.00901597387769071
65.0,0.00908994242503924,0.003885412134322284,0.005204530083271182,0.009089941848800982
65.5,0.00916393501881026,0.003911170998618451,0.0052527637147855325,0.009163934897800227
66.0,0.00923794417943119,0.003936924146631103,0.005301019473848977,0.009237943436083838
66.5,0.009311974228688957,0.003962680429379875,0.005349293672536666,0.00931197410191654
67.0,0.009386017243307523,0.003988434130581253,0.0053975826229237505,0.00938601656910876
67.5,0.00946008546834986,0.004014188938160086,0.005445895913614838,0.009460084851774924
68.0,0.009534170260242105,0.004039942639361465,0.0054942276439301704,0.009534170098895393
68.5,0.009608278101664655,0.004065695787374116,0.005542581501794597,0.009608277473564955
69.0,0.009682402509937113,0.0040914502261604644,0.005590951586528357,0.009682401812688821
69.5,0.009756545645952946,0.004117204849343054,0.005639340848471334,0.009756545329021904
70.0,0.009830714712690371,0.004142962422865525,0.005687751500378434,0.009830713923243958
70.5,0.009904903947766814,0.004168720549576722,0.005736182804664687,0.009904903169845165
71.0,0.009979128477436539,0.004194481626627798,0.005784646562689611,0.009979127820524925
71.5,0.010053388301699544,0.004220244363245056,0.0058331435120381765,0.010053387875283233
72.0,0.010127699987405737,0.004246026830260256,0.005881672915125412,0.010127699560989425
72.5,0.010201272647546498,0.004271835112749399,0.005929436705014007,0.010201272186555891
73.0,0.010274628498042818,0.00429764099808739,0.005976987332846333,0.010274627962141238
73.5,0.01034801604164331,0.004323450940142715,0.006024564513737572,0.010348015453880288
74.0,0.010421429515965395,0.004349262357367979,0.006072166772517784,0.010421428761093279
74.5,0.010492213903236965,0.0043724206814569145,0.006119792634017029,0.010492213315473942
75.0,0.010560580971017705,0.004393137414899607,0.006167443573405246,0.01056058080390861
75.5,0.010628986934880836,0.004413865949701816,0.006215121065852376,0.010628986646761707
76.0,0.010697423871550316,0.004434605917071057,0.00626281773550872,0.010697423468183535
76.5,0.010765901865195653,0.0044553587921772695,0.006310542433393917,0.01076590159436367
77.0,0.010834415153434269,0.0044761207026993615,0.006358293684338026,0.010834414387037387
77.5,0.010902962295670523,0.0044968964429396375,0.006406065587661288,0.010902961846204682
78.0,0.010971549774584814,0.004517684906520642,0.0064538640440434634,0.010971549134960347
78.5,0.011040170387198917,0.004538485171461163,0.006501684627974732,0.011040169615039652
79.0,0.011108830616193235,0.00455929871293114,0.006549531764964913,0.011108829924707327
79.5,0.011177531181865588,0.004580124793345604,0.006597405455014007,0.011177530801548338
80.0,0.011246265601535578,0.004600965256666979,0.006645299797442255,0.011246264869712991
80.5,0.011315035315798848,0.004621820471687749,0.006693214792249657,0.011315035079541163
81.0,0.011383847527633622,0.004642688778841733,0.00674115781528591,0.011383847331712613
81.5,0.011452695754359496,0.004663570178128931,0.006789125916211137,0.011452694987962614
82.0,0.011521588639550339,0.004684470293634737,0.006837119095025337,0.01152158837448074
82.5,0.011590513217845351,0.004705381657311333,0.006885129975878811,0.011590512739567599
83.0,0.011659482454605333,0.004726310077640354,0.006933171835301016,0.011659482097337612
83.5,0.011728489867149883,0.0047472530652725295,0.006981235822272315,0.011728489071941088
84.0,0.011797537616372469,0.004768213478349616,0.007029324887132587,0.01179753735130287
84.5,0.011866622100783979,0.0047891885509279775,0.007077433129202074,0.011866621772328173
85.0,0.011935750523362635,0.004810179850375674,0.007125569399500412,0.011935749710866693
85.5,0.012004922163810616,0.004831189405051372,0.007173732222857662,0.0120049219045034
86.0,0.012074128378554053,0.004852215278794527,0.007221912748254188,0.012074128027048716
86.5,0.012143378531464638,0.004873257563803261,0.007270119826709626,0.01214337840469222
87.0,0.012212665419564147,0.004894317089860663,0.0073183475575442185,0.012212664923999245
87.5,0.01228199984731991,0.0049153962541178845,0.007366603316607663,0.012281999386329305
88.0,0.012351376052349356,0.004936493120414383,0.00741488267839014,0.012351375891002643
88.5,0.012420786831674259,0.004957607504353912,0.007463179742211892,0.012420786324584591
89.0,0.012490250913037994,0.004978742725068839,0.007511507784602376,0.012490250601869335
89.5,0.012559755331079765,0.004999896477606131,0.007559857954541953,0.012559754708742448
90.0,0.01262929576401264,0.005021069407352637,0.007608227301690744,0.012629295694864049
90.5,0.012698885177197413,0.005042261053317752,0.007656623201898448,0.012698883886423717
91.0,0.012768513486464577,0.0050634724296808094,0.0077050412296552455,0.012768513382741691
91.5,0.012838193657174932,0.005084708054149748,0.007753484335301016,0.012838193034837613
92.0,0.012907909842776387,0.005105961933846689,0.007801948093325941,0.012907909566182024
92.5,0.0129776735680341,0.005127237848894603,0.007850435454069899,0.012977673302964501
93.0,0.01304748195175678,0.005148534969510398,0.007898946417532889,0.013047481294845165
93.5,0.013117329231561852,0.005169850990741044,0.007947478033375035,0.0131173291163142
94.0,0.013187229813405754,0.005191193011841875,0.007996036202276091,0.013187228568731118
94.5,0.013257173613118982,0.005212556238510586,0.008044616498726244,0.013257172276246223
95.0,0.013327160630701532,0.005233941869322757,0.008093218922725487,0.013327160238859517
95.5,0.013397196628535982,0.005255349904278383,0.008141844949443765,0.013397195406910875
96.0,0.013467272963048468,0.005276780158981225,0.008190491628541198,0.013467271879720544
96.5,0.013537402599599787,0.00529823622915801,0.008239164860697541,0.013537401458648035
97.0,0.013607571132233496,0.00531971313611019,0.008287857270063101,0.013607570867163897
97.5,0.01367779728869297,0.005341216042932556,0.00833658065799739,0.013677796332137462
98.0,0.013748058019447902,0.005362742460275834,0.008385314372121259,0.013748057201189576
98.5,0.01381766904156734,0.005384295615074267,0.008433373933582738,0.013817668995468277
99.0,0.01388673984032023,0.005405871358412399,0.008480868504957361,0.013886739402379155
99.5,0.013955853856942445,0.005427471626450777,0.008528380778371258,0.013955852589218278
100.0,0.014025003888455763,0.005449099185133038,0.008575903377974732,0.014025002655305891
100.5,0.014094198578434048,0.005470750392633392,0.0086234481051273,0.014094198451661632
101.0,0.014163440808068589,0.005492429536164477,0.008671010534319143,0.014163439978285498
101.5,0.014232681597107487,0.005514134771763868,0.008718546410452074,0.014232681504909365
102.0,0.014301939673294113,0.005535866099431565,0.008766073435565366,0.014301939258402568
102.5,0.014393070313145387,0.0055576246255450235,0.008835444777143917,0.014393069356589879
103.0,0.014484300354096105,0.005579409981311757,0.008904889877219446,0.014484299766333081
103.5,0.014575566409937925,0.005601222904316738,0.008974342353144671,0.014575565580154834
104.0,0.014666871361862137,0.0056230631179656,0.009043808105599354,0.014666871223564954
104.5,0.014758215209868739,0.005644929285385587,0.009113285659413554,0.014758215221393504
105.0,0.01484957922621436,0.005666804626518636,0.00918277353941733,0.014849578396431268
105.5,0.014940972054472862,0.005688693659072685,0.009252277646290443,0.014940971074867825
106.0,0.015032380729283451,0.005710591819240737,0.009321787653843313,0.015032379980173717
106.5,0.015123815334815634,0.005732502287857971,0.009391310937925638,0.01512381396336858
107.0,0.01521527587106941,0.005754427462075541,0.009460847498537421,0.015215274499622356
107.5,0.015306758016257848,0.005776365036940416,0.0095303914349989,0.015306757163425227
108.0,0.015398270413954812,0.005798313306787353,0.009599956023839536,0.015398269330626888
108.5,0.015489802979990796,0.005820277250314897,0.00966952503818999,0.015489802150207704
109.0,0.015581362917344016,0.005842252626409473,0.009739108804239838,0.015581361522847432
109.5,0.015672950226014476,0.005864244091076202,0.009808704371649204,0.015672948923716012
110.0,0.015764556262428307,0.005886247218805267,0.009878308790078207,0.015764555501793807
110.5,0.015856195432541954,0.005908267264889576,0.009947927960206606,0.01585619453361027
111.0,0.015947857652185905,0.005930302085722811,0.010017554506184701,0.01594785716814577
111.5,0.016039547243147097,0.005952352050097457,0.010087194328692255,0.016039546355740182
112.0,0.016131258443042952,0.005974414922209074,0.010156843002219446,0.016131257670883685
112.5,0.016223005657829907,0.005996495980400102,0.01022650790261597,0.01622300439010574
113.0,0.016314770159764593,0.006018592919717512,0.010296175753352376,0.01631476881136707
113.5,0.01640657067659038,0.006040706051329961,0.010365864256467934,0.01640657011187689
114.0,0.016498395683542118,0.006062835997574768,0.010435558660263251,0.01649839501510574
114.5,0.016590243740024165,0.006084980683994206,0.010505263390248145,0.016590243521053625
115.0,0.016682127811397312,0.006107144766593397,0.010574982871932436,0.016682127431080062
115.5,0.016774039254087696,0.0061293240618825896,0.010644714154976243,0.016774037894165407
116.0,0.016865972305712743,0.006151523450599826,0.010714448388359929,0.016865971959969788
116.5,0.01695794425342018,0.006173738939413981,0.010784203274122769,0.016957942905022658
117.0,0.017049942131849214,0.006195972893783102,0.010853968486075186,0.01704994187830438
117.5,0.017141968822191128,0.006218227375199557,0.010923739598707361,0.017141967404645016
118.0,0.017224447244603827,0.0062309246571851315,0.010993522512699052,0.017224447106306648
118.5,0.017294248425348286,0.006230927543947473,0.011063320178390141,0.017294247722337612
119.0,0.01736405680907097,0.006230927543947473,0.011133128170270805,0.017364055714218278
119.5,0.017433872395771866,0.006230927543947473,0.011202943538001168,0.01743387108194864
120.0,0.01750370238842921,0.006230927543947473,0.011272773657430925,0.0175037012013784
120.5,0.017573543905851703,0.006230927543947473,0.011342615578220201,0.017573543122167672
121.0,0.017643394066848065,0.006230927543947473,0.011412466350029113,0.017643393893976587
121.5,0.01771325719320522,0.006230927543947473,0.011482328923197543,0.017713256467145014
122.0,0.01778313184432753,0.006230927543947473,0.011552203297725487,0.01778313084167296
122.5,0.017853019460810634,0.006230927543947473,0.011622090948782889,0.01785301849273036
123.0,0.017922912839676317,0.006230927543947473,0.01169198450052005,0.017922912044467523
123.5,0.01799281630271151,0.006230927543947473,0.011761888378446786,0.01799281592239426
124.0,0.018062738493490074,0.006230927543947473,0.0118318099584128,0.01806273750236027
124.5,0.018132669327842504,0.006230927543947473,0.011901740389398448,0.018132667933345923
125.0,0.018202605924577512,0.006230927543947473,0.011971678196233796,0.01820260574018127
125.5,0.01827255692726896,0.006230927543947473,0.01204162780442866,0.018272555348376133
126.0,0.018342520895321204,0.006230927543947473,0.012111592164322919,0.018342519708270392
126.5,0.01841249206635167,0.006230927543947473,0.012181563900066878,0.01841249144401435
127.0,0.01848247620274293,0.006230927543947473,0.012251547437170352,0.018482474981117825
127.5,0.01855247330449499,0.006230927543947473,0.012321544250803283,0.018552471794750756
128.0,0.01862175587080757,0.006230927543947473,0.012390827082185458,0.01862175462613293
128.5,0.018690318139298084,0.006230927543947473,0.012459390030637119,0.018690317574584593
129.0,0.018758877526597315,0.006230927543947473,0.012527948553578963,0.018758876097526436
129.5,0.01882743259210961,0.006230927543947473,0.012596504126180925,0.0188274316701284
130.0,0.018895977573452398,0.006230927543947473,0.012665049372593312,0.018895976916540786
130.5,0.018964522554795187,0.006230927543947473,0.012733594619005698,0.018964522162953173
131.0,0.01903305457077718,0.006230927543947473,0.01280212658888863,0.019033054132836104
131.5,0.019101592349141747,0.006230927543947473,0.012870664459451318,0.019101592003398792
132.0,0.019170120043336805,0.006230927543947473,0.01293919200382443,0.019170119547771904
132.5,0.019238637653362353,0.006230927543947473,0.013007709222007965,0.019238636765955438
133.0,0.019307155263387905,0.006230927543947473,0.0130762264401915,0.019307153984138972
133.5,0.019375985482668227,0.006230927543947473,0.013145056394402225,0.0193759839383497
134.0,0.019444893494113335,0.006230927543947473,0.013213964532619747,0.01944489207656722
134.5,0.01951382887687568,0.006230927543947473,0.013282900699066121,0.019513828243013596
135.0,0.019582790190359616,0.006230927543947473,0.01335186194340147,0.019582789487348942
135.5,0.019651781756352082,0.006230927543947473,0.013420852691135608,0.019651780235083082
136.0,0.01972079925306614,0.006230927543947473,0.0134898714670986,0.01972079901104607
136.5,0.01978984556169308,0.006230927543947473,0.013558916796120502,0.019789844340067975
137.0,0.019858916360445972,0.006230927543947473,0.01362798720303138,0.019858914746978852
137.5,0.019928021733494325,0.006230927543947473,0.013697093014020804,0.019928020557968277
138.0,0.019997151596668625,0.006230927543947473,0.013766222427729263,0.019997149971676738
138.5,0.02006630450937323,0.006230927543947473,0.013835375444156757,0.020066302988104228
139.0,0.020135484793395074,0.006230927543947473,0.013904556488813101,0.020135484032760574
139.5,0.02020469677052109,0.006230927543947473,0.013973768512038177,0.020204696055985648
140.0,0.0202739346783687,0.006230927543947473,0.014043005613152224,0.0202739331570997
140.5,0.020343197076342256,0.006230927543947473,0.014112269267325185,0.020343196811272658
141.0,0.020412494048611275,0.006230927543947473,0.014181565375236817,0.02041249291918429
141.5,0.02048181118921931,0.006230927543947473,0.014250882135527602,0.020481809679475077
142.0,0.020551160022931517,0.006230927543947473,0.014320231349557058,0.02055115889350453
142.5,0.020620533346769672,0.006230927543947473,0.014389604166305548,0.02062053171025302
143.0,0.020689934041925068,0.006230927543947473,0.01445900501128289,0.020689932555230363
143.5,0.0207593621083977,0.006230927543947473,0.014528433884489083,0.020759361428436558
144.0,0.020828811783804996,0.006230927543947473,0.01459788341007443,0.020828810954021903
144.5,0.02089829315231646,0.006230927543947473,0.014667363914228508,0.020898291458175983
145.0,0.020967799010953875,0.006230927543947473,0.0147368709714415,0.020967798515388974
145.5,0.021037335122099817,0.006230927543947473,0.014806406056883343,0.021037333600830814
146.0,0.021106897163967353,0.006230927543947473,0.014875969170554037,0.02110689671450151
146.5,0.021176476492982616,0.006230927543947473,0.014945548511094068,0.02117647605504154
147.0,0.021246091836888983,0.006230927543947473,0.015015163255712647,0.02124609079966012
147.5,0.02131572734913437,0.006230927543947473,0.015084798652710382,0.021315726196657853
148.0,0.021385390232696994,0.006230927543947473,0.015154462077936968,0.02138538962188444
148.5,0.021455079046981212,0.006230927543947473,0.015224150581052526,0.021455078125
149.0,0.021524800994965246,0.006230927543947473,0.015293873013076695,0.02152480055702417
149.5,0.021594537348905717,0.006230927543947473,0.01536360872163032,0.021594536265577793
150.0,0.02166430827714165,0.006230927543947473,0.015433379834262496,0.02166430737820997
150.5,0.021734103695503534,0.006230927543947473,0.015503174549613705,0.021734102093561178
151.0,0.021803923603991367,0.006230927543947473,0.015572994342853886,0.02180392188680136
151.5,0.02187376512141386,0.006230927543947473,0.01564283626364316,0.021873763807590634
152.0,0.021943641213131814,0.006230927543947473,0.015712712113341045,0.02194363965728852
152.5,0.022013536032593144,0.006230927543947473,0.015782607140248147,0.022013534684195618
153.0,0.022083456782776064,0.006230927543947473,0.015852528720214157,0.02208345626416163
153.5,0.02215340490427622,0.006230927543947473,0.01592247685323908,0.022153404397186556
154.0,0.022223381837689266,0.006230927543947473,0.01599245301449286,0.022223380558440333
154.5,0.022293383261228258,0.006230927543947473,0.01606245425363561,0.02229338179758308
155.0,0.022363404853106266,0.006230927543947473,0.01613247614515751,0.022363403689104985
155.5,0.02243345957868409,0.006230927543947473,0.016202530490418084,0.02243345803436556
156.0,0.022503533032005286,0.006230927543947473,0.016272604012887874,0.02250353155683535
156.5,0.022573633856643724,0.006230927543947473,0.016342705563586513,0.022573633107533988
157.0,0.02264375917140811,0.006230927543947473,0.01641283071700419,0.022643758260951663
157.5,0.022713908976298446,0.006230927543947473,0.016482980948310834,0.02271390849225831
158.0,0.022784093355484238,0.006230927543947473,0.016553165108526093,0.022784092652473564
158.5,0.022854292140626474,0.006230927543947473,0.016623364020440744,0.02285429156438822
159.0,0.022924516856490305,0.006230927543947473,0.01669358801024437,0.02292451555419184
159.5,0.022994763181288798,0.006230927543947473,0.016763834127597087,0.022994761671544562
160.0,0.023065042639787103,0.006230927543947473,0.016834114173858418,0.023065041717805893
160.5,0.023135343707220073,0.006230927543947473,0.016904414872498903,0.023135342416446374
161.0,0.023205666383587703,0.006230927543947473,0.01697473769868848,0.023205665242635953
161.5,0.02327602363425079,0.006230927543947473,0.017045094453786665,0.02327602199773414
162.0,0.02334639529087032,0.006230927543947473,0.017115465960584247,0.023346393504531722
162.5,0.023419975153989303,0.006230927543947473,0.017189045962000413,0.023419973505947884
163.0,0.023514236208175245,0.006230927543947473,0.017283307845969445,0.02351423538991692
163.5,0.023608520311891493,0.006230927543947473,0.017377591857487572,0.023608519401435046
164.0,0.023702859158242218,0.006230927543947473,0.017471930450293462,0.023702857994240937
164.5,0.02379721529174067,0.006230927543947473,0.01756628674513863,0.023797214289086103
165.0,0.023891603118343294,0.006230927543947473,0.017660674018552525,0.0238916015625
165.5,0.0239860327222196,0.006230927543947473,0.01775510407189467,0.023986031615842146
166.0,0.024080486816221852,0.006230927543947473,0.01784955772795585,0.024080485271903325
166.5,0.024174981246902143,0.006230927543947473,0.017944051213605396,0.02417497875755287
167.0,0.024269504489495317,0.006230927543947473,0.018038575677823673,0.024269503221771148
167.5,0.024364068068766523,0.006230927543947473,0.01813313997163032,0.024364067515577795
168.0,0.024458654697568034,0.006230927543947473,0.01822772639298606,0.024458653936933535
168.5,0.024553281663047582,0.006230927543947473,0.01832235264393017,0.024553280187877644
169.0,0.024647937440440013,0.006230927543947473,0.01841700987344301,0.024647937417390485
169.5,0.02474263355451048,0.006230927543947473,0.01851170398220434,0.024742631526151814
170.0,0.02483735559930254,0.006230927543947473,0.01860642611919452,0.024837353663141996
170.5,0.024932117980772633,0.006230927543947473,0.01870118808577307,0.024932115629720544
171.0,0.0250268140948431,0.006230927543947473,0.018795885144874278,0.025026812688821752
171.5,0.025121504446530992,0.006230927543947473,0.018890576303295728,0.025121503847243203
172.0,0.025216238016088202,0.006230927543947473,0.018985308766475487,0.02521623631042296
172.5,0.025311003278749588,0.006230927543947473,0.019080073683393917,0.02531100122734139
173.0,0.025405794472132565,0.006230927543947473,0.01917486515337126,0.02540579269731873
173.5,0.025500620239811003,0.006230927543947473,0.01926969202742715,0.025500619571374623
174.0,0.025595483462976184,0.006230927543947473,0.01936455430556159,0.025595481849509064
174.5,0.025690381260436827,0.006230927543947473,0.01945945198777458,0.025690379531722055
175.0,0.025785313632192927,0.006230927543947473,0.019554385074066122,0.025785312618013596
175.5,0.025880271934670625,0.006230927543947473,0.019649341763076696,0.02588026930702417
176.0,0.025975267692635067,0.006230927543947473,0.01974433975684558,0.02597526730079305
176.5,0.026070298024894967,0.006230927543947473,0.01983937020435313,0.026070297748300605
177.0,0.026165368693832906,0.006230927543947473,0.019934439006279114,0.026165366550226585
177.5,0.026260462412301146,0.006230927543947473,0.020029534361264006,0.02626046190521148
178.0,0.02635559070506485,0.006230927543947473,0.02012466216998757,0.026355589713935045
178.5,0.02645075357212401,0.006230927543947473,0.020219825382789686,0.02645075292673716
179.0,0.026545956775861204,0.006230927543947473,0.02031502695001023,0.026545954493957705
179.5,0.026641194553893858,0.006230927543947473,0.020410266871649204,0.026641194415596675
180.0,0.026736173024710572,0.006230927543947473,0.020505244213038933,0.026736171756986404
180.5,0.026830353405540443,0.006230927543947473,0.02059942496266129,0.02683035250660876
181.0,0.026924577004239638,0.006230927543947473,0.020693647017041954,0.026924574560989425
181.5,0.02701884093961687,0.006230927543947473,0.020787913326520805,0.02701884087046828
182.0,0.027113127924524406,0.006230927543947473,0.02088220028837881,0.027113127832326285
182.5,0.02720746388968384,0.006230927543947473,0.020976534455674885,0.027207461999622356
183.0,0.027301843072712603,0.006230927543947473,0.021070912878069142,0.027301840422016617
183.5,0.027396251067654243,0.006230927543947473,0.021165320803862193,0.027396248347809668
184.0,0.02749070228046521,0.006230927543947473,0.021259772984753435,0.027490700528700906
184.5,0.02758519094876292,0.006230927543947473,0.021354263520063102,0.027585191064010573
185.0,0.027679714191356095,0.006230927543947473,0.021448786509111438,0.027679714053058913
185.5,0.027774286414201165,0.006230927543947473,0.021543356703597843,0.027774284247545317
186.0,0.027868898973724274,0.006230927543947473,0.021637971153182438,0.02786889869712991
186.5,0.027963540345160263,0.006230927543947473,0.02173261215582594,0.027963539699773415
187.0,0.028058239340422016,0.006230927543947473,0.02182730921492715,0.028058236758874623
187.5,0.028152964266405366,0.006230927543947473,0.02192203577742715,0.02815296332137462
188.0,0.028247729529066748,0.006230927543947473,0.022016800694345577,0.02824772823829305
188.5,0.028342543771980033,0.006230927543947473,0.022111615767041952,0.028342543310989426
189.0,0.0284373868268062,0.006230927543947473,0.02220645739279724,0.028437384936744713
189.5,0.028532275980692978,0.006230927543947473,0.022301346223990593,0.028532273767938068
190.0,0.0286272025900665,0.006230927543947473,0.022396273409602374,0.02862720095354985
190.5,0.028722181060883215,0.006230927543947473,0.022491250750992103,0.028722178294939577
191.0,0.028829839654559455,0.006230927543947473,0.022598911603522315,0.02882983914746979
191.5,0.028943972285060363,0.006230927543947473,0.022713042551407513,0.028943970095354984
192.0,0.02905817406415219,0.006230927543947473,0.02282724430744981,0.02905817185139728
192.5,0.02917244787302622,0.006230927543947473,0.02294151982198908,0.029172447365936556
193.0,0.029286790830491172,0.006230927543947473,0.023055863194345577,0.029286790738293052
193.5,0.029401200055355754,0.006230927543947473,0.023170271474179414,0.02940119901812689
194.0,0.029515681310002536,0.006230927543947473,0.02328475351251023,0.029515681056457705
194.5,0.029630237475622816,0.006230927543947473,0.023399309309338024,0.0296302368532855
195.0,0.029744865671025304,0.006230927543947473,0.02351393591432292,0.029744863458270394
195.5,0.029859563015018704,0.006230927543947473,0.023628633327464912,0.029859560871412387
196.0,0.02997432374522045,0.006230927543947473,0.02374339564808425,0.02997432319203172
196.5,0.030089162267586976,0.006230927543947473,0.023858234677540443,0.030089162221487914
197.0,0.03020407281973571,0.006230927543947473,0.023973144515153734,0.03020407205910121
197.5,0.030319061164049223,0.006230927543947473,0.024088131061603887,0.03031905860555136
198.0,0.030434104250997216,0.006230927543947473,0.02420317661485162,0.030434104158799092
198.5,0.03054923377368385,0.006230927543947473,0.02431830477761597,0.030549232321563445
199.0,0.03066443244496141,0.006230927543947473,0.024433503748537422,0.030664431292484893
199.5,0.03077970602721246,0.006230927543947473,0.02454877647795585,0.030779704021903324
200.0,0.03089504875805443,0.006230927543947473,0.02466412001553138,0.03089504755947885
200.5,0.031010469281061177,0.006230927543947473,0.024779540261943764,0.03101046780589124
201.0,0.031125964715041424,0.006230927543947473,0.02489503426685313,0.031125961810800604
201.5,0.031241532178803873,0.006230927543947473,0.025010602030259475,0.03124152957420695
202.0,0.03135717455353982,0.006230927543947473,0.025126246502502676,0.03135717404645015
202.5,0.03147289472044054,0.006230927543947473,0.025241964733242857,0.031472892277190335
203.0,0.0315886811547409,0.006230927543947473,0.02535775082180026,0.03158867836574773
203.5,0.03170455114358862,0.006230927543947473,0.025473622470214157,0.03170455001416163
204.0,0.031820493162218536,0.006230927543947473,0.025589564926785154,0.031820492470732625
204.5,0.03193651873539582,0.006230927543947473,0.025705589992872768,0.03193651753682024
205.0,0.03205260481359015,0.006230927543947473,0.025821677016097843,0.032052604560045314
205.5,0.03216878020871442,0.006230927543947473,0.025937852549519295,0.03216878009346677
206.0,0.03228502763362089,0.006230927543947473,0.026054098891097843,0.03228502643504532
206.5,0.032401364375457306,0.006230927543947473,0.02617043669321265,0.03240136423716012
207.0,0.03251776450350205,0.006230927543947473,0.026286836452464914,0.03251776399641239
207.5,0.03263425106728545,0.006230927543947473,0.026403321771573673,0.03263424931552115
208.0,0.032750803898468475,0.006230927543947473,0.026519874948499656,0.03275080249244713
208.5,0.03286743740300758,0.006230927543947473,0.026636507784602376,0.03286743532854985
209.0,0.032984151580902746,0.006230927543947473,0.026753223230221713,0.032984150774169184
209.5,0.03310095219453656,0.006230927543947473,0.02687002423569754,0.03310095177964501
210.0,0.0332178219567613,0.006230927543947473,0.026986893098990595,0.033217820642938066
210.5,0.033334772392342095,0.006230927543947473,0.027103844571800262,0.033334772115747736
211.0,0.03345180638247026,0.006230927543947473,0.027220878654126545,0.033451806198074016
211.5,0.03356891528357192,0.006230927543947473,0.02733798649494981,0.03356891403889728
212.0,0.03368612502636866,0.006230927543947473,0.027455194647328963,0.03368612219127644
212.5,0.03380340103656504,0.006230927543947473,0.027572470657525338,0.03380339820147281
213.0,0.033920751957734904,0.006230927543947473,0.027689823376558568,0.03392075092050604
213.5,0.03403818355226085,0.006230927543947473,0.02780725575476854,0.03403818329871601
214.0,0.034155715988481876,0.006230927543947473,0.02792478549419452,0.034155713038141994
214.5,0.03427331469210253,0.006230927543947473,0.0280423860417776,0.03427331358572507
215.0,0.03439099695027054,0.006230927543947473,0.0281600691988773,0.034390996742824774
215.5,0.03450875988179463,0.006230927543947473,0.028277832015153735,0.03450875955910121
216.0,0.034627335309262,0.006230927543947473,0.028396406174896936,0.03462733371884441
216.5,0.03474608072701538,0.006230927543947473,0.02851515145435313,0.0347460789983006
217.0,0.03486490969931611,0.006230927543947473,0.02863397934332594,0.034864906887273416
217.5,0.03498384527569451,0.006230927543947473,0.02875291639487428,0.03498384393882175
218.0,0.03511538894515023,0.006230927543947473,0.02888446024872624,0.035115387792673716
218.5,0.03525603429788549,0.006230927543947473,0.029025105901105398,0.03525603344505287
219.0,0.035396806423037434,0.006230927543947473,0.029165878418099353,0.03539680596204683
219.5,0.03553773701371023,0.006230927543947473,0.02930680730310691,0.03553773484705438
220.0,0.03567880590156486,0.006230927543947473,0.02944787780442866,0.035678805348376134
220.5,0.03582002749255777,0.006230927543947473,0.02958909877308425,0.035820026317031725
221.0,0.035961381618349934,0.006230927543947473,0.0297304525070344,0.03596138005098187
221.5,0.036102879803706515,0.006230927543947473,0.02987195080763863,0.036102878351586105
222.0,0.03624453933577523,0.006230927543947473,0.030013611376936214,0.03624453892088369
222.5,0.0363863342838345,0.006230927543947473,0.030155404711528357,0.03638633225547583
223.0,0.03652828769741462,0.006230927543947473,0.030297357364473976,0.03652828490842145
223.5,0.03667038228936786,0.006230927543947473,0.030439451633733797,0.03667037917768127
224.0,0.03681261805969423,0.006230927543947473,0.030581687519307815,0.03681261506325529
224.5,0.03695501517673273,0.006230927543947473,0.030724085673575187,0.03695501321752266
225.0,0.03709752466023148,0.006230927543947473,0.030866595940757965,0.037097523484705436
225.5,0.03724004566849538,0.006230927543947473,0.031009115058960382,0.03724004260290786
226.0,0.03738271361751499,0.006230927543947473,0.031151784644496635,0.037382712188444106
226.5,0.037525525626099,0.006230927543947473,0.03129459584634709,0.03752552339029456
227.0,0.037668498981395154,0.006230927543947473,0.031437569316890894,0.03766849686083837
227.5,0.037811633683403456,0.006230927543947473,0.031580705056128054,0.03781163260007553
228.0,0.037954909563784875,0.006230927543947473,0.031723979461339535,0.03795490700528701
228.5,0.0380983554344523,0.006230927543947473,0.031867424986264006,0.03809835253021148
229.0,0.038241945364684136,0.006230927543947473,0.032011015077842556,0.03824194262179003
229.5,0.0383856995228194,0.006230927543947473,0.03215477038845434,0.03838569793240181
230.0,0.0385296179088581,0.006230927543947473,0.032298687967759476,0.03852961551170695
230.5,0.03867369187922636,0.006230927543947473,0.03244276191507821,0.03867368945902568
231.0,0.03881792143392419,0.006230927543947473,0.03258699223041053,0.03881791977435801
231.5,0.03896231521652544,0.006230927543947473,0.032731384814436215,0.03896231235838368
232.0,0.03910685882107369,0.006230927543947473,0.03287593081613561,0.03910685836008308
232.5,0.03925158394067309,0.006230927543947473,0.033020653838227755,0.03925158138217523
233.0,0.039396456001028195,0.006230927543947473,0.03316552732765374,0.039396454871601205
233.5,0.039541492289286724,0.006230927543947473,0.03331056308577307,0.039541490629720545
234.0,0.03968671009259642,0.006230927543947473,0.033455781764964915,0.03968670930891239
234.5,0.0398320777178531,0.006230927543947473,0.03360114796115071,0.03983207550509819
235.0,0.03997761821458707,0.006230927543947473,0.03374668822738938,0.03997761577133686
235.5,0.040123331582798336,0.006230927543947473,0.03389240256368092,0.0401233301076284
236.0,0.040269226466060765,0.006230927543947473,0.034038296870705094,0.04026922441465257
236.5,0.04041531727033079,0.006230927543947473,0.034184388850501166,0.04041531639444864
237.0,0.04056160399560842,0.006230927543947473,0.03433067555272926,0.04056160309667674
237.5,0.04070810104785009,0.006230927543947473,0.03447717172908878,0.04070809927303625
238.0,0.04085478825871678,0.006230927543947473,0.03462385967754044,0.040854787221487915
238.5,0.041001682915356226,0.006230927543947473,0.034770754149783645,0.04100168169373112
239.0,0.041148776374194555,0.006230927543947473,0.03491784629479875,0.041148773838746225
239.5,0.04129606863523178,0.006230927543947473,0.03506513906292564,0.041296066606873114
240.0,0.04144357122323304,0.006230927543947473,0.035212641305183943,0.04144356884913142
240.5,0.04159127261343319,0.006230927543947473,0.03536034417055404,0.04159127171450151
241.0,0.041739187211788674,0.006230927543947473,0.03550825651005555,0.04173918405400302
241.5,0.04188731501829948,0.006230927543947473,0.03565638422436824,0.04188731176831571
242.0,0.04203563010224403,0.006230927543947473,0.03580470076043319,0.042035628304380665
242.5,0.042184172800300346,0.006230927543947473,0.035953244472668844,0.04218417201661631
243.0,0.04233291430055555,0.006230927543947473,0.03610198585767639,0.042332913401623866
243.5,0.04248188629611381,0.006230927543947473,0.03625095736919452,0.042481884913142
244.0,0.042638850716305646,0.006230927543947473,0.03640792135144528,0.042638848895392746
244.5,0.04281138797541039,0.006230927543947473,0.03658045722757821,0.04281138477152568
245.0,0.04298415284862691,0.006230927543947473,0.03675322323022171,0.042984150774169186
245.5,0.04315714821714649,0.006230927543947473,0.03692621935937579,0.043157146903323264
246.0,0.0433303798433517,0.006230927543947473,0.0370994515157202,0.043330379059667676
246.5,0.043503839083668686,0.006230927543947473,0.03727291084823531,0.04350383839218278
247.0,0.04367755186881904,0.006230927543947473,0.03744662095964014,0.04367754850358761
247.5,0.043851495149272446,0.006230927543947473,0.03762056414789543,0.0438514916918429
248.0,0.04402565740026376,0.006230927543947473,0.037794728611641654,0.04402565615558912
248.5,0.04420007607727973,0.006230927543947473,0.03796914680461748,0.044200074348564954
249.0,0.04437473101198133,0.006230927543947473,0.038143801024783645,0.04437472856873112
249.5,0.04454964237270759,0.006230927543947473,0.03831871192451929,0.04454963946846677
250.0,0.0447247842287369,0.006230927543947473,0.0384938559011054,0.04472478344505287
250.5,0.044900170986025716,0.006230927543947473,0.03866924180556159,0.044900169349509064
251.0,0.04507581705053047,0.006230927543947473,0.03884488733992715,0.045075814883874625
251.5,0.045251716659868595,0.006230927543947473,0.03902078660352232,0.04525171414746979
252.0,0.04542787269523137,0.006230927543947473,0.039196942546686965,0.04542787009063444
252.5,0.04560426786947106,0.006230927543947473,0.03937333746738183,0.045604265011329304
253.0,0.04578093099450057,0.006230927543947473,0.039550000869005696,0.04578092841295317
253.5,0.0459578822386589,0.006230927543947473,0.039726953403937726,0.045957880947885194
254.0,0.04613511872075476,0.006230927543947473,0.03990418917149815,0.046135116715445616
254.5,0.046312643321979444,0.006230927543947473,0.04008171407236673,0.0463126416163142
255.0,0.046490467567098105,0.006230927543947473,0.040259536957563104,0.04649046450151057
255.5,0.04666857993134559,0.006230927543947473,0.04043764897606763,0.046668576520015104
256.0,0.04684698617710448,0.006230927543947473,0.04061605602856008,0.04684698357250755
256.5,0.047025686304374766,0.006230927543947473,0.04079475516470056,0.047025682708648035
257.0,0.04720468607553903,0.006230927543947473,0.04097375523550872,0.04720468277945619
257.5,0.04738399701536242,0.006230927543947473,0.04115306804234407,0.04738399558629154
258.0,0.04756360759907979,0.006230927543947473,0.04133267883350721,0.04756360637745468
258.5,0.04774352935145629,0.006230927543947473,0.04151259941035766,0.047743526954305136
259.0,0.04792374786653548,0.006230927543947473,0.04169281797153591,0.04792374551548338
259.5,0.048104286193847656,0.006230927543947473,0.04187335516942111,0.04810428271336858
260.0,0.0482851270462451,0.006230927543947473,0.04205419625231386,0.04828512379626133
260.5,0.0484662992356407,0.006230927543947473,0.04223537072361295,0.04846629826756042
261.0,0.04864777971250413,0.006230927543947473,0.0424168490799196,0.04864777662386707
261.5,0.04882958288279185,0.006230927543947473,0.04259865492395283,0.048829582467900305
262.0,0.0490116972217387,0.006230927543947473,0.042780764652993616,0.04901169219694109
262.5,0.0491941400164924,0.006230927543947473,0.04296320777044074,0.04919413531438822
263.0,0.049376917029435544,0.006230927543947473,0.0431459872266341,0.04937691477058157
263.5,0.049560016735802966,0.006230927543947473,0.04332908826987428,0.04956001581382175
264.0,0.049743444897977246,0.006230927543947473,0.04351251680084105,0.04974344434478852
264.5,0.04992720151595839,0.006230927543947473,0.04369626986919452,0.04992719741314199
265.0,0.050111309639276694,0.006230927543947473,0.043880376978333496,0.050111304522280964
265.5,0.05029575198078444,0.006230927543947473,0.04406482042621869,0.050295747970166164
266.0,0.05048051125333389,0.006230927543947473,0.044249582510810834,0.05048051005475831
266.5,0.0506656220312205,0.006230927543947473,0.04443469273550872,0.050665620279456196
267.0,0.050851084314444274,0.006230927543947473,0.0446201570009921,0.05085108454493958
267.5,0.051036886578240064,0.006230927543947473,0.04480595760522171,0.05103688514916918
268.0,0.05122303458499044,0.006230927543947473,0.04499210634955706,0.05122303389350453
268.5,0.051409545621843133,0.006230927543947473,0.04517861503535766,0.051409542579305134
269.0,0.051596408164033,0.006230927543947473,0.045365477761943766,0.05159640530589124
269.5,0.0517851953420034,0.006230927543947473,0.045554264110131075,0.05178519165407855
270.0,0.0519895351905477,0.006230927543947473,0.04575860465016129,0.05198953219410876
270.5,0.05219430721778524,0.006230927543947473,0.04596337593981386,0.05219430348376133
271.0,0.05239950566133344,0.006230927543947473,0.04616857797908878,0.05239950552303625
271.5,0.05260513052119229,0.006230927543947473,0.04637419896662655,0.052605126510574016
272.0,0.052811193322126956,0.006230927543947473,0.04658026250514618,0.052811190049093654
272.5,0.053017688301754864,0.006230927543947473,0.04678675679328818,0.05301768433723565
273.0,0.053224615460076,0.006230927543947473,0.046993687731732285,0.05322461527567976
273.5,0.05343199208423811,0.006230927543947473,0.04720106122115827,0.05343198876510574
274.0,0.053639829699006325,0.006230927543947473,0.047408900864285154,0.05363982840823263
274.5,0.053848105254850356,0.006230927543947473,0.04761717715771416,0.05384810470166163
275.0,0.05405683027653536,0.006230927543947473,0.04782590190280479,0.05405682944675227
275.5,0.05426601628882647,0.006230927543947473,0.048035086900916575,0.05426601444486405
276.0,0.05447566329172371,0.006230927543947473,0.0482447321520495,0.05447565969599698
276.5,0.05468580585952252,0.006230927543947473,0.048454873060282136,0.05468580060422961
277.0,0.05489636331886683,0.006230927543947473,0.0486654329167776,0.054896360460725074
277.5,0.055107416343112725,0.006230927543947473,0.04887648843037277,0.05510741597432024
278.0,0.05531894188272989,0.006230927543947473,0.04908801009766884,0.055318937641616314
278.5,0.0555309457001009,0.006230927543947473,0.049300015620705094,0.05553094316465257
279.0,0.05574344508237349,0.006230927543947473,0.049512516800841046,0.05574344434478852
279.5,0.05595641698001735,0.006230927543947473,0.0497254841346779,0.055956411678625376
280.0,0.0561698786801802,0.006230927543947473,0.04993894712561446,0.056169874669561935
280.5,0.05638384170762722,0.006230927543947473,0.050152911674330475,0.05638383921827794
281.0,0.0565982772504455,0.006230927543947473,0.05036734827742715,0.056598275821374625
281.5,0.056813237170078246,0.006230927543947473,0.05058230414034256,0.05681323168429003
282.0,0.05702872146652544,0.006230927543947473,0.050797791064436215,0.05702871860838368
282.5,0.057250446423302966,0.006230927543947473,0.0510195150070344,0.05725044255098187
283.0,0.05747788766359634,0.006230927543947473,0.051246956708318386,0.05747788425226586
283.5,0.05770586480546934,0.006230927543947473,0.05147493537146038,0.05770586291540786
284.0,0.057934170403149195,0.006230927543947473,0.05170323857198908,0.057934166115936554
284.5,0.058163000377643506,0.006230927543947473,0.05193207283369603,0.058163000377643506
285.0,0.05839236625371743,0.006230927543947473,0.052161438156581225,0.0583923657005287
285.5,0.05862229684328384,0.006230927543947473,0.052391364044043466,0.058622291587990934
286.0,0.05885276909681245,0.006230927543947473,0.05262183869472322,0.058852766238670695
286.5,0.05908382911336386,0.006230927543947473,0.05285289751269905,0.05908382505664653
287.0,0.05931545384340776,0.006230927543947473,0.053084522795931684,0.05931545033987915
287.5,0.05954766057409189,0.006230927543947473,0.05331673224646038,0.05954765979040785
288.0,0.05978041473112077,0.006230927543947473,0.05354948455952685,0.05978041210347432
288.5,0.060013791225467926,0.006230927543947473,0.05378286234464769,0.06001378988859517
289.0,0.06024772090854241,0.006230927543947473,0.05401678889298606,0.06024771643693354
289.5,0.06048226140417001,0.006230927543947473,0.0542513291120193,0.060482256655966765
290.0,0.060717406949968133,0.006230927543947473,0.05448647710106763,0.060717404645015106
290.5,0.06095314602117164,0.006230927543947473,0.0547222151580918,0.060953142702039276
291.0,0.06118949014254567,0.006230927543947473,0.05495856098513108,0.06118948852907855
291.5,0.06142643931409023,0.006230927543947473,0.055195508681505696,0.06142643622545317
292.0,0.06166401082295305,0.006230927543947473,0.0554330818499347,0.061664009393882176
292.5,0.06190220466913413,0.006230927543947473,0.05567127458973833,0.0619022021336858
293.0,0.062141020852633476,0.006230927543947473,0.05591009280159633,0.06214102034554381
293.5,0.062380459373451075,0.006230927543947473,0.05614953058482896,0.062380458128776434
294.0,0.06262053175635209,0.006230927543947473,0.05638959974079573,0.0626205272847432
294.5,0.06286126105086681,0.006230927543947473,0.05663032977289543,0.0628612573168429
295.0,0.06310330993099154,0.006230927543947473,0.05687238155726099,0.06310330910120845
295.5,0.0633528038094051,0.006230927543947473,0.05712187409880177,0.06335280164274924
296.0,0.06360436062078101,0.006230927543947473,0.05737343187825796,0.06360435942220544
296.5,0.06385666654189187,0.006230927543947473,0.05762573314336371,0.06385666068731118
297.0,0.06411058016774157,0.006230927543947473,0.05787965119472322,0.0641105787386707
297.5,0.0643654388243338,0.006230927543947473,0.05813450745416431,0.06436543499811179
298.0,0.06462115031354737,0.006230927543947473,0.05839021931217035,0.06462114685611782
298.5,0.06487766853632164,0.006230927543947473,0.05864673956330328,0.06487766710725075
299.0,0.06513503959171722,0.006230927543947473,0.05890410951232141,0.06513503705626889
299.5,0.06539327500449926,0.006230927543947473,0.05916234686126401,0.06539327440521148
300.0,0.0656523459627549,0.006230927543947473,0.05942141620605253,0.06565234375
300.5,0.06591232161507506,0.006230927543947473,0.059681388354844066,0.06591231589879154
301.0,0.06617312705048621,0.006230927543947473,0.05994219840016129,0.06617312594410876
301.5,0.06643481989281415,0.006230927543947473,0.060203887646762495,0.06643481519070997
302.0,0.06670142804747982,0.006230927543947473,0.06047049806028213,0.0667014256042296
302.5,0.0669695517087631,0.006230927543947473,0.0607386190478199,0.06696954659176738
303.0,0.0672385743017283,0.006230927543947473,0.061007642839360686,0.06723857038330816
303.5,0.06750853040067091,0.006230927543947473,0.061277598938303285,0.06750852648225075
304.0,0.06777939119367801,0.006230927543947473,0.061548457841248905,0.06777938538519637
304.5,0.06805117973027992,0.006230927543947473,0.06182024905159633,0.0680511765955438
305.0,0.06832389024809409,0.006230927543947473,0.06209296076798606,0.06832388831193353
305.5,0.06859755732141593,0.006230927543947473,0.06236662839449664,0.0685975559384441
306.0,0.06887218671262804,0.006230927543947473,0.06264125783180781,0.06887218537575529
306.5,0.06914775537220012,0.006230927543947473,0.06291682547720057,0.06914775302114803
307.0,0.06942428058727991,0.006230927543947473,0.06319334903271416,0.06942427657666163
307.5,0.06970179116978026,0.006230927543947473,0.06347085800174739,0.06970178554569487
308.0,0.06998027559493604,0.006230927543947473,0.0637493464836205,0.06998027402756797
308.5,0.07026345059950906,0.006230927543947473,0.06403252010522172,0.07026344764916918
309.0,0.07054826788311638,0.006230927543947473,0.06431733411579572,0.0705482616597432
309.5,0.0708340935836746,0.006230927543947473,0.06460316304328817,0.07083409058723565
310.0,0.0711209680378617,0.006230927543947473,0.06489003639109785,0.07112096393504531
310.5,0.07140889700806033,0.006230927543947473,0.06517796596058426,0.07140889350453172
311.0,0.07169787473188786,0.006230927543947473,0.06546694585106763,0.0716978733950151
311.5,0.07198792425887462,0.006230927543947473,0.06575699376458727,0.07198792130853475
312.0,0.07227904558902061,0.006230927543947473,0.06604811560182292,0.0722790431457704
312.5,0.0725712387223258,0.006230927543947473,0.06634030546209482,0.07257123300604229
313.0,0.07286450942117281,0.006230927543947473,0.06663358104744226,0.07286450859138972
313.5,0.07315888649747451,0.006230927543947473,0.06692795415922473,0.07315888170317221
314.0,0.07345436995123088,0.006230927543947473,0.06722343659880177,0.07345436414274925
314.5,0.07375097130720709,0.006230927543947473,0.0675200401675329,0.07375096771148036
315.0,0.07405158328145653,0.006230927543947473,0.0678206502978199,0.07405157784176737
315.5,0.0743543158124941,0.006230927543947473,0.06812338467281989,0.07435431221676737
316.0,0.07465822386957728,0.006230927543947473,0.0684272932830918,0.07465822082703928
316.5,0.07496330169032348,0.006230927543947473,0.06873237022795585,0.07496329777190332
317.0,0.07526958384902815,0.006230927543947473,0.0690386509114906,0.07526957845543807
317.5,0.07557701272186555,0.006230927543947473,0.06934608222757821,0.07557700977152568
318.0,0.07588565169504402,0.006230927543947473,0.06965472318301627,0.07588565072696375
318.5,0.0761954834814158,0.006230927543947473,0.06996455017508577,0.07619547771903323
319.0,0.07650654265527639,0.006230927543947473,0.07027561040922473,0.07650653795317221
319.5,0.07681880616709545,0.006230927543947473,0.0705878743820344,0.07681880192598187
320.0,0.0771322970664033,0.006230927543947473,0.0709013656962338,0.07713229324018127
320.5,0.07744703264034766,0.006230927543947473,0.0712161020538622,0.07744702959780966
321.0,0.0777630013641634,0.006230927543947473,0.07153207165356008,0.07776299919750755
321.5,0.07808123470433169,0.006230927543947473,0.0718503012136054,0.07808122875755287
322.0,0.07840167503702676,0.006230927543947473,0.07217074352856008,0.07840167107250755
322.5,0.07872370002493037,0.006230927543947473,0.07249276722569,0.07872369476963746
323.0,0.0790473615294857,0.006230927543947473,0.0728164313117927,0.07904735885574019
323.5,0.07937255006542379,0.006230927543947473,0.07314161777327308,0.07937254531722054
324.0,0.07969943274183935,0.006230927543947473,0.07346850363052383,0.0796994311744713
324.5,0.08002780211295966,0.006230927543947473,0.07379687055839391,0.0800277981023414
325.0,0.08035794053553094,0.006230927543947473,0.0741270076901915,0.08035793523413898
325.5,0.08068949650421603,0.006230927543947473,0.07445856688581083,0.08068949442975831
326.0,0.08102290796009075,0.006230927543947473,0.07479197889487428,0.08102290643882175
326.5,0.0813577311996967,0.006230927543947473,0.07512680116639996,0.08135772871034744
327.0,0.08169441568887485,0.006230927543947473,0.07546348215204951,0.08169440969599698
327.5,0.08203252924893198,0.006230927543947473,0.07580159700288032,0.0820325245468278
328.0,0.08237254439523933,0.006230927543947473,0.07614161187259331,0.08237253941654078
328.5,0.08271406928578172,0.006230927543947473,0.07648313731632443,0.0827140648602719
329.0,0.08305737475254024,0.006230927543947473,0.07682644476534256,0.08305737230929003
329.5,0.08340227063688987,0.006230927543947473,0.07717133949721566,0.08340226704116314
330.0,0.08374896438460336,0.006230927543947473,0.07751803393641507,0.08374896148036254
330.5,0.08409732922326402,0.006230927543947473,0.07786639826798607,0.08409732581193353
331.0,0.08444741701431505,0.006230927543947473,0.07821648559804649,0.08444741314199396
331.5,0.08479917589631325,0.006230927543947473,0.07856824282047851,0.08479917036442598
332.0,0.08515268078023214,0.006230927543947473,0.078921746644119,0.08515267418806646
332.5,0.08550798352751487,0.006230927543947473,0.07927705017508575,0.08550797771903323
333.0,0.08586499770242281,0.006230927543947473,0.07963406490318244,0.0858649924471299
333.5,0.08622375787925143,0.006230927543947473,0.07999282623248757,0.08622375377643504
334.0,0.08658420643417497,0.006230927543947473,0.08035327515620358,0.08658420270015106
334.5,0.08694657386249646,0.006230927543947473,0.08071564180084105,0.08694656934478852
335.0,0.08731060085699997,0.006230927543947473,0.0810796665364906,0.08731059408043806
335.5,0.087676512150606,0.006230927543947473,0.0814455794896628,0.08767650703361027
336.0,0.08804405996086374,0.006230927543947473,0.08181312693112805,0.08804405447507553
336.5,0.08841363036740582,0.006230927543947473,0.08218269830575041,0.08841362584969789
337.0,0.08878749951134995,0.006230927543947473,0.08255656537523681,0.0887874929191843
337.5,0.08916839299965482,0.006230927543947473,0.08293746015431537,0.08916838769826284
338.0,0.08955129179709627,0.006230927543947473,0.08332036116451175,0.08955128870845921
338.5,0.08993643216135999,0.006230927543947473,0.08370549853233651,0.08993642607628399
339.0,0.09032365274573381,0.006230927543947473,0.08409271884011597,0.09032364638406344
339.5,0.09071299388689577,0.006230927543947473,0.08448206339260841,0.0907129909365559
340.0,0.09110443829769814,0.006230927543947473,0.08487350858709482,0.0911044361310423
340.5,0.09149807817626215,0.006230927543947473,0.08526714883445131,0.0914980763783988
341.0,0.09189397690879614,0.006230927543947473,0.08566304314147549,0.09189397068542296
341.5,0.09229195009905766,0.006230927543947473,0.08606102038845434,0.09229194793240181
342.0,0.09269218214328916,0.006230927543947473,0.08646125169510087,0.09269217923904834
342.5,0.09309451745716106,0.006230927543947473,0.08686358364374135,0.09309451118768883
343.0,0.09349920958550675,0.006230927543947473,0.08726827586428515,0.09349920340823263
343.5,0.09390603955778831,0.006230927543947473,0.08767511003158122,0.0939060375755287
344.0,0.0943151860078656,0.006230927543947473,0.0880842513646628,0.09431517890861027
344.5,0.09472650487617423,0.006230927543947473,0.08849557004857518,0.09472649759252266
345.0,0.09514015174704377,0.006230927543947473,0.0889092195009921,0.09514014704493957
345.5,0.09555602865997039,0.006230927543947473,0.08932509941035767,0.09555602695430514
346.0,0.0959742335754579,0.006230927543947473,0.089743304187548,0.09597423173149547
346.5,0.09639473191921084,0.006230927543947473,0.09016379842848456,0.09639472597243202
347.0,0.09681751216646407,0.006230927543947473,0.09058657623248757,0.09681750377643504
347.5,0.09724262617866078,0.006230927543947473,0.09101169070567489,0.09724261824962235
348.0,0.09767005666865324,0.006230927543947473,0.09143913004668697,0.09767005759063443
348.5,0.09809988430979749,0.006230927543947473,0.0918689532623214,0.09809988080626889
349.0,0.0985320514782678,0.006230927543947473,0.0923011190478199,0.09853204659176737
349.5,0.09896659274835962,0.006230927543947473,0.09273566280726099,0.09896659035120846
350.0,0.09940348507054263,0.006230927543947473,0.09317254913656613,0.0994034766805136
350.5,0.09984279759340776,0.006230927543947473,0.09361186654593168,0.09984279408987916
351.0,0.10028429982165195,0.006230927543947473,0.09405336720680782,0.10028429475075529
351.5,0.10072813005245704,0.006230927543947473,0.09449719273550872,0.1007281202794562
352.0,0.10117439200870941,0.006230927543947473,0.09494346114562957,0.10117438868957704
352.5,0.10162307416564388,0.006230927543947473,0.0953921370330918,0.10162306457703928
353.0,0.1020742687213817,0.006230927543947473,0.09584333841149059,0.10207426595543807
353.5,0.10252788347780165,0.006230927543947473,0.09629694726723077,0.10252787481117825
354.0,0.10298392995966886,0.006230927543947473,0.0967529990043909,0.10298392654833836
354.5,0.10344250036510456,0.006230927543947473,0.09721156443112805,0.10344249197507553
355.0,0.1039035831693436,0.006230927543947473,0.09767265534880178,0.10390358289274924
355.5,0.10436716684762085,0.006230927543947473,0.09813623635333349,0.10436716389728097
356.0,0.10483322835040597,0.006230927543947473,0.0986022956433637,0.10483322318731118
356.5,0.10530182530152474,0.006230927543947473,0.09907089222568999,0.10530181976963746
357.0,0.10577722186408374,0.006230927543947473,0.09954628639109785,0.10577721393504531
357.5,0.10626527261878069,0.006230927543947473,0.10003434341526703,0.10626527095921451
358.0,0.10675622761429616,0.006230927543947473,0.10052529177251779,0.10675621931646526
358.5,0.10725008685063019,0.006230927543947473,0.10101915506556915,0.10725008260951661
359.0,0.10774701167449491,0.006230927543947473,0.1015160749107353,0.10774700245468279
359.5,0.1082468522639433,0.006230927543947473,0.10201592149306159,0.10824684903700907
360.0,0.10874989673810423,0.006230927543947473,0.10251896624381687,0.10874989378776435
360.5,0.10925577630449278,0.006230927543947473,0.10302484332085615,0.10925577086480362
361.0,0.10976476755747262,0.006230927543947473,0.10353383595680782,0.10976476350075529
361.5,0.11027680134845284,0.006230927543947473,0.10404587334351477,0.11027680088746224
362.0,0.1107919353012592,0.006230927543947473,0.10456100268641506,0.11079193023036253
362.5,0.11131018094065687,0.006230927543947473,0.10507924758822776,0.11131017513217523
363.0,0.11183143454375945,0.006230927543947473,0.10560050183671718,0.11183142938066465
363.5,0.11235589203157453,0.006230927543947473,0.1061249542536356,0.11235588179758309
364.0,0.11288338053262485,0.006230927543947473,0.10665245142130933,0.1128833789652568
364.5,0.11341411901744831,0.006230927543947473,0.10718318216149059,0.11341410970543807
365.0,0.11394781936691607,0.006230927543947473,0.10771688684427005,0.11394781438821752
365.5,0.11448476970015696,0.006230927543947473,0.10825383690091657,0.11448476444486405
366.0,0.11502501611623159,0.006230927543947473,0.10879407953686823,0.11502500708081571
366.5,0.11556817829788991,0.006230927543947473,0.10933724890998002,0.11556817645392749
367.0,0.11611461351285168,0.006230927543947473,0.10988367545831838,0.11611460300226586
367.5,0.11666436786017749,0.006230927543947473,0.11043342999004044,0.11666435753398792
368.0,0.11721716474550369,0.006230927543947473,0.11098622927251778,0.11721715681646526
368.5,0.11777317704030754,0.006230927543947473,0.11154223852478365,0.11777316606873112
369.0,0.11833257761606637,0.006230927543947473,0.11210164656859029,0.11833257411253777
369.5,0.11889498615553011,0.006230927543947473,0.11266405215771416,0.11889497970166163
370.0,0.11946064467876699,0.006230927543947473,0.11322971492206461,0.11946064246601208
370.5,0.12002977215631491,0.006230927543947473,0.11379883548475343,0.1200297630287009
371.0,0.12060376308475737,0.006230927543947473,0.11437283000892262,0.12060375755287009
371.5,0.12118132669039723,0.006230927543947473,0.11495038854366582,0.12118131608761329
372.0,0.12176210570551478,0.006230927543947473,0.11553116884955705,0.12176209639350453
372.5,0.12234622690252667,0.006230927543947473,0.1161152889401915,0.12234621648413897
373.0,0.12293702093856212,0.006230927543947473,0.11670608860031234,0.12293701614425982
373.5,0.12354889377006231,0.006230927543947473,0.11731796548852987,0.12354889303247735
374.0,0.12416441995211598,0.006230927543947473,0.11793348899683803,0.1241644165407855
374.5,0.12478355338566254,0.006230927543947473,0.11855262372115827,0.12478355126510574
375.0,0.12540687030895958,0.006230927543947473,0.11917593612674739,0.12540686367069487
375.5,0.12603433614771173,0.006230927543947473,0.11980340261088636,0.12603433015483384
376.0,0.12666606614957043,0.006230927543947473,0.12043512938581083,0.1266660569297583
376.5,0.12730082716466437,0.006230927543947473,0.12106988911013107,0.12730081665407855
377.0,0.12793949507514515,0.006230927543947473,0.12170856688581083,0.1279394944297583
377.5,0.12858239257443707,0.006230927543947473,0.12235145774683802,0.1285823852907855
378.0,0.12922956576160075,0.006230927543947473,0.12299863250136975,0.12922956004531722
378.5,0.1298808763394543,0.006230927543947473,0.12364993773173229,0.12988086527567977
379.0,0.1305350681085961,0.006230927543947473,0.1243041342951764,0.13053506183912386
379.5,0.1311935009913142,0.006230927543947473,0.12496256754668697,0.13119349509063444
380.0,0.13185631328479042,0.006230927543947473,0.1256253791025782,0.13185630664652567
380.5,0.13252348193949443,0.006230927543947473,0.12629254536013107,0.13252347290407854
381.0,0.13319437309334287,0.006230927543947473,0.1269634408472912,0.13319436839123866
381.5,0.13386845660713864,0.006230927543947473,0.12763752270152082,0.13386845024546828
382.0,0.1345469771555183,0.006230927543947473,0.12831604186692866,0.13454696941087613
382.5,0.1352447210121731,0.006230927543947473,0.12901378544698908,0.13524471299093654
383.0,0.13595525735814765,0.006230927543947473,0.1297243217007655,0.135955249244713
383.5,0.13666952772803176,0.006230927543947473,0.13043859898550872,0.1366695265294562
384.0,0.1373878893895452,0.006230927543947473,0.13115695954064469,0.13738788708459215
384.5,0.13811120670007435,0.006230927543947473,0.1318802766667776,0.13811120421072506
385.0,0.13883941051102838,0.006230927543947473,0.13260847955575042,0.1388394070996979
385.5,0.13957256997099815,0.006230927543947473,0.1333416390157202,0.13957256655966768
386.0,0.1403083570774228,0.006230927543947473,0.13407741837750267,0.14030834592145014
386.5,0.141048477495545,0.006230927543947473,0.13481754063958726,0.14104846818353475
387.0,0.14179359966174354,0.006230927543947473,0.1355626666781069,0.14179359422205437
387.5,0.1425437351007836,0.006230927543947473,0.13631279649306158,0.14254372403700907
388.0,0.14329896448602128,0.006230927543947473,0.13706802449532746,0.14329895203927492
388.5,0.1440592762926914,0.006230927543947473,0.13782833888354498,0.14405926642749245
389.0,0.14482470509508946,0.006230927543947473,0.1385937750617927,0.14482470260574018
389.5,0.1455953200418063,0.006230927543947473,0.13936438023550873,0.1455953077794562
390.0,0.14636806707007646,0.006230927543947473,0.14013713325665675,0.14636806080060422
390.5,0.1471445942213168,0.006230927543947473,0.1409136627128501,0.14714459025679757
391.0,0.147953286992099,0.006230927543947473,0.14172235087372625,0.14795327841767372
391.5,0.1487707962082232,0.006230927543947473,0.1425398664515208,0.14877079399546828
392.0,0.14959402170786323,0.006230927543947473,0.14336308208596188,0.14959400962990937
392.5,0.15042295196625402,0.006230927543947473,0.14419202137976853,0.15042294892371602
393.0,0.1512576100329258,0.006230927543947473,0.14502667253158122,0.15125760007552871
393.5,0.15209796133358314,0.006230927543947473,0.14586702374004043,0.15209795128398793
394.0,0.15294185073714242,0.006230927543947473,0.14671091535635464,0.1529418429003021
394.5,0.15378859828245964,0.006230927543947473,0.14755766290167185,0.15378859044561932
395.0,0.15464116583417908,0.006230927543947473,0.14841022851723076,0.15464115606117826
395.5,0.15549939204558866,0.006230927543947473,0.14926845878535766,0.15549938632930513
396.0,0.1563634497881656,0.006230927543947473,0.15013251892508575,0.15636344646903325
396.5,0.1572332468637887,0.006230927543947473,0.15100231452553894,0.1572332420694864
397.0,0.15810887547057922,0.006230927543947473,0.1518779399975933,0.1581088675415408
397.5,0.1589903586580674,0.006230927543947473,0.15275941894396794,0.1589903464879154
398.0,0.15987712018799566,0.006230927543947473,0.153646184899406,0.15987711244335348
398.5,0.1607827362337141,0.006230927543947473,0.1545517976259921,0.16078272516993958
399.0,0.16171397183236758,0.006230927543947473,0.1554830311040888,0.16171395864803625
399.5,0.16265196094340068,0.006230927543947473,0.1564210267611885,0.16265195430513596
400.0,0.163596749665874,0.006230927543947473,0.15736582000136976,0.16359674754531722
400.5,0.1645484301979088,0.006230927543947473,0.1583174934341492,0.1645484209780967
401.0,0.16550687576708836,0.006230927543947473,0.1592759408472912,0.16550686839123868
401.5,0.16647217857153393,0.006230927543947473,0.16024124485031235,0.16647217239425982
402.0,0.16744428098741976,0.006230927543947473,0.16121334643641508,0.16744427398036255
402.5,0.16842332131192764,0.006230927543947473,0.16219238722191356,0.16842331476586103
403.0,0.1694092995450576,0.006230927543947473,0.1631783672068078,0.16940929475075528
403.5,0.17040212348868838,0.006230927543947473,0.1641711919802217,0.17040211952416917
404.0,0.1714018277171155,0.006230927543947473,0.1651708969462338,0.17140182449018126
404.5,0.17240588830677045,0.006230927543947473,0.16617495661390752,0.172405884157855
405.0,0.17340885404373585,0.006230927543947473,0.16717791875514618,0.17340884629909364
405.5,0.1744333134677115,0.006230927543947473,0.16820238297342413,0.1744333105173716
406.0,0.1754999074330863,0.006230927543947473,0.16926896624381688,0.17549989378776434
406.5,0.17657398097104537,0.006230927543947473,0.17034304337750267,0.17657397092145016
407.0,0.1776561448941418,0.006230927543947473,0.17142520444245737,0.17765613198640484
407.5,0.1787468947672772,0.006230927543947473,0.17251595689714014,0.1787468844410876
408.0,0.17984523946064837,0.006230927543947473,0.1736142976259921,0.1798452251699396
408.5,0.1809511674494902,0.006230927543947473,0.17472022662901326,0.18095115417296073
409.0,0.18206462110997687,0.006230927543947473,0.175833684899406,0.18206461244335348
409.5,0.18318566959069935,0.006230927543947473,0.17695473144396792,0.18318565898791542
410.0,0.18431426679259702,0.006230927543947473,0.1780833308586205,0.184314258402568
410.5,0.18545048186426077,0.006230927543947473,0.17921954215016128,0.18545046969410875
411.0,0.18659428023139515,0.006230927543947473,0.18036334171587126,0.18659426925981873
411.5,0.18773054140211953,0.006230927543947473,0.1814996002128501,0.18773052775679758
412.0,0.18887977945840612,0.006230927543947473,0.18264884020529723,0.18887976774924473
412.5,0.19009160851423834,0.006230927543947473,0.1838606746086205,0.19009160215256798
413.0,0.19131164320285948,0.006230927543947473,0.1850807109568078,0.19131163850075528
413.5,0.19253982590044372,0.006230927543947473,0.1863088902430616,0.19253981778700907
414.0,0.19377624880511235,0.006230927543947473,0.1875453186796175,0.19377624622356496
414.5,0.19502080819397893,0.006230927543947473,0.18878987825288032,0.1950208057968278
415.0,0.19627350406704352,0.006230927543947473,0.1900425689628501,0.1962734965067976
415.5,0.19753435947383638,0.006230927543947473,0.1913034262136054,0.19753435375755288
416.0,0.19880342051341815,0.006230927543947473,0.19257248540922473,0.1988034129531722
416.5,0.2000806871857888,0.006230927543947473,0.19384974654970813,0.2000806740936556
417.0,0.20136606729282713,0.006230927543947473,0.19513512702553892,0.2013660545694864
417.5,0.20265958388406344,0.006230927543947473,0.19642865043943622,0.2026595779833837
418.0,0.20396160575198263,0.006230927543947473,0.19773067083218546,0.20396159837613292
418.5,0.20532526206393978,0.006230927543947473,0.19909431792433047,0.20532524546827793
419.0,0.206719366805431,0.006230927543947473,0.20048843612674738,0.20671936367069488
419.5,0.2081228527057567,0.006230927543947473,0.20189192460862052,0.20812285215256798
420.0,0.20953537402196232,0.006230927543947473,0.20330442932916432,0.20953535687311178
420.5,0.2109570229521691,0.006230927543947473,0.20472609190469301,0.21095701944864048
421.0,0.2123878225459073,0.006230927543947473,0.20615688873248758,0.21238781627643505
421.5,0.2138269199705556,0.006230927543947473,0.20759599371738183,0.2138269212613293
422.0,0.2152506433584899,0.006230927543947473,0.20901970972946643,0.2152506372734139
422.5,0.21668291812216767,0.006230927543947473,0.21045196992584106,0.21668289746978853
423.0,0.21812374426158893,0.006230927543947473,0.21189279790922474,0.2181237254531722
423.5,0.2195732370244052,0.006230927543947473,0.2133422880904936,0.2195732156344411
424.0,0.22103169605451048,0.006230927543947473,0.21480074730499513,0.2210316748489426
424.5,0.22257350218620184,0.006230927543947473,0.216342571323122,0.22257349886706948
425.0,0.22412526571498537,0.006230927543947473,0.2178943320859619,0.22412525962990937
425.5,0.225686456501664,0.006230927543947473,0.21945551033369604,0.2256864378776435
426.0,0.2272570514967074,0.006230927543947473,0.22102610606632442,0.2272570336102719
426.5,0.22883705070011565,0.006230927543947473,0.22260611928384708,0.22883704682779457
427.0,0.23042643106235838,0.006230927543947473,0.22419550278082595,0.23042643032477342
427.5,0.23202551527685988,0.006230927543947473,0.22579458699532745,0.23202551453927492
428.0,0.23366832445035168,0.006230927543947473,0.2274373834454785,0.23366831098942598
428.5,0.23535402879974274,0.006230927543947473,0.229123089638832,0.23535401718277946
429.0,0.23704946005092287,0.006230927543947473,0.23081852015242715,0.23704944769637462
429.5,0.238754687352483,0.006230927543947473,0.23252374579442112,0.23875467333836858
430.0,0.24046975680348376,0.006230927543947473,0.23423881377025194,0.2404697413141994
430.5,0.24219434571050086,0.006230927543947473,0.23596341724457218,0.24219434478851964
431.0,0.24392889201461007,0.006230927543947473,0.2376979574636054,0.24392888500755286
431.5,0.2456926651231472,0.006230927543947473,0.23946171784880177,0.24569264539274924
432.0,0.2475225212350713,0.006230927543947473,0.24129158945001022,0.2475225169939577
432.5,0.24936240389267844,0.006230927543947473,0.24313146860408877,0.24936239614803626
433.0,0.2511933202829966,0.006230927543947473,0.2449623787249347,0.2511933062688822
433.5,0.25302057179799614,0.006230927543947473,0.24678963042433047,0.25302055796827794
434.0,0.2548571353232392,0.006230927543947473,0.24862620519774437,0.25485713274169186
434.5,0.2567029647596653,0.006230927543947473,0.2504720322370193,0.25670295978096674
435.0,0.2585756468988977,0.006230927543947473,0.252344695567835,0.2585756231117825
435.5,0.26052416199283657,0.006230927543947473,0.2542932180376235,0.260524145581571
436.0,0.2624831646230646,0.006230927543947473,0.2562522201146628,0.26248314765861025
436.5,0.26445265478958174,0.006230927543947473,0.2582217254016719,0.2644526529456193
437.0,0.2664326555419184,0.006230927543947473,0.2602017102959317,0.26643263783987914
437.5,0.2684229824838321,0.006230927543947473,0.26219203318112805,0.26842296072507554
438.0,0.2704239352592169,0.006230927543947473,0.26419300089260844,0.2704239284365559
438.5,0.2724723009184408,0.006230927543947473,0.26624136286390754,0.272472290407855
439.0,0.2745859889465516,0.006230927543947473,0.2683550571614906,0.27458598470543805
439.5,0.276710187560482,0.006230927543947473,0.2704792546690435,0.27671018221299093
440.0,0.2788448045621106,0.006230927543947473,0.27261386097569,0.27884478851963745
440.5,0.2809897016542556,0.006230927543947473,0.274758758067835,0.2809896856117825
441.0,0.28314499408456856,0.006230927543947473,0.2769140639590737,0.28314499150302114
441.5,0.2853108201502313,0.006230927543947473,0.27907987306028215,0.2853108006042296
442.0,0.28756617059160217,0.006230927543947473,0.2813352308775027,0.28756615842145017
442.5,0.2898555421397045,0.006230927543947473,0.28362460021285013,0.28985552775679757
443.0,0.2921554473231566,0.006230927543947473,0.28592449636088635,0.29215542390483384
443.5,0.29446597834007976,0.006230927543947473,0.2882350373352066,0.29446596487915405
444.0,0.2967870429923527,0.006230927543947473,0.2905561051222157,0.29678703266616313
444.5,0.29911871042856636,0.006230927543947473,0.29288777053007065,0.29911869807401814
445.0,0.30149184396980033,0.006230927543947473,0.29526090591526705,0.3014918334592145
445.5,0.30390870247002455,0.006230927543947473,0.297677753536113,0.3039086810800604
446.0,0.30632825776529454,0.006230927543947473,0.3000973154696477,0.3063282430135952
446.5,0.30875749386329304,0.006230927543947473,0.30252655451798605,0.30875748206193354
447.0,0.31119705615086857,0.006230927543947473,0.30496610795454193,0.3111970354984894
447.5,0.313697192604088,0.006230927543947473,0.30746624957085616,0.3136971771148036
448.0,0.3162450646345709,0.006230927543947473,0.31001411588505556,0.316245043429003
448.5,0.31880289406214596,0.006230927543947473,0.31257194254668696,0.31880287009063446
449.0,0.3213706347877526,0.006230927543947473,0.31513968235031237,0.3213706098942598
449.5,0.3239484712076331,0.006230927543947473,0.31771752411768395,0.32394845166163144
450.0,0.3266202114139799,0.006230927543947473,0.32038925750136976,0.3266201850453172
450.5,0.3293109213837684,0.006230927543947473,0.32307996747115825,0.32931089501510574
451.0,0.33201154265158844,0.006230927543947473,0.32578059058294073,0.3320115181268882
451.5,0.3347223287622734,0.006230927543947473,0.32849138646662657,0.334722314010574
452.0,0.33747375119488765,0.006230927543947473,0.3312428026297685,0.337473730173716
452.5,0.3403025048016782,0.006230927543947473,0.33407156490318246,0.3403024924471299
453.0,0.34314073176542437,0.006230927543947473,0.33690979186692865,0.34314071941087615
453.5,0.3459882707394142,0.006230927543947473,0.339757318301974,0.34598824584592147
454.0,0.3488455366151931,0.006230927543947473,0.34261459265998,0.3488455202039275
454.5,0.35179387118521055,0.006230927543947473,0.34556292630801627,0.35179385385196377
455.0,0.3547729768781864,0.006230927543947473,0.3485420379016719,0.3547729654456193
455.5,0.35776097968986026,0.006230927543947473,0.35153002411768397,0.3577609516616314
456.0,0.3607578565707019,0.006230927543947473,0.35452690855877156,0.36075783610271905
456.5,0.3637991959955037,0.006230927543947473,0.3575682605225178,0.3637991880664653
457.0,0.3669225456491338,0.006230927543947473,0.36069160833218544,0.36692253587613294
457.5,0.3700555069569014,0.006230927543947473,0.36382456244849964,0.37005548999244714
458.0,0.37319803381974603,0.006230927543947473,0.3669670992687413,0.3731980268126888
458.5,0.3763505872282737,0.006230927543947473,0.3701196436418531,0.3763505711858006
459.0,0.3796169361679215,0.006230927543947473,0.37338600032614316,0.37961692787009066
459.5,0.38290036480952605,0.006230927543947473,0.3766694217762942,0.3829003493202417
460.0,0.38616636800621934,0.006230927543947473,0.3799354244197988,0.3861663519637462
460.5,0.3893889919868769,0.006230927543947473,0.3831580452657202,0.38938897280966767
461.0,0.39268710317928623,0.006230927543947473,0.38645614760710995,0.3926870751510574
461.5,0.3960405332444298,0.006230927543947473,0.3898095747219136,0.396040502265861
462.0,0.3994006937724226,0.006230927543947473,0.3931697522143607,0.3994006797583082
462.5,0.4027679535557496,0.006230927543947473,0.3965370105225178,0.40276793806646527
463.0,0.4061773017814152,0.006230927543947473,0.3999463760814302,0.40617730362537763
463.5,0.4096786637320619,0.006230927543947473,0.40344769783369605,0.4096786253776435
464.0,0.41318638735307306,0.006230927543947473,0.4069554395255389,0.4131863670694864
464.5,0.4167002882482062,0.006230927543947473,0.41046931792433045,0.41670024546827794
465.0,0.4202264975925227,0.006230927543947473,0.4139955641478954,0.4202264916918429
465.5,0.4238771283014303,0.006230927543947473,0.4176461967007655,0.42387712424471297
466.0,0.4275337518882175,0.006230927543947473,0.4213028243442701,0.4275337518882175
466.5,0.431196276154763,0.006230927543947473,0.4249653054620948,0.4311962330060423
467.0,0.43486511599261235,0.006230927543947473,0.42863415931405857,0.43486508685800607
467.5,0.43864491626935426,0.006230927543947473,0.4324139459454785,0.438644873489426
468.0,0.4424515922984328,0.006230927543947473,0.43622063967659636,0.4424515672205438
468.5,0.44626343142229985,0.006230927543947473,0.4400324788004634,0.44626340634441086
469.0,0.45008121732498585,0.006230927543947473,0.44385026580952686,0.4500811933534743
469.5,0.45398875809868294,0.006230927543947473,0.44775779035635466,0.4539887179003021
470.0,0.45794497948038615,0.006230927543947473,0.451714030915267,0.4579449584592145
470.5,0.4619063178578172,0.006230927543947473,0.4556753696614906,0.4619062972054381
471.0,0.4658726349337944,0.006230927543947473,0.4596416649787111,0.4658725925226586
471.5,0.46990007936414274,0.006230927543947473,0.4636691385436658,0.4699000660876133
472.0,0.47398358025219506,0.006230927543947473,0.4677526449636054,0.47398357250755285
472.5,0.4780719215416116,0.006230927543947473,0.47184096633822775,0.47807189388217525
473.0,0.48223236176182493,0.006230927543947473,0.47600141762221565,0.48223234516616315
473.5,0.4864153905217381,0.006230927543947473,0.48018443310559933,0.4864153606495468
474.0,0.490607823490016,0.006230927543947473,0.4843768896765963,0.4906078172205438
474.5,0.49488540142324394,0.006230927543947473,0.48865445765242715,0.49488538519637465
475.0,0.49916685167756325,0.006230927543947473,0.4929358964741794,0.4991668240181269
475.5,0.5034819081470685,0.006230927543947473,0.497250945567835,0.5034818731117825
476.0,0.5078568933953691,0.006230927543947473,0.501625945567835,0.5078568731117825
476.5,0.5122371339365795,0.006230927543947473,0.5060061853714604,0.5122371129154079
477.0,0.5166758280866456,0.006230927543947473,0.5104448655074121,0.5166757930513595
477.5,0.5211472986688066,0.006230927543947473,0.5149163534228199,0.5211472809667673
478.0,0.5256222727795742,0.006230927543947473,0.5193913345406447,0.5256222620845922
478.5,0.530180225199443,0.006230927543947473,0.5239492556131522,0.5301801831570997
479.0,0.534743847803767,0.006230927543947473,0.5285128885436658,0.5347438160876133
479.5,0.5393337007735791,0.006230927543947473,0.5331027676977443,0.5393336952416918
480.0,0.5439846349987019,0.006230927543947473,0.5377536834832428,0.5439846110271903
480.5,0.5486385195637037,0.006230927543947473,0.5424075732113396,0.548638500755287
481.0,0.5533450492559243,0.006230927543947473,0.5471140970028803,0.5533450245468278
481.5,0.5580842631821186,0.006230927543947473,0.5518532869575631,0.5580842145015106
482.0,0.5628258742594647,0.006230927543947473,0.5565949315950254,0.5628258591389728
482.5,0.5676456693436084,0.006230927543947473,0.5614147012324876,0.5676456287764351
483.0,0.5724691984516617,0.006230927543947473,0.5662382473049952,0.5724691748489426
483.5,0.577319188420506,0.006230927543947473,0.5710882284228199,0.5773191559667674
484.0,0.582221961813751,0.006230927543947473,0.5759909852204029,0.5822219127643504
484.5,0.5871263486741173,0.006230927543947473,0.5808953942083184,0.5871263217522659
485.0,0.5920739303542768,0.006230927543947473,0.5858429961720646,0.5920739237160121
485.5,0.597042210512651,0.006230927543947473,0.590811274117684,0.5970422016616315
486.0,0.602056128741031,0.006230927543947473,0.5958251525164755,0.602056080060423
486.5,0.6070827242110791,0.006230927543947473,0.6008517763835449,0.6070827039274924
487.0,0.6121476740995563,0.006230927543947473,0.6059167310663244,0.6121476586102719
487.5,0.6172298189376416,0.006230927543947473,0.6109988685285601,0.6172297960725076
488.0,0.6223422047594883,0.006230927543947473,0.6161112646765964,0.6223421922205438
488.5,0.627479760668429,0.006230927543947473,0.621248821323122,0.6274797488670695
489.0,0.6326441923297064,0.006230927543947473,0.6264132378639075,0.632644165407855
489.5,0.6378350848517749,0.006230927543947473,0.6316041366554483,0.6378350641993957
490.0,0.6430492113003918,0.006230927543947473,0.6368182605225178,0.6430491880664653
490.5,0.6482858340905873,0.006230927543947473,0.6420548541781069,0.6482857817220544
491.0,0.6535444000336339,0.006230927543947473,0.647313445567835,0.6535443731117825
491.5,0.6588244942379862,0.006230927543947473,0.6525935154318834,0.6588244429758309
492.0,0.6641256557130382,0.006230927543947473,0.6578946861267474,0.6641256136706949
492.5,0.6694493596287292,0.006230927543947473,0.6632184210210073,0.6694493485649546
493.0,0.6747941308151199,0.006230927543947473,0.6685631623352066,0.6747940898791541
493.5,0.6801579409135432,0.006230927543947473,0.6739269746463848,0.6801579021903323
494.0,0.6855391764568778,0.006230927543947473,0.6793082057642096,0.6855391333081571
494.5,0.6909379757423055,0.006230927543947473,0.6847069973049952,0.6909379248489426
495.0,0.6963533706895534,0.006230927543947473,0.69012240515998,0.6963533327039275
495.5,0.701784715911773,0.006230927543947473,0.6955537684530314,0.7017846959969789
496.0,0.7072327028948735,0.006230927543947473,0.7010017480602821,0.7072326756042296
496.5,0.7126964096576426,0.006230927543947473,0.706465447078409,0.7126963746223565
497.0,0.718173853940474,0.006230927543947473,0.7119428828790133,0.7181738104229607
497.5,0.7236642059602766,0.006230927543947473,0.7174332529696477,0.7236641805135952
498.0,0.7291670508255051,0.006230927543947473,0.7229360852959317,0.7291670128398792
498.5,0.7346812360596441,0.006230927543947473,0.7284502941327897,0.7346812216767371
499.0,0.7402068999598754,0.006230927543947473,0.7339759266856598,0.7402068542296073
499.5,0.7457425212571989,0.006230927543947473,0.7395115667914,0.7457424943353475
500.0,0.7512885609422205,0.006230927543947473,0.7450575920935147,0.7512885196374622
500.5,0.7568428523590918,0.006230927543947473,0.7506118783472912,0.7568428058912386
501.0,0.7624048884181458,0.006230927543947473,0.7561739062929105,0.762404833836858
501.5,0.7679735627419279,0.006230927543947473,0.7617425902052972,0.7679735177492447
502.0,0.7735481377454683,0.006230927543947473,0.7673171747974422,0.7735481023413897
502.5,0.7791279680419184,0.006230927543947473,0.7728970463986508,0.7791279739425981
503.0,0.784712500442551,0.006230927543947473,0.7784815441327897,0.7847124716767372
503.5,0.7903012739567599,0.006230927543947473,0.7840703375617927,0.7903012651057402
504.0,0.7958934588014539,0.006230927543947473,0.7896624825768984,0.7958934101208459
504.5,0.8014871188160876,0.006230927543947473,0.7952561381660224,0.8014870657099697
505.0,0.8070632611876888,0.006230927543947473,0.8008323277430616,0.8070632552870091
505.5,0.8102888124586952,0.006230927543947473,0.8040578753261431,0.8102888028700906
506.0,0.8103219115842145,0.006230927543947473,0.8040909191327897,0.8103218466767371
506.5,0.8103549185116126,0.006230927543947473,0.8041239629394362,0.8103548904833837
507.0,0.810388109835253,0.006230927543947473,0.8041571011569588,0.8103880287009063
507.5,0.8104213011588935,0.006230927543947473,0.8041903337853576,0.8104212613293051
508.0,0.8104545846806552,0.006230927543947473,0.8042236608246326,0.8104545883685801
508.5,0.8104880525986594,0.006230927543947473,0.8042570822747837,0.8104880098187311
509.0,0.8105216127147847,0.006230927543947473,0.804290692546687,0.8105216200906344
509.5,0.8105569245952133,0.006230927543947473,0.8043260022143607,0.8105569297583082
510.0,0.8105923286737632,0.006230927543947473,0.8043614062929105,0.810592333836858
510.5,0.8106280093466768,0.006230927543947473,0.8043969991932126,0.8106279267371601
511.0,0.810663597821469,0.006230927543947473,0.8044325920935148,0.8106635196374622
511.5,0.8106992784943825,0.006230927543947473,0.804468279404693,0.8106992069486405
512.0,0.8107351435635385,0.006230927543947473,0.8045041555376236,0.810735083081571
512.5,0.8107711008308157,0.006230927543947473,0.8045401260814302,0.8107710536253776
513.0,0.810807058098093,0.006230927543947473,0.8045760966252368,0.8108070241691843
513.5,0.8108431997616126,0.006230927543947473,0.8046122559907958,0.8108431835347432
514.0,0.8108794336232534,0.006230927543947473,0.8046485097672308,0.8108794373111783
514.5,0.8109159440792579,0.006230927543947473,0.804684952365418,0.8109158799093655
515.0,0.8109523623371412,0.006230927543947473,0.8047213949636054,0.8109523225075529
515.5,0.8109888727931458,0.006230927543947473,0.8047579319726689,0.8109888595166164
516.0,0.8110256598435139,0.006230927543947473,0.8047946578034846,0.8110255853474321
516.5,0.8110624468938822,0.006230927543947473,0.8048314780451764,0.8110624055891239
517.0,0.8110993261423716,0.006230927543947473,0.8048683926977444,0.8110993202416918
517.5,0.8111363897871035,0.006230927543947473,0.8049054017611885,0.8111363293051359
518.0,0.8111734534318353,0.006230927543947473,0.8049425052355087,0.8111734327794562
518.5,0.8112107014728097,0.006230927543947473,0.8049797031207051,0.8112106306646526
519.0,0.8112480417119052,0.006230927543947473,0.8050170898276537,0.8112480173716012
519.5,0.811285474149122,0.006230927543947473,0.8050544765346024,0.8112854040785499
520.0,0.81132299878446,0.006230927543947473,0.8050920520633033,0.8113229796072507
520.5,0.8113607078160404,0.006230927543947473,0.8051297220028804,0.8113606495468277
521.0,0.8113985090457421,0.006230927543947473,0.8051675807642096,0.8113985083081571
521.5,0.811436402473565,0.006230927543947473,0.8052054395255389,0.8114363670694864
522.0,0.8114743880995091,0.006230927543947473,0.8052433926977444,0.8114743202416919
522.5,0.8115124659235744,0.006230927543947473,0.805281534691702,0.8115124622356495
523.0,0.8115507281438822,0.006230927543947473,0.805319771096536,0.8115506986404833
523.5,0.8115890825623112,0.006230927543947473,0.8053581019122459,0.8115890294561934
524.0,0.8116276213769826,0.006230927543947473,0.8053966215497081,0.8116275490936556
524.5,0.8116660679935328,0.006230927543947473,0.8054351411871703,0.8116660687311178
525.0,0.8117047912044467,0.006230927543947473,0.8054738496463848,0.8117047771903323
525.5,0.8117443441984517,0.006230927543947473,0.8055134078034846,0.8117443353474321
526.0,0.8117843581830627,0.006230927543947473,0.8055534380149649,0.8117843655589124
526.5,0.8118246487620374,0.006230927543947473,0.8055936570481975,0.811824584592145
527.0,0.8118649393410121,0.006230927543947473,0.8056339704923063,0.8118648980362537
527.5,0.8119054143162292,0.006230927543947473,0.8056744727581673,0.8119054003021148
528.0,0.8119460736876888,0.006230927543947473,0.8057150694349045,0.811945996978852
528.5,0.8119867330591484,0.006230927543947473,0.8057557605225177,0.8119866880664652
529.0,0.8120274846287292,0.006230927543947473,0.8057965460210073,0.8120274735649546
529.5,0.8120685127926737,0.006230927543947473,0.8058375203412489,0.8120684478851964
530.0,0.8121095409566182,0.006230927543947473,0.8058785890723668,0.8121095166163143
530.5,0.8121508457149264,0.006230927543947473,0.8059198466252369,0.8121507741691842
531.0,0.8121921504732346,0.006230927543947473,0.8059611985889831,0.8121921261329305
531.5,0.8122336396277852,0.006230927543947473,0.8060026449636054,0.8122335725075529
532.0,0.8122751287823358,0.006230927543947473,0.8060441857491039,0.8122751132930514
532.5,0.81231689453125,0.006230927543947473,0.8060859153563547,0.8123168429003021
533.0,0.8123588446764067,0.006230927543947473,0.8061278337853577,0.8123587613293052
533.5,0.8124007026234422,0.006230927543947473,0.8061697522143607,0.8124006797583082
534.0,0.8124428371648413,0.006230927543947473,0.806211859465116,0.8124427870090635
534.5,0.812485156102483,0.006230927543947473,0.8062541555376235,0.812485083081571
535.0,0.8125273828420034,0.006230927543947473,0.8062964516101311,0.8125273791540786
535.5,0.8125698861758874,0.006230927543947473,0.8063389365043909,0.8125698640483384
536.0,0.8126125739060139,0.006230927543947473,0.806381610220403,0.8126125377643505
536.5,0.8126553538342617,0.006230927543947473,0.8064243783472912,0.8126553058912387
537.0,0.8126982259606307,0.006230927543947473,0.8064672408850555,0.812698168429003
537.5,0.8127412824832421,0.006230927543947473,0.8065102922445722,0.8127412197885197
538.0,0.8127844312039747,0.006230927543947473,0.8065534380149649,0.8127843655589124
538.5,0.8128277643209497,0.006230927543947473,0.8065967726071099,0.8128277001510574
539.0,0.8128711896360461,0.006230927543947473,0.8066402016101311,0.8128711291540786
539.5,0.8129147071492636,0.006230927543947473,0.8066837250240284,0.8129146525679758
540.0,0.8129584090587235,0.006230927543947473,0.8067274372596779,0.8129583648036254
540.5,0.8130022031663048,0.006230927543947473,0.8067712439062036,0.8130021714501511
541.0,0.8130461816701284,0.006230927543947473,0.8068152393744815,0.813046166918429
541.5,0.8130906211645581,0.006230927543947473,0.806859612486264,0.8130905400302115
542.0,0.8131356138477153,0.006230927543947473,0.8069046464741794,0.8131355740181269
542.5,0.8131807909271148,0.006230927543947473,0.806949869283847,0.8131807968277945
543.0,0.8132261524027568,0.006230927543947473,0.806995186504391,0.8132261140483383
543.5,0.81327160607652,0.006230927543947473,0.8070405981358109,0.8132715256797584
544.0,0.8133172441465257,0.006230927543947473,0.8070862929998591,0.8133172205438066
544.5,0.8133629744146526,0.006230927543947473,0.8071319878639075,0.813362915407855
545.0,0.8134087968809007,0.006230927543947473,0.8071778715497081,0.8134087990936556
545.5,0.8134548959415124,0.006230927543947473,0.807223944057261,0.8134548716012084
546.0,0.8135011793983667,0.006230927543947473,0.8072702053865661,0.8135011329305136
546.5,0.8135475550533422,0.006230927543947473,0.8073165611267474,0.8135474886706948
547.0,0.8135940229064388,0.006230927543947473,0.8073630112778047,0.8135939388217522
547.5,0.8136408595520204,0.006230927543947473,0.8074099334832429,0.8136408610271904
548.0,0.813688525980693,0.006230927543947473,0.8074575165648139,0.8136884441087613
548.5,0.8137362846074868,0.006230927543947473,0.8075052884681371,0.8137362160120846
549.0,0.813784227630523,0.006230927543947473,0.8075532491932127,0.8137841767371601
549.5,0.8138325394460442,0.006230927543947473,0.8076015875617927,0.8138325151057402
550.0,0.8138814044502927,0.006230927543947473,0.8076503979847535,0.813881325528701
550.5,0.8139303616526624,0.006230927543947473,0.8076993972294664,0.8139303247734139
551.0,0.8139795954493958,0.006230927543947473,0.8077485852959316,0.8139795128398791
551.5,0.8140288292461292,0.006230927543947473,0.8077978677732731,0.8140287953172205
552.0,0.8140784318353474,0.006230927543947473,0.8078474334832428,0.8140783610271903
552.5,0.814128126622687,0.006230927543947473,0.8078971880149649,0.8141281155589124
553.0,0.8141780058062689,0.006230927543947473,0.8079470369575631,0.8141779645015106
553.5,0.8142281615842145,0.006230927543947473,0.8079971691327897,0.8142280966767371
554.0,0.8142785017584026,0.006230927543947473,0.8080474901297685,0.814278417673716
554.5,0.8143288419325906,0.006230927543947473,0.8080979055376235,0.814328833081571
555.0,0.8143795508992636,0.006230927543947473,0.8081486041781069,0.8143795317220544
555.5,0.8144303520640578,0.006230927543947473,0.8081993972294664,0.8144303247734139
556.0,0.8144814298232156,0.006230927543947473,0.8082504735134544,0.8144814010574019
556.5,0.8145325997804947,0.006230927543947473,0.8083016442083184,0.8145325717522659
557.0,0.8145840463321374,0.006230927543947473,0.8083530981358108,0.8145840256797583
557.5,0.8146358616762651,0.006230927543947473,0.8084049297068078,0.8146358572507553
558.0,0.8146881380109988,0.006230927543947473,0.8084571389213093,0.8146880664652568
558.5,0.8147405987419751,0.006230927543947473,0.8085096313684392,0.8147405589123867
559.0,0.8147932438691937,0.006230927543947473,0.8085623126373214,0.8147932401812689
559.5,0.814846165590776,0.006230927543947473,0.8086151827279559,0.8148461102719033
560.0,0.8148991795104796,0.006230927543947473,0.8086682416403426,0.8148991691842901
560.5,0.8149524700245468,0.006230927543947473,0.8087214893744815,0.814952416918429
561.0,0.8150059449348565,0.006230927543947473,0.8087750203412489,0.8150059478851964
561.5,0.8150596042414087,0.006230927543947473,0.8088286457188925,0.8150595732628398
562.0,0.8151135401423244,0.006230927543947473,0.8088825543291643,0.8151134818731118
562.5,0.8151676604394826,0.006230927543947473,0.8089366517611885,0.815167579305136
563.0,0.8152218729347621,0.006230927543947473,0.8089909380149649,0.8152218655589124
563.5,0.8152763620244052,0.006230927543947473,0.8090454130904936,0.8152763406344411
564.0,0.8153310355102907,0.006230927543947473,0.8091000769877745,0.815331004531722
564.5,0.81538598559054,0.006230927543947473,0.8091550241176839,0.8153859516616314
565.0,0.8154411200670317,0.006230927543947473,0.8092101600693455,0.815441087613293
565.5,0.8154966233360083,0.006230927543947473,0.8092656736645117,0.8154966012084592
566.0,0.815552587595591,0.006230927543947473,0.8093216593140585,0.815552586858006
566.5,0.8156088284495374,0.006230927543947473,0.8093778337853577,0.8156087613293052
567.0,0.8156652536997262,0.006230927543947473,0.8094342914892851,0.8156652190332326
567.5,0.8157217711480362,0.006230927543947473,0.8094908436040887,0.8157217711480362
568.0,0.8157786573888312,0.006230927543947473,0.8095476789515208,0.8157786064954683
568.5,0.8158357280258686,0.006230927543947473,0.8096047975315812,0.8158357250755287
569.0,0.8158929830591484,0.006230927543947473,0.8096620105225177,0.8158929380664652
569.5,0.8159505146867919,0.006230927543947473,0.8097195067460827,0.8159504342900302
570.0,0.8160082307106779,0.006230927543947473,0.8097772862022761,0.8160082137462236
570.5,0.8160662233289275,0.006230927543947473,0.8098352544802218,0.8160661820241691
571.0,0.8161244003434196,0.006230927543947473,0.8098934115799196,0.8161243391238671
571.5,0.816182761754154,0.006230927543947473,0.8099517575013697,0.8161826850453172
572.0,0.816241307561131,0.006230927543947473,0.8100103866554483,0.8162413141993957
572.5,0.816300222160593,0.006230927543947473,0.8100692990421553,0.8163002265861027
573.0,0.8163593211562972,0.006230927543947473,0.8101284002506145,0.8163593277945619
573.5,0.8164188811426076,0.006230927543947473,0.8101878791025782,0.8164188066465257
574.0,0.8164786255251605,0.006230927543947473,0.8102476411871703,0.8164785687311178
574.5,0.8165385543039558,0.006230927543947473,0.8103075920935148,0.8165385196374623
575.0,0.8165988518752361,0.006230927543947473,0.8103679206433637,0.8165988481873112
575.5,0.8166594260408799,0.006230927543947473,0.8104284380149649,0.8166593655589124
576.0,0.8167201846027662,0.006230927543947473,0.8104892386191945,0.816720166163142
576.5,0.8167813119571374,0.006230927543947473,0.8105503224560525,0.81678125
577.0,0.8168425315096299,0.006230927543947473,0.8106115951146629,0.8168425226586102
577.5,0.8169042120527285,0.006230927543947473,0.8106732454167777,0.816904172960725
578.0,0.8169660769920695,0.006230927543947473,0.8107350845406447,0.8169660120845922
578.5,0.8170284951201379,0.006230927543947473,0.8107974901297685,0.817028417673716
579.0,0.817092480616267,0.006230927543947473,0.8108615007037867,0.8170924282477341
579.5,0.8171567427067599,0.006230927543947473,0.8109257945104332,0.8171567220543806
580.0,0.8172213735897376,0.006230927543947473,0.8109903715497081,0.8172212990936556
580.5,0.8172861888689577,0.006230927543947473,0.8110552318216114,0.8172861593655589
581.0,0.817351465138784,0.006230927543947473,0.8111204697370193,0.8173513972809667
581.5,0.817417018002974,0.006230927543947473,0.8111860852959317,0.8174170128398791
582.0,0.8174828474615276,0.006230927543947473,0.8112518896765963,0.8174828172205438
582.5,0.817549045712566,0.006230927543947473,0.8113180717007655,0.817548999244713
583.0,0.8176156127560895,0.006230927543947473,0.8113846313684392,0.8176155589123867
583.5,0.8176824563939766,0.006230927543947473,0.8114514742687413,0.8176824018126888
584.0,0.8177495766262274,0.006230927543947473,0.8115186004016719,0.8177495279456193
584.5,0.817817065650963,0.006230927543947473,0.811586104178107,0.8178170317220543
585.0,0.8178849234681835,0.006230927543947473,0.8116539855980465,0.817884913141994
585.5,0.8179531500778889,0.006230927543947473,0.8117221502506144,0.817953077794562
586.0,0.8180215610838368,0.006230927543947473,0.8117905981358108,0.8180215256797583
586.5,0.8180904330803909,0.006230927543947473,0.8118594236645117,0.8180903512084592
587.0,0.8181594894731873,0.006230927543947473,0.8119285324258411,0.8181594599697886
587.5,0.8182290068565898,0.006230927543947473,0.8119980188306749,0.8182289463746224
588.0,0.8182988930324774,0.006230927543947473,0.8120678828790132,0.8182988104229607
588.5,0.8183689636046072,0.006230927543947473,0.81213803015998,0.8183689577039275
589.0,0.8184394951673433,0.006230927543947473,0.8122085550844513,0.8184394826283988
589.5,0.8185103955225642,0.006230927543947473,0.8122794576524272,0.8185103851963746
590.0,0.8185815724721488,0.006230927543947473,0.8123506434530314,0.8185815709969788
590.5,0.8186531182142183,0.006230927543947473,0.8124221124862641,0.8186530400302114
591.0,0.8187250327487726,0.006230927543947473,0.8124940535738773,0.8187249811178248
591.5,0.8187972238776907,0.006230927543947473,0.812566277894119,0.8187972054380664
592.0,0.8188698759972148,0.006230927543947473,0.8126388798578652,0.8188698074018127
592.5,0.8189428047111027,0.006230927543947473,0.8127118594651159,0.8189427870090634
593.0,0.8190161022174755,0.006230927543947473,0.8127851223049951,0.8190160498489426
593.5,0.8190897685163331,0.006230927543947473,0.8128587627883788,0.8190896903323263
594.0,0.8191637114095544,0.006230927543947473,0.812932780915267,0.8191637084592145
594.5,0.8192380230952606,0.006230927543947473,0.8130070822747837,0.8192380098187311
595.0,0.8193127957715729,0.006230927543947473,0.813081855688681,0.8193127832326283
595.5,0.8193878450422488,0.006230927543947473,0.8131569123352066,0.8193878398791541
596.0,0.819463355303531,0.006230927543947473,0.8132323466252368,0.8194632741691843
596.5,0.8195391421591768,0.006230927543947473,0.8133081585587716,0.8195390861027191
597.0,0.8196152978073074,0.006230927543947473,0.8133843481358108,0.8196152756797583
597.5,0.8196919144460442,0.006230927543947473,0.8134609153563547,0.8196918429003022
598.0,0.8197687154810234,0.006230927543947473,0.8135377658095269,0.8197686933534744
598.5,0.81984606970473,0.006230927543947473,0.8136150883170797,0.8198460158610272
599.0,0.8199237005228003,0.006230927543947473,0.813692694057261,0.8199236216012085
599.5,0.8200016079352341,0.006230927543947473,0.8137706774409468,0.8200016049848943
600.0,0.8200800685363954,0.006230927543947473,0.8138491328790133,0.8200800604229608
600.5,0.8201588057319203,0.006230927543947473,0.8139278715497081,0.8201587990936556
601.0,0.8202379117199301,0.006230927543947473,0.8140069878639075,0.820237915407855
601.5,0.8203174786985461,0.006230927543947473,0.8140864818216115,0.8203174093655589
602.0,0.8203973222715257,0.006230927543947473,0.8141663534228198,0.8203972809667673
602.5,0.8204776268351114,0.006230927543947473,0.814246697078409,0.8204776246223565
603.0,0.820558300191182,0.006230927543947473,0.8143273239666265,0.820558251510574
603.5,0.8206394345378588,0.006230927543947473,0.8144084229092248,0.8206393504531722
604.0,0.820720753280778,0.006230927543947473,0.8144898050844513,0.8207207326283988
604.5,0.8208026252124244,0.006230927543947473,0.8145716593140586,0.820802586858006
605.0,0.8208875396820714,0.006230927543947473,0.8146565346917021,0.8208874622356496
605.5,0.8209733761329305,0.006230927543947473,0.814742448588983,0.8209733761329305
606.0,0.821059765772517,0.006230927543947473,0.8148288345406447,0.8210597620845922
606.5,0.8211465242045883,0.006230927543947473,0.8149155981358108,0.8211465256797583
607.0,0.8212339280235083,0.006230927543947473,0.8150029281962338,0.8212338557401813
607.5,0.8213217006349132,0.006230927543947473,0.8150907303110374,0.8213216578549849
608.0,0.8214098420388029,0.006230927543947473,0.8151789100693456,0.821409837613293
608.5,0.8214986288295412,0.006230927543947473,0.8152676562929105,0.821498583836858
609.0,0.8215877844127644,0.006230927543947473,0.81535678015998,0.8215877077039275
609.5,0.8216774009865937,0.006230927543947473,0.8154464704923063,0.8216773980362537
610.0,0.8217675707491503,0.006230927543947473,0.8155366328790132,0.8217675604229607
610.5,0.821858201502313,0.006230927543947473,0.8156272673201008,0.8218581948640483
611.0,0.8219492010479608,0.006230927543947473,0.815718279404693,0.8219492069486405
611.5,0.8220408459804569,0.006230927543947473,0.815809857954542,0.8220407854984895
612.0,0.8221329519035593,0.006230927543947473,0.8159020029696477,0.8221329305135952
612.5,0.8222255188172678,0.006230927543947473,0.8159945256282579,0.8222254531722054
613.0,0.8223185467215823,0.006230927543947473,0.816087614752125,0.8223185422960725
613.5,0.8224121278146242,0.006230927543947473,0.8161811759303728,0.8224121034743203
614.0,0.8225061698982723,0.006230927543947473,0.8162752091630011,0.8225061367069486
614.5,0.8226006729725265,0.006230927543947473,0.8163697144500103,0.8226006419939577
615.0,0.8226957292355079,0.006230927543947473,0.8164647862022761,0.8226957137462235
615.5,0.8227913386872168,0.006230927543947473,0.8165603300089226,0.8227912575528701
616.0,0.8228873169314105,0.006230927543947473,0.8166563458699498,0.8228872734138973
616.5,0.8229839405624528,0.006230927543947473,0.8167529281962338,0.8229838557401813
617.0,0.82308093298598,0.006230927543947473,0.8168499825768984,0.8230809101208459
617.5,0.8231784785982346,0.006230927543947473,0.8169475090119438,0.8231784365558913
618.0,0.8232765773992163,0.006230927543947473,0.8170456019122458,0.8232765294561933
618.5,0.8233751371908044,0.006230927543947473,0.8171441668669287,0.8233750944108761
619.0,0.8234741579729985,0.006230927543947473,0.8172432038759921,0.8234741314199395
619.5,0.8235738241420412,0.006230927543947473,0.8173429017611885,0.823573829305136
620.0,0.82367395130169,0.006230927543947473,0.8174429772898893,0.8236739048338368
620.5,0.823774631650066,0.006230927543947473,0.8175436192838471,0.8237745468277946
621.0,0.8238756807909271,0.006230927543947473,0.8176447333321855,0.823875660876133
621.5,0.8239773753186367,0.006230927543947473,0.8177464138457806,0.8239773413897281
622.0,0.8240796230350736,0.006230927543947473,0.8178486608246326,0.8240795883685801
622.5,0.8241823317421167,0.006230927543947473,0.8179513798578653,0.8241823074018126
623.0,0.8242855936378871,0.006230927543947473,0.8180546653563546,0.8242855929003021
623.5,0.8243894087223849,0.006230927543947473,0.8181584229092247,0.8243893504531722
624.0,0.8244936847974886,0.006230927543947473,0.8182627469273516,0.8244936744712991
624.5,0.8245985140613199,0.006230927543947473,0.8183675429998591,0.8245984705438066
625.0,0.8247039887119996,0.006230927543947473,0.8184729999484996,0.8247039274924471
625.5,0.8248098321551642,0.006230927543947473,0.8185788345406446,0.8248097620845921
626.0,0.8249162287870563,0.006230927543947473,0.8186852355980465,0.824916163141994
626.5,0.8250232708057968,0.006230927543947473,0.8187922975315812,0.8250232250755287
627.0,0.825135936909932,0.006230927543947473,0.8189049297068078,0.8251358572507553
627.5,0.8252492484009157,0.006230927543947473,0.8190183171690435,0.8252492447129909
628.0,0.8253633896749906,0.006230927543947473,0.8191324599182882,0.8253633874622357
628.5,0.8254781763359139,0.006230927543947473,0.8192471691327897,0.8254780966767371
629.0,0.8255935161855645,0.006230927543947473,0.8193625392234242,0.8255934667673716
629.5,0.8257095014220638,0.006230927543947473,0.8194785701901915,0.8257094977341389
630.0,0.8258262242435328,0.006230927543947473,0.8195952620330919,0.8258261895770392
630.5,0.8259435924518505,0.006230927543947473,0.819712614752125,0.8259435422960725
631.0,0.8260616060470166,0.006230927543947473,0.8198306283472911,0.8260615558912386
631.5,0.8261802650290313,0.006230927543947473,0.8199493028185902,0.8261802303625377
632.0,0.8262996615960159,0.006230927543947473,0.8200687325768985,0.8262996601208459
632.5,0.826419703549849,0.006230927543947473,0.8201887288004635,0.8264196563444108
633.0,0.8265404830886518,0.006230927543947473,0.8203094803110375,0.826540407854985
633.5,0.8266619080143033,0.006230927543947473,0.8204309871086205,0.826661914652568
634.0,0.8267839783268033,0.006230927543947473,0.8205529659605842,0.8267838935045317
634.5,0.8269066940261518,0.006230927543947473,0.820675700099557,0.8269066276435045
635.0,0.8270301473104702,0.006230927543947473,0.820799189525539,0.8270301170694864
635.5,0.8271543381797583,0.006230927543947473,0.8209233398276538,0.8271542673716012
636.0,0.8272792666340162,0.006230927543947473,0.8210483398276537,0.8272792673716012
636.5,0.8274046560788803,0.006230927543947473,0.8211737174711583,0.8274046450151057
637.0,0.8275308753068353,0.006230927543947473,0.821299944812548,0.8275308723564955
637.5,0.8276578321197602,0.006230927543947473,0.8214268330300707,0.8276577605740181
638.0,0.8277854343195337,0.006230927543947473,0.8215544765346023,0.8277854040785498
638.5,0.827913866302398,0.006230927543947473,0.8216828753261431,0.8279138028700906
639.0,0.8280428514739898,0.006230927543947473,0.8218118405829408,0.8280427681268883
639.5,0.828172389834309,0.006230927543947473,0.8219414667158712,0.8281723942598187
640.0,0.8283028501758403,0.006230927543947473,0.8220718481358108,0.8283027756797583
640.5,0.8284340481023413,0.006230927543947473,0.8222030792536356,0.8284340067975831
641.0,0.8285701325292674,0.006230927543947473,0.8223391253261432,0.8285700528700907
641.5,0.8287094438904362,0.006230927543947473,0.8224784757793153,0.8287094033232628
642.0,0.828849585034696,0.006230927543947473,0.8226185815194966,0.8288495090634441
642.5,0.8289905559620468,0.006230927543947473,0.8227596313684392,0.8289905589123867
643.0,0.8291325410687311,0.006230927543947473,0.8229015309152671,0.8291324584592145
643.5,0.8292753559585064,0.006230927543947473,0.8230443745708561,0.8292753021148036
644.0,0.8294189084332515,0.006230927543947473,0.8231879735134543,0.8294189010574018
644.5,0.8295631984929663,0.006230927543947473,0.8233322333321854,0.8295631608761329
645.0,0.8297084105338935,0.006230927543947473,0.8234774372596779,0.8297083648036254
645.5,0.8298544523579117,0.006230927543947473,0.8236234908850556,0.829854418429003
646.0,0.8300015083612632,0.006230927543947473,0.8237705830300707,0.8300015105740182
646.5,0.8301493941477058,0.006230927543947473,0.8239184304620948,0.8301493580060423
647.0,0.8302977409247545,0.006230927543947473,0.8240667499484997,0.8302976774924471
647.5,0.8304470096830154,0.006230927543947473,0.8242160135436658,0.8304469410876133
648.0,0.8305972004224886,0.006230927543947473,0.8243662212475933,0.8305971487915408
648.5,0.8307483131431741,0.006230927543947473,0.8245173730602822,0.8307483006042297
649.0,0.8309003478450717,0.006230927543947473,0.8246693745708562,0.8309003021148036
649.5,0.8310533967263029,0.006230927543947473,0.8248224146010676,0.8310533421450151
650.0,0.8312073675887462,0.006230927543947473,0.8249763987400405,0.831207326283988
650.5,0.8313622604324018,0.006230927543947473,0.8251313269877746,0.8313622545317221
651.0,0.8315179830591484,0.006230927543947473,0.8252870105225177,0.8315179380664652
651.5,0.8316739822802587,0.006230927543947473,0.8254429772898894,0.8316739048338369
652.0,0.83183081128446,0.006230927543947473,0.8255998881660224,0.8318308157099698
652.5,0.8319887466661159,0.006230927543947473,0.8257577431509165,0.831988670694864
653.0,0.8321476040289841,0.006230927543947473,0.8259166366554483,0.8321475641993957
653.5,0.8323109790997923,0.006230927543947473,0.8260799674711583,0.8323108950151057
654.0,0.8324798860578738,0.006230927543947473,0.8262489629394362,0.8324798904833837
654.5,0.8326500837896526,0.006230927543947473,0.8264190913382278,0.8326500188821753
655.0,0.8328212957007647,0.006230927543947473,0.8265903526675329,0.8328212802114804
655.5,0.8329934295930891,0.006230927543947473,0.8267624636947232,0.8329933912386707
656.0,0.8331659322778984,0.006230927543947473,0.8269349523654181,0.8331658799093655
656.5,0.8333395413401624,0.006230927543947473,0.8271085739666265,0.833339501510574
657.0,0.8335143489780023,0.006230927543947473,0.8272834229092247,0.8335143504531722
657.5,0.8336902629932968,0.006230927543947473,0.8274593103714604,0.8336902379154079
658.0,0.8338673755841673,0.006230927543947473,0.8276364251750857,0.8338673527190332
658.5,0.8340455023543712,0.006230927543947473,0.8278145784983486,0.8340455060422961
659.0,0.8342249198982723,0.006230927543947473,0.8279939591630011,0.8342248867069486
659.5,0.834405443819628,0.006230927543947473,0.8281744727581674,0.8344054003021149
660.0,0.8345867053259536,0.006230927543947473,0.8283557416403425,0.83458666918429
660.5,0.8347681512285215,0.006230927543947473,0.8285371993442701,0.8347681268882176
661.0,0.8349514410935139,0.006230927543947473,0.828720450854844,0.8349513783987915
661.5,0.8351433975819015,0.006230927543947473,0.8289123881660223,0.8351433157099698
662.0,0.8353365526458648,0.006230927543947473,0.8291055528185903,0.8353364803625377
662.5,0.835530906285404,0.006230927543947473,0.829299944812548,0.8355308723564955
663.0,0.8357266428967617,0.006230927543947473,0.8294956585587716,0.835726586102719
663.5,0.835923485885574,0.006230927543947473,0.8296925052355087,0.8359234327794562
664.0,0.8361216196480835,0.006230927543947473,0.8298906736645117,0.8361216012084592
664.5,0.8363211363824112,0.006230927543947473,0.8300901638457806,0.8363210913897281
665.0,0.836521851692315,0.006230927543947473,0.8302908813684392,0.8365218089123867
665.5,0.8367237655777946,0.006230927543947473,0.8304928262324875,0.836723753776435
666.0,0.8369271546332138,0.006230927543947473,0.8306961872596779,0.8369271148036254
666.5,0.8371316500660876,0.006230927543947473,0.8309006812173818,0.8371316087613293
667.0,0.8373365142914464,0.006230927543947473,0.8311055528185903,0.8373364803625377
667.5,0.8375415629130476,0.006230927543947473,0.831310613241551,0.8375415407854985
668.0,0.8377480867045883,0.006230927543947473,0.8315170898276537,0.8377480173716012
668.5,0.8379630927232817,0.006230927543947473,0.8317321578034845,0.837963085347432
669.0,0.8381823398555514,0.006230927543947473,0.8319513798578653,0.8381823074018127
669.5,0.8384028777615181,0.006230927543947473,0.8321719236645118,0.8384028512084593
670.0,0.8386248908374244,0.006230927543947473,0.8323938836343002,0.8386248111782477
670.5,0.8388482868851491,0.006230927543947473,0.8326173541781069,0.8388482817220544
671.0,0.8390732503009347,0.006230927543947473,0.8328422408850555,0.839073168429003
671.5,0.8392994122922961,0.006230927543947473,0.83306844934427,0.8392993768882175
672.0,0.8395271416517183,0.006230927543947473,0.8332961683775026,0.8395270959214501
672.5,0.8397562539829588,0.006230927543947473,0.8335253035738773,0.8397562311178248
673.0,0.8399867492860178,0.006230927543947473,0.8337557605225178,0.8399866880664653
673.5,0.8402187197590162,0.006230927543947473,0.8339877280451764,0.8402186555891239
674.0,0.8404507824301359,0.006230927543947473,0.8342197899787112,0.8404507175226587
674.5,0.840682568506892,0.006230927543947473,0.8344515686796175,0.840682496223565
675.0,0.8409183191028606,0.006230927543947473,0.8346873126373214,0.8409182401812689
675.5,0.8411651334733762,0.006230927543947473,0.834934197078409,0.8411651246223565
676.0,0.841413791806316,0.006230927543947473,0.835182780915267,0.8414137084592145
676.5,0.8416640175073169,0.006230927543947473,0.8354330641478954,0.8416639916918429
677.0,0.8419159027744996,0.006230927543947473,0.8356849523654181,0.8419158799093656
677.5,0.8421695398059856,0.006230927543947473,0.8359385399787111,0.8421694675226586
678.0,0.8424247442055325,0.006230927543947473,0.8361937325768984,0.8424246601208459
678.5,0.8426815159731401,0.006230927543947473,0.83645053015998,0.8426814577039274
679.0,0.8429401317031722,0.006230927543947473,0.8367091215497081,0.8429400490936556
679.5,0.8432003148012651,0.006230927543947473,0.8369693179243305,0.843200245468278
680.0,0.8434620652674188,0.006230927543947473,0.8372311192838471,0.8434620468277946
680.5,0.8437255674978758,0.006230927543947473,0.8374946200391341,0.8437255475830816
681.0,0.8439909136907572,0.006230927543947473,0.8377599146010676,0.8439908421450151
681.5,0.8442644655164275,0.006230927543947473,0.8380335173201009,0.8442644448640484
682.0,0.8445480669373112,0.006230927543947473,0.8383171275920042,0.8445480551359517
682.5,0.8448335123206193,0.006230927543947473,0.838602531670554,0.8448334592145015
683.0,0.8451207094682307,0.006230927543947473,0.8388897295557504,0.8451206570996979
683.5,0.8454097505782666,0.006230927543947473,0.8391788156584694,0.8454097432024169
684.0,0.8457005434526057,0.006230927543947473,0.8394696011569589,0.8457005287009064
684.5,0.8459931802893693,0.006230927543947473,0.8397621804620948,0.8459931080060423
685.0,0.8462850795411632,0.006230927543947473,0.8400540988910978,0.8462850264350453
685.5,0.8465764256042296,0.006230927543947473,0.840345450854844,0.8465763783987915
686.0,0.8468695234315993,0.006230927543947473,0.8406385966252368,0.8468695241691843
686.5,0.847164280825151,0.006230927543947473,0.8409333473805238,0.8471642749244713
687.0,0.8474608821811273,0.006230927543947473,0.8412298919424573,0.8474608194864048
687.5,0.847765965764256,0.006230927543947473,0.8415350278941189,0.8477659554380664
688.0,0.8480839570843561,0.006230927543947473,0.8418530037249347,0.8480839312688822
688.5,0.8484038845650019,0.006230927543947473,0.8421729621841492,0.8484038897280967
689.0,0.8487257482061934,0.006230927543947473,0.8424948088608863,0.8487257364048338
689.5,0.8490496402060518,0.006230927543947473,0.8428186381660223,0.8490495657099698
690.0,0.8493752839702133,0.006230927543947473,0.843144355688681,0.8493752832326285
690.5,0.8497029560930419,0.006230927543947473,0.8434719614288622,0.8497028889728097
691.0,0.8500323799801737,0.006230927543947473,0.8438014553865661,0.8500323829305136
691.5,0.8503639244240937,0.006230927543947473,0.8441329319726688,0.8503638595166163
692.0,0.8506971284341956,0.006230927543947473,0.8444662023654181,0.8506971299093655
692.5,0.8510324530010858,0.006230927543947473,0.8448014553865661,0.8510323829305136
693.0,0.8513698059266428,0.006230927543947473,0.8451388798578652,0.8513698074018127
693.5,0.8517275346369901,0.006230927543947473,0.8454966026675329,0.8517275302114804
694.0,0.8520900576496412,0.006230927543947473,0.8458590460210073,0.8520899735649546
694.5,0.8524546090209593,0.006230927543947473,0.8462236608246326,0.85245458836858
695.0,0.8528213731471865,0.006230927543947473,0.846590447078409,0.8528213746223565
695.5,0.8531901656320808,0.006230927543947473,0.8469592159605842,0.8531901435045317
696.0,0.8535610786737632,0.006230927543947473,0.8473301562929105,0.853561083836858
696.5,0.8539323605079305,0.006230927543947473,0.8477013798578652,0.8539323074018127
697.0,0.854301245190946,0.006230927543947473,0.8480702431509166,0.854301170694864
697.5,0.8546719738363859,0.006230927543947473,0.8484409946614906,0.8546719222054381
698.0,0.8550448230386141,0.006230927543947473,0.8488138232113396,0.855044750755287
698.5,0.8554197005995091,0.006230927543947473,0.8491887288004634,0.8554196563444109
699.0,0.8558147695489521,0.006230927543947473,0.8495838383170797,0.8558147658610272
699.5,0.8562145406025774,0.006230927543947473,0.8499835739666265,0.856214501510574
700.0,0.8566163400148697,0.006230927543947473,0.8503853866554483,0.8566163141993958
700.5,0.8570202599839502,0.006230927543947473,0.850789276383545,0.8570202039274925
701.0,0.8574263005098187,0.006230927543947473,0.8511953375617927,0.8574262651057402
701.5,0.8578344615924755,0.006230927543947473,0.8516034757793154,0.8578344033232629
702.0,0.8582449276281627,0.006230927543947473,0.8520139742687414,0.8582449018126889
702.5,0.8586721737219127,0.006230927543947473,0.8524411834832428,0.8586721110271903
703.0,0.8591052282972998,0.006230927543947473,0.8528742461720646,0.8591051737160121
703.5,0.8595404034294751,0.006230927543947473,0.8533094803110374,0.8595404078549849
704.0,0.8599778835146809,0.006230927543947473,0.8537468859001612,0.8599778134441087
704.5,0.8604173919585536,0.006230927543947473,0.8541864629394362,0.8604173904833837
705.0,0.8608591131573358,0.006230927543947473,0.854628117017986,0.8608590445619335
705.5,0.8613032315072696,0.006230927543947473,0.8550722257793154,0.8613031533232628
706.0,0.861767725641994,0.006230927543947473,0.8555367272898894,0.8617676548338369
706.5,0.8622363686921733,0.006230927543947473,0.8560053828790133,0.8622363104229607
707.0,0.8627072244972621,0.006230927543947473,0.8564762099182882,0.8627071374622356
707.5,0.8631802930572602,0.006230927543947473,0.8569493028185903,0.8631802303625378
708.0,0.8636555743721677,0.006230927543947473,0.8574245671690435,0.863655494712991
708.5,0.8641330684419846,0.006230927543947473,0.8579020973805238,0.8641330249244713
709.0,0.8646154490122262,0.006230927543947473,0.858384442546687,0.8646153700906345
709.5,0.8651116593006515,0.006230927543947473,0.8588806661116416,0.8651115936555891
710.0,0.8656103589383497,0.006230927543947473,0.8593793443593758,0.8656102719033233
710.5,0.8661113635290786,0.006230927543947473,0.8598803828790132,0.8661113104229607
711.0,0.8666147652709593,0.006230927543947473,0.8603837816705541,0.8666147092145015
711.5,0.8671204719658705,0.006230927543947473,0.8608895407339981,0.8671204682779456
712.0,0.867628760208176,0.006230927543947473,0.8613977544802217,0.8676286820241692
712.5,0.8681545660935139,0.006230927543947473,0.8619236230602821,0.8681545506042296
713.0,0.8686916201496412,0.006230927543947473,0.8624606321237263,0.8686915596676738
713.5,0.8692308869606779,0.006230927543947473,0.8629999070481975,0.869230834592145
714.0,0.8697725509228663,0.006230927543947473,0.8635415422445721,0.8697724697885196
714.5,0.8703164276399641,0.006230927543947473,0.864085443301974,0.8703163708459215
715.0,0.8708626093100925,0.006230927543947473,0.864631610220403,0.8708625377643504
715.5,0.8714182873867069,0.006230927543947473,0.8651873126373214,0.8714182401812689
716.0,0.8719953554274452,0.006230927543947473,0.8657643519122459,0.8719952794561934
716.5,0.872574636223093,0.006230927543947473,0.8663436570481975,0.872574584592145
717.0,0.8731563141698924,0.006230927543947473,0.8669253224560525,0.87315625
717.5,0.8737402048716012,0.006230927543947473,0.8675092537249347,0.8737401812688822
718.0,0.8743264005263406,0.006230927543947473,0.8680954508548441,0.8743263783987916
718.5,0.8749159153134441,0.006230927543947473,0.8686849523654181,0.8749158799093656
719.0,0.8755317065650963,0.006230927543947473,0.8693007000995571,0.8755316276435046
719.5,0.876149802769779,0.006230927543947473,0.8699188081055994,0.8761497356495468
720.0,0.87677001953125,0.006230927543947473,0.8705390875617927,0.8767700151057402
720.5,0.877392725641994,0.006230927543947473,0.8711617272898894,0.8773926548338369
721.0,0.8780276019047394,0.006230927543947473,0.8717966404318833,0.8780275679758308
721.5,0.8786773220650019,0.006230927543947473,0.8724463760814302,0.8786773036253777
722.0,0.8793293471782949,0.006230927543947473,0.8730983775920041,0.8793293051359516
722.5,0.8799835850464973,0.006230927543947473,0.8737526449636054,0.8799835725075529
723.0,0.8806402200658516,0.006230927543947473,0.8744092726071099,0.8806402001510574
723.5,0.8813140961338746,0.006230927543947473,0.8750830830300707,0.8813140105740181
724.0,0.8819817949277757,0.006230927543947473,0.8757508511569588,0.8819817787009063
724.5,0.8826515220803437,0.006230927543947473,0.8764205075013698,0.8826514350453172
725.0,0.8833230931953361,0.006230927543947473,0.8770921464741794,0.8833230740181269
725.5,0.8840075720472998,0.006230927543947473,0.8777766253261432,0.8840075528700906
726.0,0.8847075401836292,0.006230927543947473,0.8784765875617927,0.8847075151057402
726.5,0.8854094444805042,0.006230927543947473,0.8791784380149649,0.8854093655589124
727.0,0.8861128239473187,0.006230927543947473,0.8798818934530314,0.8861128209969789
727.5,0.88681896935777,0.006230927543947473,0.8805879923956296,0.8868189199395771
728.0,0.8875518522233762,0.006230927543947473,0.8813209040270495,0.8875518315709969
728.5,0.8882864868532855,0.006230927543947473,0.8820555150542398,0.8882864425981873
729.0,0.8890226888512557,0.006230927543947473,0.8827917310663245,0.8890226586102719
729.5,0.8897608270097715,0.006230927543947473,0.8835298352959317,0.8897607628398791
730.0,0.890517773585017,0.006230927543947473,0.8842868217007656,0.8905177492447129
730.5,0.8912862449254154,0.006230927543947473,0.8850552318216114,0.8912861593655589
731.0,0.8920562836338746,0.006230927543947473,0.8858253413382278,0.8920562688821753
731.5,0.8928283507010008,0.006230927543947473,0.8865973390723667,0.8928282666163142
732.0,0.8936112971464313,0.006230927543947473,0.8873802884681371,0.8936112160120846
732.5,0.8944148959710159,0.006230927543947473,0.8881839138457807,0.894414841389728
733.0,0.8952200621636612,0.006230927543947473,0.8889890497974423,0.8952199773413897
733.5,0.8960268879224886,0.006230927543947473,0.8897958851448743,0.8960268126888218
734.0,0.8968364796249528,0.006230927543947473,0.8906055528185903,0.8968364803625377
734.5,0.8976754825280873,0.006230927543947473,0.8914444878639075,0.897675415407855
735.0,0.89851586840304,0.006230927543947473,0.8922849334832429,0.8985158610271903
735.5,0.8993577294479324,0.006230927543947473,0.8931267952657203,0.8993577228096676
736.0,0.9002016188514917,0.006230927543947473,0.8939706396765963,0.9002015672205438
736.5,0.9010701251534177,0.006230927543947473,0.8948391253261432,0.9010700528700907
737.0,0.9019462838994052,0.006230927543947473,0.8957153526675329,0.9019462802114804
737.5,0.9028239178153323,0.006230927543947473,0.8965929017611884,0.9028238293051359
738.0,0.903703026901199,0.006230927543947473,0.8974720558397383,0.9037029833836858
738.5,0.904601220998159,0.006230927543947473,0.898370280915267,0.9046012084592145
739.0,0.9055134292095449,0.006230927543947473,0.8992824788004634,0.9055134063444109
739.5,0.9064268359965068,0.006230927543947473,0.9001959040270495,0.906426831570997
740.0,0.9073417179534082,0.006230927543947473,0.9011107454167776,0.9073416729607251
740.5,0.9082707062228569,0.006230927543947473,0.9020397484379257,0.9082706759818732
741.0,0.9092189638996412,0.006230927543947473,0.9029880112778048,0.9092189388217523
741.5,0.9101685123501227,0.006230927543947473,0.9039375014590737,0.9101684290030212
742.0,0.9111190749799377,0.006230927543947473,0.9048881245708561,0.9111190521148036
742.5,0.912079687204966,0.006230927543947473,0.9058487552355087,0.9120796827794562
743.0,0.9130639021490276,0.006230927543947473,0.9068328942083184,0.9130638217522659
743.5,0.9140491312724226,0.006230927543947473,0.9078181661116417,0.9140490936555892
744.0,0.9150354667732723,0.006230927543947473,0.9088044765346024,0.9150354040785499
744.5,0.9160274263595166,0.006230927543947473,0.9097964516101311,0.9160273791540785
745.0,0.9170419744854608,0.006230927543947473,0.9108109908850556,0.9170419184290031
745.5,0.9180575367907383,0.006230927543947473,0.9118265686796175,0.9180574962235649
746.0,0.9190835174837141,0.006230927543947473,0.912852531670554,0.9190834592145015
746.5,0.9201219449230551,0.006230927543947473,0.9138909568971402,0.9201218844410877
747.0,0.9211612021454871,0.006230927543947473,0.9149302318216115,0.9211611593655589
747.5,0.9222166862372545,0.006230927543947473,0.9159857454167776,0.9222166729607251
748.0,0.9232783476031439,0.006230927543947473,0.9170473957188924,0.9232783232628399
748.5,0.9243418529314577,0.006230927543947473,0.9181108398276537,0.9243417673716012
749.0,0.925425734044562,0.006230927543947473,0.9191947710965359,0.9254256986404834
749.5,0.9265104449407572,0.006230927543947473,0.9202794576524271,0.9265103851963746
750.0,0.9276031770734988,0.006230927543947473,0.9213721691327897,0.9276030966767371
750.5,0.9287095545281816,0.006230927543947473,0.9224785701901915,0.928709497734139
751.0,0.929816577369713,0.006230927543947473,0.9235856321237262,0.9298165596676737
751.5,0.930937890920034,0.006230927543947473,0.9247069500995571,0.9309378776435046
752.0,0.932066211527568,0.006230927543947473,0.9258352544802217,0.9320661820241691
752.5,0.9331954541163142,0.006230927543947473,0.9269645029696477,0.9331954305135952
753.0,0.934344334904881,0.006230927543947473,0.9281133889213093,0.9343443164652568
753.5,0.9354937688821753,0.006230927543947473,0.9292628413382278,0.9354937688821753
754.0,0.936650855303531,0.006230927543947473,0.9304198466252368,0.9366507741691843
754.5,0.9378205728674943,0.006230927543947473,0.9315895973805238,0.9378205249244713
755.0,0.9389907514220638,0.006230927543947473,0.9327598201901915,0.9389907477341389
755.5,0.9401746674966956,0.006230927543947473,0.9339437325768984,0.9401746601208459
756.0,0.9413642998548433,0.006230927543947473,0.9351333096161734,0.9413642371601209
756.5,0.9425556839772942,0.006230927543947473,0.9363246804620948,0.9425556080060423
757.0,0.9437640325540503,0.006230927543947473,0.9375330452657202,0.9437639728096677
757.5,0.9449726577251699,0.006230927543947473,0.938741693301974,0.9449726208459215
758.0,0.9461881055572602,0.006230927543947473,0.9399571389213093,0.9461880664652568
758.5,0.9474116668240181,0.006230927543947473,0.9411807038759921,0.9474116314199396
759.0,0.948643433723565,0.006230927543947473,0.9424124825768985,0.948643410120846
759.5,0.9498787963498395,0.006230927543947473,0.9436478488910979,0.9498787764350454
760.0,0.9511246695619335,0.006230927543947473,0.944893694812548,0.9511246223564954
760.5,0.9523730321233006,0.006230927543947473,0.9461420898276537,0.9523730173716012
761.0,0.9536288627324868,0.006230927543947473,0.9473978488910978,0.9536287764350453
761.5,0.9548916082007647,0.006230927543947473,0.9486605943593758,0.9548915219033233
762.0,0.9561604387450434,0.006230927543947473,0.9499294765346024,0.9561604040785499
762.5,0.9574348933747168,0.006230927543947473,0.9512039289515208,0.9574348564954682
763.0,0.9587148798916635,0.006230927543947473,0.9524839516101311,0.9587148791540786
763.5,0.96000012170152,0.006230927543947473,0.9537691668669287,0.9600000944108761
764.0,0.961290526606165,0.006230927543947473,0.9550595747219136,0.961290502265861
764.5,0.9625860946055985,0.006230927543947473,0.9563550807642096,0.9625860083081571
765.0,0.9638873788885479,0.006230927543947473,0.957656440280826,0.9638873678247735
765.5,0.965193457473801,0.006230927543947473,0.9589625203412488,0.9651934478851963
766.0,0.9665042381632364,0.006230927543947473,0.9602732265346023,0.9665041540785498
766.5,0.9678193521643693,0.006230927543947473,0.9615883700391341,0.9678192975830816
767.0,0.9691386150809573,0.006230927543947473,0.9629076676222157,0.9691385951661632
767.5,0.9704621191111216,0.006230927543947473,0.9642311192838471,0.9704620468277946
768.0,0.9717894954623773,0.006230927543947473,0.965558536202276,0.9717894637462235
768.5,0.9731213895215729,0.006230927543947473,0.9668903904318833,0.9731213179758308
769.0,0.974456787109375,0.006230927543947473,0.9682258322747836,0.9744567598187311
769.5,0.9757955960276624,0.006230927543947473,0.9695645784983487,0.975795506042296
770.0,0.9771375396820714,0.006230927543947473,0.9709065346917021,0.9771374622356496
770.5,0.9784827102707232,0.006230927543947473,0.972251700854844,0.9784826283987915
771.0,0.9798305546048904,0.006230927543947473,0.9735996049333939,0.9798305324773414
771.5,0.981181349278937,0.006230927543947473,0.9749503413382278,0.9811812688821753
772.0,0.9825349098966201,0.006230927543947473,0.9763039100693456,0.9825348376132931
772.5,0.9838909598635763,0.006230927543947473,0.977660027894119,0.9838909554380665
773.0,0.9852492225854419,0.006230927543947473,0.9790182227581673,0.9852491503021148
773.5,0.9866096058640955,0.006230927543947473,0.9803785890723667,0.9866095166163142
774.0,0.98797155651081,0.006230927543947473,0.9817405603714604,0.9879714879154079
774.5,0.9893351667237066,0.006230927543947473,0.9831042310663244,0.9893351586102719
775.0,0.9907001599084214,0.006230927543947473,0.9844692235134543,0.9907001510574018
775.5,0.9920665360649547,0.006230927543947473,0.9858355377128502,0.9920664652567975
776.0,0.9934340185989426,0.006230927543947473,0.9872030792536356,0.9934340067975831
776.5,0.9948024231141428,0.006230927543947473,0.9885714704923063,0.9948023980362538
777.0,0.9961714730161915,0.006230927543947473,0.98994052260711,0.9961714501510573
777.5,0.9975409839088463,0.006230927543947473,0.9913100467762942,0.9975409743202417
778.0,0.9989073600653795,0.006230927543947473,0.99267636097569,0.9989072885196375
778.5,1.0000000921981211,0.006230927543947473,0.9937690724560525,1.0
779.0,1.0000000921981211,0.006230927543947473,0.9937690724560525,1.0
