time_ns,X01,X02,X03,X04,X05,X06,X07,X08,X09,X10,X11,X12,X13,X14,X15,X16,X_guard,Y01,Y02,Y03,Y04,Y05,Y06,Y07,Y08,Y09,Y10,Y11,Y12,Y13,Y14,Y15,Y16,Y_guard
0.0,0.0,0.0,0.0,0.0,0.0,0.0,0.0,0.0,0.0,0.0,0.0,0.0,0.0,0.0,0.0,0.0,0.0,0.0,0.0,0.0,0.0,0.0,0.0,0.0,0.0,0.0,0.0,0.0,0.0,0.0,0.0,0.0,0.0,0.0
0.5,0.00045222665247960395,0.000127048279493597,3.361764991391462e-5,8.783668977436342e-6,2.3048955263440523e-6,5.414205363436723e-7,-7.086362315340423e-8,-5.102869115482869e-7,-1.2044119050731923e-6,-2.769237029678512e-6,-7.040555985627578e-6,-2.058826561375687e-5,-6.866075233570399e-5,-0.0002543637894791779,-0.0010924548180801992,-0.009684184526748888,0.01999229102696537,-1.6083877556183547e-6,-3.762277661966233e-6,-1.9020346074936253e-5,-0.00012300762255026135,-0.0005051863247534299,-0.0009723001376379653,-0.0010607536105591005,-0.000588708458710293,-0.00014220528147011724,6.97371867848307e-5,0.00011914211052422076,0.00010358754916853775,2.0720606270243394e-5,2.5987770377441655e-6,2.9210670530413395e-7,-5.85155592164942e-8,-0.005714761526563016
1.0,0.0009054755876431652,0.00025443142994653064,6.732676076925053e-5,1.7591195006565025e-5,4.616112299150931e-6,1.0846662609429969e-6,-1.41006234078035e-7,-1.0199399574960826e-6,-2.4075998665815573e-6,-5.535105400890382e-6,-1.4070102106498447e-5,-4.113672914551824e-5,-0.00013716741721075468,-0.000508099209145837,-0.0021819283234748954,-0.01932906240134801,0.03992751141689335,-3.2144725277704775e-6,-7.517768767890253e-6,-3.8002702067085626e-5,-0.00024576271318597014,-0.0010092936433694153,-0.001942338540114665,-0.0021189687115188093,-0.0011759598449637882,-0.00028363131324330126,0.00013992135213220948,0.00023857335309607745,0.00020750035782234906,4.150639667971977e-5,5.208133801457745e-6,5.867575338177856e-7,-1.1581093374656632e-7,-0.011427481008800495
1.5,0.0013597969562265447,0.0003821697209896998,0.00010113507014026815,2.642753294857607e-5,6.941228041430975e-6,1.6441677058301303e-6,-1.8220006828013459e-7,-1.4737375211420826e-6,-3.5006692210983294e-6,-8.076350584491143e-6,-2.0607935934358492e-5,-6.0476632816913984e-5,-0.0002022501745252811,-0.0007505314227677544,-0.0032251194524620954,-0.028238198548285263,0.05869769185691442,-4.719517593274844e-6,-1.1075674936040291e-5,-5.608384590314594e-5,-0.00036295278284845033,-0.0014918535677687999,-0.0028750068111362053,-0.0031370306303133777,-0.0017376261175219025,-0.0004136664539665614,0.0002145384103509955,0.00035978806433000594,0.00031232041534700423,6.253291990641742e-5,7.877350022335427e-6,9.06852144309041e-7,-1.5106519052528093e-7,-0.01698188551242978
2.0,0.0018119586918649356,0.0005087529244379694,0.00013456574649609108,3.516268311490465e-5,9.246002404396268e-6,2.2120462179048904e-6,-1.9342590368203706e-7,-1.864735349405028e-6,-4.468295790727765e-6,-1.0361452516607288e-5,-2.658648241952827e-5,-7.84478440115459e-5,-0.00026347479161178955,-0.0009802877002612342,-0.0042166749516282555,-0.03634731431021791,0.07618004029611086,-6.1113943044782764e-6,-1.4412333609204278e-5,-7.315391950376804e-5,-0.00047388933936634814,-0.0019502086941929383,-0.0037658185757178915,-0.004110234021420205,-0.002270976942471507,-0.0005323840502165595,0.00027432409748209927,0.00046083722770034005,0.000416467422084866,8.351914584636688e-5,1.0555994125741486e-5,1.2386530452039307e-6,-1.7031154920996991e-7,-0.022298717786898424
2.5,0.0022758421941106053,0.0006409794362290028,0.00016978367307755163,4.438835047072874e-5,1.1683484606917532e-5,2.8176468113307867e-6,-1.9223526246097288e-7,-2.2498263310629794e-6,-5.4304543573105446e-6,-1.2637556353274429e-5,-3.2545120829541875e-5,-9.636602327902872e-5,-0.0003245343254412049,-0.001209457205141419,-0.005205768112689707,-0.0444517193243943,0.09365207407049542,-7.4932174447620026e-6,-1.773219611889646e-5,-9.016403393803046e-5,-0.0005845112833011547,-0.002407352729866512,-0.004654204017085972,-0.005080245052579667,-0.0028003661293997863,-0.0006404509627206808,0.00039936687650997475,0.0006315129221025911,0.0005319909476801708,0.00010628692152997159,1.3516924633810528e-5,1.643085852265358e-6,-1.54130775681936e-7,-0.0278148622311134
3.0,0.0027412773979394456,0.0007738262144820568,0.00020518590586423153,5.366315564360143e-5,1.4134104507117113e-5,3.4272709433720913e-6,-1.890061660937042e-7,-2.63259181994776e-6,-6.388463473842223e-6,-1.4905006064839234e-5,-3.8483447403706094e-5,-0.00011422924044629239,-0.00038542168558184113,-0.0014380139166494871,-0.006192285848888385,-0.052550508896749906,0.11109893199540337,-8.870741307420313e-6,-2.104292407046632e-5,-0.00010713046906217708,-0.0006948577133190235,-0.002863369859597474,-0.005540370941162109,-0.006047768175061736,-0.0033281771437999345,-0.0007472285421233162,0.0005275547234313366,0.0008052363316458157,0.0006483722579443202,0.0001291975131387797,1.6500122473769317e-5,2.052912276148166e-6,-1.3523880669107136e-7,-0.033336045878891496
3.5,0.003203836812713715,0.0009043692101884824,0.0002398065930046704,6.272220066847038e-5,1.6527499418334297e-5,4.021724154244196e-6,-1.8934901537137314e-7,-3.014811809847182e-6,-7.342867935892319e-6,-1.7163778438578918e-5,-4.4400792490139465e-5,-0.00013203518268204887,-0.0004461292863972598,-0.0016659289328353282,-0.007176106069743453,-0.060642697659864166,0.1285146615296332,-1.0246557979830443e-5,-2.4347813670548787e-5,-0.00012405948246353702,-0.0008049393888686719,-0.0033182690871086007,-0.006424365807155828,-0.007013125722141784,-0.0038557358738879064,-0.0008583431697684113,0.0006267112367462896,0.0009478395438986603,0.0007592799800400287,0.00015130579426569522,1.9364395204177434e-5,2.434281132878944e-6,-1.2932803634458484e-7,-0.0387636196217148
4.0,0.0036665276818405104,0.0010346171538995472,0.00027430933137674704,7.174743108698969e-5,1.8911811824201456e-5,4.613938392491679e-6,-1.8982368917415464e-7,-3.3960287287561194e-6,-8.294770347792936e-6,-1.941681797320749e-5,-5.030377101141881e-5,-0.00014979968528373004,-0.0005067000306264871,-0.001893338660098995,-0.008157756753558478,-0.06873397596653134,0.14591310391613363,-1.1620096991744647e-5,-2.764681145953988e-5,-0.00014095635257458758,-0.0009148067758162576,-0.0037722674021187868,-0.007306547683531424,-0.007976521177954544,-0.0043824100782503895,-0.0009700784690430518,0.0007184402640132386,0.0010822614334141019,0.0008690193340497434,0.0001732507928800727,2.2204627994774333e-5,2.8096946952386205e-6,-1.261472008985909e-7,-0.04416582159405388
4.5,0.004130557224469603,0.0011653688558999145,0.0003089567595738299,8.080591900651188e-5,2.1294914354820624e-5,5.1865723473652976e-6,-2.3324324100860746e-7,-3.862436340272067e-6,-9.414700515500728e-6,-2.2010285452323377e-5,-5.6942733528030605e-5,-0.00016934154527064896,-0.0005722046798809778,-0.0021366786740697765,-0.009201625322647325,-0.07748790521996259,0.164608577947242,-1.3139287398120789e-5,-3.1228523330025806e-5,-0.00015913368712018984,-0.001032601310407287,-0.00425749242845979,-0.008244612425835832,-0.009000372670568368,-0.00494625453142241,-0.00109722039850817,0.0008053956075017186,0.0012154589967064988,0.0009784692183722181,0.0001950291888591386,2.4985024013368024e-5,3.153812759232305e-6,-1.5264552412273256e-7,-0.04982158856809679
5.0,0.00459595281191823,0.0012966423236351358,0.000343755090164634,8.990414148010877e-5,2.368842321940419e-5,5.76226897481435e-6,-2.7529064835305254e-7,-4.3275468529756335e-6,-1.0532876364098935e-5,-2.4601864963319726e-5,-6.358335047870245e-5,-0.00018890717508569585,-0.0006378395229668056,-0.0023806266194023756,-0.010248568843138543,-0.08630915638903476,0.18339293096720993,-1.4659791081873671e-5,-3.481638024130617e-5,-0.0001773500978226388,-0.0011506665869421828,-0.004743883256825796,-0.00918509520792889,-0.010026887824528166,-0.005511468991051988,-0.001224420942208558,0.00089326707978263,0.0013495312716665586,0.0010884353761586537,0.0002168902277586323,2.777685335305522e-5,3.500008010206986e-6,-1.7845235660171355e-7,-0.05549165777569451
5.5,0.005062732451631944,0.0014284498922054142,0.00037870796965688375,9.904235736481013e-5,2.6090841549040688e-5,6.337581185505829e-6,-3.228043661497848e-7,-4.8047223541986905e-6,-1.1675512795181793e-5,-2.724435630611783e-5,-7.033865234823025e-5,-0.00020876574102125138,-0.0007043388584949459,-0.0026275128396256093,-0.011307471468369407,-0.09527224860522682,0.20243496621123253,-1.6203968929200014e-5,-3.845310485795185e-5,-0.00019579682375369116,-0.0012701816429184283,-0.00523607680444631,-0.010136238397788426,-0.011064975283297166,-0.006083570578307183,-0.001354039705772054,0.0009812388535352632,0.0014842172403710127,0.001198803550167026,0.0002387963753092325,3.056926793472284e-5,3.84312054125474e-6,-2.082813208644191e-7,-0.061213536565037294
6.0,0.005530920633736694,0.0015608054273438237,0.00041382032758879877,0.00010822178779051744,2.8502809452146203e-5,6.913327755479654e-6,-3.7427758973857157e-7,-5.29100920082129e-6,-1.2836686343945045e-5,-2.992527384952476e-5,-7.717988912432576e-5,-0.0002288414542408508,-0.0007714719210506566,-0.002876532221848871,-0.012374964365426146,-0.1043394036883674,0.2216675864965894,-1.7766017759404515e-5,-4.212631706114622e-5,-0.0002144143390511458,-0.0013907689522400363,-0.0057325438790451,-0.011095160083828376,-0.012111480862712572,-0.006660689760190843,-0.0014853088517203432,0.0010696265992801355,0.0016196777093086358,0.00130962091990468,0.00026075967399015167,3.3365255868867086e-5,4.184475236113698e-6,-2.4098285957129834e-7,-0.06697620149825635
6.5,0.006011120142173191,0.0016978321838955145,0.0004503475305176934,0.00011779705563340662,3.104241638025128e-5,7.564199137363549e-6,-3.267285472775311e-7,-5.594570769329086e-6,-1.3626748949199284e-5,-3.179216763044052e-5,-8.20209995317315e-5,-0.00024324736566341896,-0.0008201485674186776,-0.0030581097588438283,-0.013152633909012256,-0.11050563708532973,0.23552150668694533,-1.8877372584584257e-5,-4.478383899365307e-5,-0.00022800086668250784,-0.0014791377001298518,-0.006097663925493592,-0.011803073825432815,-0.012882417062258072,-0.00707484155983363,-0.0015450535944221244,0.0012327582994616645,0.0018194717582979232,0.0014313209092869138,0.00028491236291983336,3.661468816397773e-5,4.687047214598994e-6,-1.5714162629339674e-7,-0.07196664378001971
7.0,0.006502986314433579,0.0018393746675681492,0.0004882419937686978,0.00012775808797862233,3.37144061697934e-5,8.306460415668718e-6,-1.459532367942005e-7,-5.646878881576918e-6,-1.3906902597029765e-5,-3.254997158518731e-5,-8.417284988384592e-5,-0.00025014158372072296,-0.000844679480232861,-0.0031521248313235374,-0.013553724548247645,-0.11263327007927564,0.24212441343555277,-1.9387785187750785e-5,-4.610619324841888e-5,-0.00023501911102104763,-0.0015255936683124646,-0.0062932103782261965,-0.012191379178326656,-0.013303637144428726,-0.007280220798135164,-0.0015142734677409838,0.0014757939876026257,0.0020841304269081876,0.0015644856089911793,0.00031146924841439976,4.038236348740644e-5,5.381757230286872e-6,7.178632338852072e-8,-0.07590574512308818
7.5,0.006997095494111859,0.001981760980139326,0.0005263816734094994,0.00013778368827079357,3.640312881538155e-5,9.053358611203393e-6,3.648020617777814e-8,-5.697959181472794e-6,-1.4185062764364427e-5,-3.3303045771813466e-5,-8.631113275120266e-5,-0.00025699096323860375,-0.000869044724547971,-0.00324548011099824,-0.013951713585061249,-0.11474222142890861,0.24869449765300464,-1.989628590665915e-5,-4.742281044357853e-5,-0.00024200419915046577,-0.0015718295855104384,-0.006487795953664175,-0.012577509231797878,-0.013722352030774258,-0.007484140713049206,-0.0014822497468700581,0.0017232833672146063,0.0023532457582179874,0.001698575351173424,0.0003381739750369438,4.41710962674769e-5,6.080518569515911e-6,3.0222257248933493e-7,-0.07985763319309384
8.0,0.00749345416388843,0.002124998684736177,0.0005647691355010894,0.00014787447551586116,3.910878408711482e-5,9.804921860601247e-6,2.2058184378220506e-7,-5.747803931442452e-6,-1.4461192873579498e-5,-3.405134235804175e-5,-8.843571870528679e-5,-0.00026379505403092263,-0.0008932443904012352,-0.003338174877570115,-0.014346602460048711,-0.11683264095617565,0.25523175933930087,-2.0402842384180635e-5,-4.873358365992405e-5,-0.00024895590597769285,-0.0016178432908303068,-0.0066814120082336614,-0.012961448139294396,-0.014138551637125159,-0.0076865962624910016,-0.0014489699166346892,0.001975335203268737,0.0026269295784641968,0.001833595718141769,0.000365025980054792,4.798073175270392e-5,6.783287268795996e-6,5.3414119354075e-7,-0.08382242900007081
8.5,0.007992060162869826,0.00226909948619831,0.0006034078014581226,0.00015803129381283533,4.1831492972518025e-5,1.0561186038070214e-5,4.063517254780066e-7,-5.79640047000074e-6,-1.4735277449526455e-5,-3.4794813511594907e-5,-9.054654021817752e-5,-0.0002705539911535211,-0.0009172781176437424,-0.0034302091310391613,-0.014738402697975182,-0.11890477068114497,0.26173608324679004,-2.0907419449523137e-5,-5.003848757448513e-5,-0.00025587398390035257,-0.0016636338838997924,-0.00687405638104119,-0.013343194460220567,-0.014552231641694498,-0.00788758024348233,-0.0014144276744289341,0.0022320693353151625,0.0029052971352983457,0.0019695530125021575,0.0003920254660517067,5.18112080424934e-5,7.490005648028094e-6,7.675104778755198e-7,-0.08780017288069711
9.0,0.008492902686588713,0.0024140696871316684,0.0006423006875277286,0.00016825491973280546,4.457142710505655e-5,1.1322165915342977e-5,5.937969678551453e-7,-5.843744224944684e-6,-1.500728976240331e-5,-3.55334198411858e-5,-9.264351287997382e-5,-0.0002772674819854091,-0.0009411457262010372,-0.003521585752596668,-0.015127127264201462,-0.12095881804958931,0.2682075846231236,-2.14099791182312e-5,-5.1337432150034026e-5,-0.0002627582078253755,-0.0017091993838998845,-0.00706571826761943,-0.01372274819457639,-0.014963394925673562,-0.008087094816916659,-0.0013786138364555612,0.002493622980088986,0.003188514997591785,0.0021064556977539984,0.0004191715101461036,5.5662269093478914e-5,8.2005878904795e-6,1.0022613588506722e-6,-0.09179099160738942
9.5,0.008992292369600509,0.0025565512590898128,0.000680323183716604,0.0001782393617572381,4.72489147928186e-5,1.206683709632234e-5,7.770875724893503e-7,-5.891584239765056e-6,-1.5277803799537014e-5,-3.6267327352953104e-5,-9.47266591999826e-5,-0.0002839355715452004,-0.0009648475762220308,-0.0036123036617959014,-0.015512784802301413,-0.12299507118063752,0.27464690885515014,-2.1912830001097792e-5,-5.2633518043601623e-5,-0.0002696156681844475,-0.0017545608595418787,-0.007256462494772366,-0.014100262045500142,-0.015372496717285893,-0.008286656930007243,-0.0013478226351954065,0.00273069010040191,0.0034458244675235807,0.002237285191919148,0.0004454278963930297,5.938806022402023e-5,8.883208649801344e-6,1.2247094967517877e-6,-0.09570619634991326
10.0,0.009493948829858325,0.0026999278010918656,0.0007186092188711253,0.00018829312119239045,4.9944319888904375e-5,1.281641108571943e-5,9.621155702894458e-7,-5.938136651886914e-6,-1.5546214623303572e-5,-3.6996322208480894e-5,-9.679589476830289e-5,-0.00029055823732358814,-0.0009883839378184063,-0.0037023660999770613,-0.015895388277635834,-0.12501353007428956,0.28105364105132413,-2.2413588925250706e-5,-5.3923537678949065e-5,-0.0002764389819248926,-0.001799695801518835,-0.007446220634206905,-0.014475571785088391,-0.015779076025925372,-0.008484735229584386,-0.0013157199516757377,0.0029728702548047206,0.003708276503755967,0.002369098072685864,0.0004718351850336772,6.313521268684699e-5,9.569894449273265e-6,1.4486356871906004e-6,-0.09963514437488198
10.5,0.010015072779352931,0.0028498154752564214,0.0007587728003360714,0.00019885599613189697,5.2779941085242074e-5,1.3607161631667001e-5,1.160944411052768e-6,-5.978796197793635e-6,-1.5810516091722017e-5,-3.7719399929947004e-5,-9.88506118336473e-5,-0.00029713496160651263,-0.0010117541807295692,-0.003791773427289058,-0.016274952096161165,-0.12701466724591673,0.2874560860348612,-2.2904796869102923e-5,-5.519714802953772e-5,-0.00028320460431165205,-0.0018445377623566687,-0.007634822695637037,-0.01484833022979091,-0.016182255528844735,-0.008678911675859434,-0.0012744849722190925,0.0032800212727572622,0.004041833819939651,0.002510591215957688,0.0005000203487736221,6.718999422028705e-5,1.0341186402787614e-5,1.7146935849661553e-6,-0.10378992593540526
11.0,0.010562414128974846,0.003008430818056412,0.0008014506263675286,0.0002101010831461212,5.5803638795711485e-5,1.4453158457833835e-5,1.3782085500533757e-6,-6.011818054489499e-6,-1.606998227964355e-5,-3.8436251014381016e-5,-0.000100890742868095,-0.00030366603701496414,-0.0010349596555139363,-0.0038805303256677355,-0.016651500748003357,-0.1289985864184054,0.29386533062983855,-2.338380054809896e-5,-5.6450719469623625e-5,-0.0002899045670500695,-0.0018890649530462628,-0.007822213936428289,-0.015218410607191011,-0.016581725497980492,-0.008868276532683128,-0.0012210963175736166,0.0036773775279341867,0.004474394991318625,0.0026651285926380906,0.0005306022584978548,7.165950410675787e-5,1.1226563964860677e-5,2.0375584668600845e-6,-0.10825694795821729
11.5,0.011113630680879437,0.0031684824347135883,0.0008445458649868692,0.00022145612812474416,5.8855973971934474e-5,1.5307041982419542e-5,1.5981321284980751e-6,-6.043192511283739e-6,-1.6327121567960232e-5,-3.914794746752592e-5,-0.00010291662551125011,-0.00031015123845587326,-0.001057999731910913,-0.00396863535451745,-0.017025042876736275,-0.13096573705759654,0.3002446569344788,-2.3860380256103964e-5,-5.7697740701390176e-5,-0.00029656885253698804,-0.0019333584070925986,-0.008008596760268659,-0.015586260942534017,-0.016978612479126347,-0.009055992627792128,-0.0011658139099167194,0.004086283758687829,0.004919243363095194,0.0028212873597159484,0.0005614399189675322,7.616513580353958e-5,1.211880686555024e-5,2.3629516011436e-6,-0.11275727655232133
12.0,0.011668573333417542,0.003329939712570513,0.0008880512231786446,0.00023292007313033966,6.193836470024823e-5,1.6172761181960294e-5,1.8288808371140157e-6,-6.056667848566148e-6,-1.6549419262798172e-5,-3.978700920084092e-5,-0.00010477673836345039,-0.00031620540917820083,-0.001079740030887984,-0.004052144523113516,-0.017376937174725028,-0.13258713321743415,0.30614423031533233,-2.4300780473699023e-5,-5.8871330946593846e-5,-0.0003028861345481296,-0.0019755260821915826,-0.008187390526255812,-0.015943283761015833,-0.017364468819425185,-0.009234839695818115,-0.0011049945729016538,0.004508332543502761,0.005377105355622905,0.002979230304499047,0.0005925841111791098,8.072179609915282e-5,1.3025160991443248e-5,2.6977286544653764e-6,-0.11725260339834899
12.5,0.012227123237448517,0.0034927785216501473,0.0009319608485230507,0.00024449165764171913,6.505099105510827e-5,1.7051494981407038e-5,2.0730561714653163e-6,-6.047018390047586e-6,-1.672643807989593e-5,-4.0331906062238526e-5,-0.00010642329416606361,-0.0003217089572341781,-0.0010998342692671945,-0.00412987042049627,-0.017701624383378967,-0.13376549435526222,0.3114304787442763,-2.4694338823553298e-5,-5.9950742251563286e-5,-0.00030876113118722,-0.0020149921002344784,-0.0083566180168682,-0.016286992594554704,-0.017736898808320845,-0.009402682774016504,-0.001037544984471762,0.004944085354531279,0.005848280612795734,0.0031389862389002684,0.000624045009339324,8.533340161300498e-5,1.3947692274867228e-5,3.043971561863343e-6,-0.12173121933490488
13.0,0.012789154340853504,0.0036569696898906975,0.0009762674480046391,0.0002561675953000694,6.819052728641429e-5,1.793751335531203e-5,2.31960694111456e-6,-6.035951548607688e-6,-1.6901523910260274e-5,-4.087270060244644e-5,-0.00010805918055718759,-0.00032717975424855855,-0.0011198138002182422,-0.0042071558557608335,-0.018024343738383037,-0.1349420461049613,0.3167076226087495,-2.508635528588223e-5,-6.1026096253956914e-5,-0.0003146137760845196,-0.002054312618117318,-0.008525210925099353,-0.016629237782919155,-0.01810759720125227,-0.009569394264336438,-0.0009684789576919417,0.005391754412579032,0.006332215225588519,0.003300250476940881,0.0006557324411645757,8.997584487736405e-5,1.4875614537303182e-5,3.39194399296247e-6,-0.12624481293369996
13.5,0.013354552116278796,0.0038224887271662133,0.001020963908682417,0.00026794606285152837,7.135640503416609e-5,1.883061653357618e-5,2.5684626286236e-6,-6.023503198454387e-6,-1.7074706297356558e-5,-4.140945753572211e-5,-0.00010968442004612926,-0.0003326180028051048,-0.0011396806045601375,-0.004284004070247408,-0.018345119729863194,-0.1361168230408268,0.3219757310573428,-2.5476857997319488e-5,-6.209745485436881e-5,-0.0003204446094633949,-0.002093489436584657,-0.00869317933511878,-0.0169700265290874,-0.0184765812853672,-0.00973499217422347,-0.0008978257546612144,0.005851419670704268,0.0068290103958452576,0.00346298592328305,0.0006876375830065448,9.464771906054633e-5,1.5808559188849978e-5,3.7414576081711e-6,-0.13079295777842356
14.0,0.013923195553690286,0.003989307541861635,0.0010660437478759858,0.00027982525955154094,7.45480840749971e-5,1.9730634289565762e-5,2.8195476167894383e-6,-6.009709917211461e-6,-1.7246010564155088e-5,-4.194220218503583e-5,-0.00011129921521665107,-0.0003380241981085694,-0.0011594350424417917,-0.004360422627083124,-0.018663971085562808,-0.13728988278668453,0.3272345735947531,-2.586591167212253e-5,-6.316493059933366e-5,-0.00032625378888899464,-0.002132523816157684,-0.008860525407819949,-0.017309383323185393,-0.018843882753769796,-0.009899498832910083,-0.0008256227408290989,0.006323174767623855,0.00733877092689906,0.00362715980437587,0.000719752376533347,9.93475723122542e-5,1.6746121061982706e-5,4.092316154469356e-6,-0.13537530812612114
14.5,0.014568994412609457,0.004179920674810957,0.0011177663536590392,0.0002934955893326382,7.823567128433561e-5,2.077750839135438e-5,3.1197122143429573e-6,-5.976619829178937e-6,-1.740772305253409e-5,-4.246736401157437e-5,-0.00011290181034281174,-0.00034339759735182334,-0.0011790782843471655,-0.004436414407459271,-0.018980929498586048,-0.13846143278830722,0.33260605918676833,-2.6225748266518297e-5,-6.418968930705437e-5,-0.0003319546310202953,-0.0021711796792252187,-0.00902665849898877,-0.017646026035089867,-0.01920629195936497,-0.010054040171228507,-0.0007246868668005906,0.006975536259999808,0.008051162039765419,0.00382278837106019,0.0007581317352744388,0.00010516394346142103,1.7996748003354604e-5,4.5992011271889835e-6,-0.14069557766179663
15.0,0.015234912630294384,0.004376721886349588,0.0011712143428376073,0.0003076285528992598,8.20499465004555e-5,2.1861513001771132e-5,3.4323084559235327e-6,-5.938234426688932e-6,-1.7565832644971115e-5,-4.298771166009125e-5,-0.00011449358974698808,-0.0003487390783978373,-0.0011986116808346751,-0.004511985173758423,-0.019296028102632735,-0.13963170354099794,0.33799727517672534,-2.6578170857940916e-5,-6.520225922506741e-5,-0.00033761531654801614,-0.002209643402848719,-0.009192046802209584,-0.01798098613128201,-0.01956636740001667,-0.010205636932050354,-0.0006165583688326833,0.0076828247830947,0.008825490842052816,0.004026093871932015,0.0007979948174917445,0.00011123920540435076,1.9317592727723797e-5,5.140366719253474e-6,-0.1462187291632246
15.5,0.015901443101128062,0.004571907109724431,0.0012240788007430799,0.00032160116016324554,8.582260763537128e-5,2.293485382802537e-5,3.742376620968483e-6,-5.8998901740256754e-6,-1.772251711691254e-5,-4.3504235540091814e-5,-0.00011607509365254659,-0.00035404927150720555,-0.0012180364924255095,-0.00458714104851207,-0.01960928274425495,-0.14080069504475665,0.34338291318034836,-2.6930998616888445e-5,-6.62134617026839e-5,-0.00034326067323771126,-0.002247985576214747,-0.009356881196405232,-0.018314682825094263,-0.019925193844244918,-0.010357455544601395,-0.0005120042137509027,0.00838986768463227,0.00960122062360412,0.004225174826077464,0.0008371864921016635,0.00011721862271833275,2.061650635297565e-5,5.671695744185469e-6,-0.15173171582178768
16.0,0.016572033170486864,0.004769467875316424,0.0012776851654052734,0.0003357692157393856,8.964444035129605e-5,2.4020767509036913e-5,4.05599000185638e-6,-5.859921030767734e-6,-1.787729111142749e-5,-4.4016809036724516e-5,-0.00011764637833275464,-0.00035932840177299753,-0.0012373537995664014,-0.0046618852730604095,-0.019920719354174287,-0.14196849949770463,0.3487576257066064,-2.7282329506924507e-5,-6.722087698940784e-5,-0.0003488849387068043,-0.0022861887321011178,-0.009521114141919461,-0.018646996547088162,-0.020282388093608383,-0.010508164178208643,-0.00040524176060253037,0.009124920807576252,0.01040812417459632,0.004426452688580193,0.0008766544009263422,0.0001232331320418332,2.1920277768031348e-5,6.20411154659313e-6,-0.15731465780482912
16.5,0.017245439604329917,0.004968459872680848,0.001331730101403873,0.00035005182117854,9.349470232188522e-5,2.5113861658962112e-5,4.371704837571818e-6,-5.818742363969725e-6,-1.803027561604076e-5,-4.452547435493988e-5,-0.00011920750006087957,-0.0003645767618162034,-0.0012565652229274509,-0.004736225410530574,-0.020230371066090564,-0.14313531282084946,0.35412226558812077,-2.7632647478148295e-5,-6.82250790725662e-5,-0.00035448962107886,-0.0023242575524436743,-0.009684752841730492,-0.01897796043096352,-0.020638017856102336,-0.010657891045884424,-0.0002969351239795051,0.009880948282800773,0.011238569219306877,0.0046291794301519945,0.0009162887885851443,0.00012926399437682506,2.3224071692393985e-5,6.735189100361663e-6,-0.16294806673447532
17.0,0.01792111497631246,0.0051685694121161975,0.0013861161884584456,0.0003644230232498077,9.736668577367086e-5,2.621234960156265e-5,4.689014317000741e-6,-5.776502594374278e-6,-1.8181522683524654e-5,-4.50302568177082e-5,-0.0001207584926008818,-0.0003697946892764273,-0.0012756719329926182,-0.004810166503007318,-0.02053827389489488,-0.14430135398472904,0.35947657928005805,-2.798210165471829e-5,-6.922631555453528e-5,-0.0003600752380679381,-0.0023621936579125164,-0.009847808820603477,-0.019307593204463718,-0.020992107621852725,-0.010806698093241435,-0.0001873299929670697,0.010656030516610045,0.01209050146834728,0.004833084578960684,0.0009560457169109241,0.0001353037028694441,2.452597202131035e-5,7.2640051721986326e-6,-0.16862576533660428
17.5,0.01864058013408926,0.005382211907032393,0.0014442588087295117,0.0003798007064715613,0.00010151562373803822,2.739384061350203e-5,5.037400708322799e-6,-5.7150184224694515e-6,-1.830953029842535e-5,-4.54922687836284e-5,-0.00012221209862441095,-0.0003747509010248674,-0.0012939581338012327,-0.004881095309992211,-0.02083130401426932,-0.14527838900010032,0.36463508721204685,-2.8296795834047196e-5,-7.016360872281641e-5,-0.000365399296910381,-0.002398671160291689,-0.010005997026794987,-0.019631057347415798,-0.021339292612680857,-0.010945729978855283,-6.00925227486475e-5,0.011509046813872645,0.013029383748679723,0.005053722606324717,0.0009991643652094814,0.00014194042571001543,2.5993694193953833e-5,7.875768743522939e-6,-0.17464218831134345
18.0,0.01944099524230035,0.005620666140876147,0.001509269648808367,0.00039701915579620084,0.00010617186520755111,2.8727708378767318e-5,5.442947022661882e-6,-5.618191121590641e-6,-1.839513037905232e-5,-4.587671086417224e-5,-0.00012349032338292216,-0.0003792395044309495,-0.0013107883425997823,-0.004946700035625354,-0.021097880475830815,-0.14590043819923054,0.36943386112455157,-2.8547633923252544e-5,-7.098445561897359e-5,-0.0003702498274627409,-0.002432521736513812,-0.01015554958239783,-0.019944159285899734,-0.021674951397760395,-0.011067237018458433,9.933205214511952e-5,0.012498233253502054,0.014120258953636146,0.005304975452019729,0.0010484708219856654,0.00014967402707774112,2.77655339853281e-5,8.639807072876083e-6,-0.18127031124610554
18.5,0.020288329110044728,0.005873891882305779,0.0015783920388927632,0.00041533349323848943,0.00011112549964034665,3.0147460404659687e-5,5.876344383843356e-6,-5.510570959742336e-6,-1.847508343730088e-5,-4.625604614570422e-5,-0.00012475969072915275,-0.00038370499077880493,-0.0013275434603503824,-0.005012028166894826,-0.02136333039159861,-0.1465279962361039,0.3743027978073074,-2.8785419428096438e-5,-7.1786006411757e-5,-0.0003750489917766652,-0.00246617819247289,-0.0103044401843022,-0.020255708262279314,-0.02200787881349869,-0.011183356230352581,0.00027481016345614755,0.013573652307792733,0.015307383234767396,0.005573767549681879,0.0011011710519877086,0.00015797898218350827,2.968501232091754e-5,9.473590489780794e-6,-0.18828099876011967
19.0,0.020585042832481176,0.005954656356050889,0.0015996872838530297,0.0004209339438608406,0.0001126425706547913,3.05803256317568e-5,5.995021891017695e-6,-5.517189047690425e-6,-1.860105395992357e-5,-4.665358582922339e-5,-0.0001260313090060773,-0.000388152784811406,-0.0013442269084676876,-0.005077086546629937,-0.021627676811103013,-0.1471612475069628,0.37833796383030827,-2.9141581378134356e-5,-7.274878011549347e-5,-0.00038020920537389655,-0.00250083226091552,-0.010455902969729144,-0.020573240032368916,-0.02235830658512173,-0.011353954447720346,0.000269595432317509,0.013767529110173805,0.015533395404181811,0.005642886248239938,0.0011156342721057443,0.0001601070233162076,3.009812844483874e-5,9.616117311073213e-6,-0.19113053151848092
19.5,0.020745399855414907,0.005992703567458783,0.0016091366909061673,0.0004233854774982187,0.00011330860979247309,3.076891423262138e-5,6.036030331181976e-6,-5.551562869634333e-6,-1.8737328117797744e-5,-4.705324138759486e-5,-0.00012729763759587108,-0.0003925797352257812,-0.0013608384168400144,-0.00514187949661762,-0.021890948546256905,-0.14780016896227696,0.38216605287304095,-2.952635828461892e-5,-7.374974648577929e-5,-0.00038544923697353487,-0.0025356701853772303,-0.010607729505556227,-0.02089159438257131,-0.022712307033942183,-0.011537667127534342,0.00021976639947142126,0.013742242334832597,0.0155202456471423,0.005662561903547305,0.001120627376608258,0.00016070436404911053,3.0137677297131174e-5,9.587211843883882e-6,-0.19294655791222148
20.0,0.02090540537301147,0.006030670105510608,0.001618566469843654,0.0004258316539205453,0.00011397325335312465,3.095720458516902e-5,6.077215328722562e-6,-5.585312058310675e-6,-1.887220529180999e-5,-4.744977659329187e-5,-0.0001285562567480381,-0.0003969848516124253,-0.0013773788858396409,-0.005206411698793717,-0.02215315568122979,-0.1484447029782206,0.38599289724113717,-2.9910260141796217e-5,-7.474847880735138e-5,-0.00039067675339851497,-0.002570424915440493,-0.01075919157068535,-0.021209081494195942,-0.02306531491236384,-0.011720915935550932,0.0001700391537113132,0.013717235035046349,0.015507366722083884,0.005682170571157219,0.0011255995924739318,0.00016129763059745741,3.017603315615582e-5,9.557744347436911e-6,-0.19476025630340116
20.5,0.021065070910036024,0.006068554529610718,0.0016279760804421232,0.00042827278825811747,0.00011463641129951823,3.114519950306308e-5,6.118585324629556e-6,-5.618428876145189e-6,-1.900567704097022e-5,-4.7843194259977776e-5,-0.00012980724524515273,-0.0004013684040830215,-0.001393849305876072,-0.0052706899959875375,-0.02241434287448664,-0.14909503395103615,0.3898185430336575,-3.0293264440359305e-5,-7.574498270753648e-5,-0.00039589193472329225,-0.002605098071775408,-0.010910297808690374,-0.02152572585736877,-0.023417348948130075,-0.011903705193557048,0.0001204159122039184,0.013692497126645551,0.015494757188410917,0.005701714051814238,0.0011305509197027661,0.00016188699178105035,3.0213243854189927e-5,9.527743661781812e-6,-0.19657164974155023
21.0,0.02122382166882656,0.006105651308042405,0.0016371359277707932,0.0004306472950471492,0.00011528269852036076,3.132899924887631e-5,6.159147095734259e-6,-5.651177807494413e-6,-1.9137829182011122e-5,-4.823353377893972e-5,-0.00013105070437909613,-0.00040573093286093626,-0.0014102512976194076,-0.0053347179896881935,-0.022674524531983896,-0.14975109273213275,0.3936444884700718,-3.0675613155357786e-5,-7.673959582593866e-5,-0.0004010956813201443,-0.002639693255871084,-0.01106106190522992,-0.02184156492757653,-0.023768508542340326,-0.012086322300383692,6.980282955119257e-5,0.013664555333532235,0.015478832844160835,0.005719990168453344,0.001135293450600431,0.0001624476535982956,3.024479346152879e-5,9.495607405630843e-6,-0.19837002019507646
21.5,0.02137985114244536,0.0061397451648539285,0.0016453244534864167,0.00043276344001113106,0.00011586353993127714,3.149640940557434e-5,6.195817570401822e-6,-5.684351250304196e-6,-1.9268878367012e-5,-4.862091895136588e-5,-0.00013228676920570996,-0.0004100725730020114,-0.0014265861215908362,-0.005398503243022815,-0.02293372946563444,-0.15041290237104066,0.3974745828219411,-3.10580716032276e-5,-7.773331419939001e-5,-0.00040629064928729007,-0.0026742205518970317,-0.011211521315790736,-0.022156699546514322,-0.024119060205188763,-0.012269629452523868,1.4778253343800404e-5,0.013622527396210731,0.015448418988922212,0.005733236085252099,0.0011392356405805605,0.00016290209399609406,3.0256540506087763e-5,9.45633147868505e-6,-0.20012194584503634
22.0,0.021535575209787605,0.006173772754265823,0.0016534974927988658,0.0004348756233370916,0.0001164433459140743,3.166364792880695e-5,6.232711731307096e-6,-5.7168863432374966e-6,-1.9398548856962845e-5,-4.900526536735523e-5,-0.0001335155185075685,-0.0004143937746923856,-0.0014428553084232295,-0.005462051158225068,-0.0231919879279468,-0.15108056659064625,0.40130398568790127,-3.143960154218616e-5,-7.872481540610783e-5,-0.0004114736423031441,-0.002708668795237008,-0.011361638584886072,-0.02247103607546527,-0.024468698530398826,-0.012452498663588232,-4.0127206424932104e-5,0.013580796221591914,0.015418303336981921,0.0057464431059684636,0.0011431630644553378,0.00016335364194795083,3.026745189262661e-5,9.416685555006443e-6,-0.201871820086799
22.5,0.02169099531144894,0.006207736237171553,0.0016616557660059626,0.00043698420517394187,0.00011702218399667307,3.183071481857415e-5,6.269818323796609e-6,-5.748803837061649e-6,-1.952687441582406e-5,-4.9386657436808794e-5,-0.00013473704232189952,-0.0004186950331368115,-0.001459059848526093,-0.0055253660570818855,-0.023449314324877412,-0.15175388946994195,0.40513255877077037,-3.182024236352062e-5,-7.971418385599315e-5,-0.0004166450205166174,-0.0027430414073056687,-0.011511424516983263,-0.022784594682768392,-0.02481744080511825,-0.012634934255363718,-9.491538848401557e-5,0.013539360369080143,0.015388474363574808,0.005759611590751348,0.0011470758122619905,0.0001638022636899055,3.0277527621145333e-5,9.376667524347492e-6,-0.20361980426707657
23.0,0.021846120091003233,0.006241639215060231,0.001669801253926718,0.0004390894106147513,0.00011760041432798449,3.199830786339106e-5,6.308508305346137e-6,-5.777349507047871e-6,-1.9648158782108313e-5,-4.975252933912767e-5,-0.00013592051415284954,-0.0004228885170196118,-0.0014749129733290197,-0.005587353086903737,-0.02370005719971441,-0.152369369552935,0.4088752032046592,-3.2192996486436206e-5,-8.068576432606966e-5,-0.00042172546113005576,-0.0027768482254351013,-0.011659323268786659,-0.02309610476306558,-0.025164347760987065,-0.012815348691450505,-0.0001486587785522023,0.013498575665799513,0.015359064603500136,0.005772790159703741,0.001150987209510227,0.00016425156071106834,3.028830957916928e-5,9.337679294481017e-6,-0.20536227960961104
23.5,0.022000965395002566,0.0062754831285275,0.0016779335964122208,0.0004411920950131834,0.00011817952252226654,3.2169367341476624e-5,6.354680521205473e-6,-5.790628239602481e-6,-1.973775145105365e-5,-5.0048436688152326e-5,-0.0001369317447670997,-0.00042659287366262017,-0.0014891611845471709,-0.00564322983030106,-0.023919550673839187,-0.152650055208235,0.41216082155164274,-3.252771269428766e-5,-8.157207391413317e-5,-0.00042637120200788144,-0.002807971934177364,-0.011798574124938411,-0.02340003154789213,-0.02550536268067144,-0.01298683143454376,-0.00019733497473408448,0.013459995073854383,0.015330620042507022,0.005786184457853841,0.001154955600323634,0.0001647163891540193,3.0306339534027698e-5,9.305696382983574e-6,-0.20708460966265813
24.0,0.02215552402046872,0.006309270138466826,0.0016860533336858375,0.00044329144803418853,0.0001187576965803106,3.234026925441362e-5,6.401044066173792e-6,-5.8033467014390535e-6,-1.9826149719899516e-5,-5.034182299479977e-5,-0.00013793714547085257,-0.0004302821490699791,-0.0015033638369280767,-0.005698952069815552,-0.024138519771149513,-0.15293875057531628,0.41545031221971773,-3.286177331857451e-5,-8.245697104318625e-5,-0.00043100955983303105,-0.002839047022816638,-0.01193761681501959,-0.023703429634117288,-0.025845752381846263,-0.013158040464464631,-0.0002459480998379226,0.013421688195081636,0.015302453516473222,0.005799540220070462,0.001158909405106144,0.00016517837016964248,3.0323531017202626e-5,9.273331516684002e-6,-0.2088059485859021
24.5,0.022309813254549424,0.006343000965176032,0.0016941606458220238,0.0004453875597149944,0.00011933501528469097,3.25110079748753e-5,6.447601050498622e-6,-5.8155122784239285e-6,-1.991336765696275e-5,-5.0632693886396745e-5,-0.0001389368063013359,-0.00043395647829753037,-0.0015175220109184702,-0.005754523406936322,-0.02435698321938875,-0.15323535193129248,0.41874395180324775,-3.319517554563338e-5,-8.334047822253582e-5,-0.0004356406246427323,-0.002870075652246389,-0.012076456381114948,-0.024006310546506208,-0.026185528389276694,-0.013328982984191341,-0.0002944999996268857,0.013383644945311763,0.01527456934718567,0.005812862488438356,0.0011628494341928072,0.0001656376163044725,3.0339909351664368e-5,9.240595246819931e-6,-0.2105262963793429
25.0,0.022463835978435966,0.006376679210144227,0.001702256793341968,0.00044748074518589817,0.00011991150114471459,3.2681611639495346e-5,6.494345846853228e-6,-5.82712286030958e-6,-1.9999395414421566e-5,-5.0921066244923456e-5,-0.0001399307722771636,-0.00043761635655002653,-0.0015316371471139959,-0.005809951404790504,-0.024574971271065428,-0.15353997452381515,0.42204155590599035,-3.352790249348407e-5,-8.422260670683535e-5,-0.0004402644864742129,-0.0029010576423921615,-0.01221510146679835,-0.024308697334589194,-0.026524716633684324,-0.013499667637297754,-0.0003429891884867158,0.013345884052288136,0.015246964653453078,0.005826150902808613,0.001166775597546396,0.000166094093794549,3.0355477351076293e-5,9.207481946064627e-6,-0.21224569914204117
25.5,0.02261759795451092,0.006410307034264879,0.001710341236022304,0.000449570914409672,0.00012048715416038144,3.2852063366293546e-5,6.541278455237608e-6,-5.838191460289083e-6,-2.0084278010889842e-5,-5.120700197097398e-5,-0.00014091930225536541,-0.00044126196390192315,-0.0015457101458869313,-0.00586523786412265,-0.0247924954509447,-0.15385239938234635,0.42534335502324866,-3.3859985112423624e-5,-8.510340151469873e-5,-0.000444881505476384,-0.0029319955142963327,-0.01235354991117633,-0.02461060008253576,-0.026863340164599462,-0.013670098745570802,-0.00039141717454097783,0.013308388228863028,0.0152196379946798,0.005839405463181234,0.0011706879852041378,0.00016654788142244622,3.037024908375524e-5,9.174002869071556e-6,-0.21396413382446658
26.0,0.02277111214813509,0.00644388587813363,0.0017184155945331309,0.0004516584275352271,0.00012106206436891931,3.302238003725011e-5,6.588398875651763e-6,-5.848720892025805e-6,-2.0168001378050744e-5,-5.1490517946528525e-5,-0.00014190231745336713,-0.000444893750539359,-0.001559742807981831,-0.005920389987910982,-0.025009581689748157,-0.15417270718024217,0.42864939525408324,-3.419140652047183e-5,-8.59828682734527e-5,-0.0004494917266678594,-0.002962889267958903,-0.01249181684050315,-0.024912036077493628,-0.027201401863213393,-0.013840282071393062,-0.00043978359764076073,0.013271164678014657,0.015192586489674548,0.005852628690598594,0.001174587227426627,0.0001669990129521246,3.0384247059008145e-5,9.140165753414983e-6,-0.21568164652567975
26.5,0.02292437567811718,0.0064774179026439475,0.0017264798688744491,0.00045374328456256323,0.00012163619800636776,3.3192567279691785e-5,6.635706404679851e-6,-5.858713969183112e-6,-2.0250586618379524e-5,-5.1771631053567294e-5,-0.00014287997543631725,-0.00044851203159263127,-0.0015737353134731512,-0.005975411377644611,-0.02522624151224096,-0.15450081724414652,0.4319595383013123,-3.452217797228217e-5,-8.686101261042396e-5,-0.0004540953301230946,-0.0029937407041244275,-0.012629900814183168,-0.02521302260661053,-0.027538939185012865,-0.014010233461316619,-0.0004880887504070547,0.01323421195914738,0.015165815900819899,0.005865821305358518,0.0011784734142510913,0.0001674475784208119,3.0397468463171647e-5,9.10597622642164e-6,-0.2173982141961504
27.0,0.023076658162465628,0.0065100329880267835,0.001734257284608132,0.00045575269039303877,0.0001221913337887594,3.335807539995343e-5,6.682066432568962e-6,-5.868458740548245e-6,-2.0332118141777205e-5,-5.2050431329318045e-5,-0.00014385236624144356,-0.00045211698713619545,-0.0015876900033288132,-0.0060303077957061125,-0.025442506611527273,-0.15483667195023368,0.43527576642454213,-3.4852499237953716e-5,-8.773812714660275e-5,-0.0004586931261771395,-0.0030245536043564717,-0.012767820559959757,-0.02551360576894708,-0.0278760443281191,-0.014180255440426738,-0.0005375158120498197,0.0131944313510307,0.015136178526633456,0.0058776946946573405,0.0011821327972988348,0.00016786576757978457,3.0405180714461737e-5,9.069901544972129e-6,-0.2191040177359682
27.5,0.02322611563875596,0.006539564478433384,0.0017410630185798576,0.00045750616540361387,0.00012268221675449268,3.3507638489911925e-5,6.724694839417034e-6,-5.8786427951066155e-6,-2.0412766174877517e-5,-5.232693002843425e-5,-0.00014481960241528077,-0.0004557091123748042,-0.001601607597846639,-0.0060850839240313296,-0.02565840868071127,-0.1551803634966248,0.4386030583223187,-3.518291335451639e-5,-8.861494343446461e-5,-0.00046328700561177694,-0.0030553348114843457,-0.012905603449150154,-0.025813863356668063,-0.028212982362130618,-0.014351140336327683,-0.0005909903622105763,0.013144177612581283,0.01509587498229796,0.005885048575271653,0.0011850334366282668,0.00016818463442188735,3.0395569240398636e-5,9.028149594263008e-6,-0.22077464769253918
28.0,0.023375336857360655,0.006569059233651061,0.0017478613694989068,0.00045925779465102,0.00012317257075151287,3.3657167815910006e-5,6.7675328641859786e-6,-5.888300342907358e-6,-2.0492312658769486e-5,-5.260116654220304e-5,-0.0001457818190136705,-0.000459288587382913,-0.0016154893575478176,-0.006139743003960463,-0.025873941957410367,-0.1555316383384866,0.44193463743273226,-3.5512660632860985e-5,-8.949049920113785e-5,-0.00046787485255215465,-0.0030860767623809167,-0.01304321778865019,-0.026113729102373844,-0.028549430593623134,-0.014521800499308145,-0.0006443959438548708,0.013094187503134735,0.015055849472921781,0.005892387329631702,0.0011879248921604676,0.00016850161048220723,3.038539784732542e-5,8.986156371920131e-6,-0.22244444786601916
28.5,0.02352434054602309,0.006598519414573277,0.001754653057663102,0.00046100784824694034,0.0001236625083263547,3.3806649309630844e-5,6.81058191370748e-6,-5.897427163455422e-6,-2.057075759345311e-5,-5.287311273399076e-5,-0.00014673900478195929,-0.0004628559073652746,-0.0016293363628790817,-0.006194294039216287,-0.02608914389711132,-0.15589058867394023,0.4452705959539039,-3.58417326319974e-5,-9.036475505533536e-5,-0.0004724564869238171,-0.0031167798171950973,-0.013180673662629372,-0.026413200124873134,-0.028885420715700823,-0.014692253216515854,-0.0006977340425969611,0.013044469666264928,0.015016100557909272,0.005899713478779865,0.0011908070738582092,0.0001688167407793581,3.0374689044549026e-5,8.943926098438548e-6,-0.22411351045452937
29.0,0.023673120942360685,0.006627945021200036,0.001761438983444721,0.000462757046489197,0.0001241534588200088,3.395906826790726e-5,6.8598864403105935e-6,-5.893610077389598e-6,-2.062156531971027e-5,-5.308116625803115e-5,-0.0001475288788717679,-0.000465917083071798,-0.0016414364659173971,-0.006241968391164913,-0.026269062768296533,-0.15595027543266735,0.44819820899617635,-3.613442115012973e-5,-9.115055496058795e-5,-0.000476564750570545,-0.003144519926918237,-0.013308754140156634,-0.026706248971990948,-0.029217645120764787,-0.014853218170811403,-0.0007454871321012607,0.012997102881486321,0.014977344213295558,0.0059072895712722825,0.0011937523716526088,0.00016914771762859424,3.0370907480983214e-5,8.908216489810958e-6,-0.22577777874073593
29.5,0.023821689571138595,0.006657338934722624,0.0017682189667693078,0.0004645045790427401,0.00012464399289148452,3.411147878519358e-5,6.9094498239435094e-6,-5.889176799046309e-6,-2.067108579497683e-5,-5.3286524292565544e-5,-0.00014831275423127718,-0.00046896317754267205,-0.0016534922706396558,-0.006289497963251304,-0.026448471668623727,-0.1560142378792662,0.45112711281214596,-3.6426206482321116e-5,-9.193457663059235e-5,-0.00048066405551311115,-0.0031722045737090786,-0.013436634374889362,-0.02699897224449319,-0.029549506495726432,-0.01501395551099518,-0.0007931399201338385,0.012950008369284454,0.014938852938280366,0.005914856660041924,0.0011966897461709659,0.00016947707380773078,3.036666166296178e-5,8.872338061381322e-6,-0.22744186263070007
30.0,0.023970055075930686,0.006686701155141041,0.001774993547860229,0.000466250716019253,0.0001251340992861284,3.426384428386602e-5,6.95920031619036e-6,-5.884266253054322e-6,-2.0719631335886584e-5,-5.3489946526703156e-5,-0.0001490926116794978,-0.000472000403346612,-0.001665525926203886,-0.006336966310022821,-0.026627802776786134,-0.15608608326522966,0.45406228610035876,-3.671747972777963e-5,-9.271780484752713e-5,-0.0004847598940224086,-0.0031998679717141695,-0.013564435376861665,-0.027291467902883663,-0.029881085513941832,-0.015174576162931783,-0.0008407595294479877,0.01290317028310724,0.014900635376437554,0.005922411863897502,0.0011996178468548638,0.00016980456171439133,3.036185592593023e-5,8.836204996416936e-6,-0.22910590042160356
30.5,0.02411821601614131,0.006716033843348753,0.001781762366568574,0.0004679956374931912,0.0001256238230225543,3.441615632293448e-5,7.009128772645199e-6,-5.878896728225525e-6,-2.07672300790732e-5,-5.3691489233711334e-5,-0.00014986856376296445,-0.0004750288955394595,-0.0016775379728334548,-0.006384377753266395,-0.02680705897397505,-0.15616560414478498,0.4570034983655117,-3.700827465046569e-5,-9.350029025733291e-5,-0.0004888525362101206,-0.0032275119216780648,-0.01369215714607354,-0.027583744590736228,-0.03021238505660227,-0.015335097413768942,-0.0008883503268492546,0.012856572776402592,0.014862671359428106,0.005929955182839016,0.0012025373039648971,0.00017013023762184326,3.0356509965532136e-5,8.799827142739584e-6,-0.23076982296485554
31.0,0.02426617959474869,0.006745339880537051,0.0017885266834155311,0.00046973920840871297,0.0001261131641007622,3.456844022536926e-5,7.05924011721892e-6,-5.87306154210942e-6,-2.0813883431368365e-5,-5.389114115893661e-5,-0.0001506406892642514,-0.0004780487891770562,-0.0016895296710495503,-0.006431735894471137,-0.026986269072103355,-0.15625286966652308,0.4599511644991503,-3.729857999572581e-5,-9.428203848733642e-5,-0.0004929419370576334,-0.0032551375040474977,-0.01381980688550321,-0.027875810951624752,-0.030543425292046768,-0.015495517822911012,-0.0009359068200667459,0.012810224492744377,0.014824972412017176,0.005937488777759932,0.0012054487477616601,0.00017045420282196783,3.0350637850084334e-5,8.763212941339368e-6,-0.23243372245857724
31.5,0.024413955895922334,0.0067746185464081085,0.0017952866784755558,0.0004714815638216601,0.00012660213377540565,3.472068192285353e-5,7.109534349911523e-6,-5.8667719493594775e-6,-2.0859604054257228e-5,-5.4088936066339385e-5,-0.00015140905571127948,-0.0004810607145199963,-0.0017015021012989056,-0.0064790457757218,-0.02716544747712749,-0.1563477991570879,0.4629049618078503,-3.7588392949896634e-5,-9.506306079219115e-5,-0.0004970283216580164,-0.0032827443586735568,-0.013947388916937606,-0.02816770732222727,-0.03087423215099692,-0.015655844593336216,-0.0009834361220414545,0.012764115347963085,0.014787519806461391,0.005945011928362429,0.0012083517280590138,0.0001707764122961511,3.034424520691356e-5,8.726369426374709e-6,-0.23409748365511707
32.0,0.024561544919662247,0.006803873442451039,0.001802042351748648,0.0004732229288251018,0.00012709074330113807,3.487287860172393e-5,7.159995292158645e-6,-5.860042018292533e-6,-2.0904422898036836e-5,-5.4284947111167214e-5,-0.00015217377565058336,-0.0004840647165868938,-0.0017134554436559763,-0.006526305956422743,-0.027344591307856166,-0.1564501275468809,0.465864844192551,-3.787773883594847e-5,-9.584341344516443e-5,-0.0005011119601229527,-0.0033103350065986194,-0.01407491044335495,-0.028459413534204767,-0.031204805633452723,-0.015816083487427128,-0.001030935801768231,0.012718246782654362,0.014750332270504124,0.005952527155688882,0.0012112468751175527,0.00017109695608162089,3.033734329067328e-5,8.689288156855503e-6,-0.2357612218021266
32.5,0.024708949547159707,0.006833103128070198,0.001808794063383719,0.0004749631233445827,0.00012757902644191984,3.502504995762401e-5,7.210635605445441e-6,-5.85286823182938e-6,-2.0948332928548767e-5,-5.447916866609337e-5,-0.00015293492786473738,-0.00048706115552665964,-0.0017253920390886842,-0.006573528681636937,-0.0275237207326284,-0.15655990093496272,0.46883090385137366,-3.816660358556448e-5,-9.662309081892952e-5,-0.0005051928974710562,-0.003337909447822686,-0.01420237146475524,-0.028750967043043984,-0.03153517743251835,-0.01597624314875761,-0.0010784086504011356,0.012672608712648697,0.014713388195210713,0.005960033019143649,0.0012141340989000487,0.00017141582292372367,3.032994616968034e-5,8.651989531841164e-6,-0.23742491385007553
33.0,0.024855388975575612,0.006861482141961504,0.001815288268547404,0.00047663628514799827,0.0001280505851676457,3.5173138687977976e-5,7.260471211009156e-6,-5.845474627915646e-6,-2.0991383384901953e-5,-5.467162324042479e-5,-0.00015369257988166233,-0.0004900503914882049,-0.001737312787969307,-0.006620713951364384,-0.027702890494078668,-0.15667721151945455,0.4718053535392277,-3.845511099993282e-5,-9.740226173328849e-5,-0.000509271538869852,-0.0033654716439837774,-0.014329789268286207,-0.029042402423040386,-0.03186544838988889,-0.016136598731095696,-0.0011268244589203434,0.01262511227426212,0.014674575667366881,0.005966472481672857,0.001216825671786628,0.00017170883782680662,3.0318095019576775e-5,8.613302363955002e-6,-0.2390813913950387
33.5,0.024998394023975936,0.006886445503580607,0.0018207382219435585,0.000478037714598042,0.00012845448091671185,3.5304638059117646e-5,7.306477420729813e-6,-5.838586428284285e-6,-2.103375574838359e-5,-5.4862395244062486e-5,-0.0001544468442478929,-0.0004930326045459851,-0.0017492178703722998,-0.0066678675279876615,-0.027882077542676666,-0.15680178270599274,0.47479418613399266,-3.874374221548933e-5,-9.818155644883562e-5,-0.0005133500902314201,-0.0033930277176133818,-0.014457191225265087,-0.02933381187231519,-0.03219587205039771,-0.016297987220510617,-0.0011791959630038443,0.012569240212800639,0.014627341417387533,0.005968572509973071,0.0012187422942538995,0.00017190079719638535,3.0289612305308396e-5,8.569651893888716e-6,-0.24070889568040738
34.0,0.025141229082090256,0.006911390857754157,0.001826186374595158,0.00047943878389917474,0.00012885821910062946,3.543616275322761e-5,7.352671442480246e-6,-5.831264924494342e-6,-2.1075260096716375e-5,-5.505148467700647e-5,-0.0001551977997460034,-0.0004960081098302973,-0.0017611089069677623,-0.00671499013180459,-0.02806130780914399,-0.15693360296981212,0.4777891038047583,-3.9031895108273384e-5,-9.896018713982804e-5,-0.0005174262105878386,-0.0034205722664778326,-0.014584548523779002,-0.029625108955129757,-0.03252614588895953,-0.016459312323717192,-0.0012315342433503026,0.012513597206046573,0.014580349187476397,0.005970673618720017,0.001220653784599189,0.00017209160859131022,3.0260758187475522e-5,8.525845265505537e-6,-0.24233639996577605
34.5,0.025283891268727283,0.0069363210856734445,0.0018316334468000245,0.00048083994323753517,0.00012926277887425033,3.5569648570704674e-5,7.403042347499611e-6,-5.81508776696337e-6,-2.1097084276625756e-5,-5.51923310378527e-5,-0.00015581349681871535,-0.0004985485102114721,-0.0017714296943111363,-0.00675579572372206,-0.028208640406859244,-0.15685098192843067,0.4804893562800935,-3.929140772164048e-5,-9.96629839757418e-5,-0.0005210773102106285,-0.0034454092158291635,-0.01470330546629753,-0.029911496487989166,-0.032854497972932106,-0.016611988090676485,-0.0012787584991973693,0.012460064671911141,0.01453422707733431,0.005973003422025468,0.0012226192972811327,0.0001722952052725766,3.0237159992812983e-5,8.48687462103511e-6,-0.2439727091717216
35.0,0.025426392108652166,0.006961237627934113,0.0018370794385581578,0.00048224083246421235,0.00012966732739321774,3.570334259927093e-5,7.453978095439986e-6,-5.797690886362622e-6,-2.1116274867623233e-5,-5.532715615909265e-5,-0.00015641350490449058,-0.0005010419561783713,-0.0017815896751657353,-0.006795980418916915,-0.028353028427077924,-0.15675335564282006,0.4831667436213652,-3.954778591401627e-5,-0.00010035799259145455,-0.0005246859122619168,-0.0034699782143906882,-0.01482121966036425,-0.030197379812373134,-0.0331825993932626,-0.016763803822036235,-0.0013254697229206742,0.01240693838574735,0.014488407492277486,0.005975356635010134,0.0012245852601492154,0.00017249890324572421,3.021373061795249e-5,8.448234582010353e-6,-0.24561035525042485
35.5,0.0255687344830562,0.006986140484536162,0.0018425241697951026,0.0004836414515792063,0.00013007171834703658,3.5837047882490645e-5,7.505074222192303e-6,-5.7799029065538025e-6,-2.113469170119467e-5,-5.5460495666074605e-5,-0.00015701083438274003,-0.0005035308552652687,-0.0017917437135633026,-0.006836168715600881,-0.028497606605921627,-0.15666239067146787,0.485850769227365,-3.980379270282757e-5,-0.0001010526973315236,-0.0005282939740898386,-0.0034945446919098363,-0.014939133854430967,-0.030483231443652933,-0.03351065471453249,-0.01691562387518292,-0.001372171042548926,0.012354020985951958,0.014442815521332433,0.0059777138096328225,0.001226546361006999,0.0001727014644988714,3.0189946721507702e-5,8.409429240262761e-6,-0.24724850841879484
36.0,0.02571092991670453,0.007011031816373059,0.0018479689010320473,0.0004850419806569725,0.00013047603051828113,3.597077286135394e-5,7.556337761914982e-6,-5.761731213403252e-6,-2.1152348845656904e-5,-5.559243959602633e-5,-0.00015760565407326574,-0.00050601538754662,-0.0018018921696527487,-0.006876360613773957,-0.028642386468155506,-0.15657801786578313,0.4885414330980929,-4.00594337154011e-5,-0.00010174706443198858,-0.0005319013156199384,-0.0035191086483866065,-0.015057056692071552,-0.030769083074932733,-0.03383867834269821,-0.017067442487733963,-0.0014188623680448963,0.012301318234907536,0.014397455486286083,0.005980072785000066,0.0012285022397055727,0.0001729028777773647,3.0165794235161783e-5,8.3704614094557e-6,-0.24888712257777096
36.5,0.025852966884832008,0.00703591090314698,0.0018534123717478036,0.00048644223962305535,0.00013088023014299098,3.610451190853407e-5,7.607756756538711e-6,-5.74318706156444e-6,-2.116926318299014e-5,-5.57229879489478e-5,-0.00015819791895745384,-0.0005084959581899499,-0.001812035763731896,-0.006916561155520897,-0.028787385300927292,-0.1565001219781144,0.4912387352335489,-4.0314720206390335e-5,-0.00010244112765680988,-0.0005355079818708299,-0.003543671884565555,-0.015174989613881645,-0.03105494911216897,-0.03416667604014233,-0.017219275506241444,-0.0014655430691479917,0.012248827251422801,0.014352323065351504,0.005982435722005331,0.0012304536165427585,0.0001731031993544714,3.014129566822167e-5,8.3313416408268e-6,-0.2505262207768835
37.0,0.025994865555777652,0.007060782066644859,0.0018588560225380152,0.0004878424535705244,0.00013128438474908696,3.6238265024031035e-5,7.659336129974383e-6,-5.724259196383896e-6,-2.1185423458540908e-5,-5.585212384285883e-5,-0.00015878784287372025,-0.0005109727022511001,-0.0018221759363963885,-0.006956776823522101,-0.028932631916149865,-0.15642873758275702,0.49394276783185426,-4.056962685282497e-5,-0.00010313488700598748,-0.0005391142879728104,-0.0035682347605955926,-0.01529294126343511,-0.03134084972370067,-0.034494691024734174,-0.017371128693087944,-0.0015122155768633608,0.012196542273115176,0.01430741249614612,0.00598480334094644,0.0012323998612579622,0.0001733024179755381,3.0116456648014105e-5,8.292075561702792e-6,-0.25216580301613245
37.5,0.026136620167158883,0.007085641705377585,0.0018642993131793158,0.0004892426675179934,0.00013168841555399478,3.637204346249831e-5,7.711070958311104e-6,-5.704968016921034e-6,-2.1200866249932984e-5,-5.597993731498718e-5,-0.0001593754145674115,-0.000513445889841754,-0.0018323134079440482,-0.006997006897479746,-0.02907810614548421,-0.1563636687587035,0.4966533464967664,-4.082418460500204e-5,-0.00010382837624348183,-0.0005427202339258799,-0.003592799077221274,-0.01541091164073195,-0.03162677626595396,-0.034822723296473755,-0.017523003488869104,-0.0015588840329034811,0.01214446041879337,0.014262723778669929,0.005987176001972302,0.0012343418742234613,0.00017350060116848556,3.0091279988202443e-5,8.252656137925261e-6,-0.25380580014692694
38.0,0.026278239362549565,0.007110495581727733,0.0018697433241184384,0.0004906427914282346,0.00013209236757632828,3.6505830341955685e-5,7.76295561422214e-6,-5.685317391962984e-6,-2.1215592963998052e-5,-5.610645087463978e-5,-0.00015996072407575533,-0.0005159155659805252,-0.0018424483584493308,-0.007037252817989476,-0.029223828157269344,-0.15630480025830226,0.49937042512922486,-4.1078387835594825e-5,-0.00010452159536929289,-0.0005463259097672661,-0.0036173633938469557,-0.015528906508154739,-0.03191276043203302,-0.03515078149893493,-0.017674905655967504,-0.0016055451058909253,0.012092578807266097,0.014218255472327287,0.005989550823891631,0.0012362791152158892,0.00017369768140539302,3.0065779757103532e-5,8.213092513900148e-6,-0.25544635046644876
38.5,0.02641972890433228,0.007135343695695307,0.0018751875151320166,0.0004920430053757036,0.0001324962858347014,3.663963691705663e-5,7.814990097707492e-6,-5.665314707376085e-6,-2.1229628923706418e-5,-5.623168703112357e-5,-0.0001605438614359795,-0.0005183823609280082,-0.001852582408582336,-0.007077522508327334,-0.029369809476270416,-0.15625207445772754,0.5020940037292296,-4.1332253426583514e-5,-0.0001052145781473811,-0.000549931720664494,-0.0036419309518128363,-0.015646931628086055,-0.03219880798432042,-0.03547890020641315,-0.017826842397361365,-0.0016522014969425258,0.012040899599426823,0.014174003255331264,0.00599193248864027,0.0012382121244586127,0.0001738937824874486,3.0039953141053996e-5,8.173383986211615e-6,-0.257087315677516
39.0,0.026560575940457715,0.007159720734887253,0.0018804952097083146,0.0004934081048043473,0.00013289140295406123,3.6771296667008245e-5,7.866649660549134e-6,-5.645085171180189e-6,-2.124300367252344e-5,-5.635567392107223e-5,-0.00016112490543065836,-0.0005208461396283613,-0.0018627153782686079,-0.0071178152481954984,-0.029516047221296145,-0.1562053530597975,0.5048252347732959,-4.1585834837572095e-5,-0.00010590742586962766,-0.0005535375315617218,-0.0036665013909700055,-0.01576499132231283,-0.032484941972346464,-0.03580711975558647,-0.017978959213210736,-0.001699325361280643,0.011988573564143339,0.014129122938634405,0.00599380778402,0.0012400436617456534,0.0001740762316748455,3.0011796811736243e-5,8.13296922901786e-6,-0.2587257223907194
39.5,0.026696715110018174,0.0071799999997695044,0.0018845946046881085,0.0004944619905552475,0.00013320947071576768,3.6884127381705086e-5,7.913922018785132e-6,-5.625556940578622e-6,-2.1255908539558106e-5,-5.64784509357729e-5,-0.00016170392358771265,-0.0005233074873235651,-0.0018728492483271572,-0.007158136799976545,-0.02966258172902456,-0.1561647167378682,0.5075737529650916,-4.1839630086976596e-5,-0.00010660072377801302,-0.0005571457284454852,-0.0036910851556368825,-0.015883124486917456,-0.032771292049719125,-0.03613579165179204,-0.018132336550248714,-0.0017505828347451017,0.011929009256045984,0.01407703388133438,0.005991206428435634,0.0012410197553317712,0.00017414661827764482,2.9965807483995788e-5,8.087585542317243e-6,-0.26033785263937403
40.0,0.026832724625970663,0.007200280705247401,0.001888696340635824,0.0004955169567528808,0.00013352825877529617,3.69984718472936e-5,7.964416021576821e-6,-5.5989829451971185e-6,-2.125231127094286e-5,-5.655786377065492e-5,-0.00016215218518075627,-0.000525323375834439,-0.001881317069523284,-0.007191662341806464,-0.029775775091165503,-0.15594368326699987,0.510071400069038,-4.206652952825195e-5,-0.0001072165221426062,-0.0005603022085575899,-0.0037127401893592674,-0.01599173819550575,-0.033052657666163145,-0.036463221754552376,-0.01827605181230159,-0.0017962716857472215,0.011871646178092842,0.014025806300229536,0.005988844932026013,0.0012420518520735542,0.00017422944127252815,2.992462107962352e-5,8.046499022994517e-6,-0.26197093491107676
40.5,0.026968618894271622,0.007220557809236187,0.0018928007777003722,0.0004965723281180391,0.00013384720439997325,3.7112914791099974e-5,8.015164660903262e-6,-5.571846568850052e-6,-2.124752522955488e-5,-5.66346711532587e-5,-0.00016259412165854992,-0.0005273219321789698,-0.0018897288875637458,-0.0072249847596505615,-0.029888104095919975,-0.15572116310142678,0.5125660507340446,-4.22921853303189e-5,-0.00010782943931591115,-0.0005634433373223618,-0.0037342954618332968,-0.016100063784965216,-0.03333396565878139,-0.03679073541186007,-0.018419497682969015,-0.0018417604740292644,0.011814534484079597,0.01397481209561904,0.005986504684402143,0.001243083588666426,0.00017431208419295597,2.9883395283964105e-5,8.005470183770823e-6,-0.26360560760037055
41.0,0.027104386390155895,0.007240837074118439,0.0018969073756583868,0.0004976283297437916,0.00013416620629791768,3.72274140081737e-5,8.066056797061443e-6,-5.544390841710783e-6,-2.1242124402721124e-5,-5.67103980891294e-5,-0.00016303449373951132,-0.0005293193180395397,-0.001898146828135695,-0.00725835615774656,-0.030000816299115784,-0.15550395585258922,0.515067247465658,-4.251756257971248e-5,-0.00010844233397990915,-0.000566585501515253,-0.0037558615387746574,-0.016208452760633024,-0.03361543787930307,-0.037118398891114755,-0.018563022786396866,-0.0018872535840982396,0.011757606466010978,0.013924008049633568,0.0059841745209477815,0.001244113074328604,0.00017439404057952213,2.9841935954245196e-5,7.964344976576794e-6,-0.26524111007275536
41.5,0.02724004440077122,0.007261117059298512,0.0019010159544354118,0.0004986849616301384,0.00013448530948774332,3.7341961057524666e-5,8.117088209556308e-6,-5.516626666724862e-6,-2.123613129974852e-5,-5.6785106478861094e-5,-0.00016347336895156122,-0.0005313155334161488,-0.0019065699908668542,-0.007291774375200992,-0.03011389153241391,-0.15529184254994927,0.5175746675704541,-4.2742658462769314e-5,-0.00010905514986133288,-0.0005697284310245802,-0.003777437339736616,-0.01631691088489175,-0.033897065684154314,-0.03744622371708158,-0.018706637206754657,-0.001932752276475336,0.011700854920908764,0.013873404246442627,0.005981858763449862,0.0012451400389484049,0.00017447529917757318,2.9800251531456893e-5,7.923120587749064e-6,-0.2668774653777615
42.0,0.02737558716373501,0.007281397044478587,0.0019051275944781808,0.0004997420887212379,0.00013480453647875715,3.745655875281625e-5,8.168251864229444e-6,-5.488558616095259e-6,-2.1229558582122234e-5,-5.685881883176072e-5,-0.0001639107810586601,-0.000533310938457708,-0.0019149998163528674,-0.007325244454098612,-0.03022733555819693,-0.1550846964210902,0.5200884493456146,-4.2967487047806244e-5,-0.00010966793197879619,-0.0005728728011295515,-0.003799023224868083,-0.016425441038932686,-0.03417888941001316,-0.03777423293929086,-0.018850339503446733,-0.001978257271458375,0.011644274086390377,0.013822990601876712,0.005979554530717095,0.0012461645725630561,0.00017455587124176256,2.9758342015599197e-5,7.88179631387179e-6,-0.2685146965649193
42.5,0.027511034847386293,0.007301683512339059,0.0019092426559356045,0.0005008001161846149,0.00013512383099769176,3.757120428038508e-5,8.219547761080848e-6,-5.460195834227919e-6,-2.1222414690832357e-5,-5.6931546402481746e-5,-0.00016434685386199606,-0.0005353056232014451,-0.001923436844817101,-0.007358767114737243,-0.030341162782421285,-0.15488249441648178,0.5226083622958365,-4.319205958947674e-5,-0.00011028073660556644,-0.0005760182066626419,-0.003820619914466881,-0.01653403890096889,-0.034460883126158005,-0.03810242943893387,-0.018994141201238258,-0.0020237673085261687,0.011587873326327505,0.013772772878318395,0.005977263623494036,0.0012471869452842412,0.000174635869318625,2.9716204593008738e-5,7.840369341281606e-6,-0.2701527114361074
43.0,0.027646375926959912,0.007321974301986464,0.0019133605985843162,0.0005018588189272001,0.00013544319304454724,3.7685776652706356e-5,8.27072126357577e-6,-5.4321172323606885e-6,-2.121613037370123e-5,-5.700728459300592e-5,-0.0001647942826106829,-0.0005373450564473778,-0.0019320555684069491,-0.007393065536130231,-0.030458882496076048,-0.15470233928761093,0.5251587006260621,-4.3417805428771456e-5,-0.00011089663626204085,-0.0005791809443620756,-0.003842318166058589,-0.01664311648135459,-0.03474447302227654,-0.038432521762444535,-0.01913865311268233,-0.0020694201446371857,0.011531617346126868,0.013722735229215592,0.0059749820801426635,0.0012482056264790883,0.00017471460687429883,2.967352413338837e-5,7.798493589384318e-6,-0.2717886288000378
43.5,0.02778161904602973,0.007342267972825157,0.0019174814224243164,0.0005029182869862213,0.0001357626563832839,3.7800396857304876e-5,8.322012939932123e-6,-5.403767111978502e-6,-2.1209352258649116e-5,-5.708230811303476e-5,-0.0001652413737197657,-0.0005393876860148957,-0.0019406973415271034,-0.007427482806663859,-0.030577267764918394,-0.15452750860024075,0.5277159077163189,-4.364334024331361e-5,-0.00011151273850227771,-0.0005823458429549756,-0.003864034064946938,-0.01675230066581795,-0.03502840289896709,-0.03876299440320525,-0.01928332348964726,-0.002115091348342665,0.011475524873531838,0.013672886298142171,0.005972713502152088,0.0012492221467804692,0.00017479279295195266,2.963061576703524e-5,7.75651513877412e-6,-0.2734248458078621
44.0,0.027916778610552185,0.0073625710075355365,0.0019216063879767935,0.0005039786103989062,0.0001360822660325157,3.791506770784401e-5,8.37344600287269e-6,-5.375097640804113e-6,-2.120196076498291e-5,-5.715625681365725e-5,-0.00016568681039478842,-0.0005414288749867696,-0.0019493432563597343,-0.007461940413875523,-0.03069592674693312,-0.15435598552046945,0.530277355920152,-4.386855148656851e-5,-0.00011212867192271253,-0.0005855118670132225,-0.0038857596878558846,-0.016861551117680944,-0.03531254310262167,-0.03909368889569516,-0.019428084624137764,-0.002160762191899233,0.011419606713009746,0.013623226085098129,0.005970458609820132,0.001250236866337295,0.0001748703375143587,2.958752169889986e-5,7.71445298167874e-6,-0.27506180040065614
44.5,0.02805184597695342,0.007382875482841561,0.0019257349550183807,0.0005050396541094132,0.00013640199948293565,3.8029797645313865e-5,8.425016935318258e-6,-5.346116204703863e-6,-2.1193953079039235e-5,-5.722914194952685e-5,-0.000166130637654365,-0.0005434687134002271,-0.001957994393351575,-0.007496441238956509,-0.03081487961045925,-0.1541876663254107,0.5328432757328644,-4.409343353120942e-5,-0.00011274450405126612,-0.0005886783412576081,-0.003907493954338696,-0.01697087359932614,-0.03559688787085772,-0.03942461100229684,-0.01957294371913207,-0.0022064398782851114,0.011363854941284548,0.013573747387105244,0.005968216682848974,0.0012512498751867933,0.00017494738687201208,2.9544244742645597e-5,7.672323296662543e-6,-0.27669940038029883
45.0,0.028186832669998583,0.007403190042317094,0.0019298662231768005,0.000506101463136356,0.0001367219242624646,3.814474986218974e-5,8.477124574051163e-6,-5.315903439172445e-6,-2.1183026217351868e-5,-5.729427825648259e-5,-0.00016655104398007118,-0.0005454286437740498,-0.0019663466067472613,-0.007529733404292081,-0.030928170933103995,-0.1539961362533339,0.5353758659247545,-4.431359143505644e-5,-0.00011334648170139855,-0.0005917631967550318,-0.003928691238795162,-0.017078421267137787,-0.03588045183625466,-0.03975554175247238,-0.019715987663614785,-0.0022510711520099926,0.011308629707267277,0.013524569773601981,0.005966027697767736,0.0012522710774240176,0.00017502610191837898,2.9501586792332167e-5,7.630802066349551e-6,-0.27834320068359375
45.5,0.028315728524660414,0.007418975369087519,0.0019327132003184892,0.0005068365270637674,0.00013696160336275476,3.824094619905841e-5,8.526581038476116e-6,-5.282078281585183e-6,-2.1160632270610584e-5,-5.732643842877218e-5,-0.00016686509383048896,-0.0005470096524748557,-0.0019732423779467443,-0.007557051419491494,-0.031013180482063408,-0.15368077257968868,0.5377456342345638,-4.451300419889548e-5,-0.00011388323863467422,-0.0005944547696416112,-0.003947283206029241,-0.017177214435220124,-0.03615945199465103,-0.0400858674524774,-0.019851193327197855,-0.0022946461089788247,0.011249398897061535,0.0134702650802013,0.005959780914905928,0.0012524690692878562,0.00017499992359440854,2.9444843643201442e-5,7.587793814946878e-6,-0.27999078110985887
46.0,0.02844408271536006,0.0074344228761793986,0.001935465818445488,0.0005075474610141396,0.00013719534000601293,3.833570475394632e-5,8.57581311324752e-6,-5.248048781695863e-6,-2.1137709355156226e-5,-5.7357681346803996e-5,-0.00016717795068763895,-0.0005485902560081366,-0.0019801467927200917,-0.007584424897623206,-0.031098530011594835,-0.15336823247350595,0.5401208883325859,-4.471217780134829e-5,-0.00011442005184121722,-0.0005971479181796763,-0.003965890299517582,-0.017276102682614976,-0.036438728747411074,-0.040416518727097984,-0.019986607877149322,-0.0023385295334899534,0.011189867002366172,0.013415678030054374,0.005953227645320835,0.0012525998933797878,0.00017496466276508804,2.938661206614935e-5,7.544385319930189e-6,-0.2816376009016239
46.5,0.02857236199508621,0.007449884789227719,0.0019382236587316968,0.0005082598355601562,0.00013742929048768702,3.843054209140852e-5,8.625166878959564e-6,-5.213746004751982e-6,-2.1114275759800684e-5,-5.7388057656518645e-5,-0.00016748964831548154,-0.000550170724485576,-0.0019870596709928483,-0.0076118552792828606,-0.031184199353359258,-0.15305837763760385,0.5425004757423055,-4.491110380142477e-5,-0.00011495691006637412,-0.0005998425073133855,-0.003984510358366721,-0.017375083128131047,-0.03671827633215222,-0.04074746388322997,-0.020122147758921828,-0.0023824187203836584,0.011130494293489486,0.013361271054362963,0.005946692743330204,0.0012527306274344914,0.00017492912056943081,2.932823699226552e-5,7.500919144814468e-6,-0.28328541182319206
47.0,0.028700560601456288,0.0074653560661477264,0.0019409860008792934,0.0005089731104784502,0.0001376634435531236,3.852544414312818e-5,8.67465077660235e-6,-5.179168192213936e-6,-2.1090313195732064e-5,-5.741755610326266e-5,-0.00016780027675124455,-0.0005517515531119263,-0.001993982633435114,-0.007639344005066102,-0.03127022308165213,-0.15275121959674753,0.5448845347609045,-4.5109751248827874e-5,-0.00011549376829153101,-0.0006025386720985805,-0.004003144102874479,-0.017474158652959634,-0.036998129323169905,-0.041078725970403664,-0.02025782017549359,-0.0024263176312979613,0.01107125844119899,0.013307022544192403,0.005940175488636213,0.0012528608212658285,0.00017489325198882295,2.926976062650047e-5,7.457411468164078e-6,-0.28493423692409364
47.5,0.02882868717804416,0.007480841028726353,0.0019437539253350112,0.0005096876909365467,0.0001378977992023226,3.862040809544191e-5,8.724257772017461e-6,-5.144322378240143e-6,-2.106584417225731e-5,-5.7446210450996445e-5,-0.00016810982474027445,-0.0005533325167941183,-0.002000915139823522,-0.007666892515568575,-0.03135658679051702,-0.1524467698757022,0.5472729270912009,-4.5308117329894234e-5,-0.00011603064902599484,-0.0006052364125352612,-0.0040217929736365,-0.017573336460078953,-0.03727827907689028,-0.04141031363219293,-0.020393626567460257,-0.002470223745190485,0.011012178173238057,0.01325293682132963,0.005933676601536685,0.0012529905649110269,0.00017485711329653185,2.921116327321061e-5,7.413857366068125e-6,-0.28658400705573783
48.0,0.028956744606041116,0.007496339676963598,0.001946526891875483,0.000510403441878604,0.00013813242496320488,3.8715448016666576e-5,8.773980127630638e-6,-5.10921454186526e-6,-2.1040877130366523e-5,-5.747404883635368e-5,-0.00016841840482910593,-0.0005549139756810629,-0.0020078588108281715,-0.007694507293470676,-0.031443310648292935,-0.15214493627634654,0.549665744931316,-4.5506216112940695e-5,-0.00011656757477907256,-0.0006079356836048138,-0.004040455890206051,-0.017672615108893355,-0.03755874576165237,-0.04174227584884966,-0.020529578459586983,-0.002514142284220439,0.010953239083650248,0.013199013885774642,0.00592719644218053,0.0012531202185189975,0.00017482069323790397,2.915244211873259e-5,7.370259652189978e-6,-0.28823476831718514
48.5,0.02908473864782973,0.007511852731157285,0.0019493052606496205,0.0005111204983604639,0.0001383672195438892,3.8810552652148684e-5,8.82382276735277e-6,-5.073848551876415e-6,-2.1015416290554757e-5,-5.7501076886661104e-5,-0.00016872605078169947,-0.0005564960198099879,-0.002014813646449063,-0.007722185457581119,-0.03153039465497988,-0.15184567269962,0.55206298828125,-4.5704050411630614e-5,-0.00011710451178680374,-0.0006106367554189215,-0.004059135013476599,-0.01777200180238107,-0.037839552426986466,-0.04207459245203485,-0.02066567153008683,-0.002558070547270991,0.010894446934818142,0.013145258059314371,0.005920734650418837,0.0012532496920525126,0.0001747840143222463,2.909361967237334e-5,7.326621843608845e-6,-0.2898864285103144
49.0,0.02921267506579258,0.007527380191307414,0.00195208957188079,0.0005118388153635123,0.00013860230674556375,3.890571356089814e-5,8.873773733114548e-6,-5.038236366342922e-6,-2.0989492603119047e-5,-5.7527350875186056e-5,-0.00016903281887132234,-0.0005580786941995073,-0.002021779466611741,-0.007749926287602082,-0.0316178272858127,-0.15154882932357558,0.5544645188438208,-4.59016455489343e-5,-0.00011764153883176268,-0.0006133396729961983,-0.00407782926300141,-0.017871489337563874,-0.03812068466693613,-0.0424072864912788,-0.02080191298193802,-0.0026020096147888736,0.010835796684656979,0.013091659257779309,0.005914291226251608,0.0012533788054371168,0.00017474707654955885,2.903468186581603e-5,7.2829298720078885e-6,-0.2915391259323074
49.5,0.029340553859929664,0.007542924218307449,0.001954878925196714,0.0005125584379063632,0.0001388375740216938,3.900092792925158e-5,8.923830211252605e-6,-5.002379392096463e-6,-2.0963097627069293e-5,-5.755285954727507e-5,-0.00016933874286193502,-0.0005596623139799182,-0.002028757891986305,-0.007777736986511783,-0.03170562006555655,-0.15125445224727388,0.5568703827180891,-4.609896213356462e-5,-0.00011817858838602856,-0.0006160443012808024,-0.00409654079967395,-0.017971092120398206,-0.03840217705579683,-0.042740372372537944,-0.020938311458714418,-0.0026459652491566637,0.010777286892571118,0.013038213159382523,0.005907866889976663,0.001253507918821721,0.00017470991368380198,2.897565120836759e-5,7.239202026198998e-6,-0.29319274533551265
50.0,0.029468389436197426,0.007558483371561748,0.0019576740408952143,0.0005132792759517888,0.00013907306639089325,3.9096204198199094e-5,8.973995015430306e-6,-4.966282904755853e-6,-2.0936245430722336e-5,-5.7577636666888556e-5,-0.0001696439127907652,-0.0005612469241698342,-0.002035748022200478,-0.007805615393416759,-0.03179377875659401,-0.15096248384688915,0.5592806260031156,-4.6296033929481964e-5,-0.00011871571672286872,-0.0006187507753285757,-0.004115268543047487,-0.018070804388501494,-0.03868403247475984,-0.04307387890772517,-0.02107486696041603,-0.002689931147768418,0.010718913957071448,0.012984925526506591,0.005901460561147269,0.001253637032206325,0.00017467248070636185,2.8916499563394357e-5,7.195434085687121e-6,-0.29484730976946044
50.5,0.029596173151021997,0.007574059091665954,0.0019604747389018354,0.0005140015545928587,0.00013930899769157802,3.919193628061214e-5,9.025156559855916e-6,-4.927728330755882e-6,-2.0902817703085724e-5,-5.75825380684746e-5,-0.00016988161107204473,-0.0005625830766297539,-0.0020417688116206143,-0.007829516315748325,-0.03186387237825423,-0.15060697941621626,0.5615980257800699,-4.6479856184602145e-5,-0.0001192096046810784,-0.0006211923598522867,-0.004132211388417961,-0.01816426879329624,-0.03896236707796863,-0.043406642095560034,-0.02120482309347193,-0.0027304338544517125,0.010661869971053478,0.01293216659223205,0.00589519901218011,0.0012537967582483666,0.00017464129406159738,2.8859511625550664e-5,7.153495026364067e-6,-0.29652536167478993
51.0,0.029723899242020804,0.0075896528192157114,0.001963281379365489,0.0005147252738295725,0.00013954526663186687,3.9288042580253045e-5,9.077177678440272e-6,-4.887065619477872e-6,-2.086376124188259e-5,-5.757048433460858e-5,-0.00017006198940320316,-0.0005637084969581074,-0.002046966660779048,-0.007850049845761762,-0.031918678398939054,-0.15019756213415786,0.5638371032530447,-4.665242941357938e-5,-0.00011966675745036307,-0.0006234088062879902,-0.004147642688808844,-0.01825243900909885,-0.03923776574725471,-0.04373884633228498,-0.021329192596619945,-0.002767993604308529,0.010605971978870404,0.012879884495115712,0.005889063155182899,0.001253982865198141,0.00017461536334000325,2.8804338500578957e-5,7.113104888724777e-6,-0.2982236971667886
51.5,0.02984618852505871,0.007601812166749891,0.001965152893181654,0.0005152132305854037,0.00013972358536144038,3.937001866246278e-5,9.125921582617428e-6,-4.846948055477301e-6,-2.082444451681797e-5,-5.7557811594801724e-5,-0.00017024175998307426,-0.000564835357882105,-0.002052178375670557,-0.007870653244663942,-0.03197384456853492,-0.14979006948788,0.5660910246235367,-4.6825112375427946e-5,-0.00012012443918836081,-0.0006256286741383486,-0.004163094517687657,-0.018340754725061515,-0.03951363693191206,-0.04407174781730168,-0.021454590685057857,-0.002808155790196445,0.010546938530267906,0.012824544013446912,0.005880160634251159,0.001253559870302137,0.00017450766756095195,2.873661080966183e-5,7.069508581678313e-6,-0.2999091710208766
52.0,0.029965694577312182,0.0076122536039784595,0.0019665554931156586,0.000515583148535645,0.00013987281081179477,3.944490712664999e-5,9.173058181595946e-6,-4.8070091591005595e-6,-2.0784812661456198e-5,-5.7544542358360984e-5,-0.00017042101284888575,-0.0005659637944575883,-0.00205740395629514,-0.007891330834241792,-0.03202937664942439,-0.1493844553783221,0.5683543502023933,-4.699771655470223e-5,-0.00012058242480200223,-0.0006278511080496981,-0.004178567595352219,-0.018429198654036506,-0.03978994893883651,-0.044405242827723755,-0.021580592383070654,-0.002849639362438928,0.010486387414154329,0.012767729802434178,0.0058698762219478,0.001252829488310569,0.00017435864469436,2.866252142587097e-5,7.024280349878746e-6,-0.30158867504661535
52.5,0.03008516605527019,0.007622717370439512,0.001967965115953428,0.0005159548222118274,0.00014002229511917897,3.9519868746084746e-5,9.220289741713115e-6,-4.766855720892053e-6,-2.0744778452232884e-5,-5.7530676625286344e-5,-0.00017059981552855846,-0.0005670941668334685,-0.002062644663173987,-0.007912086215984425,-0.03208529192875519,-0.14898071980548408,0.5706218707957657,-4.717009845457048e-5,-0.00012104052296217834,-0.000630075612817286,-0.004194059400760155,-0.018517772236619472,-0.040066701768028054,-0.044739233403047404,-0.02170677559613461,-0.002891133739148742,0.0104259652313509,0.01271106397277279,0.005859613058430191,0.0012521005469146452,0.00017420958806380765,2.8588375768812762e-5,6.979035939514817e-6,-0.30326930849933914
53.0,0.030204605840124032,0.007633199864643938,0.0019693815816205075,0.000516327936483654,0.0001401721058115138,3.9594897893440325e-5,9.267605008315464e-6,-4.726504622831986e-6,-2.070437565310844e-5,-5.751623127755802e-5,-0.00017077821304070626,-0.0005682263399539037,-0.0020679004963070967,-0.00793291578840273,-0.03214158176295347,-0.1485787936207751,0.5728935864036537,-4.7342249634042606e-5,-0.00012149869990492875,-0.0006323021884411123,-0.004209569213613643,-0.018606469710427828,-0.04034388101353026,-0.04507371954327263,-0.02183314032424973,-0.0029326439624106416,0.010365661897688113,0.012654530677910657,0.005849370783549421,0.0012513723258165434,0.00017406052017860182,2.851416821116047e-5,6.933764095933055e-6,-0.3049510483295176
53.5,0.03032401681306499,0.00764370540837867,0.001970805070191352,0.0005167026264069664,0.00014032223163414577,3.966997768673652e-5,9.315011015561411e-6,-4.685950237593622e-6,-2.066359441626108e-5,-5.750122319715621e-5,-0.0001709562166399826,-0.0005693606739678052,-0.002073171635768925,-0.007953826034177106,-0.03219825479559308,-0.14817863072513454,0.5751694048279362,-4.751415883846513e-5,-0.00012195702315817427,-0.000634530879939791,-0.004225097033912681,-0.01869529683784416,-0.04062152124963858,-0.04540872429792975,-0.021959690889202937,-0.002974168771703438,0.010305484616144186,0.012598134239634719,0.005839150837901135,0.0012506452752024026,0.00017391139602012865,2.8439924075884402e-5,6.88847537037109e-6,-0.30663391758668096
54.0,0.03044340473647564,0.0076542354422393525,0.001972235581665961,0.00051707907205622,0.00014047261631380754,3.974512219429016e-5,9.362497915629174e-6,-4.645206281785878e-6,-2.0622451623671003e-5,-5.748570303002153e-5,-0.00017113388259965486,-0.0005704971688751727,-0.0020784593420806606,-0.007974814792414086,-0.03225530814548273,-0.14778016196997143,0.5774493260686131,-4.7685837322491536e-5,-0.0001224154139393406,-0.0006367616873133218,-0.004240643942104006,-0.018784259381251032,-0.04089960807039658,-0.04574426495416647,-0.022086430172185523,-0.0030157106880695076,0.010245426183740898,0.012541876098540614,0.005828953221485334,0.0012499193950722225,0.00017376228311630896,2.836562929466772e-5,6.843172576492287e-6,-0.3083178240727082
54.5,0.03056276384797341,0.007664787805332518,0.001973673296118791,0.0005174570483383455,0.00014062329361445955,3.9820320161447783e-5,9.410066411934591e-6,-4.60427838273549e-6,-2.0580961343655055e-5,-5.746964263952031e-5,-0.00017131125593833693,-0.0005716358246760065,-0.00208376217464666,-0.00799588206311367,-0.032312730287857284,-0.14738330668192975,0.5797333040266238,-4.785730759542874e-5,-0.00012287397354030898,-0.0006389947456175467,-0.004256210298336525,-0.018873347256478948,-0.04117816164414328,-0.04608034151198281,-0.02221336537617571,-0.003057269531434396,0.01018548299898914,0.012485750492245769,0.005818775053110728,0.001249194055165409,0.00017361306892060802,2.8291281053847056e-5,6.797845866474861e-6,-0.31000285998572036
55.0,0.03068211143470603,0.007675361777360346,0.001975117673326475,0.0005178366002719568,0.00014077425228144826,3.9895565960882655e-5,9.45770806348756e-6,-4.5631623199474055e-6,-2.0539117948886492e-5,-5.745308141693968e-5,-0.00017148842669325652,-0.0005727770015192176,-0.0020890822943603884,-0.008017032888360615,-0.03237055003462962,-0.1469881109600701,0.582021384801029,-4.802853026598962e-5,-0.00012333261192385163,-0.0006412301448896932,-0.004271796462759151,-0.018962577750675627,-0.041457216545174126,-0.04641698566448292,-0.022340495060577854,-0.003098847282617114,0.010125656502484554,0.01242975309896325,0.005808619213968605,0.001248470335928695,0.0001734639560167883,2.8216896235402616e-5,6.752507901803965e-6,-0.3116889331275963
55.5,0.030801441734290915,0.007685961680109768,0.0019765696136612907,0.0005182175928012122,0.0001409254698054668,3.9970904611208646e-5,9.50550868702079e-6,-4.521638627678966e-6,-2.0496241939662086e-5,-5.743368964901143e-5,-0.0001716566950172816,-0.0005738874756677633,-0.002094286626199221,-0.008037722002703617,-0.032426375997030486,-0.14658754469764917,0.5843027812116456,-4.819787340942106e-5,-0.00012378563423531293,-0.0006434315551083614,-0.0042871535724743615,-0.019051020239054976,-0.041736107218301545,-0.046753961153981186,-0.022466816570823646,-0.0031399553996198488,0.010066108040939286,0.012373937220731891,0.005798499389717586,0.0012477514787022801,0.00017331552964683025,2.8142744951017674e-5,6.707376037974732e-6,-0.31337977752224555
56.0,0.030920754746728073,0.007696585352687317,0.0019780282167509602,0.0005186004761122505,0.00014107720504354495,4.004674690727741e-5,9.55452059263369e-6,-4.476867967884526e-6,-2.044378118617657e-5,-5.738270606879381e-5,-0.00017171113377611444,-0.0005745637903040629,-0.0020977674654243214,-0.008051360121666485,-0.032451517272211634,-0.1460983990902627,0.5864489690774878,-4.8345253096606436e-5,-0.00012416289021961637,-0.0006451604949743726,-0.004299270782585951,-0.019127474090483973,-0.04200697665488252,-0.04708824561081624,-0.02258008340334244,-0.003174705087598357,0.010008795383833686,0.012318917991891729,0.005788621225385868,0.001247086823886975,0.00017317799778143085,2.80722317333668e-5,6.665199927512973e-6,-0.3151202014565828
56.5,0.03104006775916523,0.007707231354497351,0.0019794938427443952,0.0005189847099817052,0.00014122916537469247,4.012262578096995e-5,9.603595102256518e-6,-4.431936929278143e-6,-2.0391012336552324e-5,-5.733128918441761e-5,-0.0001717654374791056,-0.0005752426710013537,-0.0021012652316482407,-0.008065077473389777,-0.032477030221068966,-0.14561046358321728,0.5885988448681788,-4.849240769072242e-5,-0.00012454025875045454,-0.0006468914156593945,-0.004311405279845269,-0.019204064798499162,-0.04227835318113022,-0.047423126474247956,-0.022693550478655768,-0.0032094684612354843,0.00995159869467744,0.01226402553546825,0.005778763229393167,0.0012464231594811754,0.00017304052218929878,2.800167631076542e-5,6.623011858981902e-6,-0.3168618239664959
57.0,0.031159372128028523,0.0077179054479224445,0.0019809673920138725,0.000519370744595715,0.00014138141832683023,4.019854404594963e-5,9.65272799539422e-6,-4.386849732354868e-6,-2.033794101811608e-5,-5.727943899588282e-5,-0.0001718196173809086,-0.0005759240727410216,-0.002104779564722067,-0.00807887477817132,-0.03250289467526347,-0.14512369207745232,0.5907525929799613,-4.86393203097888e-5,-0.00012491770606386698,-0.0006486242271261993,-0.004323557424401228,-0.01928078516012232,-0.04255024255942722,-0.04775861815023278,-0.0228072235591462,-0.003244248041573608,0.009894514371981434,0.012209256970270163,0.005768926842335128,0.0012457607555965643,0.0001729029903238994,2.793107586955016e-5,6.5807970606488405e-6,-0.3186046681015153
57.5,0.031275654127230455,0.0077269819207782114,0.0019820231685465555,0.0005196527411930511,0.0001415080444330175,4.026818784161997e-5,9.70041536897691e-6,-4.34194331330295e-6,-2.0284638979283704e-5,-5.722717801249639e-5,-0.00017187370724548387,-0.0005766082656347499,-0.002108311004869167,-0.008092754196904577,-0.03252912792194286,-0.1446380384739072,0.5929155609038661,-4.878616540093437e-5,-0.00012529544599826963,-0.0006503598297470646,-0.00433573153804076,-0.01935765678428811,-0.042822719700747025,-0.04809485893595255,-0.02292146855610735,-0.003280092942390557,0.009836421632334546,0.012153528968373094,0.005757984798120228,0.0012448355330441294,0.00017272949984066435,2.7854994412095166e-5,6.537210601424162e-6,-0.3203433633210796
58.0,0.031384747554168244,0.007732239374581421,0.0019820800720744985,0.0005196855597625686,0.0001415735127522506,4.032292484876973e-5,9.744608876073108e-6,-4.297686498780985e-6,-2.023120329144138e-5,-5.717454562554547e-5,-0.00017192774083679176,-0.0005772952496825388,-0.0021118597321639968,-0.008106715009291726,-0.0325557155551507,-0.14415344514875614,0.59509503229147,-4.893310615663442e-5,-0.00012567364737346454,-0.0006520986737081292,-0.004347930141806242,-0.01943469551754862,-0.04309581053581123,-0.048432013059310684,-0.023036802643375456,-0.0033184390773946066,0.009775794164651831,0.012095349072689736,0.005744397820302727,0.001243285452131058,0.00017247087915858473,2.7765961662159944e-5,6.490397573732898e-6,-0.32207051072596066
58.5,0.031493852505871174,0.007737522038808402,0.001982145259027395,0.0005197202240952553,0.00014163928494712738,4.037770124720663e-5,9.788855139357446e-6,-4.253280560100546e-6,-2.0177484830430628e-5,-5.712152495304984e-5,-0.00017198177442809967,-0.0005779851149216159,-0.002115426106755467,-0.008120758655928413,-0.032582666218460864,-0.14366988905246886,0.5972782377029834,-4.9079810564611615e-5,-0.0001260519725498476,-0.000653839633544046,-0.0043601471131661865,-0.019511872547990965,-0.043369477609133074,-0.04876983850023898,-0.02315235137939453,-0.0033568032198442073,0.009715267538664205,0.012037284424657908,0.005730833892015532,0.0012417375321114531,0.00017221235976838634,2.7676934539551462e-5,6.443588063120842e-6,-0.3237988797559479
59.0,0.03160297474472184,0.007742836396139554,0.0019822180091074227,0.0005197567341911108,0.00014170539478160823,4.043252266425741e-5,9.833150641750714e-6,-4.208736048499263e-6,-2.0123496257736605e-5,-5.7068161013623377e-5,-0.00017203585303802145,-0.0005786779964078229,-0.002119010308718033,-0.00813488657741028,-0.03260997703068206,-0.1431873010364544,0.599465223237467,-4.9226289879519415e-5,-0.0001264303652541515,-0.000655582754273429,-0.004372383532567327,-0.01958919651918901,-0.04364370363356484,-0.04910834966469387,-0.02326811332356894,-0.0033951824885480714,0.009654844635562954,0.01197934222725583,0.005717295174152109,0.0012401920430969975,0.00017195406547125734,2.7587907416942976e-5,6.3967750354295775e-6,-0.3255283090643292
59.5,0.03171211715191152,0.0077481810059792326,0.001982299582835771,0.0005197950900501355,0.00014177180849173277,4.048738065893196e-5,9.877494679837068e-6,-4.1640519088533706e-6,-2.006923898019099e-5,-5.701442567063242e-5,-0.00017208996541190363,-0.0005793739391597736,-0.0021226130583495172,-0.008149098773737328,-0.03263765375419686,-0.14270564652641735,0.6016558966967994,-4.937252721937761e-5,-0.00012680884799568315,-0.0006573279008404366,-0.004384639039860751,-0.019666663109355824,-0.043918531826975846,-0.04944755807744052,-0.023384100000663828,-0.0034335797646974867,0.009594525455348082,0.011921511676016171,0.00570377878552117,0.001238648444864325,0.00017169590622996995,2.749887185334439e-5,6.3499563804115775e-6,-0.32725895999781673
60.0,0.03182126820267507,0.0077535537074339715,0.0019823890798401616,0.0005198351566164875,0.00014183850356819407,4.054226397657682e-5,9.921885846784827e-6,-4.119234471905447e-6,-2.0014729879773995e-5,-5.696036394269085e-5,-0.000172144201586974,-0.0005800730332146958,-0.0021262338154265526,-0.00816339596520738,-0.032665681983048825,-0.1422248909480622,0.6038502580809809,-4.951853946616642e-5,-0.00012718742077444257,-0.0006590751632822965,-0.00439691363504646,-0.019744275199682693,-0.04419394490221836,-0.049787486788009226,-0.023500309970083552,-0.0034719910866544326,0.009534302795041364,0.011863797813023685,0.005690286887016181,0.0012371069174878908,0.00017143799459105893,2.7409855985389376e-5,6.3031468697995215e-6,-0.3289906712096984
60.5,0.031930450946542795,0.007758958101992881,0.001982486500120595,0.0005198770239273948,0.00014190548001099209,4.0597181058182096e-5,9.96631570160389e-6,-4.074287606442623e-6,-1.995996614282225e-5,-5.690599271177885e-5,-0.00017219856156323253,-0.0005807753686098173,-0.002129873300246962,-0.008177778872118256,-0.03269407036081182,-0.1417449651527981,0.6060483534890719,-4.96643041105789e-5,-0.0001275660948450832,-0.0006608245866176225,-0.0044092076782733655,-0.019822032790169614,-0.044469971671205276,-0.05012814155878257,-0.02361674323182812,-0.003510421856652574,0.00947417953583409,0.011806193435300153,0.005676817677892587,0.0012355675510049226,0.000171180229262643,2.7320834490107626e-5,6.256335952355782e-6,-0.3307234887990346
61.0,0.0320396596211321,0.007764394909953783,0.001982592383900438,0.0005199207820200849,0.0001419728728759685,4.065237950612411e-5,1.0011490473799475e-5,-4.0271190020433e-6,-1.989807961705588e-5,-5.6826726187391945e-5,-0.00017215998061113848,-0.0005811168347960873,-0.002132070028529787,-0.008186295673566282,-0.03269807521670246,-0.14120724266029197,0.608153697587212,-4.979212321003398e-5,-0.00012788128141550138,-0.0006621748299036861,-0.004418717410269101,-0.01988892828949989,-0.04473758824282182,-0.05046525246427139,-0.023720989054423446,-0.0035433117356545255,0.009415958583174875,0.011749263256338068,0.005663554834095013,0.0012340744636570218,0.00017093147891165627,2.7234778596015135e-5,6.211861078922842e-6,-0.33250570153181647
61.5,0.03214890287001688,0.007769861970423212,0.0019827070913286007,0.0005199662508201023,0.00014204058087124205,4.070768768693745e-5,1.0056917068866445e-5,-3.979169606059519e-6,-1.983379022277374e-5,-5.673941821310095e-5,-0.00017209222759725104,-0.0005813467448571658,-0.0021338243138754116,-0.008193020374033026,-0.03269461490596529,-0.14065171440562452,0.6102321659330154,-4.9914101144338304e-5,-0.00012817641219343664,-0.0006634001465362365,-0.004427360263835988,-0.01995249313170096,-0.04500298341595514,-0.05080175831958967,-0.02382154407097854,-0.0035744620954162045,0.009358407507490176,0.011692621916802629,0.005650374464398064,0.0012325975830101174,0.0001706858235903737,2.714967372014083e-5,6.168127605787217e-6,-0.33430434857970637
62.0,0.032258177812005816,0.007775358563103345,0.0019828290017349843,0.0005200133402902194,0.00014210852521423848,4.0762998681414164e-5,1.010238024155719e-5,-3.931102036214307e-6,-1.9769265887600416e-5,-5.665181761781975e-5,-0.0001720245871298983,-0.0005815796261467602,-0.002135596246517677,-0.008199826468153662,-0.03269148016984369,-0.14009669324062382,0.6123142761046072,-5.003583147626629e-5,-0.00012847159924463924,-0.0006646273089319557,-0.004436020764699515,-0.020016199152275156,-0.04526902397593703,-0.05113904209655577,-0.023922315176880253,-0.0036056247002408583,0.009300945028437589,0.011636084300153565,0.00563721678408251,0.001231122863256679,0.0001704403708528536,2.70645885399101e-5,6.124406090720903e-6,-0.3361041711536419
62.5,0.03236749309067279,0.007780886848887648,0.001982959015491866,0.0005200622305048917,0.00014217673966891817,4.081832937153444e-5,1.014786733038656e-5,-3.882921216418556e-6,-1.9704513645694333e-5,-5.6563930028875066e-5,-0.00017195712673700108,-0.0005818157937951679,-0.002137386186605494,-0.008206711074736903,-0.03268866524595508,-0.1395422137395853,0.6143996132104419,-5.0157302951164475e-5,-0.00012876678629584183,-0.000665856001960547,-0.004444696751966217,-0.020080047791818118,-0.04553571280395877,-0.05147712684470001,-0.024023313896893734,-0.0036367988298306652,0.009243578348995335,0.011579654728177811,0.0056240814329994405,0.0012296502143594793,0.0001701951432084029,2.6979528682649675e-5,6.0806937200605325e-6,-0.3379052384022139
63.0,0.03247684870601781,0.0077864489886695885,0.0019830974927481566,0.0005201129664827329,0.00014224522423528113,4.0873665688981464e-5,1.0193376928522867e-5,-3.834634532538605e-6,-1.9639548972204012e-5,-5.647576107359364e-5,-0.0001718898013999455,-0.0005820550227093193,-0.0021391935939154955,-0.008213677074974036,-0.032686175896682046,-0.13898813760532713,0.6164885460430042,-5.027849305972592e-5,-0.0001290619508377375,-0.0006670863606778516,-0.004453388585785005,-0.02014403616913856,-0.04580307871193324,-0.051816041375935255,-0.02412453446863641,-0.003667985204483447,0.009186303867674305,0.011523330319684078,0.005610969131446677,0.0012281796363185179,0.00016995009563840769,2.6894474452715987e-5,6.036980645984321e-6,-0.33970743507777096
63.5,0.03258625330161472,0.007792039940364411,0.0019832440733549457,0.0005201653231306739,0.00014231392264006,4.092899637910174e-5,1.0238904112055222e-5,-3.786242687990298e-6,-1.9574363426139347e-5,-5.638733888860916e-5,-0.0001718227011559593,-0.0005822975830008976,-0.00214101936881996,-0.008220725189162885,-0.03268399771606814,-0.13843448788737964,0.6185808441069911,-5.0399418683930824e-5,-0.00012935711537963315,-0.0006683183850838698,-0.004462097706751521,-0.020208170046619057,-0.04607111881866916,-0.05215576840311379,-0.024225995619851656,-0.0036991841843481152,0.0091291215844745,0.011467108913778898,0.005597879879424219,0.0012267113992454782,0.0001697052619068284,2.6809445545752602e-5,5.993285157304156e-6,-0.34151071508125236
64.0,0.03268538356907778,0.007793032510763209,0.0019822369169252515,0.0005199329370458321,0.0001423127746654061,4.0967205927631287e-5,1.028034726320977e-5,-3.7386938873284534e-6,-1.9509172252747946e-5,-5.6298685983228536e-5,-0.0001717558260050425,-0.0005825433396140614,-0.0021428635113188866,-0.008227856137601271,-0.03268213646649594,-0.13788120696191702,0.620693333559526,-5.052045685467043e-5,-0.00012965269634370718,-0.0006695535157742457,-0.004470829517099433,-0.020272476795576852,-0.046339957015391925,-0.052496699768250804,-0.024328666871407962,-0.0037329856002438827,0.009069720783982752,0.011408763349596467,0.005582045572401894,0.0012245496054070235,0.00016936417837877648,2.6709808098585584e-5,5.945962856543388e-6,-0.34330258556723237
64.5,0.032782180071597375,0.007792988572596063,0.0019809706333540717,0.0005196362643803715,0.00014229572386539955,4.100146790645634e-5,1.0320852761047124e-5,-3.6912660741914075e-6,-1.9443817886881238e-5,-5.620980798477853e-5,-0.0001716892434751159,-0.0005827927427349494,-0.002144726021412276,-0.008235067039097904,-0.03268059502915673,-0.13732824872987867,0.6228130605645771,-5.064129244164758e-5,-0.00012994834483570202,-0.0006707905372464045,-0.004479581135637451,-0.020336944891246784,-0.0466095270347019,-0.052838558876982626,-0.024431796232379094,-0.003767397828692756,0.009009875559734794,0.011350003614166352,0.005565594690443886,0.0012222296161593987,0.00016900112576715174,2.660683083300144e-5,5.897812635336758e-6,-0.34509261209078784
65.0,0.03287904572270788,0.007792979929022198,0.001979712813282301,0.0005193415275153077,0.00014227897694103666,4.1035738326271496e-5,1.0361379361359735e-5,-3.6437443550394743e-6,-1.9378272191905544e-5,-5.612071614791259e-5,-0.00017162294231152605,-0.0005830455222518783,-0.002146607259249039,-0.008242360774844075,-0.03267935899809408,-0.13677555556743887,0.6249361067019921,-5.0761846662287985e-5,-0.00013024395956373646,-0.0006720292244072767,-0.004488347880429732,-0.020401548402907265,-0.046879817351833934,-0.05318132267977896,-0.024535164732227152,-0.003801818700715494,0.008950119652416771,0.011291344000133503,0.005549168658760739,0.0012199126881775179,0.00016863839954047764,2.650391265434801e-5,5.84969019905588e-6,-0.3468836758432071
65.5,0.0329759834036006,0.0077930065800416145,0.0019784638168588507,0.0005190485913947989,0.0001422624551097432,4.106999749143318e-5,1.040190807191987e-5,-3.5961361157389926e-6,-1.9312543608810968e-5,-5.603141047263073e-5,-0.0001715569450235799,-0.0005833018582393036,-0.002148507404903631,-0.008249738065137603,-0.032678434135690555,-0.13622312747459758,0.6270624258727105,-5.088213639857186e-5,-0.00013053956303711744,-0.0006732696222754764,-0.004497132992816476,-0.020466307498897312,-0.04715085677870091,-0.05352500270140495,-0.02463877813333471,-0.0038362546989924957,0.008890450901135216,0.01123278090600881,0.005532766396905721,0.0012175981011635587,0.00016827596593479375,2.6401031053318357e-5,5.801581479383919e-6,-0.348675915121672
66.0,0.033072993114275515,0.007793070686547778,0.001977223824158176,0.0005187575910746871,0.00014224631593666768,4.1104391712436506e-5,1.0442886968618794e-5,-3.5469880991606913e-6,-1.9241509863437123e-5,-5.592276367536124e-5,-0.00017141697089837756,-0.0005832673289624586,-0.0021492415684587645,-0.00825241613244002,-0.03265884203493055,-0.13563399300474416,0.6291269262031486,-5.0987800712671885e-5,-0.00013078319252077546,-0.0006741829148952334,-0.004503602707854211,-0.020521519767553786,-0.04741331025552894,-0.05386434941133344,-0.02473134504704317,-0.0038660127230641344,0.00883235167880793,0.011174772441207102,0.005516537726825818,0.0012153224102319908,0.0001679211629841623,2.630060578040846e-5,5.7553505283017895e-6,-0.35051545203632456
66.5,0.03317007485473264,0.0077931679267537555,0.0019759922949569102,0.0005184681213874471,0.00014223036809270115,4.113886752967748e-5,1.0484157782892087e-5,-3.4968074681265477e-6,-1.916694075004212e-5,-5.580137098303734e-5,-0.00017122860176325565,-0.0005830435414328676,-0.0021492170783328148,-0.008252040857274727,-0.03262709706931676,-0.13502077177572105,0.6311519657377029,-5.1083819788748406e-5,-0.0001309927429137273,-0.0006748824591362944,-0.0045085601576145325,-0.0205705259501754,-0.04767041047894342,-0.05420121253437146,-0.024816746438017786,-0.003892708400945289,0.008775305531896493,0.011117156538718417,0.005500428626184377,0.0012130726500220168,0.00016757137960897832,2.6201809618588302e-5,5.710363568135979e-6,-0.35238638241125375
67.0,0.03326724014973712,0.007793303342744303,0.0019747697694784206,0.0005181806775378316,0.0001422146903604179,4.117332927860162e-5,1.052543281766043e-5,-3.4465420754834604e-6,-1.9092187341696544e-5,-5.5679764452297525e-5,-0.00017104049148516354,-0.000582822950224862,-0.002149210235503505,-0.008251741933678572,-0.03259563157925793,-0.13440768884387982,0.6331801861074395,-5.117946183393369e-5,-0.00013120207946826324,-0.0006755826336379498,-0.004513529852437829,-0.020619663227000627,-0.04792830302996218,-0.05453907254959521,-0.0249023927302519,-0.003919410561506842,0.008718350862808458,0.01105963499524442,0.005484344735966708,0.0012108261311522424,0.00016722206892924008,2.6103086612015693e-5,5.665412130470183e-6,-0.3542583039159861
67.5,0.033364491880480254,0.007793474053328131,0.0019735560676482507,0.0005178948993769297,0.0001421992152118971,4.120776570455545e-5,1.0566700114854513e-5,-3.396200010513611e-6,-1.901725807939051e-5,-5.555793845581504e-5,-0.0001708526063001408,-0.0005826053302453724,-0.0021492201395985583,-0.008251516480460267,-0.03256441675284118,-0.13379449066438703,0.6352114490151766,-5.127479437614856e-5,-0.00013141122469369017,-0.0006762837085118827,-0.004518510351728457,-0.020668930157433825,-0.04818697638382004,-0.05487794098176985,-0.02498827239898036,-0.003946116323557505,0.008661475426480849,0.011002207090487293,0.005468283535130435,0.0012085818632131618,0.00016687293832395734,2.6004405810393597e-5,5.620479685032116e-6,-0.35613144704582467
68.0,0.033461830046962036,0.007793682219398706,0.001972350649243035,0.0005176108769419691,0.0001421839989204061,4.124217680753898e-5,1.0607961784721862e-5,-3.3457823283407623e-6,-1.8942157183619066e-5,-5.543592113022358e-5,-0.00017066504750006868,-0.0005823912667363792,-0.0021492478710647077,-0.008251368099108924,-0.03253346987721423,-0.13318124638583365,0.6372458927580957,-5.136976114212566e-5,-0.00013162016733535468,-0.0006769855937208654,-0.0045235034562309704,-0.020718341147431433,-0.04844648240196021,-0.05521786969233856,-0.025074399850159614,-0.003972824966799456,0.008604685705594065,0.010944871383851388,0.005452245383824467,0.0012063407465770525,0.0001665242466501599,2.5905795350355685e-5,5.5755866308811925e-6,-0.3580056504540573
68.5,0.03355926617394761,0.0077939271206582065,0.0019711540544861393,0.0005173286102329496,0.0001421689627033706,4.1276548519235366e-5,1.0649210793104057e-5,-3.2952964148312535e-6,-1.8866891688540624e-5,-5.5313718102849866e-5,-0.0001704777475570264,-0.0005821802194745159,-0.0021492925295296754,-0.008251291027241963,-0.03250277654642065,-0.13256790990915904,0.6392833329399547,-5.1464395895825414e-5,-0.0001318289073932567,-0.0006776882892648979,-0.004528507725349726,-0.02076788755341959,-0.048706803797234945,-0.05555883563177103,-0.025160769321407078,-0.003999539372423985,0.008547977378361174,0.010887622833251953,0.005436231362495538,0.001204102331057776,0.0001661759151252735,2.5807252418238592e-5,5.53071995482434e-6,-0.35988096023974464
69.0,0.03365679161786313,0.007794208036808809,0.001969965923228653,0.0005170480092126438,0.00014215414032475105,4.1310878025981236e-5,1.069044010584268e-5,-3.2447447319405316e-6,-1.879147003514529e-5,-5.51913293736939e-5,-0.00017029072898032082,-0.000581972368534238,-0.0021493537548445503,-0.008251288146050676,-0.03247233099807785,-0.131954389036242,0.6413237695607534,-5.15586817552676e-5,-0.00013203744486739628,-0.0006783918401625942,-0.004533524239531457,-0.02081757081599394,-0.048967949213218114,-0.0559008791367453,-0.02524737793153146,-0.004026259540431089,0.00849134828388871,0.01083046287928463,0.005420240030548003,0.0012018666166553325,0.00016582790998533774,2.5708779827705684e-5,5.485883525648686e-6,-0.3617572842047654
69.5,0.03375441790347373,0.007794525688148337,0.001968786795693942,0.000516769208936893,0.00014213950927524047,4.134516251411323e-5,1.0731659570759516e-5,-3.194129389916122e-6,-1.8715895037096433e-5,-5.5068788706716096e-5,-0.00017010411557114017,-0.0005817681190830703,-0.0021494331676794325,-0.008251360896130704,-0.032442141875759715,-0.1313406952918476,0.6433672487195525,-5.165260183847203e-5,-0.00013224572348450605,-0.0006790960663394986,-0.004538551918329429,-0.020867395256941413,-0.04922997051135291,-0.05624404054393941,-0.02533424873006308,-0.0040529858309696805,0.008434797701878851,0.010773392242247245,0.005404272828577509,0.0011996339635186326,0.00016548028750361992,2.5610374765093592e-5,5.441085432636414e-6,-0.3636346684481802
70.0,0.03384900453227524,0.007793705268929012,0.001967333234689027,0.0005164228807403242,0.00014210812004671357,4.137524620283767e-5,1.0771835869982883e-5,-3.1437001013818826e-6,-1.8640231408651502e-5,-5.4946101729243185e-5,-0.00016991785105621707,-0.0005815670659534881,-0.0021495300477364994,-0.008251509277482047,-0.03241219477350978,-0.13072677105215022,0.6454184264214737,-5.174626306464665e-5,-0.0001324539008097346,-0.00067980141798175,-0.004543593642934932,-0.020917366638644585,-0.04949287921640448,-0.05658839476432685,-0.02542159780634854,-0.004080287999617009,0.00837790065661658,0.010715996750892109,0.005387718223733124,0.0011972405939303856,0.00016510993062189338,2.5508525778519783e-5,5.395434447915893e-6,-0.36551039312541306
70.5,0.03393106950373808,0.007788202913866302,0.0019647551087094216,0.0005158015338315704,0.0001420090903508339,4.1388560457892285e-5,1.0807907737769029e-5,-3.094194397847998e-6,-1.8564645155949175e-5,-5.4823302205235574e-5,-0.00016973192418089807,-0.000581369299182719,-0.0021496436747179292,-0.008251726807424309,-0.032382478166562916,-0.13011253564379366,0.6474917777715493,-5.183992429082127e-5,-0.00013266225820941866,-0.0006805087954616258,-0.0045486533749859856,-0.020967506570038118,-0.04975676176411148,-0.056934178055593254,-0.02551011376510574,-0.004109874952955909,0.0083193771788721,0.010657063423686877,0.005368750621184842,0.001194195444850403,0.00016464745440151755,2.5392647866396026e-5,5.346268845941545e-6,-0.3673764600494477
71.0,0.034013255485235025,0.007782740895481628,0.001962185806378137,0.0005151818526115302,0.00014191024072940977,4.140192254522416e-5,1.084430810075332e-5,-3.043343763224488e-6,-1.848408716007662e-5,-5.468169052795341e-5,-0.0001694726844928776,-0.0005808811173338184,-0.002148589698929801,-0.008247286891649136,-0.03233505663914983,-0.12946924630248655,0.6495129449850122,-5.1918633709861435e-5,-0.0001328176737191814,-0.0006808845208130574,-0.004551333243032957,-0.02100722811373339,-0.05000958053727164,-0.057273380705957326,-0.025586145522011012,-0.0041345818885503574,0.008262440517229616,0.010598677522826411,0.0053499566104116755,0.0011911898221134058,0.00016419284518391704,2.527936133823366e-5,5.2990411546115065e-6,-0.3692982146387014
71.5,0.03409555959557479,0.007777315612285879,0.001959625327695172,0.0005145639271174312,0.00014181157118244112,4.14152874462194e-5,1.0880918785074326e-5,-2.9915600474867575e-6,-1.8400097901727496e-5,-5.452725980036929e-5,-0.00016916382303770936,-0.0005801967443656345,-0.0021467495180688954,-0.008239708638263253,-0.0322756954550383,-0.12880611131558606,0.6515000449926831,-5.198701698434317e-5,-0.00013293696179130646,-0.0006810351530950955,-0.004552399643958515,-0.021039923872472298,-0.05025524243127183,-0.0576085669756656,-0.025653807418223953,-0.004155978335354624,0.008206600869170128,0.010540685624874611,0.00533128865175737,0.001188212290991469,0.0001637438182744375,2.5167875554626442e-5,5.253153822168123e-6,-0.371258093151081
72.0,0.03417800488428767,0.007771929945470343,0.0019570734925860723,0.0005139474872375903,0.00014171307045527455,4.142857637830371e-5,1.091749429860324e-5,-2.9397267409321763e-6,-1.831596233288327e-5,-5.437264337100291e-5,-0.00016885516416630355,-0.0005795152525887388,-0.0021449244634622533,-0.008232195931979177,-0.03221653019193436,-0.12814256143714006,0.6534898187458695,-5.2054955700012855e-5,-0.00013305582218659968,-0.0006811853802096088,-0.0045534714471177394,-0.02107274064124531,-0.050501826306484254,-0.05794503825668842,-0.025721708453313823,-0.004177367579180668,0.008150840453871067,0.010482777281470169,0.005312644102782281,0.001185238271321415,0.00016329523029644323,2.5056488249237083e-5,5.207313970294063e-6,-0.3732190088923244
72.5,0.03426056542065208,0.007766582454439376,0.0019545301209763816,0.0005133327130464628,0.00014161465976533574,4.144178652781374e-5,1.0954028310597484e-5,-2.8878484157637168e-6,-1.8231690301365723e-5,-5.4217858121834495e-5,-0.00016854673038796717,-0.0005788365069472898,-0.0021431139948865077,-0.008224743730712154,-0.03215754068149901,-0.12747851599379248,0.6554824045417532,-5.212244422954375e-5,-0.00013317419863179372,-0.0006813354722682803,-0.004554548292361718,-0.021105678420052426,-0.05074938978673468,-0.05828276573711291,-0.025789857270854477,-0.004198751780921959,0.0080951549495455,0.010424951052017442,0.005294023683784232,0.0011822672228798765,0.00016284714877785512,2.494520504939232e-5,5.161534260474483e-6,-0.3751809157633709
73.0,0.034343290184919925,0.007761277460979911,0.0019519961132383778,0.0005127196495626628,0.0001415164066405455,4.145490382643265e-5,1.099051026981943e-5,-2.835929292476429e-6,-1.814728321400654e-5,-5.4062892798210556e-5,-0.00016823853295735362,-0.0005781605074412873,-0.00214131847249057,-0.008217353475057827,-0.032098738448497394,-0.12681395193601303,0.6574778945784554,-5.2189476945609124e-5,-0.00013329212489084896,-0.0006814848890477437,-0.004555629819541539,-0.021138731446511076,-0.050997915584875375,-0.05862179551599969,-0.025858248108463346,-0.0042201294999828515,0.00803954867798036,0.01036720693651643,0.005275428475209953,0.0011792999560019041,0.00016239953995471275,2.483402595509215e-5,5.11579534877373e-6,-0.37714388291281153
73.5,0.03442614748398703,0.007756009923007193,0.0019494702088508722,0.0005121080716931208,0.00014141825480763645,4.146793108782379e-5,1.1026946507011656e-5,-2.7839709537559586e-6,-1.8062742477637404e-5,-5.390778116409152e-5,-0.00016793058312911642,-0.0005774872540707315,-0.0021395371759766178,-0.008210023004122732,-0.032040103324590494,-0.12614882316474108,0.6594761505587944,-5.225604259355551e-5,-0.00013340954469049805,-0.0006816340807341377,-0.004556717109103938,-0.02117190980479076,-0.051247438275201805,-0.058962173692409366,-0.025926889609714288,-0.004241502897256811,0.00798401299560178,0.010309541333478023,0.00525685559586816,0.0011763356603524476,0.00016195240382701608,2.4722950966336576e-5,5.070110248384879e-6,-0.3791077489939341
74.0,0.034509145961427255,0.007750782001414688,0.0019469525878883201,0.0005114979344192229,0.00014132017050264825,4.148085987099708e-5,1.1063327174352374e-5,-2.7319799061988414e-6,-1.79780779400801e-5,-5.375252884680411e-5,-0.00016762292592186943,-0.0005768169269100777,-0.0021377711857913846,-0.008202755919395977,-0.03198163530977831,-0.12548310663044632,0.6614770341855882,-5.23221411733829e-5,-0.0001335265030493549,-0.0006817829122716207,-0.004557809080602179,-0.021205214935487132,-0.051497980907244265,-0.05930391179110708,-0.025995776012224733,-0.004262866930659084,0.007928552944494517,0.01025195064141311,0.0052383068465034046,0.0011733746060431905,0.0001615057291401117,2.46119969651058e-5,5.024480366139614e-6,-0.38107267535345074
74.5,0.034592305785579626,0.007745593696202396,0.0019444436104996327,0.0005108894178154246,0.0001412222099988482,4.14936732939723e-5,1.1099649458178221e-5,-2.6799589634684457e-6,-1.789329522866137e-5,-5.359711333704139e-5,-0.00016731552757165224,-0.0005761493008662567,-0.0021360194214881368,-0.008195547899090631,-0.03192333152286956,-0.12481673318453786,0.6634806837560187,-5.23877726850913e-5,-0.0001336428874208848,-0.0006819311585671232,-0.004558905373887353,-0.02123863819502632,-0.05174954924338534,-0.05964702133685801,-0.026064921721951118,-0.004284228443018979,0.00787316060138253,0.0101944384618108,0.005219780426371134,0.0011704167930741325,0.000161059527148653,2.4501138628429518e-5,4.978901129834962e-6,-0.3830383623474674
75.0,0.03467561543167898,0.007740443566774674,0.001941942916535899,0.0005102822967886565,0.00014112427200435511,4.150637979773956e-5,1.1135911248241667e-5,-2.627912697767743e-6,-1.780839715704457e-5,-5.34415909080707e-5,-0.00016700843309707872,-0.0005754846910695655,-0.002134282783439152,-0.008188402544695805,-0.03186519196386424,-0.12414969130225052,0.6654870070719647,-5.245291461937377e-5,-0.00013375877658766203,-0.000682078909657873,-0.004560005988959459,-0.02127218246459961,-0.05200216633315533,-0.059991554191105315,-0.026134323857702157,-0.004305582032102833,0.00781784172864839,0.01013699903228852,0.005201275975322436,0.0011674619513335905,0.0001606137528340262,2.4390406906604767e-5,4.933384849248156e-6,-0.3850049943722267
75.5,0.03475907778091661,0.007735333774024986,0.001939450145848208,0.0005096765713389186,0.00014102640153778283,4.151895405932856e-5,1.117209636597835e-5,-2.5758477915472314e-6,-1.7723394979883178e-5,-5.328592779593165e-5,-0.00016670161998884195,-0.0005748225122780238,-0.0021325598310487867,-0.008181309051744167,-0.03180718205846689,-0.12348188878546308,0.6674959580343656,-5.2517583858210516e-5,-0.0001338741255310727,-0.0006822262105624842,-0.004561110925818498,-0.02130585638778087,-0.052255843701319395,-0.060337487304318704,-0.02620397665709527,-0.004326929138506287,0.007762591284207347,0.01007963379344191,0.005182794573804043,0.0011645103509332479,0.00016016847372415203,2.4279765222007774e-5,4.887907959948494e-6,-0.3869726175267891
76.0,0.034842704358057676,0.0077302621570598685,0.0019369652984365597,0.000509072286484825,0.0001409285873444779,4.153151706626408e-5,1.1208611385744864e-5,-2.5222619244226698e-6,-1.763249395747199e-5,-5.310742899190263e-5,-0.00016630461208769922,-0.0005738010849477301,-0.0021293928615996483,-0.008168515842126576,-0.031728453506515826,-0.12278563162351303,0.669450097213699,-5.256291760238636e-5,-0.00013392231795722985,-0.0006819569542328757,-0.004559192052420532,-0.021325448488540878,-0.052491628871583505,-0.0606711984040874,-0.026256157912516523,-0.004341992366710098,0.00770930221073577,0.010022917542932977,0.0051645238593986025,0.0011616082710081718,0.00015973350387685608,2.4172620920976482e-5,4.8450245648577496e-6,-0.3890217207709828
76.5,0.03491787175757647,0.007722561453044234,0.001933875220779926,0.0005083206106888924,0.00014079420678205,4.1534856884681204e-5,1.1242910645609535e-5,-2.4686718368030568e-6,-1.7539471432881772e-5,-5.292034851460298e-5,-0.0001658742341390189,-0.0005726476630415441,-0.002125697913846941,-0.008153637370314123,-0.031642095560033515,-0.12207833373654645,0.6713978286236074,-5.260091893982671e-5,-0.0001339453112142684,-0.0006815330589645938,-0.004556153836207087,-0.021339903425233963,-0.0527215652235325,-0.06100155003481401,-0.02630249323081394,-0.004355835770552252,0.007656095251215909,0.009965833220236971,0.005145147487836302,0.0011583836777332686,0.00015925326781330513,2.405925561023983e-5,4.801179248603269e-6,-0.3910965472909979
77.0,0.03498234417503334,0.0077115416166645525,0.0019300198266873547,0.000507382917980413,0.00014061376092297073,4.152656783240079e-5,1.1274259076017627e-5,-2.415790440644112e-6,-1.7446505181558903e-5,-5.273314423611517e-5,-0.00016544392371825942,-0.0005714961769357549,-0.002122013770561564,-0.008138805717860104,-0.03155584421762887,-0.12137019454172371,0.6733637230633969,-5.263857701033624e-5,-0.00013396780926655427,-0.0006811083083426484,-0.004553116700440375,-0.021354470728387285,-0.052952728962970284,-0.061333676479374176,-0.026349655451011082,-0.004371070069488802,0.007602086600220095,0.00990799474572127,0.005124286222313826,0.0011547309574403792,0.0001587114125220077,2.393648140920253e-5,4.754948297521139e-6,-0.3931658880228002
77.5,0.035046995226350075,0.0077005613966650835,0.0019261728960941926,0.0005064465758303501,0.00014043327004527756,4.15181212149718e-5,1.1305510435039543e-5,-2.362893217628726e-6,-1.735341934954292e-5,-5.2545748628518375e-5,-0.00016501371458938114,-0.0005703466266303624,-0.002118340971966885,-0.008124017283275409,-0.03146968219215416,-0.12066117946474934,0.6753322451496412,-5.26756104475782e-5,-0.00013398947447448338,-0.0006806817119575339,-0.004550076683482375,-0.021369134551448763,-0.053185039416540784,-0.061667422153438324,-0.026397048166511283,-0.004386283839937423,0.007548147097815199,0.00985022686039213,0.005103448006321657,0.0011510821087482833,0.00015817011996338375,2.381385914598707e-5,4.708790853394482e-6,-0.39523615073581475
78.0,0.035111847961056986,0.007689622953939294,0.0019223340688515286,0.0005055114491828619,0.00014025273414897054,4.150950015041403e-5,1.1336673867081227e-5,-2.309987377769277e-6,-1.726021956416055e-5,-5.235817857379279e-5,-0.00016458355047911676,-0.0005691989671067529,-0.0021146789778395364,-0.008109271346262215,-0.03138358931527037,-0.11995124240656274,0.6773033948823405,-5.27120361335328e-5,-0.00013401023931013494,-0.0006802529996975671,-0.004547030183843975,-0.021383890572631466,-0.053418531158539465,-0.06200284468083223,-0.026444682902079696,-0.004401474200706828,0.007494279625192509,0.00979253244544084,0.005082633200008704,0.0011474365013963866,0.00015762935637347286,2.369136631128651e-5,4.662704805975774e-6,-0.39730738152910217
78.5,0.03517690814153666,0.007678725568189362,0.0019185033449593627,0.0005045776280751762,0.0001400721644887031,4.1500701825064114e-5,1.1367736710657525e-5,-2.2570720417959633e-6,-1.7166908639075173e-5,-5.2170439699265174e-5,-0.00016415347640608014,-0.0005680531983649263,-0.0021110274280306076,-0.008094567906820522,-0.031297579992933935,-0.11924034879286843,0.6792770339643127,-5.274782593156636e-5,-0.0001340301487921228,-0.0006798223066185896,-0.004543980803014288,-0.02139874455431797,-0.05365323876326178,-0.06233996134870362,-0.026492559657716318,-0.004416643312690482,0.007440484902649848,0.009734908619676111,0.005061840722928234,0.0011437939553102339,0.00015708915551623548,2.356901697341769e-5,4.616690858680856e-6,-0.3993793960064199
79.0,0.03524214695587619,0.007667866358223999,0.001914680004119873,0.0005036448423956096,0.00013989150479120792,4.149171498426858e-5,1.1398697558936755e-5,-2.2041568816766097e-6,-1.70734936084452e-5,-5.1982532004935505e-5,-0.00016372350362492473,-0.0005669093654234964,-0.002107386322540099,-0.008079907685248152,-0.031211634056805843,-0.11852842947507553,0.6812532545936792,-5.278297421435215e-5,-0.00013404915790183306,-0.0006793894976647598,-0.004540927100397669,-0.02141369505591263,-0.05388914494356,-0.06267878368181765,-0.026540678433421155,-0.004431790455590562,0.007386756447506815,0.009677351061311013,0.005041070214931338,0.0011401552808248745,0.00015654949488236466,2.344682660752913e-5,4.570758859331515e-6,-0.4014521941677681
79.5,0.035307607621944924,0.007657045324043205,0.0019108640463330595,0.0005027132272000039,0.00013971075505648495,4.148253118703733e-5,1.1429552191423866e-5,-2.1512366217924027e-6,-1.6979975879102314e-5,-5.179446674545726e-5,-0.0001632936096263436,-0.0005657673782452356,-0.00210375566136801,-0.008065286359758176,-0.031125751506886092,-0.11781550750271431,0.6832320106713794,-5.2817464099909964e-5,-0.00013406724412995882,-0.0006789546628733056,-0.00453786691510065,-0.021428734874437222,-0.054126318848025046,-0.06301936930400007,-0.026589039229194204,-0.0044469149091092485,0.00733309353946559,0.009619859770345544,0.005020320955720193,0.0011365194875308034,0.00015601037447186036,2.332478395896736e-5,4.524900366937646e-6,-0.40352586821126796
80.0,0.035373278614977695,0.007646265346838268,0.0019070558317478329,0.000501782782488359,0.00013952991528453422,4.1473147619706986e-5,1.1460296387623805e-5,-2.0983263855839426e-6,-1.6886361078373256e-5,-5.160624954815718e-5,-0.0001628638169196437,-0.0005646271918115299,-0.00210013508436543,-0.008050705370946234,-0.031039915056026955,-0.11710149067766357,0.6852133021974132,-5.285130684289327e-5,-0.00013408436245788621,-0.0006785174420953157,-0.0045348024080167,-0.02144387409406126,-0.054364766239039485,-0.06336175278954635,-0.026637650688609328,-0.004462016673246539,0.007279501940908749,0.009562434026481883,0.004999593305443709,0.0011328868455397038,0.00015547180553937608,2.320288340040564e-5,4.479118898578461e-6,-0.40560032593879813
80.5,0.035439154172591934,0.007635522104822256,0.0019032546400663715,0.0005008533732048335,0.00013934892920208842,4.146355021396072e-5,1.1490918892883101e-5,-2.0454240628037027e-6,-1.6792656240416437e-5,-5.1417886040361983e-5,-0.0001624340692315577,-0.0005634887160851516,-0.0020965238712345366,-0.00803615967672757,-0.03095411606065456,-0.11638629832656722,0.6871969447755382,-5.28844911886486e-5,-0.0001341006141774964,-0.0006780780154052458,-0.004531732138550173,-0.021459106952402166,-0.0546044467799253,-0.06370591108892619,-0.026686492643327512,-0.004477094307406791,0.007225972287964605,0.009505073109422205,0.004978886543804065,0.0011292574448888036,0.00015493374306629792,2.3081130559170715e-5,4.433411640590592e-6,-0.40767556735035876
81.0,0.03550524870074408,0.007624818479186459,0.0018994606513631307,0.0004999246842191298,0.00013916777429984054,4.1453871211976806e-5,1.1521943752003941e-5,-1.990516477312296e-6,-1.669100139661498e-5,-5.11983302604756e-5,-0.00016188050910065181,-0.0005618555758294743,-0.002090929137976148,-0.008013867179432664,-0.030841354877206854,-0.11564010435720945,0.6891158642725642,-5.288929692568016e-5,-0.00013402126887053522,-0.0006770563179632688,-0.004524392303743391,-0.021453190426091773,-0.054811927126973775,-0.06402523351940144,-0.026708104459180572,-0.004483177942811903,0.007175158157809623,0.009448581591833755,0.004958466820846511,0.001125698273275554,0.00015441097566728506,2.2964764476452708e-5,4.391668130871572e-6,-0.40988541801890577
81.5,0.03557156219943412,0.007614153749633051,0.0018956735054891996,0.0004989970306615455,0.00013898648434175105,4.1443950234943285e-5,1.155284340310493e-5,-1.9356095952367316e-6,-1.6589215717466937e-5,-5.097850999623267e-5,-0.00016132664509410223,-0.0005602228407413218,-0.0020853378261324143,-0.007991587647498554,-0.030728562000654977,-0.11489270028751063,0.6910372270198026,-5.289327544568168e-5,-0.00013394057300515765,-0.0006760302537157457,-0.004517033381044325,-0.021447311355268128,-0.055020704010101965,-0.06434653244710041,-0.026729889146510928,-0.004489212237816203,0.007124419658925958,0.00939215562134711,0.00493806870682362,0.0011221423430025038,0.00015388884978351997,2.2848585502348636e-5,4.35002556132586e-6,-0.41209632896584686
82.0,0.03563810043104466,0.00760352575526857,0.0018918933825190333,0.0004980702324576249,0.00013880500305455258,4.143380697850374e-5,1.1583626990592011e-5,-1.8807020097453249e-6,-1.6487304830299044e-5,-5.075844212961341e-5,-0.00016077253348517633,-0.000558590600857922,-0.002079752636820168,-0.007969332605690395,-0.030615760480529233,-0.11414409764223589,0.6929611252153748,-5.289640986667299e-5,-0.00013385848156274985,-0.0006750001377929734,-0.00450965789149535,-0.021441487027078956,-0.05523088691457881,-0.06466988854537918,-0.026751889923187902,-0.004495204755546823,0.007073743825952813,0.00933579015587752,0.004917690400990835,0.0011185896540696527,0.00015336732039638877,2.273260489151197e-5,4.308502572473263e-6,-0.41430793139869715
82.5,0.03570486627676696,0.007592934496093012,0.0018881195621548103,0.0004971442896073679,0.00013862329667428468,4.14234133060245e-5,1.1614278335900825e-5,-1.8258002274346135e-6,-1.6385278582933086e-5,-5.053813791527129e-5,-0.00016021817427387412,-0.0005569590362537304,-0.002074172129443765,-0.007947092690136498,-0.030502918623725454,-0.11339422727279433,0.69488751276022,-5.28987058159808e-5,-0.00013377506207123263,-0.0006739658801577243,-0.00450226619524538,-0.021435710238546044,-0.055442458553256586,-0.06499530181423775,-0.026774095264446338,-0.0045011547757059425,0.007023137861868406,0.009279485195424982,0.004897332983794889,0.001115040206477001,0.00015284642126985187,2.2616814202952603e-5,4.267085447704864e-6,-0.416520409713699
83.0,0.03575919113850665,0.007579168164117819,0.0018836438115629906,0.0004960480413408077,0.00013839885637479245,4.1401925358887523e-5,1.1641935239970865e-5,-1.7717115938370862e-6,-1.628338176408203e-5,-5.031767613578059e-5,-0.00015966363498811636,-0.0005553278768170636,-0.002068596484077661,-0.00792487366321944,-0.030390039311434927,-0.11264303155536018,0.6968337229011282,-5.290044465994187e-5,-0.00013369058464228928,-0.0006729285612567313,-0.004494862614081345,-0.021430005479795334,-0.05565552264902167,-0.06532300274897919,-0.026797052596631007,-0.0045082486288064915,0.0069719895135239894,0.009222676026497002,0.004875731972409159,0.0011111094512247968,0.00015226953024230334,2.2492377126865158e-5,4.223377297539545e-6,-0.41872869301418525
83.5,0.03580236290876959,0.007562550893362915,0.0018785365398556804,0.0004947987297870602,0.00013813592516043394,4.1370392633528865e-5,1.1666865000822033e-5,-1.718356974670534e-6,-1.6181590457607253e-5,-5.009705116381458e-5,-0.00015910885935463575,-0.0005536972125851496,-0.002063025700721856,-0.007902668321961003,-0.030277122543657654,-0.11189049896516828,0.6987980038737963,-5.290153073400169e-5,-0.00013360494798403852,-0.000671887730903856,-0.004487443906663047,-0.021424366988444257,-0.05587008496425663,-0.06565305473581182,-0.02682070717710743,-0.0045163631439208984,0.006920369370106124,0.009165417391728058,0.004853014499399237,0.0011068369146560253,0.00015164242095097314,2.2360184187705424e-5,4.177628186309086e-6,-0.42093305789451946
84.0,0.035845793986248466,0.0075459717983925815,0.0018734359309032244,0.0004935499134380651,0.00013787262254251093,4.133853352321959e-5,1.1691621017960264e-5,-1.6650412192292445e-6,-1.6079704893409667e-5,-4.9876206726105914e-5,-0.00015855382486412533,-0.0005520670435579882,-0.0020574585188551614,-0.007880478106956827,-0.030164136627289465,-0.11113657187839289,0.7007647280966768,-5.290176145439782e-5,-0.00013351790449410406,-0.0006708425337454343,-0.004480008632394843,-0.02141878179913201,-0.056086133974196324,-0.06598526761611062,-0.02684457208454789,-0.00452443372086816,0.006868810452003133,0.009108220702571812,0.004830317194728333,0.0011025672592785423,0.00015101582937370253,2.2228155847852684e-5,4.131966298643016e-6,-0.4231382525579447
84.5,0.03588946132141298,0.00752942871831335,0.0018683405441099784,0.0004923015022565951,0.00013760897103033036,4.130636209627653e-5,1.171620821529645e-5,-1.6117543038374707e-6,-1.5977726478320954e-5,-4.965513719532785e-5,-0.000157998576535199,-0.0005504371896611239,-0.0020518958388498544,-0.00785830085731345,-0.03005109308709551,-0.11038123877026884,0.702733849470709,-5.290111993915005e-5,-0.0001334293753899116,-0.0006697930148000803,-0.004472553910085442,-0.021413239827689088,-0.056303669678840755,-0.06631973935037941,-0.02686865020014368,-0.004532463961137385,0.006817318521597594,0.009051078756050041,0.004807638977949713,0.0010983003950551197,0.0001503898455477193,2.2096325871267348e-5,4.086409571645303e-6,-0.4253440926082185
85.0,0.03593340525094116,0.007512918771933933,0.0018632514599226753,0.0004910535412612639,0.00013734492560527837,4.127385021606601e-5,1.1740614634761277e-5,-1.558512055351655e-6,-1.587565521234112e-5,-4.9433853826133865e-5,-0.00015744302433062896,-0.0005488075608573291,-0.0020463360400358355,-0.00783613369183958,-0.02993797175473677,-0.10962439591790975,0.7047054140949537,-5.2899583678951433e-5,-0.00013333940569007504,-0.0006687389489747246,-0.004465081180330489,-0.021407751158284995,-0.05652272665248537,-0.06665644688908787,-0.026892941523894803,-0.004540446301601444,0.006765889257102574,0.008993992272460569,0.0047849791287655555,0.0010940363219857576,0.00014976440194510262,2.1964664714484056e-5,4.040946047246636e-6,-0.42755076244158324
85.5,0.035977622893641724,0.0074964462810412635,0.0018581677779690377,0.0004898060304520714,0.0001370804525033945,4.124104852852865e-5,1.1765042860117204e-5,-1.5044976321254433e-6,-1.57703440129937e-5,-4.9199937108420174e-5,-0.00015683770404841603,-0.000546980210301379,-0.0020399878752555734,-0.007810919666578402,-0.02981459338139191,-0.10885651234053413,0.7066566951325293,-5.288498639340127e-5,-0.00013320832274111376,-0.000667443988546504,-0.00445584264046476,-0.021393068607480144,-0.05672595436119241,-0.06698039075038945,-0.026905045408496683,-0.004544656802520291,0.006715606706740273,0.008937294029397186,0.004762446772295903,0.001089803942020566,0.00014914611630209264,2.1835621671464148e-5,3.997377173418005e-6,-0.4298237688231684
86.0,0.03602211136832338,0.007480009084741875,0.0018530887779512435,0.0004885586546987205,0.00013681556297933227,4.1207957033664435e-5,1.1789608954978133e-5,-1.4492903914854066e-6,-1.5660177837505802e-5,-4.894707880891702e-5,-0.0001561577316497388,-0.0005448556918752158,-0.002032452839739013,-0.007781123106573283,-0.029675858258480754,-0.10807282831013383,0.7085763983135858,-5.2851076122497146e-5,-0.00013301612702381214,-0.0006657887441514122,-0.004443958086549696,-0.02136454337313096,-0.05690473804301006,-0.06728421813411654,-0.02689872983719287,-0.004543215846727262,0.006667017576557632,0.008881148254763323,0.004740100612813252,0.0010856172109298475,0.0001485383875240372,2.1710462890722962e-5,3.956631459070656e-6,-0.43219593428412956
86.5,0.03606685050664712,0.007463600700355368,0.0018480150000926591,0.0004873114140012113,0.00013655015574121044,4.1174522271869404e-5,1.1813994271967706e-5,-1.3941083858886965e-6,-1.55498737925129e-5,-4.869388849713651e-5,-0.00015547703895323945,-0.0005427299129278638,-0.0020249156433289864,-0.007751316462398656,-0.029536976194813894,-0.10728759996120303,0.710498729141097,-5.281604038624605e-5,-0.00013282192797819294,-0.0006641268370014663,-0.004432041119232639,-0.021336013816994844,-0.05708514671671427,-0.06759059249094246,-0.02689257273140991,-0.0045417046618965815,0.006618494713774621,0.008825057222763938,0.004717772460776154,0.0010814335411048728,0.00014793133402518996,2.1585547491863054e-5,3.916031000094652e-6,-0.43456888342912103
87.0,0.03611187488290839,0.0074472283308599655,0.0018429462643188292,0.0004860642633409298,0.0001362842645529894,4.114070203819304e-5,1.1838184742769086e-5,-1.3389588253476918e-6,-1.5439443132668464e-5,-4.844033240911824e-5,-0.00015479564846822502,-0.0005406027834220956,-0.002017375745802127,-0.007721496132565409,-0.029397938546817468,-0.10650072357085537,0.712423595416942,-5.2779896066628196e-5,-0.0001326257368589096,-0.0006624582220780526,-0.004420091738513589,-0.02130746841430664,-0.05726722648136565,-0.06789957144469293,-0.026886571209956512,-0.0045401254089217176,0.0065700345169021285,0.008769016611612095,0.0046954623161846055,0.0010772527524711862,0.00014732489953228354,2.1460865627062645e-5,3.87556841062365e-6,-0.4369429389515672
87.5,0.03615717873472461,0.007430888374766555,0.0018378814901830207,0.0004848172927551039,0.00013601786690536222,4.110649351897196e-5,1.186217966396643e-5,-1.283843732182938e-6,-1.5328883044309125e-5,-4.8186438681495876e-5,-0.00015411352643073504,-0.000538474258339297,-0.0020098327870095244,-0.007691659956180077,-0.029258719383769886,-0.10571219913909083,0.7143510893392419,-5.274258126304949e-5,-0.0001324274523740809,-0.0006607824942136459,-0.004408108503796903,-0.021278911486853284,-0.057451000386494526,-0.06821121261919373,-0.026880731035215256,-0.004538477007355935,0.006521641307727088,0.008713026421307796,0.0046731690985918764,0.0010730749350660158,0.00014671912906393184,2.133642433048015e-5,3.835249669692308e-6,-0.43931773205898317
88.0,0.03620277070566967,0.007414579391479492,0.0018328213979830555,0.00048357018711343635,0.0001357508615064477,4.1071888273216084e-5,1.1885966374074584e-5,-1.2287740972669644e-6,-1.5218199154761622e-5,-4.793219605961595e-5,-0.00015343063907680916,-0.0005363438874933295,-0.0020022853263555337,-0.007661803611455727,-0.029119307180905992,-0.10492192294302304,0.7162810265117542,-5.270414662145056e-5,-0.0001322271533062811,-0.0006590998785013159,-0.00439609141508258,-0.021250335831656558,-0.05763643385780542,-0.06852547567776683,-0.0268750378012297,-0.0045367554955612135,0.0064733086035691,0.008657084490957577,0.004650891727551233,0.0010688994586287668,0.00014611395509221402,2.1212208126967046e-5,3.7950656328946804e-6,-0.4416933549494902
88.5,0.03624863927097839,0.0073983021012966,0.0018277654474955672,0.0004823228563786994,0.0001354833158841666,4.1036872232608566e-5,1.1909543466261867e-5,-1.1737469310824425e-6,-1.5107399905016055e-5,-4.7677593288825e-5,-0.0001527469864064473,-0.00053421198601449,-0.001994733363840155,-0.007631927818690182,-0.028979701938225785,-0.10412994108171261,0.7182134991326001,-5.266452461391057e-5,-0.00013202468209036169,-0.0006574099247549235,-0.004384039031774976,-0.021221744329907744,-0.057823613331036985,-0.06884251044235921,-0.026869500151573713,-0.004534963394579931,0.006425039285619453,0.008601193701752724,0.00462863236395614,0.0010647272235317173,0.00014550943389039745,2.1088246559988696e-5,3.755031423671368e-6,-0.4440698998212094
89.0,0.03629480171779852,0.007382055063622235,0.0018227134586461002,0.00048107543560673463,0.0001352151512559447,4.100142570150583e-5,1.1932903906369857e-5,-1.118767333394226e-6,-1.4996483888240739e-5,-4.7422652878429956e-5,-0.00015206253465568912,-0.0005320779236421845,-0.001987175999091111,-0.007602026815500864,-0.028839871962625094,-0.10333611525797771,0.720148461102719,-5.262374337706321e-5,-0.0001318201175088969,-0.0006557125879558551,-0.004371950633576269,-0.02119312833803298,-0.05801252728142407,-0.069162288101058,-0.026864118086247286,-0.004533099263816441,0.00637682687119775,0.008545343969523727,0.0046063881266153114,0.0010605573294025894,0.00014490552043986825,2.096452134073321e-5,3.715137194200585e-6,-0.44644722837695905
89.5,0.03632835319035003,0.007363181099790821,0.0018171005378677045,0.0004796917434905591,0.00013491200716473904,4.095648868386479e-5,1.195349570172431e-5,-1.0646269108053421e-6,-1.488571840245558e-5,-4.7167453611005106e-5,-0.00015137731758849498,-0.000529942330637007,-0.0019796143125551343,-0.007572101322185597,-0.02869983742244294,-0.10254046852134865,0.7221029690745374,-5.258200549467093e-5,-0.00013161363963634225,-0.0006540087684763883,-0.004359830182124481,-0.021164512346158217,-0.058203302481383355,-0.06948507948584427,-0.02685930361560464,-0.004532029981699595,0.006328306169308204,0.00848919675429422,0.004583231632082844,0.0010560917530175063,0.00014425747749308444,2.083389561206913e-5,3.6733338941350086e-6,-0.44882183708813256
90.0,0.0363453810308635,0.007340872755943828,0.001810755794502097,0.00047813040792401825,0.00013456340552816937,4.089922500701109e-5,1.1970474753314995e-5,-1.0117361064595127e-6,-1.477582093181927e-5,-4.691447151031379e-5,-0.00015070105922546272,-0.0005278433377649129,-0.0019722024479661465,-0.007542750626532333,-0.02856151142869471,-0.10174474111136353,0.7240861967611169,-5.2540937264160084e-5,-0.00013140875992458033,-0.0006523144479244497,-0.004347770955987568,-0.021136497082667047,-0.0584013613329193,-0.06981896345709025,-0.026856356156916776,-0.004532165397690142,0.00627933816247116,0.008432643291093072,0.004558876922123382,0.001051238026143561,0.0001435507415284563,2.06937400055796e-5,3.6286047358752377e-6,-0.45117597781639446
90.5,0.03636270563407967,0.00731858674132932,0.0018044132120299556,0.0004765682170038137,0.0001342139597925895,4.084158992659289e-5,1.1987723916588953e-5,-9.569762382948957e-7,-1.4658510865041497e-5,-4.663287445317582e-5,-0.00014991231060100107,-0.0005252983905037364,-0.0019630164898414267,-0.0075066269704582465,-0.02840136329212938,-0.10092952532350477,0.726029687057449,-5.246717989264658e-5,-0.00013110527819377058,-0.0006500565393453638,-0.004331557052013017,-0.021085442373039498,-0.05855109684416895,-0.0701099003909938,-0.026821611871171935,-0.004523302493138616,0.00623299852238681,0.008376926093663334,0.004534806009505811,0.0010464582198336046,0.00014286217057452822,2.0560541181766016e-5,3.5889201243253274e-6,-0.45371368500401243
91.0,0.03638033564357239,0.007296330258925516,0.0017980727904512803,0.00047500530578578707,0.00013386364744869244,4.0783408995481416e-5,1.20047409526351e-5,-9.021341584037618e-7,-1.4540505823411971e-5,-4.634867194375963e-5,-0.00014911387171990203,-0.0005227161228116545,-0.001953684491333284,-0.007469939321189488,-0.028239255945488047,-0.10011099040328196,0.7279727163631751,-5.2389730994795026e-5,-0.00013079199365978876,-0.0006477476696953673,-0.004314986960765458,-0.02103258259706987,-0.0586992880368881,-0.07040114849355646,-0.02678456551358779,-0.004513674272151152,0.006186915308327113,0.008321314059715616,0.004510767870439143,0.0010416859766507797,0.00014217541161980874,2.042807109676459e-5,3.5497402136419474e-6,-0.4562650836126322
91.5,0.0363982854652981,0.007274095385456373,0.0017917338094682492,0.0004734413141210274,0.00013351237845925045,4.072467095902319e-5,1.2021469588186086e-5,-8.473612770460704e-7,-1.4422368539604176e-5,-4.6064022061868017e-5,-0.00014831435239206987,-0.000520130748835215,-0.001944343309027911,-0.0074332098946470505,-0.028076846073761447,-0.09929042712439223,0.7299183733153559,-5.2310976557140985e-5,-0.00013047615431946931,-0.0006454294811922978,-0.004298366808819266,-0.020979656553700612,-0.058849934004584825,-0.07069648212536585,-0.026747657453185483,-0.004503950611702265,0.006140894039880113,0.008265740921850291,0.004486743777180006,0.0010369153541380546,0.00014148918163380233,2.029583735948603e-5,3.51069782075565e-6,-0.45881592903252455
92.0,0.03641655509925681,0.007251883561517537,0.0017853966292297732,0.00047187624200953457,0.00013316018658822396,4.066535049424791e-5,1.2037912636905278e-5,-7.926669144817259e-7,-1.4304097606786429e-5,-4.5778921993837615e-5,-0.00014751357254304915,-0.0005175419984627346,-0.00193499078203184,-0.007396430047257069,-0.02791411062741928,-0.09846777786300982,0.7318666118149311,-5.223085467909038e-5,-0.0001301577714274657,-0.0006431017487430861,-0.004281697316472263,-0.020926657039953504,-0.05900300017296368,-0.07099593009833483,-0.026710879046391144,-0.004494132592238688,0.006094932556152344,0.008210209561258645,0.004462730848537111,0.0010321468024815678,0.00014080343559789513,2.0163821681118443e-5,3.471786614923859e-6,-0.4613662212636896
92.5,0.03643513302068336,0.007229695507406828,0.0017790605294380304,0.0004703100444326948,0.00013280697054373174,4.0605427905512003e-5,1.205405603047584e-5,-7.380546757169181e-7,-1.4185704279612198e-5,-4.549335767135159e-5,-0.00014671158844610716,-0.00051494960158253,-0.001925624929526061,-0.007359596897828255,-0.02775102943812252,-0.09764300804483926,0.7338175240600218,-5.2149410379257084e-5,-0.00012983674369189676,-0.0006407644273291182,-0.004264977403277717,-0.02087357253106339,-0.05915855569061556,-0.07129956732343691,-0.026674221649630913,-0.0044842169724202225,0.006049030857143805,0.008154716376451567,0.004438728724361547,0.0010273794213090418,0.00014011819602139408,2.0032035316315303e-5,3.433008706394099e-6,-0.4639159142070666
93.0,0.03645401346719517,0.007207524020146027,0.001772724249571832,0.0004687425413160526,0.0001324527528350807,4.0544914447468936e-5,1.2069906803056192e-5,-6.835216151978089e-7,-1.4067174489764649e-5,-4.520733472173668e-5,-0.00014590832131866963,-0.0005123533781201458,-0.0019162473721806737,-0.0073227046839780315,-0.027587585218723447,-0.09681607157081996,0.735770971753446,-5.206658738437376e-5,-0.0001295130711127624,-0.0006384171117828692,-0.0042482049083421595,-0.020820405908221564,-0.059316646656601094,-0.07160750328594104,-0.026637685262904786,-0.004474205192842512,0.006003184260918655,0.008099257045642128,0.004414738124951135,0.0010226136608066155,0.00013943348541360607,1.9900471230918187e-5,3.3943725361564728e-6,-0.46646496176359514
93.5,0.03647322813189642,0.007185373421522066,0.0017663892302268221,0.0004671736426223801,0.00013209744342504312,4.0483770728831564e-5,1.2085443852171077e-5,-6.290786358699472e-7,-1.3948525119223984e-5,-4.4920830635685935e-5,-0.00014510373739677612,-0.0005097530579638985,-0.001906854688581023,-0.007285751244812934,-0.027423757800883037,-0.09598688776759583,0.7377270931923857,-5.19823856944404e-5,-0.000129186641143528,-0.0006360598021043391,-0.004231379471516681,-0.02076715861202367,-0.05947727307092027,-0.07191977256014268,-0.026601269886212767,-0.004464092571569714,0.005957394568221447,0.008043832289128146,0.004390756529263499,0.0010178488907136947,0.00013874919122799646,1.97691378659172e-5,3.3558714217604826e-6,-0.4690132717351539
94.0,0.0364927539652568,0.007163240110045834,0.0017600531304350793,0.0004656032132958357,0.00013174097478569813,4.042199393593653e-5,1.2100664364157127e-5,-5.747263971856849e-7,-1.3829751947495153e-5,-4.463387073616967e-5,-0.00014429778040715935,-0.0005071488211882438,-0.0018974484993972086,-0.0072487329788438505,-0.02725954718460129,-0.09515544511040172,0.7396858422777804,-5.1896765918169856e-5,-0.00012885751005746086,-0.0006336922281818448,-0.004214500372503459,-0.020713814795917614,-0.05964052136931174,-0.0722364788689282,-0.02656497551955485,-0.004453881629644204,0.00591165781741416,0.007988438505420511,0.004366784657596461,0.0010130858313281011,0.00013806538099248603,1.9638040848639078e-5,3.317508880285338e-6,-0.4715608441217428
94.5,0.03651260249204146,0.007141125526312975,0.0017537173907922474,0.0004640312983550334,0.00013138340319031314,4.0359555932150146e-5,1.2115559898024238e-5,-5.204728125732426e-7,-1.3710856381409838e-5,-4.434642407289084e-5,-0.0001434904728591262,-0.0005045402626256568,-0.0018880270038846756,-0.0072116498860707815,-0.027094930320347904,-0.09432169750017702,0.7416470807124481,-5.1809756192195814e-5,-0.00012852557656267978,-0.0006313145250712276,-0.004197566891004672,-0.020660388865859847,-0.059806426126070976,-0.07255770288565368,-0.02652879640054847,-0.004443566964832318,0.005865976169390261,0.007933075694519228,0.0043428210693543775,0.0010083234922403294,0.0001373820209431144,1.9507171738093715e-5,3.279288428810248e-6,-0.4741074484280589
95.0,0.036532782355824266,0.007119026789132202,0.001747380390628227,0.000462457537651062,0.0001310247061295812,4.029658895965069e-5,1.2130535621297323e-5,-4.6494217649991327e-7,-1.3586906069084958e-5,-4.403990077198092e-5,-0.000142609334784332,-0.0005016410638918689,-0.0018774573536437804,-0.007170231320706739,-0.02691672863917048,-0.09347572211412505,0.7435896951266285,-5.169777239017256e-5,-0.00012812407805480266,-0.0006285606464230402,-0.004177895557484238,-0.020591041472743286,-0.05993250129446162,-0.07284083179116609,-0.026469847226791153,-0.0044272727476506075,0.005822021435394748,0.00787826823323875,0.0043190505209286046,0.0010036137348935683,0.00013671254913612434,1.938194261576834e-5,3.245148492633756e-6,-0.47680267610578736
95.5,0.03655328779422264,0.007096941017312225,0.0017410423100174734,0.0004608819311839216,0.0001306647935662745,4.023303674517081e-5,1.2145471953283264e-5,-4.085298965957995e-7,-1.3459361301808199e-5,-4.3719849377600446e-5,-0.00014167600888139893,-0.0004985370304649329,-0.001866080249544357,-0.007125758692577166,-0.026728898016707775,-0.09262049810403783,0.7455203698841106,-5.156786555249885e-5,-0.00012767303656235202,-0.0006255405276923741,-0.004156294546098507,-0.020510546750532536,-0.06003183324531486,-0.07309926888733832,-0.026395037094992094,-0.004406775592677182,0.0057792890468032695,0.007823854054569118,0.0042954161087912016,0.0009989409828474155,0.00013605292515092026,1.9260732811563325e-5,3.2139076848494684e-6,-0.479600842985862
96.0,0.03656871081118857,0.007073973600958049,0.0017345187527175396,0.00045925982048864453,0.00013029198317009155,4.016554258831318e-5,1.2159073202001364e-5,-3.5254907438368326e-7,-1.3331765888590827e-5,-4.339917334995241e-5,-0.00014074063463153435,-0.000495426334283143,-0.0018546784752445278,-0.007081185222752505,-0.02654055742338705,-0.09176280203182531,0.7474610481377455,-5.143632116274531e-5,-0.00012721858490990007,-0.0006225073085450694,-0.004134619344037105,-0.02042986042910112,-0.06013405214983891,-0.07336300161309833,-0.026320350854418428,-0.004386403769524796,0.005736514880938112,0.0077693750490955,0.004271506182736861,0.0009941736016748895,0.00013537917657561172,1.9137398691515908e-5,3.1820949999857525e-6,-0.4823974885969364
96.5,0.036553184071336266,0.007045817879391581,0.0017269253730773926,0.00045737624168395996,0.00012985045185982282,4.0078473775408416e-5,1.2166502680123033e-5,-2.987053613895916e-7,-1.3204802142799441e-5,-4.3078148428046814e-5,-0.0001398032908173126,-0.0004923084801417464,-0.0018432507702231048,-0.0070365015473610685,-0.026351666522530272,-0.0909025820360443,0.7494454283008403,-5.130366256229827e-5,-0.00012676122955685297,-0.0006194620694278591,-0.004112874993384785,-0.020349004117383697,-0.060239250206155,-0.07363226046374917,-0.026246413723579706,-0.004367429324147205,0.00569321813900305,0.007714385352466041,0.00424595577839278,0.0009888528517005668,0.00013462068045967654,1.9000222754532475e-5,3.145983740912463e-6,-0.4851884179244949
97.0,0.03653796850014309,0.0070176679202076896,0.0017193273115014022,0.0004554900067810566,0.00012940728862480096,3.9990538354186495e-5,1.2173508701907904e-5,-2.4498410869721785e-7,-1.3077672390869376e-5,-4.275641727663599e-5,-0.00013886367356308996,-0.0004891831529104457,-0.0018317946134377102,-0.006991704785211569,-0.026162233957711303,-0.09003977473048645,0.7514327588038142,-5.116926511789016e-5,-0.00012630029522400248,-0.0006164026944658908,-0.004091052850567683,-0.020267933156915302,-0.06034736979043736,-0.07390686680543099,-0.026172456424401965,-0.004348316581587777,0.005649975779553554,0.007659417985069067,0.004220408255239988,0.0009835314714656497,0.00013386253323799895,1.8863274724281805e-5,3.1100265299085405e-6,-0.4879787940633261
97.5,0.036523049691652605,0.00698951868132162,0.0017117249281384795,0.00045360062057518165,0.0001289624146824517,3.990171100167709e-5,1.2180088453692611e-5,-1.913925043371959e-7,-1.2950368191810533e-5,-4.243397989571995e-5,-0.00013792182788748035,-0.0004860500374589442,-0.0018203103650372553,-0.006946788453623607,-0.025972213629869536,-0.08917432825370858,0.7534232240429097,-5.103308381090712e-5,-0.00012583573689273477,-0.0006133292736963923,-0.004069151474990153,-0.020186643225909,-0.06045847428889433,-0.07418694164817786,-0.026098467432120055,-0.004329060139612849,0.005606787802589624,0.007604471506308933,0.004194861452385018,0.0009782095510073659,0.00013310459985473724,1.8726557414427265e-5,3.0742152776918023e-6,-0.49076834041906625
98.0,0.036508456457777685,0.006961372323626838,0.0017041176827652577,0.0004517082181221769,0.0001285157737595077,3.9811969208573284e-5,1.2186225053496951e-5,-1.3793775832190478e-7,-1.2822912054929848e-5,-4.211082503064522e-5,-0.0001369776524986025,-0.0004829091337872416,-0.0018087964043516406,-0.006901750391703718,-0.025781605539004968,-0.08830623108094553,0.755416685720945,-5.089512426867586e-5,-0.00012536743076186165,-0.0006102411768587695,-0.004047169786205464,-0.020105141527343013,-0.06057260980058653,-0.0744725656653459,-0.026024443865542684,-0.004309661078669153,0.005563653127664526,0.007549543755292172,0.004169315009678959,0.0009728869102512602,0.00013234694783781232,1.8590060977147065e-5,3.0385535013414583e-6,-0.4935571491898367
98.5,0.0364941743925619,0.006933223084740769,0.001696504494935004,0.00044981234923590344,0.00012806736585596897,3.972130734754833e-5,1.2191911467162504e-5,-8.461987065134452e-8,-1.2695277250425332e-5,-4.178693579943159e-5,-0.0001360310573592287,-0.0004797598566533576,-0.001797252011083044,-0.006856584116771502,-0.02559037511082214,-0.08743536796454576,0.757413282135102,-5.0755318963275576e-5,-0.0001248953543220762,-0.0006071385390088637,-0.00402510562332015,-0.020023409333473966,-0.06068980513742683,-0.07476384834220402,-0.02595038284347857,-0.0042901150769697576,0.0055205692337358826,0.007494632571125318,0.0041437685669729,0.0009675632790856491,0.00013158954342326368,1.8453802294421414e-5,3.003046476476322e-6,-0.49634508207845546
99.0,0.036480206377196525,0.006905069524067766,0.0016888850044988074,0.00044791310395358915,0.00012761706717064733,3.962966914533488e-5,1.2197132219540748e-5,-3.1448925451060415e-8,-1.2567491914930661e-5,-4.146230376108896e-5,-0.00013508204246935889,-0.00047660211602006434,-0.001785675024337999,-0.006811284586742205,-0.025398507939364615,-0.08656172737974414,0.7594128288891381,-5.061372416797361e-5,-0.00012441951882803188,-0.0006040209099605364,-0.004002957905887477,-0.019941443763110574,-0.06081007758656297,-0.07506081849066512,-0.02587627284116255,-0.004270423214961395,0.005477530718570029,0.007439732191425796,0.004118219243075552,0.0009622382073243939,0.0001308322403005963,1.8317741974963164e-5,2.967674155744901e-6,-0.4991322312830438
99.5,0.036466549530490285,0.006876913802501298,0.0016812592114566675,0.0004460101221263229,0.00012716492272215666,3.953718965777458e-5,1.2202217916077357e-5,2.2582778174485e-8,-1.2436137447454418e-5,-4.11245825607611e-5,-0.00013408342832164823,-0.00047325160568214257,-0.0017733435256243471,-0.006763160768952615,-0.025197919401877596,-0.08567913781480127,0.7614061983690521,-5.045207358018869e-5,-0.00012389199071060134,-0.0006006412725794351,-0.00397894425694676,-0.01984824874970128,-0.06089787324749811,-0.07532527727662977,-0.025785630563234633,-0.004246641141770469,0.005435669530194332,0.007385206366593744,0.0040927995727861755,0.0009569500508265192,0.00013008583168248755,1.8186379066496818e-5,2.9356935303489426e-6,-0.5020411281067079
100.0,0.03645321537720833,0.006848751598254431,0.001673626395510763,0.00044410344877271853,0.00012671091000119005,3.944391390348129e-5,1.2207362699544683e-5,7.81054980718753e-8,-1.229911063462946e-5,-4.076611903408863e-5,-0.00013300606536361027,-0.000469594473565093,-0.0017598109302924118,-0.006710549495731596,-0.02498363656219759,-0.08478383067151211,0.7633877664894496,-5.025914068308482e-5,-0.0001232832715230406,-0.0005968475089692637,-0.003951963701276981,-0.01973705781550566,-0.060931439126006064,-0.0755341866945572,-0.025668314216360226,-0.004216345055225753,0.005395668871093012,0.007331272626571425,0.004067588788865196,0.0009517224893829254,0.00012935685652260334,1.8062447042983826e-5,2.9090820780738602e-6,-0.5051469601173055
100.5,0.036440175105437775,0.006820579309838056,0.001665985116065449,0.0004421928137810929,0.00012625489395190581,3.934963085770247e-5,1.2212043228556383e-5,1.335136903297955e-7,-1.2161826371606383e-5,-4.040663133395042e-5,-0.00013192526973626405,-0.0004659255915898211,-0.001746233676495509,-0.006657760308948529,-0.024768567157295897,-0.08388546370307484,0.7653730686337566,-5.006395122796027e-5,-0.00012266979161706216,-0.0005930345224109661,-0.003924873660338249,-0.019625483682868705,-0.06096823770113942,-0.0757496018424135,-0.025550752968226315,-0.004185851967226702,0.005355727276413102,0.007277350411314259,0.004042374763604017,0.0009464939375298261,0.0001286281852383628,1.793883577709472e-5,2.882692553496883e-6,-0.5082526538307213
101.0,0.03642746328947407,0.006792397657549993,0.0016583360934185477,0.0004402781271142182,0.00012579678453707624,3.925430957014107e-5,1.2216239807468887e-5,1.8879151435321327e-7,-1.2024290285711921e-5,-4.004609695103954e-5,-0.00013084106394891653,-0.0004622442844771186,-0.001732609243191261,-0.006604782404136081,-0.02455269966240736,-0.08298399081042886,0.767362012603852,-4.9866533351448726e-5,-0.00012205152848335911,-0.0005892023129045423,-0.003897671613088187,-0.01951351770821655,-0.06100830354719364,-0.07597155729449408,-0.02543292088811131,-0.004155155395092921,0.005315838983772025,0.0072234368396309565,0.004017158937598284,0.0009412640351183104,0.00012789984033907288,1.7815518539027504e-5,2.856514053672462e-6,-0.5113582092469553
101.5,0.03641505399859564,0.00676420159930549,0.0016506780670488708,0.00043835907364179723,0.00012533657050204782,3.9157955668123824e-5,1.2219949622618827e-5,2.439450755718184e-7,-1.1886498156451026e-5,-3.96845130716926e-5,-0.0001297532566724587,-0.00045855037215253015,-0.0017189376303796682,-0.006551612179805145,-0.02433600238442781,-0.08207937165689612,0.7693545523006751,-4.9666836407609576e-5,-0.00012142841459401064,-0.000585350250189398,-0.003870355398633329,-0.019401149807379683,-0.06105165395131644,-0.07620017406083306,-0.025314815094823924,-0.004124255698973319,0.0052760061540632446,0.007169528310032409,0.003991937349209973,0.000936032241925012,0.00012717176555146625,1.769252627907923e-5,2.8305551954446604e-6,-0.5144635341678861
102.0,0.03640296163875891,0.006735994016295834,0.0016430106768075073,0.0004364356983824439,0.00012487420682820669,3.906052413303687e-5,1.222315860568937e-5,2.989610750298508e-7,-1.174845561115043e-5,-3.9321865627592784e-5,-0.00012866184790689058,-0.0004548436295229863,-0.0017052166771672644,-0.0064982460344666084,-0.02411846091740081,-0.08117156014341602,0.7713506877242259,-4.946485476911608e-5,-0.00012080033740248205,-0.0005814784693213748,-0.003842924296675852,-0.01928837853976247,-0.061098369586863904,-0.07643557891384713,-0.02519643846955544,-0.004093148196932052,0.005236225906095476,0.007115627703709905,0.003966711078885819,0.0009307989180988416,0.0001264440171488102,1.7569840708438003e-5,2.804816154667438e-6,-0.5175685824944534
102.5,0.03639116892281616,0.006707767705542804,0.0016353333824710903,0.00043450768620586106,0.00012440963724228552,3.896201496488018e-5,1.2225863943017142e-5,3.538419966645021e-7,-1.1610157022483399e-5,-3.895812929576978e-5,-0.00012756669134171707,-0.0004511232462534371,-0.0016914444027350387,-0.006444671002759674,-0.023900029162265742,-0.08026046407186734,0.773350464973565,-4.926058280864151e-5,-0.0001201673419273872,-0.0005775862049840368,-0.0038153757861733796,-0.019175192380599747,-0.061148427404305726,-0.07667779490306659,-0.025077759319201698,-0.004061832888969122,0.005196494638379607,0.007061725656791756,0.003941477965732356,0.0009255635234164327,0.00012571649383922358,1.744745338611372e-5,2.7792893696204954e-6,-0.520673354226657
103.0,0.036350276174862216,0.006675594883022711,0.0016268570977755544,0.00043238060171870666,0.00012389008867416497,3.884662100285562e-5,1.2222701385392163e-5,4.0650155305232166e-7,-1.1472500652479981e-5,-3.859370643008512e-5,-0.00012646793328743326,-0.00044738944743695215,-0.0016776200867851694,-0.006390888525279987,-0.023680708559618256,-0.07934604310557201,0.7753919157736971,-4.905454949489893e-5,-0.00011952986710021143,-0.0005736750778474836,-0.003787714549061755,-0.01906159997346538,-0.06120201179988435,-0.07692724844480209,-0.024959351000829046,-0.004031399585689302,0.005156378731626759,0.007007412319817212,0.003915065004746359,0.0009199189095338666,0.00012492531420961247,1.7314353040517997e-5,2.750118187096904e-6,-0.5237752678171025
103.5,0.036293692459152545,0.006641264768525553,0.0016179403509618293,0.0004301421861994302,0.00012333929718801262,3.872137921904509e-5,1.221602456222128e-5,4.5784005052564816e-7,-1.1335105249753892e-5,-3.8228408515093187e-5,-0.00012536546119750445,-0.00044364155779432314,-0.0016637415684241904,-0.006336887797560216,-0.023460460213375955,-0.07842824538308688,0.7774577990759536,-4.8846479088878344e-5,-0.00011888767657323186,-0.0005697441425208239,-0.003759936263554046,-0.018947589793594222,-0.06125908819930431,-0.07718385886569758,-0.024840936920073817,-0.004001353802637751,0.005116067984313043,0.006952867046943964,0.0038880008945292215,0.000914049922879729,0.00012409950401127517,1.717548609185075e-5,2.7190156005255407e-6,-0.5268757523366692
104.0,0.03623734211993722,0.006606896478243825,0.0016090075775215633,0.00042789742305559696,0.00012278561325591858,3.8594890982362796e-5,1.2209045270238399e-5,5.099503710314497e-7,-1.119441293697703e-5,-3.785136074187892e-5,-0.00012421953489052926,-0.00043972745942925397,-0.0016492182034380126,-0.006280490638986455,-0.023232872032326875,-0.07750151596760822,0.7795242355669373,-4.861763259255274e-5,-0.00011819536907435184,-0.0005655755989501123,-0.0037305131779696646,-0.018823442142175403,-0.06128130794651919,-0.07740332496850512,-0.024707154564987135,-0.003967713013156303,0.005076772136630609,0.00689863078183638,0.0038610408673473715,0.0009082135297020397,0.00012328446451630837,1.7041586665858676e-5,2.6915023691412004e-6,-0.5301065128015248
104.5,0.036181196345303354,0.006572486410688418,0.001600058957529212,0.0004256459521382957,0.00012222908189649668,3.846728009399691e-5,1.2202164456473377e-5,5.639802694061822e-7,-1.1046811673801471e-5,-3.745010702271476e-5,-0.00012298402154193544,-0.00043546950889137935,-0.0016333608468853814,-0.00621916016062941,-0.022990483171630122,-0.07655929150538142,0.7815875373217994,-4.834641795324055e-5,-0.00011740048666374921,-0.0005609170277673313,-0.0036976697581772356,-0.01867786274935904,-0.06122435255713333,-0.07753493202416918,-0.024540486292536526,-0.003926531785924629,0.0050396270982448425,0.006845075198170642,0.0038343253812761105,0.0009024527677956664,0.00012249303728432094,1.6918190645217176e-5,2.671592007883546e-6,-0.5336195839135669
105.0,0.03612528682835513,0.006538034565859331,0.001591092870314676,0.0004233879085033682,0.00012166946676202411,3.833821454167006e-5,1.2194616804490276e-5,6.178336983315895e-7,-1.0898867143695089e-5,-3.704737331661933e-5,-0.00012174338732601293,-0.0004311928306101312,-0.0016174312804760889,-0.006157550206717407,-0.022746966324544024,-0.07561328692018446,0.7836556333789653,-4.807233337729359e-5,-0.00011659927913789662,-0.0005562319406209756,-0.003664667872863954,-0.01853163076671589,-0.06117067020105091,-0.0776741454248342,-0.024373184158002503,-0.0038850746846271064,0.005002533921302265,0.006791505928846284,0.003807590807312565,0.0008966868737673112,0.00012170153126975922,1.6795090059229254e-5,2.651906915549245e-6,-0.537134314591791
105.5,0.03606956747003192,0.006503534461076166,0.0015821093158779548,0.0004211225718529923,0.00012110673408854043,3.820767744340205e-5,1.218640653478415e-5,6.715099104283395e-7,-1.0750580753489563e-5,-3.66431371142857e-5,-0.00012049747467761313,-0.00042689692938075683,-0.001601428783912313,-0.006095648532187471,-0.022502301322729568,-0.07466342153866125,0.7857284315403135,-4.779544639263268e-5,-0.00011579180277006143,-0.0005515203825296592,-0.0036315082423276413,-0.01838474187245902,-0.06112026087827193,-0.0778209997447956,-0.024205239517811204,-0.0038433431498593796,0.004965486123122477,0.006737918652076375,0.0037808367853078236,0.0008909159376542014,0.00012090984518074197,1.6672272246409758e-5,2.632445157744733e-6,-0.5406507048361971
106.0,0.036014061319864045,0.0064689889775302115,0.00157310703369786,0.00041884998720578197,0.00012054073756555055,3.807565191721268e-5,1.2177506917553005e-5,7.24997431225512e-7,-1.0601948986105688e-5,-3.6237392788387135e-5,-0.00011924623857812219,-0.000422581535091573,-0.0015853511963005874,-0.0060334529761461335,-0.022256466557252084,-0.07370966078651636,0.787805931805844,-4.7515650080049865e-5,-0.00011497783246717424,-0.0005467819033072434,-0.0035981879853770092,-0.018237185982418923,-0.06107325136121306,-0.0779757658160345,-0.024036637966006184,-0.00380132745760085,0.004928488385641323,0.006684314808456559,0.0037540604340705985,0.0008851392391585151,0.00012011804654519003,1.6549748461412158e-5,2.6132153513140727e-6,-0.5441686163496035
106.5,0.0359587683778515,0.0064343894716476025,0.0015640858436999365,0.00041656983943144,0.00011997147719305447,3.7942073248844494e-5,1.2167905291311691e-5,7.782908532138228e-7,-1.0452970434711779e-5,-3.5830100947636495e-5,-0.00011798954397169845,-0.0004182461975564409,-0.0015691967168963569,-0.005970952373977154,-0.02200942169143354,-0.07275192975277626,0.7898883185717994,-4.723295006687187e-5,-0.00011415737948388851,-0.0005420160077489755,-0.0035647035005229475,-0.018088945809447872,-0.06102962436272659,-0.07813843787616834,-0.02386736653722665,-0.0037590301288938956,0.004891533866029491,0.006630687195008615,0.003727262473898712,0.0008793567782802524,0.0001193260228165687,1.642749478809783e-5,2.59420465891815e-6,-0.5476881874291919
107.0,0.035903656950890116,0.006399735223130517,0.0015550441252140841,0.00041428199347412476,0.00011939882916986402,3.7806955506614325e-5,1.2157598842396838e-5,8.313882859631968e-7,-1.030364650613952e-5,-3.5421253151043665e-5,-0.00011672726705715376,-0.00041389006142169687,-0.001552962104359422,-0.005908138082106668,-0.021761145116339278,-0.07179016505123265,0.7919754074419373,-4.694735198042544e-5,-0.00011333037629228344,-0.0005372223807245583,-0.003531054067467635,-0.017940005506993782,-0.06098932802136931,-0.07830907354902285,-0.02369739641955972,-0.0037164468419515835,0.004854619322946785,0.006577031489945611,0.003700440383749786,0.0008735680147960467,0.00011853371772161063,1.6305518260625195e-5,2.575415542512412e-6,-0.5512093719759016
107.5,0.03586839405071339,0.0063672454695687195,0.0015464194591672039,0.00041209521430496724,0.00011885336113480283,3.767994674220906e-5,1.2150107463681085e-5,8.857542412563754e-7,-1.0153301217764885e-5,-3.501050613167783e-5,-0.00011545918274141871,-0.00040951294661288536,-0.0015366469985408726,-0.005845003978003188,-0.021511602257673835,-0.07082431482044231,0.7940417517347998,-4.665846753516586e-5,-0.00011249642897948758,-0.0005324002569175558,-0.0034972342839774046,-0.01779035210969585,-0.060952448772879884,-0.07848776503271927,-0.023526613805949507,-0.003673234014712792,0.0048186418873305764,0.006524263912097205,0.0036739507110457406,0.0008678603748540504,0.00011775626876923253,1.6187006759589534e-5,2.5585001500554134e-6,-0.5547330458718844
108.0,0.03583626588665827,0.006334957399397098,0.001537824325331028,0.000409913882388089,0.00011830857963360329,3.7552845126912675e-5,1.2142509165757372e-5,9.401979240000788e-7,-1.0002471979291057e-5,-3.459808779627175e-5,-0.0001141852910244933,-0.00040511449298109533,-0.0015202492385472416,-0.005781544299284137,-0.021260780150076413,-0.0698543444861098,0.7961090180088746,-4.636654433346947e-5,-0.0001116557288746099,-0.0005275496363279683,-0.003463245590647902,-0.017639981295767146,-0.06091902119155377,-0.07867466214920459,-0.023355093607369506,-0.003629682287348721,0.004782796266215805,0.006471560440754962,0.003647484087872001,0.0008621588574435415,0.00011698084565447897,1.6069330916573994e-5,2.542135004640706e-6,-0.5582581488387462
108.5,0.035805022248328634,0.006302608103910602,0.0015292074024857352,0.00040772498734407915,0.00011776104074230367,3.742478405240799e-5,1.213499809139805e-5,9.960926656985481e-7,-9.846756110963864e-6,-3.4169400859275255e-5,-0.0001128532127491297,-0.0004004968887369438,-0.001503010350771901,-0.005714989500823698,-0.021000552393518546,-0.0688712647314158,0.7981826459533138,-4.6041760357305e-5,-0.00011074044418118871,-0.0005223674086285502,-0.0034270329777927916,-0.017475642466473075,-0.06082477166213298,-0.07878970811734387,-0.023161672033211976,-0.0035812635076009976,0.004748321371856413,0.006419271860958226,0.0036211744896234702,0.0008565118125558259,0.00011622384640745526,1.5960187507720152e-5,2.5319347715179724e-6,-0.562004711692787
109.0,0.0357746602545332,0.006270195422215764,0.0015205677902590472,0.0004055287092473932,0.00011721081198882481,3.729587606522972e-5,1.2127862641098276e-5,1.0541912092295478e-6,-9.683972320257717e-6,-3.3717357702665816e-5,-0.00011143765870898152,-0.00039556496453069126,-0.0014845661346285725,-0.005644010633140172,-0.020727036582739333,-0.06787068462083708,0.8002643873324207,-4.5669813755775864e-5,-0.00010971804895069664,-0.000516708298752315,-0.0033876150396295185,-0.017290992679192582,-0.060639136507431905,-0.0787953091532082,-0.022936217374311833,-0.0035257904911329377,0.004715860070058586,0.006367609219968859,0.0035951097926344394,0.0008509473318059639,0.00011549393711133306,1.5863428438178002e-5,2.5306679195867926e-6,-0.5660777480940804
109.5,0.0357451712616981,0.006237715752823475,0.0015119044082042314,0.00040332455289327846,0.00011665762326148342,3.7165755389140095e-5,1.2120244647530991e-5,1.1122652211330628e-6,-9.52060469440283e-6,-3.326317053457041e-5,-0.00011001456405100865,-0.00039060517380244783,-0.0014660147741842127,-0.005572615073166585,-0.02045194764151674,-0.06686531597033728,0.8023511074100736,-4.5294276919789905e-5,-0.0001086874040592113,-0.0005110135341338881,-0.003347976690332695,-0.01710531286602654,-0.06045603680106448,-0.0788088046532023,-0.0227095482932837,-0.0034699227514583897,0.004683440545534439,0.0063159019205145245,0.0035690263679020355,0.000845379429641447,0.0001147645680385774,1.5767274306259846e-5,2.5298806214057966e-6,-0.5701566390760716
110.0,0.03566461027208772,0.006199530604382656,0.0015020967430218468,0.00040082795562340775,0.00011601978828539661,3.700783571898037e-5,1.2102168267227011e-5,1.1660678282638962e-6,-9.358627018251449e-6,-3.280776223657355e-5,-0.00010858431143342908,-0.0003856173814963718,-0.0014473543786570385,-0.005500794537477983,-0.02017526396091611,-0.06585509539370811,0.8045109405978569,-4.491622748241684e-5,-0.00010764963497207965,-0.0005052855457784186,-0.0033081294546674746,-0.016918641923057347,-0.060275668464038305,-0.07883067289508001,-0.022482465761305703,-0.0034152049672567593,0.004650292079614368,0.006263392209286416,0.0035412542049258135,0.0008392266456454182,0.00011394256191311286,1.5654626479681885e-5,2.5228281741753626e-6,-0.5742405548556694
110.5,0.03558077336798262,0.006160809554362225,0.0014921714892200113,0.0003982996652493664,0.00011537207172356343,3.684639334228464e-5,1.2082721632863099e-5,1.2194621024985328e-6,-9.19623362333753e-6,-3.2350232436397644e-5,-0.00010714631561426238,-0.0003806006422215718,-0.0014285818867813063,-0.0054285385817559465,-0.019896940882472472,-0.06483994797997604,0.8066811921733383,-4.453464689751766e-5,-0.00010660353744138043,-0.0004995214074760045,-0.0032680585665285046,-0.016730917904672307,-0.060097864387258663,-0.0788606545716254,-0.0222541846537518,-0.003360215270627301,0.004617110840143394,0.006210762928619846,0.0035133181741950734,0.0008330217300945178,0.0001131132515175465,1.554114721557885e-5,2.5156740833557805e-6,-0.5783306479093892
111.0,0.035497656761699574,0.006121983340859774,0.001482215262611827,0.00039576124568720236,0.00011472061861677833,3.6683414705390295e-5,1.2062657399390039e-5,1.2727706479274435e-6,-9.033277495750128e-6,-3.189049953780506e-5,-0.00010570038526439955,-0.0003755543257174535,-0.0014096953177380057,-0.005355838202277699,-0.01961695679725117,-0.06381983339246307,0.8088567912398509,-4.414945356885472e-5,-0.00010554904393919285,-0.0004937205790032793,-0.0032277618650223194,-0.016542124964319328,-0.05992260728357782,-0.07889874392045589,-0.0220246170942877,-0.003304831571089177,0.0045839576922874796,0.0061580673805536465,0.003485345408275408,0.0008268091613792581,0.00011228385108475238,1.5428136426426493e-5,2.50892269810566e-6,-0.5824270104353522
111.5,0.03541522587894313,0.0060830440405992585,0.001472225632192145,0.00039321247184384626,0.00011406539520108087,3.651892231760428e-5,1.2041976973639514e-5,1.3259967178488966e-6,-8.869747380835772e-6,-3.142851570851853e-5,-0.00010424639658265244,-0.000370478026816492,-0.001390692690708126,-0.00528268583591611,-0.019335272809169805,-0.06279467095781309,0.8110379221936367,-4.376059966415077e-5,-0.00010448605317363566,-0.0004878827002113319,-0.0031872371892554523,-0.016352247255446328,-0.059749920202526084,-0.07894504466445784,-0.02179373138980923,-0.0032490484664087207,0.004550828674408604,0.006105300523003063,0.003457334826720085,0.0008205886693879557,0.00011145428183215623,1.5315606773709963e-5,2.502592131382929e-6,-0.5865295041363765
112.0,0.03533347495733071,0.00604398805209157,0.0014622020577375982,0.00039065284851454537,0.0001134063564578572,3.635286834664935e-5,1.2020669100958055e-5,1.3791345090821971e-6,-8.705645388841989e-6,-3.0964266880221234e-5,-0.00010278433831436757,-0.0003653713628604693,-0.0013715715746865172,-0.005209072478948403,-0.01905187163108065,-0.06176442610173067,0.8132243084403323,-4.3368048605782026e-5,-0.00010341446385282764,-0.0004820073209140236,-0.003146481297887704,-0.016161274693883797,-0.059579843480781484,-0.07899969510081312,-0.021561524659125107,-0.003192866676883755,0.00451771766397528,0.0060524609153724505,0.0034292839084867264,0.0008143597138972441,0.00011062454375975802,1.5203556850597578e-5,2.4966762282989716e-6,-0.5906382673096441
112.5,0.0352523838285233,0.006004808892656309,0.0014521432787269984,0.00038808228566207195,0.00011274338984057263,3.618525841985224e-5,1.1998735188177344e-5,1.432190176515961e-6,-8.540962375362835e-6,-3.049773054360623e-5,-0.0001013139290932082,-0.00036023361355156335,-0.0013523300788913968,-0.005134990208098536,-0.018766717248092604,-0.06072902391324231,0.8154162265743014,-4.29718003937485e-5,-0.00010233421970350144,-0.0004760940359438294,-0.003105491669876698,-0.01596918278950579,-0.05941233101928342,-0.07906272404143458,-0.021327955124961644,-0.0031362822408762584,0.004484620699349487,0.005999540634385769,0.003401190132532955,0.0008081222048698956,0.00010979455808498349,1.5091978216099235e-5,2.491183253989929e-6,-0.594753392153276
113.0,0.03517193520537316,0.005965504041251099,0.0014420478545647012,0.0003855007382678121,0.00011207672044229652,3.6016660897213165e-5,1.1977517352723643e-5,1.4884194803742123e-6,-8.366855699850354e-6,-3.0001712642227415e-5,-9.97420704256732e-5,-0.00035472198465439487,-0.0013316734679876137,-0.00505574196126886,-0.018465850288414163,-0.0596678177755765,0.817633130399122,-4.250737711832242e-5,-0.00010110715859966336,-0.00046957025355082627,-0.0030605746179909145,-0.015752384669831154,-0.05910570311762415,-0.07894173129447637,-0.02105459922029893,-0.003071108253340707,0.004454032532037925,0.005947418443385928,0.0033734150883654454,0.0008019985028984324,0.00010900404247992709,1.4998871281607994e-5,2.4989920491043176e-6,-0.5993673088327275
113.5,0.03509208875120226,0.005926064494153164,0.0014319149749156572,0.0003829077111270132,0.00011140623571649419,3.584681410803896e-5,1.1956367045190759e-5,1.5462385040350551e-6,-8.187649962900268e-6,-2.9489527431139414e-5,-9.811441118623555e-5,-0.0003490046206918008,-0.001310236234319174,-0.004973631971192144,-0.018156100615994087,-0.05859063255102613,0.8198664454895204,-4.200699522506074e-5,-9.98021477658943e-5,-0.0004627203563188858,-0.0030135607791451167,-0.015522562124938043,-0.05873012254605481,-0.07873252223265495,-0.020760451198704653,-0.003001405213174503,0.004424705606212788,0.005895650278765629,0.0033457772609330376,0.0007959273826679794,0.0001082331549905218,1.4915230917516432e-5,2.513663017463918e-6,-0.6042367526051501
114.0,0.0350128473472019,0.005886486649873394,0.0014217435593331328,0.00038030293412799203,0.00011073162053286849,3.567536353074532e-5,1.1934616020528932e-5,1.6040578794038187e-6,-8.007630373821157e-6,-2.8974340041238376e-5,-9.647604877134825e-5,-0.00034324714514424073,-0.001288644406730675,-0.0048909244940720294,-0.017844182847129613,-0.05750727005235378,0.8221069520333742,-4.150211709773793e-5,-9.84863999927152e-5,-0.00045582242422593686,-0.002966245675735243,-0.01529119958330137,-0.05835486466790974,-0.07852939824683429,-0.020464237362956713,-0.002931163930460766,0.004395420097512421,0.005843803241533815,0.0033180965757802173,0.0007898475288264341,0.00010746230126507693,1.4832237695999376e-5,2.5288895084846237e-6,-0.6091219161572413
114.5,0.03493419370622433,0.005846766906922677,0.0014115324373331676,0.00037768613715906515,0.00011005289740072637,3.5502320419985724e-5,1.1912264278738161e-5,1.6618765513567405e-6,-7.826794118949655e-6,-2.8456125149553996e-5,-9.482682561586271e-5,-0.00033744924288141764,-0.0012668954641797392,-0.004807611246483563,-0.017530072491694793,-0.05641768994288142,0.8243543734363199,-4.0992827146254996e-5,-9.716001657200723e-5,-0.0004488766373464348,-0.0029186276870911934,-0.015058278317177765,-0.057979808473154856,-0.07833223256459769,-0.02016591449518578,-0.0028603811638592954,0.004366171684149889,0.005791869048265532,0.0032903705118646075,0.0007837593015227073,0.00010669144753963205,1.474987051458157e-5,2.544656047017913e-6,-0.6140230760833648
115.0,0.03485609037278282,0.005806898782620617,0.001401280528469028,0.00037505711763647026,0.00010936996502818658,3.532767070744333e-5,1.1889317447145179e-5,1.7197003230745159e-6,-7.645133460711497e-6,-2.7934848992125866e-5,-9.316665168255118e-5,-0.00033161014858689553,-0.0012449868856239895,-0.004723682144257237,-0.017213732094202877,-0.05532181731163555,0.8266088018964785,-4.0479066283681245e-5,-9.582294123050309e-5,-0.0004418824104383993,-0.002870704292170591,-0.014823778158228202,-0.05760494819940757,-0.07814111162168381,-0.019865465308244134,-0.0027890522314342487,0.004336960726274104,0.005739846618514046,0.0032625990691862077,0.0007776620704962047,0.00010592057130488024,1.4668144848411537e-5,2.5609772289425043e-6,-0.6189401401853993
115.5,0.034778502772581904,0.00576687759503137,0.0013909867522939815,0.000372415605448524,0.00010868285717920954,3.5151431275098346e-5,1.1865778339413358e-5,1.7775309530967492e-6,-7.462648399106686e-6,-2.7410489059647045e-5,-9.149540317022548e-5,-0.00032572943458384257,-0.0012229167802816432,-0.004639129624265919,-0.016895144367506137,-0.054219629109085864,0.8288703296119713,-3.996085420566023e-5,-9.447509518562847e-5,-0.0004348397435018303,-0.0028224731500055135,-0.014587693344070111,-0.05723020317331182,-0.07795598355664947,-0.01956285522783631,-0.0027171764128878038,0.00430777786001338,0.005687729829747871,0.003234780447000463,0.0007715558357469265,0.00010514965005151455,1.4587056476994223e-5,2.5778530542583985e-6,-0.6238735233548904
116.0,0.034701430905621576,0.005726698662219091,0.0013806499383240667,0.00036976148804869176,0.0001079914500526071,3.4973559918000255e-5,1.184163429405754e-5,1.83536439678235e-6,-7.279329789729277e-6,-2.6883014401820492e-5,-8.981291125908359e-5,-0.0003198064255930506,-0.0012006820868869562,-0.004553942521893366,-0.01657426033135267,-0.05311107347378918,0.8311390487809196,-3.943819653951869e-5,-9.31164671827299e-5,-0.0004277480963133613,-0.002773932820000317,-0.014349997943981896,-0.0568555215334244,-0.0777768426071121,-0.019258041036092983,-0.002644750466879761,0.0042786216447720715,0.005635514720328985,0.0032069117641160857,0.0007654397869398227,0.00010437858248765376,1.4506598366171212e-5,2.5952778956388597e-6,-0.6288234099880806
116.5,0.03462242864049814,0.005686141573050231,0.0013702260583549107,0.0003670829480508303,0.00010729215341392241,3.479281299694067e-5,1.1816383072166644e-5,1.8929704612970712e-6,-7.0952852552030745e-6,-2.6352458782606616e-5,-8.81191140485314e-5,-0.00031384060390046,-0.0011782810947326015,-0.004468112913863537,-0.01625106125799911,-0.05199605820762427,0.8334179097432024,-3.891110453991011e-5,-9.174696718457963e-5,-0.00042060710872408126,-0.002725079880740347,-0.014110668908433252,-0.056480885992597596,-0.07760374639689742,-0.018951040020161885,-0.0025718334578315296,0.004249447782234123,0.0055831533904522205,0.0031789242320910682,0.0007592908745445874,0.00010360365457765285,1.4426022081486769e-5,2.612930819606043e-6,-0.6337899383821516
117.0,0.03447640122243645,0.005639397125589884,0.001358550300771016,0.00036407235075699957,0.0001064909909066837,3.457620593626334e-5,1.1776959427894062e-5,1.945188536317147e-6,-6.911050798399571e-6,-2.581325958952803e-5,-8.63916485421247e-5,-0.00030774985555435594,-0.001155406776871926,-0.004380530100934815,-0.015922117089216804,-0.050867847085359234,0.8358035361298621,-3.836233326405557e-5,-9.032974745571793e-5,-0.00041327141562977587,-0.0026750161208414958,-0.013864158503598676,-0.05606500907967098,-0.07737511810579328,-0.018633542824367744,-0.002498093868670507,0.004219719650522099,0.0055297123341401895,0.003149113266129508,0.0007525280883305022,0.00010273612337890349,1.4331110181945328e-5,2.6260857509724865e-6,-0.6389244056540313
117.5,0.03433547639414623,0.005592870568220709,0.0013469053359190142,0.0003610682811621813,0.00010569182047310913,3.436109011717073e-5,1.174014897347397e-5,2.003387404532591e-6,-6.711431933718865e-6,-2.5229131819798507e-5,-8.451613369665116e-5,-0.0003011275724341862,-0.0011305504695166273,-0.004285734945913816,-0.015570610311456318,-0.04969302405043311,0.8382447579836197,-3.769738582776032e-5,-8.867269668874423e-5,-0.00040499906525511036,-0.0026192182500556875,-0.013582716535585524,-0.055402628964888005,-0.07678353462334486,-0.01825932649687338,-0.0024118553115522034,0.004193938030577138,0.005477706471238612,0.0031199073503384777,0.0007459804010535295,0.0001019409258380037,1.4269403730634477e-5,2.662895150268816e-6,-0.6449598329665077
118.0,0.0341954360915815,0.005546184464883948,0.001335216432899867,0.000358051223697259,0.00010488822696072097,3.4144308609364616e-5,1.1702765235142765e-5,2.061698819282732e-6,-6.510646805572366e-6,-2.464084826927531e-5,-8.2625734571964e-5,-0.0002944495337607277,-0.0011054778027030276,-0.0041901110882485385,-0.01521616471858183,-0.04851012791751735,0.8406950152532572,-3.7026960188888713e-5,-8.700204467305244e-5,-0.00039666319361626203,-0.002563009809511306,-0.013299033000750124,-0.05473532201300215,-0.07619103492206677,-0.017881831373693,-0.00232486476350767,0.004168231681754582,0.005425606969620166,0.003090648492657526,0.0007394218192719981,0.00010114577331571781,1.4208473850413031e-5,2.700394424652045e-6,-0.6510309870509583
118.5,0.03405559747240695,0.005499276869966905,0.001323470986501688,0.00035501777945688484,0.00010407917494140002,3.392550407759733e-5,1.1664648537504348e-5,2.1200522631294237e-6,-6.308741839405633e-6,-2.404842300627527e-5,-8.072045116806318e-5,-0.0002877154244036833,-0.0010801876959843938,-0.004093653125705316,-0.014858771667019478,-0.04731917309256839,0.8431552299199868,-3.6351199844272476e-5,-8.531796585577132e-5,-0.000388264475992439,-0.002506392599952905,-0.013013097814922967,-0.054062961451596725,-0.07559745765524689,-0.017501048811252744,-0.0022371422128014693,0.004142567830503527,0.005373386457967614,0.0030613208465345675,0.0007328488765526394,0.00010034994551422373,1.4148162976132419e-5,2.7384903715231267e-6,-0.6571381445017466
119.0,0.03391591443756196,0.0054521376993000685,0.0013116671059426944,0.0003519674757456131,0.00010326463065118587,3.370466245355203e-5,1.1625805914717138e-5,2.1784482636345476e-6,-6.1057100010602495e-6,-2.3451839148818184e-5,-7.880015968376056e-5,-0.00028092488421414195,-0.001054678258578943,-0.003996353855305928,-0.014498398023069445,-0.04612011635771691,0.845625586380051,-3.5670073843614575e-5,-8.362040959096027e-5,-0.0003798023271416609,-0.00244936446048702,-0.012724903775125833,-0.05338553575590658,-0.07500279706050263,-0.017116945675852795,-0.0021486831575722133,0.004116942515185952,0.005321035932558181,0.0030319197300337592,0.0007262612127465424,9.955340866956106e-5,1.408846407363422e-5,2.7771847494216665e-6,-0.6632812592198121
119.5,0.03377630919488175,0.005404759749905221,0.001299803800813381,0.00034890015499829526,0.00010244454907146466,3.348180061920892e-5,1.158624721460292e-5,2.2368926239787992e-6,-5.901547773457005e-6,-2.285107840809217e-5,-7.68647588271749e-5,-0.00027407728293150934,-0.0010289472395559813,-0.0038982042733276,-0.014135026499584003,-0.04491294618819776,0.8481059002372073,-3.498366096948929e-5,-8.190945466119357e-5,-0.0003712770847035319,-0.002391926291485928,-0.012434430713019702,-0.052702774093950626,-0.07440678806823546,-0.01672949603677156,-0.0020594913793834674,0.004091347092227993,0.005268552512200577,0.0030024453232295563,0.0007196582426117266,9.87561290177694e-5,1.4029377142918435e-5,2.81647984444915e-6,-0.6694608382948216
120.0,0.03363675869483602,0.005357135818804139,0.0012878791803319649,0.0003458153895380994,0.00010161882891035512,3.3256893251597704e-5,1.1545963996171591e-5,2.2953770790260366e-6,-5.69626605954145e-6,-2.2246130936275436e-5,-7.491419232503885e-5,-0.00026717226040687443,-0.001002992658096498,-0.0037991986173877544,-0.013768634047032843,-0.04369763953448062,0.8505960792933346,-3.4291975290213465e-5,-8.018510106647122e-5,-0.00036268859111290326,-0.0023340753918327955,-0.012141678628604578,-0.05201464189143339,-0.07380931543079387,-0.016338669641500513,-0.001969565797788499,0.004065775078949251,0.005215926112725295,0.0029728952851540372,0.0007130392908689839,9.795796024835362e-5,1.3970862792697918e-5,2.8563519163209145e-6,-0.6756772044201992
120.5,0.03349725717504219,0.005309262304507714,0.0012758920740144851,0.0003427129092533423,0.00010078740263993647,3.3029900959431225e-5,1.1504934453532055e-5,2.3538940670559594e-6,-5.489864507605662e-6,-2.16369953265363e-5,-7.294836451279792e-5,-0.0002602094790006332,-0.0009768128034931655,-0.0036993278837636158,-0.013399191853503085,-0.04247418487180036,0.8530963079446753,-3.359510965667823e-5,-7.844750074461507e-5,-0.0003540369814256167,-0.002275813742346634,-0.011846627353541441,-0.05132091441543441,-0.07321011984096193,-0.01594444488110499,-0.0018789127153932509,0.004040222873860615,0.005163152052196491,0.00294326367335017,0.0007064034571460366,9.715874479616517e-5,1.3912880224853844e-5,2.896776521336456e-6,-0.6819305419921875
121.0,0.033357721080952904,0.005261128762697525,0.0012638406811163864,0.00033959230897649895,9.99501914776344e-5,3.280083499736296e-5,1.1463177578912041e-5,2.4124532600363937e-6,-5.282333621535776e-6,-2.10236335944193e-5,-7.09671234526303e-5,-0.0002531882859428844,-0.0009504054248152902,-0.0035985845093280525,-0.01302667542886878,-0.04124252745752248,0.855606493993108,-3.2893033118586525e-5,-7.669651863978349e-5,-0.0003453219180020681,-0.0022171372013149665,-0.01154926248187385,-0.05062156861642336,-0.07260918977397446,-0.01554677853771567,-0.0017875251092939579,0.004014681833388222,0.005110224208082677,0.002913550307743499,0.0006997506063870433,9.635844889724362e-5,1.3855440694039682e-5,2.9377715965997416e-6,-0.6882213120013926
121.5,0.03321811295708141,0.005212730871586641,0.0012517245514515303,0.00033645394885648054,9.910807328641955e-5,3.2571465159651015e-5,1.1424415145530802e-5,2.4793537339235002e-6,-5.053427334863614e-6,-2.0350194522081185e-5,-6.879500346961699e-5,-0.0002454983413759675,-0.0009215371486283501,-0.0034888593812003234,-0.01262472763522514,-0.039936085842167145,0.8582296227400397,-3.2022432213103306e-5,-7.460697404927717e-5,-0.0003353493721463529,-0.0021511406336666232,-0.011210030299299073,-0.049571259144209665,-0.0714322461822602,-0.01508234058622147,-0.0016805221667102457,0.003994093560740306,0.0050590121133810085,0.0028845779485212712,0.0006933787618158807,9.565937735162832e-5,1.3845915036709287e-5,3.0128791748216864e-6,-0.6958580362832798
122.0,0.03307840399151482,0.0051640610680479294,0.0012395416141636783,0.0003332968384837816,9.826015894866782e-5,3.234027206807698e-5,1.1385521876802978e-5,2.5476490814250043e-6,-4.820053302471912e-6,-1.966320062647053e-5,-6.657778046282396e-5,-0.00023764581208502778,-0.0008920570694787985,-0.003376857751805977,-0.012215102907393994,-0.03860960554140212,0.8608808719139445,-3.112218655038096e-5,-7.245435275340008e-5,-0.0003251246770343031,-0.0020836130729974937,-0.010862019847166863,-0.04845716009687441,-0.07015671974942764,-0.014604038342248276,-0.0015703902503875088,0.003974290412718436,0.005007925710649288,0.002855644845530346,0.0006870334332082927,9.497427283096889e-5,1.3843911708391685e-5,3.093509270818032e-6,-0.7037523621158658
122.5,0.03293852791685352,0.005115114670145548,0.0012272914190666914,0.0003301211354235508,9.740643720972573e-5,3.2107055952541777e-5,1.1345993423569959e-5,2.616176204446399e-6,-4.5850680960944415e-6,-1.8970516096699275e-5,-6.434013025998349e-5,-0.00022971623343643466,-0.0008622776165469535,-0.003263711929321289,-0.011801485568735174,-0.0372724216150013,0.8635455820135479,-3.0215612958745292e-5,-7.028492825989276e-5,-0.00031481717018202353,-0.0020155317833776562,-0.010510813433598176,-0.047327787854520215,-0.06886334721775574,-0.01412079197402447,-0.0014592361414180422,0.003954570819243924,0.00495669957014009,0.0028266339503746378,0.0006806727082347582,9.428862808694292e-5,1.3842683544331807e-5,3.1748828773592173e-6,-0.7117202159501275
123.0,0.03279847608952364,0.005065886275645829,0.0012149725255649255,0.00032692632196172844,9.654677301375168e-5,3.1871777421758256e-5,1.1305815014099067e-5,2.684922265648572e-6,-4.348488597711408e-6,-1.8272164848906034e-5,-6.208204160644208e-5,-0.0002217094703743465,-0.0008321980695349932,-0.003149419752852794,-0.011383866975674816,-0.03592455135011241,0.8662235686426076,-2.930285493502804e-5,-6.809896505311176e-5,-0.0003044275718873361,-0.0019469003662962207,-0.010156421142762521,-0.04618296090209592,-0.06755177708190734,-0.013632579872615389,-0.0013470674929662054,0.003934923975849439,0.004905323607683902,0.0027975416615650373,0.0006742955964857718,9.360224616311468e-5,1.3842171457598936e-5,3.2569648236531504e-6,-0.7197616438851255
123.5,0.03265164481909254,0.005015873476817889,0.0012024801303252713,0.0003236835186575115,9.567171245183109e-5,3.16308884462201e-5,1.1263456718934267e-5,2.7531567676797555e-6,-4.1106907830902814e-6,-1.7568357907843372e-5,-5.980367206734833e-5,-0.0002136256804639119,-0.000801818248368462,-0.003033979421655937,-0.010962252890595497,-0.03456608406366538,0.8689242360094883,-2.838422198219962e-5,-6.589686267325525e-5,-0.000293956962596974,-0.0018777242239868533,-0.009798853779127231,-0.045022491962167795,-0.06622170969798846,-0.013139497117333542,-0.001234060687961175,0.003915179532100067,0.004853628193143632,0.0027681893452416732,0.0006678446091914105,9.290567315056965e-5,1.3840404477004198e-5,3.338813587595509e-6,-0.7278777061992542
124.0,0.032420604970880146,0.0049592350184737375,0.0011885964798423099,0.00032005366782047236,9.467037467798078e-5,3.1342397913831956e-5,1.1200774629850762e-5,2.81229645458368e-6,-3.875946848346568e-6,-1.686130681291808e-5,-5.7506282163890825e-5,-0.0002054658541146362,-0.0007711403139408262,-0.00291739849885785,-0.010536672845707919,-0.03319715805284206,0.8717550871235367,-2.7461911571349983e-5,-6.368111402606676e-5,-0.00028341175746341487,-0.001808028026649959,-0.009438196337835306,-0.04384640696545742,-0.06487330065032867,-0.012642526194408222,-0.001122146664789436,0.0038934236566825937,0.00479967968701596,0.002736500562858005,0.0006606514900472589,9.208902424015668e-5,1.3814629913726962e-5,3.4096257569791686e-6,-0.7360755021478474
124.5,0.032188003516989534,0.00490218166858408,0.001174614598743865,0.0003163966932685714,9.366051150412718e-5,3.105089957530405e-5,1.1137020535024272e-5,2.871433151970277e-6,-3.63976794528547e-6,-1.6148770481258e-5,-5.518876894002955e-5,-0.00019722958615899446,-0.0007401636810101051,-0.0027996762641607094,-0.010107126120714263,-0.03181782806027692,0.8746010587294656,-2.653387254188428e-5,-6.144961449134746e-5,-0.0002727872295322015,-0.0017377968281057307,-0.009074398398039205,-0.04265447541666175,-0.06350596793828774,-0.012140645721527746,-0.0010093112906660558,0.003871622402502331,0.004745469712778881,0.0027046648397186374,0.0006534249220729954,9.126888075984137e-5,1.3788941167182433e-5,3.480831487526346e-6,-0.7443472870887227
125.0,0.031953754021682046,0.004844700821937031,0.0011605324161736987,0.0003127120772877489,9.264206102967622e-5,3.0756390616973e-5,1.107221201985084e-5,2.9305654530078625e-6,-3.402174121258482e-6,-1.5430788304150285e-5,-5.285120555101204e-5,-0.00018891683157837283,-0.0007088888447810516,-0.00268081217734115,-0.00967361703740146,-0.030428154590987008,0.8774622430253965,-2.56002877819214e-5,-5.920269608137471e-5,-0.00026208445925006695,-0.0016670363907367442,-0.008707478687482298,-0.04144646393928643,-0.06211927362078987,-0.01163385785958558,-0.000895567620989059,0.00384976244404957,0.004690986745667242,0.00267267731381327,0.0006461644100638675,9.044507951714842e-5,1.3763286184598313e-5,3.5524008840637624e-6,-0.752693383715304
125.5,0.03171779309874935,0.004786787796596746,0.0011463486716106219,0.0003090002475548367,9.161650324155917e-5,3.0461943559236036e-5,1.1012769864134918e-5,3.00376642259046e-6,-3.129753827193352e-6,-1.461811087958042e-5,-5.022115622762467e-5,-0.00017959882260449344,-0.0006739487280658364,-0.002548477620876808,-0.009193736620900134,-0.02890173113958353,0.8805424900573546,-2.438977101868373e-5,-5.640654495475516e-5,-0.0002494089507984611,-0.0015852595384027303,-0.00828236395498777,-0.03971928196010993,-0.05978686283722385,-0.011038417902597847,-0.0007587665877673561,0.003835476777344672,0.004639184727049306,0.002641861352315482,0.0006393575506267951,8.978779649986601e-5,1.3816872403430795e-5,3.6799910216623203e-6,-0.7631976539634866
126.0,0.03149247817762669,0.004729342244542978,0.0011322564949081744,0.0003053154965181725,9.060101274097074e-5,3.0172018058530513e-5,1.0956090022429959e-5,3.079851045416741e-6,-2.851874146925629e-6,-1.3790591380747424e-5,-4.754256558382259e-5,-0.00017010575875054672,-0.0006383469277638323,-0.002413658397075273,-0.008705265932572932,-0.027351370750957386,0.8836410845154362,-2.315118233602933e-5,-5.35491234946467e-5,-0.00023648133810913455,-0.0015019406184689156,-0.007848622215478442,-0.03792125724953827,-0.05733326338569203,-0.010429404653451234,-0.0006186551557926973,0.003822329541347538,0.004587875392141659,0.0026112931732684822,0.0006326332553275762,8.915342232972114e-5,1.3879808425633208e-5,3.814055398669308e-6,-0.7739971425958271
126.5,0.03128872609210519,0.004673160815166923,0.0011184295678787,0.00030170806495084503,8.961245462613524e-5,2.989304614931435e-5,1.0904620381865616e-5,3.159130582996726e-6,-2.57046525352536e-6,-1.2954903817158812e-5,-4.483664582773278e-5,-0.0001605102888046795,-0.0006023463975987045,-0.0022773175441246378,-0.00821152986716648,-0.02578707980245262,0.8867252038684856,-2.190571424644159e-5,-5.067232152126347e-5,-0.00022345054275679804,-0.0014179033815320526,-0.007410560849930224,-0.036090652027879234,-0.054828730234566775,-0.009813236686038106,-0.0004767172286157522,0.003810203327513173,0.004537319848904797,0.0025811514105321415,0.0006260274940387,8.854092157859457e-5,1.394866017506562e-5,3.951723375034116e-6,-0.7849295348199112
127.0,0.031085112303765518,0.004616670017876294,0.0011045326819232584,0.0002980821307332134,8.861846051367388e-5,2.9612329768810387e-5,1.0852723767885269e-5,3.238865582334311e-6,-2.2869573672529972e-6,-1.211193027228027e-5,-4.210431139994964e-5,-0.00015081447236847662,-0.0005659543855672876,-0.002139481172820953,-0.007712627105482395,-0.024209241492510563,0.8898250891002644,-2.0654407805366457e-5,-4.77776809221308e-5,-0.00021032144926105741,-0.0013331737583137352,-0.00696828862331425,-0.03422755849325405,-0.05227318847287458,-0.009190211483358976,-0.0003334529630367129,0.0037982381002420384,0.004486646897122939,0.0025509406792793387,0.0006194080921098185,8.792771741162615e-5,1.4018105607468556e-5,4.090011412463519e-6,-0.7959963519047394
127.5,0.03088153308972131,0.0045598615692461365,0.0010905643964462049,0.0002944373562256735,8.761899101229953e-5,2.9329882985335463e-5,1.0800395256578022e-5,3.3190296653354274e-6,-2.0014266328734215e-6,-1.1261877550369304e-5,-3.934617849275065e-5,-0.00014102030151560228,-0.000529177824536119,-0.0020001759341836335,-0.007208657768917948,-0.02261822029182918,0.8929403714182874,-1.9397699130625883e-5,-4.4866073932892605e-5,-0.000197097636601716,-0.0012477726374508032,-0.006521904216432139,-0.03233208324974037,-0.0496666726749109,-0.008560459419319637,-0.00018890971863738,0.003786412610748383,0.004435848253371132,0.002520658638542152,0.0006127733838522182,8.73135565991128e-5,1.4088026548980587e-5,4.228840024967388e-6,-0.8071956576897659
128.0,0.030678031667841884,0.004502734028680807,0.0010765240811869458,0.00029077365139099765,8.661397859409136e-5,2.9045660780275695e-5,1.0747597566904258e-5,3.399568668980253e-6,-1.7139847176515265e-6,-1.0405031238257704e-5,-3.656309964613612e-5,-0.00013113075872922593,-0.0004920275189725294,-0.0018594427051140824,-0.006699773840313591,-0.021014547780201155,0.8960701288413425,-1.8136176277863655e-5,-4.193874700642064e-5,-0.00018378410184491438,-0.001161730631600694,-0.00607155312944395,-0.030404514416467028,-0.04700932978143144,-0.007924161288673424,-4.3150383607678546e-5,0.0037747059703953675,0.0043849149139266,0.0024903002462358273,0.0006061228290425326,8.669804522818309e-5,1.4158249959304613e-5,4.368084707941714e-6,-0.8185245940332326
128.5,0.0304745446519189,0.004445281633797729,0.001062410835773203,0.0002870908136454234,8.560340637706918e-5,2.8759657526304353e-5,1.0694322961289717e-5,3.480455511758875e-6,-1.4247041613460037e-6,-9.541585478717827e-6,-3.3755674170403325e-5,-0.00012114777980974434,-0.00045451067185473947,-0.0017173079565572596,-0.00618607472076877,-0.019398571141176713,0.8992137159825812,-1.6870234566782897e-5,-3.899651891875483e-5,-0.00017038416511342604,-0.0010750671888046033,-0.005617328640917637,-0.02844501045895487,-0.04430128080247032,-0.007281450346517419,0.00010378208585376106,0.0037630990912907074,0.004333837875066567,0.002459863341466898,0.0005994551671595732,8.60809525784409e-5,1.4228674546559412e-5,4.507676174926073e-6,-0.8299817779633214
129.0,0.03027102018050917,0.004387498622214326,0.0010482235797582436,0.0002833890005540992,8.45883266713324e-5,2.8474132595105474e-5,1.0645277995132247e-5,3.5719150463484924e-6,-1.1095876687310433e-6,-8.60829474657684e-6,-3.073317508052843e-5,-0.00011042636056681054,-0.000414294148499872,-0.0015651432409027192,-0.005636649549547639,-0.01766985924942616,0.9025339547240843,-1.5407584022359184e-5,-3.566085628242291e-5,-0.00015557330000436558,-0.0009806396557845377,-0.00512440651205011,-0.026192541208872263,-0.041027907518461755,-0.006582736968994141,0.00026672162408194875,0.003756817013835619,0.004284658460818749,0.002430267564479678,0.0005931129448363428,8.558279347923948e-5,1.435543430175666e-5,4.686706761331537e-6,-0.8428189833718844
129.5,0.030067504352673302,0.0043293824728882204,0.0010339618629559288,0.00027966839219148063,8.356926281826734e-5,2.819027897994684e-5,1.060299215179916e-5,3.6794768246819245e-6,-7.555922394860367e-7,-7.5705960010293745e-6,-2.7390872198649405e-5,-9.861095524266407e-5,-0.0003700887508622829,-0.0013981778456005085,-0.005034468325243255,-0.015773577272351774,0.9061188020734988,-1.3645379621186646e-5,-3.1728410018534816e-5,-0.00013863456258240783,-0.000874553202142168,-0.004573593326925871,-0.023490077419223383,-0.03687352068114497,-0.005800412140584064,0.00045376376803187804,0.003758695550555549,0.004238481608042184,0.0024020086602501997,0.0005872796129243971,8.52679670577323e-5,1.4568482078274212e-5,4.926045056646324e-6,-0.8577689087282855
130.0,0.029863893445524925,0.004270927783585747,0.0010196246949567536,0.00027592804316667633,8.254448722856643e-5,2.790455427864887e-5,1.0560088709356921e-5,3.787105779228254e-6,-4.0032749635440346e-7,-6.527474622757053e-6,-2.402676623933625e-5,-8.670818004363253e-5,-0.0003255322530550539,-0.0012298613516585704,-0.004427741301383857,-0.013866748694566802,0.9097135146218844,-1.1887049634471041e-5,-2.7795617674052535e-5,-0.00012164926465904605,-0.0007680048575214028,-0.004019337478361101,-0.02074034624589534,-0.03263018282518646,-0.005011807035463454,0.00064166187339679,0.003760523306279024,0.0041920865050255355,0.002373633247848004,0.0005814147679827365,8.494612335978678e-5,1.4779166377563131e-5,5.163966672455616e-6,-0.8728904147882837
130.5,0.029634997203630983,0.00421042168608605,0.0010048305880267095,0.0002720563523358809,8.147544145944256e-5,2.7601609957542305e-5,1.0509644649090003e-5,3.891395267065378e-6,-4.563537218609369e-8,-5.480243185720775e-6,-2.0642770493678818e-5,-7.472351035862892e-5,-0.0002806442606845291,-0.0010602674995664383,-0.0038167353483125163,-0.011950218425416515,0.9133541418346394,-1.0134147204391185e-5,-2.3865070632937453e-5,-0.00010462681512458087,-0.0006610480590169164,-0.0034619000743162957,-0.017944572195185634,-0.028299830111131928,-0.004217591890755737,0.0008296459643142101,0.0037613945064948044,0.0041445727794912285,0.002344411125355977,0.0005752995295106824,8.458117996637914e-5,1.4979597687541178e-5,5.396482185812335e-6,-0.8881810122026057
131.0,0.02930754693253163,0.004142961113114372,0.000988490541896071,0.0002677349930803581,8.025234762095252e-5,2.7237797656808376e-5,1.0432064212476019e-5,3.9828150586599306e-6,3.035770876198062e-7,-4.431771626555307e-6,-1.7241614215143498e-5,-6.266295617260602e-5,-0.0002354455723503205,-0.0008894739014144391,-0.0032017270603929044,-0.010024829213352722,0.917147264739898,-8.389447306443196e-6,-1.994056312024053e-5,-8.757945341466056e-5,-0.0005537459677439802,-0.002901582559429987,-0.015104321194559426,-0.02388510891317961,-0.0034190337103299144,0.0010157071751770296,0.003758795311803904,0.00409339922072304,0.0023122663944509453,0.0005683140362137394,8.407124849964845e-5,1.5147737989883048e-5,5.612574346093433e-6,-0.9036443888961009
131.5,0.028977676460750154,0.004075026224026867,0.0009720483035119278,0.0002633873879729441,7.90218707297864e-5,2.6871624692509182e-5,1.0353652338336963e-5,4.074078691937592e-6,6.536006353502907e-7,-3.3791404178090324e-6,-1.3822737484720178e-5,-5.0529618142594745e-5,-0.00018995050397164153,-0.0007175363802837822,-0.0025829161401961865,-0.00809117026199387,0.9209501606460064,-6.650618117111327e-6,-1.60202535932878e-5,-7.05055082132449e-5,-0.00044610853281626167,-0.0023384927983010283,-0.012220594457989373,-0.01938750592603424,-0.0026152006088786977,0.0012023071688107493,0.0037559598594273684,0.004041874876915508,0.0022799370872290114,0.0005612792025159853,8.355106404360687e-5,1.53126327315306e-5,5.826754973824291e-6,-0.9192608144708271
132.0,0.028645282065400183,0.004006615218078982,0.0009555036927998246,0.00025901369457878733,7.778407268653824e-5,2.6503136083258604e-5,1.0274414653999567e-5,4.165150996106269e-6,1.0043113763947771e-6,-2.3227392518583383e-6,-1.0387462724191545e-5,-3.832834421057716e-5,-0.00014417769325463794,-0.0005445253452865739,-0.001960550550247607,-0.006149963309757659,0.9247621841661159,-4.9181235391432785e-6,-1.2105318163366836e-5,-5.341069688429645e-5,-0.00033817417762070623,-0.0017728476005738594,-0.009294924779240819,-0.014809635830789895,-0.001806425183921422,0.001389367342715537,0.003752866180281625,0.003989993625537146,0.002247421583020075,0.000554194713287123,8.302048591508606e-5,1.5474190468424396e-5,6.03896779573756e-6,-0.9350229130770865
132.5,0.028310337815760124,0.003937724133632694,0.0009388564396480779,0.00025461485828877936,7.654145202427833e-5,2.613749771499922e-5,1.0205104277438267e-5,4.279359702437306e-6,1.4103614244036084e-6,-1.1187588044771434e-6,-6.5026377127970095e-6,-2.4594543811237705e-5,-9.282050918776463e-5,-0.00035069149066314237,-0.0012625745776196622,-0.003959741477159575,0.9289713971924566,-2.7618632972623108e-6,-7.343956120199667e-6,-3.331783157280925e-5,-0.0002140239601408967,-0.001129813964993572,-0.005977842022645149,-0.00951009142434849,-0.0008905993667614063,0.0016096531444445838,0.003761132678236486,0.003942304507483168,0.0022167702095746275,0.0005478245794232878,8.274886610824896e-5,1.575768674833537e-5,6.335864147435862e-6,-0.953017404792532
133.0,0.027972771682047773,0.003868345407560873,0.000922104653274905,0.00025018975363757314,7.529217986181783e-5,2.5771079961987062e-5,1.0138242491422463e-5,4.400607842805702e-6,1.8344842477102294e-6,1.3623714061549602e-7,-2.4546200502382486e-6,-1.0284844200686746e-5,-3.9313601898282674e-5,-0.00014876568650551073,-0.0005356420923215746,-0.0016799329630918013,0.9333146662870563,-4.98418044158204e-7,-2.353927655162408e-6,-1.2321262606321145e-5,-8.454313361032492e-5,-0.00045938276632314723,-0.0024899352353144988,-0.0039010382851084914,6.518753251100235e-5,0.0018408316499877193,0.0037726797726219154,0.003895582029106394,0.002186505095836259,0.0005416098948331758,8.253695223806848e-5,1.6070118742316873e-5,6.6533248612707835e-6,-0.9718716439883874
133.5,0.027632563495924106,0.0037984772391189622,0.0009052478834941668,0.00024573606216655395,7.403067389103581e-5,2.539231585411867e-5,1.0049185121932779e-5,4.47345569763569e-6,2.1397285627657014e-6,1.058089891533027e-6,5.281018409765469e-7,2.6252160652110134e-7,1.2174715895382996e-7,4.1628487490284964e-8,2.7390317709130316e-8,2.5313490679209033e-8,0.9367955141557307,1.1770834082743193e-6,1.339924879079499e-6,3.1899363280828265e-6,1.0975025976892684e-5,3.4970501465919874e-5,9.0913672641685e-5,0.00026300349174309355,0.0007661394662367253,0.002000798451576348,0.0037609050641247152,0.0038403603965782326,0.0021527638248086335,0.0005342488562592567,8.196409600378884e-5,1.6221794893464293e-5,6.856458694913236e-6,-0.9858917512922488
134.0,0.027289603772120172,0.0037281127854776525,0.0008882833391518031,0.0002412498897656213,7.274811609093876e-5,2.4982975666436544e-5,9.89912612380578e-6,4.410680405953139e-6,2.1109233323338347e-6,1.0442023525672918e-6,5.212769048074626e-7,2.591616308437576e-7,1.202140311538903e-7,4.112197312978701e-8,2.7050688757112368e-8,2.4978148167477387e-8,0.937849338681316,1.155886323587952e-6,1.3150884087543563e-6,3.129948321673625e-6,1.0766446297802593e-5,3.429687387813614e-5,8.914003491941896e-5,0.00025783024525714425,0.0007509430729730612,0.0019605597340448385,0.0036838973036705546,0.0037616765030921407,0.0021094217041107825,0.0005236685366068721,8.03581638728744e-5,1.5909308033047125e-5,6.72980234184474e-6,-0.9861859554970732
134.5,0.02694385217395794,0.003657248805296745,0.0008712122807690025,0.00023673672870566838,7.145810208291805e-5,2.457132546112977e-5,9.748242018896288e-6,4.347565364418974e-6,2.0819633504167605e-6,1.030239899814399e-6,5.144146436352699e-7,2.5578321248231023e-7,1.1867219858290769e-7,4.061236758639029e-8,2.670907870032107e-8,2.464112954768507e-8,0.9389086950941748,1.134650990665184e-6,1.2902067439613745e-6,3.069841789695071e-6,1.0557410805246981e-5,3.362161155193594e-5,8.736154081418074e-5,0.00025264103967257497,0.0007356930625402675,0.0019201551679397999,0.0036065304747520976,0.0036826281389080867,0.002065906531861181,0.0005130481053695218,7.874632867621512e-5,1.5595833576787994e-5,6.602847037043456e-6,-0.9864808050887462
135.0,0.02659531734501127,0.0035858852985762397,0.000854035338606359,0.00023219684909837844,7.01606825129143e-5,2.4157370865525077e-5,9.596538434531034e-6,4.284113386696559e-6,2.0528496721382407e-6,1.01620297290925e-6,5.075157169123205e-7,2.5238646134548454e-7,1.1712178214047994e-7,4.009968185096732e-8,2.6365509520501483e-8,2.4302459549295273e-8,0.9399731224037009,1.113378904264679e-6,1.2652826104369409e-6,3.0096223594739e-6,1.0347934270958526e-5,3.294477638791335e-5,8.557832538181202e-5,0.0002474363026662175,0.0007203906054223052,0.0018795872743036092,0.0035288078187095434,0.003603220346110825,0.00202222154940003,0.0005023881477891858,7.71286241777714e-5,1.5281388406667104e-5,6.475597704420277e-6,-0.9867762078691465
135.5,0.02624390996835023,0.0035140150623379158,0.0008367507119193178,0.00022762982326691964,6.885580110766017e-5,2.37411090659591e-5,9.444013963878336e-6,4.2203276381571845e-6,2.0235837043299597e-6,1.0020927149025874e-6,5.005804323830453e-7,2.4897170715945637e-7,1.1556284777184222e-7,3.958396538244448e-8,2.6019992208526136e-8,2.396215191089866e-8,0.9410430816005004,1.0920709436562397e-6,1.240316008181055e-6,2.949291437841794e-6,1.0138018805184754e-5,3.2266345876761435e-5,8.379037736765928e-5,0.00024221592169153727,0.0007050350713585799,0.0018388538922428004,0.0034507232130114047,0.0035234452014243135,0.00197836387553604,0.0004916883037169534,7.550503912288977e-5,1.4965965488526037e-5,6.3480592678860956e-6,-0.9870722560363954
136.0,0.025889586826105492,0.003441636655986129,0.0008193591210057008,0.00022303587630436139,6.754349725844277e-5,2.332257382639225e-5,9.290688302581764e-6,4.15621550466719e-6,1.9941698433409285e-6,9.879114118958977e-7,4.936099770616773e-7,2.4553943352261697e-7,1.1399568123968031e-7,3.906531709867454e-8,2.5672600952784596e-8,2.3620275325448535e-8,0.9421182960902096,1.070729922503233e-6,1.2153108059808476e-6,2.888857114080936e-6,9.927691137727654e-6,3.158641849669805e-5,8.199787121885133e-5,0.00023698025689744518,0.0006896276308330524,0.0017979577228742064,0.003372280979444613,0.003443308107082217,0.0019343363914604995,0.0004809491583948049,7.38756466668178e-5,1.4649592958998464e-5,6.220244388926065e-6,-0.9873689495904928
136.5,0.025532330631129332,0.0033687482787763245,0.000801859485418775,0.00021841480562694124,6.622374845595518e-5,2.2901749671676008e-5,9.136556526730428e-6,4.091774875979049e-6,1.9646082650251078e-6,9.736582725463586e-7,4.86604087167276e-7,2.420896624167115e-7,1.1242026056224914e-7,3.854370127932177e-8,2.5323322014686203e-8,2.3276807811199842e-8,0.9431991346653135,1.04935619251358e-6,1.190266476274437e-6,2.8283178055056814e-6,9.716949158339702e-6,3.0904980179406364e-5,8.020077879875449e-5,0.00023172935330255514,0.0006741681037712673,0.0017568975056766383,0.0032934785969667923,0.0033628061818932477,0.0018901380167266754,0.00047017053174828473,7.22404017909416e-5,1.4332265190757653e-5,6.092150957292661e-6,-0.9876661041351964
137.0,0.025172046304109234,0.0032953409269857264,0.0007842505446373516,0.00021376631861366895,6.48964871722766e-5,2.2478623940325215e-5,8.981614415829276e-6,4.027006807216525e-6,1.934898265966656e-6,9.593346157586736e-7,4.795632462982325e-7,2.3862241582348493e-7,1.1083660772129376e-7,3.8019159140158163e-8,2.4972171880539753e-8,2.293176997603857e-8,0.9442855051276907,1.0279501933221821e-6,1.1651841621125663e-6,2.7676754465095948e-6,9.505792867020898e-6,3.0222022483896272e-5,7.839908322538854e-5,0.00022646309836033248,0.0006586559499498581,0.0017156718000544522,0.0032143117437910098,0.0032819340236237404,0.001845767130664468,0.00045935183853541253,7.059928761328095e-5,1.4013979370140238e-5,5.9637838968967745e-6,-0.9879639040667485
137.5,0.024707975704504285,0.003214618950812118,0.0007649023547273388,0.00020859530054910666,6.338520104971537e-5,2.198093331607447e-5,8.792734600806164e-6,3.945657820229804e-6,1.8968202561995415e-6,9.407504571438556e-7,4.703619515979128e-7,2.3407173297984182e-7,1.0874425333620717e-7,3.73166830179048e-8,2.4505265876918108e-8,2.2484806910620756e-8,0.9455379244063916,1.0032227524525269e-6,1.1365969026646945e-6,2.6990758716564886e-6,9.268356959850406e-6,2.9459730736078452e-5,7.640358251927482e-5,0.00022066616399770778,0.0006417051813033413,0.001671135425567627,0.0031299169690227223,0.003195727699832974,0.0017978170847244494,0.00044754579708295285,6.879827857377666e-5,1.3660863210697549e-5,5.817904947409997e-6,-0.9882841081417579
138.0,0.02415845473367282,0.0031279231846512625,0.0007441421559930207,0.00020300317837032306,6.17267828423451e-5,2.142403618041482e-5,8.577042684139082e-6,3.851247456183606e-6,1.8521616153779167e-6,9.188186546106713e-7,4.5946384203307936e-7,2.2867011480326018e-7,1.0625242469818233e-7,3.647453763527132e-8,2.3947490086945004e-8,2.1957786329701862e-8,0.9469258749232912,9.758777253813705e-7,1.105241350171204e-6,2.624177911355416e-6,9.010075324206553e-6,2.8634322891602704e-5,7.425340348320065e-5,0.00021444432144798902,0.0006235976143545975,0.0016239177424381868,0.0030412475868294244,0.0031051599727296396,0.0017469714415397528,0.00043494432174187055,6.68687751556091e-5,1.327992273421446e-5,5.658159913140662e-6,-0.988622290850406
138.5,0.023601235219719185,0.0030404919944140847,0.0007232288939715152,0.00019737326306518832,6.005842677596112e-5,2.0864285990100612e-5,8.360429996135012e-6,3.7564962871620303e-6,1.8073594777245536e-6,8.968208189153329e-7,4.485337270474416e-7,2.2325302147815774e-7,1.0375336406603343e-7,3.5629861604238034e-8,2.3388079404683215e-8,2.1429325944481676e-8,0.9483256267997073,9.484805576109364e-7,1.073819236953678e-6,2.5490984697671456e-6,8.751069873661434e-6,2.7806278644551685e-5,7.209533493504424e-5,0.00020819663821390388,0.000605404602076712,0.0015764429129862714,0.002952036000450572,0.0030140426583880743,0.0016958560468206953,0.000422279820341358,6.492998102100234e-5,1.2897448811196128e-5,5.497974540554325e-6,-0.9889616721346299
139.0,0.023036249454648113,0.002952333843599994,0.0007021649096307438,0.00019170645500597998,5.838042547155363e-5,2.0301806546320007e-5,8.14295562372467e-6,3.6614324497987496e-6,1.7624272081404475e-6,8.747637204353183e-7,4.3757529957416914e-7,2.178220356901787e-7,1.0124792872781773e-7,3.4782959921517635e-8,2.2827230291979196e-8,2.089959748734346e-8,0.9497369956393976,9.210398659852876e-7,1.0423393557101398e-6,2.4738574183892087e-6,8.49141517029428e-6,2.697580620601458e-5,6.992986645223151e-5,0.00020192459990971037,0.0005871300610890922,0.00152871940071129,0.002862295535395873,0.0029223881819457087,0.0016444793640666858,0.0004095543187190399,6.298225069154065e-5,1.251351600372179e-5,5.337387517522289e-6,-0.9893022519944298
139.5,0.022463412443316594,0.00286344549086879,0.0006809502029707065,0.0001860028104659654,5.66928239477365e-5,1.9736630206201733e-5,7.92463996596747e-6,3.56606544020763e-6,1.7173709615142143e-6,8.526505245419157e-7,4.265902302258865e-7,2.123780367091253e-7,9.873643741883855e-8,3.393392875724475e-8,2.2265018311081585e-8,2.036867102509958e-8,0.9511600736404834,8.935587279487323e-7,1.010805399373759e-6,2.3984633740656687e-6,8.231127392669459e-6,2.6142981544902317e-5,6.775716122723779e-5,0.00019562849915639871,0.0005687748017267878,0.0014807481960227482,0.002772028352558793,0.002830199244519375,0.0015928435541711905,0.0003967684471355104,6.1025691086432004e-5,1.212815244842512e-5,5.176418187980205e-6,-0.989643846033563
140.0,0.021882704017385617,0.0027738357598687947,0.0006595872950337805,0.0001802630947615805,5.4995903570846486e-5,1.9168863888953747e-5,7.70552452439808e-6,3.470417064279768e-6,1.6722005856676404e-6,8.304862430729985e-7,4.155808490675697e-7,2.0692227749446592e-7,9.621949463708501e-8,3.3083001667460615e-8,2.1701582221756055e-8,1.9836685317515726e-8,0.9525947686048433,8.660436500978074e-7,9.792244900299343e-7,2.322932339506927e-6,7.97026773796521e-6,2.5307965040026833e-5,6.557767507352858e-5,0.00018930961898446443,0.0005503418402369288,0.001432537402271144,0.002681245976704485,0.002737487550948682,0.0015409563603357966,0.00038392441150284965,5.906061170864682e-5,1.1741425673226936e-5,5.015097853933036e-6,-0.9899863620539087
140.5,0.021294060790646833,0.0026835062712701066,0.0006380768610991741,0.0001744875667498551,5.3289782514745015e-5,1.8598545579031514e-5,7.4856346219868096e-6,3.374499280084476e-6,1.6269224113433022e-6,8.082743931077759e-7,4.045490465292938e-7,2.014556153342578e-7,9.369750704484066e-8,3.223029130860865e-8,2.1137011324841913e-8,1.930371043140426e-8,0.9540408039381136,8.384988529275641e-7,9.476011119546577e-7,2.2472745142426916e-6,7.708867859894416e-6,2.447085798326936e-5,6.339157681090594e-5,0.00018296843208935324,0.0005318329323454566,0.0013840899006477656,0.0025899536299921594,0.002644258863616206,0.0014888208438262479,0.00037102288710026584,5.7087136359373246e-5,1.1353372255751013e-5,4.853447969563958e-6,-0.9903298000554663
141.0,0.02069740353033982,0.0025924575652960923,0.0006164200266322341,0.0001686766428529676,5.1574612717253926e-5,1.8025768127326157e-5,7.265010353436643e-6,3.2783328383890883e-6,1.58154786904863e-6,7.860201623380814e-7,3.934974164569756e-7,1.9597941309669453e-7,9.117111760814846e-8,3.1376022993575705e-8,2.0571447127822962e-8,1.87698837526718e-8,0.9554986406309007,8.109293482758758e-7,9.159408045476838e-7,2.1715029114660358e-6,7.446969259991746e-6,2.363178417581806e-5,6.119919845164723e-5,0.000176605748806115,0.0005132498337783123,0.00133540983286509,0.002498158335325581,0.0025505191249789788,0.0014364421367645264,0.0003580652469954822,5.5105495759007436e-5,1.096404424876965e-5,4.69149456125912e-6,-0.9906743444344789
141.5,0.020092755285994884,0.0025006984655950725,0.0005946189075078129,0.00016283095333151227,4.9850591134808935e-5,1.7450592027600077e-5,7.043679855381254e-6,3.181929345554996e-6,1.536082058548477e-6,7.637265402812432e-7,3.824275415362593e-7,1.9049441816110804e-7,8.864064506231174e-8,3.052030388336893e-8,2.000495832365251e-8,1.8235279469707914e-8,0.956967725494477,7.83339620418734e-7,8.842490192817868e-7,2.0956293133923116e-6,7.184609922712663e-6,2.279086319836605e-5,5.900084949872285e-5,0.00017022246950702726,0.0004945950205592591,0.0012865035015290596,0.0024058694565764365,0.002456278779355421,0.001383826271644892,0.0003450529993120637,5.311593188259897e-5,1.0573488781144252e-5,4.529262248572987e-6,-0.9910196263984611
142.0,0.01948002674068209,0.0024082298725393242,0.0005726741790051187,0.00015695076829717238,4.811788658721209e-5,1.687309606242756e-5,6.821677595196894e-6,3.0853077938099284e-6,1.4905346518106692e-6,7.413986267021145e-7,3.7134170786863095e-7,1.850018395234766e-7,8.610667741901081e-8,2.966334830000265e-8,1.9437690541391566e-8,1.7700010238956024e-8,0.9584484273213274,7.557345053400518e-7,8.525305042138993e-7,2.019665502236869e-6,6.921828535928467e-6,2.194821181794308e-5,5.679677192718241e-5,0.00016381923570733776,0.00047587024841423843,0.0012373741479798745,0.0023130932963506693,0.002361543589128108,0.0013309769399936825,0.00033198726951535736,5.111863605925684e-5,1.0181750871488696e-5,4.366773189104576e-6,-0.9913657381455344
142.5,0.01885916747355389,0.002315052146277759,0.0005505866064405874,0.00015103639162559164,4.6376563788720846e-5,1.629331118210565e-5,6.59902537877466e-6,2.9884783826835924e-6,1.4449107486000595e-6,7.190387516656716e-7,3.602415640849699e-7,1.795024135722596e-7,8.3569533413549e-8,2.880525790904775e-8,1.886970560469811e-8,1.716414750108757e-8,0.9599403773189672,7.281172123746075e-7,8.207886884962504e-7,1.943618336304167e-6,6.658649015777781e-6,2.1103894748806592e-5,5.458715143880815e-5,0.00015739648633853186,0.00045707664280859726,0.0011880242932599116,0.0022198318354672898,0.0022663158952649625,0.0012778964827788201,0.00031886864284734354,4.911367018957512e-5,9.788855139357446e-6,4.204044616542014e-6,-0.9917125874775774
143.0,0.018230207737118816,0.0022211766315010737,0.00052835875587521,0.0001450886111425129,4.462690410567194e-5,1.5711344305842303e-5,6.375764707649222e-6,2.8914615112354027e-6,1.3992207243003154e-6,6.966521028637481e-7,3.4912937430501705e-7,1.739973493034352e-7,8.102980655304289e-8,2.7946227798491627e-8,1.8301139525619682e-8,1.6627814903418503e-8,0.9614436676855174,7.004934128126259e-7,7.89029990798397e-7,1.8675039941585675e-6,6.395123415032903e-6,2.0258076590263592e-5,5.2372370691818054e-5,0.0001509553468659565,0.0004382170849336238,0.0011384611403473914,0.002126099299808283,0.0021706099236479697,0.0012245930033508024,0.0003056991226363398,4.7101377540484656e-5,9.394869816087163e-6,4.0411057226427374e-6,-0.9920602665927115
143.5,0.017593042367894843,0.0021265979259756035,0.0005059899970483924,0.00013910721300952023,4.28688625194515e-5,1.512718558581574e-5,6.151894174988896e-6,2.794256124341596e-6,1.353464578911437e-6,6.742387682233242e-7,3.380054242914582e-7,1.68486657707876e-7,7.848749683749246e-8,2.708626621148867e-8,1.773199093029722e-8,1.609101244594882e-8,0.9629582984209781,6.728637661064589e-7,7.572555541710821e-7,1.7913231792159132e-6,6.131254547357199e-6,1.9410762969640807e-5,5.015245219551905e-5,0.00014449580603495825,0.00041929179988238745,0.0010886845091678584,0.0020318937085546398,0.0020744238735325746,0.0011710661415607188,0.00029247864135442545,4.508174404366859e-5,8.999797715341216e-6,3.877960727901797e-6,-0.9924086832928153
144.0,0.016830847702717852,0.0020216267634734645,0.00048102555498255703,0.00013233515296097608,4.082987383233096e-5,1.4428278639507438e-5,5.8754812926054e-6,2.671276174170553e-6,1.294663850516306e-6,6.451702404491535e-7,3.2350035216180983e-7,1.612775465804138e-7,7.514518349230278e-8,2.5944320051164122e-8,1.698025509122804e-8,1.5395499041442566e-8,0.9646972471853758,6.404308882876781e-7,7.203682076067768e-7,1.7035207035880974e-6,5.829133926201443e-6,1.8448120101250912e-5,4.765011505237879e-5,0.0001372577358048488,0.00039821525534834386,0.0010337000346976105,0.0019287020418218975,0.0019690612291641467,0.0011119152844132254,0.0002777798163206556,4.2825675600424994e-5,8.553329129278479e-6,3.6891839632995178e-6,-0.9927948090244996
144.5,0.015907095998435584,0.0019035566249282698,0.0004527883497249684,0.00012456544666491966,3.8436163790816626e-5,1.3584424417994893e-5,5.532672285493407e-6,2.515717519284015e-6,1.219374527226222e-6,6.076888152429119e-7,3.047211715048376e-7,1.5192139048616085e-7,7.079158347941305e-8,2.4445975615060535e-8,1.599772054606379e-8,1.4499322529456626e-8,0.9667231165030211,6.019101661750963e-7,6.769997633295837e-7,1.6009871175462026e-6,5.4785279061904125e-6,1.7339313048250365e-5,4.478994464316037e-5,0.00012903367914822165,0.0003744165027609765,0.000972134379101664,0.0018141793700503438,0.0018521259198376059,0.0010456567084321082,0.0002612110531222064,4.027045284063074e-5,8.041792467596667e-6,3.467931544402575e-6,-0.993228785581099
145.0,0.014969691769234003,0.0017847604261784396,0.00042441865468673476,0.00011676858289004093,3.6037839341379725e-5,1.2740437954304082e-5,5.190367627540024e-6,2.3605664938778317e-6,1.1443331580203915e-6,5.703444242353616e-7,2.8601413493514557e-7,1.42602075796625e-7,6.645554138538836e-8,2.295385750824462e-8,1.5019230641990204e-8,1.3606604020740116e-8,0.9687650282937594,5.634756564666317e-7,6.337059690586075e-7,1.4985783878162367e-6,5.12814873778838e-6,1.6230511622576555e-5,4.192767524106985e-5,0.00012079814274505546,0.0003505665865189359,0.0009103785648806938,0.0016992047113954481,0.0017347332213940576,0.0009792012210338857,0.0002446001750104737,3.7709608381428386e-5,7.529735278191883e-6,3.2468975361245276e-6,-0.9936632231283044
145.5,0.014018750262764645,0.0016652660787645783,0.00039592376288330444,0.00010894660998327134,3.363558701788191e-5,1.1896589360118272e-5,4.848684437482919e-6,2.205877436825786e-6,1.0695669123357066e-6,5.331507840354187e-7,2.673862106659171e-7,1.333230536457804e-7,6.213866187761794e-8,2.1468535882228807e-8,1.404514258236447e-8,1.2717678736905171e-8,0.9708226137651057,5.251410318077105e-7,5.905015085995467e-7,1.3963276628697477e-6,4.778111077777569e-6,1.5122063311655355e-5,3.906419315006798e-5,0.00011255362512842046,0.0003266724619980665,0.0008484492489218352,0.0015838088585891032,0.0016169132062675729,0.0009125667396268816,0.00022795179639338006,3.514387096163009e-5,7.017310202301809e-6,3.0261522800495616e-6,-0.994097752873631
146.0,0.01305429596915346,0.0015450951916213481,0.000367309436697254,0.00010110130617985913,3.1230042708244206e-5,1.1053125534397958e-5,4.507732096485501e-6,2.051704687001662e-6,9.951032233899993e-7,4.961214793615291e-7,2.488443229468455e-7,1.2408783012196376e-7,5.784255511892729e-8,1.999057401923021e-8,1.3075832804570711e-8,1.1832868160973262e-8,0.9728955963226964,4.86918865756506e-7,5.47400230451788e-7,1.294267475689421e-6,4.428519735118414e-6,1.4014295907269072e-5,3.620030307787783e-5,0.00010430227593712937,0.00030274016169262795,0.0007863610172559848,0.0014680167519433981,0.0014986918051797457,0.0008457689306887255,0.0002112697663624121,3.2573851146186587e-5,6.504652999183923e-6,2.8057634799524556e-6,-0.9945325592133214
146.5,0.0120763764280567,0.0014242651419337062,0.00033858042559234755,9.323416834871574e-5,2.882168754890246e-5,1.0210234289172914e-5,4.167596772988397e-6,1.8980890425242867e-6,9.209621385347627e-7,4.592671933417909e-7,2.3039368145150946e-7,1.1489902105283701e-7,5.3568490555093504e-8,1.8520389572404932e-8,1.2111577454281217e-8,1.0952431265378352e-8,0.9749836071740464,4.488189182078235e-7,5.044129056704099e-7,1.1924227975376423e-6,4.079458768004017e-6,1.2907455604962352e-5,3.3336615589450136e-5,9.60458283878165e-5,0.00027877445757569145,0.00072412521457384,0.0013518486498345782,0.0013800893665440494,0.0007788200392823925,0.0001945573937856899,3.000007227648421e-5,5.991871291462028e-6,2.585783716167388e-6,-0.9949673655530117
147.0,0.011085127775762737,0.001302802040497702,0.0003097432797769045,8.534698035241614e-5,2.641112085015392e-5,9.368146344839266e-6,3.828373428130258e-6,1.7450756978614993e-6,8.471660791499557e-7,4.225987409947727e-7,2.1203997945187902e-7,1.057594950561302e-7,4.931774312732994e-8,1.7058446906117323e-8,1.115267122426567e-8,1.007663457877927e-8,0.9770862775266711,4.108521360707022e-7,4.615517121421742e-7,1.090821325413185e-6,3.7310210273255034e-6,1.1801840653052144e-5,3.0473893187557463e-5,8.778638710068072e-5,0.00025478120206706115,0.0006617571472041197,0.0012353315634309706,0.0012611338019010883,0.0007117360920344234,0.00017781870782915558,2.7423156172127163e-5,5.4790990798539984e-6,2.36627401001864e-6,-0.9954021718927021
147.5,0.010080601153416937,0.0011807230844238373,0.0002808026136588474,7.744116590462422e-5,2.3998826562097785e-5,8.527045996347583e-6,3.4901471752279475e-6,1.5927045718623253e-6,7.73735004660091e-7,3.8612667355810226e-7,1.937883606762977e-7,9.667174705990739e-8,4.5091538317923595e-8,1.5605165047382546e-8,1.0199392320984957e-8,9.205721274230719e-9,0.9792033307862066,3.730280594224971e-7,4.1882693732376813e-7,9.89487415089573e-7,3.383287757612607e-6,1.0697691619756358e-5,2.7612712673190138e-5,7.952561213710876e-5,0.00023076503208396658,0.0005992678897258378,0.0011184848507365432,0.0011418447393665141,0.0006445290188774962,0.00016105675850389947,2.484358396955127e-5,4.966439414780666e-6,2.1472839523230613e-6,-0.9958367016380287
148.0,0.009062861387823284,0.0010580421394451867,0.00025176187116213796,6.951772104217206e-5,2.1585126849189624e-5,7.68705704488603e-6,3.1529686602220793e-6,1.4410008116431107e-6,7.006815325868319e-7,3.4985688213945514e-7,1.7564189157820113e-7,8.763739821786664e-8,4.0890590533588836e-8,1.4160788543114376e-8,9.251902859808885e-9,8.339841102370908e-9,0.9813345825564105,3.353525354073937e-7,3.7624526366568946e-7,8.884361900074064e-7,3.0363089013901002e-6,9.595168883886943e-6,2.475349609585327e-5,7.126464584442784e-5,0.0002067292339852209,0.0005366653203964233,0.0010013232778566482,0.0010222365848967677,0.0005772072833110199,0.0001442736391754669,2.2261693308360628e-5,4.453960879286611e-6,1.92884642777126e-6,-0.9962711391852341
148.5,0.008032074867778674,0.0009347832455015615,0.0002226269047065804,6.157827768981277e-5,1.9170536611825678e-5,6.848364488821015e-6,2.8169170173948625e-6,1.2899997638499089e-6,6.280228086913235e-7,3.1379826934557985e-7,1.5760500147921846e-7,7.865860823645985e-8,3.671593841177966e-8,1.2725677344388134e-8,8.310435022919627e-9,7.479204263636953e-9,0.9834795718466768,2.9783442266865036e-7,3.3381634115401846e-7,7.876904232545651e-7,2.6901637687941514e-6,8.494517937572702e-6,2.1896868088814426e-5,6.300527771253961e-5,0.00018267886111023203,0.00047396267468835653,0.0008838707046566413,0.0009023339186550267,0.0005097848411052968,0.00012747291756900776,1.967802581875346e-5,3.941775668198608e-6,1.7110104996182048e-6,-0.9967052079399547
149.0,0.006988275447280746,0.0008109560365763315,0.00019340030286247277,5.3623623673289206e-5,1.6755323148025846e-5,6.011071026865449e-6,2.482036386090373e-6,1.1397230585198568e-6,5.55769472138174e-7,2.779561547587803e-7,1.3968038314311932e-7,6.973672899300812e-8,3.2568213927666476e-8,1.1300047834006734e-8,7.375131004730526e-9,6.623939213851535e-9,0.9856382986570053,2.604786890806501e-7,2.915459290059604e-7,6.872638314399655e-7,2.3448949164831925e-6,7.395874540071113e-6,1.9043153630192546e-5,5.474842499570184e-5,0.000158616479519991,0.00041116612015173874,0.0007661379356038535,0.0007821478152203056,0.0004422683099965675,0.00011065630439184943,1.7092851612413037e-5,3.42994075819985e-6,1.4938039527896487e-6,-0.9971389079021903
149.5,0.0058989827366393854,0.0006826397065309599,0.00016306709847061296,4.533993986257974e-5,1.4226554451212062e-5,5.128541947243978e-6,2.1268013622780582e-6,9.79557381577092e-7,4.78533709286698e-7,2.395756322161781e-7,1.2046613978795999e-7,6.016652016081703e-8,2.811446508429269e-8,9.765892387485608e-9,6.369857031233352e-9,5.708469942464807e-9,0.9878833229087991,2.2139349773672502e-7,2.474114648769877e-7,5.825594601466171e-7,1.9854117885479575e-6,6.253798027998371e-6,1.608110891143001e-5,4.618702979696481e-5,0.00013368880640704105,0.0003461753583746734,0.0006444008959023975,0.0006578736164778741,0.0003723891345035634,9.323820876931136e-5,1.4412954021976793e-5,2.8981383344062867e-6,1.2670848497507525e-6,-0.9975880971487915
150.0,0.004620392156871784,0.0005327731010776992,0.00012722961447030035,3.5373896382906644e-5,1.1099691663128732e-5,4.001568125003775e-6,1.659545607110795e-6,7.643877511725865e-7,3.734331390204251e-7,1.8696309478103754e-7,9.40131649038729e-8,4.6955568317093204e-8,2.1942401855879427e-8,7.622846037506765e-9,4.971711571469729e-9,4.45445088535657e-9,0.9905326359221582,1.7248932465635174e-7,1.927533721919889e-7,4.5387441182672257e-7,1.5469308410774005e-6,4.872920278606098e-6,1.2531437632540562e-5,3.599594670750223e-5,0.00010420662263729061,0.0002698888411334634,0.0005024849378090251,0.000512987870464152,0.0002903190534280506,7.268509003150859e-5,1.123549312555718e-5,2.258865576338732e-6,9.873916755157476e-7,-0.9981208178932213
150.5,0.0032986946336452335,0.00037948008390351724,9.064623393861189e-5,2.5219903003953374e-5,7.922069684481333e-6,2.859567230134032e-6,1.1872544496396156e-6,5.472767370080525e-7,2.674914152977645e-7,1.3395842499580808e-7,6.737087773591044e-8,3.365221071258199e-8,1.5728288923029358e-8,5.465870473921275e-9,3.5642726420533203e-9,3.191333790047705e-9,0.9932497145546167,1.2303323392106327e-7,1.3743055153643753e-7,3.2352152058230067e-7,1.1023842508755511e-6,3.471554839403968e-6,8.92514137838182e-6,2.5632422631240684e-5,7.419447411763343e-5,0.0001921321510188169,0.0003576698485097856,0.000365145842114244,0.00020667735003272573,5.1751006901084115e-5,8.000869844165094e-6,1.6092360751236313e-6,7.040239448498743e-7,-0.9986622052610461
151.0,0.0019028802652733565,0.0002184282211738771,5.217538611946509e-5,1.4519985776473389e-5,4.562925972224542e-6,1.6478657387647203e-6,6.844797555013951e-7,3.156184677451039e-7,1.5429474850919582e-7,7.727935265192588e-8,3.8868616200741546e-8,1.9416185525429555e-8,9.075507598873186e-9,3.154538066144519e-9,2.056820207270878e-9,1.8409136182554186e-9,0.9961113598411537,7.081015255855076e-8,7.908338897339606e-8,1.8615056155671527e-7,6.342493577964401e-7,1.9971482818693015e-6,5.1341643500679206e-6,1.4744597709431028e-5,4.26793510370024e-5,0.00011052433232526404,0.00020575494114365823,0.00021005520917857882,0.00011889073783897561,2.9770345103524602e-5,4.602831808056716e-6,9.258764653868996e-7,4.051614139831183e-7,-0.9992306988765106
151.5,0.00045456293846545264,5.208753792180756e-5,1.2439623576366649e-5,3.461511468013968e-6,1.0876776720889565e-6,3.927690733162253e-7,1.6313284982679541e-7,7.521793757300835e-8,3.67705135893223e-8,1.8416565668919007e-8,9.262853890424946e-9,4.627133979095608e-9,2.1628486393607788e-9,7.5181543702882e-10,4.901824820501347e-10,4.3869097411450177e-10,0.9990723025042485,1.6867023000857312e-8,1.8838209885607258e-8,4.434417272454375e-8,1.5109676730205668e-7,4.7580810478998187e-7,1.223278485148515e-6,3.513369745830935e-6,1.0170739599900303e-5,2.634202290517686e-5,4.904465102717236e-5,5.006956730004164e-5,2.8335672220794815e-5,7.094928623371254e-6,1.0969203803969654e-6,2.2062070750746752e-7,9.652379892479483e-8,-0.9998167101350075
152.0,0.0,0.0,0.0,0.0,0.0,0.0,0.0,0.0,0.0,0.0,0.0,0.0,0.0,0.0,0.0,0.0,1.0000000921981211,0.0,0.0,0.0,0.0,0.0,0.0,0.0,0.0,0.0,0.0,0.0,0.0,0.0,0.0,0.0,0.0,-1.0000000921981211
